ISO-10303-21;
HEADER;
FILE_DESCRIPTION (( 'STEP AP203' ),
    '1' );
FILE_NAME ('16MA 25 Body_Default_sldprt.STEP',
    '2026-08-05T08:05:32',
    ( '' ),
    ( '' ),
    'SwSTEP 2.0',
    'SolidWorks 2026',
    '' );
FILE_SCHEMA (( 'CONFIG_CONTROL_DESIGN' ));
ENDSEC;

DATA;
#1 = AXIS2_PLACEMENT_3D ( 'NONE', #1082, #263, #1563 ) ;
#2 = CARTESIAN_POINT ( 'NONE',  ( -2.000000000000000000, 21.00000000000000000, -9.500000000000000000 ) ) ;
#3 = ORIENTED_EDGE ( 'NONE', *, *, #700, .T. ) ;
#4 = CYLINDRICAL_SURFACE ( 'NONE', #1824, 8.699999999999999289 ) ;
#5 = AXIS2_PLACEMENT_3D ( 'NONE', #346, #999, #1251 ) ;
#6 = CIRCLE ( 'NONE', #40, 4.250000000000000000 ) ;
#7 = CIRCLE ( 'NONE', #1410, 0.3999999999987000066 ) ;
#8 = DIRECTION ( 'NONE',  ( 0.000000000000000000, -1.000000000000000000, 0.000000000000000000 ) ) ;
#9 = EDGE_CURVE ( 'NONE', #952, #408, #1786, .T. ) ;
#10 = VECTOR ( 'NONE', #111, 1000.000000000000000 ) ;
#11 = CIRCLE ( 'NONE', #392, 10.09999996277821133 ) ;
#12 = CARTESIAN_POINT ( 'NONE',  ( 101.0000000000000000, 0.000000000000000000, -10.10000019414293959 ) ) ;
#13 = CARTESIAN_POINT ( 'NONE',  ( 89.25006859263464776, 10.49972215432492817, -0.5624279954393801573 ) ) ;
#14 = APPROVAL_DATE_TIME ( #1628, #1804 ) ;
#15 = CARTESIAN_POINT ( 'NONE',  ( 103.0000000000000142, 5.291502622129179656, -6.000000000000000000 ) ) ;
#16 = ORIENTED_EDGE ( 'NONE', *, *, #37, .T. ) ;
#17 = CARTESIAN_POINT ( 'NONE',  ( 22.87125517689705845, -3.584024279262864265, -9.871255176897056671 ) ) ;
#18 = ORIENTED_EDGE ( 'NONE', *, *, #93, .T. ) ;
#19 = DIRECTION ( 'NONE',  ( 0.000000000000000000, 0.000000000000000000, 1.000000000000000000 ) ) ;
#20 = DIRECTION ( 'NONE',  ( 0.000000000000000000, -1.000000000000000000, 0.000000000000000000 ) ) ;
#21 = FACE_OUTER_BOUND ( 'NONE', #1165, .T. ) ;
#22 = CARTESIAN_POINT ( 'NONE',  ( 22.50000000000000000, 4.472135954999590268, 9.500000000000000000 ) ) ;
#23 = EDGE_CURVE ( 'NONE', #801, #1243, #1388, .T. ) ;
#24 = VERTEX_POINT ( 'NONE', #2046 ) ;
#25 = CARTESIAN_POINT ( 'NONE',  ( 0.9200000000000018163, 0.000000000000000000, 0.000000000000000000 ) ) ;
#26 = EDGE_CURVE ( 'NONE', #2101, #121, #1339, .T. ) ;
#27 = ORIENTED_EDGE ( 'NONE', *, *, #438, .F. ) ;
#28 = DIRECTION ( 'NONE',  ( 1.000000000000000000, 0.000000000000000000, 0.000000000000000000 ) ) ;
#29 = CARTESIAN_POINT ( 'NONE',  ( 101.0000000000000000, 0.000000000000000000, 0.000000000000000000 ) ) ;
#30 = FACE_OUTER_BOUND ( 'NONE', #1697, .T. ) ;
#31 = DIRECTION ( 'NONE',  ( 0.000000000000000000, -1.000000000000000000, 0.000000000000000000 ) ) ;
#32 = LINE ( 'NONE', #694, #1993 ) ;
#33 = AXIS2_PLACEMENT_3D ( 'NONE', #843, #991, #1152 ) ;
#34 = ORIENTED_EDGE ( 'NONE', *, *, #676, .T. ) ;
#35 = AXIS2_PLACEMENT_3D ( 'NONE', #505, #173, #187 ) ;
#36 = CYLINDRICAL_SURFACE ( 'NONE', #2067, 8.000000000000000000 ) ;
#37 = EDGE_CURVE ( 'NONE', #574, #1916, #1972, .T. ) ;
#38 = CONICAL_SURFACE ( 'NONE', #1676, 8.000000000000000000, 0.7853981633974476129 ) ;
#39 = AXIS2_PLACEMENT_3D ( 'NONE', #1798, #1560, #599 ) ;
#40 = AXIS2_PLACEMENT_3D ( 'NONE', #646, #1794, #168 ) ;
#41 = VECTOR ( 'NONE', #2039, 1000.000000000000000 ) ;
#42 = AXIS2_PLACEMENT_3D ( 'NONE', #205, #1659, #686 ) ;
#43 = CARTESIAN_POINT ( 'NONE',  ( 117.0000000000000000, -3.605551275463990013, 6.000000000000000000 ) ) ;
#44 = CARTESIAN_POINT ( 'NONE',  ( 29.50000000000000355, 0.000000000000000000, -8.200000000000001066 ) ) ;
#45 = APPROVAL_PERSON_ORGANIZATION ( #1803, #288, #1964 ) ;
#46 = EDGE_CURVE ( 'NONE', #1914, #2065, #79, .T. ) ;
#47 = DIRECTION ( 'NONE',  ( 0.000000000000000000, 0.000000000000000000, -1.000000000000000000 ) ) ;
#48 = FACE_OUTER_BOUND ( 'NONE', #1084, .T. ) ;
#49 = CARTESIAN_POINT ( 'NONE',  ( 23.50000000000001066, -6.715530353261954396E-13, -10.50000000000000000 ) ) ;
#50 = ORIENTED_EDGE ( 'NONE', *, *, #1997, .F. ) ;
#51 = EDGE_LOOP ( 'NONE', ( #1730, #656, #1695, #1535 ) ) ;
#52 = VERTEX_POINT ( 'NONE', #1941 ) ;
#53 = FACE_OUTER_BOUND ( 'NONE', #2055, .T. ) ;
#54 = CARTESIAN_POINT ( 'NONE',  ( 101.0000000000000000, 0.000000000000000000, 0.000000000000000000 ) ) ;
#55 = EDGE_CURVE ( 'NONE', #1093, #1290, #1107, .T. ) ;
#56 = CARTESIAN_POINT ( 'NONE',  ( 117.0000000000000000, 0.000000000000000000, 0.000000000000000000 ) ) ;
#57 = CARTESIAN_POINT ( 'NONE',  ( 27.74947249372282698, 10.49978051984454375, -0.5670052810035481894 ) ) ;
#58 = EDGE_CURVE ( 'NONE', #1086, #1317, #180, .T. ) ;
#59 = DIRECTION ( 'NONE',  ( 1.000000000000000000, -0.000000000000000000, -0.000000000000000000 ) ) ;
#60 = ORIENTED_EDGE ( 'NONE', *, *, #1869, .F. ) ;
#61 = EDGE_LOOP ( 'NONE', ( #639, #1691 ) ) ;
#62 = ORIENTED_EDGE ( 'NONE', *, *, #65, .T. ) ;
#63 = DIRECTION ( 'NONE',  ( 1.000000000000000000, 0.000000000000000000, 0.000000000000000000 ) ) ;
#64 = CC_DESIGN_DATE_AND_TIME_ASSIGNMENT ( #1447, #274, ( #1513 ) ) ;
#65 = EDGE_CURVE ( 'NONE', #1053, #1708, #486, .T. ) ;
#66 = ADVANCED_FACE ( 'NONE', ( #1131 ), #976, .F. ) ;
#67 = CARTESIAN_POINT ( 'NONE',  ( 116.0000000000000000, 5.291502622129179656, 6.000000000000000000 ) ) ;
#68 = EDGE_LOOP ( 'NONE', ( #1620, #1015, #1765, #1544 ) ) ;
#69 = DIRECTION ( 'NONE',  ( -1.000000000000000000, 0.000000000000000000, 0.000000000000000000 ) ) ;
#70 = CARTESIAN_POINT ( 'NONE',  ( 81.00000000000000000, 0.000000000000000000, 0.000000000000000000 ) ) ;
#71 = LINE ( 'NONE', #887, #1112 ) ;
#72 = VERTEX_POINT ( 'NONE', #2100 ) ;
#73 = APPLICATION_CONTEXT ( 'configuration controlled 3d designs of mechanical parts and assemblies' ) ;
#74 = DIRECTION ( 'NONE',  ( 0.000000000000000000, 0.000000000000000000, -1.000000000000000000 ) ) ;
#75 = EDGE_LOOP ( 'NONE', ( #531, #509, #157, #435 ) ) ;
#76 = DIRECTION ( 'NONE',  ( 0.000000000000000000, 0.000000000000000000, -1.000000000000000000 ) ) ;
#77 = AXIS2_PLACEMENT_3D ( 'NONE', #1022, #406, #2016 ) ;
#78 = VECTOR ( 'NONE', #959, 1000.000000000000114 ) ;
#79 = CIRCLE ( 'NONE', #424, 2.066999999999999726 ) ;
#80 = AXIS2_PLACEMENT_3D ( 'NONE', #376, #1026, #1471 ) ;
#81 = CARTESIAN_POINT ( 'NONE',  ( 117.0000000000000000, 3.605551275463990013, -6.000000000000000000 ) ) ;
#82 = AXIS2_PLACEMENT_3D ( 'NONE', #1698, #2076, #402 ) ;
#83 = B_SPLINE_CURVE_WITH_KNOTS ( 'NONE', 3,
 ( #2052, #1066, #405, #84, #1046, #1692, #569, #884, #1218, #589 ),
 .UNSPECIFIED., .F., .F.,
 ( 4, 2, 2, 2, 4 ),
 ( 5.843209348952751903, 5.898206343731113854, 5.953203338509475806, 6.063197328066200598, 6.283185307179649293 ),
 .UNSPECIFIED. ) ;
#84 = CARTESIAN_POINT ( 'NONE',  ( 22.80380146554404419, 3.764648426444942242, -9.803801465544045968 ) ) ;
#85 = CARTESIAN_POINT ( 'NONE',  ( 24.06208797204818595, 9.601848752828530564, 4.250000019800467044 ) ) ;
#86 = CARTESIAN_POINT ( 'NONE',  ( 93.50000000000000000, 4.000000000000000000, 0.000000000000000000 ) ) ;
#87 = ORIENTED_EDGE ( 'NONE', *, *, #1236, .F. ) ;
#88 = ORIENTED_EDGE ( 'NONE', *, *, #539, .T. ) ;
#89 = ORIENTED_EDGE ( 'NONE', *, *, #1615, .F. ) ;
#90 = DIRECTION ( 'NONE',  ( 0.000000000000000000, -1.000000000000000000, 0.000000000000000000 ) ) ;
#91 = DIRECTION ( 'NONE',  ( 0.000000000000000000, 0.000000000000000000, -1.000000000000000000 ) ) ;
#92 = VERTEX_POINT ( 'NONE', #1430 ) ;
#93 = EDGE_CURVE ( 'NONE', #911, #154, #6, .T. ) ;
#94 = FACE_OUTER_BOUND ( 'NONE', #553, .T. ) ;
#95 = PLANE ( 'NONE',  #1135 ) ;
#96 = CARTESIAN_POINT ( 'NONE',  ( 116.0000000000000000, 5.291502622129179656, 6.000000000000000000 ) ) ;
#97 = ORIENTED_EDGE ( 'NONE', *, *, #1809, .T. ) ;
#98 = EDGE_CURVE ( 'NONE', #791, #2101, #1950, .T. ) ;
#99 = ORIENTED_EDGE ( 'NONE', *, *, #1231, .F. ) ;
#100 = VERTEX_POINT ( 'NONE', #781 ) ;
#101 = CARTESIAN_POINT ( 'NONE',  ( 23.50000000000000000, 4.000000000000000000, -2.066999999999999726 ) ) ;
#102 = CARTESIAN_POINT ( 'NONE',  ( 28.50000000000000000, 1.065442715258197248E-15, 8.699999999999999289 ) ) ;
#103 = VERTEX_POINT ( 'NONE', #1420 ) ;
#104 = ADVANCED_FACE ( 'NONE', ( #2089 ), #1955, .T. ) ;
#105 = CARTESIAN_POINT ( 'NONE',  ( 22.38855173431671730, 9.661908531019003377, 4.111630284507570288 ) ) ;
#106 = DIRECTION ( 'NONE',  ( 1.000000000000000000, 0.000000000000000000, 0.000000000000000000 ) ) ;
#107 = LINE ( 'NONE', #1208, #469 ) ;
#108 = ORIENTED_EDGE ( 'NONE', *, *, #1236, .T. ) ;
#109 = DIRECTION ( 'NONE',  ( 0.000000000000000000, 1.000000000000000000, -1.224646799147353207E-16 ) ) ;
#110 = EDGE_LOOP ( 'NONE', ( #1221, #233, #420, #1734 ) ) ;
#111 = DIRECTION ( 'NONE',  ( 0.000000000000000000, -1.000000000000000000, 0.000000000000000000 ) ) ;
#112 = AXIS2_PLACEMENT_3D ( 'NONE', #1657, #854, #538 ) ;
#113 = DIRECTION ( 'NONE',  ( 0.000000000000000000, 0.000000000000000000, 1.000000000000000000 ) ) ;
#114 = ORIENTED_EDGE ( 'NONE', *, *, #511, .T. ) ;
#115 = AXIS2_PLACEMENT_3D ( 'NONE', #1392, #1521, #1360 ) ;
#116 = AXIS2_PLACEMENT_3D ( 'NONE', #419, #1094, #606 ) ;
#117 = VECTOR ( 'NONE', #861, 1000.000000000000000 ) ;
#118 = DIRECTION ( 'NONE',  ( 0.000000000000000000, 0.000000000000000000, 1.000000000000000000 ) ) ;
#119 = CARTESIAN_POINT ( 'NONE',  ( 16.40000000000000213, 4.472135954999729712, -9.500000000000000000 ) ) ;
#120 = DIRECTION ( 'NONE',  ( 1.000000000000000000, 0.000000000000000000, 0.000000000000000000 ) ) ;
#121 = VERTEX_POINT ( 'NONE', #954 ) ;
#122 = AXIS2_PLACEMENT_3D ( 'NONE', #1180, #1832, #1017 ) ;
#123 = CARTESIAN_POINT ( 'NONE',  ( 94.62225004120875838, 9.653656543632656906, -4.136524236569062651 ) ) ;
#124 = ORIENTED_EDGE ( 'NONE', *, *, #1585, .F. ) ;
#125 = CARTESIAN_POINT ( 'NONE',  ( 116.0000000000000000, -5.291502622129179656, -6.000000000000000000 ) ) ;
#126 = CARTESIAN_POINT ( 'NONE',  ( 101.0000000000000000, 0.000000000000000000, 0.000000000000000000 ) ) ;
#127 = DIRECTION ( 'NONE',  ( 0.000000000000000000, 0.000000000000000000, -1.000000000000000000 ) ) ;
#128 = DIRECTION ( 'NONE',  ( 1.000000000000000000, 0.000000000000000000, 0.000000000000000000 ) ) ;
#129 = EDGE_LOOP ( 'NONE', ( #723, #320, #114, #997 ) ) ;
#130 = EDGE_CURVE ( 'NONE', #1069, #1810, #763, .T. ) ;
#131 = CARTESIAN_POINT ( 'NONE',  ( 23.16265404473758949, -2.668274242301281518, 10.16265404473759126 ) ) ;
#132 = ORIENTED_EDGE ( 'NONE', *, *, #1834, .F. ) ;
#133 = CARTESIAN_POINT ( 'NONE',  ( 28.50000000000000000, 10.09999999999999964, 0.000000000000000000 ) ) ;
#134 = EDGE_CURVE ( 'NONE', #1810, #1197, #804, .T. ) ;
#135 = DIRECTION ( 'NONE',  ( 0.000000000000000000, 0.000000000000000000, -1.000000000000000000 ) ) ;
#136 = CARTESIAN_POINT ( 'NONE',  ( 28.10000000000000497, 0.000000000000000000, -10.50000000000000000 ) ) ;
#137 = ORIENTED_EDGE ( 'NONE', *, *, #2003, .F. ) ;
#138 = DIRECTION ( 'NONE',  ( 1.000000000000000000, 0.000000000000000000, 0.000000000000000000 ) ) ;
#139 = ORIENTED_EDGE ( 'NONE', *, *, #1150, .T. ) ;
#140 = CARTESIAN_POINT ( 'NONE',  ( 103.0000000000000142, -5.061867244406950128, 6.000000000000000000 ) ) ;
#141 = AXIS2_PLACEMENT_3D ( 'NONE', #1489, #1496, #506 ) ;
#142 = VECTOR ( 'NONE', #706, 1000.000000000000000 ) ;
#143 = DIRECTION ( 'NONE',  ( 1.000000000000000000, 0.000000000000000000, 0.000000000000000000 ) ) ;
#144 = CARTESIAN_POINT ( 'NONE',  ( 110.0000000000000000, 0.000000000000000000, 6.000000000000000000 ) ) ;
#145 = ORIENTED_EDGE ( 'NONE', *, *, #1111, .F. ) ;
#146 = CIRCLE ( 'NONE', #423, 7.849999999999999645 ) ;
#147 = CARTESIAN_POINT ( 'NONE',  ( 23.49999999999953104, -0.7823937498725556106, 10.49999999999953637 ) ) ;
#148 = ORIENTED_EDGE ( 'NONE', *, *, #65, .F. ) ;
#149 = CARTESIAN_POINT ( 'NONE',  ( 16.34917823263889503, -4.472135954232898669, -9.500000000000001776 ) ) ;
#150 = VECTOR ( 'NONE', #1957, 1000.000000000000000 ) ;
#151 = CARTESIAN_POINT ( 'NONE',  ( 87.20000000000000284, 0.000000000000000000, 0.000000000000000000 ) ) ;
#152 = CC_DESIGN_APPROVAL ( #288, ( #1178 ) ) ;
#153 = EDGE_CURVE ( 'NONE', #1987, #1045, #520, .T. ) ;
#154 = VERTEX_POINT ( 'NONE', #984 ) ;
#155 = FACE_OUTER_BOUND ( 'NONE', #325, .T. ) ;
#156 = CARTESIAN_POINT ( 'NONE',  ( 16.08940251440997571, 4.116319378693596320, 9.499957417411744487 ) ) ;
#157 = ORIENTED_EDGE ( 'NONE', *, *, #438, .T. ) ;
#158 = EDGE_CURVE ( 'NONE', #1008, #527, #1545, .T. ) ;
#159 = ADVANCED_FACE ( 'NONE', ( #1764 ), #477, .T. ) ;
#160 = DIRECTION ( 'NONE',  ( 1.000000000000000000, 0.000000000000000000, 0.000000000000000000 ) ) ;
#161 = ORIENTED_EDGE ( 'NONE', *, *, #1209, .T. ) ;
#162 = DIRECTION ( 'NONE',  ( 0.000000000000000000, -0.5150787536377128273, 0.8571428571428570953 ) ) ;
#163 = ADVANCED_FACE ( 'NONE', ( #2118 ), #1168, .T. ) ;
#164 = LINE ( 'NONE', #1744, #1614 ) ;
#165 = DIRECTION ( 'NONE',  ( 0.000000000000000000, 0.000000000000000000, -1.000000000000000000 ) ) ;
#166 = DIRECTION ( 'NONE',  ( 0.000000000000000000, 0.000000000000000000, -1.000000000000000000 ) ) ;
#167 = PERSON_AND_ORGANIZATION ( #819, #905 ) ;
#168 = DIRECTION ( 'NONE',  ( 0.000000000000000000, 0.000000000000000000, -1.000000000000000000 ) ) ;
#169 = EDGE_LOOP ( 'NONE', ( #1651, #1679, #132, #620 ) ) ;
#170 = CARTESIAN_POINT ( 'NONE',  ( 22.58129780121451446, -4.299437917099396600, -9.581297801214514465 ) ) ;
#171 = CARTESIAN_POINT ( 'NONE',  ( 29.79999999999999716, 0.000000000000000000, 0.000000000000000000 ) ) ;
#172 = CARTESIAN_POINT ( 'NONE',  ( 93.50000000000000000, 4.000000000000000000, 0.000000000000000000 ) ) ;
#173 = DIRECTION ( 'NONE',  ( 1.000000000000000000, 0.000000000000000000, 0.000000000000000000 ) ) ;
#174 = SHAPE_DEFINITION_REPRESENTATION ( #1449, #258 ) ;
#175 = AXIS2_PLACEMENT_3D ( 'NONE', #284, #1588, #127 ) ;
#176 = CARTESIAN_POINT ( 'NONE',  ( 103.0000000000000142, 7.849999999999999645, 0.000000000000000000 ) ) ;
#177 = ORIENTED_EDGE ( 'NONE', *, *, #1351, .T. ) ;
#178 = CARTESIAN_POINT ( 'NONE',  ( 23.05800751469673315, -3.038769494607105326, -10.05800751469673315 ) ) ;
#179 = CIRCLE ( 'NONE', #1371, 10.09999996277821133 ) ;
#180 = CIRCLE ( 'NONE', #1376, 8.000000000000000000 ) ;
#181 = VECTOR ( 'NONE', #2049, 1000.000000000000000 ) ;
#182 = ORIENTED_EDGE ( 'NONE', *, *, #692, .T. ) ;
#183 = FACE_OUTER_BOUND ( 'NONE', #1324, .T. ) ;
#184 = AXIS2_PLACEMENT_3D ( 'NONE', #1654, #849, #1334 ) ;
#185 = ADVANCED_FACE ( 'NONE', ( #1915 ), #655, .T. ) ;
#186 = DIRECTION ( 'NONE',  ( 0.000000000000000000, 0.000000000000000000, -1.000000000000000000 ) ) ;
#187 = DIRECTION ( 'NONE',  ( 0.000000000000000000, 0.000000000000000000, -1.000000000000000000 ) ) ;
#188 = PERSON_AND_ORGANIZATION_ROLE ( 'creator' ) ;
#189 = DIRECTION ( 'NONE',  ( -1.000000000000000000, 0.000000000000000000, 0.000000000000000000 ) ) ;
#190 = VERTEX_POINT ( 'NONE', #1639 ) ;
#191 = LINE ( 'NONE', #1164, #1007 ) ;
#192 = EDGE_LOOP ( 'NONE', ( #1599, #2045, #1630, #1745 ) ) ;
#193 = CYLINDRICAL_SURFACE ( 'NONE', #1173, 4.250000000000000000 ) ;
#194 = CARTESIAN_POINT ( 'NONE',  ( 103.0000000000000142, 5.291502622129179656, -6.000000000000000000 ) ) ;
#195 = DIRECTION ( 'NONE',  ( 1.000000000000000000, 0.000000000000000000, 0.000000000000000000 ) ) ;
#196 = CYLINDRICAL_SURFACE ( 'NONE', #2024, 4.250000000000000000 ) ;
#197 = ORIENTED_EDGE ( 'NONE', *, *, #2063, .T. ) ;
#198 = CARTESIAN_POINT ( 'NONE',  ( 23.41554419659149389, -1.537315110655019135, -10.41554419659149211 ) ) ;
#199 = EDGE_LOOP ( 'NONE', ( #498, #1492, #1552, #636 ) ) ;
#200 = DIRECTION ( 'NONE',  ( 0.000000000000000000, 0.000000000000000000, 1.000000000000000000 ) ) ;
#201 = CARTESIAN_POINT ( 'NONE',  ( 16.00000000000000000, 3.429285639896449744, -9.500000000000000000 ) ) ;
#202 = CARTESIAN_POINT ( 'NONE',  ( 91.34889710683428632, 9.826420140297067007, -3.707439957227090410 ) ) ;
#203 = CARTESIAN_POINT ( 'NONE',  ( 87.50000000000001421, 0.000000000000000000, 0.000000000000000000 ) ) ;
#204 = PLANE ( 'NONE',  #1239 ) ;
#205 = CARTESIAN_POINT ( 'NONE',  ( 28.10000000000000497, 0.000000000000000000, 0.000000000000000000 ) ) ;
#206 = EDGE_LOOP ( 'NONE', ( #1461, #985, #900, #604 ) ) ;
#207 = VERTEX_POINT ( 'NONE', #339 ) ;
#208 = EDGE_LOOP ( 'NONE', ( #1029, #353 ) ) ;
#209 = VECTOR ( 'NONE', #1137, 1000.000000000000000 ) ;
#210 = PLANE ( 'NONE',  #598 ) ;
#211 = AXIS2_PLACEMENT_3D ( 'NONE', #521, #1011, #1382 ) ;
#212 = CONICAL_SURFACE ( 'NONE', #429, 7.080000000000000071, 0.7853981633974461696 ) ;
#213 = ADVANCED_FACE ( 'NONE', ( #1467 ), #684, .T. ) ;
#214 = AXIS2_PLACEMENT_3D ( 'NONE', #298, #1913, #1100 ) ;
#215 = DIRECTION ( 'NONE',  ( 1.000000000000000000, 0.000000000000000000, 0.000000000000000000 ) ) ;
#216 = CARTESIAN_POINT ( 'NONE',  ( 117.0000000000000000, -3.605551275463989569, 6.000000000000000000 ) ) ;
#217 = DIRECTION ( 'NONE',  ( 0.000000000000000000, -1.000000000000000000, 0.000000000000000000 ) ) ;
#218 = DIRECTION ( 'NONE',  ( -1.000000000000000000, 0.000000000000000000, 0.000000000000000000 ) ) ;
#219 = EDGE_CURVE ( 'NONE', #1673, #190, #793, .T. ) ;
#220 = ORIENTED_EDGE ( 'NONE', *, *, #259, .T. ) ;
#221 = ADVANCED_FACE ( 'NONE', ( #1846 ), #1966, .T. ) ;
#222 = ORIENTED_EDGE ( 'NONE', *, *, #1997, .T. ) ;
#223 = EDGE_LOOP ( 'NONE', ( #1024, #467 ) ) ;
#224 = CARTESIAN_POINT ( 'NONE',  ( 22.50000000000000000, -4.472135954999584939, -9.500000000000000000 ) ) ;
#225 = ADVANCED_FACE ( 'NONE', ( #1806 ), #196, .F. ) ;
#226 = CARTESIAN_POINT ( 'NONE',  ( 101.0000000000000000, -5.061867244406950128, 6.000000000000000000 ) ) ;
#227 = DIRECTION ( 'NONE',  ( 1.000000000000000000, 0.000000000000000000, 0.000000000000000000 ) ) ;
#228 = CARTESIAN_POINT ( 'NONE',  ( 27.61192198607021098, 10.44460387427569437, 1.110345396791631689 ) ) ;
#229 = DIRECTION ( 'NONE',  ( 0.000000000000000000, 0.000000000000000000, -1.000000000000000000 ) ) ;
#230 = ORIENTED_EDGE ( 'NONE', *, *, #827, .T. ) ;
#231 = ADVANCED_FACE ( 'NONE', ( #549 ), #204, .F. ) ;
#232 = CARTESIAN_POINT ( 'NONE',  ( 97.61192198607018611, 10.44460387427569081, 1.110345396791650563 ) ) ;
#233 = ORIENTED_EDGE ( 'NONE', *, *, #480, .T. ) ;
#234 = CARTESIAN_POINT ( 'NONE',  ( 23.50000000000047251, 0.7823937498596769125, 10.50000000000046718 ) ) ;
#235 = CARTESIAN_POINT ( 'NONE',  ( 88.50000000000000000, 0.000000000000000000, 0.000000000000000000 ) ) ;
#236 = EDGE_LOOP ( 'NONE', ( #1891, #507 ) ) ;
#237 = DIRECTION ( 'NONE',  ( 1.000000000000000000, 0.000000000000000000, 0.000000000000000000 ) ) ;
#238 = CARTESIAN_POINT ( 'NONE',  ( 27.63541666032511657, 10.45231942312836004, -1.127298390905691061 ) ) ;
#239 = DIRECTION ( 'NONE',  ( -1.000000000000000000, 0.000000000000000000, 0.000000000000000000 ) ) ;
#240 = EDGE_LOOP ( 'NONE', ( #1609, #1005, #394, #286 ) ) ;
#241 = VERTEX_POINT ( 'NONE', #835 ) ;
#242 = ORIENTED_EDGE ( 'NONE', *, *, #987, .T. ) ;
#243 = FACE_OUTER_BOUND ( 'NONE', #169, .T. ) ;
#244 = CIRCLE ( 'NONE', #1781, 8.699999999999999289 ) ;
#245 = VECTOR ( 'NONE', #2078, 1000.000000000000000 ) ;
#246 = VECTOR ( 'NONE', #356, 1000.000000000000114 ) ;
#247 = DIRECTION ( 'NONE',  ( 0.000000000000000000, -1.000000000000000000, 0.000000000000000000 ) ) ;
#248 = EDGE_CURVE ( 'NONE', #362, #2047, #315, .T. ) ;
#249 = AXIS2_PLACEMENT_3D ( 'NONE', #1432, #816, #1581 ) ;
#250 = LINE ( 'NONE', #1206, #1309 ) ;
#251 = CARTESIAN_POINT ( 'NONE',  ( 24.62225004120871219, 9.653656543632653353, -4.136524236569076862 ) ) ;
#252 = DIRECTION ( 'NONE',  ( 1.000000000000000000, 0.000000000000000000, 0.000000000000000000 ) ) ;
#253 = AXIS2_PLACEMENT_3D ( 'NONE', #722, #1847, #264 ) ;
#254 = ORIENTED_EDGE ( 'NONE', *, *, #539, .F. ) ;
#255 = CARTESIAN_POINT ( 'NONE',  ( 97.53005165805943477, 10.41245415665769158, 1.377923497354008875 ) ) ;
#256 = ORIENTED_EDGE ( 'NONE', *, *, #704, .T. ) ;
#257 = DIRECTION ( 'NONE',  ( 0.7071067811865489050, 8.659560562354913137E-17, 0.7071067811865460184 ) ) ;
#258 = ADVANCED_BREP_SHAPE_REPRESENTATION ( '16MA 25 Body_Default_sldprt', ( #440, #1827 ), #501 ) ;
#259 = EDGE_CURVE ( 'NONE', #1940, #1987, #1162, .T. ) ;
#260 = CARTESIAN_POINT ( 'NONE',  ( 101.0000000000000000, 0.000000000000000000, 0.000000000000000000 ) ) ;
#261 = ORIENTED_EDGE ( 'NONE', *, *, #448, .T. ) ;
#262 = CARTESIAN_POINT ( 'NONE',  ( 22.93730517893312992, 9.614019772108813200, 4.221871075970311082 ) ) ;
#263 = DIRECTION ( 'NONE',  ( 1.000000000000000000, 0.000000000000000000, 0.000000000000000000 ) ) ;
#264 = DIRECTION ( 'NONE',  ( 0.000000000000000000, 0.000000000000000000, -1.000000000000000000 ) ) ;
#265 = EDGE_LOOP ( 'NONE', ( #1525, #680, #256, #1934 ) ) ;
#266 = EDGE_CURVE ( 'NONE', #1008, #1061, #1032, .T. ) ;
#267 = ORIENTED_EDGE ( 'NONE', *, *, #891, .F. ) ;
#268 = ORIENTED_EDGE ( 'NONE', *, *, #158, .F. ) ;
#269 = CARTESIAN_POINT ( 'NONE',  ( 23.50000000000000000, 4.000000000000000000, 4.250000000000000000 ) ) ;
#270 = ADVANCED_FACE ( 'NONE', ( #1982 ), #382, .F. ) ;
#271 = FACE_OUTER_BOUND ( 'NONE', #944, .T. ) ;
#272 = CARTESIAN_POINT ( 'NONE',  ( 101.0000000000000000, 0.000000000000000000, 0.000000000000000000 ) ) ;
#273 = CARTESIAN_POINT ( 'NONE',  ( 116.0000000000000000, -5.291502622129179656, 6.000000000000000000 ) ) ;
#274 = DATE_TIME_ROLE ( 'creation_date' ) ;
#275 = EDGE_LOOP ( 'NONE', ( #445, #1978, #1057, #1429 ) ) ;
#276 = ORIENTED_EDGE ( 'NONE', *, *, #1662, .F. ) ;
#277 = ORIENTED_EDGE ( 'NONE', *, *, #576, .F. ) ;
#278 = CARTESIAN_POINT ( 'NONE',  ( 16.22540745163525955, -4.382622310386266484, 9.500032578769575409 ) ) ;
#279 = ADVANCED_FACE ( 'NONE', ( #1975 ), #1650, .F. ) ;
#280 = CIRCLE ( 'NONE', #1576, 2.066999999999999726 ) ;
#281 = ADVANCED_FACE ( 'NONE', ( #1316 ), #677, .T. ) ;
#282 = CIRCLE ( 'NONE', #1140, 8.200000000000018829 ) ;
#283 = FACE_OUTER_BOUND ( 'NONE', #1795, .T. ) ;
#284 = CARTESIAN_POINT ( 'NONE',  ( 117.0000000000000000, 0.000000000000000000, 0.000000000000000000 ) ) ;
#285 = CARTESIAN_POINT ( 'NONE',  ( 93.50000000000000000, 9.500000000000000000, 4.250000000000000000 ) ) ;
#286 = ORIENTED_EDGE ( 'NONE', *, *, #2010, .F. ) ;
#287 = AXIS2_PLACEMENT_3D ( 'NONE', #1119, #2112, #446 ) ;
#288 = APPROVAL ( #1948, '未' ) ;
#289 = AXIS2_PLACEMENT_3D ( 'NONE', #591, #1574, #1750 ) ;
#290 = CC_DESIGN_DATE_AND_TIME_ASSIGNMENT ( #1013, #1184, ( #1178 ) ) ;
#291 = DIRECTION ( 'NONE',  ( 1.000000000000000000, 0.000000000000000000, 0.000000000000000000 ) ) ;
#292 = ORIENTED_EDGE ( 'NONE', *, *, #2123, .T. ) ;
#293 = CARTESIAN_POINT ( 'NONE',  ( 16.00000000320120819, -3.533702775183905853, 9.500000000000001776 ) ) ;
#294 = B_SPLINE_CURVE_WITH_KNOTS ( 'NONE', 3,
 ( #1440, #618, #776, #278, #640, #657, #2084, #1289, #1126, #1268, #1917, #460, #293, #978 ),
 .UNSPECIFIED., .F., .F.,
 ( 4, 2, 2, 2, 2, 2, 4 ),
 ( 0.006491139284674842663, 0.1567885088479672451, 0.3070858784112596163, 0.6076806175378391961, 0.7579779871011302905, 0.9082753566644213850, 1.208870095791003463 ),
 .UNSPECIFIED. ) ;
#295 = ADVANCED_FACE ( 'NONE', ( #845 ), #1370, .T. ) ;
#296 = DIRECTION ( 'NONE',  ( 0.000000000000000000, -1.000000000000000000, 0.000000000000000000 ) ) ;
#297 = CARTESIAN_POINT ( 'NONE',  ( 16.19465614478600202, 4.340668806491571274, -9.500020094604858301 ) ) ;
#298 = CARTESIAN_POINT ( 'NONE',  ( 16.39999999999870539, 0.000000000000000000, 0.000000000000000000 ) ) ;
#299 = ORIENTED_EDGE ( 'NONE', *, *, #948, .F. ) ;
#300 = CARTESIAN_POINT ( 'NONE',  ( 101.0000000000000000, 5.061867244406950128, -6.000000000000000000 ) ) ;
#301 = ORIENTED_EDGE ( 'NONE', *, *, #1419, .T. ) ;
#302 = CARTESIAN_POINT ( 'NONE',  ( 16.11915784036942512, -4.211765470372912823, -9.500003408915436154 ) ) ;
#303 = ORIENTED_EDGE ( 'NONE', *, *, #1670, .F. ) ;
#304 = CARTESIAN_POINT ( 'NONE',  ( 25.56700000000000017, 4.000000000000000000, 0.000000000000000000 ) ) ;
#305 = PLANE ( 'NONE',  #1307 ) ;
#306 = ORIENTED_EDGE ( 'NONE', *, *, #310, .F. ) ;
#307 = DIRECTION ( 'NONE',  ( 0.000000000000000000, 0.000000000000000000, -1.000000000000000000 ) ) ;
#308 = ORIENTED_EDGE ( 'NONE', *, *, #219, .T. ) ;
#309 = DIRECTION ( 'NONE',  ( -1.000000000000000000, 0.000000000000000000, 0.000000000000000000 ) ) ;
#310 = EDGE_CURVE ( 'NONE', #373, #1317, #352, .T. ) ;
#311 = FACE_BOUND ( 'NONE', #588, .T. ) ;
#312 = EDGE_CURVE ( 'NONE', #1673, #1379, #937, .T. ) ;
#313 = ADVANCED_FACE ( 'NONE', ( #48 ), #659, .T. ) ;
#314 = EDGE_LOOP ( 'NONE', ( #1739, #1516, #560, #18 ) ) ;
#315 = CIRCLE ( 'NONE', #1675, 8.000000000000000000 ) ;
#316 = VECTOR ( 'NONE', #1647, 1000.000000000000000 ) ;
#317 = DIRECTION ( 'NONE',  ( 1.000000000000000000, 0.000000000000000000, 0.000000000000000000 ) ) ;
#318 = LINE ( 'NONE', #971, #1441 ) ;
#319 = CARTESIAN_POINT ( 'NONE',  ( 0.000000000000000000, 0.000000000000000000, 0.000000000000000000 ) ) ;
#320 = ORIENTED_EDGE ( 'NONE', *, *, #544, .T. ) ;
#321 = EDGE_CURVE ( 'NONE', #1561, #72, #244, .T. ) ;
#322 = AXIS2_PLACEMENT_3D ( 'NONE', #272, #1760, #949 ) ;
#323 = AXIS2_PLACEMENT_3D ( 'NONE', #1136, #1463, #113 ) ;
#324 = DIRECTION ( 'NONE',  ( 1.000000000000000000, 0.000000000000000000, 0.000000000000000000 ) ) ;
#325 = EDGE_LOOP ( 'NONE', ( #410, #946, #1783, #1685 ) ) ;
#326 = CARTESIAN_POINT ( 'NONE',  ( 88.50000000000000000, 0.000000000000000000, -10.09999991655479690 ) ) ;
#327 = CONICAL_SURFACE ( 'NONE', #249, 8.699999999999999289, 1.030376826524300293 ) ;
#328 = CIRCLE ( 'NONE', #670, 7.000000000000001776 ) ;
#329 = CARTESIAN_POINT ( 'NONE',  ( 107.0000000000000000, 0.000000000000000000, -6.000000000000000000 ) ) ;
#330 = CC_DESIGN_APPROVAL ( #826, ( #1513 ) ) ;
#331 = CARTESIAN_POINT ( 'NONE',  ( 92.93814073835839906, 9.601256832642738104, -4.249999977872128909 ) ) ;
#332 = CARTESIAN_POINT ( 'NONE',  ( 81.00000000000000000, 0.000000000000000000, -3.000000000000000000 ) ) ;
#333 = ORIENTED_EDGE ( 'NONE', *, *, #753, .T. ) ;
#334 = CARTESIAN_POINT ( 'NONE',  ( 0.000000000000000000, 0.000000000000000000, 0.000000000000000000 ) ) ;
#335 = DIRECTION ( 'NONE',  ( 1.000000000000000000, 0.000000000000000000, 0.000000000000000000 ) ) ;
#336 = DIRECTION ( 'NONE',  ( 1.000000000000000000, 0.000000000000000000, 0.000000000000000000 ) ) ;
#337 = CARTESIAN_POINT ( 'NONE',  ( 113.0000000000000000, 3.673940397442056417E-16, -6.000000000000000000 ) ) ;
#338 = SECURITY_CLASSIFICATION_LEVEL ( 'unclassified' ) ;
#339 = CARTESIAN_POINT ( 'NONE',  ( 29.50000000000000355, 1.034826545279513461E-15, 8.200000000000001066 ) ) ;
#340 = ORIENTED_EDGE ( 'NONE', *, *, #377, .F. ) ;
#341 = CARTESIAN_POINT ( 'NONE',  ( 107.0000000000000000, 0.000000000000000000, 6.000000000000000000 ) ) ;
#342 = B_SPLINE_CURVE_WITH_KNOTS ( 'NONE', 3,
 ( #119, #653, #779, #2086, #297, #2096, #1129, #2107, #1596, #643, #1292, #474 ),
 .UNSPECIFIED., .F., .F.,
 ( 4, 2, 2, 2, 2, 4 ),
 ( 2.855638254781346586, 3.006102588524888652, 3.156566922268430719, 3.457495589755517518, 3.758424257242604760, 4.059352924729691559 ),
 .UNSPECIFIED. ) ;
#343 = B_SPLINE_CURVE_WITH_KNOTS ( 'NONE', 3,
 ( #1559, #234, #890, #1909, #881, #928, #1873, #437, #411, #1366 ),
 .UNSPECIFIED., .F., .F.,
 ( 4, 2, 2, 2, 4 ),
 ( 6.283185307178982271, 6.503173286292360800, 6.613167275849050952, 6.668164270627395140, 6.723161265405740217 ),
 .UNSPECIFIED. ) ;
#344 = VERTEX_POINT ( 'NONE', #922 ) ;
#345 = CARTESIAN_POINT ( 'NONE',  ( 101.0000000000000000, 0.000000000000000000, 0.000000000000000000 ) ) ;
#346 = CARTESIAN_POINT ( 'NONE',  ( 29.50000000000000355, 0.000000000000000000, 0.000000000000000000 ) ) ;
#347 = DIRECTION ( 'NONE',  ( 0.000000000000000000, 0.000000000000000000, -1.000000000000000000 ) ) ;
#348 = CARTESIAN_POINT ( 'NONE',  ( 87.20000000000000284, 0.000000000000000000, -8.699999999999999289 ) ) ;
#349 = CALENDAR_DATE ( 2026, 5, 8 ) ;
#350 = EDGE_CURVE ( 'NONE', #1606, #1688, #1059, .T. ) ;
#351 = VECTOR ( 'NONE', #416, 1000.000000000000000 ) ;
#352 = LINE ( 'NONE', #1998, #1000 ) ;
#353 = ORIENTED_EDGE ( 'NONE', *, *, #321, .T. ) ;
#354 = VECTOR ( 'NONE', #1845, 1000.000000000000000 ) ;
#355 = AXIS2_PLACEMENT_3D ( 'NONE', #1295, #160, #307 ) ;
#356 = DIRECTION ( 'NONE',  ( -0.5144957554275368938, 0.000000000000000000, 0.8574929257125379900 ) ) ;
#357 = AXIS2_PLACEMENT_3D ( 'NONE', #837, #1999, #1952 ) ;
#358 = AXIS2_PLACEMENT_3D ( 'NONE', #1362, #1083, #218 ) ;
#359 = CYLINDRICAL_SURFACE ( 'NONE', #1336, 8.000000000000000000 ) ;
#360 = DIRECTION ( 'NONE',  ( 0.000000000000000000, 0.000000000000000000, -1.000000000000000000 ) ) ;
#361 = DIRECTION ( 'NONE',  ( 0.000000000000000000, 0.000000000000000000, -1.000000000000000000 ) ) ;
#362 = VERTEX_POINT ( 'NONE', #755 ) ;
#363 = DIRECTION ( 'NONE',  ( 0.000000000000000000, 0.000000000000000000, -1.000000000000000000 ) ) ;
#364 = B_SPLINE_CURVE_WITH_KNOTS ( 'NONE', 3,
 ( #1602, #768, #796, #712 ),
 .UNSPECIFIED., .F., .F.,
 ( 4, 4 ),
 ( 9.467117254292302775, 11.41583116148982135 ),
 .UNSPECIFIED. ) ;
#365 = ORIENTED_EDGE ( 'NONE', *, *, #1518, .T. ) ;
#366 = CARTESIAN_POINT ( 'NONE',  ( 88.50000000000000000, 1.065442715258197248E-15, 8.699999999999999289 ) ) ;
#367 = CARTESIAN_POINT ( 'NONE',  ( 116.0000000000000000, 5.291502622129179656, 6.000000000000000000 ) ) ;
#368 = CARTESIAN_POINT ( 'NONE',  ( 16.40000000000000568, -4.472135954999584939, 9.500000000000000000 ) ) ;
#369 = COORDINATED_UNIVERSAL_TIME_OFFSET ( 8, 0, .AHEAD. ) ;
#370 = CARTESIAN_POINT ( 'NONE',  ( 23.50000000000000000, 9.500000000000000000, 0.000000000000000000 ) ) ;
#371 = CARTESIAN_POINT ( 'NONE',  ( 100.5999999999928036, 0.000000000000000000, 0.000000000000000000 ) ) ;
#372 = CARTESIAN_POINT ( 'NONE',  ( 93.49999972811343696, 9.601462373749269474, -4.250091791629743376 ) ) ;
#373 = VERTEX_POINT ( 'NONE', #895 ) ;
#374 = EDGE_LOOP ( 'NONE', ( #414, #726, #97, #907, #34, #1849 ) ) ;
#375 = ORIENTED_EDGE ( 'NONE', *, *, #515, .F. ) ;
#376 = CARTESIAN_POINT ( 'NONE',  ( 101.0000000000000000, 0.000000000000000000, 0.000000000000000000 ) ) ;
#377 = EDGE_CURVE ( 'NONE', #1881, #815, #2001, .T. ) ;
#378 = ADVANCED_FACE ( 'NONE', ( #2053, #1207 ), #95, .F. ) ;
#379 = DIRECTION ( 'NONE',  ( 0.000000000000000000, -1.000000000000000000, 0.000000000000000000 ) ) ;
#380 = ORIENTED_EDGE ( 'NONE', *, *, #266, .F. ) ;
#381 = CARTESIAN_POINT ( 'NONE',  ( 23.49999972811343696, 9.601462373749269474, -4.250091791629743376 ) ) ;
#382 = CYLINDRICAL_SURFACE ( 'NONE', #1949, 4.250000000000000000 ) ;
#383 = DIRECTION ( 'NONE',  ( 0.000000000000000000, 0.000000000000000000, -1.000000000000000000 ) ) ;
#384 = EDGE_CURVE ( 'NONE', #935, #1414, #1889, .T. ) ;
#385 = ORIENTED_EDGE ( 'NONE', *, *, #1900, .F. ) ;
#386 = UNCERTAINTY_MEASURE_WITH_UNIT (LENGTH_MEASURE( 1.000000000000000082E-05 ), #772, 'distance_accuracy_value', 'NONE');
#387 = ORIENTED_EDGE ( 'NONE', *, *, #857, .F. ) ;
#388 = AXIS2_PLACEMENT_3D ( 'NONE', #304, #1445, #118 ) ;
#389 = DIRECTION ( 'NONE',  ( 0.000000000000000000, 0.000000000000000000, -1.000000000000000000 ) ) ;
#390 = AXIS2_PLACEMENT_3D ( 'NONE', #718, #1678, #733 ) ;
#391 = VECTOR ( 'NONE', #1709, 1000.000000000000000 ) ;
#392 = AXIS2_PLACEMENT_3D ( 'NONE', #559, #923, #383 ) ;
#393 = DIRECTION ( 'NONE',  ( 1.000000000000000000, 0.000000000000000000, 0.000000000000000000 ) ) ;
#394 = ORIENTED_EDGE ( 'NONE', *, *, #1245, .T. ) ;
#395 = ADVANCED_FACE ( 'NONE', ( #570 ), #1857, .F. ) ;
#396 = DIRECTION ( 'NONE',  ( 0.000000000000000000, 0.000000000000000000, -1.000000000000000000 ) ) ;
#397 = CARTESIAN_POINT ( 'NONE',  ( 26.89578885180956647, 10.17747892964493772, 2.614273759394043939 ) ) ;
#398 = CYLINDRICAL_SURFACE ( 'NONE', #253, 2.066999999999999726 ) ;
#399 = VERTEX_POINT ( 'NONE', #721 ) ;
#400 = EDGE_LOOP ( 'NONE', ( #1132, #340 ) ) ;
#401 = ORIENTED_EDGE ( 'NONE', *, *, #248, .F. ) ;
#402 = DIRECTION ( 'NONE',  ( 0.000000000000000000, 0.000000000000000000, -1.000000000000000000 ) ) ;
#403 = FACE_BOUND ( 'NONE', #61, .T. ) ;
#404 = ORIENTED_EDGE ( 'NONE', *, *, #312, .F. ) ;
#405 = CARTESIAN_POINT ( 'NONE',  ( 22.65913152613809700, 4.121684014004847185, -9.659131526138097001 ) ) ;
#406 = DIRECTION ( 'NONE',  ( -1.000000000000000000, 0.000000000000000000, 0.000000000000000000 ) ) ;
#407 = CARTESIAN_POINT ( 'NONE',  ( 100.5999999999928036, 0.000000000000000000, 0.000000000000000000 ) ) ;
#408 = VERTEX_POINT ( 'NONE', #1522 ) ;
#409 = VERTEX_POINT ( 'NONE', #745 ) ;
#410 = ORIENTED_EDGE ( 'NONE', *, *, #1789, .F. ) ;
#411 = CARTESIAN_POINT ( 'NONE',  ( 22.58129780121795349, 4.299437917091707639, 9.581297801217955268 ) ) ;
#412 = ADVANCED_FACE ( 'NONE', ( #1219, #442 ), #431, .T. ) ;
#413 = DIRECTION ( 'NONE',  ( 0.000000000000000000, 0.000000000000000000, 1.000000000000000000 ) ) ;
#414 = ORIENTED_EDGE ( 'NONE', *, *, #576, .T. ) ;
#415 = CARTESIAN_POINT ( 'NONE',  ( 88.90000000000000568, 1.285879139104720831E-15, 10.50000000000000000 ) ) ;
#416 = DIRECTION ( 'NONE',  ( 0.000000000000000000, -1.000000000000000000, 0.000000000000000000 ) ) ;
#417 = DIRECTION ( 'NONE',  ( -0.7071067811865474617, 0.000000000000000000, 0.7071067811865474617 ) ) ;
#418 = ORIENTED_EDGE ( 'NONE', *, *, #489, .F. ) ;
#419 = CARTESIAN_POINT ( 'NONE',  ( 93.50000000000000000, 9.500000000000000000, 0.000000000000000000 ) ) ;
#420 = ORIENTED_EDGE ( 'NONE', *, *, #2117, .F. ) ;
#421 = DIRECTION ( 'NONE',  ( 0.000000000000000000, 0.000000000000000000, -1.000000000000000000 ) ) ;
#422 = CIRCLE ( 'NONE', #1611, 8.699999999999999289 ) ;
#423 = AXIS2_PLACEMENT_3D ( 'NONE', #1626, #317, #852 ) ;
#424 = AXIS2_PLACEMENT_3D ( 'NONE', #888, #1534, #74 ) ;
#425 = VECTOR ( 'NONE', #1225, 1000.000000000000000 ) ;
#426 = CARTESIAN_POINT ( 'NONE',  ( 103.0000000000000142, -5.061867244406949240, 6.000000000000000000 ) ) ;
#427 = ORIENTED_EDGE ( 'NONE', *, *, #1585, .T. ) ;
#428 = ADVANCED_FACE ( 'NONE', ( #1867 ), #1402, .F. ) ;
#429 = AXIS2_PLACEMENT_3D ( 'NONE', #760, #63, #1549 ) ;
#430 = DIRECTION ( 'NONE',  ( 1.000000000000000000, 0.000000000000000000, 0.000000000000000000 ) ) ;
#431 = PLANE ( 'NONE',  #1 ) ;
#432 = CARTESIAN_POINT ( 'NONE',  ( 28.50000000000000000, 0.000000000000000000, 0.000000000000000000 ) ) ;
#433 = VECTOR ( 'NONE', #1285, 1000.000000000000000 ) ;
#434 = ORIENTED_EDGE ( 'NONE', *, *, #654, .F. ) ;
#435 = ORIENTED_EDGE ( 'NONE', *, *, #605, .F. ) ;
#436 = ORIENTED_EDGE ( 'NONE', *, *, #448, .F. ) ;
#437 = CARTESIAN_POINT ( 'NONE',  ( 22.65913152614085391, 4.121684013998389240, 9.659131526140853907 ) ) ;
#438 = EDGE_CURVE ( 'NONE', #1817, #1660, #596, .T. ) ;
#439 = DIRECTION ( 'NONE',  ( 1.000000000000000000, 0.000000000000000000, 0.000000000000000000 ) ) ;
#440 = MANIFOLD_SOLID_BREP ( '16MA 25 Body', #1035 ) ;
#441 = DIRECTION ( 'NONE',  ( -0.7071067811865475727, 0.000000000000000000, 0.7071067811865475727 ) ) ;
#442 = FACE_BOUND ( 'NONE', #782, .T. ) ;
#443 = EDGE_LOOP ( 'NONE', ( #1879, #788 ) ) ;
#444 = CARTESIAN_POINT ( 'NONE',  ( 96.11183007558425118, 9.943350312013674142, -3.397610128229251014 ) ) ;
#445 = ORIENTED_EDGE ( 'NONE', *, *, #1735, .F. ) ;
#446 = DIRECTION ( 'NONE',  ( 0.000000000000000000, 0.000000000000000000, -1.000000000000000000 ) ) ;
#447 = ADVANCED_FACE ( 'NONE', ( #483, #1920 ), #305, .F. ) ;
#448 = EDGE_CURVE ( 'NONE', #1045, #24, #465, .T. ) ;
#449 = CARTESIAN_POINT ( 'NONE',  ( 16.00000000000000000, -3.429285639896449744, -9.500000000000000000 ) ) ;
#450 = ORIENTED_EDGE ( 'NONE', *, *, #1664, .F. ) ;
#451 = CC_DESIGN_PERSON_AND_ORGANIZATION_ASSIGNMENT ( #475, #961, ( #1513 ) ) ;
#452 = EDGE_CURVE ( 'NONE', #2047, #362, #863, .T. ) ;
#453 = CARTESIAN_POINT ( 'NONE',  ( 20.10751522348927267, 10.17635368850305966, 2.618522073553112950 ) ) ;
#454 = CARTESIAN_POINT ( 'NONE',  ( 16.19441409700657886, 4.340423607706348719, 9.499995709183810533 ) ) ;
#455 = DIRECTION ( 'NONE',  ( 0.000000000000000000, 0.000000000000000000, -1.000000000000000000 ) ) ;
#456 = ORIENTED_EDGE ( 'NONE', *, *, #860, .T. ) ;
#457 = EDGE_CURVE ( 'NONE', #92, #1155, #342, .T. ) ;
#458 = CARTESIAN_POINT ( 'NONE',  ( 101.0000000000000000, 0.000000000000000000, 0.000000000000000000 ) ) ;
#459 = VERTEX_POINT ( 'NONE', #136 ) ;
#460 = CARTESIAN_POINT ( 'NONE',  ( 16.00381623722188706, -3.623919055061213257, 9.499914493786386416 ) ) ;
#461 = AXIS2_PLACEMENT_3D ( 'NONE', #1348, #1826, #1314 ) ;
#462 = CIRCLE ( 'NONE', #1822, 10.50000000000000000 ) ;
#463 = CIRCLE ( 'NONE', #1443, 7.999999999999999112 ) ;
#464 = CARTESIAN_POINT ( 'NONE',  ( 20.88671834058269283, 9.943766408451280014, 3.396523189541774901 ) ) ;
#465 = LINE ( 'NONE', #1273, #724 ) ;
#466 = COORDINATED_UNIVERSAL_TIME_OFFSET ( 8, 0, .AHEAD. ) ;
#467 = ORIENTED_EDGE ( 'NONE', *, *, #1833, .T. ) ;
#468 = AXIS2_PLACEMENT_3D ( 'NONE', #586, #1234, #421 ) ;
#469 = VECTOR ( 'NONE', #571, 1000.000000000000000 ) ;
#470 = CARTESIAN_POINT ( 'NONE',  ( 23.50000000000000355, -6.431767220503679421E-12, 10.50000000000000178 ) ) ;
#471 = ORIENTED_EDGE ( 'NONE', *, *, #2019, .T. ) ;
#472 = DIRECTION ( 'NONE',  ( 0.000000000000000000, 1.224646799147352468E-16, 1.000000000000000000 ) ) ;
#473 = CARTESIAN_POINT ( 'NONE',  ( 23.49999975987188350, 9.601478461253851293, 4.250122191714254427 ) ) ;
#474 = CARTESIAN_POINT ( 'NONE',  ( 16.00000000000000000, 3.429285639896449744, -9.500000000000000000 ) ) ;
#475 = PERSON_AND_ORGANIZATION ( #819, #905 ) ;
#476 = VERTEX_POINT ( 'NONE', #2115 ) ;
#477 = CYLINDRICAL_SURFACE ( 'NONE', #893, 8.699999999999999289 ) ;
#478 = ORIENTED_EDGE ( 'NONE', *, *, #619, .T. ) ;
#479 = CARTESIAN_POINT ( 'NONE',  ( 16.30118979523890843, -4.447943345410553917, -9.500036621519056368 ) ) ;
#480 = EDGE_CURVE ( 'NONE', #958, #759, #1797, .T. ) ;
#481 = ADVANCED_FACE ( 'NONE', ( #1284 ), #1470, .T. ) ;
#482 = DIRECTION ( 'NONE',  ( 0.000000000000000000, 0.000000000000000000, -1.000000000000000000 ) ) ;
#483 = FACE_BOUND ( 'NONE', #1597, .T. ) ;
#484 = CARTESIAN_POINT ( 'NONE',  ( 23.50000000000000000, 9.500000000000000000, 2.066999999999999726 ) ) ;
#485 = ORIENTED_EDGE ( 'NONE', *, *, #1398, .F. ) ;
#486 = LINE ( 'NONE', #300, #1275 ) ;
#487 = ORIENTED_EDGE ( 'NONE', *, *, #1299, .F. ) ;
#488 = DIRECTION ( 'NONE',  ( 0.000000000000000000, -1.000000000000000000, 0.000000000000000000 ) ) ;
#489 = EDGE_CURVE ( 'NONE', #1922, #1721, #1746, .T. ) ;
#490 = CARTESIAN_POINT ( 'NONE',  ( 101.0000000000000000, 0.000000000000000000, -8.699999999999999289 ) ) ;
#491 = AXIS2_PLACEMENT_3D ( 'NONE', #70, #106, #1241 ) ;
#492 = CIRCLE ( 'NONE', #2066, 8.200000000000018829 ) ;
#493 = CARTESIAN_POINT ( 'NONE',  ( 28.10000000000000497, 0.000000000000000000, 0.000000000000000000 ) ) ;
#494 = CARTESIAN_POINT ( 'NONE',  ( 16.00454872052203115, 3.632984731596311079, 9.499749673851216158 ) ) ;
#495 = VECTOR ( 'NONE', #1117, 1000.000000000000000 ) ;
#496 = VECTOR ( 'NONE', #929, 1000.000000000000000 ) ;
#497 = DIRECTION ( 'NONE',  ( 1.000000000000000000, 0.000000000000000000, 0.000000000000000000 ) ) ;
#498 = ORIENTED_EDGE ( 'NONE', *, *, #983, .T. ) ;
#499 = FACE_BOUND ( 'NONE', #927, .T. ) ;
#500 = AXIS2_PLACEMENT_3D ( 'NONE', #334, #1156, #1491 ) ;
#501 =( GEOMETRIC_REPRESENTATION_CONTEXT ( 3 ) GLOBAL_UNCERTAINTY_ASSIGNED_CONTEXT ( ( #386 ) ) GLOBAL_UNIT_ASSIGNED_CONTEXT ( ( #772, #951, #614 ) ) REPRESENTATION_CONTEXT ( 'NONE', 'WORKASPACE' ) );
#502 = DIRECTION ( 'NONE',  ( 1.000000000000000000, -0.000000000000000000, -0.000000000000000000 ) ) ;
#503 = CARTESIAN_POINT ( 'NONE',  ( 16.00000000000000000, 3.429285639896449744, 9.500000000000000000 ) ) ;
#504 = CARTESIAN_POINT ( 'NONE',  ( 101.0000000000000000, 5.061867244406950128, -6.000000000000000000 ) ) ;
#505 = CARTESIAN_POINT ( 'NONE',  ( 36.00000000000000711, 0.000000000000000000, 0.000000000000000000 ) ) ;
#506 = DIRECTION ( 'NONE',  ( 1.000000000000000000, 0.000000000000000000, 0.000000000000000000 ) ) ;
#507 = ORIENTED_EDGE ( 'NONE', *, *, #1805, .F. ) ;
#508 = CARTESIAN_POINT ( 'NONE',  ( 101.0000000000000000, 0.000000000000000000, 0.000000000000000000 ) ) ;
#509 = ORIENTED_EDGE ( 'NONE', *, *, #1200, .T. ) ;
#510 = CARTESIAN_POINT ( 'NONE',  ( 87.20000000000000284, 0.000000000000000000, 8.699999999999999289 ) ) ;
#511 = EDGE_CURVE ( 'NONE', #1379, #541, #1778, .T. ) ;
#512 = DIRECTION ( 'NONE',  ( 1.000000000000000000, 0.000000000000000000, 0.000000000000000000 ) ) ;
#513 = LINE ( 'NONE', #368, #1105 ) ;
#514 = COORDINATED_UNIVERSAL_TIME_OFFSET ( 8, 0, .AHEAD. ) ;
#515 = EDGE_CURVE ( 'NONE', #547, #897, #318, .T. ) ;
#516 = CARTESIAN_POINT ( 'NONE',  ( 88.50000000000000000, 0.000000000000000000, 0.000000000000000000 ) ) ;
#517 = ORIENTED_EDGE ( 'NONE', *, *, #993, .T. ) ;
#518 = CARTESIAN_POINT ( 'NONE',  ( 23.49999999999995737, -0.7823937498668859236, -10.49999999999995204 ) ) ;
#519 = CARTESIAN_POINT ( 'NONE',  ( 113.0000000000000000, 3.673940397442059868E-16, -6.000000000000000000 ) ) ;
#520 = B_SPLINE_CURVE_WITH_KNOTS ( 'NONE', 3,
 ( #1287, #1608, #1629, #2082, #1923, #1304, #131, #814, #147, #470 ),
 .UNSPECIFIED., .F., .F.,
 ( 4, 2, 2, 2, 4 ),
 ( 5.843209348952224325, 5.898206343730569401, 5.953203338508913589, 6.063197328065602854, 6.283185307178982271 ),
 .UNSPECIFIED. ) ;
#521 = CARTESIAN_POINT ( 'NONE',  ( 103.0000000000000142, 7.849999999999999645, 0.000000000000000000 ) ) ;
#523 = AXIS2_PLACEMENT_3D ( 'NONE', #516, #1185, #994 ) ;
#522 = CARTESIAN_POINT ( 'NONE',  ( 117.0000000000000000, 0.000000000000000000, 0.000000000000000000 ) ) ;
#524 = APPROVAL_DATE_TIME ( #1637, #288 ) ;
#525 = CIRCLE ( 'NONE', #1885, 10.50000000000000000 ) ;
#526 = DIRECTION ( 'NONE',  ( 0.000000000000000000, 0.000000000000000000, -1.000000000000000000 ) ) ;
#527 = VERTEX_POINT ( 'NONE', #1737 ) ;
#528 = FACE_OUTER_BOUND ( 'NONE', #2011, .T. ) ;
#529 = AXIS2_PLACEMENT_3D ( 'NONE', #990, #1302, #1457 ) ;
#530 = AXIS2_PLACEMENT_3D ( 'NONE', #235, #2014, #1855 ) ;
#531 = ORIENTED_EDGE ( 'NONE', *, *, #818, .F. ) ;
#532 = FACE_OUTER_BOUND ( 'NONE', #995, .T. ) ;
#533 = TOROIDAL_SURFACE ( 'NONE', #82, 10.10000000000129994, 0.3999999999987000066 ) ;
#534 = LOCAL_TIME ( 16, 5, 32.00000000000000000, #369 ) ;
#535 = CARTESIAN_POINT ( 'NONE',  ( 16.00000000000000000, -3.429285639896448856, -9.500000000000000000 ) ) ;
#536 = CARTESIAN_POINT ( 'NONE',  ( 92.38855173431672085, 9.661908531019010482, 4.111630284507564070 ) ) ;
#537 = PERSON_AND_ORGANIZATION_ROLE ( 'classification_officer' ) ;
#538 = DIRECTION ( 'NONE',  ( 0.000000000000000000, 0.000000000000000000, -1.000000000000000000 ) ) ;
#539 = EDGE_CURVE ( 'NONE', #344, #1130, #1433, .T. ) ;
#540 = DIRECTION ( 'NONE',  ( 1.000000000000000000, 0.000000000000000000, 0.000000000000000000 ) ) ;
#541 = VERTEX_POINT ( 'NONE', #1458 ) ;
#542 = DIRECTION ( 'NONE',  ( 0.000000000000000000, 0.000000000000000000, -1.000000000000000000 ) ) ;
#543 = ADVANCED_FACE ( 'NONE', ( #1099 ), #1748, .T. ) ;
#544 = EDGE_CURVE ( 'NONE', #791, #1379, #525, .T. ) ;
#545 = EDGE_CURVE ( 'NONE', #1916, #574, #1633, .T. ) ;
#546 = CARTESIAN_POINT ( 'NONE',  ( 23.50000000000000000, 9.500000000000000000, 0.000000000000000000 ) ) ;
#547 = VERTEX_POINT ( 'NONE', #44 ) ;
#548 = CARTESIAN_POINT ( 'NONE',  ( 100.5999999999999943, 0.000000000000000000, 0.000000000000000000 ) ) ;
#549 = FACE_OUTER_BOUND ( 'NONE', #563, .T. ) ;
#550 = FACE_BOUND ( 'NONE', #719, .T. ) ;
#551 = EDGE_LOOP ( 'NONE', ( #2098, #1396, #747, #780 ) ) ;
#552 = ORIENTED_EDGE ( 'NONE', *, *, #1902, .F. ) ;
#553 = EDGE_LOOP ( 'NONE', ( #148, #1147, #1267, #267 ) ) ;
#554 = DIRECTION ( 'NONE',  ( 0.000000000000000000, 0.000000000000000000, -1.000000000000000000 ) ) ;
#555 = DIRECTION ( 'NONE',  ( 0.000000000000000000, 0.000000000000000000, -1.000000000000000000 ) ) ;
#556 = EDGE_LOOP ( 'NONE', ( #1594, #1255 ) ) ;
#557 = CARTESIAN_POINT ( 'NONE',  ( 93.50000000000000000, 4.000000000000000000, 4.250000000000000000 ) ) ;
#558 = CARTESIAN_POINT ( 'NONE',  ( 27.53005165805942056, 10.41245415665770047, 1.377923497353990889 ) ) ;
#559 = CARTESIAN_POINT ( 'NONE',  ( 28.50000000000000000, 0.000000000000000000, 0.000000000000000000 ) ) ;
#560 = ORIENTED_EDGE ( 'NONE', *, *, #1398, .T. ) ;
#561 = AXIS2_PLACEMENT_3D ( 'NONE', #960, #1931, #1604 ) ;
#562 = ORIENTED_EDGE ( 'NONE', *, *, #891, .T. ) ;
#563 = EDGE_LOOP ( 'NONE', ( #385, #562, #1238, #268 ) ) ;
#564 = AXIS2_PLACEMENT_3D ( 'NONE', #1401, #143, #1911 ) ;
#565 = LINE ( 'NONE', #224, #1958 ) ;
#566 = CIRCLE ( 'NONE', #1757, 0.3999999999987000066 ) ;
#567 = CIRCLE ( 'NONE', #1929, 7.080000000000000071 ) ;
#568 = LINE ( 'NONE', #1347, #425 ) ;
#569 = CARTESIAN_POINT ( 'NONE',  ( 23.16265404473916334, 2.668274242295300969, -10.16265404473915979 ) ) ;
#570 = FACE_OUTER_BOUND ( 'NONE', #1575, .T. ) ;
#571 = DIRECTION ( 'NONE',  ( 1.000000000000000000, 0.000000000000000000, 0.000000000000000000 ) ) ;
#572 = ADVANCED_FACE ( 'NONE', ( #30 ), #2005, .F. ) ;
#573 = ORIENTED_EDGE ( 'NONE', *, *, #1134, .T. ) ;
#574 = VERTEX_POINT ( 'NONE', #675 ) ;
#575 = CARTESIAN_POINT ( 'NONE',  ( 88.50000000000000000, 8.699999999999999289, 0.000000000000000000 ) ) ;
#576 = EDGE_CURVE ( 'NONE', #1498, #1987, #513, .T. ) ;
#577 = CYLINDRICAL_SURFACE ( 'NONE', #1108, 8.699999999999999289 ) ;
#578 = VERTEX_POINT ( 'NONE', #1477 ) ;
#579 = CARTESIAN_POINT ( 'NONE',  ( 87.50000000000001421, 1.034826545279514645E-15, -8.200000000000018829 ) ) ;
#580 = CARTESIAN_POINT ( 'NONE',  ( 27.69447405440516974, 10.47750304956266199, 0.6988953690273077557 ) ) ;
#581 = CARTESIAN_POINT ( 'NONE',  ( 22.50000000000000000, 21.00000000000000000, -9.500000000000000000 ) ) ;
#582 = ORIENTED_EDGE ( 'NONE', *, *, #1181, .F. ) ;
#583 = AXIS2_PLACEMENT_3D ( 'NONE', #29, #1151, #1792 ) ;
#584 = CARTESIAN_POINT ( 'NONE',  ( 101.0000000000000000, 5.061867244406951905, 6.000000000000000000 ) ) ;
#585 = ORIENTED_EDGE ( 'NONE', *, *, #2123, .F. ) ;
#586 = CARTESIAN_POINT ( 'NONE',  ( 101.0000000000000000, 0.000000000000000000, 0.000000000000000000 ) ) ;
#587 = PLANE ( 'NONE',  #323 ) ;
#588 = EDGE_LOOP ( 'NONE', ( #836, #139 ) ) ;
#589 = CARTESIAN_POINT ( 'NONE',  ( 23.50000000000001066, -6.715530353261954396E-13, -10.50000000000000000 ) ) ;
#590 = CARTESIAN_POINT ( 'NONE',  ( 0.000000000000000000, 0.000000000000000000, 0.000000000000000000 ) ) ;
#591 = CARTESIAN_POINT ( 'NONE',  ( 16.00000000000000000, 0.000000000000000000, 0.000000000000000000 ) ) ;
#592 = ORIENTED_EDGE ( 'NONE', *, *, #664, .F. ) ;
#593 = CARTESIAN_POINT ( 'NONE',  ( 97.71528989411022792, 10.48592008487951688, 0.5600422961210677064 ) ) ;
#594 = ORIENTED_EDGE ( 'NONE', *, *, #641, .T. ) ;
#595 = LINE ( 'NONE', #608, #391 ) ;
#596 = CIRCLE ( 'NONE', #1571, 2.066999999999999726 ) ;
#597 = AXIS2_PLACEMENT_3D ( 'NONE', #906, #711, #702 ) ;
#598 = AXIS2_PLACEMENT_3D ( 'NONE', #872, #19, #1009 ) ;
#599 = DIRECTION ( 'NONE',  ( 0.000000000000000000, 0.000000000000000000, -1.000000000000000000 ) ) ;
#600 = CONICAL_SURFACE ( 'NONE', #1550, 8.000000000000000000, 0.7853981633974476129 ) ;
#601 = FACE_OUTER_BOUND ( 'NONE', #1386, .T. ) ;
#602 = DIRECTION ( 'NONE',  ( 0.000000000000000000, -1.000000000000000000, 0.000000000000000000 ) ) ;
#603 = PERSON_AND_ORGANIZATION ( #819, #905 ) ;
#604 = ORIENTED_EDGE ( 'NONE', *, *, #321, .F. ) ;
#605 = EDGE_CURVE ( 'NONE', #1914, #1660, #691, .T. ) ;
#606 = DIRECTION ( 'NONE',  ( 0.000000000000000000, 0.000000000000000000, -1.000000000000000000 ) ) ;
#607 = ORIENTED_EDGE ( 'NONE', *, *, #23, .T. ) ;
#608 = CARTESIAN_POINT ( 'NONE',  ( 101.0000000000000000, 0.000000000000000000, -8.000000000000000000 ) ) ;
#609 = ADVANCED_FACE ( 'NONE', ( #21 ), #1019, .T. ) ;
#610 = CARTESIAN_POINT ( 'NONE',  ( 16.00000000000000000, 0.000000000000000000, 0.000000000000000000 ) ) ;
#611 = EDGE_CURVE ( 'NONE', #547, #207, #1988, .T. ) ;
#612 = FACE_OUTER_BOUND ( 'NONE', #110, .T. ) ;
#613 = DIRECTION ( 'NONE',  ( 0.000000000000000000, 0.000000000000000000, -1.000000000000000000 ) ) ;
#614 =( NAMED_UNIT ( * ) SI_UNIT ( $, .STERADIAN. ) SOLID_ANGLE_UNIT ( ) );
#615 = EDGE_LOOP ( 'NONE', ( #137, #585 ) ) ;
#616 = CARTESIAN_POINT ( 'NONE',  ( 103.0000000000000142, 0.000000000000000000, 0.000000000000000000 ) ) ;
#617 = ORIENTED_EDGE ( 'NONE', *, *, #987, .F. ) ;
#618 = CARTESIAN_POINT ( 'NONE',  ( 16.35036049548588011, -4.472135920177759516, 9.499999999999973355 ) ) ;
#619 = EDGE_CURVE ( 'NONE', #373, #1034, #898, .T. ) ;
#620 = ORIENTED_EDGE ( 'NONE', *, *, #1965, .F. ) ;
#621 = LINE ( 'NONE', #633, #245 ) ;
#622 = DIRECTION ( 'NONE',  ( -1.000000000000000000, 0.000000000000000000, 0.000000000000000000 ) ) ;
#623 = DIRECTION ( 'NONE',  ( 1.000000000000000000, 0.000000000000000000, 0.000000000000000000 ) ) ;
#624 = ORIENTED_EDGE ( 'NONE', *, *, #310, .T. ) ;
#625 = DIRECTION ( 'NONE',  ( 0.000000000000000000, 0.000000000000000000, -1.000000000000000000 ) ) ;
#626 = VERTEX_POINT ( 'NONE', #337 ) ;
#627 = CARTESIAN_POINT ( 'NONE',  ( 100.5999999999928036, 0.000000000000000000, -10.09999999999276099 ) ) ;
#628 = B_SPLINE_CURVE_WITH_KNOTS ( 'NONE', 3,
 ( #2068, #1587, #1595, #798 ),
 .UNSPECIFIED., .F., .F.,
 ( 4, 4 ),
 ( 0.001260283291631539293, 1.957051058470256510 ),
 .UNSPECIFIED. ) ;
#629 = AXIS2_PLACEMENT_3D ( 'NONE', #1465, #1814, #1666 ) ;
#630 = AXIS2_PLACEMENT_3D ( 'NONE', #1256, #778, #135 ) ;
#631 = AXIS2_PLACEMENT_3D ( 'NONE', #1782, #324, #945 ) ;
#632 = AXIS2_PLACEMENT_3D ( 'NONE', #1064, #393, #1690 ) ;
#633 = CARTESIAN_POINT ( 'NONE',  ( 116.0000000000000000, -5.291502622129179656, -6.000000000000000000 ) ) ;
#634 = CARTESIAN_POINT ( 'NONE',  ( 16.30157592907785258, 4.448316230227500334, 9.500016319905451923 ) ) ;
#635 = APPROVAL_DATE_TIME ( #800, #826 ) ;
#636 = ORIENTED_EDGE ( 'NONE', *, *, #1245, .F. ) ;
#637 = CIRCLE ( 'NONE', #42, 10.50000000000000000 ) ;
#638 = DIRECTION ( 'NONE',  ( 1.000000000000000000, 0.000000000000000000, 0.000000000000000000 ) ) ;
#639 = ORIENTED_EDGE ( 'NONE', *, *, #9, .T. ) ;
#640 = CARTESIAN_POINT ( 'NONE',  ( 16.19554649637420951, -4.342155014618215958, 9.499977539190316733 ) ) ;
#641 = EDGE_CURVE ( 'NONE', #709, #241, #794, .T. ) ;
#642 = CARTESIAN_POINT ( 'NONE',  ( 19.79161908045655949, 10.29074678219931549, -2.149210709232318717 ) ) ;
#643 = CARTESIAN_POINT ( 'NONE',  ( 16.00500359389953786, 3.641127673128999209, -9.499162481069818753 ) ) ;
#644 = CARTESIAN_POINT ( 'NONE',  ( 103.0000000000000142, -5.061867244406950128, -6.000000000000000000 ) ) ;
#645 = VERTEX_POINT ( 'NONE', #348 ) ;
#646 = CARTESIAN_POINT ( 'NONE',  ( 23.50000000000000000, 9.500000000000000000, 0.000000000000000000 ) ) ;
#647 = EDGE_LOOP ( 'NONE', ( #1967, #924 ) ) ;
#648 = DIRECTION ( 'NONE',  ( 0.000000000000000000, 1.000000000000000000, -1.224646799147353207E-16 ) ) ;
#649 = CARTESIAN_POINT ( 'NONE',  ( 101.0000000000000000, -8.000000000000000000, -6.000000000000000000 ) ) ;
#650 = LINE ( 'NONE', #1945, #209 ) ;
#651 = EDGE_CURVE ( 'NONE', #1860, #1414, #422, .T. ) ;
#652 = DIRECTION ( 'NONE',  ( 0.000000000000000000, -1.000000000000000000, 0.000000000000000000 ) ) ;
#653 = CARTESIAN_POINT ( 'NONE',  ( 16.34940791561579587, 4.472136090714688983, -9.499999999999404920 ) ) ;
#654 = EDGE_CURVE ( 'NONE', #1197, #1484, #967, .T. ) ;
#655 = CYLINDRICAL_SURFACE ( 'NONE', #1437, 8.699999999999999289 ) ;
#656 = ORIENTED_EDGE ( 'NONE', *, *, #1954, .T. ) ;
#657 = CARTESIAN_POINT ( 'NONE',  ( 16.11915716896065831, -4.212102092795453778, 9.499932059430850728 ) ) ;
#658 = CARTESIAN_POINT ( 'NONE',  ( 101.0000000000000000, 1.065442715258197248E-15, 8.699999999999999289 ) ) ;
#659 = CONICAL_SURFACE ( 'NONE', #77, 8.699999999999999289, 1.030376826524300293 ) ;
#660 = AXIS2_PLACEMENT_3D ( 'NONE', #1021, #227, #1553 ) ;
#661 = DIRECTION ( 'NONE',  ( 1.000000000000000000, 0.000000000000000000, 0.000000000000000000 ) ) ;
#662 = CARTESIAN_POINT ( 'NONE',  ( 90.88671834058268928, 9.943766408451278238, 3.396523189541759358 ) ) ;
#663 = CIRCLE ( 'NONE', #764, 4.250000000000000000 ) ;
#664 = EDGE_CURVE ( 'NONE', #52, #767, #1244, .T. ) ;
#665 = DIRECTION ( 'NONE',  ( 1.000000000000000000, 0.000000000000000000, 0.000000000000000000 ) ) ;
#666 = ORIENTED_EDGE ( 'NONE', *, *, #757, .F. ) ;
#667 = FACE_OUTER_BOUND ( 'NONE', #199, .T. ) ;
#668 = AXIS2_PLACEMENT_3D ( 'NONE', #2061, #1261, #1882 ) ;
#669 = EDGE_CURVE ( 'NONE', #1069, #1484, #1636, .T. ) ;
#670 = AXIS2_PLACEMENT_3D ( 'NONE', #1060, #59, #1523 ) ;
#671 = DIRECTION ( 'NONE',  ( 0.000000000000000000, 1.000000000000000000, 0.000000000000000000 ) ) ;
#672 = CC_DESIGN_PERSON_AND_ORGANIZATION_ASSIGNMENT ( #1488, #537, ( #1178 ) ) ;
#673 = EDGE_CURVE ( 'NONE', #767, #1555, #650, .T. ) ;
#674 = DIRECTION ( 'NONE',  ( 1.000000000000000000, 0.000000000000000000, 0.000000000000000000 ) ) ;
#675 = CARTESIAN_POINT ( 'NONE',  ( 93.49999975987186929, 9.601478461253851293, 4.250122191714254427 ) ) ;
#676 = EDGE_CURVE ( 'NONE', #958, #2071, #1320, .T. ) ;
#677 = PLANE ( 'NONE',  #830 ) ;
#678 = VERTEX_POINT ( 'NONE', #1970 ) ;
#679 = CARTESIAN_POINT ( 'NONE',  ( 87.50000000000001421, 0.000000000000000000, 0.000000000000000000 ) ) ;
#680 = ORIENTED_EDGE ( 'NONE', *, *, #948, .T. ) ;
#681 = FACE_BOUND ( 'NONE', #400, .T. ) ;
#682 = FACE_OUTER_BOUND ( 'NONE', #918, .T. ) ;
#683 = CARTESIAN_POINT ( 'NONE',  ( 36.00000000000000711, 0.000000000000000000, 0.000000000000000000 ) ) ;
#684 = PLANE ( 'NONE',  #1710 ) ;
#685 = VERTEX_POINT ( 'NONE', #1159 ) ;
#686 = DIRECTION ( 'NONE',  ( 0.000000000000000000, 0.000000000000000000, -1.000000000000000000 ) ) ;
#687 = EDGE_LOOP ( 'NONE', ( #594, #197 ) ) ;
#688 = FACE_BOUND ( 'NONE', #223, .T. ) ;
#689 = ADVANCED_FACE ( 'NONE', ( #1812 ), #1406, .T. ) ;
#690 = DIRECTION ( 'NONE',  ( 1.000000000000000000, 0.000000000000000000, 0.000000000000000000 ) ) ;
#691 = LINE ( 'NONE', #1338, #1918 ) ;
#692 = EDGE_CURVE ( 'NONE', #1375, #1707, #364, .T. ) ;
#693 = DIRECTION ( 'NONE',  ( 0.000000000000000000, 0.000000000000000000, 1.000000000000000000 ) ) ;
#694 = CARTESIAN_POINT ( 'NONE',  ( 103.0000000000000142, 5.061867244406950128, -6.000000000000000000 ) ) ;
#695 = EDGE_CURVE ( 'NONE', #2101, #541, #727, .T. ) ;
#696 = TOROIDAL_SURFACE ( 'NONE', #1886, 10.10000000000129994, 0.3999999999987070010 ) ;
#697 = AXIS2_PLACEMENT_3D ( 'NONE', #260, #335, #91 ) ;
#698 = ORIENTED_EDGE ( 'NONE', *, *, #1570, .T. ) ;
#699 = CYLINDRICAL_SURFACE ( 'NONE', #939, 8.000000000000000000 ) ;
#700 = EDGE_CURVE ( 'NONE', #241, #2047, #1667, .T. ) ;
#701 = VECTOR ( 'NONE', #1087, 1000.000000000000000 ) ;
#702 = DIRECTION ( 'NONE',  ( 0.000000000000000000, 0.000000000000000000, -1.000000000000000000 ) ) ;
#703 = DIRECTION ( 'NONE',  ( 1.000000000000000000, 0.000000000000000000, 0.000000000000000000 ) ) ;
#704 = EDGE_CURVE ( 'NONE', #645, #685, #864, .T. ) ;
#705 = LINE ( 'NONE', #557, #2025 ) ;
#706 = DIRECTION ( 'NONE',  ( 1.000000000000000000, 0.000000000000000000, 0.000000000000000000 ) ) ;
#707 = CARTESIAN_POINT ( 'NONE',  ( 23.50000000000000000, 4.000000000000000000, 2.066999999999999726 ) ) ;
#708 = ORIENTED_EDGE ( 'NONE', *, *, #46, .T. ) ;
#709 = VERTEX_POINT ( 'NONE', #1031 ) ;
#710 = DIRECTION ( 'NONE',  ( 0.000000000000000000, 0.000000000000000000, -1.000000000000000000 ) ) ;
#711 = DIRECTION ( 'NONE',  ( 0.000000000000000000, -1.000000000000000000, 0.000000000000000000 ) ) ;
#712 = CARTESIAN_POINT ( 'NONE',  ( 116.0000000000000000, -5.291502622129179656, -6.000000000000000000 ) ) ;
#713 = DIRECTION ( 'NONE',  ( 0.000000000000000000, 0.000000000000000000, -1.000000000000000000 ) ) ;
#714 = PLANE ( 'NONE',  #1859 ) ;
#715 = EDGE_LOOP ( 'NONE', ( #401, #1293 ) ) ;
#716 = EDGE_LOOP ( 'NONE', ( #2012, #1848 ) ) ;
#717 = DIRECTION ( 'NONE',  ( 1.000000000000000000, 0.000000000000000000, 0.000000000000000000 ) ) ;
#718 = CARTESIAN_POINT ( 'NONE',  ( 93.50000000000000000, 9.500000000000000000, 0.000000000000000000 ) ) ;
#719 = EDGE_LOOP ( 'NONE', ( #1118, #276, #1175, #1198 ) ) ;
#720 = DIRECTION ( 'NONE',  ( 0.000000000000000000, 0.000000000000000000, 1.000000000000000000 ) ) ;
#721 = CARTESIAN_POINT ( 'NONE',  ( 93.50000000000000000, 9.500000000000000000, -4.250000000000000000 ) ) ;
#722 = CARTESIAN_POINT ( 'NONE',  ( 23.50000000000000000, 4.000000000000000000, 0.000000000000000000 ) ) ;
#723 = ORIENTED_EDGE ( 'NONE', *, *, #98, .F. ) ;
#724 = VECTOR ( 'NONE', #1114, 1000.000000000000000 ) ;
#725 = ORIENTED_EDGE ( 'NONE', *, *, #1662, .T. ) ;
#726 = ORIENTED_EDGE ( 'NONE', *, *, #259, .F. ) ;
#727 = CIRCLE ( 'NONE', #660, 10.50000000000000000 ) ;
#728 = DIRECTION ( 'NONE',  ( 1.000000000000000000, 0.000000000000000000, 0.000000000000000000 ) ) ;
#729 = ADVANCED_FACE ( 'NONE', ( #94 ), #2031, .T. ) ;
#730 = AXIS2_PLACEMENT_3D ( 'NONE', #1199, #671, #200 ) ;
#731 = AXIS2_PLACEMENT_3D ( 'NONE', #133, #309, #1610 ) ;
#732 = AXIS2_PLACEMENT_3D ( 'NONE', #1023, #1511, #1352 ) ;
#733 = DIRECTION ( 'NONE',  ( 0.000000000000000000, 0.000000000000000000, -1.000000000000000000 ) ) ;
#734 = ORIENTED_EDGE ( 'NONE', *, *, #641, .F. ) ;
#735 = APPLICATION_CONTEXT ( 'configuration controlled 3d designs of mechanical parts and assemblies' ) ;
#736 = DIRECTION ( 'NONE',  ( 0.000000000000000000, 0.000000000000000000, -1.000000000000000000 ) ) ;
#737 = CARTESIAN_POINT ( 'NONE',  ( 25.64648153914278694, 9.825633599187115763, -3.709837586315006597 ) ) ;
#738 = FACE_OUTER_BOUND ( 'NONE', #1101, .T. ) ;
#739 = ORIENTED_EDGE ( 'NONE', *, *, #762, .T. ) ;
#740 = ORIENTED_EDGE ( 'NONE', *, *, #350, .T. ) ;
#741 = EDGE_LOOP ( 'NONE', ( #934, #2081 ) ) ;
#742 = DIRECTION ( 'NONE',  ( 0.000000000000000000, 0.000000000000000000, -1.000000000000000000 ) ) ;
#743 = DIRECTION ( 'NONE',  ( 1.000000000000000000, 0.000000000000000000, 0.000000000000000000 ) ) ;
#744 = CARTESIAN_POINT ( 'NONE',  ( 103.0000000000000142, -5.291502622129179656, -6.000000000000000000 ) ) ;
#745 = CARTESIAN_POINT ( 'NONE',  ( 103.0000000000000142, 5.061867244406950128, 6.000000000000000000 ) ) ;
#746 = CARTESIAN_POINT ( 'NONE',  ( 116.0000000000000000, 0.000000000000000000, 0.000000000000000000 ) ) ;
#747 = ORIENTED_EDGE ( 'NONE', *, *, #134, .T. ) ;
#748 = CARTESIAN_POINT ( 'NONE',  ( 94.06208797204817529, 9.601848752828518130, 4.250000019800468820 ) ) ;
#749 = ORIENTED_EDGE ( 'NONE', *, *, #1298, .T. ) ;
#750 = CARTESIAN_POINT ( 'NONE',  ( 22.50000000000000000, 4.472135954999590268, -9.500000000000000000 ) ) ;
#751 = CARTESIAN_POINT ( 'NONE',  ( 16.00000000000000000, 9.797174393178825657E-16, 8.000000000000000000 ) ) ;
#752 = ORIENTED_EDGE ( 'NONE', *, *, #1834, .T. ) ;
#753 = EDGE_CURVE ( 'NONE', #574, #2075, #705, .T. ) ;
#754 = CARTESIAN_POINT ( 'NONE',  ( 23.50000000000000000, 4.000000000000000000, 0.000000000000000000 ) ) ;
#755 = CARTESIAN_POINT ( 'NONE',  ( 81.00000000000000000, 0.000000000000000000, -8.000000000000000000 ) ) ;
#756 = ORIENTED_EDGE ( 'NONE', *, *, #1051, .F. ) ;
#757 = EDGE_CURVE ( 'NONE', #476, #813, #492, .T. ) ;
#758 = CARTESIAN_POINT ( 'NONE',  ( 96.11727623826975275, 9.944813584014710273, 3.393475255209475350 ) ) ;
#759 = VERTEX_POINT ( 'NONE', #1702 ) ;
#760 = CARTESIAN_POINT ( 'NONE',  ( 0.000000000000000000, 0.000000000000000000, 0.000000000000000000 ) ) ;
#761 = VECTOR ( 'NONE', #1091, 1000.000000000000000 ) ;
#762 = EDGE_CURVE ( 'NONE', #409, #801, #250, .T. ) ;
#763 = CIRCLE ( 'NONE', #1310, 3.000000000000000000 ) ;
#764 = AXIS2_PLACEMENT_3D ( 'NONE', #546, #247, #1835 ) ;
#765 = CIRCLE ( 'NONE', #2030, 3.000000000000002665 ) ;
#766 = FACE_BOUND ( 'NONE', #615, .T. ) ;
#767 = VERTEX_POINT ( 'NONE', #744 ) ;
#768 = CARTESIAN_POINT ( 'NONE',  ( 116.7009312058487893, -4.186178591117295511, -6.000000000000000000 ) ) ;
#769 = TOROIDAL_SURFACE ( 'NONE', #214, 10.10000000000129994, 0.3999999999986965094 ) ;
#770 = CARTESIAN_POINT ( 'NONE',  ( 20.88331004600327390, 9.944717343454867020, -3.393871007930862049 ) ) ;
#771 = CARTESIAN_POINT ( 'NONE',  ( 116.3613928105267092, -4.745128049372070222, 6.000000000000000000 ) ) ;
#772 =( LENGTH_UNIT ( ) NAMED_UNIT ( * ) SI_UNIT ( .MILLI., .METRE. ) );
#773 = ORIENTED_EDGE ( 'NONE', *, *, #1187, .T. ) ;
#774 = CARTESIAN_POINT ( 'NONE',  ( 94.06184454977260145, 9.601890812200885250, -4.250000022127297328 ) ) ;
#775 = ORIENTED_EDGE ( 'NONE', *, *, #1181, .T. ) ;
#776 = CARTESIAN_POINT ( 'NONE',  ( 16.30185656234460367, -4.448478584730251484, 9.499995204510758740 ) ) ;
#777 = ADVANCED_FACE ( 'NONE', ( #2006 ), #1508, .T. ) ;
#778 = DIRECTION ( 'NONE',  ( 0.000000000000000000, -1.000000000000000000, 0.000000000000000000 ) ) ;
#779 = CARTESIAN_POINT ( 'NONE',  ( 16.30083412936926024, 4.447690252201166317, -9.500019946501025103 ) ) ;
#780 = ORIENTED_EDGE ( 'NONE', *, *, #654, .T. ) ;
#781 = CARTESIAN_POINT ( 'NONE',  ( 23.50000000000001066, -6.715530353261954396E-13, -10.50000000000000000 ) ) ;
#782 = EDGE_LOOP ( 'NONE', ( #434, #1355 ) ) ;
#783 = CARTESIAN_POINT ( 'NONE',  ( 16.00000000000000000, -3.429285639896449744, -9.500000000000000000 ) ) ;
#784 = ORIENTED_EDGE ( 'NONE', *, *, #1088, .T. ) ;
#785 = CARTESIAN_POINT ( 'NONE',  ( 23.21894859773642850, 9.601524994574754501, 4.249999990099508906 ) ) ;
#786 = CARTESIAN_POINT ( 'NONE',  ( 16.03862984736785080, 3.921914087904810664, 9.499920870306214127 ) ) ;
#787 = APPLICATION_PROTOCOL_DEFINITION ( 'international standard', 'config_control_design', 1994, #73 ) ;
#788 = ORIENTED_EDGE ( 'NONE', *, *, #37, .F. ) ;
#789 = EDGE_CURVE ( 'NONE', #1606, #100, #83, .T. ) ;
#790 = CARTESIAN_POINT ( 'NONE',  ( 81.00000000000000000, 0.000000000000000000, 0.000000000000000000 ) ) ;
#791 = VERTEX_POINT ( 'NONE', #415 ) ;
#792 = CARTESIAN_POINT ( 'NONE',  ( 16.03875227400601489, -3.922217536182219799, -9.500104833433864471 ) ) ;
#793 = CIRCLE ( 'NONE', #523, 10.09999991655479690 ) ;
#794 = CIRCLE ( 'NONE', #1070, 8.000000000000000000 ) ;
#795 = CIRCLE ( 'NONE', #1248, 10.50000000000000000 ) ;
#796 = CARTESIAN_POINT ( 'NONE',  ( 116.3611661259483725, -4.745470764255703244, -6.000000000000000000 ) ) ;
#797 = CIRCLE ( 'NONE', #390, 4.250000000000000000 ) ;
#798 = CARTESIAN_POINT ( 'NONE',  ( 117.0000000000000000, 3.605551275463990013, -6.000000000000000000 ) ) ;
#799 = DIRECTION ( 'NONE',  ( -1.000000000000000000, 0.000000000000000000, 0.000000000000000000 ) ) ;
#800 = DATE_AND_TIME ( #2097, #803 ) ;
#801 = VERTEX_POINT ( 'NONE', #1240 ) ;
#802 = AXIS2_PLACEMENT_3D ( 'NONE', #575, #717, #1054 ) ;
#803 = LOCAL_TIME ( 16, 5, 32.00000000000000000, #466 ) ;
#804 = LINE ( 'NONE', #332, #1580 ) ;
#805 = ORIENTED_EDGE ( 'NONE', *, *, #26, .T. ) ;
#806 = CARTESIAN_POINT ( 'NONE',  ( 113.0000000000000000, 3.673940397442056417E-16, 6.000000000000000000 ) ) ;
#807 = ADVANCED_FACE ( 'NONE', ( #1866 ), #38, .T. ) ;
#808 = DIRECTION ( 'NONE',  ( 1.000000000000000000, -0.000000000000000000, -0.000000000000000000 ) ) ;
#809 = EDGE_CURVE ( 'NONE', #52, #344, #2042, .T. ) ;
#810 = CARTESIAN_POINT ( 'NONE',  ( 117.0000000000000000, 0.000000000000000000, 0.000000000000000000 ) ) ;
#811 = DIRECTION ( 'NONE',  ( 0.5144957554275200184, 0.000000000000000000, -0.8574929257125480930 ) ) ;
#812 = CALENDAR_DATE ( 2026, 5, 8 ) ;
#813 = VERTEX_POINT ( 'NONE', #579 ) ;
#814 = CARTESIAN_POINT ( 'NONE',  ( 23.41554419659070518, -1.537315110660107731, 10.41554419659071407 ) ) ;
#815 = VERTEX_POINT ( 'NONE', #894 ) ;
#816 = DIRECTION ( 'NONE',  ( -1.000000000000000000, 0.000000000000000000, 0.000000000000000000 ) ) ;
#817 = DIRECTION ( 'NONE',  ( 0.000000000000000000, -1.000000000000000000, 0.000000000000000000 ) ) ;
#818 = EDGE_CURVE ( 'NONE', #2065, #1914, #1501, .T. ) ;
#819 = PERSON ( '未', '未', '未', ('未'), ('未'), ('未') ) ;
#820 = DIRECTION ( 'NONE',  ( 1.000000000000000000, 0.000000000000000000, 0.000000000000000000 ) ) ;
#821 = DIRECTION ( 'NONE',  ( 1.000000000000000000, 0.000000000000000000, 0.000000000000000000 ) ) ;
#822 = EDGE_CURVE ( 'NONE', #541, #2101, #795, .T. ) ;
#823 = DIRECTION ( 'NONE',  ( 0.000000000000000000, 0.000000000000000000, -1.000000000000000000 ) ) ;
#824 = ORIENTED_EDGE ( 'NONE', *, *, #1971, .T. ) ;
#825 = DIRECTION ( 'NONE',  ( 1.000000000000000000, 0.000000000000000000, 0.000000000000000000 ) ) ;
#826 = APPROVAL ( #1264, '未' ) ;
#827 = EDGE_CURVE ( 'NONE', #1130, #1840, #1193, .T. ) ;
#828 = CYLINDRICAL_SURFACE ( 'NONE', #80, 10.50000000000000000 ) ;
#829 = EDGE_CURVE ( 'NONE', #815, #1881, #1235, .T. ) ;
#830 = AXIS2_PLACEMENT_3D ( 'NONE', #1154, #189, #693 ) ;
#831 = DIRECTION ( 'NONE',  ( 0.000000000000000000, 0.000000000000000000, -1.000000000000000000 ) ) ;
#832 = CARTESIAN_POINT ( 'NONE',  ( 81.00000000000000000, 3.673940397442059868E-16, 3.000000000000000000 ) ) ;
#833 = CALENDAR_DATE ( 2026, 5, 8 ) ;
#834 = AXIS2_PLACEMENT_3D ( 'NONE', #2059, #109, #1246 ) ;
#835 = CARTESIAN_POINT ( 'NONE',  ( 36.00000000000000711, 9.797174393178825657E-16, 8.000000000000000000 ) ) ;
#836 = ORIENTED_EDGE ( 'NONE', *, *, #757, .T. ) ;
#837 = CARTESIAN_POINT ( 'NONE',  ( 16.00000000000000000, 8.000000000000000000, 0.000000000000000000 ) ) ;
#838 = CIRCLE ( 'NONE', #668, 8.699999999999999289 ) ;
#839 = AXIS2_PLACEMENT_3D ( 'NONE', #1428, #1772, #943 ) ;
#840 = ORIENTED_EDGE ( 'NONE', *, *, #1027, .T. ) ;
#841 = PLANE ( 'NONE',  #730 ) ;
#842 = DIRECTION ( 'NONE',  ( 0.000000000000000000, 0.000000000000000000, -1.000000000000000000 ) ) ;
#843 = CARTESIAN_POINT ( 'NONE',  ( 103.0000000000000142, 0.000000000000000000, 0.000000000000000000 ) ) ;
#844 = PERSON_AND_ORGANIZATION ( #819, #905 ) ;
#845 = FACE_OUTER_BOUND ( 'NONE', #1210, .T. ) ;
#846 = EDGE_LOOP ( 'NONE', ( #1924, #517, #222, #1072 ) ) ;
#847 = CARTESIAN_POINT ( 'NONE',  ( 22.80380146554357523, -3.764648426446174589, -9.803801465543571680 ) ) ;
#848 = ORIENTED_EDGE ( 'NONE', *, *, #130, .T. ) ;
#849 = DIRECTION ( 'NONE',  ( 1.000000000000000000, 0.000000000000000000, 0.000000000000000000 ) ) ;
#850 = PRODUCT_RELATED_PRODUCT_CATEGORY ( 'detail', '', ( #957 ) ) ;
#851 = EDGE_CURVE ( 'NONE', #1053, #801, #1106, .T. ) ;
#852 = DIRECTION ( 'NONE',  ( 0.000000000000000000, -0.6448238527906943185, 0.7643312101910826328 ) ) ;
#853 = CARTESIAN_POINT ( 'NONE',  ( 89.79161908045655593, 10.29074678219931194, -2.149210709232324490 ) ) ;
#854 = DIRECTION ( 'NONE',  ( 0.000000000000000000, -1.000000000000000000, 0.000000000000000000 ) ) ;
#855 = ORIENTED_EDGE ( 'NONE', *, *, #158, .T. ) ;
#856 = DIRECTION ( 'NONE',  ( 1.000000000000000000, 0.000000000000000000, 0.000000000000000000 ) ) ;
#857 = EDGE_CURVE ( 'NONE', #399, #2075, #1540, .T. ) ;
#858 = ORIENTED_EDGE ( 'NONE', *, *, #789, .F. ) ;
#859 = CARTESIAN_POINT ( 'NONE',  ( 103.0000000000000142, -5.061867244406950128, -6.000000000000000000 ) ) ;
#860 = EDGE_CURVE ( 'NONE', #1707, #767, #621, .T. ) ;
#861 = DIRECTION ( 'NONE',  ( 0.000000000000000000, 1.000000000000000000, 0.000000000000000000 ) ) ;
#862 = CARTESIAN_POINT ( 'NONE',  ( 0.9200000000000018163, 0.000000000000000000, 0.000000000000000000 ) ) ;
#863 = CIRCLE ( 'NONE', #1169, 8.000000000000000000 ) ;
#864 = CIRCLE ( 'NONE', #115, 8.699999999999999289 ) ;
#865 = DIRECTION ( 'NONE',  ( 0.000000000000000000, 0.000000000000000000, -1.000000000000000000 ) ) ;
#866 = DIRECTION ( 'NONE',  ( 0.000000000000000000, -1.000000000000000000, 0.000000000000000000 ) ) ;
#867 = DIRECTION ( 'NONE',  ( 0.000000000000000000, 0.000000000000000000, -1.000000000000000000 ) ) ;
#868 = VERTEX_POINT ( 'NONE', #1081 ) ;
#869 = CIRCLE ( 'NONE', #287, 10.10000019414293959 ) ;
#870 = ORIENTED_EDGE ( 'NONE', *, *, #2121, .T. ) ;
#871 = ORIENTED_EDGE ( 'NONE', *, *, #457, .F. ) ;
#872 = CARTESIAN_POINT ( 'NONE',  ( 101.0000000000000000, 8.000000000000000000, 6.000000000000000000 ) ) ;
#873 = CARTESIAN_POINT ( 'NONE',  ( 116.7009312058487751, 4.186178591117325709, 6.000000000000000000 ) ) ;
#874 = ORIENTED_EDGE ( 'NONE', *, *, #1518, .F. ) ;
#875 = CARTESIAN_POINT ( 'NONE',  ( 22.93814073835838485, 9.601256832642736327, -4.249999977872127133 ) ) ;
#876 = CARTESIAN_POINT ( 'NONE',  ( 24.62410715463778388, 9.653913378120551059, 4.136263569275669738 ) ) ;
#877 = DIRECTION ( 'NONE',  ( 0.000000000000000000, 0.000000000000000000, -1.000000000000000000 ) ) ;
#878 = ORIENTED_EDGE ( 'NONE', *, *, #1927, .T. ) ;
#879 = ORIENTED_EDGE ( 'NONE', *, *, #1502, .T. ) ;
#880 = ORIENTED_EDGE ( 'NONE', *, *, #153, .T. ) ;
#881 = CARTESIAN_POINT ( 'NONE',  ( 23.05800751469903531, 3.038769494599455001, 10.05800751469903354 ) ) ;
#882 = CARTESIAN_POINT ( 'NONE',  ( 28.10000000000130171, 0.000000000000000000, -10.10000000000129994 ) ) ;
#883 = ORIENTED_EDGE ( 'NONE', *, *, #789, .T. ) ;
#884 = CARTESIAN_POINT ( 'NONE',  ( 23.41554419659169284, 1.537315110653688199, -10.41554419659168751 ) ) ;
#885 = DIRECTION ( 'NONE',  ( 1.000000000000000000, 0.000000000000000000, 0.000000000000000000 ) ) ;
#886 = ADVANCED_FACE ( 'NONE', ( #2095 ), #1113, .T. ) ;
#887 = CARTESIAN_POINT ( 'NONE',  ( 0.000000000000000000, 0.000000000000000000, -7.080000000000000071 ) ) ;
#888 = CARTESIAN_POINT ( 'NONE',  ( 23.50000000000000000, 9.500000000000000000, 0.000000000000000000 ) ) ;
#889 = EDGE_LOOP ( 'NONE', ( #2036, #99 ) ) ;
#890 = CARTESIAN_POINT ( 'NONE',  ( 23.41554419659257746, 1.537315110647532457, 10.41554419659258279 ) ) ;
#891 = EDGE_CURVE ( 'NONE', #1708, #409, #1752, .T. ) ;
#892 = DIRECTION ( 'NONE',  ( 0.000000000000000000, -1.000000000000000000, 0.000000000000000000 ) ) ;
#893 = AXIS2_PLACEMENT_3D ( 'NONE', #1124, #1266, #1774 ) ;
#894 = CARTESIAN_POINT ( 'NONE',  ( 23.49999972811343696, 9.601462373749269474, -4.250091791629743376 ) ) ;
#895 = CARTESIAN_POINT ( 'NONE',  ( 0.9200000000000018163, 9.797174393178823685E-16, 7.999999999999998224 ) ) ;
#896 = DIRECTION ( 'NONE',  ( -1.000000000000000000, 0.000000000000000000, 0.000000000000000000 ) ) ;
#897 = VERTEX_POINT ( 'NONE', #2106 ) ;
#898 = CIRCLE ( 'NONE', #2094, 8.000000000000000000 ) ;
#899 = ORIENTED_EDGE ( 'NONE', *, *, #1294, .T. ) ;
#900 = ORIENTED_EDGE ( 'NONE', *, *, #1367, .T. ) ;
#901 = AXIS2_PLACEMENT_3D ( 'NONE', #56, #2015, #865 ) ;
#902 = CARTESIAN_POINT ( 'NONE',  ( 103.0000000000000142, 5.291502622129179656, 6.000000000000000000 ) ) ;
#903 = AXIS2_PLACEMENT_3D ( 'NONE', #151, #808, #1788 ) ;
#904 = VECTOR ( 'NONE', #257, 1000.000000000000114 ) ;
#905 = ORGANIZATION ( '未', '未', '' ) ;
#906 = CARTESIAN_POINT ( 'NONE',  ( 93.50000000000000000, 4.000000000000000000, 0.000000000000000000 ) ) ;
#907 = ORIENTED_EDGE ( 'NONE', *, *, #480, .F. ) ;
#908 = DIRECTION ( 'NONE',  ( 1.000000000000000000, 0.000000000000000000, 0.000000000000000000 ) ) ;
#909 = CARTESIAN_POINT ( 'NONE',  ( 27.20550456247736193, 10.28957230643937848, -2.154462474514818648 ) ) ;
#910 = FACE_OUTER_BOUND ( 'NONE', #1223, .T. ) ;
#911 = VERTEX_POINT ( 'NONE', #1272 ) ;
#912 = CARTESIAN_POINT ( 'NONE',  ( 97.69447405440514842, 10.47750304956265488, 0.6988953690273318475 ) ) ;
#913 = EDGE_LOOP ( 'NONE', ( #2088, #1565, #1395, #2029 ) ) ;
#914 = LINE ( 'NONE', #1897, #701 ) ;
#915 = ADVANCED_FACE ( 'NONE', ( #601 ), #1603, .T. ) ;
#916 = EDGE_CURVE ( 'NONE', #1660, #1817, #280, .T. ) ;
#917 = CYLINDRICAL_SURFACE ( 'NONE', #697, 10.50000000000000000 ) ;
#918 = EDGE_LOOP ( 'NONE', ( #973, #592, #1936, #840 ) ) ;
#919 = ADVANCED_FACE ( 'NONE', ( #283 ), #930, .T. ) ;
#920 = ADVANCED_FACE ( 'NONE', ( #612 ), #1473, .T. ) ;
#921 = CARTESIAN_POINT ( 'NONE',  ( 19.79300097659622537, 10.29038759073796960, 2.152003747455153881 ) ) ;
#922 = CARTESIAN_POINT ( 'NONE',  ( 116.0000000000000000, -5.291502622129179656, 6.000000000000000000 ) ) ;
#923 = DIRECTION ( 'NONE',  ( 1.000000000000000000, 0.000000000000000000, 0.000000000000000000 ) ) ;
#924 = ORIENTED_EDGE ( 'NONE', *, *, #1740, .T. ) ;
#925 = EDGE_CURVE ( 'NONE', #1061, #1125, #628, .T. ) ;
#926 = ORIENTED_EDGE ( 'NONE', *, *, #809, .F. ) ;
#927 = EDGE_LOOP ( 'NONE', ( #1222, #242 ) ) ;
#928 = CARTESIAN_POINT ( 'NONE',  ( 22.87125517689984378, 3.584024279255184187, 9.871255176899845551 ) ) ;
#929 = DIRECTION ( 'NONE',  ( 0.5144957554275200184, 1.050125966765371091E-16, 0.8574929257125480930 ) ) ;
#930 = CYLINDRICAL_SURFACE ( 'NONE', #322, 8.000000000000000000 ) ;
#931 = CARTESIAN_POINT ( 'NONE',  ( 116.7011194705305854, -4.185813085579644266, 6.000000000000000000 ) ) ;
#932 = DIRECTION ( 'NONE',  ( 1.000000000000000000, 0.000000000000000000, 0.000000000000000000 ) ) ;
#933 = ORIENTED_EDGE ( 'NONE', *, *, #153, .F. ) ;
#934 = ORIENTED_EDGE ( 'NONE', *, *, #93, .F. ) ;
#935 = VERTEX_POINT ( 'NONE', #1888 ) ;
#936 = CARTESIAN_POINT ( 'NONE',  ( 103.0000000000000142, 5.061867244406950128, -6.000000000000000000 ) ) ;
#937 = CIRCLE ( 'NONE', #112, 0.3999999999987069454 ) ;
#938 = CIRCLE ( 'NONE', #632, 10.50000000000000000 ) ;
#939 = AXIS2_PLACEMENT_3D ( 'NONE', #1346, #728, #1381 ) ;
#940 = CIRCLE ( 'NONE', #358, 3.000000000000002665 ) ;
#941 = DIRECTION ( 'NONE',  ( 1.000000000000000000, 0.000000000000000000, 0.000000000000000000 ) ) ;
#942 = CARTESIAN_POINT ( 'NONE',  ( 16.34977832264626585, 4.472135960057069148, 9.499999999998768985 ) ) ;
#943 = DIRECTION ( 'NONE',  ( -1.000000000000000000, 0.000000000000000000, 0.000000000000000000 ) ) ;
#944 = EDGE_LOOP ( 'NONE', ( #436, #933, #277, #1288, #1548, #1025, #773, #60 ) ) ;
#945 = DIRECTION ( 'NONE',  ( 0.000000000000000000, 0.000000000000000000, -1.000000000000000000 ) ) ;
#946 = ORIENTED_EDGE ( 'NONE', *, *, #9, .F. ) ;
#947 = PLANE ( 'NONE',  #731 ) ;
#948 = EDGE_CURVE ( 'NONE', #813, #645, #1098, .T. ) ;
#949 = DIRECTION ( 'NONE',  ( 0.000000000000000000, 0.000000000000000000, -1.000000000000000000 ) ) ;
#950 = CARTESIAN_POINT ( 'NONE',  ( 16.02378593844283827, 3.824988034636423340, 9.499952571368231347 ) ) ;
#951 =( NAMED_UNIT ( * ) PLANE_ANGLE_UNIT ( ) SI_UNIT ( $, .RADIAN. ) );
#952 = VERTEX_POINT ( 'NONE', #1328 ) ;
#953 = EDGE_CURVE ( 'NONE', #1819, #1226, #179, .T. ) ;
#954 = CARTESIAN_POINT ( 'NONE',  ( 101.0000000000000000, 1.261386215009600500E-15, 10.10000019414293959 ) ) ;
#955 = ORIENTED_EDGE ( 'NONE', *, *, #1077, .T. ) ;
#956 = DIRECTION ( 'NONE',  ( 1.000000000000000000, -0.000000000000000000, -0.000000000000000000 ) ) ;
#957 = PRODUCT ( '16MA 25 Body_Default_sldprt', '16MA 25 Body_Default_sldprt', '', ( #2070 ) ) ;
#958 = VERTEX_POINT ( 'NONE', #1777 ) ;
#959 = DIRECTION ( 'NONE',  ( -0.5144957554275368938, 1.050125966765358765E-16, -0.8574929257125379900 ) ) ;
#960 = CARTESIAN_POINT ( 'NONE',  ( 0.000000000000000000, 0.000000000000000000, 0.000000000000000000 ) ) ;
#961 = PERSON_AND_ORGANIZATION_ROLE ( 'creator' ) ;
#962 = EDGE_LOOP ( 'NONE', ( #2116, #1364, #1038, #1751 ) ) ;
#963 = CARTESIAN_POINT ( 'NONE',  ( 0.000000000000000000, 0.000000000000000000, 0.000000000000000000 ) ) ;
#964 = EDGE_LOOP ( 'NONE', ( #1247, #734, #775, #1380 ) ) ;
#965 = FACE_OUTER_BOUND ( 'NONE', #716, .T. ) ;
#966 = CARTESIAN_POINT ( 'NONE',  ( 116.0000000000000000, 0.000000000000000000, 0.000000000000000000 ) ) ;
#967 = CIRCLE ( 'NONE', #35, 3.000000000000000000 ) ;
#968 = AXIS2_PLACEMENT_3D ( 'NONE', #1349, #1372, #396 ) ;
#969 = VECTOR ( 'NONE', #1399, 1000.000000000000000 ) ;
#970 = CARTESIAN_POINT ( 'NONE',  ( 29.79999999999999716, 0.000000000000000000, 0.000000000000000000 ) ) ;
#971 = CARTESIAN_POINT ( 'NONE',  ( 29.50000000000000355, 0.000000000000000000, -8.200000000000001066 ) ) ;
#972 = PERSON_AND_ORGANIZATION ( #819, #905 ) ;
#973 = ORIENTED_EDGE ( 'NONE', *, *, #673, .F. ) ;
#974 = AXIS2_PLACEMENT_3D ( 'NONE', #1536, #90, #742 ) ;
#975 = AXIS2_PLACEMENT_3D ( 'NONE', #432, #252, #1374 ) ;
#976 = CYLINDRICAL_SURFACE ( 'NONE', #1280, 3.000000000000000000 ) ;
#977 = ORIENTED_EDGE ( 'NONE', *, *, #1088, .F. ) ;
#978 = CARTESIAN_POINT ( 'NONE',  ( 16.00000000000000000, -3.429285639896449744, 9.500000000000000000 ) ) ;
#979 = FACE_OUTER_BOUND ( 'NONE', #236, .T. ) ;
#980 = ADVANCED_FACE ( 'NONE', ( #155 ), #1321, .F. ) ;
#981 = CARTESIAN_POINT ( 'NONE',  ( 23.50000000000000355, -6.431767220503679421E-12, 10.50000000000000178 ) ) ;
#982 = CARTESIAN_POINT ( 'NONE',  ( 91.35233708188731327, 9.825567268828059753, 3.709219358024510971 ) ) ;
#983 = EDGE_CURVE ( 'NONE', #459, #24, #462, .T. ) ;
#984 = CARTESIAN_POINT ( 'NONE',  ( 23.50000000000000000, 9.500000000000000000, 4.250000000000000000 ) ) ;
#985 = ORIENTED_EDGE ( 'NONE', *, *, #1990, .T. ) ;
#986 = DIRECTION ( 'NONE',  ( 0.000000000000000000, 0.000000000000000000, -1.000000000000000000 ) ) ;
#987 = EDGE_CURVE ( 'NONE', #1317, #1086, #2099, .T. ) ;
#988 = CYLINDRICAL_SURFACE ( 'NONE', #1474, 10.50000000000000000 ) ;
#989 = DIRECTION ( 'NONE',  ( 0.000000000000000000, -1.000000000000000000, 0.000000000000000000 ) ) ;
#990 = CARTESIAN_POINT ( 'NONE',  ( 95.56699999999999307, 4.000000000000000000, 0.000000000000000000 ) ) ;
#991 = DIRECTION ( 'NONE',  ( 1.000000000000000000, 0.000000000000000000, 0.000000000000000000 ) ) ;
#992 = PERSON_AND_ORGANIZATION ( #819, #905 ) ;
#993 = EDGE_CURVE ( 'NONE', #1052, #897, #1170, .T. ) ;
#994 = DIRECTION ( 'NONE',  ( 0.000000000000000000, 0.000000000000000000, -1.000000000000000000 ) ) ;
#995 = EDGE_LOOP ( 'NONE', ( #752, #624, #1872, #124 ) ) ;
#996 = DIRECTION ( 'NONE',  ( -1.000000000000000000, 0.000000000000000000, 0.000000000000000000 ) ) ;
#997 = ORIENTED_EDGE ( 'NONE', *, *, #695, .F. ) ;
#998 = DIRECTION ( 'NONE',  ( 0.000000000000000000, -1.000000000000000000, 0.000000000000000000 ) ) ;
#999 = DIRECTION ( 'NONE',  ( 1.000000000000000000, 0.000000000000000000, 0.000000000000000000 ) ) ;
#1000 = VECTOR ( 'NONE', #1014, 1000.000000000000000 ) ;
#1001 = VECTOR ( 'NONE', #237, 1000.000000000000000 ) ;
#1002 = LINE ( 'NONE', #1486, #1677 ) ;
#1003 = CARTESIAN_POINT ( 'NONE',  ( 92.37624366161999490, 9.653690712078086378, -4.136366326303868135 ) ) ;
#1004 = DIRECTION ( 'NONE',  ( -1.000000000000000000, 0.000000000000000000, 0.000000000000000000 ) ) ;
#1005 = ORIENTED_EDGE ( 'NONE', *, *, #1869, .T. ) ;
#1006 = CARTESIAN_POINT ( 'NONE',  ( 28.50000000000000000, 0.000000000000000000, -10.09999996277821133 ) ) ;
#1007 = VECTOR ( 'NONE', #996, 1000.000000000000000 ) ;
#1008 = VERTEX_POINT ( 'NONE', #194 ) ;
#1009 = DIRECTION ( 'NONE',  ( 1.000000000000000000, 0.000000000000000000, 0.000000000000000000 ) ) ;
#1010 = ADVANCED_FACE ( 'NONE', ( #2114 ), #1937, .T. ) ;
#1011 = DIRECTION ( 'NONE',  ( 1.000000000000000000, 0.000000000000000000, 0.000000000000000000 ) ) ;
#1012 = CARTESIAN_POINT ( 'NONE',  ( 93.49999975987186929, 9.601478461253851293, 4.250122191714254427 ) ) ;
#1013 = DATE_AND_TIME ( #349, #1078 ) ;
#1014 = DIRECTION ( 'NONE',  ( 1.000000000000000000, 0.000000000000000000, 0.000000000000000000 ) ) ;
#1015 = ORIENTED_EDGE ( 'NONE', *, *, #1902, .T. ) ;
#1016 = FACE_OUTER_BOUND ( 'NONE', #206, .T. ) ;
#1017 = DIRECTION ( 'NONE',  ( 0.000000000000000000, 0.000000000000000000, -1.000000000000000000 ) ) ;
#1018 = DIRECTION ( 'NONE',  ( 1.000000000000000000, 0.000000000000000000, 0.000000000000000000 ) ) ;
#1019 = CYLINDRICAL_SURFACE ( 'NONE', #1820, 8.000000000000000000 ) ;
#1020 = ADVANCED_FACE ( 'NONE', ( #1476 ), #359, .T. ) ;
#1021 = CARTESIAN_POINT ( 'NONE',  ( 100.5999999999999943, 0.000000000000000000, 0.000000000000000000 ) ) ;
#1022 = CARTESIAN_POINT ( 'NONE',  ( 87.20000000000000284, 0.000000000000000000, 0.000000000000000000 ) ) ;
#1023 = CARTESIAN_POINT ( 'NONE',  ( 116.0000000000000000, 0.000000000000000000, 0.000000000000000000 ) ) ;
#1024 = ORIENTED_EDGE ( 'NONE', *, *, #489, .T. ) ;
#1025 = ORIENTED_EDGE ( 'NONE', *, *, #1800, .F. ) ;
#1026 = DIRECTION ( 'NONE',  ( 1.000000000000000000, 0.000000000000000000, 0.000000000000000000 ) ) ;
#1027 = EDGE_CURVE ( 'NONE', #1742, #1555, #146, .T. ) ;
#1028 = FACE_OUTER_BOUND ( 'NONE', #1547, .T. ) ;
#1029 = ORIENTED_EDGE ( 'NONE', *, *, #1732, .T. ) ;
#1030 = VECTOR ( 'NONE', #908, 1000.000000000000000 ) ;
#1031 = CARTESIAN_POINT ( 'NONE',  ( 36.00000000000000711, 0.000000000000000000, -8.000000000000000000 ) ) ;
#1032 = LINE ( 'NONE', #15, #142 ) ;
#1033 = CARTESIAN_POINT ( 'NONE',  ( 101.0000000000000000, 0.000000000000000000, -8.699999999999999289 ) ) ;
#1034 = VERTEX_POINT ( 'NONE', #1464 ) ;
#1035 = CLOSED_SHELL ( 'NONE', ( #572, #395, #428, #225, #1985, #1483, #1415, #2034, #163, #159, #1704, #1139, #689, #1424, #1864, #1454, #1625, #1638, #1450, #1327, #1842, #2058, #920, #1271, #729, #543, #1080, #231, #1020, #609, #2023, #807, #1357, #378, #481, #919, #1607, #1780, #1893, #447, #104, #185, #313, #1301, #777, #1601, #1043, #295, #2026, #1509, #1358, #279, #1456, #1425, #1961, #915, #270, #1201, #980, #1010, #213, #2057, #886, #221, #66, #412, #1556, #281 ) ) ;
#1036 = AXIS2_PLACEMENT_3D ( 'NONE', #171, #28, #710 ) ;
#1037 = CIRCLE ( 'NONE', #1475, 0.4000000000072435058 ) ;
#1038 = ORIENTED_EDGE ( 'NONE', *, *, #1965, .T. ) ;
#1039 = ORIENTED_EDGE ( 'NONE', *, *, #2121, .F. ) ;
#1040 = DIRECTION ( 'NONE',  ( -1.000000000000000000, 0.000000000000000000, 0.000000000000000000 ) ) ;
#1041 = CIRCLE ( 'NONE', #289, 10.10000000000130171 ) ;
#1042 = EDGE_CURVE ( 'NONE', #92, #1606, #1494, .T. ) ;
#1043 = ADVANCED_FACE ( 'NONE', ( #1313 ), #696, .T. ) ;
#1044 = CARTESIAN_POINT ( 'NONE',  ( 87.50000000000001421, 0.000000000000000000, 0.000000000000000000 ) ) ;
#1045 = VERTEX_POINT ( 'NONE', #981 ) ;
#1046 = CARTESIAN_POINT ( 'NONE',  ( 22.87125517689750609, 3.584024279261622592, -9.871255176897509642 ) ) ;
#1047 = CARTESIAN_POINT ( 'NONE',  ( 26.11727623826975986, 9.944813584014715602, 3.393475255209455810 ) ) ;
#1048 = DIRECTION ( 'NONE',  ( 0.000000000000000000, -1.000000000000000000, 0.000000000000000000 ) ) ;
#1049 = CC_DESIGN_PERSON_AND_ORGANIZATION_ASSIGNMENT ( #992, #1153, ( #1252 ) ) ;
#1050 = ORIENTED_EDGE ( 'NONE', *, *, #857, .T. ) ;
#1051 = EDGE_CURVE ( 'NONE', #1716, #1860, #1617, .T. ) ;
#1052 = VERTEX_POINT ( 'NONE', #1142 ) ;
#1053 = VERTEX_POINT ( 'NONE', #504 ) ;
#1054 = DIRECTION ( 'NONE',  ( 0.000000000000000000, 0.000000000000000000, -1.000000000000000000 ) ) ;
#1055 = EDGE_CURVE ( 'NONE', #1062, #121, #1785, .T. ) ;
#1056 = LINE ( 'NONE', #1700, #1854 ) ;
#1057 = ORIENTED_EDGE ( 'NONE', *, *, #312, .T. ) ;
#1058 = CARTESIAN_POINT ( 'NONE',  ( 103.0000000000000142, -5.291502622129179656, 6.000000000000000000 ) ) ;
#1059 = LINE ( 'NONE', #1703, #351 ) ;
#1060 = CARTESIAN_POINT ( 'NONE',  ( 117.0000000000000000, 0.000000000000000000, 0.000000000000000000 ) ) ;
#1061 = VERTEX_POINT ( 'NONE', #1291 ) ;
#1062 = VERTEX_POINT ( 'NONE', #12 ) ;
#1063 = ORIENTED_EDGE ( 'NONE', *, *, #1299, .T. ) ;
#1064 = CARTESIAN_POINT ( 'NONE',  ( 88.90000000000000568, 0.000000000000000000, 0.000000000000000000 ) ) ;
#1065 = AXIS2_PLACEMENT_3D ( 'NONE', #1753, #497, #1146 ) ;
#1066 = CARTESIAN_POINT ( 'NONE',  ( 22.58129780121505803, 4.299437917098184236, -9.581297801215054477 ) ) ;
#1067 = CARTESIAN_POINT ( 'NONE',  ( 23.49999972811343696, 9.601462373749269474, -4.250091791629743376 ) ) ;
#1068 = FACE_OUTER_BOUND ( 'NONE', #1829, .T. ) ;
#1069 = VERTEX_POINT ( 'NONE', #1801 ) ;
#1070 = AXIS2_PLACEMENT_3D ( 'NONE', #683, #821, #2125 ) ;
#1071 = CARTESIAN_POINT ( 'NONE',  ( 96.89578885180958423, 10.17747892964492884, 2.614273759394059038 ) ) ;
#1072 = ORIENTED_EDGE ( 'NONE', *, *, #1387, .F. ) ;
#1073 = AXIS2_PLACEMENT_3D ( 'NONE', #172, #652, #831 ) ;
#1074 = LINE ( 'NONE', #1722, #904 ) ;
#1075 = EDGE_CURVE ( 'NONE', #1567, #868, #1127, .T. ) ;
#1076 = CIRCLE ( 'NONE', #1343, 8.200000000000001066 ) ;
#1077 = EDGE_CURVE ( 'NONE', #1916, #399, #1002, .T. ) ;
#1078 = LOCAL_TIME ( 16, 5, 32.00000000000000000, #1466 ) ;
#1079 = LINE ( 'NONE', #1724, #969 ) ;
#1080 = ADVANCED_FACE ( 'NONE', ( #682 ), #1980, .F. ) ;
#1081 = CARTESIAN_POINT ( 'NONE',  ( 0.000000000000000000, 0.000000000000000000, -7.080000000000000071 ) ) ;
#1082 = CARTESIAN_POINT ( 'NONE',  ( 36.00000000000000711, 3.000000000000000000, 0.000000000000000000 ) ) ;
#1083 = DIRECTION ( 'NONE',  ( 0.000000000000000000, 0.000000000000000000, -1.000000000000000000 ) ) ;
#1084 = EDGE_LOOP ( 'NONE', ( #299, #666, #879, #1880 ) ) ;
#1085 = CARTESIAN_POINT ( 'NONE',  ( 97.75012956133910791, 10.50005390666154348, 0.1367915505650545427 ) ) ;
#1086 = VERTEX_POINT ( 'NONE', #2004 ) ;
#1087 = DIRECTION ( 'NONE',  ( 0.000000000000000000, 1.000000000000000000, 0.000000000000000000 ) ) ;
#1088 = EDGE_CURVE ( 'NONE', #2075, #399, #797, .T. ) ;
#1089 = DIRECTION ( 'NONE',  ( 0.000000000000000000, 0.000000000000000000, -1.000000000000000000 ) ) ;
#1090 = CARTESIAN_POINT ( 'NONE',  ( 19.25006859263463710, 10.49972215432492639, -0.5624279954393773817 ) ) ;
#1091 = DIRECTION ( 'NONE',  ( 1.000000000000000000, 0.000000000000000000, 0.000000000000000000 ) ) ;
#1092 = COORDINATED_UNIVERSAL_TIME_OFFSET ( 8, 0, .AHEAD. ) ;
#1093 = VERTEX_POINT ( 'NONE', #1368 ) ;
#1094 = DIRECTION ( 'NONE',  ( 0.000000000000000000, -1.000000000000000000, 0.000000000000000000 ) ) ;
#1095 = ORIENTED_EDGE ( 'NONE', *, *, #664, .T. ) ;
#1096 = CARTESIAN_POINT ( 'NONE',  ( 16.08713746956135537, -4.117116459600302925, -9.499852578743713138 ) ) ;
#1097 = CARTESIAN_POINT ( 'NONE',  ( 29.50000000000000355, 1.004210375300829674E-15, 8.200000000000001066 ) ) ;
#1098 = LINE ( 'NONE', #1725, #78 ) ;
#1099 = FACE_OUTER_BOUND ( 'NONE', #1701, .T. ) ;
#1100 = DIRECTION ( 'NONE',  ( 0.000000000000000000, 0.000000000000000000, -1.000000000000000000 ) ) ;
#1101 = EDGE_LOOP ( 'NONE', ( #883, #1439, #1763 ) ) ;
#1102 = DIRECTION ( 'NONE',  ( 1.000000000000000000, 0.000000000000000000, 0.000000000000000000 ) ) ;
#1103 = EDGE_LOOP ( 'NONE', ( #1490, #848 ) ) ;
#1104 = FACE_BOUND ( 'NONE', #556, .T. ) ;
#1105 = VECTOR ( 'NONE', #1656, 1000.000000000000000 ) ;
#1106 = CIRCLE ( 'NONE', #1953, 7.849999999999999645 ) ;
#1107 = CIRCLE ( 'NONE', #631, 8.699999999999999289 ) ;
#1108 = AXIS2_PLACEMENT_3D ( 'NONE', #54, #1018, #1217 ) ;
#1109 = CIRCLE ( 'NONE', #1282, 8.000000000000000000 ) ;
#1110 = ORIENTED_EDGE ( 'NONE', *, *, #130, .F. ) ;
#1111 = EDGE_CURVE ( 'NONE', #1498, #103, #1992, .T. ) ;
#1112 = VECTOR ( 'NONE', #1715, 1000.000000000000114 ) ;
#1113 = PLANE ( 'NONE',  #1991 ) ;
#1114 = DIRECTION ( 'NONE',  ( 1.000000000000000000, 0.000000000000000000, 0.000000000000000000 ) ) ;
#1115 = CARTESIAN_POINT ( 'NONE',  ( 0.000000000000000000, 0.000000000000000000, 0.000000000000000000 ) ) ;
#1116 = ORIENTED_EDGE ( 'NONE', *, *, #1209, .F. ) ;
#1117 = DIRECTION ( 'NONE',  ( 1.000000000000000000, 0.000000000000000000, 0.000000000000000000 ) ) ;
#1118 = ORIENTED_EDGE ( 'NONE', *, *, #851, .F. ) ;
#1119 = CARTESIAN_POINT ( 'NONE',  ( 101.0000000000000000, 0.000000000000000000, 0.000000000000000000 ) ) ;
#1120 = DIRECTION ( 'NONE',  ( 0.000000000000000000, 0.000000000000000000, -1.000000000000000000 ) ) ;
#1121 = CARTESIAN_POINT ( 'NONE',  ( 16.00000017585399092, 3.536231640404658094, 9.500000000000000000 ) ) ;
#1122 = LINE ( 'NONE', #644, #433 ) ;
#1123 = ORIENTED_EDGE ( 'NONE', *, *, #1075, .F. ) ;
#1124 = CARTESIAN_POINT ( 'NONE',  ( 101.0000000000000000, 0.000000000000000000, 0.000000000000000000 ) ) ;
#1125 = VERTEX_POINT ( 'NONE', #81 ) ;
#1126 = CARTESIAN_POINT ( 'NONE',  ( 16.04181196112184793, -3.927127942957600926, 9.499566609794674932 ) ) ;
#1127 = CIRCLE ( 'NONE', #1281, 7.080000000000000071 ) ;
#1128 = CARTESIAN_POINT ( 'NONE',  ( 28.50000000000000000, 0.000000000000000000, 0.000000000000000000 ) ) ;
#1129 = CARTESIAN_POINT ( 'NONE',  ( 16.08659269320925489, 4.114312086537117885, -9.500195372818236450 ) ) ;
#1130 = VERTEX_POINT ( 'NONE', #43 ) ;
#1131 = FACE_OUTER_BOUND ( 'NONE', #551, .T. ) ;
#1132 = ORIENTED_EDGE ( 'NONE', *, *, #829, .F. ) ;
#1133 = CARTESIAN_POINT ( 'NONE',  ( 16.22514641581628680, -4.382389169332297385, -9.499976542232682064 ) ) ;
#1134 = EDGE_CURVE ( 'NONE', #1840, #1265, #2056, .T. ) ;
#1135 = AXIS2_PLACEMENT_3D ( 'NONE', #590, #1877, #1714 ) ;
#1136 = CARTESIAN_POINT ( 'NONE',  ( 117.0000000000000000, 7.000000000000000000, 0.000000000000000000 ) ) ;
#1137 = DIRECTION ( 'NONE',  ( 0.000000000000000000, 1.000000000000000000, 0.000000000000000000 ) ) ;
#1138 = VECTOR ( 'NONE', #989, 1000.000000000000000 ) ;
#1139 = ADVANCED_FACE ( 'NONE', ( #1551 ), #577, .T. ) ;
#1140 = AXIS2_PLACEMENT_3D ( 'NONE', #1044, #1337, #555 ) ;
#1141 = CIRCLE ( 'NONE', #500, 3.000000000000000000 ) ;
#1142 = CARTESIAN_POINT ( 'NONE',  ( 29.79999999999999716, 1.065442715258197248E-15, 8.700000000000001066 ) ) ;
#1143 = DIRECTION ( 'NONE',  ( 1.000000000000000000, 0.000000000000000000, 0.000000000000000000 ) ) ;
#1144 = EDGE_CURVE ( 'NONE', #154, #911, #663, .T. ) ;
#1145 = AXIS2_PLACEMENT_3D ( 'NONE', #581, #1229, #417 ) ;
#1146 = DIRECTION ( 'NONE',  ( 0.000000000000000000, 0.000000000000000000, -1.000000000000000000 ) ) ;
#1147 = ORIENTED_EDGE ( 'NONE', *, *, #851, .T. ) ;
#1148 = CARTESIAN_POINT ( 'NONE',  ( 88.50000000000000000, 0.000000000000000000, -8.699999999999999289 ) ) ;
#1149 = LINE ( 'NONE', #658, #1823 ) ;
#1150 = EDGE_CURVE ( 'NONE', #813, #476, #282, .T. ) ;
#1151 = DIRECTION ( 'NONE',  ( 1.000000000000000000, 0.000000000000000000, 0.000000000000000000 ) ) ;
#1152 = DIRECTION ( 'NONE',  ( 0.000000000000000000, -0.6614378277661474570, 0.7500000000000001110 ) ) ;
#1153 = PERSON_AND_ORGANIZATION_ROLE ( 'design_supplier' ) ;
#1154 = CARTESIAN_POINT ( 'NONE',  ( 81.00000000000000000, 8.000000000000000000, 0.000000000000000000 ) ) ;
#1155 = VERTEX_POINT ( 'NONE', #201 ) ;
#1156 = DIRECTION ( 'NONE',  ( 1.000000000000000000, 0.000000000000000000, 0.000000000000000000 ) ) ;
#1157 = EDGE_LOOP ( 'NONE', ( #1524, #2083, #1729, #1514 ) ) ;
#1158 = DIRECTION ( 'NONE',  ( 0.000000000000000000, 0.000000000000000000, -1.000000000000000000 ) ) ;
#1159 = CARTESIAN_POINT ( 'NONE',  ( 87.20000000000000284, 1.065442715258197248E-15, 8.699999999999999289 ) ) ;
#1160 = CARTESIAN_POINT ( 'NONE',  ( 88.89999999999869829, 0.000000000000000000, 0.000000000000000000 ) ) ;
#1161 = DIRECTION ( 'NONE',  ( 0.000000000000000000, 0.000000000000000000, -1.000000000000000000 ) ) ;
#1162 = LINE ( 'NONE', #22, #1279 ) ;
#1163 = EDGE_LOOP ( 'NONE', ( #1189, #1363 ) ) ;
#1164 = CARTESIAN_POINT ( 'NONE',  ( 22.50000000000000000, 4.472135954999584939, 9.500000000000000000 ) ) ;
#1165 = EDGE_LOOP ( 'NONE', ( #1095, #1405, #1305, #926 ) ) ;
#1166 = CARTESIAN_POINT ( 'NONE',  ( 23.50000000000000000, 4.000000000000000000, 0.000000000000000000 ) ) ;
#1167 = EDGE_CURVE ( 'NONE', #2109, #578, #1211, .T. ) ;
#1168 = TOROIDAL_SURFACE ( 'NONE', #1065, 10.10000000000129994, 0.3999999999987070010 ) ;
#1169 = AXIS2_PLACEMENT_3D ( 'NONE', #1761, #1912, #1771 ) ;
#1170 = CIRCLE ( 'NONE', #1442, 8.699999999999999289 ) ;
#1171 = CARTESIAN_POINT ( 'NONE',  ( 16.00000000000000000, 0.000000000000000000, 0.000000000000000000 ) ) ;
#1172 = CARTESIAN_POINT ( 'NONE',  ( 90.10509760401656365, 10.17708096874759249, -2.615351688696382126 ) ) ;
#1173 = AXIS2_PLACEMENT_3D ( 'NONE', #1166, #998, #1356 ) ;
#1174 = CARTESIAN_POINT ( 'NONE',  ( 110.0000000000000000, 0.000000000000000000, -6.000000000000000000 ) ) ;
#1175 = ORIENTED_EDGE ( 'NONE', *, *, #1899, .F. ) ;
#1176 = PLANE ( 'NONE',  #357 ) ;
#1177 = AXIS2_PLACEMENT_3D ( 'NONE', #508, #856, #1497 ) ;
#1178 = SECURITY_CLASSIFICATION ( '', '', #338 ) ;
#1179 = EDGE_LOOP ( 'NONE', ( #301, #899, #1839, #50 ) ) ;
#1180 = CARTESIAN_POINT ( 'NONE',  ( 36.00000000000000711, 0.000000000000000000, 0.000000000000000000 ) ) ;
#1181 = EDGE_CURVE ( 'NONE', #709, #362, #1865, .T. ) ;
#1182 = LINE ( 'NONE', #1191, #1250 ) ;
#1183 = DIRECTION ( 'NONE',  ( 0.000000000000000000, -1.000000000000000000, 0.000000000000000000 ) ) ;
#1184 = DATE_TIME_ROLE ( 'classification_date' ) ;
#1185 = DIRECTION ( 'NONE',  ( 1.000000000000000000, 0.000000000000000000, 0.000000000000000000 ) ) ;
#1186 = CARTESIAN_POINT ( 'NONE',  ( 23.50000000000000000, 9.500000000000000000, -2.066999999999999726 ) ) ;
#1187 = EDGE_CURVE ( 'NONE', #100, #459, #568, .T. ) ;
#1188 = EDGE_LOOP ( 'NONE', ( #1932, #1775, #1768, #1622 ) ) ;
#1189 = ORIENTED_EDGE ( 'NONE', *, *, #1167, .F. ) ;
#1190 = CARTESIAN_POINT ( 'NONE',  ( 110.0000000000000000, 0.000000000000000000, -6.000000000000000000 ) ) ;
#1191 = CARTESIAN_POINT ( 'NONE',  ( 23.50000000000000000, 4.000000000000000000, 2.066999999999999726 ) ) ;
#1192 = EDGE_LOOP ( 'NONE', ( #1831, #16, #955, #1050 ) ) ;
#1193 = LINE ( 'NONE', #216, #354 ) ;
#1194 = DIRECTION ( 'NONE',  ( 0.000000000000000000, 0.000000000000000000, -1.000000000000000000 ) ) ;
#1195 = FACE_OUTER_BOUND ( 'NONE', #647, .T. ) ;
#1196 = ORIENTED_EDGE ( 'NONE', *, *, #1042, .T. ) ;
#1197 = VERTEX_POINT ( 'NONE', #1203 ) ;
#1198 = ORIENTED_EDGE ( 'NONE', *, *, #23, .F. ) ;
#1199 = CARTESIAN_POINT ( 'NONE',  ( 27.75000000000000000, 9.500000000000000000, 0.000000000000000000 ) ) ;
#1200 = EDGE_CURVE ( 'NONE', #2065, #1817, #1182, .T. ) ;
#1201 = ADVANCED_FACE ( 'NONE', ( #403, #1028 ), #1537, .T. ) ;
#1202 = EDGE_CURVE ( 'NONE', #1125, #1375, #1056, .T. ) ;
#1203 = CARTESIAN_POINT ( 'NONE',  ( 36.00000000000000711, 0.000000000000000000, -3.000000000000000000 ) ) ;
#1204 = VECTOR ( 'NONE', #1446, 1000.000000000000000 ) ;
#1205 = AXIS2_PLACEMENT_3D ( 'NONE', #1736, #941, #1283 ) ;
#1206 = CARTESIAN_POINT ( 'NONE',  ( 103.0000000000000142, 5.061867244406950128, 6.000000000000000000 ) ) ;
#1207 = FACE_OUTER_BOUND ( 'NONE', #1590, .T. ) ;
#1208 = CARTESIAN_POINT ( 'NONE',  ( 101.0000000000000000, -5.061867244406950128, 6.000000000000000000 ) ) ;
#1209 = EDGE_CURVE ( 'NONE', #1286, #1155, #1665, .T. ) ;
#1210 = EDGE_LOOP ( 'NONE', ( #1394, #1908, #1230, #1214 ) ) ;
#1211 = CIRCLE ( 'NONE', #597, 2.066999999999999726 ) ;
#1212 = AXIS2_PLACEMENT_3D ( 'NONE', #2120, #1422, #2091 ) ;
#1213 = ORIENTED_EDGE ( 'NONE', *, *, #1663, .T. ) ;
#1214 = ORIENTED_EDGE ( 'NONE', *, *, #1740, .F. ) ;
#1215 = PLANE ( 'NONE',  #802 ) ;
#1216 = CIRCLE ( 'NONE', #975, 8.699999999999999289 ) ;
#1217 = DIRECTION ( 'NONE',  ( 0.000000000000000000, 0.000000000000000000, -1.000000000000000000 ) ) ;
#1218 = CARTESIAN_POINT ( 'NONE',  ( 23.50000000000004974, 0.7823937498655401113, -10.50000000000005151 ) ) ;
#1219 = FACE_OUTER_BOUND ( 'NONE', #687, .T. ) ;
#1220 = FACE_OUTER_BOUND ( 'NONE', #1157, .T. ) ;
#1221 = ORIENTED_EDGE ( 'NONE', *, *, #2062, .T. ) ;
#1222 = ORIENTED_EDGE ( 'NONE', *, *, #58, .T. ) ;
#1223 = EDGE_LOOP ( 'NONE', ( #1951, #805, #1515, #450 ) ) ;
#1224 = FACE_OUTER_BOUND ( 'NONE', #240, .T. ) ;
#1225 = DIRECTION ( 'NONE',  ( 1.000000000000000000, 0.000000000000000000, 0.000000000000000000 ) ) ;
#1226 = VERTEX_POINT ( 'NONE', #1505 ) ;
#1227 = DIRECTION ( 'NONE',  ( 1.000000000000000000, -0.000000000000000000, -0.000000000000000000 ) ) ;
#1228 = CARTESIAN_POINT ( 'NONE',  ( 26.89113790561561856, 10.17587822426594713, -2.620227973339215310 ) ) ;
#1229 = DIRECTION ( 'NONE',  ( -0.7071067811865475727, 0.000000000000000000, -0.7071067811865475727 ) ) ;
#1230 = ORIENTED_EDGE ( 'NONE', *, *, #1664, .T. ) ;
#1231 = EDGE_CURVE ( 'NONE', #190, #1673, #1340, .T. ) ;
#1232 = CARTESIAN_POINT ( 'NONE',  ( 93.49999975987186929, 9.601478461253851293, 4.250122191714254427 ) ) ;
#1233 = ORIENTED_EDGE ( 'NONE', *, *, #669, .T. ) ;
#1234 = DIRECTION ( 'NONE',  ( 1.000000000000000000, 0.000000000000000000, 0.000000000000000000 ) ) ;
#1235 = B_SPLINE_CURVE_WITH_KNOTS ( 'NONE', 3,
 ( #381, #875, #1770, #1919, #770, #1930, #642, #1572, #1090, #1903, #1434, #921, #453, #464, #1562, #1416, #105, #262, #785, #473 ),
 .UNSPECIFIED., .F., .F.,
 ( 4, 2, 2, 2, 2, 2, 2, 2, 2, 4 ),
 ( 6.718113423384474814, 8.396698997697807698, 10.07528457201114236, 11.75387014632447347, 13.43245572063780813, 15.11104129495114101, 16.78962686926447390, 18.46821244357780500, 19.30750523073447766, 20.14679801789114677 ),
 .UNSPECIFIED. ) ;
#1236 = EDGE_CURVE ( 'NONE', #1379, #791, #938, .T. ) ;
#1237 = DIRECTION ( 'NONE',  ( 0.000000000000000000, 0.000000000000000000, -1.000000000000000000 ) ) ;
#1238 = ORIENTED_EDGE ( 'NONE', *, *, #1583, .F. ) ;
#1239 = AXIS2_PLACEMENT_3D ( 'NONE', #176, #665, #1194 ) ;
#1240 = CARTESIAN_POINT ( 'NONE',  ( 101.0000000000000000, 5.061867244406950128, 6.000000000000000000 ) ) ;
#1241 = DIRECTION ( 'NONE',  ( 0.000000000000000000, 0.000000000000000000, -1.000000000000000000 ) ) ;
#1242 = FACE_OUTER_BOUND ( 'NONE', #1188, .T. ) ;
#1243 = VERTEX_POINT ( 'NONE', #226 ) ;
#1244 = CIRCLE ( 'NONE', #33, 8.000000000000000000 ) ;
#1245 = EDGE_CURVE ( 'NONE', #459, #1819, #7, .T. ) ;
#1246 = DIRECTION ( 'NONE',  ( 0.000000000000000000, 1.224646799147351728E-16, 1.000000000000000000 ) ) ;
#1247 = ORIENTED_EDGE ( 'NONE', *, *, #700, .F. ) ;
#1248 = AXIS2_PLACEMENT_3D ( 'NONE', #548, #1541, #736 ) ;
#1249 = CYLINDRICAL_SURFACE ( 'NONE', #468, 10.50000000000000000 ) ;
#1250 = VECTOR ( 'NONE', #379, 1000.000000000000000 ) ;
#1251 = DIRECTION ( 'NONE',  ( 0.000000000000000000, 0.000000000000000000, -1.000000000000000000 ) ) ;
#1252 = PRODUCT_DEFINITION_FORMATION_WITH_SPECIFIED_SOURCE ( '�', '', #957, .NOT_KNOWN. ) ;
#1253 = CIRCLE ( 'NONE', #839, 3.000000000000002665 ) ;
#1254 = DIRECTION ( 'NONE',  ( 1.000000000000000000, 0.000000000000000000, 0.000000000000000000 ) ) ;
#1255 = ORIENTED_EDGE ( 'NONE', *, *, #1990, .F. ) ;
#1256 = CARTESIAN_POINT ( 'NONE',  ( 93.50000000000000000, 9.500000000000000000, 0.000000000000000000 ) ) ;
#1257 = DIRECTION ( 'NONE',  ( 0.000000000000000000, 0.000000000000000000, -1.000000000000000000 ) ) ;
#1258 = ORIENTED_EDGE ( 'NONE', *, *, #1539, .T. ) ;
#1259 = CARTESIAN_POINT ( 'NONE',  ( 97.20550456247738680, 10.28957230643938559, -2.154462474514811987 ) ) ;
#1260 = EDGE_LOOP ( 'NONE', ( #2021, #1354, #2090, #756 ) ) ;
#1261 = DIRECTION ( 'NONE',  ( 1.000000000000000000, 0.000000000000000000, 0.000000000000000000 ) ) ;
#1262 = DIRECTION ( 'NONE',  ( 1.000000000000000000, 0.000000000000000000, 0.000000000000000000 ) ) ;
#1263 = CARTESIAN_POINT ( 'NONE',  ( 101.0000000000000000, 0.000000000000000000, -10.50000000000000000 ) ) ;
#1264 = APPROVAL_STATUS ( 'not_yet_approved' ) ;
#1265 = VERTEX_POINT ( 'NONE', #67 ) ;
#1266 = DIRECTION ( 'NONE',  ( 1.000000000000000000, 0.000000000000000000, 0.000000000000000000 ) ) ;
#1267 = ORIENTED_EDGE ( 'NONE', *, *, #762, .F. ) ;
#1268 = CARTESIAN_POINT ( 'NONE',  ( 16.02551241201896204, -3.828018672766214436, 9.499865896829062351 ) ) ;
#1269 = EDGE_CURVE ( 'NONE', #952, #2109, #164, .T. ) ;
#1270 = EDGE_CURVE ( 'NONE', #1290, #1561, #1079, .T. ) ;
#1271 = ADVANCED_FACE ( 'NONE', ( #1883 ), #917, .T. ) ;
#1272 = CARTESIAN_POINT ( 'NONE',  ( 23.50000000000000000, 9.500000000000000000, -4.250000000000000000 ) ) ;
#1273 = CARTESIAN_POINT ( 'NONE',  ( 101.0000000000000000, 1.285879139104720831E-15, 10.50000000000000000 ) ) ;
#1274 = ORIENTED_EDGE ( 'NONE', *, *, #916, .F. ) ;
#1275 = VECTOR ( 'NONE', #291, 1000.000000000000000 ) ;
#1276 = DIRECTION ( 'NONE',  ( 1.000000000000000000, 0.000000000000000000, 0.000000000000000000 ) ) ;
#1277 = EDGE_LOOP ( 'NONE', ( #1526, #1653, #1884, #874 ) ) ;
#1278 = CARTESIAN_POINT ( 'NONE',  ( 16.40000000000000213, -4.472135954999575169, -9.500000000000000000 ) ) ;
#1279 = VECTOR ( 'NONE', #1480, 1000.000000000000000 ) ;
#1280 = AXIS2_PLACEMENT_3D ( 'NONE', #790, #2110, #1438 ) ;
#1281 = AXIS2_PLACEMENT_3D ( 'NONE', #1635, #674, #347 ) ;
#1282 = AXIS2_PLACEMENT_3D ( 'NONE', #25, #1325, #1332 ) ;
#1283 = DIRECTION ( 'NONE',  ( 0.000000000000000000, 0.6448238527906942075, -0.7643312101910827439 ) ) ;
#1284 = FACE_OUTER_BOUND ( 'NONE', #962, .T. ) ;
#1285 = DIRECTION ( 'NONE',  ( -1.000000000000000000, 0.000000000000000000, 0.000000000000000000 ) ) ;
#1286 = VERTEX_POINT ( 'NONE', #449 ) ;
#1287 = CARTESIAN_POINT ( 'NONE',  ( 22.50000000000000000, -4.472135954999579610, 9.500000000000000000 ) ) ;
#1288 = ORIENTED_EDGE ( 'NONE', *, *, #1111, .T. ) ;
#1289 = CARTESIAN_POINT ( 'NONE',  ( 16.05157946230760757, -3.975529102021872152, 9.499478161272255861 ) ) ;
#1290 = VERTEX_POINT ( 'NONE', #102 ) ;
#1291 = CARTESIAN_POINT ( 'NONE',  ( 116.0000000000000000, 5.291502622129179656, -6.000000000000000000 ) ) ;
#1292 = CARTESIAN_POINT ( 'NONE',  ( 15.99999999344304058, 3.541485954033655403, -9.500000000000001776 ) ) ;
#1293 = ORIENTED_EDGE ( 'NONE', *, *, #452, .F. ) ;
#1294 = EDGE_CURVE ( 'NONE', #1052, #685, #1149, .T. ) ;
#1295 = CARTESIAN_POINT ( 'NONE',  ( 29.50000000000000355, 0.000000000000000000, 0.000000000000000000 ) ) ;
#1296 = ORIENTED_EDGE ( 'NONE', *, *, #1404, .F. ) ;
#1297 = LINE ( 'NONE', #1943, #2072 ) ;
#1298 = EDGE_CURVE ( 'NONE', #1742, #52, #1733, .T. ) ;
#1299 = EDGE_CURVE ( 'NONE', #2071, #1286, #1892, .T. ) ;
#1300 = LINE ( 'NONE', #519, #1787 ) ;
#1301 = ADVANCED_FACE ( 'NONE', ( #979, #311 ), #2077, .F. ) ;
#1302 = DIRECTION ( 'NONE',  ( 0.000000000000000000, 1.000000000000000000, 0.000000000000000000 ) ) ;
#1303 = CARTESIAN_POINT ( 'NONE',  ( 16.14410751080010797, 4.254208696180168836, 9.500003611648077495 ) ) ;
#1304 = CARTESIAN_POINT ( 'NONE',  ( 23.05800751469537602, -3.038769494611603950, 10.05800751469536714 ) ) ;
#1305 = ORIENTED_EDGE ( 'NONE', *, *, #1927, .F. ) ;
#1306 = CARTESIAN_POINT ( 'NONE',  ( 15.99999999718570010, -3.539754751814829792, -9.500000000000000000 ) ) ;
#1307 = AXIS2_PLACEMENT_3D ( 'NONE', #1417, #622, #2079 ) ;
#1308 = LINE ( 'NONE', #490, #1756 ) ;
#1309 = VECTOR ( 'NONE', #1856, 1000.000000000000000 ) ;
#1310 = AXIS2_PLACEMENT_3D ( 'NONE', #963, #638, #625 ) ;
#1311 = VECTOR ( 'NONE', #690, 1000.000000000000000 ) ;
#1312 = AXIS2_PLACEMENT_3D ( 'NONE', #1743, #956, #162 ) ;
#1313 = FACE_OUTER_BOUND ( 'NONE', #275, .T. ) ;
#1314 = DIRECTION ( 'NONE',  ( 0.000000000000000000, 0.000000000000000000, -1.000000000000000000 ) ) ;
#1315 = AXIS2_PLACEMENT_3D ( 'NONE', #2008, #1890, #229 ) ;
#1316 = FACE_OUTER_BOUND ( 'NONE', #715, .T. ) ;
#1317 = VERTEX_POINT ( 'NONE', #751 ) ;
#1318 = CARTESIAN_POINT ( 'NONE',  ( 28.10000000000130171, 0.000000000000000000, 0.000000000000000000 ) ) ;
#1319 = CARTESIAN_POINT ( 'NONE',  ( 36.00000000000000711, 3.673940397442059868E-16, 3.000000000000000000 ) ) ;
#1320 = LINE ( 'NONE', #503, #1138 ) ;
#1321 = CYLINDRICAL_SURFACE ( 'NONE', #1073, 2.066999999999999726 ) ;
#1322 = CARTESIAN_POINT ( 'NONE',  ( 89.36375299959786389, 10.45236383263971369, -1.123679878246938380 ) ) ;
#1323 = EDGE_CURVE ( 'NONE', #1061, #1265, #463, .T. ) ;
#1324 = EDGE_LOOP ( 'NONE', ( #471, #749, #1532, #88, #230, #573, #824, #1459, #739, #607 ) ) ;
#1325 = DIRECTION ( 'NONE',  ( 1.000000000000000000, 0.000000000000000000, 0.000000000000000000 ) ) ;
#1326 = CYLINDRICAL_SURFACE ( 'NONE', #1718, 4.250000000000000000 ) ;
#1327 = ADVANCED_FACE ( 'NONE', ( #271 ), #988, .T. ) ;
#1328 = CARTESIAN_POINT ( 'NONE',  ( 93.50000000000000000, 9.500000000000000000, -2.066999999999999726 ) ) ;
#1329 = CARTESIAN_POINT ( 'NONE',  ( 89.24993147063722176, 10.49992317524591456, 0.5613908737097053070 ) ) ;
#1330 = CARTESIAN_POINT ( 'NONE',  ( 81.00000000000000000, 0.000000000000000000, 0.000000000000000000 ) ) ;
#1331 = ORIENTED_EDGE ( 'NONE', *, *, #452, .T. ) ;
#1332 = DIRECTION ( 'NONE',  ( 0.000000000000000000, 0.000000000000000000, -1.000000000000000000 ) ) ;
#1333 = ORIENTED_EDGE ( 'NONE', *, *, #511, .F. ) ;
#1334 = DIRECTION ( 'NONE',  ( 0.000000000000000000, 0.000000000000000000, -1.000000000000000000 ) ) ;
#1335 = AXIS2_PLACEMENT_3D ( 'NONE', #2069, #602, #1257 ) ;
#1336 = AXIS2_PLACEMENT_3D ( 'NONE', #810, #820, #482 ) ;
#1337 = DIRECTION ( 'NONE',  ( 1.000000000000000000, -0.000000000000000000, -0.000000000000000000 ) ) ;
#1338 = CARTESIAN_POINT ( 'NONE',  ( 23.50000000000000000, 4.000000000000000000, -2.066999999999999726 ) ) ;
#1339 = CIRCLE ( 'NONE', #834, 0.4000000000072435058 ) ;
#1340 = CIRCLE ( 'NONE', #530, 10.09999991655479690 ) ;
#1341 = DIRECTION ( 'NONE',  ( 0.000000000000000000, 0.000000000000000000, -1.000000000000000000 ) ) ;
#1342 = DIRECTION ( 'NONE',  ( 0.000000000000000000, 1.000000000000000000, 0.000000000000000000 ) ) ;
#1343 = AXIS2_PLACEMENT_3D ( 'NONE', #1808, #540, #867 ) ;
#1344 = CC_DESIGN_SECURITY_CLASSIFICATION ( #1178, ( #1252 ) ) ;
#1345 = EDGE_LOOP ( 'NONE', ( #62, #1942, #1408, #2093, #1520, #182, #456, #1400, #870, #725 ) ) ;
#1346 = CARTESIAN_POINT ( 'NONE',  ( 81.00000000000000000, 0.000000000000000000, 0.000000000000000000 ) ) ;
#1347 = CARTESIAN_POINT ( 'NONE',  ( 101.0000000000000000, 0.000000000000000000, -10.50000000000000000 ) ) ;
#1348 = CARTESIAN_POINT ( 'NONE',  ( 81.00000000000000000, 0.000000000000000000, 0.000000000000000000 ) ) ;
#1349 = CARTESIAN_POINT ( 'NONE',  ( 101.0000000000000000, 0.000000000000000000, 0.000000000000000000 ) ) ;
#1350 = DIRECTION ( 'NONE',  ( 0.000000000000000000, 0.000000000000000000, -1.000000000000000000 ) ) ;
#1351 = EDGE_CURVE ( 'NONE', #207, #1052, #1624, .T. ) ;
#1352 = DIRECTION ( 'NONE',  ( 0.000000000000000000, -0.6614378277661474570, 0.7500000000000001110 ) ) ;
#1353 = ORIENTED_EDGE ( 'NONE', *, *, #1699, .F. ) ;
#1354 = ORIENTED_EDGE ( 'NONE', *, *, #384, .T. ) ;
#1355 = ORIENTED_EDGE ( 'NONE', *, *, #1539, .F. ) ;
#1356 = DIRECTION ( 'NONE',  ( 0.000000000000000000, 0.000000000000000000, -1.000000000000000000 ) ) ;
#1357 = ADVANCED_FACE ( 'NONE', ( #1569 ), #587, .F. ) ;
#1358 = ADVANCED_FACE ( 'NONE', ( #766, #2122 ), #1455, .T. ) ;
#1359 = DIRECTION ( 'NONE',  ( 0.000000000000000000, -1.000000000000000000, 0.000000000000000000 ) ) ;
#1360 = DIRECTION ( 'NONE',  ( 0.000000000000000000, 0.000000000000000000, -1.000000000000000000 ) ) ;
#1361 = DIRECTION ( 'NONE',  ( 0.000000000000000000, 0.000000000000000000, -1.000000000000000000 ) ) ;
#1362 = CARTESIAN_POINT ( 'NONE',  ( 110.0000000000000000, 0.000000000000000000, -6.000000000000000000 ) ) ;
#1363 = ORIENTED_EDGE ( 'NONE', *, *, #2051, .F. ) ;
#1364 = ORIENTED_EDGE ( 'NONE', *, *, #1075, .T. ) ;
#1365 = ORIENTED_EDGE ( 'NONE', *, *, #1323, .F. ) ;
#1366 = CARTESIAN_POINT ( 'NONE',  ( 22.50000000000000000, 4.472135954999590268, 9.500000000000000000 ) ) ;
#1367 = EDGE_CURVE ( 'NONE', #1093, #72, #1308, .T. ) ;
#1368 = CARTESIAN_POINT ( 'NONE',  ( 28.50000000000000000, 0.000000000000000000, -8.699999999999999289 ) ) ;
#1369 = ORIENTED_EDGE ( 'NONE', *, *, #2003, .T. ) ;
#1370 = TOROIDAL_SURFACE ( 'NONE', #1852, 10.09999999999276099, 0.4000000000072435058 ) ;
#1371 = AXIS2_PLACEMENT_3D ( 'NONE', #1128, #661, #1973 ) ;
#1372 = DIRECTION ( 'NONE',  ( 1.000000000000000000, 0.000000000000000000, 0.000000000000000000 ) ) ;
#1373 = CARTESIAN_POINT ( 'NONE',  ( 27.74311013662352465, 10.49720669872638901, 0.2798796764951136384 ) ) ;
#1374 = DIRECTION ( 'NONE',  ( 0.000000000000000000, 0.000000000000000000, -1.000000000000000000 ) ) ;
#1375 = VERTEX_POINT ( 'NONE', #1613 ) ;
#1376 = AXIS2_PLACEMENT_3D ( 'NONE', #1451, #138, #1598 ) ;
#1377 = AXIS2_PLACEMENT_3D ( 'NONE', #1874, #1994, #413 ) ;
#1378 = VECTOR ( 'NONE', #76, 1000.000000000000000 ) ;
#1379 = VERTEX_POINT ( 'NONE', #1910 ) ;
#1380 = ORIENTED_EDGE ( 'NONE', *, *, #248, .T. ) ;
#1381 = DIRECTION ( 'NONE',  ( 0.000000000000000000, 0.000000000000000000, -1.000000000000000000 ) ) ;
#1382 = DIRECTION ( 'NONE',  ( 0.000000000000000000, 0.000000000000000000, -1.000000000000000000 ) ) ;
#1383 = DIRECTION ( 'NONE',  ( 0.000000000000000000, -1.000000000000000000, 0.000000000000000000 ) ) ;
#1384 = CARTESIAN_POINT ( 'NONE',  ( 24.06184454977256237, 9.601890812200887027, -4.250000022127299992 ) ) ;
#1385 = CARTESIAN_POINT ( 'NONE',  ( 101.0000000000000000, 10.09999999999999964, 0.000000000000000000 ) ) ;
#1386 = EDGE_LOOP ( 'NONE', ( #1274, #27 ) ) ;
#1387 = EDGE_CURVE ( 'NONE', #685, #645, #1956, .T. ) ;
#1388 = LINE ( 'NONE', #584, #1717 ) ;
#1389 = VERTEX_POINT ( 'NONE', #329 ) ;
#1390 = FACE_BOUND ( 'NONE', #443, .T. ) ;
#1391 = LINE ( 'NONE', #2113, #181 ) ;
#1392 = CARTESIAN_POINT ( 'NONE',  ( 87.20000000000000284, 0.000000000000000000, 0.000000000000000000 ) ) ;
#1393 = CARTESIAN_POINT ( 'NONE',  ( 26.11183007558423697, 9.943350312013663483, -3.397610128229263005 ) ) ;
#1394 = ORIENTED_EDGE ( 'NONE', *, *, #26, .F. ) ;
#1395 = ORIENTED_EDGE ( 'NONE', *, *, #1732, .F. ) ;
#1396 = ORIENTED_EDGE ( 'NONE', *, *, #1799, .F. ) ;
#1397 = FACE_BOUND ( 'NONE', #1436, .T. ) ;
#1398 = EDGE_CURVE ( 'NONE', #815, #911, #1391, .T. ) ;
#1399 = DIRECTION ( 'NONE',  ( 1.000000000000000000, 0.000000000000000000, 0.000000000000000000 ) ) ;
#1400 = ORIENTED_EDGE ( 'NONE', *, *, #673, .T. ) ;
#1401 = CARTESIAN_POINT ( 'NONE',  ( 16.39999999999870539, 0.000000000000000000, 0.000000000000000000 ) ) ;
#1402 = CYLINDRICAL_SURFACE ( 'NONE', #1335, 2.066999999999999726 ) ;
#1403 = CARTESIAN_POINT ( 'NONE',  ( 36.00000000000000711, 0.000000000000000000, 0.000000000000000000 ) ) ;
#1404 = EDGE_CURVE ( 'NONE', #1721, #626, #1300, .T. ) ;
#1405 = ORIENTED_EDGE ( 'NONE', *, *, #860, .F. ) ;
#1406 = CONICAL_SURFACE ( 'NONE', #5, 8.200000000000001066, 1.030376826524320055 ) ;
#1407 = CARTESIAN_POINT ( 'NONE',  ( 97.74947249372286251, 10.49978051984455263, -0.5670052810035248747 ) ) ;
#1408 = ORIENTED_EDGE ( 'NONE', *, *, #266, .T. ) ;
#1409 = LINE ( 'NONE', #2022, #1378 ) ;
#1410 = AXIS2_PLACEMENT_3D ( 'NONE', #882, #892, #1528 ) ;
#1411 = CIRCLE ( 'NONE', #184, 8.699999999999999289 ) ;
#1412 = TOROIDAL_SURFACE ( 'NONE', #1758, 10.09999999999276099, 0.4000000000072435058 ) ;
#1413 = DIRECTION ( 'NONE',  ( -1.000000000000000000, 0.000000000000000000, 0.000000000000000000 ) ) ;
#1414 = VERTEX_POINT ( 'NONE', #366 ) ;
#1415 = ADVANCED_FACE ( 'NONE', ( #53 ), #2002, .F. ) ;
#1416 = CARTESIAN_POINT ( 'NONE',  ( 22.12105029248115429, 9.696837687898828051, 4.029648094819036963 ) ) ;
#1417 = CARTESIAN_POINT ( 'NONE',  ( 29.50000000000000355, 8.699999999999999289, 0.000000000000000000 ) ) ;
#1418 = ORIENTED_EDGE ( 'NONE', *, *, #651, .T. ) ;
#1419 = EDGE_CURVE ( 'NONE', #897, #1052, #2027, .T. ) ;
#1420 = CARTESIAN_POINT ( 'NONE',  ( 16.40000000000000213, -4.472135954999575169, -9.500000000000000000 ) ) ;
#1421 = ORIENTED_EDGE ( 'NONE', *, *, #1899, .T. ) ;
#1422 = DIRECTION ( 'NONE',  ( 1.000000000000000000, 0.000000000000000000, 0.000000000000000000 ) ) ;
#1423 = CC_DESIGN_PERSON_AND_ORGANIZATION_ASSIGNMENT ( #844, #188, ( #1252 ) ) ;
#1424 = ADVANCED_FACE ( 'NONE', ( #2013 ), #1661, .T. ) ;
#1425 = ADVANCED_FACE ( 'NONE', ( #1517, #1821 ), #841, .T. ) ;
#1426 = CARTESIAN_POINT ( 'NONE',  ( 23.50000000000000000, 21.00000000000000000, 10.50000000000000000 ) ) ;
#1427 = CARTESIAN_POINT ( 'NONE',  ( 16.22479125511993914, 4.382040843155622589, 9.499997863083681438 ) ) ;
#1428 = CARTESIAN_POINT ( 'NONE',  ( 110.0000000000000000, 0.000000000000000000, -6.000000000000000000 ) ) ;
#1429 = ORIENTED_EDGE ( 'NONE', *, *, #544, .F. ) ;
#1430 = CARTESIAN_POINT ( 'NONE',  ( 16.40000000000000213, 4.472135954999729712, -9.500000000000000000 ) ) ;
#1431 = ORIENTED_EDGE ( 'NONE', *, *, #829, .T. ) ;
#1432 = CARTESIAN_POINT ( 'NONE',  ( 87.20000000000000284, 0.000000000000000000, 0.000000000000000000 ) ) ;
#1433 = B_SPLINE_CURVE_WITH_KNOTS ( 'NONE', 3,
 ( #273, #771, #931, #1573 ),
 .UNSPECIFIED., .F., .F.,
 ( 4, 4 ),
 ( 0.001260283291631539293, 1.957051058470253846 ),
 .UNSPECIFIED. ) ;
#1434 = CARTESIAN_POINT ( 'NONE',  ( 19.36354420121854858, 10.45246638719403443, 1.123697162630983293 ) ) ;
#1435 = CARTESIAN_POINT ( 'NONE',  ( 16.12399854406799804, 4.209487016064485054, 9.499862981913324234 ) ) ;
#1436 = EDGE_LOOP ( 'NONE', ( #1418, #365 ) ) ;
#1437 = AXIS2_PLACEMENT_3D ( 'NONE', #458, #1102, #1350 ) ;
#1438 = DIRECTION ( 'NONE',  ( 0.000000000000000000, 0.000000000000000000, -1.000000000000000000 ) ) ;
#1439 = ORIENTED_EDGE ( 'NONE', *, *, #1800, .T. ) ;
#1440 = CARTESIAN_POINT ( 'NONE',  ( 16.40000000000000213, -4.472135954999575169, 9.500000000000000000 ) ) ;
#1441 = VECTOR ( 'NONE', #811, 1000.000000000000000 ) ;
#1442 = AXIS2_PLACEMENT_3D ( 'NONE', #970, #1813, #186 ) ;
#1443 = AXIS2_PLACEMENT_3D ( 'NONE', #966, #502, #1944 ) ;
#1444 = AXIS2_PLACEMENT_3D ( 'NONE', #1738, #932, #1905 ) ;
#1445 = DIRECTION ( 'NONE',  ( 0.000000000000000000, 1.000000000000000000, 0.000000000000000000 ) ) ;
#1446 = DIRECTION ( 'NONE',  ( 1.000000000000000000, 0.000000000000000000, 0.000000000000000000 ) ) ;
#1447 = DATE_AND_TIME ( #1605, #1512 ) ;
#1448 = EDGE_LOOP ( 'NONE', ( #108, #1687, #1875, #1333 ) ) ;
#1449 = PRODUCT_DEFINITION_SHAPE ( 'NONE', 'NONE',  #1513 ) ;
#1450 = ADVANCED_FACE ( 'NONE', ( #681, #1851 ), #828, .T. ) ;
#1451 = CARTESIAN_POINT ( 'NONE',  ( 16.00000000000000000, 0.000000000000000000, 0.000000000000000000 ) ) ;
#1452 = ORIENTED_EDGE ( 'NONE', *, *, #611, .T. ) ;
#1453 = CARTESIAN_POINT ( 'NONE',  ( 87.50000000000001421, 0.000000000000000000, -8.699999999999999289 ) ) ;
#1454 = ADVANCED_FACE ( 'NONE', ( #532 ), #36, .T. ) ;
#1455 = PLANE ( 'NONE',  #1504 ) ;
#1456 = ADVANCED_FACE ( 'NONE', ( #1674 ), #193, .F. ) ;
#1457 = DIRECTION ( 'NONE',  ( 0.000000000000000000, 0.000000000000000000, 1.000000000000000000 ) ) ;
#1458 = CARTESIAN_POINT ( 'NONE',  ( 100.5999999999999943, 0.000000000000000000, -10.50000000000000000 ) ) ;
#1459 = ORIENTED_EDGE ( 'NONE', *, *, #1583, .T. ) ;
#1460 = DIRECTION ( 'NONE',  ( 1.000000000000000000, 0.000000000000000000, 0.000000000000000000 ) ) ;
#1461 = ORIENTED_EDGE ( 'NONE', *, *, #1270, .F. ) ;
#1462 = CARTESIAN_POINT ( 'NONE',  ( 22.50000000000000000, -4.472135954999569840, -9.500000000000000000 ) ) ;
#1463 = DIRECTION ( 'NONE',  ( -1.000000000000000000, 0.000000000000000000, 0.000000000000000000 ) ) ;
#1464 = CARTESIAN_POINT ( 'NONE',  ( 0.9200000000000018163, 0.000000000000000000, -7.999999999999998224 ) ) ;
#1465 = CARTESIAN_POINT ( 'NONE',  ( 29.50000000000000355, 0.000000000000000000, 0.000000000000000000 ) ) ;
#1466 = COORDINATED_UNIVERSAL_TIME_OFFSET ( 8, 0, .AHEAD. ) ;
#1467 = FACE_OUTER_BOUND ( 'NONE', #1870, .T. ) ;
#1468 = ORIENTED_EDGE ( 'NONE', *, *, #1419, .F. ) ;
#1469 = DIRECTION ( 'NONE',  ( -1.000000000000000000, 0.000000000000000000, 0.000000000000000000 ) ) ;
#1470 = CONICAL_SURFACE ( 'NONE', #561, 7.080000000000000071, 0.7853981633974461696 ) ;
#1471 = DIRECTION ( 'NONE',  ( 0.000000000000000000, 0.000000000000000000, -1.000000000000000000 ) ) ;
#1472 = DIRECTION ( 'NONE',  ( 1.000000000000000000, 0.000000000000000000, 0.000000000000000000 ) ) ;
#1473 = TOROIDAL_SURFACE ( 'NONE', #564, 10.10000000000129994, 0.3999999999986965094 ) ;
#1474 = AXIS2_PLACEMENT_3D ( 'NONE', #1901, #1254, #1089 ) ;
#1475 = AXIS2_PLACEMENT_3D ( 'NONE', #627, #1784, #1600 ) ;
#1476 = FACE_OUTER_BOUND ( 'NONE', #1983, .T. ) ;
#1477 = CARTESIAN_POINT ( 'NONE',  ( 93.50000000000000000, 4.000000000000000000, 2.066999999999999726 ) ) ;
#1478 = APPROVAL_ROLE ( '' ) ;
#1479 = AXIS2_PLACEMENT_3D ( 'NONE', #1403, #623, #1939 ) ;
#1480 = DIRECTION ( 'NONE',  ( 0.000000000000000000, -1.000000000000000000, 0.000000000000000000 ) ) ;
#1481 = EDGE_LOOP ( 'NONE', ( #2038, #333, #784, #1566 ) ) ;
#1482 = CARTESIAN_POINT ( 'NONE',  ( 0.000000000000000000, 0.000000000000000000, -3.000000000000000000 ) ) ;
#1483 = ADVANCED_FACE ( 'NONE', ( #1644 ), #1326, .F. ) ;
#1484 = VERTEX_POINT ( 'NONE', #1319 ) ;
#1485 = CARTESIAN_POINT ( 'NONE',  ( 16.40000000000000213, -4.472135954999575169, 9.500000000000000000 ) ) ;
#1486 = CARTESIAN_POINT ( 'NONE',  ( 93.50000000000000000, 4.000000000000000000, -4.250000000000000000 ) ) ;
#1487 = CARTESIAN_POINT ( 'NONE',  ( 93.49999972811343696, 9.601462373749269474, -4.250091791629743376 ) ) ;
#1488 = PERSON_AND_ORGANIZATION ( #819, #905 ) ;
#1489 = CARTESIAN_POINT ( 'NONE',  ( 22.50000000000000000, 21.00000000000000000, 9.500000000000000000 ) ) ;
#1490 = ORIENTED_EDGE ( 'NONE', *, *, #1799, .T. ) ;
#1491 = DIRECTION ( 'NONE',  ( 0.000000000000000000, 0.000000000000000000, -1.000000000000000000 ) ) ;
#1492 = ORIENTED_EDGE ( 'NONE', *, *, #1767, .T. ) ;
#1493 = DIRECTION ( 'NONE',  ( -1.000000000000000000, 0.000000000000000000, 0.000000000000000000 ) ) ;
#1494 = LINE ( 'NONE', #1655, #1612 ) ;
#1495 = CARTESIAN_POINT ( 'NONE',  ( 93.21894859773648534, 9.601524994574759830, 4.249999990099508906 ) ) ;
#1496 = DIRECTION ( 'NONE',  ( 0.000000000000000000, 0.000000000000000000, 1.000000000000000000 ) ) ;
#1497 = DIRECTION ( 'NONE',  ( 0.000000000000000000, -0.6448238527906942075, 0.7643312101910827439 ) ) ;
#1498 = VERTEX_POINT ( 'NONE', #1485 ) ;
#1499 = FACE_OUTER_BOUND ( 'NONE', #964, .T. ) ;
#1500 = AXIS2_PLACEMENT_3D ( 'NONE', #1174, #823, #1816 ) ;
#1501 = CIRCLE ( 'NONE', #1853, 2.066999999999999726 ) ;
#1502 = EDGE_CURVE ( 'NONE', #476, #685, #1969, .T. ) ;
#1503 = AXIS2_PLACEMENT_3D ( 'NONE', #1171, #512, #165 ) ;
#1504 = AXIS2_PLACEMENT_3D ( 'NONE', #649, #1237, #1413 ) ;
#1505 = CARTESIAN_POINT ( 'NONE',  ( 28.50000000000000000, 1.261386200842596795E-15, 10.09999996277821133 ) ) ;
#1506 = CARTESIAN_POINT ( 'NONE',  ( 90.10751522348924425, 10.17635368850305433, 2.618522073553110729 ) ) ;
#1507 = AXIS2_PLACEMENT_3D ( 'NONE', #1592, #1925, #472 ) ;
#1508 = CYLINDRICAL_SURFACE ( 'NONE', #968, 8.699999999999999289 ) ;
#1509 = ADVANCED_FACE ( 'NONE', ( #688, #183 ), #210, .T. ) ;
#1510 = DIRECTION ( 'NONE',  ( 0.000000000000000000, 0.000000000000000000, -1.000000000000000000 ) ) ;
#1511 = DIRECTION ( 'NONE',  ( 1.000000000000000000, -0.000000000000000000, -0.000000000000000000 ) ) ;
#1512 = LOCAL_TIME ( 16, 5, 32.00000000000000000, #1092 ) ;
#1513 = PRODUCT_DEFINITION ( '�', '', #1252, #1686 ) ;
#1514 = ORIENTED_EDGE ( 'NONE', *, *, #1954, .F. ) ;
#1515 = ORIENTED_EDGE ( 'NONE', *, *, #1055, .F. ) ;
#1516 = ORIENTED_EDGE ( 'NONE', *, *, #377, .T. ) ;
#1517 = FACE_BOUND ( 'NONE', #1558, .T. ) ;
#1518 = EDGE_CURVE ( 'NONE', #1414, #1860, #1411, .T. ) ;
#1519 = CARTESIAN_POINT ( 'NONE',  ( 116.3611661259483867, 4.745470764255720120, 6.000000000000000000 ) ) ;
#1520 = ORIENTED_EDGE ( 'NONE', *, *, #1202, .T. ) ;
#1521 = DIRECTION ( 'NONE',  ( 1.000000000000000000, -0.000000000000000000, -0.000000000000000000 ) ) ;
#1522 = CARTESIAN_POINT ( 'NONE',  ( 93.50000000000000000, 9.500000000000000000, 2.066999999999999726 ) ) ;
#1523 = DIRECTION ( 'NONE',  ( 0.000000000000000000, 0.5150787536377129383, -0.8571428571428570953 ) ) ;
#1524 = ORIENTED_EDGE ( 'NONE', *, *, #925, .F. ) ;
#1525 = ORIENTED_EDGE ( 'NONE', *, *, #1150, .F. ) ;
#1526 = ORIENTED_EDGE ( 'NONE', *, *, #384, .F. ) ;
#1527 = CARTESIAN_POINT ( 'NONE',  ( 0.000000000000000000, 9.233836865571040978E-16, 7.080000000000000071 ) ) ;
#1528 = DIRECTION ( 'NONE',  ( 0.000000000000000000, 0.000000000000000000, -1.000000000000000000 ) ) ;
#1529 = CARTESIAN_POINT ( 'NONE',  ( 116.0000000000000000, 0.000000000000000000, 0.000000000000000000 ) ) ;
#1530 = CARTESIAN_POINT ( 'NONE',  ( 27.75012956133911501, 10.50005390666154703, 0.1367915505650269536 ) ) ;
#1531 = FACE_OUTER_BOUND ( 'NONE', #75, .T. ) ;
#1532 = ORIENTED_EDGE ( 'NONE', *, *, #809, .T. ) ;
#1533 = B_SPLINE_CURVE_WITH_KNOTS ( 'NONE', 3,
 ( #49, #518, #198, #1641, #178, #17, #847, #1631, #170, #1838 ),
 .UNSPECIFIED., .F., .F.,
 ( 4, 2, 2, 2, 4 ),
 ( 6.283185307179649293, 6.503173286293097988, 6.613167275849822779, 6.668164270628184731, 6.723161265406546683 ),
 .UNSPECIFIED. ) ;
#1534 = DIRECTION ( 'NONE',  ( 0.000000000000000000, -1.000000000000000000, 0.000000000000000000 ) ) ;
#1535 = ORIENTED_EDGE ( 'NONE', *, *, #1699, .T. ) ;
#1536 = CARTESIAN_POINT ( 'NONE',  ( 93.50000000000000000, 9.500000000000000000, 0.000000000000000000 ) ) ;
#1537 = PLANE ( 'NONE',  #1377 ) ;
#1538 = AXIS2_PLACEMENT_3D ( 'NONE', #144, #613, #799 ) ;
#1539 = EDGE_CURVE ( 'NONE', #1484, #1197, #1584, .T. ) ;
#1540 = CIRCLE ( 'NONE', #630, 4.250000000000000000 ) ;
#1541 = DIRECTION ( 'NONE',  ( 1.000000000000000000, 0.000000000000000000, 0.000000000000000000 ) ) ;
#1542 = CARTESIAN_POINT ( 'NONE',  ( 23.49999975987188350, 9.601478461253851293, 4.250122191714254427 ) ) ;
#1543 = DIRECTION ( 'NONE',  ( 1.000000000000000000, 0.000000000000000000, 0.000000000000000000 ) ) ;
#1544 = ORIENTED_EDGE ( 'NONE', *, *, #993, .F. ) ;
#1545 = CIRCLE ( 'NONE', #1986, 8.000000000000000000 ) ;
#1546 = AXIS2_PLACEMENT_3D ( 'NONE', #1318, #1977, #1652 ) ;
#1547 = EDGE_LOOP ( 'NONE', ( #387, #977 ) ) ;
#1548 = ORIENTED_EDGE ( 'NONE', *, *, #1570, .F. ) ;
#1549 = DIRECTION ( 'NONE',  ( 0.000000000000000000, 0.000000000000000000, -1.000000000000000000 ) ) ;
#1550 = AXIS2_PLACEMENT_3D ( 'NONE', #746, #1727, #1868 ) ;
#1551 = FACE_OUTER_BOUND ( 'NONE', #1179, .T. ) ;
#1552 = ORIENTED_EDGE ( 'NONE', *, *, #953, .F. ) ;
#1553 = DIRECTION ( 'NONE',  ( 0.000000000000000000, 0.000000000000000000, -1.000000000000000000 ) ) ;
#1554 = CARTESIAN_POINT ( 'NONE',  ( 101.0000000000000000, 1.065442715258197248E-15, 8.699999999999999289 ) ) ;
#1555 = VERTEX_POINT ( 'NONE', #859 ) ;
#1556 = ADVANCED_FACE ( 'NONE', ( #1499 ), #699, .F. ) ;
#1557 = CARTESIAN_POINT ( 'NONE',  ( 94.62410715463774125, 9.653913378120547506, 4.136263569275674179 ) ) ;
#1558 = EDGE_LOOP ( 'NONE', ( #708, #1850 ) ) ;
#1559 = CARTESIAN_POINT ( 'NONE',  ( 23.50000000000000355, -6.431767220503679421E-12, 10.50000000000000178 ) ) ;
#1560 = DIRECTION ( 'NONE',  ( 1.000000000000000000, 0.000000000000000000, 0.000000000000000000 ) ) ;
#1561 = VERTEX_POINT ( 'NONE', #1689 ) ;
#1562 = CARTESIAN_POINT ( 'NONE',  ( 21.35233708188733814, 9.825567268828052647, 3.709219358024526958 ) ) ;
#1563 = DIRECTION ( 'NONE',  ( 0.000000000000000000, 0.000000000000000000, -1.000000000000000000 ) ) ;
#1564 = CYLINDRICAL_SURFACE ( 'NONE', #1315, 2.066999999999999726 ) ;
#1565 = ORIENTED_EDGE ( 'NONE', *, *, #1270, .T. ) ;
#1566 = ORIENTED_EDGE ( 'NONE', *, *, #1077, .F. ) ;
#1567 = VERTEX_POINT ( 'NONE', #1527 ) ;
#1568 = FACE_OUTER_BOUND ( 'NONE', #889, .T. ) ;
#1569 = FACE_OUTER_BOUND ( 'NONE', #51, .T. ) ;
#1570 = EDGE_CURVE ( 'NONE', #1688, #103, #565, .T. ) ;
#1571 = AXIS2_PLACEMENT_3D ( 'NONE', #1904, #217, #713 ) ;
#1572 = CARTESIAN_POINT ( 'NONE',  ( 19.36375299959785679, 10.45236383263971369, -1.123679878246929498 ) ) ;
#1573 = CARTESIAN_POINT ( 'NONE',  ( 117.0000000000000000, -3.605551275463990013, 6.000000000000000000 ) ) ;
#1574 = DIRECTION ( 'NONE',  ( 1.000000000000000000, 0.000000000000000000, 0.000000000000000000 ) ) ;
#1575 = EDGE_LOOP ( 'NONE', ( #1110, #1233, #1258, #1896 ) ) ;
#1576 = AXIS2_PLACEMENT_3D ( 'NONE', #754, #296, #1120 ) ;
#1577 = EDGE_CURVE ( 'NONE', #1922, #1389, #1409, .T. ) ;
#1578 = CARTESIAN_POINT ( 'NONE',  ( 95.65132068380552255, 9.826476135186345218, 3.707305291590593299 ) ) ;
#1579 = EDGE_LOOP ( 'NONE', ( #880, #1640, #220 ) ) ;
#1580 = VECTOR ( 'NONE', #1276, 1000.000000000000000 ) ;
#1581 = DIRECTION ( 'NONE',  ( 0.000000000000000000, 0.000000000000000000, 1.000000000000000000 ) ) ;
#1582 = AXIS2_PLACEMENT_3D ( 'NONE', #2028, #215, #2040 ) ;
#1583 = EDGE_CURVE ( 'NONE', #527, #409, #1863, .T. ) ;
#1584 = CIRCLE ( 'NONE', #122, 3.000000000000000000 ) ;
#1585 = EDGE_CURVE ( 'NONE', #1034, #1086, #595, .T. ) ;
#1586 = CIRCLE ( 'NONE', #1723, 2.066999999999999726 ) ;
#1587 = CARTESIAN_POINT ( 'NONE',  ( 116.3613928105266950, 4.745128049372077328, -6.000000000000000000 ) ) ;
#1588 = DIRECTION ( 'NONE',  ( 1.000000000000000000, 0.000000000000000000, 0.000000000000000000 ) ) ;
#1589 = DIRECTION ( 'NONE',  ( 0.000000000000000000, 0.000000000000000000, 1.000000000000000000 ) ) ;
#1590 = EDGE_LOOP ( 'NONE', ( #1696, #1123 ) ) ;
#1591 = EDGE_LOOP ( 'NONE', ( #1728, #1353, #254, #878 ) ) ;
#1592 = CARTESIAN_POINT ( 'NONE',  ( 88.89999999999869829, 1.236893267138985963E-15, 10.10000000000129994 ) ) ;
#1593 = EDGE_CURVE ( 'NONE', #1716, #935, #838, .T. ) ;
#1594 = ORIENTED_EDGE ( 'NONE', *, *, #55, .F. ) ;
#1595 = CARTESIAN_POINT ( 'NONE',  ( 116.7011194705305854, 4.185813085579651371, -6.000000000000000000 ) ) ;
#1596 = CARTESIAN_POINT ( 'NONE',  ( 16.02445707260917729, 3.832121651536799067, -9.498915299744828289 ) ) ;
#1597 = EDGE_LOOP ( 'NONE', ( #1759, #552 ) ) ;
#1598 = DIRECTION ( 'NONE',  ( 0.000000000000000000, 0.000000000000000000, -1.000000000000000000 ) ) ;
#1599 = ORIENTED_EDGE ( 'NONE', *, *, #1634, .F. ) ;
#1600 = DIRECTION ( 'NONE',  ( 0.000000000000000000, 0.000000000000000000, -1.000000000000000000 ) ) ;
#1601 = ADVANCED_FACE ( 'NONE', ( #1568, #1397 ), #1215, .F. ) ;
#1602 = CARTESIAN_POINT ( 'NONE',  ( 117.0000000000000000, -3.605551275463990013, -6.000000000000000000 ) ) ;
#1603 = PLANE ( 'NONE',  #388 ) ;
#1604 = DIRECTION ( 'NONE',  ( 0.000000000000000000, 0.000000000000000000, -1.000000000000000000 ) ) ;
#1605 = CALENDAR_DATE ( 2026, 5, 8 ) ;
#1606 = VERTEX_POINT ( 'NONE', #750 ) ;
#1607 = ADVANCED_FACE ( 'NONE', ( #1224 ), #533, .T. ) ;
#1608 = CARTESIAN_POINT ( 'NONE',  ( 22.58129780121276298, -4.299437917103306361, 9.581297801212757648 ) ) ;
#1609 = ORIENTED_EDGE ( 'NONE', *, *, #1767, .F. ) ;
#1610 = DIRECTION ( 'NONE',  ( 0.000000000000000000, 0.000000000000000000, 1.000000000000000000 ) ) ;
#1611 = AXIS2_PLACEMENT_3D ( 'NONE', #1802, #1963, #1648 ) ;
#1612 = VECTOR ( 'NONE', #2124, 1000.000000000000000 ) ;
#1613 = CARTESIAN_POINT ( 'NONE',  ( 117.0000000000000000, -3.605551275463990013, -6.000000000000000000 ) ) ;
#1614 = VECTOR ( 'NONE', #817, 1000.000000000000000 ) ;
#1615 = EDGE_CURVE ( 'NONE', #1045, #1940, #343, .T. ) ;
#1616 = TOROIDAL_SURFACE ( 'NONE', #1546, 10.10000000000129994, 0.3999999999987000066 ) ;
#1617 = LINE ( 'NONE', #1946, #316 ) ;
#1618 = CARTESIAN_POINT ( 'NONE',  ( 16.07475907186722708, 4.067191507715693710, 9.499995584258208225 ) ) ;
#1619 = PERSON_AND_ORGANIZATION_ROLE ( 'design_owner' ) ;
#1620 = ORIENTED_EDGE ( 'NONE', *, *, #1351, .F. ) ;
#1621 = CARTESIAN_POINT ( 'NONE',  ( 101.0000000000000000, 1.285879139104720831E-15, 10.50000000000000000 ) ) ;
#1622 = ORIENTED_EDGE ( 'NONE', *, *, #916, .T. ) ;
#1623 = CARTESIAN_POINT ( 'NONE',  ( 16.19509330579552397, -4.341427931496644632, -9.499997523309737346 ) ) ;
#1624 = LINE ( 'NONE', #1097, #496 ) ;
#1625 = ADVANCED_FACE ( 'NONE', ( #243 ), #212, .T. ) ;
#1626 = CARTESIAN_POINT ( 'NONE',  ( 103.0000000000000142, 0.000000000000000000, 0.000000000000000000 ) ) ;
#1627 = CARTESIAN_POINT ( 'NONE',  ( 92.93730517893314413, 9.614019772108818529, 4.221871075970309306 ) ) ;
#1628 = DATE_AND_TIME ( #812, #2105 ) ;
#1629 = CARTESIAN_POINT ( 'NONE',  ( 22.65913152613587300, -4.121684014010048358, 9.659131526135880108 ) ) ;
#1630 = ORIENTED_EDGE ( 'NONE', *, *, #2051, .T. ) ;
#1631 = CARTESIAN_POINT ( 'NONE',  ( 22.65913152613758186, -4.121684014006072871, -9.659131526137580082 ) ) ;
#1632 = DIRECTION ( 'NONE',  ( 0.000000000000000000, 0.000000000000000000, -1.000000000000000000 ) ) ;
#1633 = B_SPLINE_CURVE_WITH_KNOTS ( 'NONE', 3,
 ( #1487, #331, #1003, #202, #1836, #1172, #853, #1322, #13, #1329, #1974, #1981, #1506, #662, #982, #1995, #536, #1627, #1495, #1012 ),
 .UNSPECIFIED., .F., .F.,
 ( 4, 2, 2, 2, 2, 2, 2, 2, 2, 4 ),
 ( 6.718113423384472149, 8.396698997697809475, 10.07528457201114591, 11.75387014632448412, 13.43245572063782234, 15.11104129495115700, 16.78962686926449521, 18.46821244357783343, 19.30750523073450253, 20.14679801789116809 ),
 .UNSPECIFIED. ) ;
#1634 = EDGE_CURVE ( 'NONE', #408, #952, #1790, .T. ) ;
#1635 = CARTESIAN_POINT ( 'NONE',  ( 0.000000000000000000, 0.000000000000000000, 0.000000000000000000 ) ) ;
#1636 = LINE ( 'NONE', #832, #1645 ) ;
#1637 = DATE_AND_TIME ( #833, #534 ) ;
#1638 = ADVANCED_FACE ( 'NONE', ( #1390, #2048 ), #1249, .T. ) ;
#1639 = CARTESIAN_POINT ( 'NONE',  ( 88.50000000000000000, 1.261386198012229342E-15, 10.09999991655479690 ) ) ;
#1640 = ORIENTED_EDGE ( 'NONE', *, *, #1615, .T. ) ;
#1641 = CARTESIAN_POINT ( 'NONE',  ( 23.16265404473881873, -2.668274242296580390, -10.16265404473882050 ) ) ;
#1642 = EDGE_CURVE ( 'NONE', #1567, #373, #1074, .T. ) ;
#1643 = ORIENTED_EDGE ( 'NONE', *, *, #983, .F. ) ;
#1644 = FACE_OUTER_BOUND ( 'NONE', #1807, .T. ) ;
#1645 = VECTOR ( 'NONE', #1472, 1000.000000000000000 ) ;
#1646 = CIRCLE ( 'NONE', #1312, 7.000000000000002665 ) ;
#1647 = DIRECTION ( 'NONE',  ( 1.000000000000000000, 0.000000000000000000, 0.000000000000000000 ) ) ;
#1648 = DIRECTION ( 'NONE',  ( 0.000000000000000000, 0.000000000000000000, -1.000000000000000000 ) ) ;
#1649 = CIRCLE ( 'NONE', #1479, 8.000000000000000000 ) ;
#1650 = CYLINDRICAL_SURFACE ( 'NONE', #1500, 3.000000000000002665 ) ;
#1651 = ORIENTED_EDGE ( 'NONE', *, *, #2092, .T. ) ;
#1652 = DIRECTION ( 'NONE',  ( 0.000000000000000000, 0.000000000000000000, -1.000000000000000000 ) ) ;
#1653 = ORIENTED_EDGE ( 'NONE', *, *, #1805, .T. ) ;
#1654 = CARTESIAN_POINT ( 'NONE',  ( 88.50000000000000000, 0.000000000000000000, 0.000000000000000000 ) ) ;
#1655 = CARTESIAN_POINT ( 'NONE',  ( 16.40000000000000568, 4.472135954999584939, -9.500000000000000000 ) ) ;
#1656 = DIRECTION ( 'NONE',  ( 1.000000000000000000, 0.000000000000000000, 0.000000000000000000 ) ) ;
#1657 = CARTESIAN_POINT ( 'NONE',  ( 88.89999999999869829, 0.000000000000000000, -10.10000000000129994 ) ) ;
#1658 = ORIENTED_EDGE ( 'NONE', *, *, #1404, .T. ) ;
#1659 = DIRECTION ( 'NONE',  ( 1.000000000000000000, 0.000000000000000000, 0.000000000000000000 ) ) ;
#1660 = VERTEX_POINT ( 'NONE', #101 ) ;
#1661 = CYLINDRICAL_SURFACE ( 'NONE', #1926, 8.699999999999999289 ) ;
#1662 = EDGE_CURVE ( 'NONE', #678, #1053, #914, .T. ) ;
#1663 = EDGE_CURVE ( 'NONE', #1881, #154, #1731, .T. ) ;
#1664 = EDGE_CURVE ( 'NONE', #541, #1062, #1037, .T. ) ;
#1665 = LINE ( 'NONE', #535, #117 ) ;
#1666 = DIRECTION ( 'NONE',  ( 0.000000000000000000, 0.000000000000000000, -1.000000000000000000 ) ) ;
#1667 = LINE ( 'NONE', #1681, #1030 ) ;
#1668 = CARTESIAN_POINT ( 'NONE',  ( 93.50000000000000000, 4.000000000000000000, 0.000000000000000000 ) ) ;
#1669 = DIRECTION ( 'NONE',  ( 0.000000000000000000, 0.000000000000000000, -1.000000000000000000 ) ) ;
#1670 = EDGE_CURVE ( 'NONE', #1286, #103, #1769, .T. ) ;
#1671 = ORIENTED_EDGE ( 'NONE', *, *, #1187, .F. ) ;
#1672 = ORIENTED_EDGE ( 'NONE', *, *, #2062, .F. ) ;
#1673 = VERTEX_POINT ( 'NONE', #326 ) ;
#1674 = FACE_OUTER_BOUND ( 'NONE', #314, .T. ) ;
#1675 = AXIS2_PLACEMENT_3D ( 'NONE', #1330, #2007, #1510 ) ;
#1676 = AXIS2_PLACEMENT_3D ( 'NONE', #1529, #69, #720 ) ;
#1677 = VECTOR ( 'NONE', #20, 1000.000000000000000 ) ;
#1678 = DIRECTION ( 'NONE',  ( 0.000000000000000000, -1.000000000000000000, 0.000000000000000000 ) ) ;
#1679 = ORIENTED_EDGE ( 'NONE', *, *, #1642, .T. ) ;
#1680 = CIRCLE ( 'NONE', #1212, 8.699999999999999289 ) ;
#1681 = CARTESIAN_POINT ( 'NONE',  ( 81.00000000000000000, 9.797174393178825657E-16, 8.000000000000000000 ) ) ;
#1682 = DIRECTION ( 'NONE',  ( 0.000000000000000000, 0.000000000000000000, -1.000000000000000000 ) ) ;
#1683 = DIRECTION ( 'NONE',  ( 1.000000000000000000, 0.000000000000000000, 0.000000000000000000 ) ) ;
#1684 = APPROVAL_PERSON_ORGANIZATION ( #167, #1804, #1478 ) ;
#1685 = ORIENTED_EDGE ( 'NONE', *, *, #1167, .T. ) ;
#1686 = DESIGN_CONTEXT ( 'detailed design', #735, 'design' ) ;
#1687 = ORIENTED_EDGE ( 'NONE', *, *, #98, .T. ) ;
#1688 = VERTEX_POINT ( 'NONE', #1462 ) ;
#1689 = CARTESIAN_POINT ( 'NONE',  ( 29.50000000000000355, 1.065442715258197248E-15, 8.699999999999999289 ) ) ;
#1690 = DIRECTION ( 'NONE',  ( 0.000000000000000000, 0.000000000000000000, -1.000000000000000000 ) ) ;
#1691 = ORIENTED_EDGE ( 'NONE', *, *, #1634, .T. ) ;
#1692 = CARTESIAN_POINT ( 'NONE',  ( 23.05800751469710974, 3.038769494605812138, -10.05800751469711329 ) ) ;
#1693 = CARTESIAN_POINT ( 'NONE',  ( 27.71528989411022081, 10.48592008487952043, 0.5600422961210379524 ) ) ;
#1694 = CARTESIAN_POINT ( 'NONE',  ( 22.50000000000000000, 4.472135954999590268, 9.500000000000000000 ) ) ;
#1695 = ORIENTED_EDGE ( 'NONE', *, *, #827, .F. ) ;
#1696 = ORIENTED_EDGE ( 'NONE', *, *, #2092, .F. ) ;
#1697 = EDGE_LOOP ( 'NONE', ( #2018, #3, #1331, #582 ) ) ;
#1698 = CARTESIAN_POINT ( 'NONE',  ( 28.10000000000130171, 0.000000000000000000, 0.000000000000000000 ) ) ;
#1699 = EDGE_CURVE ( 'NONE', #1130, #1375, #1646, .T. ) ;
#1700 = CARTESIAN_POINT ( 'NONE',  ( 117.0000000000000000, 3.605551275463990013, -6.000000000000000000 ) ) ;
#1701 = EDGE_LOOP ( 'NONE', ( #1039, #1976, #2119, #1421 ) ) ;
#1702 = CARTESIAN_POINT ( 'NONE',  ( 16.40000000000000213, 4.472135954999575169, 9.500000000000000000 ) ) ;
#1703 = CARTESIAN_POINT ( 'NONE',  ( 22.50000000000000000, 4.472135954999590268, -9.500000000000000000 ) ) ;
#1704 = ADVANCED_FACE ( 'NONE', ( #1755 ), #327, .T. ) ;
#1705 = DIRECTION ( 'NONE',  ( 0.000000000000000000, 0.000000000000000000, -1.000000000000000000 ) ) ;
#1706 = ORIENTED_EDGE ( 'NONE', *, *, #1735, .T. ) ;
#1707 = VERTEX_POINT ( 'NONE', #125 ) ;
#1708 = VERTEX_POINT ( 'NONE', #936 ) ;
#1709 = DIRECTION ( 'NONE',  ( 1.000000000000000000, 0.000000000000000000, 0.000000000000000000 ) ) ;
#1710 = AXIS2_PLACEMENT_3D ( 'NONE', #2, #526, #1004 ) ;
#1711 = CARTESIAN_POINT ( 'NONE',  ( 117.0000000000000000, 3.605551275463990013, 6.000000000000000000 ) ) ;
#1712 = EDGE_LOOP ( 'NONE', ( #1296, #418, #1844, #1369 ) ) ;
#1713 = DIRECTION ( 'NONE',  ( 0.000000000000000000, -1.000000000000000000, 0.000000000000000000 ) ) ;
#1714 = DIRECTION ( 'NONE',  ( 0.000000000000000000, 0.000000000000000000, -1.000000000000000000 ) ) ;
#1715 = DIRECTION ( 'NONE',  ( 0.7071067811865489050, 0.000000000000000000, -0.7071067811865460184 ) ) ;
#1716 = VERTEX_POINT ( 'NONE', #1453 ) ;
#1717 = VECTOR ( 'NONE', #1871, 1000.000000000000000 ) ;
#1718 = AXIS2_PLACEMENT_3D ( 'NONE', #1979, #8, #1632 ) ;
#1719 = CIRCLE ( 'NONE', #1928, 8.699999999999999289 ) ;
#1720 = CARTESIAN_POINT ( 'NONE',  ( 97.20880558770321045, 10.29091755458428636, 2.148771564725364236 ) ) ;
#1721 = VERTEX_POINT ( 'NONE', #806 ) ;
#1722 = CARTESIAN_POINT ( 'NONE',  ( 0.000000000000000000, 8.670499337963261229E-16, 7.080000000000000071 ) ) ;
#1723 = AXIS2_PLACEMENT_3D ( 'NONE', #86, #1048, #1705 ) ;
#1724 = CARTESIAN_POINT ( 'NONE',  ( 101.0000000000000000, 1.065442715258197248E-15, 8.699999999999999289 ) ) ;
#1725 = CARTESIAN_POINT ( 'NONE',  ( 87.20000000000000284, 1.065442715258197248E-15, -8.699999999999999289 ) ) ;
#1726 = CARTESIAN_POINT ( 'NONE',  ( 29.50000000000000355, 0.000000000000000000, 0.000000000000000000 ) ) ;
#1727 = DIRECTION ( 'NONE',  ( -1.000000000000000000, 0.000000000000000000, 0.000000000000000000 ) ) ;
#1728 = ORIENTED_EDGE ( 'NONE', *, *, #692, .F. ) ;
#1729 = ORIENTED_EDGE ( 'NONE', *, *, #1134, .F. ) ;
#1730 = ORIENTED_EDGE ( 'NONE', *, *, #1202, .F. ) ;
#1731 = LINE ( 'NONE', #269, #10 ) ;
#1732 = EDGE_CURVE ( 'NONE', #72, #1561, #1680, .T. ) ;
#1733 = LINE ( 'NONE', #426, #150 ) ;
#1734 = ORIENTED_EDGE ( 'NONE', *, *, #457, .T. ) ;
#1735 = EDGE_CURVE ( 'NONE', #190, #791, #1894, .T. ) ;
#1736 = CARTESIAN_POINT ( 'NONE',  ( 103.0000000000000142, 0.000000000000000000, 0.000000000000000000 ) ) ;
#1737 = CARTESIAN_POINT ( 'NONE',  ( 103.0000000000000142, 5.291502622129179656, 6.000000000000000000 ) ) ;
#1738 = CARTESIAN_POINT ( 'NONE',  ( 16.40000000000000568, 0.000000000000000000, 0.000000000000000000 ) ) ;
#1739 = ORIENTED_EDGE ( 'NONE', *, *, #1663, .F. ) ;
#1740 = EDGE_CURVE ( 'NONE', #121, #1062, #869, .T. ) ;
#1741 = CARTESIAN_POINT ( 'NONE',  ( 95.64648153914282602, 9.825633599187124645, -3.709837586314992386 ) ) ;
#1742 = VERTEX_POINT ( 'NONE', #140 ) ;
#1743 = CARTESIAN_POINT ( 'NONE',  ( 117.0000000000000000, 0.000000000000000000, 0.000000000000000000 ) ) ;
#1744 = CARTESIAN_POINT ( 'NONE',  ( 93.50000000000000000, 4.000000000000000000, -2.066999999999999726 ) ) ;
#1745 = ORIENTED_EDGE ( 'NONE', *, *, #1269, .F. ) ;
#1746 = CIRCLE ( 'NONE', #1538, 3.000000000000002665 ) ;
#1747 = DIRECTION ( 'NONE',  ( 0.000000000000000000, 0.6448238527906943185, -0.7643312101910826328 ) ) ;
#1748 = CYLINDRICAL_SURFACE ( 'NONE', #175, 7.849999999999999645 ) ;
#1749 = EDGE_CURVE ( 'NONE', #1498, #2071, #294, .T. ) ;
#1750 = DIRECTION ( 'NONE',  ( 0.000000000000000000, 0.3395332316729157696, -0.9405940594059405413 ) ) ;
#1751 = ORIENTED_EDGE ( 'NONE', *, *, #619, .F. ) ;
#1752 = CIRCLE ( 'NONE', #1205, 7.849999999999999645 ) ;
#1753 = CARTESIAN_POINT ( 'NONE',  ( 88.89999999999869829, 0.000000000000000000, 0.000000000000000000 ) ) ;
#1754 = ORIENTED_EDGE ( 'NONE', *, *, #1670, .T. ) ;
#1755 = FACE_OUTER_BOUND ( 'NONE', #265, .T. ) ;
#1756 = VECTOR ( 'NONE', #1262, 1000.000000000000000 ) ;
#1757 = AXIS2_PLACEMENT_3D ( 'NONE', #1935, #648, #1776 ) ;
#1758 = AXIS2_PLACEMENT_3D ( 'NONE', #407, #1683, #877 ) ;
#1759 = ORIENTED_EDGE ( 'NONE', *, *, #611, .F. ) ;
#1760 = DIRECTION ( 'NONE',  ( 1.000000000000000000, 0.000000000000000000, 0.000000000000000000 ) ) ;
#1761 = CARTESIAN_POINT ( 'NONE',  ( 81.00000000000000000, 0.000000000000000000, 0.000000000000000000 ) ) ;
#1762 = CARTESIAN_POINT ( 'NONE',  ( 93.50000000000000000, 4.000000000000000000, -2.066999999999999726 ) ) ;
#1763 = ORIENTED_EDGE ( 'NONE', *, *, #350, .F. ) ;
#1764 = FACE_OUTER_BOUND ( 'NONE', #1260, .T. ) ;
#1765 = ORIENTED_EDGE ( 'NONE', *, *, #515, .T. ) ;
#1766 = CARTESIAN_POINT ( 'NONE',  ( 16.02405303215812893, -3.828221747537026598, -9.499320265250206674 ) ) ;
#1767 = EDGE_CURVE ( 'NONE', #24, #1226, #566, .T. ) ;
#1768 = ORIENTED_EDGE ( 'NONE', *, *, #605, .T. ) ;
#1769 = B_SPLINE_CURVE_WITH_KNOTS ( 'NONE', 3,
 ( #783, #1306, #2102, #1766, #792, #1096, #302, #1623, #1133, #479, #149, #1278 ),
 .UNSPECIFIED., .F., .F.,
 ( 4, 2, 2, 2, 2, 4 ),
 ( 4.387626035828295912, 4.689889086478491009, 4.992152137128686107, 5.294415187778882981, 5.445546713103984970, 5.596678238429086072 ),
 .UNSPECIFIED. ) ;
#1770 = CARTESIAN_POINT ( 'NONE',  ( 22.37624366161998779, 9.653690712078084601, -4.136366326303873464 ) ) ;
#1771 = DIRECTION ( 'NONE',  ( 0.000000000000000000, 0.000000000000000000, -1.000000000000000000 ) ) ;
#1772 = DIRECTION ( 'NONE',  ( 0.000000000000000000, 0.000000000000000000, -1.000000000000000000 ) ) ;
#1773 = ORIENTED_EDGE ( 'NONE', *, *, #1971, .F. ) ;
#1774 = DIRECTION ( 'NONE',  ( 0.000000000000000000, 0.000000000000000000, -1.000000000000000000 ) ) ;
#1775 = ORIENTED_EDGE ( 'NONE', *, *, #46, .F. ) ;
#1776 = DIRECTION ( 'NONE',  ( 0.000000000000000000, 1.224646799147354440E-16, 1.000000000000000000 ) ) ;
#1777 = CARTESIAN_POINT ( 'NONE',  ( 16.00000000000000000, 3.429285639896449744, 9.500000000000000000 ) ) ;
#1778 = LINE ( 'NONE', #1263, #1204 ) ;
#1779 = ORIENTED_EDGE ( 'NONE', *, *, #1577, .F. ) ;
#1780 = ADVANCED_FACE ( 'NONE', ( #1104, #965 ), #947, .F. ) ;
#1781 = AXIS2_PLACEMENT_3D ( 'NONE', #1726, #885, #1361 ) ;
#1782 = CARTESIAN_POINT ( 'NONE',  ( 28.50000000000000000, 0.000000000000000000, 0.000000000000000000 ) ) ;
#1783 = ORIENTED_EDGE ( 'NONE', *, *, #1269, .T. ) ;
#1784 = DIRECTION ( 'NONE',  ( 0.000000000000000000, -1.000000000000000000, 0.000000000000000000 ) ) ;
#1785 = CIRCLE ( 'NONE', #583, 10.10000019414293959 ) ;
#1786 = CIRCLE ( 'NONE', #116, 2.066999999999999726 ) ;
#1787 = VECTOR ( 'NONE', #542, 1000.000000000000000 ) ;
#1788 = DIRECTION ( 'NONE',  ( 0.000000000000000000, 0.000000000000000000, -1.000000000000000000 ) ) ;
#1789 = EDGE_CURVE ( 'NONE', #408, #578, #1297, .T. ) ;
#1790 = CIRCLE ( 'NONE', #974, 2.066999999999999726 ) ;
#1791 = CC_DESIGN_APPROVAL ( #1804, ( #1252 ) ) ;
#1792 = DIRECTION ( 'NONE',  ( 0.000000000000000000, 0.000000000000000000, -1.000000000000000000 ) ) ;
#1793 = CARTESIAN_POINT ( 'NONE',  ( 88.90000000000000568, 0.000000000000000000, 0.000000000000000000 ) ) ;
#1794 = DIRECTION ( 'NONE',  ( 0.000000000000000000, -1.000000000000000000, 0.000000000000000000 ) ) ;
#1795 = EDGE_LOOP ( 'NONE', ( #306, #478, #427, #617 ) ) ;
#1796 = DIRECTION ( 'NONE',  ( 1.000000000000000000, 0.000000000000000000, 0.000000000000000000 ) ) ;
#1797 = B_SPLINE_CURVE_WITH_KNOTS ( 'NONE', 3,
 ( #1938, #1121, #494, #950, #786, #1618, #156, #1435, #1303, #454, #1427, #634, #942, #1947 ),
 .UNSPECIFIED., .F., .F.,
 ( 4, 2, 2, 2, 2, 2, 4 ),
 ( 1.539175026780206013, 1.839366780068453000, 2.139558533356699765, 2.289654410000823148, 2.439750286644946975, 2.589846163289070358, 2.739942039933193740 ),
 .UNSPECIFIED. ) ;
#1798 = CARTESIAN_POINT ( 'NONE',  ( 87.50000000000001421, 8.200000000000001066, 0.000000000000000000 ) ) ;
#1799 = EDGE_CURVE ( 'NONE', #1810, #1069, #1141, .T. ) ;
#1800 = EDGE_CURVE ( 'NONE', #100, #1688, #1533, .T. ) ;
#1801 = CARTESIAN_POINT ( 'NONE',  ( 0.000000000000000000, 3.673940397442059868E-16, 3.000000000000000000 ) ) ;
#1802 = CARTESIAN_POINT ( 'NONE',  ( 88.50000000000000000, 0.000000000000000000, 0.000000000000000000 ) ) ;
#1803 = PERSON_AND_ORGANIZATION ( #819, #905 ) ;
#1804 = APPROVAL ( #1815, '未' ) ;
#1805 = EDGE_CURVE ( 'NONE', #935, #1716, #1719, .T. ) ;
#1806 = FACE_OUTER_BOUND ( 'NONE', #1481, .T. ) ;
#1807 = EDGE_LOOP ( 'NONE', ( #1431, #1213, #1862, #485 ) ) ;
#1808 = CARTESIAN_POINT ( 'NONE',  ( 29.50000000000000355, 0.000000000000000000, 0.000000000000000000 ) ) ;
#1809 = EDGE_CURVE ( 'NONE', #1940, #759, #191, .T. ) ;
#1810 = VERTEX_POINT ( 'NONE', #1482 ) ;
#1811 = DIRECTION ( 'NONE',  ( 1.000000000000000000, 0.000000000000000000, 0.000000000000000000 ) ) ;
#1812 = FACE_OUTER_BOUND ( 'NONE', #2037, .T. ) ;
#1813 = DIRECTION ( 'NONE',  ( 1.000000000000000000, 0.000000000000000000, 0.000000000000000000 ) ) ;
#1814 = DIRECTION ( 'NONE',  ( 1.000000000000000000, 0.000000000000000000, 0.000000000000000000 ) ) ;
#1815 = APPROVAL_STATUS ( 'not_yet_approved' ) ;
#1816 = DIRECTION ( 'NONE',  ( -1.000000000000000000, 0.000000000000000000, 0.000000000000000000 ) ) ;
#1817 = VERTEX_POINT ( 'NONE', #707 ) ;
#1818 = CARTESIAN_POINT ( 'NONE',  ( 117.0000000000000000, 3.605551275463990013, 6.000000000000000000 ) ) ;
#1819 = VERTEX_POINT ( 'NONE', #1006 ) ;
#1820 = AXIS2_PLACEMENT_3D ( 'NONE', #522, #1143, #1161 ) ;
#1821 = FACE_OUTER_BOUND ( 'NONE', #741, .T. ) ;
#1822 = AXIS2_PLACEMENT_3D ( 'NONE', #493, #336, #842 ) ;
#1823 = VECTOR ( 'NONE', #439, 1000.000000000000000 ) ;
#1824 = AXIS2_PLACEMENT_3D ( 'NONE', #1830, #1796, #1669 ) ;
#1825 = DIRECTION ( 'NONE',  ( 0.000000000000000000, 0.000000000000000000, -1.000000000000000000 ) ) ;
#1826 = DIRECTION ( 'NONE',  ( 1.000000000000000000, 0.000000000000000000, 0.000000000000000000 ) ) ;
#1827 = AXIS2_PLACEMENT_3D ( 'NONE', #319, #1589, #128 ) ;
#1828 = DIRECTION ( 'NONE',  ( 1.000000000000000000, 0.000000000000000000, 0.000000000000000000 ) ) ;
#1829 = EDGE_LOOP ( 'NONE', ( #145, #2009, #1063, #1754 ) ) ;
#1830 = CARTESIAN_POINT ( 'NONE',  ( 101.0000000000000000, 0.000000000000000000, 0.000000000000000000 ) ) ;
#1831 = ORIENTED_EDGE ( 'NONE', *, *, #753, .F. ) ;
#1832 = DIRECTION ( 'NONE',  ( 1.000000000000000000, 0.000000000000000000, 0.000000000000000000 ) ) ;
#1833 = EDGE_CURVE ( 'NONE', #1721, #1922, #765, .T. ) ;
#1834 = EDGE_CURVE ( 'NONE', #1034, #373, #1109, .T. ) ;
#1835 = DIRECTION ( 'NONE',  ( 0.000000000000000000, 0.000000000000000000, -1.000000000000000000 ) ) ;
#1836 = CARTESIAN_POINT ( 'NONE',  ( 90.88331004600325969, 9.944717343454863467, -3.393871007930870931 ) ) ;
#1837 = CARTESIAN_POINT ( 'NONE',  ( 93.50000000000000000, 4.000000000000000000, 0.000000000000000000 ) ) ;
#1838 = CARTESIAN_POINT ( 'NONE',  ( 22.50000000000000000, -4.472135954999569840, -9.500000000000000000 ) ) ;
#1839 = ORIENTED_EDGE ( 'NONE', *, *, #704, .F. ) ;
#1840 = VERTEX_POINT ( 'NONE', #1818 ) ;
#1841 = DIRECTION ( 'NONE',  ( 1.000000000000000000, 0.000000000000000000, 0.000000000000000000 ) ) ;
#1842 = ADVANCED_FACE ( 'NONE', ( #499, #528 ), #1176, .F. ) ;
#1843 = CARTESIAN_POINT ( 'NONE',  ( 81.00000000000000000, 0.000000000000000000, -8.000000000000000000 ) ) ;
#1844 = ORIENTED_EDGE ( 'NONE', *, *, #1577, .T. ) ;
#1845 = DIRECTION ( 'NONE',  ( 0.000000000000000000, 1.000000000000000000, 0.000000000000000000 ) ) ;
#1846 = FACE_OUTER_BOUND ( 'NONE', #374, .T. ) ;
#1847 = DIRECTION ( 'NONE',  ( 0.000000000000000000, -1.000000000000000000, 0.000000000000000000 ) ) ;
#1848 = ORIENTED_EDGE ( 'NONE', *, *, #2010, .T. ) ;
#1849 = ORIENTED_EDGE ( 'NONE', *, *, #1749, .F. ) ;
#1850 = ORIENTED_EDGE ( 'NONE', *, *, #818, .T. ) ;
#1851 = FACE_OUTER_BOUND ( 'NONE', #2041, .T. ) ;
#1852 = AXIS2_PLACEMENT_3D ( 'NONE', #371, #1828, #361 ) ;
#1853 = AXIS2_PLACEMENT_3D ( 'NONE', #370, #1713, #47 ) ;
#1854 = VECTOR ( 'NONE', #1359, 1000.000000000000000 ) ;
#1855 = DIRECTION ( 'NONE',  ( 0.000000000000000000, 0.000000000000000000, -1.000000000000000000 ) ) ;
#1856 = DIRECTION ( 'NONE',  ( -1.000000000000000000, 0.000000000000000000, 0.000000000000000000 ) ) ;
#1857 = CYLINDRICAL_SURFACE ( 'NONE', #491, 3.000000000000000000 ) ;
#1858 = DIRECTION ( 'NONE',  ( 0.000000000000000000, 0.000000000000000000, 1.000000000000000000 ) ) ;
#1859 = AXIS2_PLACEMENT_3D ( 'NONE', #1385, #239, #1858 ) ;
#1860 = VERTEX_POINT ( 'NONE', #1148 ) ;
#1861 = EDGE_LOOP ( 'NONE', ( #308, #1706, #87, #404 ) ) ;
#1862 = ORIENTED_EDGE ( 'NONE', *, *, #1144, .T. ) ;
#1863 = LINE ( 'NONE', #902, #41 ) ;
#1864 = ADVANCED_FACE ( 'NONE', ( #667 ), #1616, .T. ) ;
#1865 = LINE ( 'NONE', #1843, #1311 ) ;
#1866 = FACE_OUTER_BOUND ( 'NONE', #1591, .T. ) ;
#1867 = FACE_OUTER_BOUND ( 'NONE', #192, .T. ) ;
#1868 = DIRECTION ( 'NONE',  ( 0.000000000000000000, 0.000000000000000000, 1.000000000000000000 ) ) ;
#1869 = EDGE_CURVE ( 'NONE', #24, #459, #637, .T. ) ;
#1870 = EDGE_LOOP ( 'NONE', ( #698, #303, #161, #871, #1196, #740 ) ) ;
#1871 = DIRECTION ( 'NONE',  ( 0.000000000000000000, -1.000000000000000000, 0.000000000000000000 ) ) ;
#1872 = ORIENTED_EDGE ( 'NONE', *, *, #58, .F. ) ;
#1873 = CARTESIAN_POINT ( 'NONE',  ( 22.80380146554652043, 3.764648426438489182, 9.803801465546518656 ) ) ;
#1874 = CARTESIAN_POINT ( 'NONE',  ( 97.75000000000000000, 9.500000000000000000, 0.000000000000000000 ) ) ;
#1875 = ORIENTED_EDGE ( 'NONE', *, *, #822, .F. ) ;
#1876 = DIRECTION ( 'NONE',  ( 0.000000000000000000, 0.000000000000000000, -1.000000000000000000 ) ) ;
#1877 = DIRECTION ( 'NONE',  ( 1.000000000000000000, 0.000000000000000000, 0.000000000000000000 ) ) ;
#1878 = CARTESIAN_POINT ( 'NONE',  ( 22.50000000000000000, -4.472135954999579610, 9.500000000000000000 ) ) ;
#1879 = ORIENTED_EDGE ( 'NONE', *, *, #545, .F. ) ;
#1880 = ORIENTED_EDGE ( 'NONE', *, *, #1387, .T. ) ;
#1881 = VERTEX_POINT ( 'NONE', #1968 ) ;
#1882 = DIRECTION ( 'NONE',  ( 0.000000000000000000, 0.000000000000000000, -1.000000000000000000 ) ) ;
#1883 = FACE_OUTER_BOUND ( 'NONE', #129, .T. ) ;
#1884 = ORIENTED_EDGE ( 'NONE', *, *, #1051, .T. ) ;
#1885 = AXIS2_PLACEMENT_3D ( 'NONE', #1793, #195, #360 ) ;
#1886 = AXIS2_PLACEMENT_3D ( 'NONE', #1160, #1962, #1825 ) ;
#1887 = AXIS2_PLACEMENT_3D ( 'NONE', #610, #743, #2064 ) ;
#1888 = CARTESIAN_POINT ( 'NONE',  ( 87.50000000000001421, 1.065442715258197248E-15, 8.699999999999999289 ) ) ;
#1889 = LINE ( 'NONE', #1554, #761 ) ;
#1890 = DIRECTION ( 'NONE',  ( 0.000000000000000000, -1.000000000000000000, 0.000000000000000000 ) ) ;
#1891 = ORIENTED_EDGE ( 'NONE', *, *, #1593, .F. ) ;
#1892 = CIRCLE ( 'NONE', #1887, 10.10000000000130171 ) ;
#1893 = ADVANCED_FACE ( 'NONE', ( #1016 ), #4, .T. ) ;
#1894 = CIRCLE ( 'NONE', #1507, 0.3999999999987069454 ) ;
#1895 = CARTESIAN_POINT ( 'NONE',  ( 97.74311013662352821, 10.49720669872638901, 0.2798796764951455573 ) ) ;
#1896 = ORIENTED_EDGE ( 'NONE', *, *, #134, .F. ) ;
#1897 = CARTESIAN_POINT ( 'NONE',  ( 101.0000000000000000, -5.061867244406951905, -6.000000000000000000 ) ) ;
#1898 = APPROVAL_PERSON_ORGANIZATION ( #603, #826, #1921 ) ;
#1899 = EDGE_CURVE ( 'NONE', #1243, #678, #2104, .T. ) ;
#1900 = EDGE_CURVE ( 'NONE', #1708, #1008, #32, .T. ) ;
#1901 = CARTESIAN_POINT ( 'NONE',  ( 101.0000000000000000, 0.000000000000000000, 0.000000000000000000 ) ) ;
#1902 = EDGE_CURVE ( 'NONE', #207, #547, #1076, .T. ) ;
#1903 = CARTESIAN_POINT ( 'NONE',  ( 19.24993147063721111, 10.49992317524591101, 0.5613908737097031976 ) ) ;
#1904 = CARTESIAN_POINT ( 'NONE',  ( 23.50000000000000000, 4.000000000000000000, 0.000000000000000000 ) ) ;
#1905 = DIRECTION ( 'NONE',  ( 0.000000000000000000, 0.4259177099999716387, -0.9047619047618992161 ) ) ;
#1906 = ORIENTED_EDGE ( 'NONE', *, *, #1833, .F. ) ;
#1907 = CARTESIAN_POINT ( 'NONE',  ( 96.89113790561562212, 10.17587822426595245, -2.620227973339209981 ) ) ;
#1908 = ORIENTED_EDGE ( 'NONE', *, *, #695, .T. ) ;
#1909 = CARTESIAN_POINT ( 'NONE',  ( 23.16265404474081890, 2.668274242288958487, 10.16265404474082068 ) ) ;
#1910 = CARTESIAN_POINT ( 'NONE',  ( 88.90000000000000568, 0.000000000000000000, -10.50000000000000000 ) ) ;
#1911 = DIRECTION ( 'NONE',  ( 0.000000000000000000, 0.000000000000000000, -1.000000000000000000 ) ) ;
#1912 = DIRECTION ( 'NONE',  ( 1.000000000000000000, 0.000000000000000000, 0.000000000000000000 ) ) ;
#1913 = DIRECTION ( 'NONE',  ( 1.000000000000000000, 0.000000000000000000, 0.000000000000000000 ) ) ;
#1914 = VERTEX_POINT ( 'NONE', #1186 ) ;
#1915 = FACE_OUTER_BOUND ( 'NONE', #846, .T. ) ;
#1916 = VERTEX_POINT ( 'NONE', #372 ) ;
#1917 = CARTESIAN_POINT ( 'NONE',  ( 16.01886579331061355, -3.776184533849473279, 9.500027536750124568 ) ) ;
#1918 = VECTOR ( 'NONE', #1183, 1000.000000000000000 ) ;
#1919 = CARTESIAN_POINT ( 'NONE',  ( 21.34889710683430408, 9.826420140297063455, -3.707439957227095739 ) ) ;
#1920 = FACE_OUTER_BOUND ( 'NONE', #208, .T. ) ;
#1921 = APPROVAL_ROLE ( '' ) ;
#1922 = VERTEX_POINT ( 'NONE', #341 ) ;
#1923 = CARTESIAN_POINT ( 'NONE',  ( 22.87125517689551657, -3.584024279267131963, 9.871255176895511241 ) ) ;
#1924 = ORIENTED_EDGE ( 'NONE', *, *, #1294, .F. ) ;
#1925 = DIRECTION ( 'NONE',  ( 0.000000000000000000, 1.000000000000000000, -1.224646799147353207E-16 ) ) ;
#1926 = AXIS2_PLACEMENT_3D ( 'NONE', #1989, #1841, #554 ) ;
#1927 = EDGE_CURVE ( 'NONE', #344, #1707, #2073, .T. ) ;
#1928 = AXIS2_PLACEMENT_3D ( 'NONE', #679, #825, #363 ) ;
#1929 = AXIS2_PLACEMENT_3D ( 'NONE', #1115, #120, #455 ) ;
#1930 = CARTESIAN_POINT ( 'NONE',  ( 20.10509760401654944, 10.17708096874759072, -2.615351688696370136 ) ) ;
#1931 = DIRECTION ( 'NONE',  ( 1.000000000000000000, 0.000000000000000000, 0.000000000000000000 ) ) ;
#1932 = ORIENTED_EDGE ( 'NONE', *, *, #1200, .F. ) ;
#1933 = DIRECTION ( 'NONE',  ( 0.000000000000000000, 0.6614378277661476790, -0.7500000000000001110 ) ) ;
#1934 = ORIENTED_EDGE ( 'NONE', *, *, #1502, .F. ) ;
#1935 = CARTESIAN_POINT ( 'NONE',  ( 28.10000000000130171, 1.236893267138985963E-15, 10.10000000000129994 ) ) ;
#1936 = ORIENTED_EDGE ( 'NONE', *, *, #1298, .F. ) ;
#1937 = PLANE ( 'NONE',  #529 ) ;
#1938 = CARTESIAN_POINT ( 'NONE',  ( 16.00000000000000000, 3.429285639896449744, 9.500000000000000000 ) ) ;
#1939 = DIRECTION ( 'NONE',  ( 0.000000000000000000, 0.000000000000000000, -1.000000000000000000 ) ) ;
#1940 = VERTEX_POINT ( 'NONE', #1694 ) ;
#1941 = CARTESIAN_POINT ( 'NONE',  ( 103.0000000000000142, -5.291502622129179656, 6.000000000000000000 ) ) ;
#1942 = ORIENTED_EDGE ( 'NONE', *, *, #1900, .T. ) ;
#1943 = CARTESIAN_POINT ( 'NONE',  ( 93.50000000000000000, 4.000000000000000000, 2.066999999999999726 ) ) ;
#1944 = DIRECTION ( 'NONE',  ( 0.000000000000000000, 0.6614378277661476790, -0.7500000000000001110 ) ) ;
#1945 = CARTESIAN_POINT ( 'NONE',  ( 103.0000000000000142, -5.291502622129179656, -6.000000000000000000 ) ) ;
#1946 = CARTESIAN_POINT ( 'NONE',  ( 101.0000000000000000, 0.000000000000000000, -8.699999999999999289 ) ) ;
#1947 = CARTESIAN_POINT ( 'NONE',  ( 16.40000000000000213, 4.472135954999575169, 9.500000000000000000 ) ) ;
#1948 = APPROVAL_STATUS ( 'not_yet_approved' ) ;
#1949 = AXIS2_PLACEMENT_3D ( 'NONE', #1668, #866, #1682 ) ;
#1950 = LINE ( 'NONE', #1621, #495 ) ;
#1951 = ORIENTED_EDGE ( 'NONE', *, *, #822, .T. ) ;
#1952 = DIRECTION ( 'NONE',  ( 0.000000000000000000, 0.000000000000000000, -1.000000000000000000 ) ) ;
#1953 = AXIS2_PLACEMENT_3D ( 'NONE', #126, #430, #1747 ) ;
#1954 = EDGE_CURVE ( 'NONE', #1125, #1840, #328, .T. ) ;
#1955 = CONICAL_SURFACE ( 'NONE', #355, 8.200000000000001066, 1.030376826524320055 ) ;
#1956 = CIRCLE ( 'NONE', #903, 8.699999999999999289 ) ;
#1957 = DIRECTION ( 'NONE',  ( 0.000000000000000000, -1.000000000000000000, 0.000000000000000000 ) ) ;
#1958 = VECTOR ( 'NONE', #1040, 1000.000000000000000 ) ;
#1959 = VECTOR ( 'NONE', #1543, 1000.000000000000000 ) ;
#1960 = CC_DESIGN_PERSON_AND_ORGANIZATION_ASSIGNMENT ( #972, #1619, ( #957 ) ) ;
#1961 = ADVANCED_FACE ( 'NONE', ( #1242 ), #1564, .F. ) ;
#1962 = DIRECTION ( 'NONE',  ( 1.000000000000000000, 0.000000000000000000, 0.000000000000000000 ) ) ;
#1963 = DIRECTION ( 'NONE',  ( 1.000000000000000000, 0.000000000000000000, 0.000000000000000000 ) ) ;
#1964 = APPROVAL_ROLE ( '' ) ;
#1965 = EDGE_CURVE ( 'NONE', #868, #1034, #71, .T. ) ;
#1966 = PLANE ( 'NONE',  #141 ) ;
#1967 = ORIENTED_EDGE ( 'NONE', *, *, #1055, .T. ) ;
#1968 = CARTESIAN_POINT ( 'NONE',  ( 23.49999975987188350, 9.601478461253851293, 4.250122191714254427 ) ) ;
#1969 = LINE ( 'NONE', #510, #246 ) ;
#1970 = CARTESIAN_POINT ( 'NONE',  ( 101.0000000000000000, -5.061867244406950128, -6.000000000000000000 ) ) ;
#1971 = EDGE_CURVE ( 'NONE', #1265, #527, #2017, .T. ) ;
#1972 = B_SPLINE_CURVE_WITH_KNOTS ( 'NONE', 3,
 ( #1232, #748, #1557, #1578, #758, #1071, #1720, #255, #232, #912, #593, #1895, #1085, #1407, #2074, #1259, #1907, #444, #1741, #123, #774, #2020 ),
 .UNSPECIFIED., .F., .F.,
 ( 4, 2, 2, 2, 2, 2, 2, 2, 2, 2, 4 ),
 ( 20.14679801789116809, 21.82534063977880479, 23.50388326166643793, 25.18242588355407463, 26.02169719449788943, 26.44133284996980038, 26.86096850544170778, 28.53951112732934448, 30.21805374921698117, 31.89659637110461432, 33.57513899299225102 ),
 .UNSPECIFIED. ) ;
#1973 = DIRECTION ( 'NONE',  ( 0.000000000000000000, 0.000000000000000000, -1.000000000000000000 ) ) ;
#1974 = CARTESIAN_POINT ( 'NONE',  ( 89.36354420121855924, 10.45246638719403265, 1.123697162630975965 ) ) ;
#1975 = FACE_OUTER_BOUND ( 'NONE', #1712, .T. ) ;
#1976 = ORIENTED_EDGE ( 'NONE', *, *, #1027, .F. ) ;
#1977 = DIRECTION ( 'NONE',  ( 1.000000000000000000, 0.000000000000000000, 0.000000000000000000 ) ) ;
#1978 = ORIENTED_EDGE ( 'NONE', *, *, #1231, .T. ) ;
#1979 = CARTESIAN_POINT ( 'NONE',  ( 23.50000000000000000, 4.000000000000000000, 0.000000000000000000 ) ) ;
#1980 = PLANE ( 'NONE',  #211 ) ;
#1981 = CARTESIAN_POINT ( 'NONE',  ( 89.79300097659620405, 10.29038759073797316, 2.152003747455140559 ) ) ;
#1982 = FACE_OUTER_BOUND ( 'NONE', #1192, .T. ) ;
#1983 = EDGE_LOOP ( 'NONE', ( #855, #1773, #1365, #380 ) ) ;
#1984 = CARTESIAN_POINT ( 'NONE',  ( 110.0000000000000000, 0.000000000000000000, 6.000000000000000000 ) ) ;
#1985 = ADVANCED_FACE ( 'NONE', ( #1531 ), #398, .F. ) ;
#1986 = AXIS2_PLACEMENT_3D ( 'NONE', #616, #1460, #1933 ) ;
#1987 = VERTEX_POINT ( 'NONE', #1878 ) ;
#1988 = CIRCLE ( 'NONE', #629, 8.200000000000001066 ) ;
#1989 = CARTESIAN_POINT ( 'NONE',  ( 101.0000000000000000, 0.000000000000000000, 0.000000000000000000 ) ) ;
#1990 = EDGE_CURVE ( 'NONE', #1290, #1093, #1216, .T. ) ;
#1991 = AXIS2_PLACEMENT_3D ( 'NONE', #1426, #441, #2085 ) ;
#1992 = CIRCLE ( 'NONE', #1582, 10.50000000000000000 ) ;
#1993 = VECTOR ( 'NONE', #1342, 1000.000000000000000 ) ;
#1994 = DIRECTION ( 'NONE',  ( 0.000000000000000000, 1.000000000000000000, 0.000000000000000000 ) ) ;
#1995 = CARTESIAN_POINT ( 'NONE',  ( 92.12105029248108679, 9.696837687898829827, 4.029648094819028081 ) ) ;
#1996 = VECTOR ( 'NONE', #896, 1000.000000000000000 ) ;
#1997 = EDGE_CURVE ( 'NONE', #897, #645, #2033, .T. ) ;
#1998 = CARTESIAN_POINT ( 'NONE',  ( 101.0000000000000000, 9.797174393178825657E-16, 8.000000000000000000 ) ) ;
#1999 = DIRECTION ( 'NONE',  ( 1.000000000000000000, 0.000000000000000000, 0.000000000000000000 ) ) ;
#2000 = ORIENTED_EDGE ( 'NONE', *, *, #2117, .T. ) ;
#2001 = B_SPLINE_CURVE_WITH_KNOTS ( 'NONE', 3,
 ( #1542, #85, #876, #2043, #1047, #397, #2032, #558, #228, #580, #1693, #1373, #1530, #57, #238, #909, #1228, #1393, #737, #251, #1384, #1067 ),
 .UNSPECIFIED., .F., .F.,
 ( 4, 2, 2, 2, 2, 2, 2, 2, 2, 2, 4 ),
 ( 20.14679801789114677, 21.82534063977877636, 23.50388326166640240, 25.18242588355403200, 26.02169719449784679, 26.44133284996975419, 26.86096850544166159, 28.53951112732929474, 30.21805374921692788, 31.89659637110455748, 33.57513899299218707 ),
 .UNSPECIFIED. ) ;
#2002 = CYLINDRICAL_SURFACE ( 'NONE', #2103, 3.000000000000002665 ) ;
#2003 = EDGE_CURVE ( 'NONE', #1389, #626, #940, .T. ) ;
#2004 = CARTESIAN_POINT ( 'NONE',  ( 16.00000000000000000, 0.000000000000000000, -8.000000000000000000 ) ) ;
#2005 = CYLINDRICAL_SURFACE ( 'NONE', #461, 8.000000000000000000 ) ;
#2006 = FACE_OUTER_BOUND ( 'NONE', #1277, .T. ) ;
#2007 = DIRECTION ( 'NONE',  ( 1.000000000000000000, 0.000000000000000000, 0.000000000000000000 ) ) ;
#2008 = CARTESIAN_POINT ( 'NONE',  ( 23.50000000000000000, 4.000000000000000000, 0.000000000000000000 ) ) ;
#2009 = ORIENTED_EDGE ( 'NONE', *, *, #1749, .T. ) ;
#2010 = EDGE_CURVE ( 'NONE', #1226, #1819, #11, .T. ) ;
#2011 = EDGE_LOOP ( 'NONE', ( #2111, #1672, #1116, #487 ) ) ;
#2012 = ORIENTED_EDGE ( 'NONE', *, *, #953, .T. ) ;
#2013 = FACE_OUTER_BOUND ( 'NONE', #913, .T. ) ;
#2014 = DIRECTION ( 'NONE',  ( 1.000000000000000000, 0.000000000000000000, 0.000000000000000000 ) ) ;
#2015 = DIRECTION ( 'NONE',  ( 1.000000000000000000, 0.000000000000000000, 0.000000000000000000 ) ) ;
#2016 = DIRECTION ( 'NONE',  ( 0.000000000000000000, 0.000000000000000000, 1.000000000000000000 ) ) ;
#2017 = LINE ( 'NONE', #96, #1996 ) ;
#2018 = ORIENTED_EDGE ( 'NONE', *, *, #2063, .F. ) ;
#2019 = EDGE_CURVE ( 'NONE', #1243, #1742, #107, .T. ) ;
#2020 = CARTESIAN_POINT ( 'NONE',  ( 93.49999972811343696, 9.601462373749269474, -4.250091791629743376 ) ) ;
#2021 = ORIENTED_EDGE ( 'NONE', *, *, #1593, .T. ) ;
#2022 = CARTESIAN_POINT ( 'NONE',  ( 107.0000000000000000, 0.000000000000000000, -6.000000000000000000 ) ) ;
#2023 = ADVANCED_FACE ( 'NONE', ( #1220 ), #600, .T. ) ;
#2024 = AXIS2_PLACEMENT_3D ( 'NONE', #1837, #31, #1341 ) ;
#2025 = VECTOR ( 'NONE', #1383, 1000.000000000000000 ) ;
#2026 = ADVANCED_FACE ( 'NONE', ( #550, #1195 ), #714, .F. ) ;
#2027 = CIRCLE ( 'NONE', #1036, 8.699999999999999289 ) ;
#2028 = CARTESIAN_POINT ( 'NONE',  ( 16.40000000000000568, 0.000000000000000000, 0.000000000000000000 ) ) ;
#2029 = ORIENTED_EDGE ( 'NONE', *, *, #1367, .F. ) ;
#2030 = AXIS2_PLACEMENT_3D ( 'NONE', #1984, #986, #1469 ) ;
#2031 = CYLINDRICAL_SURFACE ( 'NONE', #901, 7.849999999999999645 ) ;
#2032 = CARTESIAN_POINT ( 'NONE',  ( 27.20880558770322821, 10.29091755458428992, 2.148771564725348249 ) ) ;
#2033 = LINE ( 'NONE', #1033, #1959 ) ;
#2034 = ADVANCED_FACE ( 'NONE', ( #910 ), #1412, .T. ) ;
#2035 = CIRCLE ( 'NONE', #1444, 10.50000000000000178 ) ;
#2036 = ORIENTED_EDGE ( 'NONE', *, *, #219, .F. ) ;
#2037 = EDGE_LOOP ( 'NONE', ( #1452, #177, #1468, #375 ) ) ;
#2038 = ORIENTED_EDGE ( 'NONE', *, *, #545, .T. ) ;
#2039 = DIRECTION ( 'NONE',  ( 0.000000000000000000, -1.000000000000000000, 0.000000000000000000 ) ) ;
#2040 = DIRECTION ( 'NONE',  ( 0.000000000000000000, -0.4259177099999597038, 0.9047619047619048782 ) ) ;
#2041 = EDGE_LOOP ( 'NONE', ( #89, #261, #1643, #1671, #858, #2060, #2000, #2050 ) ) ;
#2042 = LINE ( 'NONE', #1058, #1001 ) ;
#2043 = CARTESIAN_POINT ( 'NONE',  ( 25.65132068380552610, 9.826476135186354099, 3.707305291590581309 ) ) ;
#2044 = PLANE ( 'NONE',  #1145 ) ;
#2045 = ORIENTED_EDGE ( 'NONE', *, *, #1789, .T. ) ;
#2046 = CARTESIAN_POINT ( 'NONE',  ( 28.10000000000000497, 1.285879139104720831E-15, 10.50000000000000000 ) ) ;
#2047 = VERTEX_POINT ( 'NONE', #2054 ) ;
#2048 = FACE_OUTER_BOUND ( 'NONE', #1448, .T. ) ;
#2049 = DIRECTION ( 'NONE',  ( 0.000000000000000000, -1.000000000000000000, 0.000000000000000000 ) ) ;
#2050 = ORIENTED_EDGE ( 'NONE', *, *, #1809, .F. ) ;
#2051 = EDGE_CURVE ( 'NONE', #578, #2109, #1586, .T. ) ;
#2052 = CARTESIAN_POINT ( 'NONE',  ( 22.50000000000000000, 4.472135954999590268, -9.500000000000000000 ) ) ;
#2053 = FACE_BOUND ( 'NONE', #1103, .T. ) ;
#2054 = CARTESIAN_POINT ( 'NONE',  ( 81.00000000000000000, 9.797174393178825657E-16, 8.000000000000000000 ) ) ;
#2055 = EDGE_LOOP ( 'NONE', ( #1906, #1658, #292, #1779 ) ) ;
#2056 = B_SPLINE_CURVE_WITH_KNOTS ( 'NONE', 3,
 ( #1711, #873, #1519, #367 ),
 .UNSPECIFIED., .F., .F.,
 ( 4, 4 ),
 ( 9.467117254292324091, 11.41583116148980892 ),
 .UNSPECIFIED. ) ;
#2057 = ADVANCED_FACE ( 'NONE', ( #738 ), #2044, .T. ) ;
#2058 = ADVANCED_FACE ( 'NONE', ( #1068 ), #769, .T. ) ;
#2059 = CARTESIAN_POINT ( 'NONE',  ( 100.5999999999928036, 1.236893267137940131E-15, 10.09999999999276099 ) ) ;
#2060 = ORIENTED_EDGE ( 'NONE', *, *, #1042, .F. ) ;
#2061 = CARTESIAN_POINT ( 'NONE',  ( 87.50000000000001421, 0.000000000000000000, 0.000000000000000000 ) ) ;
#2062 = EDGE_CURVE ( 'NONE', #1155, #958, #1041, .T. ) ;
#2063 = EDGE_CURVE ( 'NONE', #241, #709, #1649, .T. ) ;
#2064 = DIRECTION ( 'NONE',  ( 0.000000000000000000, -0.3395332316729156585, 0.9405940594059405413 ) ) ;
#2065 = VERTEX_POINT ( 'NONE', #484 ) ;
#2066 = AXIS2_PLACEMENT_3D ( 'NONE', #203, #1227, #1876 ) ;
#2067 = AXIS2_PLACEMENT_3D ( 'NONE', #345, #1811, #389 ) ;
#2068 = CARTESIAN_POINT ( 'NONE',  ( 116.0000000000000000, 5.291502622129179656, -6.000000000000000000 ) ) ;
#2069 = CARTESIAN_POINT ( 'NONE',  ( 93.50000000000000000, 4.000000000000000000, 0.000000000000000000 ) ) ;
#2070 = MECHANICAL_CONTEXT ( 'NONE', #73, 'mechanical' ) ;
#2071 = VERTEX_POINT ( 'NONE', #2080 ) ;
#2072 = VECTOR ( 'NONE', #488, 1000.000000000000000 ) ;
#2073 = CIRCLE ( 'NONE', #732, 8.000000000000000000 ) ;
#2074 = CARTESIAN_POINT ( 'NONE',  ( 97.63541666032514854, 10.45231942312835827, -1.127298390905669967 ) ) ;
#2075 = VERTEX_POINT ( 'NONE', #285 ) ;
#2076 = DIRECTION ( 'NONE',  ( 1.000000000000000000, 0.000000000000000000, 0.000000000000000000 ) ) ;
#2077 = PLANE ( 'NONE',  #39 ) ;
#2078 = DIRECTION ( 'NONE',  ( -1.000000000000000000, 0.000000000000000000, 0.000000000000000000 ) ) ;
#2079 = DIRECTION ( 'NONE',  ( 0.000000000000000000, 0.000000000000000000, 1.000000000000000000 ) ) ;
#2080 = CARTESIAN_POINT ( 'NONE',  ( 16.00000000000000000, -3.429285639896449744, 9.500000000000000000 ) ) ;
#2081 = ORIENTED_EDGE ( 'NONE', *, *, #1144, .F. ) ;
#2082 = CARTESIAN_POINT ( 'NONE',  ( 22.80380146554198006, -3.764648426450345919, 9.803801465541976512 ) ) ;
#2083 = ORIENTED_EDGE ( 'NONE', *, *, #1323, .T. ) ;
#2084 = CARTESIAN_POINT ( 'NONE',  ( 16.08747197498718151, -4.118171964420755060, 9.499692724028367508 ) ) ;
#2085 = DIRECTION ( 'NONE',  ( 0.7071067811865474617, 0.000000000000000000, 0.7071067811865474617 ) ) ;
#2086 = CARTESIAN_POINT ( 'NONE',  ( 16.22536868753643446, 4.382551058973199076, -9.499982040151774498 ) ) ;
#2087 = APPLICATION_PROTOCOL_DEFINITION ( 'international standard', 'config_control_design', 1994, #735 ) ;
#2088 = ORIENTED_EDGE ( 'NONE', *, *, #55, .T. ) ;
#2089 = FACE_OUTER_BOUND ( 'NONE', #68, .T. ) ;
#2090 = ORIENTED_EDGE ( 'NONE', *, *, #651, .F. ) ;
#2091 = DIRECTION ( 'NONE',  ( 0.000000000000000000, 0.000000000000000000, -1.000000000000000000 ) ) ;
#2092 = EDGE_CURVE ( 'NONE', #868, #1567, #567, .T. ) ;
#2093 = ORIENTED_EDGE ( 'NONE', *, *, #925, .T. ) ;
#2094 = AXIS2_PLACEMENT_3D ( 'NONE', #862, #703, #166 ) ;
#2095 = FACE_OUTER_BOUND ( 'NONE', #1579, .T. ) ;
#2096 = CARTESIAN_POINT ( 'NONE',  ( 16.11964840442702851, 4.212638246238015860, -9.499953730203131386 ) ) ;
#2097 = CALENDAR_DATE ( 2026, 5, 8 ) ;
#2098 = ORIENTED_EDGE ( 'NONE', *, *, #669, .F. ) ;
#2099 = CIRCLE ( 'NONE', #1503, 8.000000000000000000 ) ;
#2100 = CARTESIAN_POINT ( 'NONE',  ( 29.50000000000000355, 0.000000000000000000, -8.699999999999999289 ) ) ;
#2101 = VERTEX_POINT ( 'NONE', #2108 ) ;
#2102 = CARTESIAN_POINT ( 'NONE',  ( 16.00481421296906603, -3.637751539265090539, -9.499321805329344670 ) ) ;
#2103 = AXIS2_PLACEMENT_3D ( 'NONE', #1190, #1158, #1493 ) ;
#2104 = CIRCLE ( 'NONE', #1177, 7.849999999999999645 ) ;
#2105 = LOCAL_TIME ( 16, 5, 32.00000000000000000, #514 ) ;
#2106 = CARTESIAN_POINT ( 'NONE',  ( 29.79999999999999716, 0.000000000000000000, -8.700000000000001066 ) ) ;
#2107 = CARTESIAN_POINT ( 'NONE',  ( 16.03893016749142930, 3.923597847618894185, -9.499740571056459970 ) ) ;
#2108 = CARTESIAN_POINT ( 'NONE',  ( 100.5999999999999943, 1.285879139104720831E-15, 10.50000000000000000 ) ) ;
#2109 = VERTEX_POINT ( 'NONE', #1762 ) ;
#2110 = DIRECTION ( 'NONE',  ( 1.000000000000000000, 0.000000000000000000, 0.000000000000000000 ) ) ;
#2111 = ORIENTED_EDGE ( 'NONE', *, *, #676, .F. ) ;
#2112 = DIRECTION ( 'NONE',  ( 1.000000000000000000, 0.000000000000000000, 0.000000000000000000 ) ) ;
#2113 = CARTESIAN_POINT ( 'NONE',  ( 23.50000000000000000, 4.000000000000000000, -4.250000000000000000 ) ) ;
#2114 = FACE_OUTER_BOUND ( 'NONE', #1163, .T. ) ;
#2115 = CARTESIAN_POINT ( 'NONE',  ( 87.50000000000001421, 0.000000000000000000, 8.200000000000018829 ) ) ;
#2116 = ORIENTED_EDGE ( 'NONE', *, *, #1642, .F. ) ;
#2117 = EDGE_CURVE ( 'NONE', #92, #759, #2035, .T. ) ;
#2118 = FACE_OUTER_BOUND ( 'NONE', #1861, .T. ) ;
#2119 = ORIENTED_EDGE ( 'NONE', *, *, #2019, .F. ) ;
#2120 = CARTESIAN_POINT ( 'NONE',  ( 29.50000000000000355, 0.000000000000000000, 0.000000000000000000 ) ) ;
#2121 = EDGE_CURVE ( 'NONE', #1555, #678, #1122, .T. ) ;
#2122 = FACE_OUTER_BOUND ( 'NONE', #1345, .T. ) ;
#2123 = EDGE_CURVE ( 'NONE', #626, #1389, #1253, .T. ) ;
#2124 = DIRECTION ( 'NONE',  ( 1.000000000000000000, 0.000000000000000000, 0.000000000000000000 ) ) ;
#2125 = DIRECTION ( 'NONE',  ( 0.000000000000000000, 0.000000000000000000, -1.000000000000000000 ) ) ;
ENDSEC;
END-ISO-10303-21;
