ISO-10303-21;
HEADER;
FILE_DESCRIPTION (( 'STEP AP203' ),
    '1' );
FILE_NAME ('16MA 50 Body_Default_sldprt.STEP',
    '2026-08-05T08:05:33',
    ( '' ),
    ( '' ),
    'SwSTEP 2.0',
    'SolidWorks 2026',
    '' );
FILE_SCHEMA (( 'CONFIG_CONTROL_DESIGN' ));
ENDSEC;

DATA;
#1 = VERTEX_POINT ( 'NONE', #396 ) ;
#2 = DIRECTION ( 'NONE',  ( 0.000000000000000000, 1.000000000000000000, 0.000000000000000000 ) ) ;
#3 = DIRECTION ( 'NONE',  ( 0.000000000000000000, 1.000000000000000000, 0.000000000000000000 ) ) ;
#4 = VERTEX_POINT ( 'NONE', #2085 ) ;
#5 = CARTESIAN_POINT ( 'NONE',  ( 126.0000000000000000, 0.000000000000000000, 0.000000000000000000 ) ) ;
#6 = CARTESIAN_POINT ( 'NONE',  ( 23.49999975987187995, 9.601478461253851293, 4.250122191714251763 ) ) ;
#7 = EDGE_CURVE ( 'NONE', #848, #1342, #1579, .T. ) ;
#8 = ORIENTED_EDGE ( 'NONE', *, *, #1292, .F. ) ;
#9 = PERSON_AND_ORGANIZATION ( #1784, #1611 ) ;
#10 = CARTESIAN_POINT ( 'NONE',  ( 112.1999999999999886, 0.000000000000000000, -8.699999999999999289 ) ) ;
#11 = ORIENTED_EDGE ( 'NONE', *, *, #792, .F. ) ;
#12 = DIRECTION ( 'NONE',  ( 1.000000000000000000, 0.000000000000000000, 0.000000000000000000 ) ) ;
#13 = DIRECTION ( 'NONE',  ( -1.000000000000000000, 0.000000000000000000, 0.000000000000000000 ) ) ;
#14 = CARTESIAN_POINT ( 'NONE',  ( 22.50000000000000000, -4.472135954999554741, -9.500000000000000000 ) ) ;
#15 = EDGE_LOOP ( 'NONE', ( #1356, #942 ) ) ;
#16 = PERSON_AND_ORGANIZATION ( #1784, #1611 ) ;
#17 = AXIS2_PLACEMENT_3D ( 'NONE', #1318, #1651, #503 ) ;
#18 = LINE ( 'NONE', #1015, #1218 ) ;
#19 = VERTEX_POINT ( 'NONE', #939 ) ;
#20 = EDGE_CURVE ( 'NONE', #728, #590, #739, .T. ) ;
#21 = ORIENTED_EDGE ( 'NONE', *, *, #1393, .F. ) ;
#22 = LINE ( 'NONE', #531, #1578 ) ;
#23 = CYLINDRICAL_SURFACE ( 'NONE', #1906, 2.066999999999999726 ) ;
#24 = ADVANCED_FACE ( 'NONE', ( #2050 ), #1798, .T. ) ;
#25 = CIRCLE ( 'NONE', #1498, 8.000000000000000000 ) ;
#26 = DIRECTION ( 'NONE',  ( 1.000000000000000000, 0.000000000000000000, 0.000000000000000000 ) ) ;
#27 = AXIS2_PLACEMENT_3D ( 'NONE', #269, #737, #1577 ) ;
#28 = CIRCLE ( 'NONE', #1573, 10.50000000000000000 ) ;
#29 = ORIENTED_EDGE ( 'NONE', *, *, #1387, .F. ) ;
#30 = AXIS2_PLACEMENT_3D ( 'NONE', #127, #780, #1121 ) ;
#31 = CIRCLE ( 'NONE', #551, 3.000000000000000000 ) ;
#32 = VERTEX_POINT ( 'NONE', #1410 ) ;
#33 = ORIENTED_EDGE ( 'NONE', *, *, #1952, .F. ) ;
#34 = ORIENTED_EDGE ( 'NONE', *, *, #893, .F. ) ;
#35 = LINE ( 'NONE', #1323, #992 ) ;
#36 = PLANE ( 'NONE',  #187 ) ;
#37 = CARTESIAN_POINT ( 'NONE',  ( 23.16265404473912781, -2.668274242295475496, -10.16265404473912426 ) ) ;
#38 = CARTESIAN_POINT ( 'NONE',  ( 28.50000000000000000, 1.065442715258197248E-15, 8.699999999999999289 ) ) ;
#39 = ORIENTED_EDGE ( 'NONE', *, *, #222, .T. ) ;
#40 = DIRECTION ( 'NONE',  ( 1.000000000000000000, 0.000000000000000000, 0.000000000000000000 ) ) ;
#41 = ORIENTED_EDGE ( 'NONE', *, *, #1060, .T. ) ;
#42 = ADVANCED_BREP_SHAPE_REPRESENTATION ( '16MA 50 Body_Default_sldprt', ( #1614, #682 ), #1779 ) ;
#43 = DIRECTION ( 'NONE',  ( 1.000000000000000000, 0.000000000000000000, 0.000000000000000000 ) ) ;
#44 = DIRECTION ( 'NONE',  ( 0.000000000000000000, 0.000000000000000000, -1.000000000000000000 ) ) ;
#45 = CARTESIAN_POINT ( 'NONE',  ( 23.41554419659179942, -1.537315110653151073, -10.41554419659179942 ) ) ;
#46 = EDGE_CURVE ( 'NONE', #848, #1455, #552, .T. ) ;
#47 = DIRECTION ( 'NONE',  ( 0.000000000000000000, 0.000000000000000000, 1.000000000000000000 ) ) ;
#48 = VERTEX_POINT ( 'NONE', #1735 ) ;
#49 = PERSON_AND_ORGANIZATION ( #1784, #1611 ) ;
#50 = EDGE_CURVE ( 'NONE', #1706, #424, #1314, .T. ) ;
#51 = FACE_OUTER_BOUND ( 'NONE', #1413, .T. ) ;
#52 = EDGE_LOOP ( 'NONE', ( #1043, #561 ) ) ;
#53 = AXIS2_PLACEMENT_3D ( 'NONE', #1333, #1971, #1812 ) ;
#54 = EDGE_CURVE ( 'NONE', #1822, #1643, #1096, .T. ) ;
#55 = CARTESIAN_POINT ( 'NONE',  ( 23.50000000000000000, 4.000000000000000000, 2.066999999999999726 ) ) ;
#56 = CARTESIAN_POINT ( 'NONE',  ( 119.6222500412087157, 9.653656543632655129, -4.136524236569077750 ) ) ;
#57 = DIRECTION ( 'NONE',  ( 1.000000000000000000, 0.000000000000000000, 0.000000000000000000 ) ) ;
#58 = CARTESIAN_POINT ( 'NONE',  ( 23.05800751469537602, -3.038769494611603950, 10.05800751469536714 ) ) ;
#59 = EDGE_LOOP ( 'NONE', ( #64, #41, #1888, #98 ) ) ;
#60 = EDGE_CURVE ( 'NONE', #1014, #378, #283, .T. ) ;
#61 = VECTOR ( 'NONE', #1438, 1000.000000000000000 ) ;
#62 = DIRECTION ( 'NONE',  ( 0.000000000000000000, 0.000000000000000000, -1.000000000000000000 ) ) ;
#63 = TOROIDAL_SURFACE ( 'NONE', #1950, 10.09999999999276099, 0.4000000000072384543 ) ;
#64 = ORIENTED_EDGE ( 'NONE', *, *, #721, .F. ) ;
#65 = VECTOR ( 'NONE', #12, 1000.000000000000000 ) ;
#66 = CARTESIAN_POINT ( 'NONE',  ( 125.5999999999999943, 1.285879139104720831E-15, 10.50000000000000000 ) ) ;
#67 = DIRECTION ( 'NONE',  ( 0.000000000000000000, 0.000000000000000000, -1.000000000000000000 ) ) ;
#68 = LOCAL_TIME ( 16, 5, 33.00000000000000000, #73 ) ;
#69 = FACE_OUTER_BOUND ( 'NONE', #360, .T. ) ;
#70 = DIRECTION ( 'NONE',  ( -1.000000000000000000, 0.000000000000000000, 0.000000000000000000 ) ) ;
#71 = B_SPLINE_CURVE_WITH_KNOTS ( 'NONE', 3,
 ( #1305, #156, #1593, #148, #458, #1947, #1617, #1772, #619, #2110, #2095, #819, #966, #480, #1929, #296, #495, #658, #793, #1312 ),
 .UNSPECIFIED., .F., .F.,
 ( 4, 2, 2, 2, 2, 2, 2, 2, 2, 4 ),
 ( 6.718113423384421523, 8.396698997697725986, 10.07528457201102867, 11.75387014632433313, 13.43245572063763760, 15.11104129495094028, 16.78962686926424652, 18.46821244357754921, 19.30750523073420055, 20.14679801789085190 ),
 .UNSPECIFIED. ) ;
#72 = CARTESIAN_POINT ( 'NONE',  ( 27.71528989411021371, 10.48592008487951688, 0.5600422961210449468 ) ) ;
#73 = COORDINATED_UNIVERSAL_TIME_OFFSET ( 8, 0, .AHEAD. ) ;
#74 = EDGE_CURVE ( 'NONE', #1881, #1653, #776, .T. ) ;
#75 = DIRECTION ( 'NONE',  ( 1.000000000000000000, 0.000000000000000000, 0.000000000000000000 ) ) ;
#76 = VERTEX_POINT ( 'NONE', #1608 ) ;
#77 = ORIENTED_EDGE ( 'NONE', *, *, #1873, .F. ) ;
#78 = DIRECTION ( 'NONE',  ( 0.000000000000000000, 1.000000000000000000, 0.000000000000000000 ) ) ;
#79 = CARTESIAN_POINT ( 'NONE',  ( 141.0000000000000000, 0.000000000000000000, 0.000000000000000000 ) ) ;
#80 = CARTESIAN_POINT ( 'NONE',  ( 118.5000000000000142, 4.000000000000000000, 4.250000000000000000 ) ) ;
#81 = DIRECTION ( 'NONE',  ( 0.000000000000000000, 0.000000000000000000, -1.000000000000000000 ) ) ;
#82 = LINE ( 'NONE', #1061, #1979 ) ;
#83 = ORIENTED_EDGE ( 'NONE', *, *, #1255, .F. ) ;
#84 = EDGE_CURVE ( 'NONE', #294, #32, #2099, .T. ) ;
#85 = CARTESIAN_POINT ( 'NONE',  ( 24.06184454977257303, 9.601890812200887027, -4.250000022127301769 ) ) ;
#86 = PLANE ( 'NONE',  #1837 ) ;
#87 = ORIENTED_EDGE ( 'NONE', *, *, #279, .T. ) ;
#88 = EDGE_CURVE ( 'NONE', #179, #1649, #1442, .T. ) ;
#89 = CIRCLE ( 'NONE', #1287, 8.000000000000000000 ) ;
#90 = ORIENTED_EDGE ( 'NONE', *, *, #1482, .F. ) ;
#91 = CARTESIAN_POINT ( 'NONE',  ( 16.00000000000000000, 3.429285639896449744, -9.500000000000000000 ) ) ;
#92 = CIRCLE ( 'NONE', #53, 4.250000000000000000 ) ;
#93 = ADVANCED_FACE ( 'NONE', ( #522 ), #23, .F. ) ;
#94 = CARTESIAN_POINT ( 'NONE',  ( 16.00481421296906603, -3.637751539265090539, -9.499321805329344670 ) ) ;
#95 = DIRECTION ( 'NONE',  ( 0.000000000000000000, 0.000000000000000000, -1.000000000000000000 ) ) ;
#96 = CARTESIAN_POINT ( 'NONE',  ( 113.9000000000072248, 1.236893267137937567E-15, 10.09999999999273967 ) ) ;
#97 = ORIENTED_EDGE ( 'NONE', *, *, #183, .T. ) ;
#98 = ORIENTED_EDGE ( 'NONE', *, *, #1298, .F. ) ;
#99 = CONICAL_SURFACE ( 'NONE', #748, 7.080000000000000071, 0.7853981633974461696 ) ;
#100 = DIRECTION ( 'NONE',  ( 1.000000000000000000, 0.000000000000000000, 0.000000000000000000 ) ) ;
#101 = ORIENTED_EDGE ( 'NONE', *, *, #1974, .T. ) ;
#102 = AXIS2_PLACEMENT_3D ( 'NONE', #1193, #680, #1340 ) ;
#103 = CARTESIAN_POINT ( 'NONE',  ( 106.0000000000000000, 0.000000000000000000, 0.000000000000000000 ) ) ;
#104 = AXIS2_PLACEMENT_3D ( 'NONE', #625, #919, #1925 ) ;
#105 = ORIENTED_EDGE ( 'NONE', *, *, #1295, .F. ) ;
#106 = DIRECTION ( 'NONE',  ( 1.000000000000000000, 0.000000000000000000, 0.000000000000000000 ) ) ;
#107 = CIRCLE ( 'NONE', #1922, 7.999999999999999112 ) ;
#108 = CARTESIAN_POINT ( 'NONE',  ( 16.01886579331061355, -3.776184533849473279, 9.500027536750124568 ) ) ;
#109 = DIRECTION ( 'NONE',  ( 1.000000000000000000, 0.000000000000000000, 0.000000000000000000 ) ) ;
#110 = DIRECTION ( 'NONE',  ( 0.000000000000000000, -0.6614378277661474570, 0.7500000000000001110 ) ) ;
#111 = DIRECTION ( 'NONE',  ( 0.000000000000000000, 0.000000000000000000, -1.000000000000000000 ) ) ;
#112 = ORIENTED_EDGE ( 'NONE', *, *, #657, .F. ) ;
#113 = CARTESIAN_POINT ( 'NONE',  ( 112.1999999999999886, 0.000000000000000000, 0.000000000000000000 ) ) ;
#114 = ORIENTED_EDGE ( 'NONE', *, *, #1928, .F. ) ;
#115 = FACE_OUTER_BOUND ( 'NONE', #1099, .T. ) ;
#116 = PLANE ( 'NONE',  #960 ) ;
#117 = CARTESIAN_POINT ( 'NONE',  ( 142.0000000000000284, 0.000000000000000000, 0.000000000000000000 ) ) ;
#118 = CARTESIAN_POINT ( 'NONE',  ( 22.93814073835837064, 9.601256832642739880, -4.249999977872125356 ) ) ;
#119 = ADVANCED_FACE ( 'NONE', ( #1941, #452 ), #36, .F. ) ;
#120 = CARTESIAN_POINT ( 'NONE',  ( 27.74311013662352465, 10.49720669872638368, 0.2798796764951195226 ) ) ;
#121 = ORIENTED_EDGE ( 'NONE', *, *, #1767, .F. ) ;
#122 = EDGE_CURVE ( 'NONE', #999, #635, #796, .T. ) ;
#123 = DIRECTION ( 'NONE',  ( 1.000000000000000000, 0.000000000000000000, 0.000000000000000000 ) ) ;
#124 = EDGE_LOOP ( 'NONE', ( #1486, #241, #1016, #2049, #1512, #1600, #446, #2053 ) ) ;
#125 = ADVANCED_FACE ( 'NONE', ( #1159 ), #1451, .T. ) ;
#126 = VECTOR ( 'NONE', #854, 1000.000000000000000 ) ;
#127 = CARTESIAN_POINT ( 'NONE',  ( 28.10000000000130171, 0.000000000000000000, 0.000000000000000000 ) ) ;
#128 = DIRECTION ( 'NONE',  ( 0.000000000000000000, 0.000000000000000000, -1.000000000000000000 ) ) ;
#129 = CIRCLE ( 'NONE', #1908, 10.50000000000000000 ) ;
#130 = PLANE ( 'NONE',  #1605 ) ;
#131 = DIRECTION ( 'NONE',  ( 0.000000000000000000, 0.000000000000000000, -1.000000000000000000 ) ) ;
#132 = EDGE_CURVE ( 'NONE', #1943, #1750, #89, .T. ) ;
#133 = ORIENTED_EDGE ( 'NONE', *, *, #1298, .T. ) ;
#134 = PRODUCT_RELATED_PRODUCT_CATEGORY ( 'detail', '', ( #1491 ) ) ;
#135 = CYLINDRICAL_SURFACE ( 'NONE', #1097, 4.250000000000000000 ) ;
#136 = EDGE_LOOP ( 'NONE', ( #1696, #1831, #2007, #1988 ) ) ;
#137 = TOROIDAL_SURFACE ( 'NONE', #27, 10.10000000000129994, 0.3999999999986965094 ) ;
#138 = AXIS2_PLACEMENT_3D ( 'NONE', #1820, #347, #1840 ) ;
#139 = CARTESIAN_POINT ( 'NONE',  ( 113.9000000000072248, 0.000000000000000000, 0.000000000000000000 ) ) ;
#140 = AXIS2_PLACEMENT_3D ( 'NONE', #982, #488, #166 ) ;
#141 = LINE ( 'NONE', #2097, #1263 ) ;
#142 = CARTESIAN_POINT ( 'NONE',  ( 113.9000000000000057, 0.000000000000000000, -10.50000000000000000 ) ) ;
#143 = VECTOR ( 'NONE', #866, 1000.000000000000000 ) ;
#144 = CARTESIAN_POINT ( 'NONE',  ( 126.0000000000000000, 0.000000000000000000, -8.699999999999999289 ) ) ;
#145 = ORIENTED_EDGE ( 'NONE', *, *, #457, .T. ) ;
#146 = CARTESIAN_POINT ( 'NONE',  ( 16.40000000000000213, -4.472135954999575169, -9.500000000000000000 ) ) ;
#147 = ORIENTED_EDGE ( 'NONE', *, *, #2124, .F. ) ;
#148 = CARTESIAN_POINT ( 'NONE',  ( 116.3488971068342721, 9.826420140297067007, -3.707439957227073091 ) ) ;
#149 = CARTESIAN_POINT ( 'NONE',  ( 29.50000000000000355, 0.000000000000000000, -8.200000000000001066 ) ) ;
#150 = CARTESIAN_POINT ( 'NONE',  ( 126.0000000000000000, 0.000000000000000000, 0.000000000000000000 ) ) ;
#151 = DIRECTION ( 'NONE',  ( 0.000000000000000000, -1.000000000000000000, 0.000000000000000000 ) ) ;
#152 = CC_DESIGN_PERSON_AND_ORGANIZATION_ASSIGNMENT ( #1531, #1184, ( #618 ) ) ;
#153 = ORIENTED_EDGE ( 'NONE', *, *, #595, .T. ) ;
#154 = ORIENTED_EDGE ( 'NONE', *, *, #290, .F. ) ;
#155 = ADVANCED_FACE ( 'NONE', ( #346, #2106 ), #1655, .F. ) ;
#156 = CARTESIAN_POINT ( 'NONE',  ( 117.9381407383583422, 9.601256832642739880, -4.249999977872123580 ) ) ;
#157 = EDGE_CURVE ( 'NONE', #1525, #929, #1086, .T. ) ;
#158 = DIRECTION ( 'NONE',  ( 0.000000000000000000, 0.000000000000000000, -1.000000000000000000 ) ) ;
#159 = CARTESIAN_POINT ( 'NONE',  ( 29.50000000000000355, 0.000000000000000000, 0.000000000000000000 ) ) ;
#160 = CIRCLE ( 'NONE', #1288, 4.250000000000000000 ) ;
#161 = EDGE_LOOP ( 'NONE', ( #1522, #1290, #1268, #1998 ) ) ;
#162 = DIRECTION ( 'NONE',  ( 1.000000000000000000, 0.000000000000000000, 0.000000000000000000 ) ) ;
#163 = ORIENTED_EDGE ( 'NONE', *, *, #1071, .F. ) ;
#164 = CIRCLE ( 'NONE', #332, 0.4000000000072556627 ) ;
#165 = CARTESIAN_POINT ( 'NONE',  ( 125.5999999999928036, 0.000000000000000000, 0.000000000000000000 ) ) ;
#166 = DIRECTION ( 'NONE',  ( 0.000000000000000000, 0.000000000000000000, -1.000000000000000000 ) ) ;
#167 = CONICAL_SURFACE ( 'NONE', #369, 8.699999999999999289, 1.030376826524300293 ) ;
#168 = CARTESIAN_POINT ( 'NONE',  ( 113.9000000000000057, 1.285879139104720831E-15, 10.50000000000000000 ) ) ;
#169 = AXIS2_PLACEMENT_3D ( 'NONE', #910, #1561, #95 ) ;
#170 = AXIS2_PLACEMENT_3D ( 'NONE', #277, #2071, #1240 ) ;
#171 = ORIENTED_EDGE ( 'NONE', *, *, #1078, .F. ) ;
#172 = DIRECTION ( 'NONE',  ( 0.000000000000000000, -1.000000000000000000, 0.000000000000000000 ) ) ;
#173 = DIRECTION ( 'NONE',  ( 0.000000000000000000, 0.000000000000000000, -1.000000000000000000 ) ) ;
#174 = EDGE_LOOP ( 'NONE', ( #272, #2089, #578, #2079, #2019, #331, #873, #154 ) ) ;
#175 = CARTESIAN_POINT ( 'NONE',  ( 27.75000000000000000, 9.500000000000000000, 0.000000000000000000 ) ) ;
#176 = FACE_OUTER_BOUND ( 'NONE', #161, .T. ) ;
#177 = DIRECTION ( 'NONE',  ( 0.000000000000000000, -0.4259177099999597038, 0.9047619047619048782 ) ) ;
#178 = EDGE_CURVE ( 'NONE', #1152, #1835, #979, .T. ) ;
#179 = VERTEX_POINT ( 'NONE', #301 ) ;
#180 = CARTESIAN_POINT ( 'NONE',  ( 23.50000000000000000, 9.500000000000000000, -2.066999999999999726 ) ) ;
#181 = DIRECTION ( 'NONE',  ( 0.000000000000000000, 0.000000000000000000, -1.000000000000000000 ) ) ;
#182 = ORIENTED_EDGE ( 'NONE', *, *, #1587, .T. ) ;
#183 = EDGE_CURVE ( 'NONE', #48, #1843, #1116, .T. ) ;
#184 = DIRECTION ( 'NONE',  ( 1.000000000000000000, 0.000000000000000000, 0.000000000000000000 ) ) ;
#185 = CARTESIAN_POINT ( 'NONE',  ( 23.50000000000000000, 9.500000000000000000, 0.000000000000000000 ) ) ;
#186 = DIRECTION ( 'NONE',  ( 1.000000000000000000, 0.000000000000000000, 0.000000000000000000 ) ) ;
#187 = AXIS2_PLACEMENT_3D ( 'NONE', #291, #1597, #131 ) ;
#188 = CARTESIAN_POINT ( 'NONE',  ( 29.79999999999999716, 1.065442715258197248E-15, 8.700000000000001066 ) ) ;
#189 = ORIENTED_EDGE ( 'NONE', *, *, #1326, .T. ) ;
#190 = VECTOR ( 'NONE', #1856, 1000.000000000000000 ) ;
#191 = DATE_AND_TIME ( #1487, #791 ) ;
#192 = AXIS2_PLACEMENT_3D ( 'NONE', #1007, #362, #173 ) ;
#193 = CARTESIAN_POINT ( 'NONE',  ( 23.50000000000000000, 9.500000000000000000, 0.000000000000000000 ) ) ;
#194 = DIRECTION ( 'NONE',  ( -1.000000000000000000, 0.000000000000000000, 0.000000000000000000 ) ) ;
#195 = ORIENTED_EDGE ( 'NONE', *, *, #1164, .T. ) ;
#196 = ORIENTED_EDGE ( 'NONE', *, *, #1701, .F. ) ;
#197 = DIRECTION ( 'NONE',  ( 0.000000000000000000, 1.000000000000000000, 0.000000000000000000 ) ) ;
#198 = CARTESIAN_POINT ( 'NONE',  ( 126.0000000000000000, 0.000000000000000000, -8.699999999999999289 ) ) ;
#199 = AXIS2_PLACEMENT_3D ( 'NONE', #927, #1563, #289 ) ;
#200 = DIRECTION ( 'NONE',  ( 0.000000000000000000, -1.000000000000000000, 0.000000000000000000 ) ) ;
#201 = AXIS2_PLACEMENT_3D ( 'NONE', #1730, #1415, #1092 ) ;
#202 = CARTESIAN_POINT ( 'NONE',  ( 138.0000000000000000, 3.673940397442056417E-16, -6.000000000000000000 ) ) ;
#203 = TOROIDAL_SURFACE ( 'NONE', #308, 10.09999999999276099, 0.4000000000072384543 ) ;
#204 = ORIENTED_EDGE ( 'NONE', *, *, #1292, .T. ) ;
#205 = APPROVAL_STATUS ( 'not_yet_approved' ) ;
#206 = CC_DESIGN_APPROVAL ( #465, ( #1986 ) ) ;
#207 = CARTESIAN_POINT ( 'NONE',  ( 29.50000000000000355, 0.000000000000000000, 0.000000000000000000 ) ) ;
#208 = ORIENTED_EDGE ( 'NONE', *, *, #1295, .T. ) ;
#209 = ORIENTED_EDGE ( 'NONE', *, *, #183, .F. ) ;
#210 = EDGE_CURVE ( 'NONE', #698, #179, #2081, .T. ) ;
#211 = CARTESIAN_POINT ( 'NONE',  ( 128.0000000000000000, 5.061867244406950128, -6.000000000000000000 ) ) ;
#212 = CARTESIAN_POINT ( 'NONE',  ( 122.7501295613390937, 10.50005390666154526, 0.1367915505650230679 ) ) ;
#213 = CARTESIAN_POINT ( 'NONE',  ( 113.5000000000000000, 0.000000000000000000, 0.000000000000000000 ) ) ;
#214 = DIRECTION ( 'NONE',  ( 1.000000000000000000, 0.000000000000000000, 0.000000000000000000 ) ) ;
#215 = ORIENTED_EDGE ( 'NONE', *, *, #2124, .T. ) ;
#216 = EDGE_CURVE ( 'NONE', #912, #1890, #226, .T. ) ;
#217 = DIRECTION ( 'NONE',  ( 0.000000000000000000, 0.000000000000000000, -1.000000000000000000 ) ) ;
#218 = VERTEX_POINT ( 'NONE', #2113 ) ;
#219 = CARTESIAN_POINT ( 'NONE',  ( 126.0000000000000000, 0.000000000000000000, 0.000000000000000000 ) ) ;
#220 = CARTESIAN_POINT ( 'NONE',  ( 120.6464815391427550, 9.825633599187113987, -3.709837586315017699 ) ) ;
#221 = CARTESIAN_POINT ( 'NONE',  ( 36.00000000000000711, 0.000000000000000000, 0.000000000000000000 ) ) ;
#222 = EDGE_CURVE ( 'NONE', #635, #227, #1180, .T. ) ;
#223 = FACE_OUTER_BOUND ( 'NONE', #1384, .T. ) ;
#224 = ORIENTED_EDGE ( 'NONE', *, *, #1587, .F. ) ;
#225 = CARTESIAN_POINT ( 'NONE',  ( 22.50000000000000000, 4.472135954999576057, -9.500000000000000000 ) ) ;
#226 = CIRCLE ( 'NONE', #1430, 10.50000000000000178 ) ;
#227 = VERTEX_POINT ( 'NONE', #509 ) ;
#228 = AXIS2_PLACEMENT_3D ( 'NONE', #1681, #1034, #44 ) ;
#229 = DIRECTION ( 'NONE',  ( 0.000000000000000000, -1.000000000000000000, 0.000000000000000000 ) ) ;
#230 = DIRECTION ( 'NONE',  ( 0.000000000000000000, 0.000000000000000000, 1.000000000000000000 ) ) ;
#231 = DIRECTION ( 'NONE',  ( 0.000000000000000000, -1.000000000000000000, 0.000000000000000000 ) ) ;
#232 = DIRECTION ( 'NONE',  ( 0.000000000000000000, -1.000000000000000000, 0.000000000000000000 ) ) ;
#233 = EDGE_CURVE ( 'NONE', #1342, #1, #160, .T. ) ;
#234 = CARTESIAN_POINT ( 'NONE',  ( 22.50000000000000000, 21.00000000000000000, -9.500000000000000000 ) ) ;
#235 = VECTOR ( 'NONE', #2048, 1000.000000000000000 ) ;
#236 = DIRECTION ( 'NONE',  ( 1.000000000000000000, 0.000000000000000000, 0.000000000000000000 ) ) ;
#237 = CIRCLE ( 'NONE', #1981, 3.000000000000002665 ) ;
#238 = CARTESIAN_POINT ( 'NONE',  ( 128.0000000000000000, 0.000000000000000000, 0.000000000000000000 ) ) ;
#239 = CIRCLE ( 'NONE', #1811, 8.699999999999999289 ) ;
#240 = EDGE_LOOP ( 'NONE', ( #1556, #799, #1616, #420 ) ) ;
#241 = ORIENTED_EDGE ( 'NONE', *, *, #918, .T. ) ;
#242 = DIRECTION ( 'NONE',  ( 1.000000000000000000, 0.000000000000000000, 0.000000000000000000 ) ) ;
#243 = CARTESIAN_POINT ( 'NONE',  ( 126.0000000000000000, 5.061867244406950128, -6.000000000000000000 ) ) ;
#244 = CC_DESIGN_APPROVAL ( #349, ( #618 ) ) ;
#245 = CARTESIAN_POINT ( 'NONE',  ( 16.08713746956135537, -4.117116459600302925, -9.499852578743713138 ) ) ;
#246 = PLANE ( 'NONE',  #889 ) ;
#247 = LINE ( 'NONE', #1216, #1570 ) ;
#248 = ADVANCED_FACE ( 'NONE', ( #532 ), #2023, .T. ) ;
#249 = CARTESIAN_POINT ( 'NONE',  ( 27.63541666032512012, 10.45231942312836004, -1.127298390905692171 ) ) ;
#250 = EDGE_CURVE ( 'NONE', #2076, #294, #1431, .T. ) ;
#251 = CARTESIAN_POINT ( 'NONE',  ( 141.7011194705305570, -4.185813085579659365, 6.000000000000000000 ) ) ;
#252 = ORIENTED_EDGE ( 'NONE', *, *, #470, .F. ) ;
#253 = EDGE_CURVE ( 'NONE', #929, #1525, #1253, .T. ) ;
#254 = EDGE_LOOP ( 'NONE', ( #1137, #1076, #1626, #1335 ) ) ;
#255 = CARTESIAN_POINT ( 'NONE',  ( 16.34940791561579587, 4.472136090714688983, -9.499999999999404920 ) ) ;
#256 = LINE ( 'NONE', #1551, #479 ) ;
#257 = FACE_OUTER_BOUND ( 'NONE', #321, .T. ) ;
#258 = FACE_OUTER_BOUND ( 'NONE', #174, .T. ) ;
#259 = ORIENTED_EDGE ( 'NONE', *, *, #1134, .F. ) ;
#260 = CARTESIAN_POINT ( 'NONE',  ( 25.65132068380549413, 9.826476135186348770, 3.707305291590590191 ) ) ;
#261 = DIRECTION ( 'NONE',  ( 0.000000000000000000, 0.000000000000000000, 1.000000000000000000 ) ) ;
#262 = ORIENTED_EDGE ( 'NONE', *, *, #1520, .F. ) ;
#263 = VECTOR ( 'NONE', #1125, 1000.000000000000000 ) ;
#264 = ORIENTED_EDGE ( 'NONE', *, *, #1513, .T. ) ;
#265 = CARTESIAN_POINT ( 'NONE',  ( 16.40000000000000213, 4.472135954999729712, -9.500000000000000000 ) ) ;
#266 = AXIS2_PLACEMENT_3D ( 'NONE', #401, #1350, #556 ) ;
#267 = FACE_OUTER_BOUND ( 'NONE', #666, .T. ) ;
#268 = CARTESIAN_POINT ( 'NONE',  ( 118.5000000000000142, 4.000000000000000000, 2.066999999999999726 ) ) ;
#269 = CARTESIAN_POINT ( 'NONE',  ( 16.39999999999870539, 0.000000000000000000, 0.000000000000000000 ) ) ;
#270 = CARTESIAN_POINT ( 'NONE',  ( 128.0000000000000000, -5.291502622129179656, 6.000000000000000000 ) ) ;
#271 = AXIS2_PLACEMENT_3D ( 'NONE', #1807, #2112, #782 ) ;
#272 = ORIENTED_EDGE ( 'NONE', *, *, #918, .F. ) ;
#273 = AXIS2_PLACEMENT_3D ( 'NONE', #1754, #762, #1930 ) ;
#274 = CARTESIAN_POINT ( 'NONE',  ( 23.50000000000047251, 0.7823937498596769125, 10.50000000000046718 ) ) ;
#275 = AXIS2_PLACEMENT_3D ( 'NONE', #304, #961, #1590 ) ;
#276 = VERTEX_POINT ( 'NONE', #243 ) ;
#277 = CARTESIAN_POINT ( 'NONE',  ( 106.0000000000000000, 8.000000000000000000, 0.000000000000000000 ) ) ;
#278 = CIRCLE ( 'NONE', #1236, 8.199999999999993960 ) ;
#279 = EDGE_CURVE ( 'NONE', #76, #1972, #623, .T. ) ;
#280 = DIRECTION ( 'NONE',  ( 1.000000000000000000, 0.000000000000000000, 0.000000000000000000 ) ) ;
#281 = CARTESIAN_POINT ( 'NONE',  ( 16.12399854406799804, 4.209487016064485054, 9.499862981913324234 ) ) ;
#282 = EDGE_CURVE ( 'NONE', #1737, #1008, #953, .T. ) ;
#283 = LINE ( 'NONE', #198, #263 ) ;
#284 = ORIENTED_EDGE ( 'NONE', *, *, #761, .T. ) ;
#285 = EDGE_CURVE ( 'NONE', #1525, #1014, #1861, .T. ) ;
#286 = ORIENTED_EDGE ( 'NONE', *, *, #1281, .T. ) ;
#287 = LINE ( 'NONE', #1475, #855 ) ;
#288 = PLANE ( 'NONE',  #712 ) ;
#289 = DIRECTION ( 'NONE',  ( 0.000000000000000000, 0.000000000000000000, -1.000000000000000000 ) ) ;
#290 = EDGE_CURVE ( 'NONE', #1737, #828, #499, .T. ) ;
#291 = CARTESIAN_POINT ( 'NONE',  ( 0.000000000000000000, 0.000000000000000000, 0.000000000000000000 ) ) ;
#292 = EDGE_LOOP ( 'NONE', ( #1803, #697, #542, #1652 ) ) ;
#293 = DIRECTION ( 'NONE',  ( -1.000000000000000000, 0.000000000000000000, 0.000000000000000000 ) ) ;
#294 = VERTEX_POINT ( 'NONE', #2001 ) ;
#295 = APPROVAL_STATUS ( 'not_yet_approved' ) ;
#296 = CARTESIAN_POINT ( 'NONE',  ( 117.1210502924811152, 9.696837687898828051, 4.029648094819033410 ) ) ;
#297 = DIRECTION ( 'NONE',  ( 0.000000000000000000, 0.000000000000000000, -1.000000000000000000 ) ) ;
#298 = AXIS2_PLACEMENT_3D ( 'NONE', #1839, #366, #1962 ) ;
#299 = DIRECTION ( 'NONE',  ( 0.000000000000000000, 0.000000000000000000, -1.000000000000000000 ) ) ;
#300 = ADVANCED_FACE ( 'NONE', ( #700 ), #1732, .T. ) ;
#301 = CARTESIAN_POINT ( 'NONE',  ( 28.50000000000000000, 0.000000000000000000, -8.699999999999999289 ) ) ;
#302 = ORIENTED_EDGE ( 'NONE', *, *, #841, .F. ) ;
#303 = AXIS2_PLACEMENT_3D ( 'NONE', #159, #651, #489 ) ;
#304 = CARTESIAN_POINT ( 'NONE',  ( 118.5000000000000142, 4.000000000000000000, 0.000000000000000000 ) ) ;
#305 = ORIENTED_EDGE ( 'NONE', *, *, #1704, .F. ) ;
#306 = AXIS2_PLACEMENT_3D ( 'NONE', #1035, #1012, #1647 ) ;
#307 = FACE_OUTER_BOUND ( 'NONE', #328, .T. ) ;
#308 = AXIS2_PLACEMENT_3D ( 'NONE', #165, #1000, #2009 ) ;
#309 = CARTESIAN_POINT ( 'NONE',  ( 141.3611661259483867, -4.745470764255700580, -6.000000000000000000 ) ) ;
#310 = CC_DESIGN_PERSON_AND_ORGANIZATION_ASSIGNMENT ( #1543, #1363, ( #1986 ) ) ;
#311 = DIRECTION ( 'NONE',  ( 1.000000000000000000, 0.000000000000000000, 0.000000000000000000 ) ) ;
#312 = VECTOR ( 'NONE', #2, 1000.000000000000000 ) ;
#313 = CARTESIAN_POINT ( 'NONE',  ( 29.50000000000000355, 0.000000000000000000, 0.000000000000000000 ) ) ;
#314 = EDGE_CURVE ( 'NONE', #516, #378, #1599, .T. ) ;
#315 = EDGE_LOOP ( 'NONE', ( #615, #1846 ) ) ;
#316 = EDGE_CURVE ( 'NONE', #1014, #671, #880, .T. ) ;
#317 = EDGE_LOOP ( 'NONE', ( #1675, #656, #355, #932 ) ) ;
#318 = CARTESIAN_POINT ( 'NONE',  ( 36.00000000000000711, 0.000000000000000000, 0.000000000000000000 ) ) ;
#319 = DIRECTION ( 'NONE',  ( 1.000000000000000000, 0.000000000000000000, 0.000000000000000000 ) ) ;
#320 = DIRECTION ( 'NONE',  ( 0.000000000000000000, 0.000000000000000000, -1.000000000000000000 ) ) ;
#321 = EDGE_LOOP ( 'NONE', ( #1901, #77 ) ) ;
#322 = DIRECTION ( 'NONE',  ( 1.000000000000000000, 0.000000000000000000, 0.000000000000000000 ) ) ;
#323 = ORIENTED_EDGE ( 'NONE', *, *, #692, .F. ) ;
#324 = CARTESIAN_POINT ( 'NONE',  ( 142.0000000000000284, 3.605551275463990013, 6.000000000000000000 ) ) ;
#325 = FACE_OUTER_BOUND ( 'NONE', #653, .T. ) ;
#326 = CARTESIAN_POINT ( 'NONE',  ( 22.12105029248113297, 9.696837687898831604, 4.029648094819031634 ) ) ;
#327 = AXIS2_PLACEMENT_3D ( 'NONE', #1237, #1198, #1207 ) ;
#328 = EDGE_LOOP ( 'NONE', ( #569, #1685 ) ) ;
#329 = PERSON_AND_ORGANIZATION_ROLE ( 'creator' ) ;
#330 = DIRECTION ( 'NONE',  ( 1.000000000000000000, 0.000000000000000000, 0.000000000000000000 ) ) ;
#331 = ORIENTED_EDGE ( 'NONE', *, *, #1032, .F. ) ;
#332 = AXIS2_PLACEMENT_3D ( 'NONE', #1038, #1692, #1684 ) ;
#333 = DIRECTION ( 'NONE',  ( 0.000000000000000000, 0.000000000000000000, -1.000000000000000000 ) ) ;
#334 = DIRECTION ( 'NONE',  ( 0.000000000000000000, 0.000000000000000000, -1.000000000000000000 ) ) ;
#335 = EDGE_CURVE ( 'NONE', #828, #1737, #129, .T. ) ;
#336 = AXIS2_PLACEMENT_3D ( 'NONE', #1002, #1656, #368 ) ;
#337 = CARTESIAN_POINT ( 'NONE',  ( 22.93730517893311927, 9.614019772108814976, 4.221871075970309306 ) ) ;
#338 = VECTOR ( 'NONE', #477, 1000.000000000000000 ) ;
#339 = EDGE_CURVE ( 'NONE', #2068, #952, #1120, .T. ) ;
#340 = EDGE_CURVE ( 'NONE', #1117, #1210, #980, .T. ) ;
#341 = ORIENTED_EDGE ( 'NONE', *, *, #1763, .T. ) ;
#342 = DIRECTION ( 'NONE',  ( 1.000000000000000000, 0.000000000000000000, 0.000000000000000000 ) ) ;
#343 = DIRECTION ( 'NONE',  ( 1.000000000000000000, 0.000000000000000000, 0.000000000000000000 ) ) ;
#344 = EDGE_LOOP ( 'NONE', ( #1220, #389 ) ) ;
#345 = FACE_OUTER_BOUND ( 'NONE', #1144, .T. ) ;
#346 = FACE_BOUND ( 'NONE', #797, .T. ) ;
#347 = DIRECTION ( 'NONE',  ( 1.000000000000000000, -0.000000000000000000, -0.000000000000000000 ) ) ;
#348 = CARTESIAN_POINT ( 'NONE',  ( 128.0000000000000000, 0.000000000000000000, 0.000000000000000000 ) ) ;
#349 = APPROVAL ( #205, '未' ) ;
#350 = B_SPLINE_CURVE_WITH_KNOTS ( 'NONE', 3,
 ( #2047, #2012, #1714, #726, #1195, #547, #1540, #1230, #1382, #2036 ),
 .UNSPECIFIED., .F., .F.,
 ( 4, 2, 2, 2, 4 ),
 ( 5.843209348952224325, 5.898206343730619139, 5.953203338509013953, 6.063197328065804470, 6.283185307179385504 ),
 .UNSPECIFIED. ) ;
#351 = ORIENTED_EDGE ( 'NONE', *, *, #1644, .T. ) ;
#352 = APPROVAL_ROLE ( '' ) ;
#353 = CARTESIAN_POINT ( 'NONE',  ( 28.10000000000000497, 0.000000000000000000, 0.000000000000000000 ) ) ;
#354 = VERTEX_POINT ( 'NONE', #1674 ) ;
#355 = ORIENTED_EDGE ( 'NONE', *, *, #1432, .F. ) ;
#356 = CARTESIAN_POINT ( 'NONE',  ( 128.0000000000000000, 5.291502622129179656, -6.000000000000000000 ) ) ;
#357 = CARTESIAN_POINT ( 'NONE',  ( 106.0000000000000000, 0.000000000000000000, 0.000000000000000000 ) ) ;
#358 = CARTESIAN_POINT ( 'NONE',  ( 16.00000000000000000, -3.429285639896449744, -9.500000000000000000 ) ) ;
#359 = AXIS2_PLACEMENT_3D ( 'NONE', #947, #783, #1277 ) ;
#360 = EDGE_LOOP ( 'NONE', ( #1693, #105, #2038, #1719 ) ) ;
#361 = AXIS2_PLACEMENT_3D ( 'NONE', #1021, #1536, #690 ) ;
#362 = DIRECTION ( 'NONE',  ( 1.000000000000000000, 0.000000000000000000, 0.000000000000000000 ) ) ;
#363 = ORIENTED_EDGE ( 'NONE', *, *, #431, .T. ) ;
#364 = ORIENTED_EDGE ( 'NONE', *, *, #539, .F. ) ;
#365 = FACE_OUTER_BOUND ( 'NONE', #824, .T. ) ;
#366 = DIRECTION ( 'NONE',  ( 1.000000000000000000, 0.000000000000000000, 0.000000000000000000 ) ) ;
#367 = CIRCLE ( 'NONE', #1057, 7.000000000000002665 ) ;
#368 = DIRECTION ( 'NONE',  ( 0.000000000000000000, 0.000000000000000000, -1.000000000000000000 ) ) ;
#369 = AXIS2_PLACEMENT_3D ( 'NONE', #1374, #70, #47 ) ;
#370 = CARTESIAN_POINT ( 'NONE',  ( 22.50000000000000000, -4.472135954999584939, -9.500000000000000000 ) ) ;
#371 = ADVANCED_FACE ( 'NONE', ( #1834 ), #1661, .F. ) ;
#372 = CARTESIAN_POINT ( 'NONE',  ( 29.50000000000000355, 1.065442715258197248E-15, 8.699999999999999289 ) ) ;
#373 = TOROIDAL_SURFACE ( 'NONE', #513, 10.09999999999273967, 0.4000000000072554962 ) ;
#374 = ORIENTED_EDGE ( 'NONE', *, *, #1669, .F. ) ;
#375 = AXIS2_PLACEMENT_3D ( 'NONE', #1927, #1650, #985 ) ;
#376 = DIRECTION ( 'NONE',  ( 0.000000000000000000, 1.000000000000000000, 0.000000000000000000 ) ) ;
#377 = ORIENTED_EDGE ( 'NONE', *, *, #1572, .F. ) ;
#378 = VERTEX_POINT ( 'NONE', #10 ) ;
#379 = EDGE_CURVE ( 'NONE', #1, #1342, #92, .T. ) ;
#380 = DIRECTION ( 'NONE',  ( 0.000000000000000000, 0.000000000000000000, -1.000000000000000000 ) ) ;
#381 = CARTESIAN_POINT ( 'NONE',  ( 121.8911379056156505, 10.17587822426594357, -2.620227973339237071 ) ) ;
#382 = DIRECTION ( 'NONE',  ( 0.000000000000000000, 0.000000000000000000, -1.000000000000000000 ) ) ;
#383 = DIRECTION ( 'NONE',  ( 0.000000000000000000, 0.000000000000000000, -1.000000000000000000 ) ) ;
#384 = PLANE ( 'NONE',  #1468 ) ;
#385 = VERTEX_POINT ( 'NONE', #835 ) ;
#386 = CARTESIAN_POINT ( 'NONE',  ( 126.0000000000000000, 1.065442715258197248E-15, 8.699999999999999289 ) ) ;
#387 = ORIENTED_EDGE ( 'NONE', *, *, #832, .T. ) ;
#388 = EDGE_CURVE ( 'NONE', #662, #1649, #1013, .T. ) ;
#389 = ORIENTED_EDGE ( 'NONE', *, *, #340, .T. ) ;
#390 = FACE_OUTER_BOUND ( 'NONE', #423, .T. ) ;
#391 = CARTESIAN_POINT ( 'NONE',  ( 29.50000000000000355, 0.000000000000000000, -8.200000000000001066 ) ) ;
#392 = DIRECTION ( 'NONE',  ( 0.000000000000000000, 0.000000000000000000, -1.000000000000000000 ) ) ;
#393 = CARTESIAN_POINT ( 'NONE',  ( 22.50000000000000000, -4.472135954999579610, 9.500000000000000000 ) ) ;
#394 = B_SPLINE_CURVE_WITH_KNOTS ( 'NONE', 3,
 ( #393, #878, #418, #1036, #1072, #58, #858, #713, #1521, #735 ),
 .UNSPECIFIED., .F., .F.,
 ( 4, 2, 2, 2, 4 ),
 ( 5.843209348952224325, 5.898206343730569401, 5.953203338508913589, 6.063197328065602854, 6.283185307178982271 ),
 .UNSPECIFIED. ) ;
#395 = DIRECTION ( 'NONE',  ( 0.000000000000000000, -1.000000000000000000, 0.000000000000000000 ) ) ;
#396 = CARTESIAN_POINT ( 'NONE',  ( 23.50000000000000000, 9.500000000000000000, -4.250000000000000000 ) ) ;
#397 = CARTESIAN_POINT ( 'NONE',  ( 142.0000000000000284, -3.605551275463990013, 6.000000000000000000 ) ) ;
#398 = VERTEX_POINT ( 'NONE', #664 ) ;
#399 = AXIS2_PLACEMENT_3D ( 'NONE', #207, #998, #673 ) ;
#400 = DIRECTION ( 'NONE',  ( -1.000000000000000000, 0.000000000000000000, 0.000000000000000000 ) ) ;
#401 = CARTESIAN_POINT ( 'NONE',  ( 29.50000000000000355, 0.000000000000000000, 0.000000000000000000 ) ) ;
#402 = DIRECTION ( 'NONE',  ( 0.000000000000000000, 1.000000000000000000, 0.000000000000000000 ) ) ;
#403 = EDGE_CURVE ( 'NONE', #715, #1945, #1872, .T. ) ;
#404 = FACE_OUTER_BOUND ( 'NONE', #1797, .T. ) ;
#405 = CARTESIAN_POINT ( 'NONE',  ( 106.0000000000000000, 3.673940397442059868E-16, 3.000000000000000000 ) ) ;
#406 = AXIS2_PLACEMENT_3D ( 'NONE', #150, #1307, #956 ) ;
#407 = CARTESIAN_POINT ( 'NONE',  ( 23.49999975987187995, 9.601478461253851293, 4.250122191714251763 ) ) ;
#408 = DATE_AND_TIME ( #705, #1130 ) ;
#409 = AXIS2_PLACEMENT_3D ( 'NONE', #909, #181, #194 ) ;
#410 = ADVANCED_FACE ( 'NONE', ( #1514 ), #1154, .F. ) ;
#411 = DIRECTION ( 'NONE',  ( 0.000000000000000000, 0.000000000000000000, -1.000000000000000000 ) ) ;
#412 = AXIS2_PLACEMENT_3D ( 'NONE', #1306, #830, #13 ) ;
#413 = ORIENTED_EDGE ( 'NONE', *, *, #470, .T. ) ;
#414 = AXIS2_PLACEMENT_3D ( 'NONE', #1709, #242, #732 ) ;
#415 = ORIENTED_EDGE ( 'NONE', *, *, #1752, .F. ) ;
#416 = DIRECTION ( 'NONE',  ( 0.000000000000000000, -0.3395332316729156585, 0.9405940594059405413 ) ) ;
#417 = CARTESIAN_POINT ( 'NONE',  ( 16.08747197498718151, -4.118171964420755060, 9.499692724028367508 ) ) ;
#418 = CARTESIAN_POINT ( 'NONE',  ( 22.65913152613587300, -4.121684014010048358, 9.659131526135880108 ) ) ;
#419 = CARTESIAN_POINT ( 'NONE',  ( 23.50000000000000000, 4.000000000000000000, -4.250000000000000000 ) ) ;
#420 = ORIENTED_EDGE ( 'NONE', *, *, #845, .T. ) ;
#421 = VERTEX_POINT ( 'NONE', #180 ) ;
#422 = DIRECTION ( 'NONE',  ( 0.000000000000000000, 0.6448238527906942075, -0.7643312101910827439 ) ) ;
#423 = EDGE_LOOP ( 'NONE', ( #2040, #1173, #387, #2070 ) ) ;
#424 = VERTEX_POINT ( 'NONE', #1167 ) ;
#425 = CARTESIAN_POINT ( 'NONE',  ( 16.00500359389953786, 3.641127673128999209, -9.499162481069818753 ) ) ;
#426 = CARTESIAN_POINT ( 'NONE',  ( 16.11915716896065831, -4.212102092795453778, 9.499932059430850728 ) ) ;
#427 = CARTESIAN_POINT ( 'NONE',  ( 16.00000017585399092, 3.536231640404658094, 9.500000000000000000 ) ) ;
#428 = CARTESIAN_POINT ( 'NONE',  ( 126.0000000000000000, 0.000000000000000000, -10.10000018341631112 ) ) ;
#429 = CARTESIAN_POINT ( 'NONE',  ( 27.74947249372283764, 10.49978051984455263, -0.5670052810035433044 ) ) ;
#430 = VERTEX_POINT ( 'NONE', #1488 ) ;
#431 = EDGE_CURVE ( 'NONE', #1945, #2068, #18, .T. ) ;
#432 = DIRECTION ( 'NONE',  ( 0.000000000000000000, 0.000000000000000000, -1.000000000000000000 ) ) ;
#433 = ORIENTED_EDGE ( 'NONE', *, *, #1832, .F. ) ;
#434 = DIRECTION ( 'NONE',  ( 0.000000000000000000, 0.000000000000000000, -1.000000000000000000 ) ) ;
#435 = AXIS2_PLACEMENT_3D ( 'NONE', #193, #846, #1501 ) ;
#436 = DIRECTION ( 'NONE',  ( 0.000000000000000000, 0.000000000000000000, -1.000000000000000000 ) ) ;
#437 = EDGE_CURVE ( 'NONE', #1316, #1706, #1562, .T. ) ;
#438 = FACE_OUTER_BOUND ( 'NONE', #1470, .T. ) ;
#439 = DIRECTION ( 'NONE',  ( 1.000000000000000000, 0.000000000000000000, 0.000000000000000000 ) ) ;
#440 = EDGE_CURVE ( 'NONE', #421, #996, #779, .T. ) ;
#441 = CARTESIAN_POINT ( 'NONE',  ( 24.06208797204817174, 9.601848752828521683, 4.250000019800471485 ) ) ;
#442 = VECTOR ( 'NONE', #1073, 1000.000000000000000 ) ;
#443 = ORIENTED_EDGE ( 'NONE', *, *, #1047, .T. ) ;
#444 = AXIS2_PLACEMENT_3D ( 'NONE', #827, #1319, #504 ) ;
#445 = CIRCLE ( 'NONE', #1609, 10.09999996277821133 ) ;
#446 = ORIENTED_EDGE ( 'NONE', *, *, #216, .T. ) ;
#447 = COORDINATED_UNIVERSAL_TIME_OFFSET ( 8, 0, .AHEAD. ) ;
#448 = ADVANCED_FACE ( 'NONE', ( #1354 ), #2008, .T. ) ;
#449 = AXIS2_PLACEMENT_3D ( 'NONE', #1592, #1436, #1166 ) ;
#450 = DIRECTION ( 'NONE',  ( 1.000000000000000000, 0.000000000000000000, 0.000000000000000000 ) ) ;
#451 = CARTESIAN_POINT ( 'NONE',  ( 19.79161908045656304, 10.29074678219931549, -2.149210709232315608 ) ) ;
#452 = FACE_OUTER_BOUND ( 'NONE', #1659, .T. ) ;
#453 = EDGE_LOOP ( 'NONE', ( #2028, #87, #264, #1567 ) ) ;
#454 = DIRECTION ( 'NONE',  ( 1.000000000000000000, 0.000000000000000000, 0.000000000000000000 ) ) ;
#455 = ORIENTED_EDGE ( 'NONE', *, *, #2015, .T. ) ;
#456 = CARTESIAN_POINT ( 'NONE',  ( 128.0000000000000000, 5.061867244406950128, 6.000000000000000000 ) ) ;
#457 = EDGE_CURVE ( 'NONE', #996, #421, #916, .T. ) ;
#458 = CARTESIAN_POINT ( 'NONE',  ( 115.8833100460032739, 9.944717343454870573, -3.393871007930866490 ) ) ;
#459 = FACE_OUTER_BOUND ( 'NONE', #1769, .T. ) ;
#460 = FACE_BOUND ( 'NONE', #2086, .T. ) ;
#461 = DIRECTION ( 'NONE',  ( 1.000000000000000000, 0.000000000000000000, 0.000000000000000000 ) ) ;
#462 = ORIENTED_EDGE ( 'NONE', *, *, #1418, .F. ) ;
#463 = DIRECTION ( 'NONE',  ( 1.000000000000000000, 0.000000000000000000, 0.000000000000000000 ) ) ;
#464 = ORIENTED_EDGE ( 'NONE', *, *, #1047, .F. ) ;
#465 = APPROVAL ( #1331, '未' ) ;
#466 = AXIS2_PLACEMENT_3D ( 'NONE', #1620, #622, #1828 ) ;
#467 = AXIS2_PLACEMENT_3D ( 'NONE', #238, #1726, #422 ) ;
#468 = DIRECTION ( 'NONE',  ( 0.000000000000000000, 0.000000000000000000, -1.000000000000000000 ) ) ;
#469 = DIRECTION ( 'NONE',  ( -1.000000000000000000, 0.000000000000000000, 0.000000000000000000 ) ) ;
#470 = EDGE_CURVE ( 'NONE', #952, #2068, #1628, .T. ) ;
#471 = CARTESIAN_POINT ( 'NONE',  ( 126.0000000000000000, 1.285879139104720831E-15, 10.50000000000000000 ) ) ;
#472 = ADVANCED_FACE ( 'NONE', ( #527, #1174 ), #1629, .T. ) ;
#473 = DIRECTION ( 'NONE',  ( 1.000000000000000000, 0.000000000000000000, 0.000000000000000000 ) ) ;
#474 = ADVANCED_FACE ( 'NONE', ( #492, #1145 ), #1219, .T. ) ;
#475 = ORIENTED_EDGE ( 'NONE', *, *, #975, .T. ) ;
#476 = CONICAL_SURFACE ( 'NONE', #303, 8.200000000000001066, 1.030376826524320055 ) ;
#477 = DIRECTION ( 'NONE',  ( 0.5144957554275200184, 1.050125966765371091E-16, 0.8574929257125480930 ) ) ;
#478 = ORIENTED_EDGE ( 'NONE', *, *, #1513, .F. ) ;
#479 = VECTOR ( 'NONE', #402, 1000.000000000000000 ) ;
#480 = CARTESIAN_POINT ( 'NONE',  ( 115.8867183405826893, 9.943766408451280014, 3.396523189541763355 ) ) ;
#481 = AXIS2_PLACEMENT_3D ( 'NONE', #935, #106, #759 ) ;
#482 = CARTESIAN_POINT ( 'NONE',  ( 126.0000000000000000, 0.000000000000000000, 0.000000000000000000 ) ) ;
#483 = FACE_OUTER_BOUND ( 'NONE', #124, .T. ) ;
#484 = EDGE_LOOP ( 'NONE', ( #1934, #720, #1887, #777 ) ) ;
#485 = CARTESIAN_POINT ( 'NONE',  ( 106.0000000000000000, 0.000000000000000000, 0.000000000000000000 ) ) ;
#486 = ORIENTED_EDGE ( 'NONE', *, *, #50, .F. ) ;
#487 = CARTESIAN_POINT ( 'NONE',  ( 28.10000000000000497, 1.285879139104720831E-15, 10.50000000000000000 ) ) ;
#488 = DIRECTION ( 'NONE',  ( 1.000000000000000000, 0.000000000000000000, 0.000000000000000000 ) ) ;
#489 = DIRECTION ( 'NONE',  ( 0.000000000000000000, 0.000000000000000000, -1.000000000000000000 ) ) ;
#490 = ORIENTED_EDGE ( 'NONE', *, *, #1673, .T. ) ;
#491 = DIRECTION ( 'NONE',  ( -1.000000000000000000, 0.000000000000000000, 0.000000000000000000 ) ) ;
#492 = FACE_BOUND ( 'NONE', #1017, .T. ) ;
#493 = ORIENTED_EDGE ( 'NONE', *, *, #2026, .F. ) ;
#494 = ADVANCED_FACE ( 'NONE', ( #1845 ), #1029, .T. ) ;
#495 = CARTESIAN_POINT ( 'NONE',  ( 117.3885517343167209, 9.661908531019006929, 4.111630284507570288 ) ) ;
#496 = DIRECTION ( 'NONE',  ( -1.000000000000000000, 0.000000000000000000, 0.000000000000000000 ) ) ;
#497 = ADVANCED_FACE ( 'NONE', ( #1377, #1877 ), #86, .F. ) ;
#498 = CARTESIAN_POINT ( 'NONE',  ( 106.0000000000000000, 0.000000000000000000, 0.000000000000000000 ) ) ;
#499 = CIRCLE ( 'NONE', #2114, 10.50000000000000000 ) ;
#500 = EDGE_CURVE ( 'NONE', #1234, #728, #1529, .T. ) ;
#501 = ORIENTED_EDGE ( 'NONE', *, *, #1107, .T. ) ;
#502 = CARTESIAN_POINT ( 'NONE',  ( 16.00000000000000000, 0.000000000000000000, -8.000000000000000000 ) ) ;
#503 = DIRECTION ( 'NONE',  ( 0.000000000000000000, 0.000000000000000000, -1.000000000000000000 ) ) ;
#504 = DIRECTION ( 'NONE',  ( 0.000000000000000000, 0.000000000000000000, -1.000000000000000000 ) ) ;
#505 = ORIENTED_EDGE ( 'NONE', *, *, #316, .T. ) ;
#506 = ORIENTED_EDGE ( 'NONE', *, *, #1963, .T. ) ;
#507 = CARTESIAN_POINT ( 'NONE',  ( 106.0000000000000000, 0.000000000000000000, -8.000000000000000000 ) ) ;
#508 = EDGE_CURVE ( 'NONE', #1706, #703, #1398, .T. ) ;
#509 = CARTESIAN_POINT ( 'NONE',  ( 36.00000000000000711, 3.673940397442059868E-16, 3.000000000000000000 ) ) ;
#510 = CARTESIAN_POINT ( 'NONE',  ( 142.0000000000000284, -3.605551275463990013, -6.000000000000000000 ) ) ;
#511 = AXIS2_PLACEMENT_3D ( 'NONE', #1360, #26, #2011 ) ;
#512 = CARTESIAN_POINT ( 'NONE',  ( 22.50000000000000000, 21.00000000000000000, 9.500000000000000000 ) ) ;
#513 = AXIS2_PLACEMENT_3D ( 'NONE', #139, #1753, #1965 ) ;
#514 = CC_DESIGN_APPROVAL ( #1040, ( #1984 ) ) ;
#515 = DIRECTION ( 'NONE',  ( -1.000000000000000000, 0.000000000000000000, 0.000000000000000000 ) ) ;
#516 = VERTEX_POINT ( 'NONE', #1065 ) ;
#517 =( NAMED_UNIT ( * ) PLANE_ANGLE_UNIT ( ) SI_UNIT ( $, .RADIAN. ) );
#518 = DIRECTION ( 'NONE',  ( 1.000000000000000000, -0.000000000000000000, -0.000000000000000000 ) ) ;
#519 = VERTEX_POINT ( 'NONE', #754 ) ;
#520 = ORIENTED_EDGE ( 'NONE', *, *, #290, .T. ) ;
#521 = CARTESIAN_POINT ( 'NONE',  ( 128.0000000000000000, -5.291502622129179656, -6.000000000000000000 ) ) ;
#522 = FACE_OUTER_BOUND ( 'NONE', #1757, .T. ) ;
#523 = LINE ( 'NONE', #1023, #1019 ) ;
#524 = DIRECTION ( 'NONE',  ( -0.7071067811865475727, 0.000000000000000000, -0.7071067811865475727 ) ) ;
#525 = ORIENTED_EDGE ( 'NONE', *, *, #1958, .T. ) ;
#526 = PERSON_AND_ORGANIZATION_ROLE ( 'design_supplier' ) ;
#527 = FACE_BOUND ( 'NONE', #1783, .T. ) ;
#528 = VERTEX_POINT ( 'NONE', #719 ) ;
#529 = ORIENTED_EDGE ( 'NONE', *, *, #1648, .F. ) ;
#530 = CC_DESIGN_PERSON_AND_ORGANIZATION_ASSIGNMENT ( #881, #526, ( #1986 ) ) ;
#531 = CARTESIAN_POINT ( 'NONE',  ( 0.000000000000000000, 8.670499337963261229E-16, 7.080000000000000071 ) ) ;
#532 = FACE_OUTER_BOUND ( 'NONE', #1474, .T. ) ;
#533 = DIRECTION ( 'NONE',  ( 0.000000000000000000, 0.000000000000000000, 1.000000000000000000 ) ) ;
#534 = LINE ( 'NONE', #370, #1469 ) ;
#535 = EDGE_CURVE ( 'NONE', #1664, #828, #2030, .T. ) ;
#536 = CARTESIAN_POINT ( 'NONE',  ( 22.50000000000000000, 4.472135954999584939, 9.500000000000000000 ) ) ;
#537 = ORIENTED_EDGE ( 'NONE', *, *, #122, .F. ) ;
#538 = AXIS2_PLACEMENT_3D ( 'NONE', #872, #883, #62 ) ;
#539 = EDGE_CURVE ( 'NONE', #698, #662, #1077, .T. ) ;
#540 = DIRECTION ( 'NONE',  ( 1.000000000000000000, 0.000000000000000000, 0.000000000000000000 ) ) ;
#541 = ORIENTED_EDGE ( 'NONE', *, *, #612, .T. ) ;
#542 = ORIENTED_EDGE ( 'NONE', *, *, #2065, .F. ) ;
#543 = CARTESIAN_POINT ( 'NONE',  ( 141.3613928105266950, 4.745128049372088874, -6.000000000000000000 ) ) ;
#544 = CARTESIAN_POINT ( 'NONE',  ( 120.6513206838055225, 9.826476135186345218, 3.707305291590586638 ) ) ;
#545 = CARTESIAN_POINT ( 'NONE',  ( 23.05800751469700316, -3.038769494606205601, -10.05800751469700316 ) ) ;
#546 = CIRCLE ( 'NONE', #1368, 0.4000000000072383433 ) ;
#547 = CARTESIAN_POINT ( 'NONE',  ( 23.05800751469578813, 3.038769494610251698, -10.05800751469578813 ) ) ;
#548 = AXIS2_PLACEMENT_3D ( 'NONE', #113, #293, #636 ) ;
#549 = EDGE_LOOP ( 'NONE', ( #1169, #675, #577, #1067, #433, #674, #97, #1780, #766, #501 ) ) ;
#550 = APPROVAL_DATE_TIME ( #892, #349 ) ;
#551 = AXIS2_PLACEMENT_3D ( 'NONE', #2000, #1369, #991 ) ;
#552 = B_SPLINE_CURVE_WITH_KNOTS ( 'NONE', 3,
 ( #407, #441, #1702, #260, #1063, #1244, #1725, #914, #1716, #1899, #72, #120, #1565, #429, #249, #903, #609, #774, #1554, #1050, #85, #1085 ),
 .UNSPECIFIED., .F., .F.,
 ( 4, 2, 2, 2, 2, 2, 2, 2, 2, 2, 4 ),
 ( 20.14679801789112545, 21.82534063977875505, 23.50388326166638464, 25.18242588355401423, 26.02169719449782903, 26.44133284996973998, 26.86096850544164738, 28.53951112732928408, 30.21805374921692433, 31.89659637110456458, 33.57513899299220128 ),
 .UNSPECIFIED. ) ;
#553 = DIRECTION ( 'NONE',  ( 1.000000000000000000, -0.000000000000000000, -0.000000000000000000 ) ) ;
#554 = ORIENTED_EDGE ( 'NONE', *, *, #1900, .F. ) ;
#555 = DIRECTION ( 'NONE',  ( 1.000000000000000000, -0.000000000000000000, -0.000000000000000000 ) ) ;
#556 = DIRECTION ( 'NONE',  ( 0.000000000000000000, 0.000000000000000000, -1.000000000000000000 ) ) ;
#557 = CARTESIAN_POINT ( 'NONE',  ( 0.000000000000000000, 0.000000000000000000, -3.000000000000000000 ) ) ;
#558 = ORIENTED_EDGE ( 'NONE', *, *, #1974, .F. ) ;
#559 = COORDINATED_UNIVERSAL_TIME_OFFSET ( 8, 0, .AHEAD. ) ;
#560 = DIRECTION ( 'NONE',  ( 1.000000000000000000, 0.000000000000000000, 0.000000000000000000 ) ) ;
#561 = ORIENTED_EDGE ( 'NONE', *, *, #233, .F. ) ;
#562 = EDGE_CURVE ( 'NONE', #354, #385, #1867, .T. ) ;
#563 = CARTESIAN_POINT ( 'NONE',  ( 23.50000000000000000, 4.000000000000000000, 0.000000000000000000 ) ) ;
#564 = CARTESIAN_POINT ( 'NONE',  ( 122.7494724937228057, 10.49978051984454730, -0.5670052810035504098 ) ) ;
#565 = CARTESIAN_POINT ( 'NONE',  ( 16.04181196112184793, -3.927127942957600926, 9.499566609794674932 ) ) ;
#566 = FACE_OUTER_BOUND ( 'NONE', #2006, .T. ) ;
#567 = EDGE_CURVE ( 'NONE', #1891, #32, #1148, .T. ) ;
#568 = FACE_OUTER_BOUND ( 'NONE', #906, .T. ) ;
#569 = ORIENTED_EDGE ( 'NONE', *, *, #1544, .T. ) ;
#570 = CARTESIAN_POINT ( 'NONE',  ( 113.5000000000000000, 8.699999999999999289, 0.000000000000000000 ) ) ;
#571 = ORIENTED_EDGE ( 'NONE', *, *, #1958, .F. ) ;
#572 = ORIENTED_EDGE ( 'NONE', *, *, #2087, .F. ) ;
#573 = DIRECTION ( 'NONE',  ( 0.000000000000000000, 0.000000000000000000, -1.000000000000000000 ) ) ;
#574 = CYLINDRICAL_SURFACE ( 'NONE', #409, 3.000000000000002665 ) ;
#575 = LINE ( 'NONE', #1886, #2118 ) ;
#576 = CIRCLE ( 'NONE', #1880, 2.066999999999999726 ) ;
#577 = ORIENTED_EDGE ( 'NONE', *, *, #1866, .T. ) ;
#578 = ORIENTED_EDGE ( 'NONE', *, *, #773, .F. ) ;
#579 = CIRCLE ( 'NONE', #275, 2.066999999999999726 ) ;
#580 = PLANE ( 'NONE',  #1269 ) ;
#581 = ORIENTED_EDGE ( 'NONE', *, *, #1703, .T. ) ;
#582 = CONICAL_SURFACE ( 'NONE', #717, 8.200000000000001066, 1.030376826524320055 ) ;
#583 = ORIENTED_EDGE ( 'NONE', *, *, #1273, .T. ) ;
#584 = DIRECTION ( 'NONE',  ( 1.000000000000000000, 0.000000000000000000, 0.000000000000000000 ) ) ;
#585 = CARTESIAN_POINT ( 'NONE',  ( 16.40000000000000213, -4.472135954999575169, 9.500000000000000000 ) ) ;
#586 = DIRECTION ( 'NONE',  ( -1.000000000000000000, 0.000000000000000000, 0.000000000000000000 ) ) ;
#587 = DIRECTION ( 'NONE',  ( 0.000000000000000000, 0.000000000000000000, -1.000000000000000000 ) ) ;
#588 = EDGE_CURVE ( 'NONE', #1653, #1881, #1665, .T. ) ;
#589 = ORIENTED_EDGE ( 'NONE', *, *, #437, .T. ) ;
#590 = VERTEX_POINT ( 'NONE', #1041 ) ;
#591 = DIRECTION ( 'NONE',  ( 0.000000000000000000, 1.000000000000000000, -1.224646799147353207E-16 ) ) ;
#592 = ORIENTED_EDGE ( 'NONE', *, *, #1896, .T. ) ;
#593 = DIRECTION ( 'NONE',  ( -1.000000000000000000, 0.000000000000000000, 0.000000000000000000 ) ) ;
#594 = CARTESIAN_POINT ( 'NONE',  ( 16.02551241201896204, -3.828018672766214436, 9.499865896829062351 ) ) ;
#595 = EDGE_CURVE ( 'NONE', #1643, #703, #1833, .T. ) ;
#596 = FACE_BOUND ( 'NONE', #1119, .T. ) ;
#597 = CARTESIAN_POINT ( 'NONE',  ( 126.0000000000000000, 0.000000000000000000, 0.000000000000000000 ) ) ;
#598 = CARTESIAN_POINT ( 'NONE',  ( 141.3611661259483867, 4.745470764255721008, 6.000000000000000000 ) ) ;
#599 = ADVANCED_FACE ( 'NONE', ( #905 ), #580, .T. ) ;
#600 = ORIENTED_EDGE ( 'NONE', *, *, #403, .T. ) ;
#601 = VECTOR ( 'NONE', #1992, 1000.000000000000000 ) ;
#602 = CYLINDRICAL_SURFACE ( 'NONE', #1883, 8.000000000000000000 ) ;
#603 = EDGE_LOOP ( 'NONE', ( #1330, #1074, #592, #1728 ) ) ;
#604 =( LENGTH_UNIT ( ) NAMED_UNIT ( * ) SI_UNIT ( .MILLI., .METRE. ) );
#605 = VECTOR ( 'NONE', #560, 1000.000000000000000 ) ;
#606 = CARTESIAN_POINT ( 'NONE',  ( 16.00000000320120819, -3.533702775183905853, 9.500000000000001776 ) ) ;
#607 = DIRECTION ( 'NONE',  ( 0.000000000000000000, 0.000000000000000000, -1.000000000000000000 ) ) ;
#608 = CARTESIAN_POINT ( 'NONE',  ( 21.34889710683429342, 9.826420140297065231, -3.707439957227090410 ) ) ;
#609 = CARTESIAN_POINT ( 'NONE',  ( 26.89113790561561146, 10.17587822426594535, -2.620227973339224636 ) ) ;
#610 = ORIENTED_EDGE ( 'NONE', *, *, #1185, .F. ) ;
#611 = AXIS2_PLACEMENT_3D ( 'NONE', #1851, #1381, #436 ) ;
#612 = EDGE_CURVE ( 'NONE', #1960, #1997, #784, .T. ) ;
#613 = CARTESIAN_POINT ( 'NONE',  ( 126.0000000000000000, 0.000000000000000000, -10.50000000000000000 ) ) ;
#614 = AXIS2_PLACEMENT_3D ( 'NONE', #318, #1274, #468 ) ;
#615 = ORIENTED_EDGE ( 'NONE', *, *, #1078, .T. ) ;
#616 = APPLICATION_PROTOCOL_DEFINITION ( 'international standard', 'config_control_design', 1994, #862 ) ;
#617 = CIRCLE ( 'NONE', #449, 10.09999996277821133 ) ;
#618 = SECURITY_CLASSIFICATION ( '', '', #861 ) ;
#619 = CARTESIAN_POINT ( 'NONE',  ( 114.2500685926346620, 10.49972215432492817, -0.5624279954393659464 ) ) ;
#620 = DIRECTION ( 'NONE',  ( 1.000000000000000000, 0.000000000000000000, 0.000000000000000000 ) ) ;
#621 = DIRECTION ( 'NONE',  ( 1.000000000000000000, 0.000000000000000000, 0.000000000000000000 ) ) ;
#622 = DIRECTION ( 'NONE',  ( -0.7071067811865475727, 0.000000000000000000, 0.7071067811865475727 ) ) ;
#623 = B_SPLINE_CURVE_WITH_KNOTS ( 'NONE', 3,
 ( #2010, #1212, #887, #544, #867, #1550, #1056, #875, #1192, #1689, #899, #1850, #212, #564, #1527, #1870, #381, #2034, #220, #56, #1518, #1359 ),
 .UNSPECIFIED., .F., .F.,
 ( 4, 2, 2, 2, 2, 2, 2, 2, 2, 2, 4 ),
 ( 20.14679801789085190, 21.82534063977846728, 23.50388326166608266, 25.18242588355370160, 26.02169719449750929, 26.44133284996941313, 26.86096850544131698, 28.53951112732893236, 30.21805374921655130, 31.89659637110416668, 33.57513899299178206 ),
 .UNSPECIFIED. ) ;
#624 = ORIENTED_EDGE ( 'NONE', *, *, #1866, .F. ) ;
#625 = CARTESIAN_POINT ( 'NONE',  ( 28.10000000000130171, 0.000000000000000000, 0.000000000000000000 ) ) ;
#626 = VERTEX_POINT ( 'NONE', #1523 ) ;
#627 = B_SPLINE_CURVE_WITH_KNOTS ( 'NONE', 3,
 ( #585, #1241, #1574, #900, #1893, #426, #417, #1069, #565, #594, #108, #1712, #606, #1213 ),
 .UNSPECIFIED., .F., .F.,
 ( 4, 2, 2, 2, 2, 2, 4 ),
 ( 0.006491139284674842663, 0.1567885088479672451, 0.3070858784112596163, 0.6076806175378391961, 0.7579779871011302905, 0.9082753566644213850, 1.208870095791003463 ),
 .UNSPECIFIED. ) ;
#628 = ADVANCED_FACE ( 'NONE', ( #51 ), #1694, .F. ) ;
#629 = LINE ( 'NONE', #1632, #1443 ) ;
#630 = DIRECTION ( 'NONE',  ( 1.000000000000000000, 0.000000000000000000, 0.000000000000000000 ) ) ;
#631 = CARTESIAN_POINT ( 'NONE',  ( 132.0000000000000000, 0.000000000000000000, 6.000000000000000000 ) ) ;
#632 = PLANE ( 'NONE',  #645 ) ;
#633 = EDGE_CURVE ( 'NONE', #703, #19, #367, .T. ) ;
#634 = DIRECTION ( 'NONE',  ( 0.000000000000000000, 0.000000000000000000, -1.000000000000000000 ) ) ;
#635 = VERTEX_POINT ( 'NONE', #729 ) ;
#636 = DIRECTION ( 'NONE',  ( 0.000000000000000000, 0.000000000000000000, 1.000000000000000000 ) ) ;
#637 = ORIENTED_EDGE ( 'NONE', *, *, #20, .F. ) ;
#638 = AXIS2_PLACEMENT_3D ( 'NONE', #803, #461, #1667 ) ;
#639 = AXIS2_PLACEMENT_3D ( 'NONE', #709, #1370, #1202 ) ;
#640 = DIRECTION ( 'NONE',  ( 1.000000000000000000, 0.000000000000000000, 0.000000000000000000 ) ) ;
#641 = DIRECTION ( 'NONE',  ( 1.000000000000000000, 0.000000000000000000, 0.000000000000000000 ) ) ;
#642 = CYLINDRICAL_SURFACE ( 'NONE', #1153, 2.066999999999999726 ) ;
#643 = CARTESIAN_POINT ( 'NONE',  ( 36.00000000000000711, 0.000000000000000000, 0.000000000000000000 ) ) ;
#644 = ORIENTED_EDGE ( 'NONE', *, *, #2055, .F. ) ;
#645 = AXIS2_PLACEMENT_3D ( 'NONE', #2027, #870, #1361 ) ;
#646 = VERTEX_POINT ( 'NONE', #1385 ) ;
#647 = AXIS2_PLACEMENT_3D ( 'NONE', #1744, #1905, #936 ) ;
#648 = CARTESIAN_POINT ( 'NONE',  ( 126.0000000000000000, 1.285879139104720831E-15, 10.50000000000000000 ) ) ;
#649 = VECTOR ( 'NONE', #380, 1000.000000000000000 ) ;
#650 = CARTESIAN_POINT ( 'NONE',  ( 112.1999999999999886, 1.065442715258197248E-15, -8.699999999999999289 ) ) ;
#651 = DIRECTION ( 'NONE',  ( 1.000000000000000000, 0.000000000000000000, 0.000000000000000000 ) ) ;
#652 = ADVANCED_FACE ( 'NONE', ( #2039 ), #632, .T. ) ;
#653 = EDGE_LOOP ( 'NONE', ( #505, #583, #196, #1054 ) ) ;
#654 = CYLINDRICAL_SURFACE ( 'NONE', #375, 8.699999999999999289 ) ;
#655 = DIRECTION ( 'NONE',  ( 0.000000000000000000, 0.000000000000000000, -1.000000000000000000 ) ) ;
#656 = ORIENTED_EDGE ( 'NONE', *, *, #1819, .T. ) ;
#657 = EDGE_CURVE ( 'NONE', #626, #218, #1329, .T. ) ;
#658 = CARTESIAN_POINT ( 'NONE',  ( 117.9373051789331583, 9.614019772108816753, 4.221871075970309306 ) ) ;
#659 = CARTESIAN_POINT ( 'NONE',  ( 135.0000000000000000, 0.000000000000000000, -6.000000000000000000 ) ) ;
#660 = EDGE_CURVE ( 'NONE', #1557, #1890, #2013, .T. ) ;
#661 = CARTESIAN_POINT ( 'NONE',  ( 20.88671834058267507, 9.943766408451283567, 3.396523189541765131 ) ) ;
#662 = VERTEX_POINT ( 'NONE', #372 ) ;
#663 = CARTESIAN_POINT ( 'NONE',  ( 23.50000000000000000, 4.000000000000000000, 0.000000000000000000 ) ) ;
#664 = CARTESIAN_POINT ( 'NONE',  ( 36.00000000000000711, 0.000000000000000000, -8.000000000000000000 ) ) ;
#665 = EDGE_CURVE ( 'NONE', #528, #1479, #1853, .T. ) ;
#666 = EDGE_LOOP ( 'NONE', ( #1564, #341, #2077, #114 ) ) ;
#667 = CARTESIAN_POINT ( 'NONE',  ( 112.5000000000000000, 1.065442715258197248E-15, 8.699999999999999289 ) ) ;
#668 = CARTESIAN_POINT ( 'NONE',  ( 125.5999999999928036, 0.000000000000000000, 0.000000000000000000 ) ) ;
#669 = DIRECTION ( 'NONE',  ( 0.000000000000000000, 0.000000000000000000, -1.000000000000000000 ) ) ;
#670 = AXIS2_PLACEMENT_3D ( 'NONE', #1265, #1508, #1756 ) ;
#671 = VERTEX_POINT ( 'NONE', #188 ) ;
#672 = DATE_TIME_ROLE ( 'creation_date' ) ;
#673 = DIRECTION ( 'NONE',  ( 0.000000000000000000, 0.000000000000000000, -1.000000000000000000 ) ) ;
#674 = ORIENTED_EDGE ( 'NONE', *, *, #1520, .T. ) ;
#675 = ORIENTED_EDGE ( 'NONE', *, *, #1393, .T. ) ;
#676 = ADVANCED_FACE ( 'NONE', ( #1049 ), #384, .T. ) ;
#677 = DIRECTION ( 'NONE',  ( 0.000000000000000000, 0.000000000000000000, -1.000000000000000000 ) ) ;
#678 = DIRECTION ( 'NONE',  ( 0.000000000000000000, 0.000000000000000000, -1.000000000000000000 ) ) ;
#679 = CIRCLE ( 'NONE', #138, 8.000000000000000000 ) ;
#680 = DIRECTION ( 'NONE',  ( 0.000000000000000000, 0.000000000000000000, -1.000000000000000000 ) ) ;
#681 = CIRCLE ( 'NONE', #1641, 8.000000000000000000 ) ;
#682 = AXIS2_PLACEMENT_3D ( 'NONE', #1915, #1810, #342 ) ;
#683 = ORIENTED_EDGE ( 'NONE', *, *, #388, .F. ) ;
#684 = EDGE_CURVE ( 'NONE', #1911, #897, #164, .T. ) ;
#685 = CARTESIAN_POINT ( 'NONE',  ( 113.9000000000072248, 0.000000000000000000, 0.000000000000000000 ) ) ;
#686 = EDGE_LOOP ( 'NONE', ( #259, #1271 ) ) ;
#687 = ORIENTED_EDGE ( 'NONE', *, *, #1644, .F. ) ;
#688 = ADVANCED_FACE ( 'NONE', ( #223 ), #2090, .T. ) ;
#689 = DIRECTION ( 'NONE',  ( 0.7071067811865489050, 0.000000000000000000, -0.7071067811865460184 ) ) ;
#690 = DIRECTION ( 'NONE',  ( 0.000000000000000000, 0.6614378277661476790, -0.7500000000000001110 ) ) ;
#691 = CARTESIAN_POINT ( 'NONE',  ( 22.87125517689725385, -3.584024279262335799, -9.871255176897252070 ) ) ;
#692 = EDGE_CURVE ( 'NONE', #1987, #1066, #2051, .T. ) ;
#693 = DIRECTION ( 'NONE',  ( 0.000000000000000000, 0.000000000000000000, 1.000000000000000000 ) ) ;
#694 = ORIENTED_EDGE ( 'NONE', *, *, #1742, .F. ) ;
#695 = APPROVAL_DATE_TIME ( #408, #465 ) ;
#696 = DIRECTION ( 'NONE',  ( 0.000000000000000000, 0.000000000000000000, -1.000000000000000000 ) ) ;
#697 = ORIENTED_EDGE ( 'NONE', *, *, #1107, .F. ) ;
#698 = VERTEX_POINT ( 'NONE', #38 ) ;
#699 = CARTESIAN_POINT ( 'NONE',  ( 126.0000000000000000, 1.065442715258197248E-15, 8.699999999999999289 ) ) ;
#700 = FACE_OUTER_BOUND ( 'NONE', #1687, .T. ) ;
#701 = CARTESIAN_POINT ( 'NONE',  ( 0.000000000000000000, 0.000000000000000000, -7.080000000000000071 ) ) ;
#702 = DIRECTION ( 'NONE',  ( 0.000000000000000000, 0.000000000000000000, -1.000000000000000000 ) ) ;
#703 = VERTEX_POINT ( 'NONE', #1341 ) ;
#704 = AXIS2_PLACEMENT_3D ( 'NONE', #814, #3, #1310 ) ;
#705 = CALENDAR_DATE ( 2026, 5, 8 ) ;
#706 = CARTESIAN_POINT ( 'NONE',  ( 118.5000000000000142, 4.000000000000000000, 0.000000000000000000 ) ) ;
#707 = ORIENTED_EDGE ( 'NONE', *, *, #508, .T. ) ;
#708 = DIRECTION ( 'NONE',  ( 1.000000000000000000, 0.000000000000000000, 0.000000000000000000 ) ) ;
#709 = CARTESIAN_POINT ( 'NONE',  ( 28.10000000000130171, 1.236893267138985963E-15, 10.10000000000129994 ) ) ;
#710 = CIRCLE ( 'NONE', #851, 0.4000000000072556627 ) ;
#711 = CARTESIAN_POINT ( 'NONE',  ( 16.00000000000000000, 9.797174393178825657E-16, 8.000000000000000000 ) ) ;
#712 = AXIS2_PLACEMENT_3D ( 'NONE', #1907, #944, #469 ) ;
#713 = CARTESIAN_POINT ( 'NONE',  ( 23.41554419659070518, -1.537315110660107731, 10.41554419659071407 ) ) ;
#714 = AXIS2_PLACEMENT_3D ( 'NONE', #2104, #630, #1283 ) ;
#715 = VERTEX_POINT ( 'NONE', #1897 ) ;
#716 = DATE_AND_TIME ( #1855, #68 ) ;
#717 = AXIS2_PLACEMENT_3D ( 'NONE', #1991, #708, #1666 ) ;
#718 = EDGE_CURVE ( 'NONE', #646, #1750, #247, .T. ) ;
#719 = CARTESIAN_POINT ( 'NONE',  ( 126.0000000000000000, 5.061867244406950128, 6.000000000000000000 ) ) ;
#720 = ORIENTED_EDGE ( 'NONE', *, *, #1071, .T. ) ;
#721 = EDGE_CURVE ( 'NONE', #1238, #940, #710, .T. ) ;
#722 = ADVANCED_FACE ( 'NONE', ( #1428, #1243 ), #902, .T. ) ;
#723 = CARTESIAN_POINT ( 'NONE',  ( 125.5999999999999943, 0.000000000000000000, -10.50000000000000000 ) ) ;
#724 = CARTESIAN_POINT ( 'NONE',  ( 112.1999999999999886, 0.000000000000000000, 0.000000000000000000 ) ) ;
#725 = CARTESIAN_POINT ( 'NONE',  ( 16.34917823263889503, -4.472135954232898669, -9.500000000000001776 ) ) ;
#726 = CARTESIAN_POINT ( 'NONE',  ( 22.80380146554223231, 3.764648426449695329, -9.803801465542232307 ) ) ;
#727 = DIRECTION ( 'NONE',  ( 1.000000000000000000, 0.000000000000000000, 0.000000000000000000 ) ) ;
#728 = VERTEX_POINT ( 'NONE', #2075 ) ;
#729 = CARTESIAN_POINT ( 'NONE',  ( 36.00000000000000711, 0.000000000000000000, -3.000000000000000000 ) ) ;
#730 = EDGE_LOOP ( 'NONE', ( #1724, #34, #978, #963, #1042, #1304 ) ) ;
#731 = ORIENTED_EDGE ( 'NONE', *, *, #1572, .T. ) ;
#732 = DIRECTION ( 'NONE',  ( 0.000000000000000000, -0.6448238527906942075, 0.7643312101910827439 ) ) ;
#733 = DIRECTION ( 'NONE',  ( -1.000000000000000000, 0.000000000000000000, 0.000000000000000000 ) ) ;
#734 = CARTESIAN_POINT ( 'NONE',  ( 125.5999999999999943, 0.000000000000000000, 0.000000000000000000 ) ) ;
#735 = CARTESIAN_POINT ( 'NONE',  ( 23.50000000000001066, -6.431767220503679421E-12, 10.50000000000000178 ) ) ;
#736 = B_SPLINE_CURVE_WITH_KNOTS ( 'NONE', 3,
 ( #1902, #274, #933, #1422, #2078, #1100, #1070, #1781, #1300, #904 ),
 .UNSPECIFIED., .F., .F.,
 ( 4, 2, 2, 2, 4 ),
 ( 6.283185307178982271, 6.503173286292360800, 6.613167275849050952, 6.668164270627395140, 6.723161265405740217 ),
 .UNSPECIFIED. ) ;
#737 = DIRECTION ( 'NONE',  ( 1.000000000000000000, 0.000000000000000000, 0.000000000000000000 ) ) ;
#738 = ORIENTED_EDGE ( 'NONE', *, *, #845, .F. ) ;
#739 = LINE ( 'NONE', #1876, #1215 ) ;
#740 = CLOSED_SHELL ( 'NONE', ( #371, #410, #1489, #628, #93, #2093, #1139, #1516, #1734, #2117, #1228, #1456, #1826, #1606, #1791, #1547, #882, #722, #852, #764, #155, #1421, #786, #1830, #1458, #494, #1993, #885, #248, #1327, #300, #688, #1264, #119, #24, #949, #1581, #1794, #1200, #1634, #923, #756, #1596, #1357, #877, #497, #448, #1796, #1445, #474, #2032, #1196, #2061, #1932, #921, #652, #1610, #472, #1232, #599, #1376, #676, #125, #950, #849, #1161, #1658, #2021 ) ) ;
#741 = CARTESIAN_POINT ( 'NONE',  ( 118.5000000000000142, 9.500000000000000000, 0.000000000000000000 ) ) ;
#742 = AXIS2_PLACEMENT_3D ( 'NONE', #741, #1186, #2052 ) ;
#743 = ORIENTED_EDGE ( 'NONE', *, *, #893, .T. ) ;
#744 = EDGE_LOOP ( 'NONE', ( #2102, #1280 ) ) ;
#745 = FACE_OUTER_BOUND ( 'NONE', #1411, .T. ) ;
#746 = CARTESIAN_POINT ( 'NONE',  ( 16.02405303215812893, -3.828221747537026598, -9.499320265250206674 ) ) ;
#747 = FACE_BOUND ( 'NONE', #292, .T. ) ;
#748 = AXIS2_PLACEMENT_3D ( 'NONE', #995, #1440, #320 ) ;
#749 = CARTESIAN_POINT ( 'NONE',  ( 118.5000000000000142, 4.000000000000000000, 2.066999999999999726 ) ) ;
#750 = AXIS2_PLACEMENT_3D ( 'NONE', #213, #186, #1497 ) ;
#751 = EDGE_LOOP ( 'NONE', ( #805, #1739, #2057, #1677 ) ) ;
#752 = DIRECTION ( 'NONE',  ( 0.000000000000000000, -1.000000000000000000, 0.000000000000000000 ) ) ;
#753 = APPLICATION_CONTEXT ( 'configuration controlled 3d designs of mechanical parts and assemblies' ) ;
#754 = CARTESIAN_POINT ( 'NONE',  ( 112.5000000000000000, 0.000000000000000000, 8.199999999999993960 ) ) ;
#755 = ORIENTED_EDGE ( 'NONE', *, *, #1963, .F. ) ;
#756 = ADVANCED_FACE ( 'NONE', ( #1553 ), #1417, .T. ) ;
#757 = DIRECTION ( 'NONE',  ( 0.000000000000000000, 0.000000000000000000, -1.000000000000000000 ) ) ;
#758 = VERTEX_POINT ( 'NONE', #428 ) ;
#759 = DIRECTION ( 'NONE',  ( 0.000000000000000000, 0.000000000000000000, -1.000000000000000000 ) ) ;
#760 = CARTESIAN_POINT ( 'NONE',  ( 113.5000000000000000, 1.065442715258197248E-15, 8.699999999999999289 ) ) ;
#761 = EDGE_CURVE ( 'NONE', #1088, #1355, #1084, .T. ) ;
#762 = DIRECTION ( 'NONE',  ( 1.000000000000000000, 0.000000000000000000, 0.000000000000000000 ) ) ;
#763 = LINE ( 'NONE', #405, #235 ) ;
#764 = ADVANCED_FACE ( 'NONE', ( #258 ), #1921, .T. ) ;
#765 = CARTESIAN_POINT ( 'NONE',  ( 141.7009312058487467, 4.186178591117305281, 6.000000000000000000 ) ) ;
#766 = ORIENTED_EDGE ( 'NONE', *, *, #1009, .T. ) ;
#767 = CARTESIAN_POINT ( 'NONE',  ( 118.5000000000000142, 4.000000000000000000, 0.000000000000000000 ) ) ;
#768 = VERTEX_POINT ( 'NONE', #1383 ) ;
#769 = LINE ( 'NONE', #1402, #1951 ) ;
#770 = FACE_BOUND ( 'NONE', #1346, .T. ) ;
#771 = CARTESIAN_POINT ( 'NONE',  ( 23.50000000000000000, 9.500000000000000000, 4.250000000000000000 ) ) ;
#772 = DIRECTION ( 'NONE',  ( 0.000000000000000000, 0.000000000000000000, -1.000000000000000000 ) ) ;
#773 = EDGE_CURVE ( 'NONE', #1857, #1429, #82, .T. ) ;
#774 = CARTESIAN_POINT ( 'NONE',  ( 26.11183007558423341, 9.943350312013665260, -3.397610128229264781 ) ) ;
#775 = ORIENTED_EDGE ( 'NONE', *, *, #1032, .T. ) ;
#776 = CIRCLE ( 'NONE', #670, 4.250000000000000000 ) ;
#777 = ORIENTED_EDGE ( 'NONE', *, *, #314, .F. ) ;
#778 = LINE ( 'NONE', #456, #931 ) ;
#779 = CIRCLE ( 'NONE', #435, 2.066999999999999726 ) ;
#780 = DIRECTION ( 'NONE',  ( 1.000000000000000000, 0.000000000000000000, 0.000000000000000000 ) ) ;
#781 = CARTESIAN_POINT ( 'NONE',  ( 128.0000000000000000, 5.061867244406950128, -6.000000000000000000 ) ) ;
#782 = DIRECTION ( 'NONE',  ( 0.000000000000000000, 0.000000000000000000, -1.000000000000000000 ) ) ;
#783 = DIRECTION ( 'NONE',  ( 1.000000000000000000, 0.000000000000000000, 0.000000000000000000 ) ) ;
#784 = CIRCLE ( 'NONE', #1223, 10.50000000000000000 ) ;
#785 = ORIENTED_EDGE ( 'NONE', *, *, #1321, .T. ) ;
#786 = ADVANCED_FACE ( 'NONE', ( #568 ), #137, .T. ) ;
#787 = VECTOR ( 'NONE', #1538, 1000.000000000000000 ) ;
#788 = CARTESIAN_POINT ( 'NONE',  ( 0.000000000000000000, 3.673940397442059868E-16, 3.000000000000000000 ) ) ;
#789 = VECTOR ( 'NONE', #1938, 1000.000000000000000 ) ;
#790 = VERTEX_POINT ( 'NONE', #1395 ) ;
#791 = LOCAL_TIME ( 16, 5, 33.00000000000000000, #834 ) ;
#792 = EDGE_CURVE ( 'NONE', #1822, #1843, #1124, .T. ) ;
#793 = CARTESIAN_POINT ( 'NONE',  ( 118.2189485977364569, 9.601524994574759830, 4.249999990099508018 ) ) ;
#794 = DIRECTION ( 'NONE',  ( 0.000000000000000000, -1.000000000000000000, 0.000000000000000000 ) ) ;
#795 = B_SPLINE_CURVE_WITH_KNOTS ( 'NONE', 3,
 ( #510, #1773, #309, #967 ),
 .UNSPECIFIED., .F., .F.,
 ( 4, 4 ),
 ( 9.467117254292302775, 11.41583116148979471 ),
 .UNSPECIFIED. ) ;
#796 = LINE ( 'NONE', #1171, #1391 ) ;
#797 = EDGE_LOOP ( 'NONE', ( #1205, #413 ) ) ;
#798 = DIRECTION ( 'NONE',  ( 0.000000000000000000, -1.000000000000000000, 0.000000000000000000 ) ) ;
#799 = ORIENTED_EDGE ( 'NONE', *, *, #440, .F. ) ;
#800 = DIRECTION ( 'NONE',  ( 0.000000000000000000, 0.000000000000000000, -1.000000000000000000 ) ) ;
#801 = FACE_OUTER_BOUND ( 'NONE', #1868, .T. ) ;
#802 = FACE_OUTER_BOUND ( 'NONE', #240, .T. ) ;
#803 = CARTESIAN_POINT ( 'NONE',  ( 112.5000000000000000, 0.000000000000000000, 0.000000000000000000 ) ) ;
#804 = ORIENTED_EDGE ( 'NONE', *, *, #718, .F. ) ;
#805 = ORIENTED_EDGE ( 'NONE', *, *, #335, .T. ) ;
#806 = AXIS2_PLACEMENT_3D ( 'NONE', #1823, #330, #655 ) ;
#807 = CARTESIAN_POINT ( 'NONE',  ( 106.0000000000000000, 9.797174393178825657E-16, 8.000000000000000000 ) ) ;
#808 = CARTESIAN_POINT ( 'NONE',  ( 22.50000000000000000, 4.472135954999590268, 9.500000000000000000 ) ) ;
#809 = EDGE_CURVE ( 'NONE', #1152, #1210, #1094, .T. ) ;
#810 = CARTESIAN_POINT ( 'NONE',  ( 22.38855173431670664, 9.661908531019005153, 4.111630284507565847 ) ) ;
#811 = ORIENTED_EDGE ( 'NONE', *, *, #1990, .F. ) ;
#812 = DIRECTION ( 'NONE',  ( 0.000000000000000000, 0.000000000000000000, -1.000000000000000000 ) ) ;
#813 = AXIS2_PLACEMENT_3D ( 'NONE', #1723, #911, #772 ) ;
#814 = CARTESIAN_POINT ( 'NONE',  ( 122.7500000000000000, 9.500000000000000000, 0.000000000000000000 ) ) ;
#815 = ORIENTED_EDGE ( 'NONE', *, *, #692, .T. ) ;
#816 = CIRCLE ( 'NONE', #102, 3.000000000000002665 ) ;
#817 = EDGE_CURVE ( 'NONE', #1580, #227, #763, .T. ) ;
#818 = VECTOR ( 'NONE', #941, 1000.000000000000114 ) ;
#819 = CARTESIAN_POINT ( 'NONE',  ( 114.7930009765962467, 10.29038759073796960, 2.152003747455163207 ) ) ;
#820 = AXIS2_PLACEMENT_3D ( 'NONE', #853, #1177, #1526 ) ;
#821 = CARTESIAN_POINT ( 'NONE',  ( 126.0000000000000000, -5.061867244406950128, 6.000000000000000000 ) ) ;
#822 = CARTESIAN_POINT ( 'NONE',  ( 19.36354420121854147, 10.45246638719403265, 1.123697162630974633 ) ) ;
#823 = EDGE_CURVE ( 'NONE', #1987, #1822, #575, .T. ) ;
#824 = EDGE_LOOP ( 'NONE', ( #1490, #1334, #1362, #1400 ) ) ;
#825 = APPLICATION_PROTOCOL_DEFINITION ( 'international standard', 'config_control_design', 1994, #753 ) ;
#826 = DIRECTION ( 'NONE',  ( 0.000000000000000000, 0.000000000000000000, -1.000000000000000000 ) ) ;
#827 = CARTESIAN_POINT ( 'NONE',  ( 0.000000000000000000, 0.000000000000000000, 0.000000000000000000 ) ) ;
#828 = VERTEX_POINT ( 'NONE', #1746 ) ;
#829 = DIRECTION ( 'NONE',  ( 0.000000000000000000, 1.000000000000000000, 0.000000000000000000 ) ) ;
#830 = DIRECTION ( 'NONE',  ( 0.000000000000000000, 0.000000000000000000, -1.000000000000000000 ) ) ;
#831 = DIRECTION ( 'NONE',  ( -1.000000000000000000, 0.000000000000000000, 0.000000000000000000 ) ) ;
#832 = EDGE_CURVE ( 'NONE', #1455, #1, #938, .T. ) ;
#833 = EDGE_LOOP ( 'NONE', ( #374, #541, #871, #1464 ) ) ;
#834 = COORDINATED_UNIVERSAL_TIME_OFFSET ( 8, 0, .AHEAD. ) ;
#835 = CARTESIAN_POINT ( 'NONE',  ( 22.50000000000000000, -4.472135954999554741, -9.500000000000000000 ) ) ;
#836 = ORIENTED_EDGE ( 'NONE', *, *, #809, .T. ) ;
#837 = CARTESIAN_POINT ( 'NONE',  ( 141.0000000000000000, 5.291502622129179656, -6.000000000000000000 ) ) ;
#838 = DIRECTION ( 'NONE',  ( 0.000000000000000000, -1.000000000000000000, 0.000000000000000000 ) ) ;
#839 = VECTOR ( 'NONE', #752, 1000.000000000000000 ) ;
#840 = CARTESIAN_POINT ( 'NONE',  ( 16.40000000000000568, 4.472135954999584939, -9.500000000000000000 ) ) ;
#841 = EDGE_CURVE ( 'NONE', #1455, #848, #1291, .T. ) ;
#842 = AXIS2_PLACEMENT_3D ( 'NONE', #1789, #1472, #1343 ) ;
#843 = ORIENTED_EDGE ( 'NONE', *, *, #253, .F. ) ;
#844 = DATE_AND_TIME ( #1309, #857 ) ;
#845 = EDGE_CURVE ( 'NONE', #1030, #768, #1189, .T. ) ;
#846 = DIRECTION ( 'NONE',  ( 0.000000000000000000, -1.000000000000000000, 0.000000000000000000 ) ) ;
#847 = FACE_OUTER_BOUND ( 'NONE', #1311, .T. ) ;
#848 = VERTEX_POINT ( 'NONE', #1315 ) ;
#849 = ADVANCED_FACE ( 'NONE', ( #2098 ), #1967, .F. ) ;
#850 = VERTEX_POINT ( 'NONE', #631 ) ;
#851 = AXIS2_PLACEMENT_3D ( 'NONE', #96, #2064, #1715 ) ;
#852 = ADVANCED_FACE ( 'NONE', ( #460, #483 ), #968, .T. ) ;
#853 = CARTESIAN_POINT ( 'NONE',  ( 112.5000000000000000, 0.000000000000000000, 0.000000000000000000 ) ) ;
#854 = DIRECTION ( 'NONE',  ( -1.000000000000000000, 0.000000000000000000, 0.000000000000000000 ) ) ;
#855 = VECTOR ( 'NONE', #1623, 1000.000000000000114 ) ;
#856 = LINE ( 'NONE', #840, #1403 ) ;
#857 = LOCAL_TIME ( 16, 5, 33.00000000000000000, #447 ) ;
#858 = CARTESIAN_POINT ( 'NONE',  ( 23.16265404473758949, -2.668274242301281518, 10.16265404473759126 ) ) ;
#859 = AXIS2_PLACEMENT_3D ( 'NONE', #1414, #922, #416 ) ;
#860 = ORIENTED_EDGE ( 'NONE', *, *, #54, .T. ) ;
#861 = SECURITY_CLASSIFICATION_LEVEL ( 'unclassified' ) ;
#862 = APPLICATION_CONTEXT ( 'configuration controlled 3d designs of mechanical parts and assemblies' ) ;
#863 = CARTESIAN_POINT ( 'NONE',  ( 142.0000000000000284, 0.000000000000000000, 0.000000000000000000 ) ) ;
#864 = ORIENTED_EDGE ( 'NONE', *, *, #1767, .T. ) ;
#865 = ORIENTED_EDGE ( 'NONE', *, *, #285, .T. ) ;
#866 = DIRECTION ( 'NONE',  ( 1.000000000000000000, 0.000000000000000000, 0.000000000000000000 ) ) ;
#867 = CARTESIAN_POINT ( 'NONE',  ( 121.1172762382697670, 9.944813584014708496, 3.393475255209468244 ) ) ;
#868 = CARTESIAN_POINT ( 'NONE',  ( 23.50000000000001066, 2.142058214050694694E-12, -10.50000000000000000 ) ) ;
#869 = DIRECTION ( 'NONE',  ( 0.000000000000000000, 0.000000000000000000, -1.000000000000000000 ) ) ;
#870 = DIRECTION ( 'NONE',  ( 0.000000000000000000, 1.000000000000000000, 0.000000000000000000 ) ) ;
#871 = ORIENTED_EDGE ( 'NONE', *, *, #994, .T. ) ;
#872 = CARTESIAN_POINT ( 'NONE',  ( 142.0000000000000284, 0.000000000000000000, 0.000000000000000000 ) ) ;
#873 = ORIENTED_EDGE ( 'NONE', *, *, #535, .T. ) ;
#874 = LINE ( 'NONE', #356, #143 ) ;
#875 = CARTESIAN_POINT ( 'NONE',  ( 122.5300516580594206, 10.41245415665768981, 1.377923497353987559 ) ) ;
#876 = DIRECTION ( 'NONE',  ( 1.000000000000000000, 0.000000000000000000, 0.000000000000000000 ) ) ;
#877 = ADVANCED_FACE ( 'NONE', ( #1151 ), #1931, .T. ) ;
#878 = CARTESIAN_POINT ( 'NONE',  ( 22.58129780121276298, -4.299437917103306361, 9.581297801212757648 ) ) ;
#879 = ORIENTED_EDGE ( 'NONE', *, *, #1859, .T. ) ;
#880 = CIRCLE ( 'NONE', #298, 8.699999999999999289 ) ;
#881 = PERSON_AND_ORGANIZATION ( #1784, #1611 ) ;
#882 = ADVANCED_FACE ( 'NONE', ( #1296 ), #99, .T. ) ;
#883 = DIRECTION ( 'NONE',  ( 1.000000000000000000, 0.000000000000000000, 0.000000000000000000 ) ) ;
#884 = ORIENTED_EDGE ( 'NONE', *, *, #823, .F. ) ;
#885 = ADVANCED_FACE ( 'NONE', ( #1959 ), #130, .F. ) ;
#886 = CARTESIAN_POINT ( 'NONE',  ( 16.11964840442702851, 4.212638246238015860, -9.499953730203131386 ) ) ;
#887 = CARTESIAN_POINT ( 'NONE',  ( 119.6241071546377839, 9.653913378120552835, 4.136263569275681284 ) ) ;
#888 = CARTESIAN_POINT ( 'NONE',  ( 118.5000000000000142, 9.500000000000000000, 2.066999999999999726 ) ) ;
#889 = AXIS2_PLACEMENT_3D ( 'NONE', #1214, #1510, #693 ) ;
#890 = TOROIDAL_SURFACE ( 'NONE', #714, 10.10000000000129994, 0.3999999999986965094 ) ;
#891 = CARTESIAN_POINT ( 'NONE',  ( 142.0000000000000284, 3.605551275463990013, 6.000000000000000000 ) ) ;
#892 = DATE_AND_TIME ( #1844, #2062 ) ;
#893 = EDGE_CURVE ( 'NONE', #1557, #1429, #1114, .T. ) ;
#894 = AXIS2_PLACEMENT_3D ( 'NONE', #2033, #573, #400 ) ;
#895 = DIRECTION ( 'NONE',  ( 0.000000000000000000, 0.000000000000000000, -1.000000000000000000 ) ) ;
#896 = VERTEX_POINT ( 'NONE', #1625 ) ;
#897 = VERTEX_POINT ( 'NONE', #142 ) ;
#898 = FACE_BOUND ( 'NONE', #744, .T. ) ;
#899 = CARTESIAN_POINT ( 'NONE',  ( 122.7152898941102563, 10.48592008487951865, 0.5600422961210398398 ) ) ;
#900 = CARTESIAN_POINT ( 'NONE',  ( 16.22540745163525955, -4.382622310386266484, 9.500032578769575409 ) ) ;
#901 = CARTESIAN_POINT ( 'NONE',  ( 113.5000000000000000, 1.261386214726098879E-15, 10.10000018951301648 ) ) ;
#902 = CYLINDRICAL_SURFACE ( 'NONE', #813, 10.50000000000000000 ) ;
#903 = CARTESIAN_POINT ( 'NONE',  ( 27.20550456247736903, 10.28957230643938026, -2.154462474514817760 ) ) ;
#904 = CARTESIAN_POINT ( 'NONE',  ( 22.50000000000000000, 4.472135954999590268, 9.500000000000000000 ) ) ;
#905 = FACE_OUTER_BOUND ( 'NONE', #1399, .T. ) ;
#906 = EDGE_LOOP ( 'NONE', ( #1639, #189, #1825, #506 ) ) ;
#907 = ORIENTED_EDGE ( 'NONE', *, *, #339, .F. ) ;
#908 = CARTESIAN_POINT ( 'NONE',  ( 16.03893016749142930, 3.923597847618894185, -9.499740571056459970 ) ) ;
#909 = CARTESIAN_POINT ( 'NONE',  ( 135.0000000000000000, 0.000000000000000000, -6.000000000000000000 ) ) ;
#910 = CARTESIAN_POINT ( 'NONE',  ( 0.9200000000000018163, 0.000000000000000000, 0.000000000000000000 ) ) ;
#911 = DIRECTION ( 'NONE',  ( 1.000000000000000000, 0.000000000000000000, 0.000000000000000000 ) ) ;
#912 = VERTEX_POINT ( 'NONE', #1450 ) ;
#913 = EDGE_CURVE ( 'NONE', #828, #430, #1914, .T. ) ;
#914 = CARTESIAN_POINT ( 'NONE',  ( 27.53005165805942056, 10.41245415665769514, 1.377923497353999327 ) ) ;
#915 = CARTESIAN_POINT ( 'NONE',  ( 141.0000000000000000, -5.291502622129179656, 6.000000000000000000 ) ) ;
#916 = CIRCLE ( 'NONE', #842, 2.066999999999999726 ) ;
#917 = ORIENTED_EDGE ( 'NONE', *, *, #1364, .T. ) ;
#918 = EDGE_CURVE ( 'NONE', #1111, #1737, #1940, .T. ) ;
#919 = DIRECTION ( 'NONE',  ( 1.000000000000000000, 0.000000000000000000, 0.000000000000000000 ) ) ;
#920 = VERTEX_POINT ( 'NONE', #1795 ) ;
#921 = ADVANCED_FACE ( 'NONE', ( #802 ), #642, .F. ) ;
#922 = DIRECTION ( 'NONE',  ( 1.000000000000000000, 0.000000000000000000, 0.000000000000000000 ) ) ;
#923 = ADVANCED_FACE ( 'NONE', ( #1635 ), #476, .T. ) ;
#924 = CARTESIAN_POINT ( 'NONE',  ( 16.03875227400601489, -3.922217536182219799, -9.500104833433864471 ) ) ;
#925 = DIRECTION ( 'NONE',  ( 0.000000000000000000, 0.6448238527906943185, -0.7643312101910826328 ) ) ;
#926 = VECTOR ( 'NONE', #1875, 1000.000000000000000 ) ;
#927 = CARTESIAN_POINT ( 'NONE',  ( 126.0000000000000000, 0.000000000000000000, 0.000000000000000000 ) ) ;
#928 = VECTOR ( 'NONE', #1841, 1000.000000000000000 ) ;
#929 = VERTEX_POINT ( 'NONE', #1143 ) ;
#930 = VECTOR ( 'NONE', #454, 1000.000000000000000 ) ;
#931 = VECTOR ( 'NONE', #491, 1000.000000000000000 ) ;
#932 = ORIENTED_EDGE ( 'NONE', *, *, #1896, .F. ) ;
#933 = CARTESIAN_POINT ( 'NONE',  ( 23.41554419659257746, 1.537315110647532457, 10.41554419659258279 ) ) ;
#934 = ORIENTED_EDGE ( 'NONE', *, *, #2026, .T. ) ;
#935 = CARTESIAN_POINT ( 'NONE',  ( 128.0000000000000000, 7.849999999999999645, 0.000000000000000000 ) ) ;
#936 = DIRECTION ( 'NONE',  ( -1.000000000000000000, 0.000000000000000000, 0.000000000000000000 ) ) ;
#937 = CARTESIAN_POINT ( 'NONE',  ( 16.30157592907785258, 4.448316230227500334, 9.500016319905451923 ) ) ;
#938 = LINE ( 'NONE', #419, #442 ) ;
#939 = CARTESIAN_POINT ( 'NONE',  ( 142.0000000000000284, -3.605551275463990013, -6.000000000000000000 ) ) ;
#940 = VERTEX_POINT ( 'NONE', #168 ) ;
#941 = DIRECTION ( 'NONE',  ( -0.5144957554275368938, 1.050125966765358765E-16, -0.8574929257125379900 ) ) ;
#942 = ORIENTED_EDGE ( 'NONE', *, *, #279, .F. ) ;
#943 = DIRECTION ( 'NONE',  ( 0.000000000000000000, 0.000000000000000000, -1.000000000000000000 ) ) ;
#944 = DIRECTION ( 'NONE',  ( 0.000000000000000000, 0.000000000000000000, -1.000000000000000000 ) ) ;
#945 = CARTESIAN_POINT ( 'NONE',  ( 19.25006859263463710, 10.49972215432492639, -0.5624279954393787140 ) ) ;
#946 = EDGE_CURVE ( 'NONE', #646, #398, #25, .T. ) ;
#947 = CARTESIAN_POINT ( 'NONE',  ( 16.00000000000000000, 8.000000000000000000, 0.000000000000000000 ) ) ;
#948 = VERTEX_POINT ( 'NONE', #358 ) ;
#949 = ADVANCED_FACE ( 'NONE', ( #1203 ), #2002, .T. ) ;
#950 = ADVANCED_FACE ( 'NONE', ( #1528 ), #1668, .T. ) ;
#951 = DIRECTION ( 'NONE',  ( 0.000000000000000000, 0.000000000000000000, -1.000000000000000000 ) ) ;
#952 = VERTEX_POINT ( 'NONE', #711 ) ;
#953 = CIRCLE ( 'NONE', #639, 0.3999999999987000066 ) ;
#954 = CARTESIAN_POINT ( 'NONE',  ( 112.1999999999999886, 0.000000000000000000, 0.000000000000000000 ) ) ;
#955 = LINE ( 'NONE', #781, #61 ) ;
#956 = DIRECTION ( 'NONE',  ( 0.000000000000000000, 0.000000000000000000, -1.000000000000000000 ) ) ;
#957 = VECTOR ( 'NONE', #1467, 1000.000000000000000 ) ;
#958 = DIRECTION ( 'NONE',  ( 1.000000000000000000, 0.000000000000000000, 0.000000000000000000 ) ) ;
#959 = ORIENTED_EDGE ( 'NONE', *, *, #54, .F. ) ;
#960 = AXIS2_PLACEMENT_3D ( 'NONE', #1425, #2080, #1258 ) ;
#961 = DIRECTION ( 'NONE',  ( 0.000000000000000000, -1.000000000000000000, 0.000000000000000000 ) ) ;
#962 = TOROIDAL_SURFACE ( 'NONE', #30, 10.10000000000129994, 0.3999999999987000066 ) ;
#963 = ORIENTED_EDGE ( 'NONE', *, *, #1326, .F. ) ;
#964 = ORIENTED_EDGE ( 'NONE', *, *, #562, .F. ) ;
#965 = AXIS2_PLACEMENT_3D ( 'NONE', #1248, #1068, #434 ) ;
#966 = CARTESIAN_POINT ( 'NONE',  ( 115.1075152234893011, 10.17635368850305255, 2.618522073553108509 ) ) ;
#967 = CARTESIAN_POINT ( 'NONE',  ( 141.0000000000000000, -5.291502622129179656, -6.000000000000000000 ) ) ;
#968 = CYLINDRICAL_SURFACE ( 'NONE', #1401, 10.50000000000000000 ) ;
#969 = CARTESIAN_POINT ( 'NONE',  ( 128.0000000000000000, 5.291502622129179656, 6.000000000000000000 ) ) ;
#970 = EDGE_LOOP ( 'NONE', ( #1188, #1964 ) ) ;
#971 = VERTEX_POINT ( 'NONE', #1829 ) ;
#972 = FACE_OUTER_BOUND ( 'NONE', #254, .T. ) ;
#973 = DIRECTION ( 'NONE',  ( 0.000000000000000000, 0.000000000000000000, -1.000000000000000000 ) ) ;
#974 = DIRECTION ( 'NONE',  ( 0.000000000000000000, 0.000000000000000000, -1.000000000000000000 ) ) ;
#975 = EDGE_CURVE ( 'NONE', #768, #1030, #1297, .T. ) ;
#976 = ORIENTED_EDGE ( 'NONE', *, *, #1432, .T. ) ;
#977 = CARTESIAN_POINT ( 'NONE',  ( 16.00000000000000000, 0.000000000000000000, 0.000000000000000000 ) ) ;
#978 = ORIENTED_EDGE ( 'NONE', *, *, #660, .T. ) ;
#979 = CIRCLE ( 'NONE', #638, 8.699999999999999289 ) ;
#980 = CIRCLE ( 'NONE', #1942, 8.699999999999999289 ) ;
#981 = EDGE_CURVE ( 'NONE', #1857, #1622, #2092, .T. ) ;
#982 = CARTESIAN_POINT ( 'NONE',  ( 142.0000000000000284, 0.000000000000000000, 0.000000000000000000 ) ) ;
#983 = DIRECTION ( 'NONE',  ( 1.000000000000000000, 0.000000000000000000, 0.000000000000000000 ) ) ;
#984 = ORIENTED_EDGE ( 'NONE', *, *, #612, .F. ) ;
#985 = DIRECTION ( 'NONE',  ( 0.000000000000000000, 0.000000000000000000, -1.000000000000000000 ) ) ;
#986 = AXIS2_PLACEMENT_3D ( 'NONE', #1619, #794, #2105 ) ;
#987 = DIRECTION ( 'NONE',  ( 0.000000000000000000, 0.5150787536377129383, -0.8571428571428570953 ) ) ;
#988 = ORIENTED_EDGE ( 'NONE', *, *, #975, .F. ) ;
#989 = AXIS2_PLACEMENT_3D ( 'NONE', #1604, #1594, #128 ) ;
#990 = AXIS2_PLACEMENT_3D ( 'NONE', #1786, #1806, #334 ) ;
#991 = DIRECTION ( 'NONE',  ( 0.000000000000000000, 0.000000000000000000, -1.000000000000000000 ) ) ;
#992 = VECTOR ( 'NONE', #689, 1000.000000000000114 ) ;
#993 = CYLINDRICAL_SURFACE ( 'NONE', #2123, 8.699999999999999289 ) ;
#994 = EDGE_CURVE ( 'NONE', #1997, #758, #546, .T. ) ;
#995 = CARTESIAN_POINT ( 'NONE',  ( 0.000000000000000000, 0.000000000000000000, 0.000000000000000000 ) ) ;
#996 = VERTEX_POINT ( 'NONE', #1690 ) ;
#997 = CYLINDRICAL_SURFACE ( 'NONE', #1813, 4.250000000000000000 ) ;
#998 = DIRECTION ( 'NONE',  ( 1.000000000000000000, 0.000000000000000000, 0.000000000000000000 ) ) ;
#999 = VERTEX_POINT ( 'NONE', #557 ) ;
#1000 = DIRECTION ( 'NONE',  ( 1.000000000000000000, 0.000000000000000000, 0.000000000000000000 ) ) ;
#1001 = DIRECTION ( 'NONE',  ( 0.000000000000000000, 0.000000000000000000, -1.000000000000000000 ) ) ;
#1002 = CARTESIAN_POINT ( 'NONE',  ( 112.5000000000000000, 0.000000000000000000, 0.000000000000000000 ) ) ;
#1004 = EDGE_CURVE ( 'NONE', #912, #354, #856, .T. ) ;
#1003 = DIRECTION ( 'NONE',  ( 0.000000000000000000, -0.6448238527906943185, 0.7643312101910826328 ) ) ;
#1005 = ORIENTED_EDGE ( 'NONE', *, *, #1103, .F. ) ;
#1006 = APPROVAL_ROLE ( '' ) ;
#1007 = CARTESIAN_POINT ( 'NONE',  ( 16.00000000000000000, 0.000000000000000000, 0.000000000000000000 ) ) ;
#1008 = VERTEX_POINT ( 'NONE', #1509 ) ;
#1009 = EDGE_CURVE ( 'NONE', #1066, #971, #523, .T. ) ;
#1010 = DIRECTION ( 'NONE',  ( 0.000000000000000000, -1.000000000000000000, 0.000000000000000000 ) ) ;
#1011 = DIRECTION ( 'NONE',  ( 0.000000000000000000, 0.000000000000000000, -1.000000000000000000 ) ) ;
#1012 = DIRECTION ( 'NONE',  ( 0.000000000000000000, -1.000000000000000000, 0.000000000000000000 ) ) ;
#1013 = CIRCLE ( 'NONE', #399, 8.699999999999999289 ) ;
#1014 = VERTEX_POINT ( 'NONE', #1328 ) ;
#1015 = CARTESIAN_POINT ( 'NONE',  ( 126.0000000000000000, 0.000000000000000000, -8.000000000000000000 ) ) ;
#1016 = ORIENTED_EDGE ( 'NONE', *, *, #335, .F. ) ;
#1017 = EDGE_LOOP ( 'NONE', ( #208, #1530 ) ) ;
#1018 = VECTOR ( 'NONE', #1182, 1000.000000000000000 ) ;
#1019 = VECTOR ( 'NONE', #831, 1000.000000000000000 ) ;
#1020 = CARTESIAN_POINT ( 'NONE',  ( 141.7011194705305854, 4.185813085579646042, -6.000000000000000000 ) ) ;
#1021 = CARTESIAN_POINT ( 'NONE',  ( 128.0000000000000000, 0.000000000000000000, 0.000000000000000000 ) ) ;
#1022 = TOROIDAL_SURFACE ( 'NONE', #104, 10.10000000000129994, 0.3999999999987000066 ) ;
#1023 = CARTESIAN_POINT ( 'NONE',  ( 128.0000000000000000, -5.061867244406950128, -6.000000000000000000 ) ) ;
#1024 = CIRCLE ( 'NONE', #1303, 10.10000018341631112 ) ;
#1025 = CC_DESIGN_SECURITY_CLASSIFICATION ( #618, ( #1986 ) ) ;
#1026 = DIRECTION ( 'NONE',  ( -0.7071067811865474617, 0.000000000000000000, 0.7071067811865474617 ) ) ;
#1027 = ORIENTED_EDGE ( 'NONE', *, *, #50, .T. ) ;
#1028 = APPROVAL_ROLE ( '' ) ;
#1029 = CYLINDRICAL_SURFACE ( 'NONE', #538, 7.849999999999999645 ) ;
#1030 = VERTEX_POINT ( 'NONE', #1682 ) ;
#1031 = ORIENTED_EDGE ( 'NONE', *, *, #1832, .T. ) ;
#1032 = EDGE_CURVE ( 'NONE', #1664, #385, #1492, .T. ) ;
#1033 = FACE_BOUND ( 'NONE', #1759, .T. ) ;
#1034 = DIRECTION ( 'NONE',  ( 1.000000000000000000, 0.000000000000000000, 0.000000000000000000 ) ) ;
#1035 = CARTESIAN_POINT ( 'NONE',  ( 23.50000000000000000, 4.000000000000000000, 0.000000000000000000 ) ) ;
#1036 = CARTESIAN_POINT ( 'NONE',  ( 22.80380146554198006, -3.764648426450345919, 9.803801465541976512 ) ) ;
#1037 = EDGE_CURVE ( 'NONE', #1643, #48, #679, .T. ) ;
#1038 = CARTESIAN_POINT ( 'NONE',  ( 113.9000000000072248, 0.000000000000000000, -10.09999999999273967 ) ) ;
#1039 = ORIENTED_EDGE ( 'NONE', *, *, #633, .F. ) ;
#1040 = APPROVAL ( #295, '未' ) ;
#1041 = CARTESIAN_POINT ( 'NONE',  ( 16.00000000000000000, -3.429285639896449744, 9.500000000000000000 ) ) ;
#1042 = ORIENTED_EDGE ( 'NONE', *, *, #20, .T. ) ;
#1043 = ORIENTED_EDGE ( 'NONE', *, *, #379, .F. ) ;
#1044 = CYLINDRICAL_SURFACE ( 'NONE', #1373, 4.250000000000000000 ) ;
#1045 = DIRECTION ( 'NONE',  ( 0.5144957554275200184, 0.000000000000000000, -0.8574929257125480930 ) ) ;
#1046 = DIRECTION ( 'NONE',  ( 1.000000000000000000, 0.000000000000000000, 0.000000000000000000 ) ) ;
#1047 = EDGE_CURVE ( 'NONE', #4, #519, #1225, .T. ) ;
#1048 = CARTESIAN_POINT ( 'NONE',  ( 118.5000000000000142, 4.000000000000000000, 0.000000000000000000 ) ) ;
#1049 = FACE_OUTER_BOUND ( 'NONE', #1954, .T. ) ;
#1050 = CARTESIAN_POINT ( 'NONE',  ( 24.62225004120871574, 9.653656543632662235, -4.136524236569075974 ) ) ;
#1051 = AXIS2_PLACEMENT_3D ( 'NONE', #724, #1380, #1178 ) ;
#1052 = DIRECTION ( 'NONE',  ( 0.000000000000000000, 0.3395332316729157696, -0.9405940594059405413 ) ) ;
#1053 = VERTEX_POINT ( 'NONE', #701 ) ;
#1054 = ORIENTED_EDGE ( 'NONE', *, *, #60, .F. ) ;
#1055 = CARTESIAN_POINT ( 'NONE',  ( 141.0000000000000000, 0.000000000000000000, 0.000000000000000000 ) ) ;
#1056 = CARTESIAN_POINT ( 'NONE',  ( 122.2088055877032104, 10.29091755458428636, 2.148771564725345584 ) ) ;
#1057 = AXIS2_PLACEMENT_3D ( 'NONE', #2017, #553, #1545 ) ;
#1058 = LINE ( 'NONE', #1390, #787 ) ;
#1059 = CIRCLE ( 'NONE', #1774, 10.50000000000000000 ) ;
#1060 = EDGE_CURVE ( 'NONE', #1238, #1911, #1156, .T. ) ;
#1061 = CARTESIAN_POINT ( 'NONE',  ( 16.40000000000000568, -4.472135954999584939, 9.500000000000000000 ) ) ;
#1062 = AXIS2_PLACEMENT_3D ( 'NONE', #1122, #1160, #973 ) ;
#1063 = CARTESIAN_POINT ( 'NONE',  ( 26.11727623826973854, 9.944813584014712049, 3.393475255209467356 ) ) ;
#1064 = APPROVAL_PERSON_ORGANIZATION ( #9, #465, #1006 ) ;
#1065 = CARTESIAN_POINT ( 'NONE',  ( 112.1999999999999886, 1.065442715258197248E-15, 8.699999999999999289 ) ) ;
#1066 = VERTEX_POINT ( 'NONE', #1172 ) ;
#1067 = ORIENTED_EDGE ( 'NONE', *, *, #1864, .T. ) ;
#1068 = DIRECTION ( 'NONE',  ( 1.000000000000000000, 0.000000000000000000, 0.000000000000000000 ) ) ;
#1069 = CARTESIAN_POINT ( 'NONE',  ( 16.05157946230760757, -3.975529102021872152, 9.499478161272255861 ) ) ;
#1070 = CARTESIAN_POINT ( 'NONE',  ( 22.80380146554652043, 3.764648426438489182, 9.803801465546518656 ) ) ;
#1071 = EDGE_CURVE ( 'NONE', #671, #1014, #2016, .T. ) ;
#1072 = CARTESIAN_POINT ( 'NONE',  ( 22.87125517689551657, -3.584024279267131963, 9.871255176895511241 ) ) ;
#1073 = DIRECTION ( 'NONE',  ( 0.000000000000000000, -1.000000000000000000, 0.000000000000000000 ) ) ;
#1074 = ORIENTED_EDGE ( 'NONE', *, *, #1209, .T. ) ;
#1075 = EDGE_CURVE ( 'NONE', #2043, #850, #816, .T. ) ;
#1076 = ORIENTED_EDGE ( 'NONE', *, *, #721, .T. ) ;
#1077 = LINE ( 'NONE', #386, #2083 ) ;
#1078 = EDGE_CURVE ( 'NONE', #999, #1580, #1534, .T. ) ;
#1079 = ORIENTED_EDGE ( 'NONE', *, *, #210, .T. ) ;
#1080 = EDGE_LOOP ( 'NONE', ( #1140, #520, #1254, #572 ) ) ;
#1081 = CARTESIAN_POINT ( 'NONE',  ( 138.0000000000000000, 3.673940397442056417E-16, 6.000000000000000000 ) ) ;
#1082 = CARTESIAN_POINT ( 'NONE',  ( 106.0000000000000000, 0.000000000000000000, -8.000000000000000000 ) ) ;
#1083 = CARTESIAN_POINT ( 'NONE',  ( 16.22479125511993914, 4.382040843155622589, 9.499997863083681438 ) ) ;
#1084 = LINE ( 'NONE', #749, #1879 ) ;
#1085 = CARTESIAN_POINT ( 'NONE',  ( 23.49999972811342275, 9.601462373749269474, -4.250091791629743376 ) ) ;
#1086 = CIRCLE ( 'NONE', #1560, 8.200000000000001066 ) ;
#1087 = AXIS2_PLACEMENT_3D ( 'NONE', #1889, #540, #1052 ) ;
#1088 = VERTEX_POINT ( 'NONE', #888 ) ;
#1089 = DIRECTION ( 'NONE',  ( 0.000000000000000000, 1.224646799147352961E-16, 1.000000000000000000 ) ) ;
#1090 = ORIENTED_EDGE ( 'NONE', *, *, #1898, .F. ) ;
#1091 = DIRECTION ( 'NONE',  ( 0.000000000000000000, 0.000000000000000000, -1.000000000000000000 ) ) ;
#1092 = DIRECTION ( 'NONE',  ( 0.000000000000000000, 0.000000000000000000, -1.000000000000000000 ) ) ;
#1093 = CARTESIAN_POINT ( 'NONE',  ( 113.9000000000000057, 0.000000000000000000, 0.000000000000000000 ) ) ;
#1094 = LINE ( 'NONE', #1909, #926 ) ;
#1095 = CIRCLE ( 'NONE', #273, 10.10000018341631112 ) ;
#1096 = LINE ( 'NONE', #270, #1598 ) ;
#1097 = AXIS2_PLACEMENT_3D ( 'NONE', #767, #798, #951 ) ;
#1098 = CIRCLE ( 'NONE', #820, 8.699999999999999289 ) ;
#1099 = EDGE_LOOP ( 'NONE', ( #1444, #1809 ) ) ;
#1100 = CARTESIAN_POINT ( 'NONE',  ( 22.87125517689984378, 3.584024279255184187, 9.871255176899845551 ) ) ;
#1101 = ORIENTED_EDGE ( 'NONE', *, *, #1037, .F. ) ;
#1102 = PERSON_AND_ORGANIZATION ( #1784, #1611 ) ;
#1103 = EDGE_CURVE ( 'NONE', #948, #1622, #1575, .T. ) ;
#1104 = CARTESIAN_POINT ( 'NONE',  ( 16.40000000000000213, 4.472135954999575169, 9.500000000000000000 ) ) ;
#1105 = CARTESIAN_POINT ( 'NONE',  ( 19.36375299959786034, 10.45236383263971192, -1.123679878246926611 ) ) ;
#1106 = EDGE_CURVE ( 'NONE', #1857, #590, #627, .T. ) ;
#1107 = EDGE_CURVE ( 'NONE', #971, #276, #256, .T. ) ;
#1108 = DIRECTION ( 'NONE',  ( 1.000000000000000000, 0.000000000000000000, 0.000000000000000000 ) ) ;
#1109 = ORIENTED_EDGE ( 'NONE', *, *, #314, .T. ) ;
#1110 = FACE_BOUND ( 'NONE', #1582, .T. ) ;
#1111 = VERTEX_POINT ( 'NONE', #1721 ) ;
#1112 = CARTESIAN_POINT ( 'NONE',  ( 128.0000000000000000, 5.291502622129179656, -6.000000000000000000 ) ) ;
#1113 = CARTESIAN_POINT ( 'NONE',  ( 16.07475907186722708, 4.067191507715693710, 9.499995584258208225 ) ) ;
#1114 = LINE ( 'NONE', #1607, #957 ) ;
#1115 = EDGE_CURVE ( 'NONE', #398, #1943, #2045, .T. ) ;
#1116 = LINE ( 'NONE', #1764, #126 ) ;
#1117 = VERTEX_POINT ( 'NONE', #760 ) ;
#1118 = CARTESIAN_POINT ( 'NONE',  ( 126.0000000000000000, 0.000000000000000000, 0.000000000000000000 ) ) ;
#1119 = EDGE_LOOP ( 'NONE', ( #455, #443 ) ) ;
#1120 = CIRCLE ( 'NONE', #192, 8.000000000000000000 ) ;
#1121 = DIRECTION ( 'NONE',  ( 0.000000000000000000, 0.000000000000000000, -1.000000000000000000 ) ) ;
#1122 = CARTESIAN_POINT ( 'NONE',  ( 113.5000000000000000, 0.000000000000000000, 0.000000000000000000 ) ) ;
#1123 = CARTESIAN_POINT ( 'NONE',  ( 126.0000000000000000, 0.000000000000000000, 0.000000000000000000 ) ) ;
#1124 = CIRCLE ( 'NONE', #1636, 8.000000000000000000 ) ;
#1125 = DIRECTION ( 'NONE',  ( 1.000000000000000000, 0.000000000000000000, 0.000000000000000000 ) ) ;
#1126 = AXIS2_PLACEMENT_3D ( 'NONE', #1275, #109, #925 ) ;
#1127 = ORIENTED_EDGE ( 'NONE', *, *, #539, .T. ) ;
#1128 = AXIS2_PLACEMENT_3D ( 'NONE', #2103, #640, #943 ) ;
#1129 = CARTESIAN_POINT ( 'NONE',  ( 118.5000000000000142, 9.500000000000000000, -4.250000000000000000 ) ) ;
#1130 = LOCAL_TIME ( 16, 5, 33.00000000000000000, #1660 ) ;
#1131 = EDGE_LOOP ( 'NONE', ( #637, #1854, #493, #558 ) ) ;
#1132 = CARTESIAN_POINT ( 'NONE',  ( 28.50000000000000000, 10.09999999999999964, 0.000000000000000000 ) ) ;
#1133 = DIRECTION ( 'NONE',  ( 1.000000000000000000, 0.000000000000000000, 0.000000000000000000 ) ) ;
#1134 = EDGE_CURVE ( 'NONE', #179, #698, #1500, .T. ) ;
#1135 = DIRECTION ( 'NONE',  ( 0.000000000000000000, 0.000000000000000000, -1.000000000000000000 ) ) ;
#1136 = EDGE_CURVE ( 'NONE', #1997, #1960, #28, .T. ) ;
#1137 = ORIENTED_EDGE ( 'NONE', *, *, #1482, .T. ) ;
#1138 = CARTESIAN_POINT ( 'NONE',  ( 113.5000000000000000, 0.000000000000000000, 0.000000000000000000 ) ) ;
#1139 = ADVANCED_FACE ( 'NONE', ( #267 ), #1559, .F. ) ;
#1140 = ORIENTED_EDGE ( 'NONE', *, *, #282, .F. ) ;
#1141 = DIRECTION ( 'NONE',  ( 0.000000000000000000, 0.000000000000000000, 1.000000000000000000 ) ) ;
#1142 = CARTESIAN_POINT ( 'NONE',  ( 118.5000000000000142, 4.000000000000000000, -4.250000000000000000 ) ) ;
#1143 = CARTESIAN_POINT ( 'NONE',  ( 29.50000000000000355, 1.034826545279513461E-15, 8.200000000000001066 ) ) ;
#1144 = EDGE_LOOP ( 'NONE', ( #121, #133, #2109, #984 ) ) ;
#1145 = FACE_OUTER_BOUND ( 'NONE', #1973, .T. ) ;
#1146 = ORIENTED_EDGE ( 'NONE', *, *, #457, .F. ) ;
#1147 = AXIS2_PLACEMENT_3D ( 'NONE', #1777, #958, #634 ) ;
#1148 = CIRCLE ( 'NONE', #467, 7.849999999999999645 ) ;
#1149 = DIRECTION ( 'NONE',  ( 0.7071067811865489050, 8.659560562354913137E-17, 0.7071067811865460184 ) ) ;
#1150 = CYLINDRICAL_SURFACE ( 'NONE', #990, 2.066999999999999726 ) ;
#1151 = FACE_OUTER_BOUND ( 'NONE', #2014, .T. ) ;
#1152 = VERTEX_POINT ( 'NONE', #1917 ) ;
#1153 = AXIS2_PLACEMENT_3D ( 'NONE', #1949, #1787, #974 ) ;
#1154 = CYLINDRICAL_SURFACE ( 'NONE', #17, 3.000000000000000000 ) ;
#1155 = ORIENTED_EDGE ( 'NONE', *, *, #817, .T. ) ;
#1156 = CIRCLE ( 'NONE', #750, 10.10000018951301648 ) ;
#1157 = VECTOR ( 'NONE', #1646, 1000.000000000000000 ) ;
#1158 = CARTESIAN_POINT ( 'NONE',  ( 0.9200000000000018163, 0.000000000000000000, -7.999999999999998224 ) ) ;
#1159 = FACE_OUTER_BOUND ( 'NONE', #1499, .T. ) ;
#1160 = DIRECTION ( 'NONE',  ( 1.000000000000000000, 0.000000000000000000, 0.000000000000000000 ) ) ;
#1161 = ADVANCED_FACE ( 'NONE', ( #1584, #770 ), #116, .T. ) ;
#1162 = DIRECTION ( 'NONE',  ( 1.000000000000000000, 0.000000000000000000, 0.000000000000000000 ) ) ;
#1163 = CARTESIAN_POINT ( 'NONE',  ( 141.0000000000000000, 0.000000000000000000, 0.000000000000000000 ) ) ;
#1164 = EDGE_CURVE ( 'NONE', #76, #1881, #1699, .T. ) ;
#1165 = EDGE_LOOP ( 'NONE', ( #1388, #879, #33, #1663 ) ) ;
#1166 = DIRECTION ( 'NONE',  ( 0.000000000000000000, 0.000000000000000000, -1.000000000000000000 ) ) ;
#1167 = CARTESIAN_POINT ( 'NONE',  ( 141.0000000000000000, 5.291502622129179656, 6.000000000000000000 ) ) ;
#1168 = ORIENTED_EDGE ( 'NONE', *, *, #7, .T. ) ;
#1169 = ORIENTED_EDGE ( 'NONE', *, *, #1900, .T. ) ;
#1170 = LINE ( 'NONE', #699, #65 ) ;
#1171 = CARTESIAN_POINT ( 'NONE',  ( 106.0000000000000000, 0.000000000000000000, -3.000000000000000000 ) ) ;
#1172 = CARTESIAN_POINT ( 'NONE',  ( 128.0000000000000000, -5.061867244406950128, -6.000000000000000000 ) ) ;
#1173 = ORIENTED_EDGE ( 'NONE', *, *, #46, .T. ) ;
#1174 = FACE_OUTER_BOUND ( 'NONE', #1591, .T. ) ;
#1175 = ORIENTED_EDGE ( 'NONE', *, *, #74, .T. ) ;
#1176 = ORIENTED_EDGE ( 'NONE', *, *, #2015, .F. ) ;
#1177 = DIRECTION ( 'NONE',  ( 1.000000000000000000, 0.000000000000000000, 0.000000000000000000 ) ) ;
#1178 = DIRECTION ( 'NONE',  ( 0.000000000000000000, 0.000000000000000000, -1.000000000000000000 ) ) ;
#1179 = CARTESIAN_POINT ( 'NONE',  ( 22.58129780121456420, -4.299437917099292683, -9.581297801214562426 ) ) ;
#1180 = CIRCLE ( 'NONE', #1970, 3.000000000000000000 ) ;
#1181 = DIRECTION ( 'NONE',  ( 0.000000000000000000, -1.000000000000000000, 0.000000000000000000 ) ) ;
#1182 = DIRECTION ( 'NONE',  ( 0.000000000000000000, -1.000000000000000000, 0.000000000000000000 ) ) ;
#1183 = ORIENTED_EDGE ( 'NONE', *, *, #1009, .F. ) ;
#1184 = PERSON_AND_ORGANIZATION_ROLE ( 'classification_officer' ) ;
#1185 = EDGE_CURVE ( 'NONE', #715, #952, #1058, .T. ) ;
#1186 = DIRECTION ( 'NONE',  ( 0.000000000000000000, -1.000000000000000000, 0.000000000000000000 ) ) ;
#1187 = EDGE_LOOP ( 'NONE', ( #21, #1790, #1548, #1602 ) ) ;
#1188 = ORIENTED_EDGE ( 'NONE', *, *, #1678, .T. ) ;
#1189 = CIRCLE ( 'NONE', #271, 2.066999999999999726 ) ;
#1190 = CIRCLE ( 'NONE', #1126, 7.849999999999999645 ) ;
#1191 = LINE ( 'NONE', #1849, #649 ) ;
#1192 = CARTESIAN_POINT ( 'NONE',  ( 122.6119219860701861, 10.44460387427569259, 1.110345396791627692 ) ) ;
#1193 = CARTESIAN_POINT ( 'NONE',  ( 135.0000000000000000, 0.000000000000000000, 6.000000000000000000 ) ) ;
#1194 = AXIS2_PLACEMENT_3D ( 'NONE', #1816, #1389, #1882 ) ;
#1195 = CARTESIAN_POINT ( 'NONE',  ( 22.87125517689581855, 3.584024279266293522, -9.871255176895818551 ) ) ;
#1196 = ADVANCED_FACE ( 'NONE', ( #69 ), #574, .F. ) ;
#1197 = ORIENTED_EDGE ( 'NONE', *, *, #832, .F. ) ;
#1198 = DIRECTION ( 'NONE',  ( 0.000000000000000000, 0.000000000000000000, 1.000000000000000000 ) ) ;
#1199 = ORIENTED_EDGE ( 'NONE', *, *, #2055, .T. ) ;
#1200 = ADVANCED_FACE ( 'NONE', ( #847 ), #1630, .T. ) ;
#1201 = CARTESIAN_POINT ( 'NONE',  ( 16.22536868753643446, 4.382551058973199076, -9.499982040151774498 ) ) ;
#1202 = DIRECTION ( 'NONE',  ( 0.000000000000000000, 1.224646799147354440E-16, 1.000000000000000000 ) ) ;
#1203 = FACE_OUTER_BOUND ( 'NONE', #1462, .T. ) ;
#1204 = CARTESIAN_POINT ( 'NONE',  ( 126.0000000000000000, 5.061867244406951905, 6.000000000000000000 ) ) ;
#1205 = ORIENTED_EDGE ( 'NONE', *, *, #339, .T. ) ;
#1206 = SHAPE_DEFINITION_REPRESENTATION ( #1955, #42 ) ;
#1207 = DIRECTION ( 'NONE',  ( 1.000000000000000000, 0.000000000000000000, 0.000000000000000000 ) ) ;
#1208 = ORIENTED_EDGE ( 'NONE', *, *, #761, .F. ) ;
#1209 = EDGE_CURVE ( 'NONE', #1308, #1053, #1808, .T. ) ;
#1210 = VERTEX_POINT ( 'NONE', #2073 ) ;
#1211 = DIRECTION ( 'NONE',  ( 0.000000000000000000, 0.000000000000000000, -1.000000000000000000 ) ) ;
#1212 = CARTESIAN_POINT ( 'NONE',  ( 119.0620879720481895, 9.601848752828525235, 4.250000019800468820 ) ) ;
#1213 = CARTESIAN_POINT ( 'NONE',  ( 16.00000000000000000, -3.429285639896449744, 9.500000000000000000 ) ) ;
#1214 = CARTESIAN_POINT ( 'NONE',  ( 142.0000000000000284, 7.000000000000000000, 0.000000000000000000 ) ) ;
#1215 = VECTOR ( 'NONE', #1397, 1000.000000000000000 ) ;
#1216 = CARTESIAN_POINT ( 'NONE',  ( 106.0000000000000000, 9.797174393178825657E-16, 8.000000000000000000 ) ) ;
#1217 = CARTESIAN_POINT ( 'NONE',  ( 23.50000000000000000, 4.000000000000000000, 4.250000000000000000 ) ) ;
#1218 = VECTOR ( 'NONE', #1985, 1000.000000000000000 ) ;
#1219 = PLANE ( 'NONE',  #327 ) ;
#1220 = ORIENTED_EDGE ( 'NONE', *, *, #1952, .T. ) ;
#1221 = CC_DESIGN_DATE_AND_TIME_ASSIGNMENT ( #191, #672, ( #1984 ) ) ;
#1222 = EDGE_LOOP ( 'NONE', ( #1533, #1127, #415, #1235 ) ) ;
#1223 = AXIS2_PLACEMENT_3D ( 'NONE', #1566, #1686, #217 ) ;
#1224 = CARTESIAN_POINT ( 'NONE',  ( 126.0000000000000000, 0.000000000000000000, 0.000000000000000000 ) ) ;
#1225 = CIRCLE ( 'NONE', #336, 8.199999999999993960 ) ;
#1226 = CARTESIAN_POINT ( 'NONE',  ( 16.22514641581628680, -4.382389169332297385, -9.499976542232682064 ) ) ;
#1227 = EDGE_CURVE ( 'NONE', #1429, #1111, #394, .T. ) ;
#1228 = ADVANCED_FACE ( 'NONE', ( #1874 ), #167, .T. ) ;
#1229 = AXIS2_PLACEMENT_3D ( 'NONE', #1502, #1344, #1802 ) ;
#1230 = CARTESIAN_POINT ( 'NONE',  ( 23.41554419659117769, 1.537315110657341499, -10.41554419659118125 ) ) ;
#1231 = DIRECTION ( 'NONE',  ( 0.000000000000000000, -1.000000000000000000, 0.000000000000000000 ) ) ;
#1232 = ADVANCED_FACE ( 'NONE', ( #404 ), #2025, .F. ) ;
#1233 = AXIS2_PLACEMENT_3D ( 'NONE', #1132, #1785, #1141 ) ;
#1234 = VERTEX_POINT ( 'NONE', #1392 ) ;
#1235 = ORIENTED_EDGE ( 'NONE', *, *, #88, .F. ) ;
#1236 = AXIS2_PLACEMENT_3D ( 'NONE', #1549, #2044, #1091 ) ;
#1237 = CARTESIAN_POINT ( 'NONE',  ( 126.0000000000000000, 8.000000000000000000, 6.000000000000000000 ) ) ;
#1238 = VERTEX_POINT ( 'NONE', #901 ) ;
#1239 = VERTEX_POINT ( 'NONE', #202 ) ;
#1240 = DIRECTION ( 'NONE',  ( 0.000000000000000000, 0.000000000000000000, 1.000000000000000000 ) ) ;
#1241 = CARTESIAN_POINT ( 'NONE',  ( 16.35036049548588011, -4.472135920177759516, 9.499999999999973355 ) ) ;
#1242 = DIRECTION ( 'NONE',  ( 1.000000000000000000, 0.000000000000000000, 0.000000000000000000 ) ) ;
#1243 = FACE_OUTER_BOUND ( 'NONE', #1836, .T. ) ;
#1244 = CARTESIAN_POINT ( 'NONE',  ( 26.89578885180956291, 10.17747892964493417, 2.614273759394048380 ) ) ;
#1245 = ORIENTED_EDGE ( 'NONE', *, *, #567, .F. ) ;
#1246 = CYLINDRICAL_SURFACE ( 'NONE', #1371, 8.699999999999999289 ) ;
#1247 = ORIENTED_EDGE ( 'NONE', *, *, #823, .T. ) ;
#1248 = CARTESIAN_POINT ( 'NONE',  ( 0.000000000000000000, 0.000000000000000000, 0.000000000000000000 ) ) ;
#1249 = DIRECTION ( 'NONE',  ( 0.000000000000000000, 0.000000000000000000, -1.000000000000000000 ) ) ;
#1250 = CARTESIAN_POINT ( 'NONE',  ( 0.000000000000000000, 9.233836865571040978E-16, 7.080000000000000071 ) ) ;
#1251 = DIRECTION ( 'NONE',  ( 1.000000000000000000, 0.000000000000000000, 0.000000000000000000 ) ) ;
#1252 = CARTESIAN_POINT ( 'NONE',  ( 141.0000000000000000, 5.291502622129179656, 6.000000000000000000 ) ) ;
#1253 = CIRCLE ( 'NONE', #266, 8.200000000000001066 ) ;
#1254 = ORIENTED_EDGE ( 'NONE', *, *, #913, .T. ) ;
#1255 = EDGE_CURVE ( 'NONE', #218, #1355, #576, .T. ) ;
#1256 = DIRECTION ( 'NONE',  ( 0.000000000000000000, -1.000000000000000000, 0.000000000000000000 ) ) ;
#1257 = ORIENTED_EDGE ( 'NONE', *, *, #1678, .F. ) ;
#1258 = DIRECTION ( 'NONE',  ( 0.000000000000000000, 0.000000000000000000, -1.000000000000000000 ) ) ;
#1259 = EDGE_CURVE ( 'NONE', #354, #1664, #350, .T. ) ;
#1260 = CARTESIAN_POINT ( 'NONE',  ( 16.19441409700657886, 4.340423607706348719, 9.499995709183810533 ) ) ;
#1261 = VECTOR ( 'NONE', #395, 1000.000000000000000 ) ;
#1262 = CARTESIAN_POINT ( 'NONE',  ( 20.10509760401655299, 10.17708096874759249, -2.615351688696363475 ) ) ;
#1263 = VECTOR ( 'NONE', #620, 1000.000000000000000 ) ;
#1264 = ADVANCED_FACE ( 'NONE', ( #566 ), #246, .F. ) ;
#1265 = CARTESIAN_POINT ( 'NONE',  ( 118.5000000000000142, 9.500000000000000000, 0.000000000000000000 ) ) ;
#1266 = AXIS2_PLACEMENT_3D ( 'NONE', #482, #319, #158 ) ;
#1267 = CIRCLE ( 'NONE', #414, 7.849999999999999645 ) ;
#1268 = ORIENTED_EDGE ( 'NONE', *, *, #2042, .F. ) ;
#1269 = AXIS2_PLACEMENT_3D ( 'NONE', #1555, #376, #261 ) ;
#1270 = FACE_OUTER_BOUND ( 'NONE', #1814, .T. ) ;
#1271 = ORIENTED_EDGE ( 'NONE', *, *, #210, .F. ) ;
#1272 = FACE_OUTER_BOUND ( 'NONE', #1165, .T. ) ;
#1273 = EDGE_CURVE ( 'NONE', #671, #516, #1352, .T. ) ;
#1274 = DIRECTION ( 'NONE',  ( 1.000000000000000000, 0.000000000000000000, 0.000000000000000000 ) ) ;
#1275 = CARTESIAN_POINT ( 'NONE',  ( 126.0000000000000000, 0.000000000000000000, 0.000000000000000000 ) ) ;
#1276 = CARTESIAN_POINT ( 'NONE',  ( 21.35233708188732393, 9.825567268828057976, 3.709219358024515856 ) ) ;
#1277 = DIRECTION ( 'NONE',  ( 0.000000000000000000, 0.000000000000000000, -1.000000000000000000 ) ) ;
#1278 = EDGE_LOOP ( 'NONE', ( #687, #284, #182, #112 ) ) ;
#1279 = LINE ( 'NONE', #1738, #338 ) ;
#1280 = ORIENTED_EDGE ( 'NONE', *, *, #1483, .F. ) ;
#1281 = EDGE_CURVE ( 'NONE', #385, #1622, #534, .T. ) ;
#1282 = LINE ( 'NONE', #648, #789 ) ;
#1283 = DIRECTION ( 'NONE',  ( 0.000000000000000000, 0.000000000000000000, -1.000000000000000000 ) ) ;
#1284 = DIRECTION ( 'NONE',  ( 1.000000000000000000, 0.000000000000000000, 0.000000000000000000 ) ) ;
#1285 = CARTESIAN_POINT ( 'NONE',  ( 16.40000000000000568, 0.000000000000000000, 0.000000000000000000 ) ) ;
#1286 = ORIENTED_EDGE ( 'NONE', *, *, #1613, .F. ) ;
#1287 = AXIS2_PLACEMENT_3D ( 'NONE', #357, #1817, #1001 ) ;
#1288 = AXIS2_PLACEMENT_3D ( 'NONE', #185, #838, #1496 ) ;
#1289 = CARTESIAN_POINT ( 'NONE',  ( 106.0000000000000000, 0.000000000000000000, 0.000000000000000000 ) ) ;
#1290 = ORIENTED_EDGE ( 'NONE', *, *, #1669, .T. ) ;
#1291 = B_SPLINE_CURVE_WITH_KNOTS ( 'NONE', 3,
 ( #1586, #118, #2084, #608, #1595, #1262, #451, #1105, #945, #2037, #822, #1460, #1477, #661, #1276, #326, #810, #337, #2122, #6 ),
 .UNSPECIFIED., .F., .F.,
 ( 4, 2, 2, 2, 2, 2, 2, 2, 2, 4 ),
 ( 6.718113423384491689, 8.396698997697820133, 10.07528457201114946, 11.75387014632448057, 13.43245572063781168, 15.11104129495113924, 16.78962686926446679, 18.46821244357779790, 19.30750523073445990, 20.14679801789112545 ),
 .UNSPECIFIED. ) ;
#1292 = EDGE_CURVE ( 'NONE', #227, #635, #1637, .T. ) ;
#1293 = PLANE ( 'NONE',  #1233 ) ;
#1294 = DIRECTION ( 'NONE',  ( 0.000000000000000000, 0.000000000000000000, -1.000000000000000000 ) ) ;
#1295 = EDGE_CURVE ( 'NONE', #850, #2043, #237, .T. ) ;
#1296 = FACE_OUTER_BOUND ( 'NONE', #317, .T. ) ;
#1297 = CIRCLE ( 'NONE', #306, 2.066999999999999726 ) ;
#1298 = EDGE_CURVE ( 'NONE', #940, #897, #1059, .T. ) ;
#1299 = VECTOR ( 'NONE', #1046, 1000.000000000000000 ) ;
#1300 = CARTESIAN_POINT ( 'NONE',  ( 22.58129780121795349, 4.299437917091707639, 9.581297801217955268 ) ) ;
#1301 = ORIENTED_EDGE ( 'NONE', *, *, #1115, .T. ) ;
#1302 = CIRCLE ( 'NONE', #1062, 10.10000018951301648 ) ;
#1303 = AXIS2_PLACEMENT_3D ( 'NONE', #1224, #584, #1892 ) ;
#1304 = ORIENTED_EDGE ( 'NONE', *, *, #1106, .F. ) ;
#1305 = CARTESIAN_POINT ( 'NONE',  ( 118.4999997281134227, 9.601462373749271251, -4.250091791629742488 ) ) ;
#1306 = CARTESIAN_POINT ( 'NONE',  ( 135.0000000000000000, 0.000000000000000000, -6.000000000000000000 ) ) ;
#1307 = DIRECTION ( 'NONE',  ( 1.000000000000000000, 0.000000000000000000, 0.000000000000000000 ) ) ;
#1308 = VERTEX_POINT ( 'NONE', #1250 ) ;
#1309 = CALENDAR_DATE ( 2026, 5, 8 ) ;
#1310 = DIRECTION ( 'NONE',  ( 0.000000000000000000, 0.000000000000000000, 1.000000000000000000 ) ) ;
#1311 = EDGE_LOOP ( 'NONE', ( #364, #1079, #1542, #683 ) ) ;
#1312 = CARTESIAN_POINT ( 'NONE',  ( 118.4999997598718835, 9.601478461253854846, 4.250122191714249986 ) ) ;
#1313 = DIRECTION ( 'NONE',  ( 0.000000000000000000, 0.000000000000000000, -1.000000000000000000 ) ) ;
#1314 = B_SPLINE_CURVE_WITH_KNOTS ( 'NONE', 3,
 ( #891, #765, #598, #1252 ),
 .UNSPECIFIED., .F., .F.,
 ( 4, 4 ),
 ( 9.467117254292277906, 11.41583116148979293 ),
 .UNSPECIFIED. ) ;
#1315 = CARTESIAN_POINT ( 'NONE',  ( 23.49999975987187995, 9.601478461253851293, 4.250122191714251763 ) ) ;
#1316 = VERTEX_POINT ( 'NONE', #2082 ) ;
#1317 =( NAMED_UNIT ( * ) SI_UNIT ( $, .STERADIAN. ) SOLID_ANGLE_UNIT ( ) );
#1318 = CARTESIAN_POINT ( 'NONE',  ( 106.0000000000000000, 0.000000000000000000, 0.000000000000000000 ) ) ;
#1319 = DIRECTION ( 'NONE',  ( 1.000000000000000000, 0.000000000000000000, 0.000000000000000000 ) ) ;
#1320 = ORIENTED_EDGE ( 'NONE', *, *, #222, .F. ) ;
#1321 = EDGE_CURVE ( 'NONE', #276, #528, #1190, .T. ) ;
#1322 = AXIS2_PLACEMENT_3D ( 'NONE', #485, #40, #826 ) ;
#1323 = CARTESIAN_POINT ( 'NONE',  ( 0.000000000000000000, 0.000000000000000000, -7.080000000000000071 ) ) ;
#1324 = DIRECTION ( 'NONE',  ( 1.000000000000000000, 0.000000000000000000, 0.000000000000000000 ) ) ;
#1325 = DIRECTION ( 'NONE',  ( 1.000000000000000000, 0.000000000000000000, 0.000000000000000000 ) ) ;
#1326 = EDGE_CURVE ( 'NONE', #728, #1890, #2046, .T. ) ;
#1327 = ADVANCED_FACE ( 'NONE', ( #438 ), #1585, .T. ) ;
#1328 = CARTESIAN_POINT ( 'NONE',  ( 29.79999999999999716, 0.000000000000000000, -8.700000000000001066 ) ) ;
#1329 = LINE ( 'NONE', #1980, #1018 ) ;
#1330 = ORIENTED_EDGE ( 'NONE', *, *, #1819, .F. ) ;
#1331 = APPROVAL_STATUS ( 'not_yet_approved' ) ;
#1332 = AXIS2_PLACEMENT_3D ( 'NONE', #498, #983, #1135 ) ;
#1333 = CARTESIAN_POINT ( 'NONE',  ( 23.50000000000000000, 9.500000000000000000, 0.000000000000000000 ) ) ;
#1334 = ORIENTED_EDGE ( 'NONE', *, *, #1648, .T. ) ;
#1335 = ORIENTED_EDGE ( 'NONE', *, *, #684, .F. ) ;
#1336 = CIRCLE ( 'NONE', #412, 3.000000000000002665 ) ;
#1337 = CARTESIAN_POINT ( 'NONE',  ( 113.9000000000000057, 0.000000000000000000, 0.000000000000000000 ) ) ;
#1338 = CARTESIAN_POINT ( 'NONE',  ( 23.50000000000000000, 4.000000000000000000, 0.000000000000000000 ) ) ;
#1339 = CIRCLE ( 'NONE', #859, 10.10000000000130171 ) ;
#1340 = DIRECTION ( 'NONE',  ( -1.000000000000000000, 0.000000000000000000, 0.000000000000000000 ) ) ;
#1341 = CARTESIAN_POINT ( 'NONE',  ( 142.0000000000000284, -3.605551275463990013, 6.000000000000000000 ) ) ;
#1342 = VERTEX_POINT ( 'NONE', #771 ) ;
#1343 = DIRECTION ( 'NONE',  ( 0.000000000000000000, 0.000000000000000000, -1.000000000000000000 ) ) ;
#1344 = DIRECTION ( 'NONE',  ( 1.000000000000000000, 0.000000000000000000, 0.000000000000000000 ) ) ;
#1345 = ORIENTED_EDGE ( 'NONE', *, *, #817, .F. ) ;
#1346 = EDGE_LOOP ( 'NONE', ( #1320, #8 ) ) ;
#1347 = DESIGN_CONTEXT ( 'detailed design', #862, 'design' ) ;
#1348 = ORIENTED_EDGE ( 'NONE', *, *, #588, .F. ) ;
#1349 = LINE ( 'NONE', #1688, #1408 ) ;
#1350 = DIRECTION ( 'NONE',  ( 1.000000000000000000, 0.000000000000000000, 0.000000000000000000 ) ) ;
#1351 = CARTESIAN_POINT ( 'NONE',  ( 16.40000000000000568, 0.000000000000000000, 0.000000000000000000 ) ) ;
#1352 = LINE ( 'NONE', #2003, #928 ) ;
#1353 = EDGE_LOOP ( 'NONE', ( #464, #731, #1612, #694 ) ) ;
#1354 = FACE_OUTER_BOUND ( 'NONE', #59, .T. ) ;
#1355 = VERTEX_POINT ( 'NONE', #268 ) ;
#1356 = ORIENTED_EDGE ( 'NONE', *, *, #1703, .F. ) ;
#1357 = ADVANCED_FACE ( 'NONE', ( #257, #596 ), #1427, .F. ) ;
#1358 = CARTESIAN_POINT ( 'NONE',  ( 113.5000000000000000, 0.000000000000000000, -10.10000018951301648 ) ) ;
#1359 = CARTESIAN_POINT ( 'NONE',  ( 118.4999997281134227, 9.601462373749271251, -4.250091791629742488 ) ) ;
#1360 = CARTESIAN_POINT ( 'NONE',  ( 29.79999999999999716, 0.000000000000000000, 0.000000000000000000 ) ) ;
#1361 = DIRECTION ( 'NONE',  ( 0.000000000000000000, 0.000000000000000000, 1.000000000000000000 ) ) ;
#1362 = ORIENTED_EDGE ( 'NONE', *, *, #316, .F. ) ;
#1363 = PERSON_AND_ORGANIZATION_ROLE ( 'creator' ) ;
#1364 = EDGE_CURVE ( 'NONE', #790, #758, #1095, .T. ) ;
#1365 = DIRECTION ( 'NONE',  ( 0.000000000000000000, -1.000000000000000000, 0.000000000000000000 ) ) ;
#1366 = ORIENTED_EDGE ( 'NONE', *, *, #1859, .F. ) ;
#1367 = AXIS2_PLACEMENT_3D ( 'NONE', #706, #1365, #895 ) ;
#1368 = AXIS2_PLACEMENT_3D ( 'NONE', #1862, #200, #392 ) ;
#1369 = DIRECTION ( 'NONE',  ( 1.000000000000000000, 0.000000000000000000, 0.000000000000000000 ) ) ;
#1370 = DIRECTION ( 'NONE',  ( 0.000000000000000000, 1.000000000000000000, -1.224646799147353207E-16 ) ) ;
#1371 = AXIS2_PLACEMENT_3D ( 'NONE', #1118, #123, #1615 ) ;
#1372 = CARTESIAN_POINT ( 'NONE',  ( 126.0000000000000000, 0.000000000000000000, 0.000000000000000000 ) ) ;
#1373 = AXIS2_PLACEMENT_3D ( 'NONE', #563, #229, #1211 ) ;
#1374 = CARTESIAN_POINT ( 'NONE',  ( 112.1999999999999886, 0.000000000000000000, 0.000000000000000000 ) ) ;
#1375 = EDGE_LOOP ( 'NONE', ( #286, #1005, #934, #755, #1937, #1420 ) ) ;
#1376 = ADVANCED_FACE ( 'NONE', ( #1416 ), #288, .T. ) ;
#1377 = FACE_OUTER_BOUND ( 'NONE', #1493, .T. ) ;
#1378 = ORIENTED_EDGE ( 'NONE', *, *, #841, .T. ) ;
#1379 = CARTESIAN_POINT ( 'NONE',  ( 16.08659269320925489, 4.114312086537117885, -9.500195372818236450 ) ) ;
#1380 = DIRECTION ( 'NONE',  ( 1.000000000000000000, -0.000000000000000000, -0.000000000000000000 ) ) ;
#1381 = DIRECTION ( 'NONE',  ( 1.000000000000000000, 0.000000000000000000, 0.000000000000000000 ) ) ;
#1382 = CARTESIAN_POINT ( 'NONE',  ( 23.49999999999984723, 0.7823937498689185199, -10.49999999999984546 ) ) ;
#1383 = CARTESIAN_POINT ( 'NONE',  ( 23.50000000000000000, 4.000000000000000000, 2.066999999999999726 ) ) ;
#1384 = EDGE_LOOP ( 'NONE', ( #262, #1039, #1982, #1621 ) ) ;
#1385 = CARTESIAN_POINT ( 'NONE',  ( 36.00000000000000711, 9.797174393178825657E-16, 8.000000000000000000 ) ) ;
#1386 = ORIENTED_EDGE ( 'NONE', *, *, #1864, .F. ) ;
#1387 = EDGE_CURVE ( 'NONE', #626, #1088, #1916, .T. ) ;
#1388 = ORIENTED_EDGE ( 'NONE', *, *, #178, .T. ) ;
#1389 = DIRECTION ( 'NONE',  ( 1.000000000000000000, 0.000000000000000000, 0.000000000000000000 ) ) ;
#1390 = CARTESIAN_POINT ( 'NONE',  ( 126.0000000000000000, 9.797174393178825657E-16, 8.000000000000000000 ) ) ;
#1391 = VECTOR ( 'NONE', #1108, 1000.000000000000000 ) ;
#1392 = CARTESIAN_POINT ( 'NONE',  ( 16.00000000000000000, 3.429285639896449744, -9.500000000000000000 ) ) ;
#1393 = EDGE_CURVE ( 'NONE', #1891, #2076, #955, .T. ) ;
#1394 = VECTOR ( 'NONE', #1532, 1000.000000000000000 ) ;
#1395 = CARTESIAN_POINT ( 'NONE',  ( 126.0000000000000000, 1.261386214352783866E-15, 10.10000018341631112 ) ) ;
#1396 = ORIENTED_EDGE ( 'NONE', *, *, #1185, .T. ) ;
#1397 = DIRECTION ( 'NONE',  ( 0.000000000000000000, -1.000000000000000000, 0.000000000000000000 ) ) ;
#1398 = LINE ( 'NONE', #2005, #190 ) ;
#1399 = EDGE_LOOP ( 'NONE', ( #83, #224 ) ) ;
#1400 = ORIENTED_EDGE ( 'NONE', *, *, #285, .F. ) ;
#1401 = AXIS2_PLACEMENT_3D ( 'NONE', #1123, #1284, #1775 ) ;
#1402 = CARTESIAN_POINT ( 'NONE',  ( 16.00000000000000000, -3.429285639896448856, -9.500000000000000000 ) ) ;
#1403 = VECTOR ( 'NONE', #1162, 1000.000000000000000 ) ;
#1404 = CARTESIAN_POINT ( 'NONE',  ( 16.11915784036942512, -4.211765470372912823, -9.500003408915436154 ) ) ;
#1405 = CIRCLE ( 'NONE', #169, 8.000000000000000000 ) ;
#1406 = FACE_OUTER_BOUND ( 'NONE', #1926, .T. ) ;
#1407 = DIRECTION ( 'NONE',  ( 0.000000000000000000, -1.000000000000000000, 0.000000000000000000 ) ) ;
#1408 = VECTOR ( 'NONE', #197, 1000.000000000000000 ) ;
#1409 = ORIENTED_EDGE ( 'NONE', *, *, #792, .T. ) ;
#1410 = CARTESIAN_POINT ( 'NONE',  ( 128.0000000000000000, 5.061867244406950128, 6.000000000000000000 ) ) ;
#1411 = EDGE_LOOP ( 'NONE', ( #1524, #11, #884, #815 ) ) ;
#1412 = CARTESIAN_POINT ( 'NONE',  ( 23.50000000000001066, 2.142058214050694694E-12, -10.50000000000000000 ) ) ;
#1413 = EDGE_LOOP ( 'NONE', ( #581, #195, #1175, #478 ) ) ;
#1414 = CARTESIAN_POINT ( 'NONE',  ( 16.00000000000000000, 0.000000000000000000, 0.000000000000000000 ) ) ;
#1415 = DIRECTION ( 'NONE',  ( 1.000000000000000000, 0.000000000000000000, 0.000000000000000000 ) ) ;
#1416 = FACE_OUTER_BOUND ( 'NONE', #1375, .T. ) ;
#1417 = CYLINDRICAL_SURFACE ( 'NONE', #199, 8.699999999999999289 ) ;
#1418 = EDGE_CURVE ( 'NONE', #1479, #1987, #141, .T. ) ;
#1419 = ORIENTED_EDGE ( 'NONE', *, *, #1209, .F. ) ;
#1420 = ORIENTED_EDGE ( 'NONE', *, *, #562, .T. ) ;
#1421 = ADVANCED_FACE ( 'NONE', ( #459 ), #890, .T. ) ;
#1422 = CARTESIAN_POINT ( 'NONE',  ( 23.16265404474081890, 2.668274242288958487, 10.16265404474082068 ) ) ;
#1423 = ORIENTED_EDGE ( 'NONE', *, *, #122, .T. ) ;
#1424 = PLANE ( 'NONE',  #170 ) ;
#1425 = CARTESIAN_POINT ( 'NONE',  ( 36.00000000000000711, 3.000000000000000000, 0.000000000000000000 ) ) ;
#1426 = CC_DESIGN_PERSON_AND_ORGANIZATION_ASSIGNMENT ( #16, #1640, ( #1491 ) ) ;
#1427 = PLANE ( 'NONE',  #1743 ) ;
#1428 = FACE_BOUND ( 'NONE', #15, .T. ) ;
#1429 = VERTEX_POINT ( 'NONE', #1449 ) ;
#1430 = AXIS2_PLACEMENT_3D ( 'NONE', #1285, #473, #1461 ) ;
#1431 = CIRCLE ( 'NONE', #361, 8.000000000000000000 ) ;
#1432 = EDGE_CURVE ( 'NONE', #1945, #715, #1405, .T. ) ;
#1433 = EDGE_LOOP ( 'NONE', ( #529, #1903, #865, #163 ) ) ;
#1434 = LINE ( 'NONE', #613, #930 ) ;
#1435 = ORIENTED_EDGE ( 'NONE', *, *, #437, .F. ) ;
#1436 = DIRECTION ( 'NONE',  ( 1.000000000000000000, 0.000000000000000000, 0.000000000000000000 ) ) ;
#1437 = FACE_BOUND ( 'NONE', #686, .T. ) ;
#1438 = DIRECTION ( 'NONE',  ( 0.000000000000000000, 1.000000000000000000, 0.000000000000000000 ) ) ;
#1439 = VECTOR ( 'NONE', #311, 1000.000000000000000 ) ;
#1440 = DIRECTION ( 'NONE',  ( 1.000000000000000000, 0.000000000000000000, 0.000000000000000000 ) ) ;
#1441 = VECTOR ( 'NONE', #231, 1000.000000000000000 ) ;
#1442 = LINE ( 'NONE', #144, #601 ) ;
#1443 = VECTOR ( 'NONE', #1603, 1000.000000000000000 ) ;
#1444 = ORIENTED_EDGE ( 'NONE', *, *, #132, .F. ) ;
#1445 = ADVANCED_FACE ( 'NONE', ( #747, #1406 ), #1818, .F. ) ;
#1446 = CARTESIAN_POINT ( 'NONE',  ( 141.0000000000000000, -5.291502622129179656, 6.000000000000000000 ) ) ;
#1447 = ORIENTED_EDGE ( 'NONE', *, *, #633, .T. ) ;
#1448 = CARTESIAN_POINT ( 'NONE',  ( 138.0000000000000000, 3.673940397442059868E-16, -6.000000000000000000 ) ) ;
#1449 = CARTESIAN_POINT ( 'NONE',  ( 22.50000000000000000, -4.472135954999579610, 9.500000000000000000 ) ) ;
#1450 = CARTESIAN_POINT ( 'NONE',  ( 16.40000000000000213, 4.472135954999729712, -9.500000000000000000 ) ) ;
#1451 = PLANE ( 'NONE',  #466 ) ;
#1452 = CC_DESIGN_PERSON_AND_ORGANIZATION_ASSIGNMENT ( #1102, #329, ( #1984 ) ) ;
#1453 = ORIENTED_EDGE ( 'NONE', *, *, #233, .T. ) ;
#1454 = FACE_OUTER_BOUND ( 'NONE', #1515, .T. ) ;
#1455 = VERTEX_POINT ( 'NONE', #1966 ) ;
#1456 = ADVANCED_FACE ( 'NONE', ( #325 ), #993, .T. ) ;
#1457 = DIRECTION ( 'NONE',  ( 1.000000000000000000, -0.000000000000000000, -0.000000000000000000 ) ) ;
#1458 = ADVANCED_FACE ( 'NONE', ( #801 ), #1633, .T. ) ;
#1459 = DIRECTION ( 'NONE',  ( 0.000000000000000000, 0.000000000000000000, -1.000000000000000000 ) ) ;
#1460 = CARTESIAN_POINT ( 'NONE',  ( 19.79300097659620761, 10.29038759073797493, 2.152003747455141003 ) ) ;
#1461 = DIRECTION ( 'NONE',  ( 0.000000000000000000, 0.4259177099999716387, -0.9047619047618992161 ) ) ;
#1462 = EDGE_LOOP ( 'NONE', ( #610, #600, #363, #252 ) ) ;
#1463 = AXIS2_PLACEMENT_3D ( 'NONE', #977, #162, #1996 ) ;
#1464 = ORIENTED_EDGE ( 'NONE', *, *, #1364, .F. ) ;
#1465 = DIRECTION ( 'NONE',  ( 0.000000000000000000, 0.000000000000000000, -1.000000000000000000 ) ) ;
#1466 = DIRECTION ( 'NONE',  ( -1.000000000000000000, 0.000000000000000000, 0.000000000000000000 ) ) ;
#1467 = DIRECTION ( 'NONE',  ( 0.000000000000000000, -1.000000000000000000, 0.000000000000000000 ) ) ;
#1468 = AXIS2_PLACEMENT_3D ( 'NONE', #234, #524, #1026 ) ;
#1469 = VECTOR ( 'NONE', #1683, 1000.000000000000000 ) ;
#1470 = EDGE_LOOP ( 'NONE', ( #1409, #209, #1101, #959 ) ) ;
#1471 = AXIS2_PLACEMENT_3D ( 'NONE', #2101, #1256, #1944 ) ;
#1472 = DIRECTION ( 'NONE',  ( 0.000000000000000000, -1.000000000000000000, 0.000000000000000000 ) ) ;
#1473 = CIRCLE ( 'NONE', #1885, 10.50000000000000000 ) ;
#1474 = EDGE_LOOP ( 'NONE', ( #1865, #644, #571, #624 ) ) ;
#1475 = CARTESIAN_POINT ( 'NONE',  ( 112.1999999999999886, 0.000000000000000000, 8.699999999999999289 ) ) ;
#1476 = FACE_OUTER_BOUND ( 'NONE', #1278, .T. ) ;
#1477 = CARTESIAN_POINT ( 'NONE',  ( 20.10751522348927267, 10.17635368850306143, 2.618522073553103180 ) ) ;
#1478 = EDGE_CURVE ( 'NONE', #920, #1239, #1336, .T. ) ;
#1479 = VERTEX_POINT ( 'NONE', #821 ) ;
#1480 = DIRECTION ( 'NONE',  ( 1.000000000000000000, 0.000000000000000000, 0.000000000000000000 ) ) ;
#1481 = ORIENTED_EDGE ( 'NONE', *, *, #1863, .T. ) ;
#1482 = EDGE_CURVE ( 'NONE', #1911, #1238, #1302, .T. ) ;
#1483 = EDGE_CURVE ( 'NONE', #1239, #920, #1504, .T. ) ;
#1484 = DIRECTION ( 'NONE',  ( 0.000000000000000000, 0.000000000000000000, 1.000000000000000000 ) ) ;
#1485 = CARTESIAN_POINT ( 'NONE',  ( 22.80380146554374576, -3.764648426445747820, -9.803801465543743987 ) ) ;
#1486 = ORIENTED_EDGE ( 'NONE', *, *, #1673, .F. ) ;
#1487 = CALENDAR_DATE ( 2026, 5, 8 ) ;
#1488 = CARTESIAN_POINT ( 'NONE',  ( 28.50000000000000000, 0.000000000000000000, -10.09999996277821133 ) ) ;
#1489 = ADVANCED_FACE ( 'NONE', ( #1476 ), #1150, .F. ) ;
#1490 = ORIENTED_EDGE ( 'NONE', *, *, #157, .T. ) ;
#1491 = PRODUCT ( '16MA 50 Body_Default_sldprt', '16MA 50 Body_Default_sldprt', '', ( #2091 ) ) ;
#1492 = B_SPLINE_CURVE_WITH_KNOTS ( 'NONE', 3,
 ( #868, #1519, #45, #37, #545, #691, #1485, #1994, #1179, #14 ),
 .UNSPECIFIED., .F., .F.,
 ( 4, 2, 2, 2, 4 ),
 ( 6.283185307179385504, 6.503173286292966537, 6.613167275849756166, 6.668164270628151868, 6.723161265406546683 ),
 .UNSPECIFIED. ) ;
#1493 = EDGE_LOOP ( 'NONE', ( #90, #1671 ) ) ;
#1494 = AXIS2_PLACEMENT_3D ( 'NONE', #685, #322, #696 ) ;
#1495 = CARTESIAN_POINT ( 'NONE',  ( 142.0000000000000284, 3.605551275463990013, -6.000000000000000000 ) ) ;
#1496 = DIRECTION ( 'NONE',  ( 0.000000000000000000, 0.000000000000000000, -1.000000000000000000 ) ) ;
#1497 = DIRECTION ( 'NONE',  ( 0.000000000000000000, 0.000000000000000000, -1.000000000000000000 ) ) ;
#1498 = AXIS2_PLACEMENT_3D ( 'NONE', #221, #57, #669 ) ;
#1499 = EDGE_LOOP ( 'NONE', ( #1913, #490, #743 ) ) ;
#1500 = CIRCLE ( 'NONE', #201, 8.699999999999999289 ) ;
#1501 = DIRECTION ( 'NONE',  ( 0.000000000000000000, 0.000000000000000000, -1.000000000000000000 ) ) ;
#1502 = CARTESIAN_POINT ( 'NONE',  ( 126.0000000000000000, 0.000000000000000000, 0.000000000000000000 ) ) ;
#1503 = ORIENTED_EDGE ( 'NONE', *, *, #1387, .T. ) ;
#1504 = CIRCLE ( 'NONE', #1676, 3.000000000000002665 ) ;
#1505 = ORIENTED_EDGE ( 'NONE', *, *, #1103, .T. ) ;
#1506 = AXIS2_PLACEMENT_3D ( 'NONE', #2069, #591, #1089 ) ;
#1507 = CARTESIAN_POINT ( 'NONE',  ( 16.40000000000000213, 4.472135954999575169, 9.500000000000000000 ) ) ;
#1508 = DIRECTION ( 'NONE',  ( 0.000000000000000000, -1.000000000000000000, 0.000000000000000000 ) ) ;
#1509 = CARTESIAN_POINT ( 'NONE',  ( 28.50000000000000000, 1.261386200842596795E-15, 10.09999996277821133 ) ) ;
#1510 = DIRECTION ( 'NONE',  ( -1.000000000000000000, 0.000000000000000000, 0.000000000000000000 ) ) ;
#1511 = DIRECTION ( 'NONE',  ( -1.000000000000000000, 0.000000000000000000, 0.000000000000000000 ) ) ;
#1512 = ORIENTED_EDGE ( 'NONE', *, *, #1259, .F. ) ;
#1513 = EDGE_CURVE ( 'NONE', #1972, #1653, #1977, .T. ) ;
#1514 = FACE_OUTER_BOUND ( 'NONE', #1999, .T. ) ;
#1515 = EDGE_LOOP ( 'NONE', ( #2100, #2004 ) ) ;
#1516 = ADVANCED_FACE ( 'NONE', ( #176 ), #63, .T. ) ;
#1517 = CARTESIAN_POINT ( 'NONE',  ( 126.0000000000000000, 5.061867244406950128, -6.000000000000000000 ) ) ;
#1518 = CARTESIAN_POINT ( 'NONE',  ( 119.0618445497725730, 9.601890812200879921, -4.250000022127304433 ) ) ;
#1519 = CARTESIAN_POINT ( 'NONE',  ( 23.50000000000015632, -0.7823937498646165167, -10.50000000000015810 ) ) ;
#1520 = EDGE_CURVE ( 'NONE', #19, #48, #795, .T. ) ;
#1521 = CARTESIAN_POINT ( 'NONE',  ( 23.49999999999953104, -0.7823937498725556106, 10.49999999999953637 ) ) ;
#1522 = ORIENTED_EDGE ( 'NONE', *, *, #1136, .T. ) ;
#1523 = CARTESIAN_POINT ( 'NONE',  ( 118.5000000000000142, 9.500000000000000000, -2.066999999999999726 ) ) ;
#1524 = ORIENTED_EDGE ( 'NONE', *, *, #2094, .F. ) ;
#1525 = VERTEX_POINT ( 'NONE', #149 ) ;
#1526 = DIRECTION ( 'NONE',  ( 0.000000000000000000, 0.000000000000000000, -1.000000000000000000 ) ) ;
#1527 = CARTESIAN_POINT ( 'NONE',  ( 122.6354166603251343, 10.45231942312835471, -1.127298390905679959 ) ) ;
#1528 = FACE_OUTER_BOUND ( 'NONE', #730, .T. ) ;
#1529 = CIRCLE ( 'NONE', #1087, 10.10000000000130171 ) ;
#1530 = ORIENTED_EDGE ( 'NONE', *, *, #1075, .T. ) ;
#1531 = PERSON_AND_ORGANIZATION ( #1784, #1611 ) ;
#1532 = DIRECTION ( 'NONE',  ( 0.000000000000000000, -1.000000000000000000, 0.000000000000000000 ) ) ;
#1533 = ORIENTED_EDGE ( 'NONE', *, *, #1134, .T. ) ;
#1534 = CIRCLE ( 'NONE', #611, 3.000000000000000000 ) ;
#1535 = DIRECTION ( 'NONE',  ( 0.000000000000000000, 0.6614378277661476790, -0.7500000000000001110 ) ) ;
#1536 = DIRECTION ( 'NONE',  ( 1.000000000000000000, 0.000000000000000000, 0.000000000000000000 ) ) ;
#1537 = CIRCLE ( 'NONE', #614, 8.000000000000000000 ) ;
#1538 = DIRECTION ( 'NONE',  ( 1.000000000000000000, 0.000000000000000000, 0.000000000000000000 ) ) ;
#1539 = VECTOR ( 'NONE', #593, 1000.000000000000000 ) ;
#1540 = CARTESIAN_POINT ( 'NONE',  ( 23.16265404473805845, 2.668274242299558008, -10.16265404473805134 ) ) ;
#1541 = APPROVAL_PERSON_ORGANIZATION ( #49, #349, #1028 ) ;
#1542 = ORIENTED_EDGE ( 'NONE', *, *, #88, .T. ) ;
#1543 = PERSON_AND_ORGANIZATION ( #1784, #1611 ) ;
#1544 = EDGE_CURVE ( 'NONE', #430, #1008, #445, .T. ) ;
#1545 = DIRECTION ( 'NONE',  ( 0.000000000000000000, -0.5150787536377128273, 0.8571428571428570953 ) ) ;
#1546 = ORIENTED_EDGE ( 'NONE', *, *, #1136, .F. ) ;
#1547 = ADVANCED_FACE ( 'NONE', ( #1624 ), #1948, .T. ) ;
#1548 = ORIENTED_EDGE ( 'NONE', *, *, #84, .F. ) ;
#1549 = CARTESIAN_POINT ( 'NONE',  ( 112.5000000000000000, 0.000000000000000000, 0.000000000000000000 ) ) ;
#1550 = CARTESIAN_POINT ( 'NONE',  ( 121.8957888518095558, 10.17747892964493239, 2.614273759394053265 ) ) ;
#1551 = CARTESIAN_POINT ( 'NONE',  ( 126.0000000000000000, -5.061867244406951905, -6.000000000000000000 ) ) ;
#1552 = CARTESIAN_POINT ( 'NONE',  ( 118.5000000000000142, 4.000000000000000000, 0.000000000000000000 ) ) ;
#1553 = FACE_OUTER_BOUND ( 'NONE', #484, .T. ) ;
#1554 = CARTESIAN_POINT ( 'NONE',  ( 25.64648153914278694, 9.825633599187117539, -3.709837586315008817 ) ) ;
#1555 = CARTESIAN_POINT ( 'NONE',  ( 120.5669999999999931, 4.000000000000000000, 0.000000000000000000 ) ) ;
#1556 = ORIENTED_EDGE ( 'NONE', *, *, #1805, .F. ) ;
#1557 = VERTEX_POINT ( 'NONE', #808 ) ;
#1558 = CARTESIAN_POINT ( 'NONE',  ( 16.02445707260917729, 3.832121651536799067, -9.498915299744828289 ) ) ;
#1559 = CYLINDRICAL_SURFACE ( 'NONE', #647, 3.000000000000002665 ) ;
#1560 = AXIS2_PLACEMENT_3D ( 'NONE', #313, #1933, #1011 ) ;
#1561 = DIRECTION ( 'NONE',  ( 1.000000000000000000, 0.000000000000000000, 0.000000000000000000 ) ) ;
#1562 = CIRCLE ( 'NONE', #1765, 7.000000000000001776 ) ;
#1563 = DIRECTION ( 'NONE',  ( 1.000000000000000000, 0.000000000000000000, 0.000000000000000000 ) ) ;
#1564 = ORIENTED_EDGE ( 'NONE', *, *, #1075, .F. ) ;
#1565 = CARTESIAN_POINT ( 'NONE',  ( 27.75012956133911501, 10.50005390666154703, 0.1367915505650354746 ) ) ;
#1566 = CARTESIAN_POINT ( 'NONE',  ( 125.5999999999999943, 0.000000000000000000, 0.000000000000000000 ) ) ;
#1567 = ORIENTED_EDGE ( 'NONE', *, *, #588, .T. ) ;
#1568 = FACE_OUTER_BOUND ( 'NONE', #1727, .T. ) ;
#1569 = ORIENTED_EDGE ( 'NONE', *, *, #2065, .T. ) ;
#1570 = VECTOR ( 'NONE', #1251, 1000.000000000000000 ) ;
#1571 = PLANE ( 'NONE',  #481 ) ;
#1572 = EDGE_CURVE ( 'NONE', #4, #378, #2120, .T. ) ;
#1573 = AXIS2_PLACEMENT_3D ( 'NONE', #734, #280, #1249 ) ;
#1574 = CARTESIAN_POINT ( 'NONE',  ( 16.30185656234460367, -4.448478584730251484, 9.499995204510758740 ) ) ;
#1575 = B_SPLINE_CURVE_WITH_KNOTS ( 'NONE', 3,
 ( #2035, #1871, #94, #746, #924, #245, #1404, #2060, #1226, #1884, #725, #2072 ),
 .UNSPECIFIED., .F., .F.,
 ( 4, 2, 2, 2, 2, 4 ),
 ( 4.387626035828295912, 4.689889086478491009, 4.992152137128686107, 5.294415187778882981, 5.445546713103984970, 5.596678238429086072 ),
 .UNSPECIFIED. ) ;
#1576 = CARTESIAN_POINT ( 'NONE',  ( 16.34977832264626585, 4.472135960057069148, 9.499999999998768985 ) ) ;
#1577 = DIRECTION ( 'NONE',  ( 0.000000000000000000, 0.000000000000000000, -1.000000000000000000 ) ) ;
#1578 = VECTOR ( 'NONE', #1149, 1000.000000000000114 ) ;
#1579 = LINE ( 'NONE', #1217, #839 ) ;
#1580 = VERTEX_POINT ( 'NONE', #788 ) ;
#1581 = ADVANCED_FACE ( 'NONE', ( #1912 ), #1022, .T. ) ;
#1582 = EDGE_LOOP ( 'NONE', ( #1589, #843 ) ) ;
#1583 = CARTESIAN_POINT ( 'NONE',  ( 118.4999997281134227, 9.601462373749271251, -4.250091791629742488 ) ) ;
#1584 = FACE_OUTER_BOUND ( 'NONE', #970, .T. ) ;
#1585 = CYLINDRICAL_SURFACE ( 'NONE', #2054, 8.000000000000000000 ) ;
#1586 = CARTESIAN_POINT ( 'NONE',  ( 23.49999972811342275, 9.601462373749269474, -4.250091791629743376 ) ) ;
#1587 = EDGE_CURVE ( 'NONE', #1355, #218, #579, .T. ) ;
#1588 = CARTESIAN_POINT ( 'NONE',  ( 0.000000000000000000, 0.000000000000000000, 0.000000000000000000 ) ) ;
#1589 = ORIENTED_EDGE ( 'NONE', *, *, #157, .F. ) ;
#1590 = DIRECTION ( 'NONE',  ( 0.000000000000000000, 0.000000000000000000, -1.000000000000000000 ) ) ;
#1591 = EDGE_LOOP ( 'NONE', ( #1348, #1788 ) ) ;
#1592 = CARTESIAN_POINT ( 'NONE',  ( 28.50000000000000000, 0.000000000000000000, 0.000000000000000000 ) ) ;
#1593 = CARTESIAN_POINT ( 'NONE',  ( 117.3762436616199523, 9.653690712078095260, -4.136366326303860141 ) ) ;
#1594 = DIRECTION ( 'NONE',  ( 0.000000000000000000, -1.000000000000000000, 0.000000000000000000 ) ) ;
#1595 = CARTESIAN_POINT ( 'NONE',  ( 20.88331004600324903, 9.944717343454863467, -3.393871007930852723 ) ) ;
#1596 = ADVANCED_FACE ( 'NONE', ( #1270 ), #2018, .T. ) ;
#1597 = DIRECTION ( 'NONE',  ( 1.000000000000000000, 0.000000000000000000, 0.000000000000000000 ) ) ;
#1598 = VECTOR ( 'NONE', #1747, 1000.000000000000000 ) ;
#1599 = CIRCLE ( 'NONE', #1051, 8.699999999999999289 ) ;
#1600 = ORIENTED_EDGE ( 'NONE', *, *, #1004, .F. ) ;
#1601 = DIRECTION ( 'NONE',  ( 1.000000000000000000, 0.000000000000000000, 0.000000000000000000 ) ) ;
#1602 = ORIENTED_EDGE ( 'NONE', *, *, #250, .F. ) ;
#1603 = DIRECTION ( 'NONE',  ( 0.000000000000000000, -1.000000000000000000, 0.000000000000000000 ) ) ;
#1604 = CARTESIAN_POINT ( 'NONE',  ( 118.5000000000000142, 9.500000000000000000, 0.000000000000000000 ) ) ;
#1605 = AXIS2_PLACEMENT_3D ( 'NONE', #1762, #621, #299 ) ;
#1606 = ADVANCED_FACE ( 'NONE', ( #2088 ), #1246, .T. ) ;
#1607 = CARTESIAN_POINT ( 'NONE',  ( 22.50000000000000000, 4.472135954999590268, 9.500000000000000000 ) ) ;
#1608 = CARTESIAN_POINT ( 'NONE',  ( 118.4999997598718835, 9.601478461253854846, 4.250122191714249986 ) ) ;
#1609 = AXIS2_PLACEMENT_3D ( 'NONE', #2111, #641, #1294 ) ;
#1610 = ADVANCED_FACE ( 'NONE', ( #1768 ), #135, .F. ) ;
#1611 = ORGANIZATION ( '未', '未', '' ) ;
#1612 = ORIENTED_EDGE ( 'NONE', *, *, #1701, .T. ) ;
#1613 = EDGE_CURVE ( 'NONE', #897, #1997, #1434, .T. ) ;
#1614 = MANIFOLD_SOLID_BREP ( '16MA 50 Body', #740 ) ;
#1615 = DIRECTION ( 'NONE',  ( 0.000000000000000000, 0.000000000000000000, -1.000000000000000000 ) ) ;
#1616 = ORIENTED_EDGE ( 'NONE', *, *, #1704, .T. ) ;
#1617 = CARTESIAN_POINT ( 'NONE',  ( 114.7916190804565701, 10.29074678219931727, -2.149210709232293404 ) ) ;
#1618 = DIRECTION ( 'NONE',  ( 0.000000000000000000, 0.000000000000000000, -1.000000000000000000 ) ) ;
#1619 = CARTESIAN_POINT ( 'NONE',  ( 28.10000000000130171, 0.000000000000000000, -10.10000000000129994 ) ) ;
#1620 = CARTESIAN_POINT ( 'NONE',  ( 23.50000000000000000, 21.00000000000000000, 10.50000000000000000 ) ) ;
#1621 = ORIENTED_EDGE ( 'NONE', *, *, #1037, .T. ) ;
#1622 = VERTEX_POINT ( 'NONE', #146 ) ;
#1623 = DIRECTION ( 'NONE',  ( -0.5144957554275368938, 0.000000000000000000, 0.8574929257125379900 ) ) ;
#1624 = FACE_OUTER_BOUND ( 'NONE', #1815, .T. ) ;
#1625 = CARTESIAN_POINT ( 'NONE',  ( 141.0000000000000000, 5.291502622129179656, -6.000000000000000000 ) ) ;
#1626 = ORIENTED_EDGE ( 'NONE', *, *, #1863, .F. ) ;
#1627 = PERSON_AND_ORGANIZATION ( #1784, #1611 ) ;
#1628 = CIRCLE ( 'NONE', #1463, 8.000000000000000000 ) ;
#1629 = PLANE ( 'NONE',  #704 ) ;
#1630 = CYLINDRICAL_SURFACE ( 'NONE', #1229, 8.699999999999999289 ) ;
#1631 = EDGE_LOOP ( 'NONE', ( #738, #988 ) ) ;
#1632 = CARTESIAN_POINT ( 'NONE',  ( 23.50000000000000000, 4.000000000000000000, -2.066999999999999726 ) ) ;
#1633 = CYLINDRICAL_SURFACE ( 'NONE', #140, 7.849999999999999645 ) ;
#1634 = ADVANCED_FACE ( 'NONE', ( #1110, #1454 ), #2108, .F. ) ;
#1635 = FACE_OUTER_BOUND ( 'NONE', #1433, .T. ) ;
#1636 = AXIS2_PLACEMENT_3D ( 'NONE', #1733, #1755, #110 ) ;
#1637 = CIRCLE ( 'NONE', #1708, 3.000000000000000000 ) ;
#1638 = EDGE_CURVE ( 'NONE', #1750, #1943, #681, .T. ) ;
#1639 = ORIENTED_EDGE ( 'NONE', *, *, #500, .T. ) ;
#1640 = PERSON_AND_ORGANIZATION_ROLE ( 'design_owner' ) ;
#1641 = AXIS2_PLACEMENT_3D ( 'NONE', #1289, #1601, #432 ) ;
#1642 = DIRECTION ( 'NONE',  ( 0.000000000000000000, 0.000000000000000000, -1.000000000000000000 ) ) ;
#1643 = VERTEX_POINT ( 'NONE', #1446 ) ;
#1644 = EDGE_CURVE ( 'NONE', #1088, #626, #1983, .T. ) ;
#1645 = PLANE ( 'NONE',  #1848 ) ;
#1646 = DIRECTION ( 'NONE',  ( 0.000000000000000000, -1.000000000000000000, 0.000000000000000000 ) ) ;
#1647 = DIRECTION ( 'NONE',  ( 0.000000000000000000, 0.000000000000000000, -1.000000000000000000 ) ) ;
#1648 = EDGE_CURVE ( 'NONE', #929, #671, #1279, .T. ) ;
#1649 = VERTEX_POINT ( 'NONE', #1935 ) ;
#1650 = DIRECTION ( 'NONE',  ( 1.000000000000000000, 0.000000000000000000, 0.000000000000000000 ) ) ;
#1651 = DIRECTION ( 'NONE',  ( 1.000000000000000000, 0.000000000000000000, 0.000000000000000000 ) ) ;
#1652 = ORIENTED_EDGE ( 'NONE', *, *, #665, .F. ) ;
#1653 = VERTEX_POINT ( 'NONE', #1129 ) ;
#1654 = CYLINDRICAL_SURFACE ( 'NONE', #2020, 10.50000000000000000 ) ;
#1655 = PLANE ( 'NONE',  #359 ) ;
#1656 = DIRECTION ( 'NONE',  ( 1.000000000000000000, -0.000000000000000000, -0.000000000000000000 ) ) ;
#1657 = DIRECTION ( 'NONE',  ( 1.000000000000000000, 0.000000000000000000, 0.000000000000000000 ) ) ;
#1658 = ADVANCED_FACE ( 'NONE', ( #1568 ), #602, .F. ) ;
#1659 = EDGE_LOOP ( 'NONE', ( #811, #1419 ) ) ;
#1660 = COORDINATED_UNIVERSAL_TIME_OFFSET ( 8, 0, .AHEAD. ) ;
#1661 = CYLINDRICAL_SURFACE ( 'NONE', #1322, 8.000000000000000000 ) ;
#1662 = AXIS2_PLACEMENT_3D ( 'NONE', #1588, #236, #111 ) ;
#1663 = ORIENTED_EDGE ( 'NONE', *, *, #809, .F. ) ;
#1664 = VERTEX_POINT ( 'NONE', #1412 ) ;
#1665 = CIRCLE ( 'NONE', #742, 4.250000000000000000 ) ;
#1666 = DIRECTION ( 'NONE',  ( 0.000000000000000000, 0.000000000000000000, -1.000000000000000000 ) ) ;
#1667 = DIRECTION ( 'NONE',  ( 0.000000000000000000, 0.000000000000000000, -1.000000000000000000 ) ) ;
#1668 = PLANE ( 'NONE',  #1771 ) ;
#1669 = EDGE_CURVE ( 'NONE', #1960, #790, #2096, .T. ) ;
#1670 = AXIS2_PLACEMENT_3D ( 'NONE', #1372, #876, #382 ) ;
#1671 = ORIENTED_EDGE ( 'NONE', *, *, #1060, .F. ) ;
#1672 = AXIS2_PLACEMENT_3D ( 'NONE', #1351, #2024, #177 ) ;
#1673 = EDGE_CURVE ( 'NONE', #1111, #1557, #736, .T. ) ;
#1674 = CARTESIAN_POINT ( 'NONE',  ( 22.50000000000000000, 4.472135954999575169, -9.500000000000000000 ) ) ;
#1675 = ORIENTED_EDGE ( 'NONE', *, *, #1990, .T. ) ;
#1676 = AXIS2_PLACEMENT_3D ( 'NONE', #659, #1313, #496 ) ;
#1677 = ORIENTED_EDGE ( 'NONE', *, *, #913, .F. ) ;
#1678 = EDGE_CURVE ( 'NONE', #398, #646, #1537, .T. ) ;
#1679 = VECTOR ( 'NONE', #43, 1000.000000000000000 ) ;
#1680 = CARTESIAN_POINT ( 'NONE',  ( 118.5000000000000142, 9.500000000000000000, 4.250000000000000000 ) ) ;
#1681 = CARTESIAN_POINT ( 'NONE',  ( 142.0000000000000284, 0.000000000000000000, 0.000000000000000000 ) ) ;
#1682 = CARTESIAN_POINT ( 'NONE',  ( 23.50000000000000000, 4.000000000000000000, -2.066999999999999726 ) ) ;
#1683 = DIRECTION ( 'NONE',  ( -1.000000000000000000, 0.000000000000000000, 0.000000000000000000 ) ) ;
#1684 = DIRECTION ( 'NONE',  ( 0.000000000000000000, 0.000000000000000000, -1.000000000000000000 ) ) ;
#1685 = ORIENTED_EDGE ( 'NONE', *, *, #2087, .T. ) ;
#1686 = DIRECTION ( 'NONE',  ( 1.000000000000000000, 0.000000000000000000, 0.000000000000000000 ) ) ;
#1687 = EDGE_LOOP ( 'NONE', ( #1386, #525, #486, #1435 ) ) ;
#1688 = CARTESIAN_POINT ( 'NONE',  ( 142.0000000000000284, -3.605551275463989569, -6.000000000000000000 ) ) ;
#1689 = CARTESIAN_POINT ( 'NONE',  ( 122.6944740544052053, 10.47750304956266021, 0.6988953690273079777 ) ) ;
#1690 = CARTESIAN_POINT ( 'NONE',  ( 23.50000000000000000, 9.500000000000000000, 2.066999999999999726 ) ) ;
#1691 = CARTESIAN_POINT ( 'NONE',  ( 135.0000000000000000, 0.000000000000000000, 6.000000000000000000 ) ) ;
#1692 = DIRECTION ( 'NONE',  ( 0.000000000000000000, -1.000000000000000000, 0.000000000000000000 ) ) ;
#1693 = ORIENTED_EDGE ( 'NONE', *, *, #1763, .F. ) ;
#1694 = CYLINDRICAL_SURFACE ( 'NONE', #1367, 4.250000000000000000 ) ;
#1695 = EDGE_LOOP ( 'NONE', ( #1378, #1168, #1453, #1197 ) ) ;
#1696 = ORIENTED_EDGE ( 'NONE', *, *, #946, .F. ) ;
#1697 = LINE ( 'NONE', #1729, #1539 ) ;
#1698 = DIRECTION ( 'NONE',  ( 1.000000000000000000, 0.000000000000000000, 0.000000000000000000 ) ) ;
#1699 = LINE ( 'NONE', #80, #1441 ) ;
#1700 = AXIS2_PLACEMENT_3D ( 'NONE', #79, #733, #230 ) ;
#1701 = EDGE_CURVE ( 'NONE', #378, #516, #239, .T. ) ;
#1702 = CARTESIAN_POINT ( 'NONE',  ( 24.62410715463776256, 9.653913378120549282, 4.136263569275675067 ) ) ;
#1703 = EDGE_CURVE ( 'NONE', #1972, #76, #71, .T. ) ;
#1704 = EDGE_CURVE ( 'NONE', #421, #1030, #629, .T. ) ;
#1705 = CARTESIAN_POINT ( 'NONE',  ( 126.0000000000000000, 0.000000000000000000, -10.50000000000000000 ) ) ;
#1706 = VERTEX_POINT ( 'NONE', #324 ) ;
#1707 = AXIS2_PLACEMENT_3D ( 'NONE', #348, #1657, #1003 ) ;
#1708 = AXIS2_PLACEMENT_3D ( 'NONE', #1852, #214, #702 ) ;
#1709 = CARTESIAN_POINT ( 'NONE',  ( 126.0000000000000000, 0.000000000000000000, 0.000000000000000000 ) ) ;
#1710 = CARTESIAN_POINT ( 'NONE',  ( 28.10000000000000497, 0.000000000000000000, 0.000000000000000000 ) ) ;
#1711 = VECTOR ( 'NONE', #1465, 1000.000000000000000 ) ;
#1712 = CARTESIAN_POINT ( 'NONE',  ( 16.00381623722188706, -3.623919055061213257, 9.499914493786386416 ) ) ;
#1713 = CIRCLE ( 'NONE', #1194, 8.699999999999999289 ) ;
#1714 = CARTESIAN_POINT ( 'NONE',  ( 22.65913152613601511, 4.121684014009733943, -9.659131526136015111 ) ) ;
#1715 = DIRECTION ( 'NONE',  ( 0.000000000000000000, 1.224646799147352961E-16, 1.000000000000000000 ) ) ;
#1716 = CARTESIAN_POINT ( 'NONE',  ( 27.61192198607020742, 10.44460387427569259, 1.110345396791640127 ) ) ;
#1717 = CARTESIAN_POINT ( 'NONE',  ( 141.3613928105266666, -4.745128049372099532, 6.000000000000000000 ) ) ;
#1718 = ORIENTED_EDGE ( 'NONE', *, *, #981, .F. ) ;
#1719 = ORIENTED_EDGE ( 'NONE', *, *, #1478, .T. ) ;
#1720 = CARTESIAN_POINT ( 'NONE',  ( 16.19465614478600202, 4.340668806491571274, -9.500020094604858301 ) ) ;
#1721 = CARTESIAN_POINT ( 'NONE',  ( 23.50000000000001066, -6.431767220503679421E-12, 10.50000000000000178 ) ) ;
#1722 = CARTESIAN_POINT ( 'NONE',  ( 16.03862984736785080, 3.921914087904810664, 9.499920870306214127 ) ) ;
#1723 = CARTESIAN_POINT ( 'NONE',  ( 126.0000000000000000, 0.000000000000000000, 0.000000000000000000 ) ) ;
#1724 = ORIENTED_EDGE ( 'NONE', *, *, #773, .T. ) ;
#1725 = CARTESIAN_POINT ( 'NONE',  ( 27.20880558770321400, 10.29091755458428814, 2.148771564725356242 ) ) ;
#1726 = DIRECTION ( 'NONE',  ( 1.000000000000000000, 0.000000000000000000, 0.000000000000000000 ) ) ;
#1727 = EDGE_LOOP ( 'NONE', ( #804, #1257, #1301, #1910 ) ) ;
#1728 = ORIENTED_EDGE ( 'NONE', *, *, #403, .F. ) ;
#1729 = CARTESIAN_POINT ( 'NONE',  ( 141.0000000000000000, 5.291502622129179656, 6.000000000000000000 ) ) ;
#1730 = CARTESIAN_POINT ( 'NONE',  ( 28.50000000000000000, 0.000000000000000000, 0.000000000000000000 ) ) ;
#1731 = DIRECTION ( 'NONE',  ( 1.000000000000000000, 0.000000000000000000, 0.000000000000000000 ) ) ;
#1732 = CONICAL_SURFACE ( 'NONE', #1700, 8.000000000000000000, 0.7853981633974476129 ) ;
#1733 = CARTESIAN_POINT ( 'NONE',  ( 128.0000000000000000, 0.000000000000000000, 0.000000000000000000 ) ) ;
#1734 = ADVANCED_FACE ( 'NONE', ( #972 ), #373, .T. ) ;
#1735 = CARTESIAN_POINT ( 'NONE',  ( 141.0000000000000000, -5.291502622129179656, -6.000000000000000000 ) ) ;
#1736 = B_SPLINE_CURVE_WITH_KNOTS ( 'NONE', 3,
 ( #265, #255, #1904, #1201, #1720, #886, #1379, #908, #1558, #425, #1869, #91 ),
 .UNSPECIFIED., .F., .F.,
 ( 4, 2, 2, 2, 2, 4 ),
 ( 2.855638254781346586, 3.006102588524888652, 3.156566922268430719, 3.457495589755517518, 3.758424257242604760, 4.059352924729691559 ),
 .UNSPECIFIED. ) ;
#1737 = VERTEX_POINT ( 'NONE', #487 ) ;
#1738 = CARTESIAN_POINT ( 'NONE',  ( 29.50000000000000355, 1.004210375300829674E-15, 8.200000000000001066 ) ) ;
#1739 = ORIENTED_EDGE ( 'NONE', *, *, #282, .T. ) ;
#1740 = AXIS2_PLACEMENT_3D ( 'NONE', #1163, #1511, #1821 ) ;
#1741 = CARTESIAN_POINT ( 'NONE',  ( 128.0000000000000000, -5.061867244406950128, 6.000000000000000000 ) ) ;
#1742 = EDGE_CURVE ( 'NONE', #519, #516, #287, .T. ) ;
#1743 = AXIS2_PLACEMENT_3D ( 'NONE', #2063, #450, #297 ) ;
#1744 = CARTESIAN_POINT ( 'NONE',  ( 135.0000000000000000, 0.000000000000000000, -6.000000000000000000 ) ) ;
#1745 = CARTESIAN_POINT ( 'NONE',  ( 16.00000000000000000, 3.429285639896449744, 9.500000000000000000 ) ) ;
#1746 = CARTESIAN_POINT ( 'NONE',  ( 28.10000000000000497, 0.000000000000000000, -10.50000000000000000 ) ) ;
#1747 = DIRECTION ( 'NONE',  ( 1.000000000000000000, 0.000000000000000000, 0.000000000000000000 ) ) ;
#1748 = ORIENTED_EDGE ( 'NONE', *, *, #508, .F. ) ;
#1749 = DIRECTION ( 'NONE',  ( 0.000000000000000000, 0.000000000000000000, 1.000000000000000000 ) ) ;
#1750 = VERTEX_POINT ( 'NONE', #807 ) ;
#1751 = CARTESIAN_POINT ( 'NONE',  ( 128.0000000000000000, -5.291502622129179656, -6.000000000000000000 ) ) ;
#1752 = EDGE_CURVE ( 'NONE', #1649, #662, #2056, .T. ) ;
#1753 = DIRECTION ( 'NONE',  ( 1.000000000000000000, 0.000000000000000000, 0.000000000000000000 ) ) ;
#1754 = CARTESIAN_POINT ( 'NONE',  ( 126.0000000000000000, 0.000000000000000000, 0.000000000000000000 ) ) ;
#1755 = DIRECTION ( 'NONE',  ( 1.000000000000000000, 0.000000000000000000, 0.000000000000000000 ) ) ;
#1756 = DIRECTION ( 'NONE',  ( 0.000000000000000000, 0.000000000000000000, -1.000000000000000000 ) ) ;
#1757 = EDGE_LOOP ( 'NONE', ( #1146, #1766, #475, #305 ) ) ;
#1758 = DIRECTION ( 'NONE',  ( -1.000000000000000000, 0.000000000000000000, 0.000000000000000000 ) ) ;
#1759 = EDGE_LOOP ( 'NONE', ( #1824, #145 ) ) ;
#1760 = LINE ( 'NONE', #1448, #1711 ) ;
#1761 = CARTESIAN_POINT ( 'NONE',  ( 16.08940251440997571, 4.116319378693596320, 9.499957417411744487 ) ) ;
#1762 = CARTESIAN_POINT ( 'NONE',  ( 128.0000000000000000, 7.849999999999999645, 0.000000000000000000 ) ) ;
#1763 = EDGE_CURVE ( 'NONE', #2043, #1239, #1760, .T. ) ;
#1764 = CARTESIAN_POINT ( 'NONE',  ( 141.0000000000000000, -5.291502622129179656, -6.000000000000000000 ) ) ;
#1765 = AXIS2_PLACEMENT_3D ( 'NONE', #863, #518, #987 ) ;
#1766 = ORIENTED_EDGE ( 'NONE', *, *, #1805, .T. ) ;
#1767 = EDGE_CURVE ( 'NONE', #940, #1960, #1282, .T. ) ;
#1768 = FACE_OUTER_BOUND ( 'NONE', #453, .T. ) ;
#1769 = EDGE_LOOP ( 'NONE', ( #1718, #1953, #101, #1505 ) ) ;
#1770 = ORIENTED_EDGE ( 'NONE', *, *, #46, .F. ) ;
#1771 = AXIS2_PLACEMENT_3D ( 'NONE', #512, #533, #1978 ) ;
#1772 = CARTESIAN_POINT ( 'NONE',  ( 114.3637529995979065, 10.45236383263971369, -1.123679878246913511 ) ) ;
#1773 = CARTESIAN_POINT ( 'NONE',  ( 141.7009312058487751, -4.186178591117294623, -6.000000000000000000 ) ) ;
#1774 = AXIS2_PLACEMENT_3D ( 'NONE', #1093, #1242, #607 ) ;
#1775 = DIRECTION ( 'NONE',  ( 0.000000000000000000, 0.000000000000000000, -1.000000000000000000 ) ) ;
#1776 = AXIS2_PLACEMENT_3D ( 'NONE', #1782, #1758, #1749 ) ;
#1777 = CARTESIAN_POINT ( 'NONE',  ( 28.50000000000000000, 0.000000000000000000, 0.000000000000000000 ) ) ;
#1778 = APPROVAL_PERSON_ORGANIZATION ( #1627, #1040, #352 ) ;
#1779 =( GEOMETRIC_REPRESENTATION_CONTEXT ( 3 ) GLOBAL_UNCERTAINTY_ASSIGNED_CONTEXT ( ( #1858 ) ) GLOBAL_UNIT_ASSIGNED_CONTEXT ( ( #604, #517, #1317 ) ) REPRESENTATION_CONTEXT ( 'NONE', 'WORKASPACE' ) );
#1780 = ORIENTED_EDGE ( 'NONE', *, *, #2094, .T. ) ;
#1781 = CARTESIAN_POINT ( 'NONE',  ( 22.65913152614085391, 4.121684013998389240, 9.659131526140853907 ) ) ;
#1782 = CARTESIAN_POINT ( 'NONE',  ( 29.50000000000000355, 8.699999999999999289, 0.000000000000000000 ) ) ;
#1783 = EDGE_LOOP ( 'NONE', ( #1503, #351 ) ) ;
#1784 = PERSON ( '未', '未', '未', ('未'), ('未'), ('未') ) ;
#1785 = DIRECTION ( 'NONE',  ( -1.000000000000000000, 0.000000000000000000, 0.000000000000000000 ) ) ;
#1786 = CARTESIAN_POINT ( 'NONE',  ( 118.5000000000000142, 4.000000000000000000, 0.000000000000000000 ) ) ;
#1787 = DIRECTION ( 'NONE',  ( 0.000000000000000000, -1.000000000000000000, 0.000000000000000000 ) ) ;
#1788 = ORIENTED_EDGE ( 'NONE', *, *, #74, .F. ) ;
#1789 = CARTESIAN_POINT ( 'NONE',  ( 23.50000000000000000, 9.500000000000000000, 0.000000000000000000 ) ) ;
#1790 = ORIENTED_EDGE ( 'NONE', *, *, #567, .T. ) ;
#1791 = ADVANCED_FACE ( 'NONE', ( #2119 ), #962, .T. ) ;
#1792 = LINE ( 'NONE', #55, #2125 ) ;
#1793 = CARTESIAN_POINT ( 'NONE',  ( 126.0000000000000000, 10.09999999999999964, 0.000000000000000000 ) ) ;
#1794 = ADVANCED_FACE ( 'NONE', ( #1437, #307 ), #1293, .F. ) ;
#1795 = CARTESIAN_POINT ( 'NONE',  ( 132.0000000000000000, 0.000000000000000000, -6.000000000000000000 ) ) ;
#1796 = ADVANCED_FACE ( 'NONE', ( #1956 ), #203, .T. ) ;
#1797 = EDGE_LOOP ( 'NONE', ( #1208, #29, #2066, #1847 ) ) ;
#1798 = CONICAL_SURFACE ( 'NONE', #1662, 7.080000000000000071, 0.7853981633974461696 ) ;
#1799 = FACE_OUTER_BOUND ( 'NONE', #1695, .T. ) ;
#1800 = VECTOR ( 'NONE', #1045, 1000.000000000000000 ) ;
#1801 = DIRECTION ( 'NONE',  ( 0.000000000000000000, 0.000000000000000000, -1.000000000000000000 ) ) ;
#1802 = DIRECTION ( 'NONE',  ( 0.000000000000000000, 0.000000000000000000, -1.000000000000000000 ) ) ;
#1803 = ORIENTED_EDGE ( 'NONE', *, *, #1321, .F. ) ;
#1804 = DIRECTION ( 'NONE',  ( 1.000000000000000000, 0.000000000000000000, 0.000000000000000000 ) ) ;
#1805 = EDGE_CURVE ( 'NONE', #996, #768, #1792, .T. ) ;
#1806 = DIRECTION ( 'NONE',  ( 0.000000000000000000, -1.000000000000000000, 0.000000000000000000 ) ) ;
#1807 = CARTESIAN_POINT ( 'NONE',  ( 23.50000000000000000, 4.000000000000000000, 0.000000000000000000 ) ) ;
#1808 = CIRCLE ( 'NONE', #444, 7.080000000000000071 ) ;
#1809 = ORIENTED_EDGE ( 'NONE', *, *, #1638, .F. ) ;
#1810 = DIRECTION ( 'NONE',  ( 0.000000000000000000, 0.000000000000000000, 1.000000000000000000 ) ) ;
#1811 = AXIS2_PLACEMENT_3D ( 'NONE', #954, #1457, #800 ) ;
#1812 = DIRECTION ( 'NONE',  ( 0.000000000000000000, 0.000000000000000000, -1.000000000000000000 ) ) ;
#1813 = AXIS2_PLACEMENT_3D ( 'NONE', #663, #172, #812 ) ;
#1814 = EDGE_LOOP ( 'NONE', ( #377, #1176, #2031, #1109 ) ) ;
#1815 = EDGE_LOOP ( 'NONE', ( #976, #1396, #907, #1989 ) ) ;
#1816 = CARTESIAN_POINT ( 'NONE',  ( 113.5000000000000000, 0.000000000000000000, 0.000000000000000000 ) ) ;
#1817 = DIRECTION ( 'NONE',  ( 1.000000000000000000, 0.000000000000000000, 0.000000000000000000 ) ) ;
#1818 = PLANE ( 'NONE',  #1919 ) ;
#1819 = EDGE_CURVE ( 'NONE', #1308, #715, #22, .T. ) ;
#1820 = CARTESIAN_POINT ( 'NONE',  ( 141.0000000000000000, 0.000000000000000000, 0.000000000000000000 ) ) ;
#1821 = DIRECTION ( 'NONE',  ( 0.000000000000000000, 0.000000000000000000, 1.000000000000000000 ) ) ;
#1822 = VERTEX_POINT ( 'NONE', #1827 ) ;
#1823 = CARTESIAN_POINT ( 'NONE',  ( 0.9200000000000018163, 0.000000000000000000, 0.000000000000000000 ) ) ;
#1824 = ORIENTED_EDGE ( 'NONE', *, *, #440, .T. ) ;
#1825 = ORIENTED_EDGE ( 'NONE', *, *, #216, .F. ) ;
#1826 = ADVANCED_FACE ( 'NONE', ( #365 ), #582, .T. ) ;
#1827 = CARTESIAN_POINT ( 'NONE',  ( 128.0000000000000000, -5.291502622129179656, 6.000000000000000000 ) ) ;
#1828 = DIRECTION ( 'NONE',  ( 0.7071067811865474617, 0.000000000000000000, 0.7071067811865474617 ) ) ;
#1829 = CARTESIAN_POINT ( 'NONE',  ( 126.0000000000000000, -5.061867244406950128, -6.000000000000000000 ) ) ;
#1830 = ADVANCED_FACE ( 'NONE', ( #345 ), #1654, .T. ) ;
#1831 = ORIENTED_EDGE ( 'NONE', *, *, #718, .T. ) ;
#1832 = EDGE_CURVE ( 'NONE', #19, #1316, #1349, .T. ) ;
#1833 = B_SPLINE_CURVE_WITH_KNOTS ( 'NONE', 3,
 ( #915, #1717, #251, #397 ),
 .UNSPECIFIED., .F., .F.,
 ( 4, 4 ),
 ( 0.001260283291614108792, 1.957051058470242744 ),
 .UNSPECIFIED. ) ;
#1834 = FACE_OUTER_BOUND ( 'NONE', #136, .T. ) ;
#1835 = VERTEX_POINT ( 'NONE', #667 ) ;
#1836 = EDGE_LOOP ( 'NONE', ( #1481, #864, #1546, #1286 ) ) ;
#1837 = AXIS2_PLACEMENT_3D ( 'NONE', #570, #100, #411 ) ;
#1838 = LINE ( 'NONE', #1517, #1679 ) ;
#1839 = CARTESIAN_POINT ( 'NONE',  ( 29.79999999999999716, 0.000000000000000000, 0.000000000000000000 ) ) ;
#1840 = DIRECTION ( 'NONE',  ( 0.000000000000000000, -0.6614378277661474570, 0.7500000000000001110 ) ) ;
#1841 = DIRECTION ( 'NONE',  ( 1.000000000000000000, 0.000000000000000000, 0.000000000000000000 ) ) ;
#1842 = AXIS2_PLACEMENT_3D ( 'NONE', #597, #439, #587 ) ;
#1843 = VERTEX_POINT ( 'NONE', #521 ) ;
#1844 = CALENDAR_DATE ( 2026, 5, 8 ) ;
#1845 = FACE_OUTER_BOUND ( 'NONE', #1924, .T. ) ;
#1846 = ORIENTED_EDGE ( 'NONE', *, *, #1898, .T. ) ;
#1847 = ORIENTED_EDGE ( 'NONE', *, *, #1255, .T. ) ;
#1848 = AXIS2_PLACEMENT_3D ( 'NONE', #175, #829, #1484 ) ;
#1849 = CARTESIAN_POINT ( 'NONE',  ( 132.0000000000000000, 0.000000000000000000, -6.000000000000000000 ) ) ;
#1850 = CARTESIAN_POINT ( 'NONE',  ( 122.7431101366235424, 10.49720669872638545, 0.2798796764951152483 ) ) ;
#1851 = CARTESIAN_POINT ( 'NONE',  ( 0.000000000000000000, 0.000000000000000000, 0.000000000000000000 ) ) ;
#1852 = CARTESIAN_POINT ( 'NONE',  ( 36.00000000000000711, 0.000000000000000000, 0.000000000000000000 ) ) ;
#1853 = LINE ( 'NONE', #1204, #1261 ) ;
#1854 = ORIENTED_EDGE ( 'NONE', *, *, #500, .F. ) ;
#1855 = CALENDAR_DATE ( 2026, 5, 8 ) ;
#1856 = DIRECTION ( 'NONE',  ( 0.000000000000000000, -1.000000000000000000, 0.000000000000000000 ) ) ;
#1857 = VERTEX_POINT ( 'NONE', #1975 ) ;
#1858 = UNCERTAINTY_MEASURE_WITH_UNIT (LENGTH_MEASURE( 1.000000000000000082E-05 ), #604, 'distance_accuracy_value', 'NONE');
#1859 = EDGE_CURVE ( 'NONE', #1835, #1117, #1170, .T. ) ;
#1860 = FACE_OUTER_BOUND ( 'NONE', #549, .T. ) ;
#1861 = LINE ( 'NONE', #391, #1800 ) ;
#1862 = CARTESIAN_POINT ( 'NONE',  ( 125.5999999999928036, 0.000000000000000000, -10.09999999999276099 ) ) ;
#1863 = EDGE_CURVE ( 'NONE', #897, #940, #1473, .T. ) ;
#1864 = EDGE_CURVE ( 'NONE', #896, #1316, #1918, .T. ) ;
#1865 = ORIENTED_EDGE ( 'NONE', *, *, #250, .T. ) ;
#1866 = EDGE_CURVE ( 'NONE', #2076, #896, #874, .T. ) ;
#1867 = LINE ( 'NONE', #225, #1394 ) ;
#1868 = EDGE_LOOP ( 'NONE', ( #554, #785, #147, #1245 ) ) ;
#1869 = CARTESIAN_POINT ( 'NONE',  ( 15.99999999344304058, 3.541485954033655403, -9.500000000000001776 ) ) ;
#1870 = CARTESIAN_POINT ( 'NONE',  ( 122.2055045624773584, 10.28957230643937848, -2.154462474514843962 ) ) ;
#1871 = CARTESIAN_POINT ( 'NONE',  ( 15.99999999718570010, -3.539754751814829792, -9.500000000000000000 ) ) ;
#1872 = CIRCLE ( 'NONE', #806, 8.000000000000000000 ) ;
#1873 = EDGE_CURVE ( 'NONE', #1835, #1152, #1098, .T. ) ;
#1874 = FACE_OUTER_BOUND ( 'NONE', #1353, .T. ) ;
#1875 = DIRECTION ( 'NONE',  ( 1.000000000000000000, 0.000000000000000000, 0.000000000000000000 ) ) ;
#1876 = CARTESIAN_POINT ( 'NONE',  ( 16.00000000000000000, 3.429285639896449744, 9.500000000000000000 ) ) ;
#1877 = FACE_BOUND ( 'NONE', #344, .T. ) ;
#1878 = ORIENTED_EDGE ( 'NONE', *, *, #340, .F. ) ;
#1879 = VECTOR ( 'NONE', #1407, 1000.000000000000000 ) ;
#1880 = AXIS2_PLACEMENT_3D ( 'NONE', #1552, #232, #81 ) ;
#1881 = VERTEX_POINT ( 'NONE', #1680 ) ;
#1882 = DIRECTION ( 'NONE',  ( 0.000000000000000000, 0.000000000000000000, -1.000000000000000000 ) ) ;
#1883 = AXIS2_PLACEMENT_3D ( 'NONE', #103, #463, #757 ) ;
#1884 = CARTESIAN_POINT ( 'NONE',  ( 16.30118979523890843, -4.447943345410553917, -9.500036621519056368 ) ) ;
#1885 = AXIS2_PLACEMENT_3D ( 'NONE', #1337, #184, #333 ) ;
#1886 = CARTESIAN_POINT ( 'NONE',  ( 128.0000000000000000, -5.061867244406949240, 6.000000000000000000 ) ) ;
#1887 = ORIENTED_EDGE ( 'NONE', *, *, #60, .T. ) ;
#1888 = ORIENTED_EDGE ( 'NONE', *, *, #684, .T. ) ;
#1889 = CARTESIAN_POINT ( 'NONE',  ( 16.00000000000000000, 0.000000000000000000, 0.000000000000000000 ) ) ;
#1890 = VERTEX_POINT ( 'NONE', #1507 ) ;
#1891 = VERTEX_POINT ( 'NONE', #211 ) ;
#1892 = DIRECTION ( 'NONE',  ( 0.000000000000000000, 0.000000000000000000, -1.000000000000000000 ) ) ;
#1893 = CARTESIAN_POINT ( 'NONE',  ( 16.19554649637420951, -4.342155014618215958, 9.499977539190316733 ) ) ;
#1894 = CC_DESIGN_DATE_AND_TIME_ASSIGNMENT ( #716, #2029, ( #618 ) ) ;
#1895 = CARTESIAN_POINT ( 'NONE',  ( 16.14410751080010797, 4.254208696180168836, 9.500003611648077495 ) ) ;
#1896 = EDGE_CURVE ( 'NONE', #1053, #1945, #35, .T. ) ;
#1897 = CARTESIAN_POINT ( 'NONE',  ( 0.9200000000000018163, 9.797174393178823685E-16, 7.999999999999998224 ) ) ;
#1898 = EDGE_CURVE ( 'NONE', #1580, #999, #31, .T. ) ;
#1899 = CARTESIAN_POINT ( 'NONE',  ( 27.69447405440516263, 10.47750304956266199, 0.6988953690273143060 ) ) ;
#1900 = EDGE_CURVE ( 'NONE', #276, #1891, #1838, .T. ) ;
#1901 = ORIENTED_EDGE ( 'NONE', *, *, #178, .F. ) ;
#1902 = CARTESIAN_POINT ( 'NONE',  ( 23.50000000000001066, -6.431767220503679421E-12, 10.50000000000000178 ) ) ;
#1903 = ORIENTED_EDGE ( 'NONE', *, *, #253, .T. ) ;
#1904 = CARTESIAN_POINT ( 'NONE',  ( 16.30083412936926024, 4.447690252201166317, -9.500019946501025103 ) ) ;
#1905 = DIRECTION ( 'NONE',  ( 0.000000000000000000, 0.000000000000000000, -1.000000000000000000 ) ) ;
#1906 = AXIS2_PLACEMENT_3D ( 'NONE', #1338, #151, #678 ) ;
#1907 = CARTESIAN_POINT ( 'NONE',  ( -2.000000000000000000, 21.00000000000000000, -9.500000000000000000 ) ) ;
#1908 = AXIS2_PLACEMENT_3D ( 'NONE', #353, #1480, #1642 ) ;
#1909 = CARTESIAN_POINT ( 'NONE',  ( 126.0000000000000000, 0.000000000000000000, -8.699999999999999289 ) ) ;
#1910 = ORIENTED_EDGE ( 'NONE', *, *, #132, .T. ) ;
#1911 = VERTEX_POINT ( 'NONE', #1358 ) ;
#1912 = FACE_OUTER_BOUND ( 'NONE', #1080, .T. ) ;
#1913 = ORIENTED_EDGE ( 'NONE', *, *, #1227, .T. ) ;
#1914 = CIRCLE ( 'NONE', #986, 0.3999999999987000066 ) ;
#1915 = CARTESIAN_POINT ( 'NONE',  ( 0.000000000000000000, 0.000000000000000000, 0.000000000000000000 ) ) ;
#1916 = CIRCLE ( 'NONE', #989, 2.066999999999999726 ) ;
#1917 = CARTESIAN_POINT ( 'NONE',  ( 112.5000000000000000, 0.000000000000000000, -8.699999999999999289 ) ) ;
#1918 = B_SPLINE_CURVE_WITH_KNOTS ( 'NONE', 3,
 ( #837, #543, #1020, #1495 ),
 .UNSPECIFIED., .F., .F.,
 ( 4, 4 ),
 ( 0.001260283291614108792, 1.957051058470248295 ),
 .UNSPECIFIED. ) ;
#1919 = AXIS2_PLACEMENT_3D ( 'NONE', #1793, #1466, #1957 ) ;
#1920 = DIRECTION ( 'NONE',  ( 0.000000000000000000, 0.000000000000000000, -1.000000000000000000 ) ) ;
#1921 = CYLINDRICAL_SURFACE ( 'NONE', #1842, 10.50000000000000000 ) ;
#1922 = AXIS2_PLACEMENT_3D ( 'NONE', #1055, #555, #1535 ) ;
#1923 = DIRECTION ( 'NONE',  ( 0.000000000000000000, -1.000000000000000000, 0.000000000000000000 ) ) ;
#1924 = EDGE_LOOP ( 'NONE', ( #1183, #323, #462, #1569 ) ) ;
#1925 = DIRECTION ( 'NONE',  ( 0.000000000000000000, 0.000000000000000000, -1.000000000000000000 ) ) ;
#1926 = EDGE_LOOP ( 'NONE', ( #2115, #917 ) ) ;
#1927 = CARTESIAN_POINT ( 'NONE',  ( 126.0000000000000000, 0.000000000000000000, 0.000000000000000000 ) ) ;
#1928 = EDGE_CURVE ( 'NONE', #850, #920, #1191, .T. ) ;
#1929 = CARTESIAN_POINT ( 'NONE',  ( 116.3523370818873275, 9.825567268828050871, 3.709219358024515856 ) ) ;
#1930 = DIRECTION ( 'NONE',  ( 0.000000000000000000, 0.000000000000000000, -1.000000000000000000 ) ) ;
#1931 = CYLINDRICAL_SURFACE ( 'NONE', #406, 8.699999999999999289 ) ;
#1932 = ADVANCED_FACE ( 'NONE', ( #1033, #2022 ), #1645, .T. ) ;
#1933 = DIRECTION ( 'NONE',  ( 1.000000000000000000, 0.000000000000000000, 0.000000000000000000 ) ) ;
#1934 = ORIENTED_EDGE ( 'NONE', *, *, #1273, .F. ) ;
#1935 = CARTESIAN_POINT ( 'NONE',  ( 29.50000000000000355, 0.000000000000000000, -8.699999999999999289 ) ) ;
#1936 = ORIENTED_EDGE ( 'NONE', *, *, #84, .T. ) ;
#1937 = ORIENTED_EDGE ( 'NONE', *, *, #1004, .T. ) ;
#1938 = DIRECTION ( 'NONE',  ( 1.000000000000000000, 0.000000000000000000, 0.000000000000000000 ) ) ;
#1939 = CARTESIAN_POINT ( 'NONE',  ( 16.00454872052203115, 3.632984731596311079, 9.499749673851216158 ) ) ;
#1940 = LINE ( 'NONE', #471, #1439 ) ;
#1941 = FACE_BOUND ( 'NONE', #315, .T. ) ;
#1942 = AXIS2_PLACEMENT_3D ( 'NONE', #1138, #343, #1801 ) ;
#1943 = VERTEX_POINT ( 'NONE', #507 ) ;
#1944 = DIRECTION ( 'NONE',  ( 0.000000000000000000, 0.000000000000000000, -1.000000000000000000 ) ) ;
#1945 = VERTEX_POINT ( 'NONE', #1158 ) ;
#1946 = VECTOR ( 'NONE', #515, 1000.000000000000000 ) ;
#1947 = CARTESIAN_POINT ( 'NONE',  ( 115.1050976040165921, 10.17708096874759605, -2.615351688696350152 ) ) ;
#1948 = CYLINDRICAL_SURFACE ( 'NONE', #1266, 8.000000000000000000 ) ;
#1949 = CARTESIAN_POINT ( 'NONE',  ( 23.50000000000000000, 4.000000000000000000, 0.000000000000000000 ) ) ;
#1950 = AXIS2_PLACEMENT_3D ( 'NONE', #668, #1325, #1459 ) ;
#1951 = VECTOR ( 'NONE', #78, 1000.000000000000000 ) ;
#1952 = EDGE_CURVE ( 'NONE', #1210, #1117, #1713, .T. ) ;
#1953 = ORIENTED_EDGE ( 'NONE', *, *, #1106, .T. ) ;
#1954 = EDGE_LOOP ( 'NONE', ( #2067, #775, #964 ) ) ;
#1955 = PRODUCT_DEFINITION_SHAPE ( 'NONE', 'NONE',  #1984 ) ;
#1956 = FACE_OUTER_BOUND ( 'NONE', #833, .T. ) ;
#1957 = DIRECTION ( 'NONE',  ( 0.000000000000000000, 0.000000000000000000, 1.000000000000000000 ) ) ;
#1958 = EDGE_CURVE ( 'NONE', #896, #424, #107, .T. ) ;
#1959 = FACE_OUTER_BOUND ( 'NONE', #1187, .T. ) ;
#1960 = VERTEX_POINT ( 'NONE', #66 ) ;
#1961 = LINE ( 'NONE', #1751, #312 ) ;
#1962 = DIRECTION ( 'NONE',  ( 0.000000000000000000, 0.000000000000000000, -1.000000000000000000 ) ) ;
#1963 = EDGE_CURVE ( 'NONE', #912, #1234, #1736, .T. ) ;
#1964 = ORIENTED_EDGE ( 'NONE', *, *, #946, .T. ) ;
#1965 = DIRECTION ( 'NONE',  ( 0.000000000000000000, 0.000000000000000000, -1.000000000000000000 ) ) ;
#1966 = CARTESIAN_POINT ( 'NONE',  ( 23.49999972811342275, 9.601462373749269474, -4.250091791629743376 ) ) ;
#1967 = CYLINDRICAL_SURFACE ( 'NONE', #1332, 3.000000000000000000 ) ;
#1968 = ORIENTED_EDGE ( 'NONE', *, *, #1873, .T. ) ;
#1969 = APPROVAL_DATE_TIME ( #844, #1040 ) ;
#1970 = AXIS2_PLACEMENT_3D ( 'NONE', #643, #1324, #1976 ) ;
#1971 = DIRECTION ( 'NONE',  ( 0.000000000000000000, -1.000000000000000000, 0.000000000000000000 ) ) ;
#1972 = VERTEX_POINT ( 'NONE', #1583 ) ;
#1973 = EDGE_LOOP ( 'NONE', ( #2116, #1247, #860, #153, #1748, #1027, #1199, #1936, #215, #1995 ) ) ;
#1974 = EDGE_CURVE ( 'NONE', #590, #948, #1339, .T. ) ;
#1975 = CARTESIAN_POINT ( 'NONE',  ( 16.40000000000000213, -4.472135954999575169, 9.500000000000000000 ) ) ;
#1976 = DIRECTION ( 'NONE',  ( 0.000000000000000000, 0.000000000000000000, -1.000000000000000000 ) ) ;
#1977 = LINE ( 'NONE', #1142, #1157 ) ;
#1978 = DIRECTION ( 'NONE',  ( 1.000000000000000000, 0.000000000000000000, 0.000000000000000000 ) ) ;
#1979 = VECTOR ( 'NONE', #727, 1000.000000000000000 ) ;
#1980 = CARTESIAN_POINT ( 'NONE',  ( 118.5000000000000142, 4.000000000000000000, -2.066999999999999726 ) ) ;
#1981 = AXIS2_PLACEMENT_3D ( 'NONE', #1691, #383, #586 ) ;
#1982 = ORIENTED_EDGE ( 'NONE', *, *, #595, .F. ) ;
#1983 = CIRCLE ( 'NONE', #1471, 2.066999999999999726 ) ;
#1984 = PRODUCT_DEFINITION ( '�', '', #1986, #1347 ) ;
#1985 = DIRECTION ( 'NONE',  ( 1.000000000000000000, 0.000000000000000000, 0.000000000000000000 ) ) ;
#1986 = PRODUCT_DEFINITION_FORMATION_WITH_SPECIFIED_SOURCE ( '�', '', #1491, .NOT_KNOWN. ) ;
#1987 = VERTEX_POINT ( 'NONE', #1741 ) ;
#1988 = ORIENTED_EDGE ( 'NONE', *, *, #1115, .F. ) ;
#1989 = ORIENTED_EDGE ( 'NONE', *, *, #431, .F. ) ;
#1990 = EDGE_CURVE ( 'NONE', #1053, #1308, #2059, .T. ) ;
#1991 = CARTESIAN_POINT ( 'NONE',  ( 29.50000000000000355, 0.000000000000000000, 0.000000000000000000 ) ) ;
#1992 = DIRECTION ( 'NONE',  ( 1.000000000000000000, 0.000000000000000000, 0.000000000000000000 ) ) ;
#1993 = ADVANCED_FACE ( 'NONE', ( #745 ), #1571, .F. ) ;
#1994 = CARTESIAN_POINT ( 'NONE',  ( 22.65913152613767423, -4.121684014005847274, -9.659131526137674228 ) ) ;
#1995 = ORIENTED_EDGE ( 'NONE', *, *, #665, .T. ) ;
#1996 = DIRECTION ( 'NONE',  ( 0.000000000000000000, 0.000000000000000000, -1.000000000000000000 ) ) ;
#1997 = VERTEX_POINT ( 'NONE', #723 ) ;
#1998 = ORIENTED_EDGE ( 'NONE', *, *, #994, .F. ) ;
#1999 = EDGE_LOOP ( 'NONE', ( #1090, #1155, #204, #537 ) ) ;
#2000 = CARTESIAN_POINT ( 'NONE',  ( 0.000000000000000000, 0.000000000000000000, 0.000000000000000000 ) ) ;
#2001 = CARTESIAN_POINT ( 'NONE',  ( 128.0000000000000000, 5.291502622129179656, 6.000000000000000000 ) ) ;
#2002 = CYLINDRICAL_SURFACE ( 'NONE', #1670, 8.000000000000000000 ) ;
#2003 = CARTESIAN_POINT ( 'NONE',  ( 126.0000000000000000, 1.065442715258197248E-15, 8.699999999999999289 ) ) ;
#2004 = ORIENTED_EDGE ( 'NONE', *, *, #388, .T. ) ;
#2005 = CARTESIAN_POINT ( 'NONE',  ( 142.0000000000000284, 3.605551275463989569, 6.000000000000000000 ) ) ;
#2006 = EDGE_LOOP ( 'NONE', ( #1031, #589, #707, #1447 ) ) ;
#2007 = ORIENTED_EDGE ( 'NONE', *, *, #1638, .T. ) ;
#2008 = TOROIDAL_SURFACE ( 'NONE', #1494, 10.09999999999273967, 0.4000000000072554962 ) ;
#2009 = DIRECTION ( 'NONE',  ( 0.000000000000000000, 0.000000000000000000, -1.000000000000000000 ) ) ;
#2010 = CARTESIAN_POINT ( 'NONE',  ( 118.4999997598718835, 9.601478461253854846, 4.250122191714249986 ) ) ;
#2011 = DIRECTION ( 'NONE',  ( 0.000000000000000000, 0.000000000000000000, -1.000000000000000000 ) ) ;
#2012 = CARTESIAN_POINT ( 'NONE',  ( 22.58129780121283403, 4.299437917103136719, -9.581297801212830478 ) ) ;
#2013 = LINE ( 'NONE', #536, #1946 ) ;
#2014 = EDGE_LOOP ( 'NONE', ( #1366, #1968, #836, #1878 ) ) ;
#2015 = EDGE_CURVE ( 'NONE', #519, #4, #278, .T. ) ;
#2016 = CIRCLE ( 'NONE', #511, 8.699999999999999289 ) ;
#2017 = CARTESIAN_POINT ( 'NONE',  ( 142.0000000000000284, 0.000000000000000000, 0.000000000000000000 ) ) ;
#2018 = CONICAL_SURFACE ( 'NONE', #548, 8.699999999999999289, 1.030376826524300293 ) ;
#2019 = ORIENTED_EDGE ( 'NONE', *, *, #1281, .F. ) ;
#2020 = AXIS2_PLACEMENT_3D ( 'NONE', #219, #1804, #677 ) ;
#2021 = ADVANCED_FACE ( 'NONE', ( #115 ), #1424, .T. ) ;
#2022 = FACE_OUTER_BOUND ( 'NONE', #52, .T. ) ;
#2023 = CYLINDRICAL_SURFACE ( 'NONE', #228, 8.000000000000000000 ) ;
#2024 = DIRECTION ( 'NONE',  ( 1.000000000000000000, 0.000000000000000000, 0.000000000000000000 ) ) ;
#2025 = CYLINDRICAL_SURFACE ( 'NONE', #2121, 2.066999999999999726 ) ;
#2026 = EDGE_CURVE ( 'NONE', #948, #1234, #769, .T. ) ;
#2027 = CARTESIAN_POINT ( 'NONE',  ( 25.56700000000000017, 4.000000000000000000, 0.000000000000000000 ) ) ;
#2028 = ORIENTED_EDGE ( 'NONE', *, *, #1164, .F. ) ;
#2029 = DATE_TIME_ROLE ( 'classification_date' ) ;
#2030 = LINE ( 'NONE', #1705, #605 ) ;
#2031 = ORIENTED_EDGE ( 'NONE', *, *, #1742, .T. ) ;
#2032 = ADVANCED_FACE ( 'NONE', ( #898, #1860 ), #2058, .T. ) ;
#2033 = CARTESIAN_POINT ( 'NONE',  ( 126.0000000000000000, -8.000000000000000000, -6.000000000000000000 ) ) ;
#2034 = CARTESIAN_POINT ( 'NONE',  ( 121.1118300755842370, 9.943350312013667036, -3.397610128229286541 ) ) ;
#2035 = CARTESIAN_POINT ( 'NONE',  ( 16.00000000000000000, -3.429285639896449744, -9.500000000000000000 ) ) ;
#2036 = CARTESIAN_POINT ( 'NONE',  ( 23.50000000000001066, 2.142058214050694694E-12, -10.50000000000000000 ) ) ;
#2037 = CARTESIAN_POINT ( 'NONE',  ( 19.24993147063722176, 10.49992317524591456, 0.5613908737097044188 ) ) ;
#2038 = ORIENTED_EDGE ( 'NONE', *, *, #1928, .T. ) ;
#2039 = FACE_OUTER_BOUND ( 'NONE', #1631, .T. ) ;
#2040 = ORIENTED_EDGE ( 'NONE', *, *, #7, .F. ) ;
#2041 = VECTOR ( 'NONE', #1923, 1000.000000000000000 ) ;
#2042 = EDGE_CURVE ( 'NONE', #758, #790, #1024, .T. ) ;
#2043 = VERTEX_POINT ( 'NONE', #1081 ) ;
#2044 = DIRECTION ( 'NONE',  ( 1.000000000000000000, -0.000000000000000000, -0.000000000000000000 ) ) ;
#2045 = LINE ( 'NONE', #1082, #1299 ) ;
#2046 = B_SPLINE_CURVE_WITH_KNOTS ( 'NONE', 3,
 ( #1745, #427, #1939, #2074, #1722, #1113, #1761, #281, #1895, #1260, #1083, #937, #1576, #1104 ),
 .UNSPECIFIED., .F., .F.,
 ( 4, 2, 2, 2, 2, 2, 4 ),
 ( 1.539175026780206013, 1.839366780068453000, 2.139558533356699765, 2.289654410000823148, 2.439750286644946975, 2.589846163289070358, 2.739942039933193740 ),
 .UNSPECIFIED. ) ;
#2047 = CARTESIAN_POINT ( 'NONE',  ( 22.50000000000000000, 4.472135954999575169, -9.500000000000000000 ) ) ;
#2048 = DIRECTION ( 'NONE',  ( 1.000000000000000000, 0.000000000000000000, 0.000000000000000000 ) ) ;
#2049 = ORIENTED_EDGE ( 'NONE', *, *, #535, .F. ) ;
#2050 = FACE_OUTER_BOUND ( 'NONE', #603, .T. ) ;
#2051 = CIRCLE ( 'NONE', #1707, 7.849999999999999645 ) ;
#2052 = DIRECTION ( 'NONE',  ( 0.000000000000000000, 0.000000000000000000, -1.000000000000000000 ) ) ;
#2053 = ORIENTED_EDGE ( 'NONE', *, *, #660, .F. ) ;
#2054 = AXIS2_PLACEMENT_3D ( 'NONE', #117, #1731, #1920 ) ;
#2055 = EDGE_CURVE ( 'NONE', #424, #294, #1697, .T. ) ;
#2056 = CIRCLE ( 'NONE', #1128, 8.699999999999999289 ) ;
#2057 = ORIENTED_EDGE ( 'NONE', *, *, #1544, .F. ) ;
#2058 = PLANE ( 'NONE',  #894 ) ;
#2059 = CIRCLE ( 'NONE', #965, 7.080000000000000071 ) ;
#2060 = CARTESIAN_POINT ( 'NONE',  ( 16.19509330579552397, -4.341427931496644632, -9.499997523309737346 ) ) ;
#2061 = ADVANCED_FACE ( 'NONE', ( #390 ), #1044, .F. ) ;
#2062 = LOCAL_TIME ( 16, 5, 33.00000000000000000, #559 ) ;
#2063 = CARTESIAN_POINT ( 'NONE',  ( 112.5000000000000000, 8.200000000000001066, 0.000000000000000000 ) ) ;
#2064 = DIRECTION ( 'NONE',  ( 0.000000000000000000, 1.000000000000000000, -1.224646799147353207E-16 ) ) ;
#2065 = EDGE_CURVE ( 'NONE', #1479, #971, #1267, .T. ) ;
#2066 = ORIENTED_EDGE ( 'NONE', *, *, #657, .T. ) ;
#2067 = ORIENTED_EDGE ( 'NONE', *, *, #1259, .T. ) ;
#2068 = VERTEX_POINT ( 'NONE', #502 ) ;
#2069 = CARTESIAN_POINT ( 'NONE',  ( 125.5999999999928036, 1.236893267137940131E-15, 10.09999999999276099 ) ) ;
#2070 = ORIENTED_EDGE ( 'NONE', *, *, #379, .T. ) ;
#2071 = DIRECTION ( 'NONE',  ( -1.000000000000000000, 0.000000000000000000, 0.000000000000000000 ) ) ;
#2072 = CARTESIAN_POINT ( 'NONE',  ( 16.40000000000000213, -4.472135954999575169, -9.500000000000000000 ) ) ;
#2073 = CARTESIAN_POINT ( 'NONE',  ( 113.5000000000000000, 0.000000000000000000, -8.699999999999999289 ) ) ;
#2074 = CARTESIAN_POINT ( 'NONE',  ( 16.02378593844283827, 3.824988034636423340, 9.499952571368231347 ) ) ;
#2075 = CARTESIAN_POINT ( 'NONE',  ( 16.00000000000000000, 3.429285639896449744, 9.500000000000000000 ) ) ;
#2076 = VERTEX_POINT ( 'NONE', #1112 ) ;
#2077 = ORIENTED_EDGE ( 'NONE', *, *, #1483, .T. ) ;
#2078 = CARTESIAN_POINT ( 'NONE',  ( 23.05800751469903531, 3.038769494599455001, 10.05800751469903354 ) ) ;
#2079 = ORIENTED_EDGE ( 'NONE', *, *, #981, .T. ) ;
#2080 = DIRECTION ( 'NONE',  ( 1.000000000000000000, 0.000000000000000000, 0.000000000000000000 ) ) ;
#2081 = CIRCLE ( 'NONE', #1147, 8.699999999999999289 ) ;
#2082 = CARTESIAN_POINT ( 'NONE',  ( 142.0000000000000284, 3.605551275463990013, -6.000000000000000000 ) ) ;
#2083 = VECTOR ( 'NONE', #75, 1000.000000000000000 ) ;
#2084 = CARTESIAN_POINT ( 'NONE',  ( 22.37624366161996647, 9.653690712078089931, -4.136366326303867247 ) ) ;
#2085 = CARTESIAN_POINT ( 'NONE',  ( 112.5000000000000000, 1.034826545279513067E-15, -8.199999999999993960 ) ) ;
#2086 = EDGE_LOOP ( 'NONE', ( #302, #1770 ) ) ;
#2087 = EDGE_CURVE ( 'NONE', #1008, #430, #617, .T. ) ;
#2088 = FACE_OUTER_BOUND ( 'NONE', #1222, .T. ) ;
#2089 = ORIENTED_EDGE ( 'NONE', *, *, #1227, .F. ) ;
#2090 = CONICAL_SURFACE ( 'NONE', #1740, 8.000000000000000000, 0.7853981633974476129 ) ;
#2091 = MECHANICAL_CONTEXT ( 'NONE', #753, 'mechanical' ) ;
#2092 = CIRCLE ( 'NONE', #1672, 10.50000000000000000 ) ;
#2093 = ADVANCED_FACE ( 'NONE', ( #1799 ), #997, .F. ) ;
#2094 = EDGE_CURVE ( 'NONE', #1843, #1066, #1961, .T. ) ;
#2095 = CARTESIAN_POINT ( 'NONE',  ( 114.3635442012185734, 10.45246638719402910, 1.123697162630994173 ) ) ;
#2096 = CIRCLE ( 'NONE', #1506, 0.4000000000072383433 ) ;
#2097 = CARTESIAN_POINT ( 'NONE',  ( 126.0000000000000000, -5.061867244406950128, 6.000000000000000000 ) ) ;
#2098 = FACE_OUTER_BOUND ( 'NONE', #2107, .T. ) ;
#2099 = LINE ( 'NONE', #969, #2041 ) ;
#2100 = ORIENTED_EDGE ( 'NONE', *, *, #1752, .T. ) ;
#2101 = CARTESIAN_POINT ( 'NONE',  ( 118.5000000000000142, 9.500000000000000000, 0.000000000000000000 ) ) ;
#2102 = ORIENTED_EDGE ( 'NONE', *, *, #1478, .F. ) ;
#2103 = CARTESIAN_POINT ( 'NONE',  ( 29.50000000000000355, 0.000000000000000000, 0.000000000000000000 ) ) ;
#2104 = CARTESIAN_POINT ( 'NONE',  ( 16.39999999999870539, 0.000000000000000000, 0.000000000000000000 ) ) ;
#2105 = DIRECTION ( 'NONE',  ( 0.000000000000000000, 0.000000000000000000, -1.000000000000000000 ) ) ;
#2106 = FACE_OUTER_BOUND ( 'NONE', #1131, .T. ) ;
#2107 = EDGE_LOOP ( 'NONE', ( #1345, #171, #1423, #39 ) ) ;
#2108 = PLANE ( 'NONE',  #1776 ) ;
#2109 = ORIENTED_EDGE ( 'NONE', *, *, #1613, .T. ) ;
#2110 = CARTESIAN_POINT ( 'NONE',  ( 114.2499314706372218, 10.49992317524590923, 0.5613908737097137447 ) ) ;
#2111 = CARTESIAN_POINT ( 'NONE',  ( 28.50000000000000000, 0.000000000000000000, 0.000000000000000000 ) ) ;
#2112 = DIRECTION ( 'NONE',  ( 0.000000000000000000, -1.000000000000000000, 0.000000000000000000 ) ) ;
#2113 = CARTESIAN_POINT ( 'NONE',  ( 118.5000000000000142, 4.000000000000000000, -2.066999999999999726 ) ) ;
#2114 = AXIS2_PLACEMENT_3D ( 'NONE', #1710, #1698, #67 ) ;
#2115 = ORIENTED_EDGE ( 'NONE', *, *, #2042, .T. ) ;
#2116 = ORIENTED_EDGE ( 'NONE', *, *, #1418, .T. ) ;
#2117 = ADVANCED_FACE ( 'NONE', ( #1272 ), #654, .T. ) ;
#2118 = VECTOR ( 'NONE', #1231, 1000.000000000000000 ) ;
#2119 = FACE_OUTER_BOUND ( 'NONE', #751, .T. ) ;
#2120 = LINE ( 'NONE', #650, #818 ) ;
#2121 = AXIS2_PLACEMENT_3D ( 'NONE', #1048, #1181, #869 ) ;
#2122 = CARTESIAN_POINT ( 'NONE',  ( 23.21894859773641429, 9.601524994574756278, 4.249999990099508018 ) ) ;
#2123 = AXIS2_PLACEMENT_3D ( 'NONE', #5, #1133, #1618 ) ;
#2124 = EDGE_CURVE ( 'NONE', #32, #528, #778, .T. ) ;
#2125 = VECTOR ( 'NONE', #1010, 1000.000000000000000 ) ;
ENDSEC;
END-ISO-10303-21;
