ISO-10303-21;
HEADER;
FILE_DESCRIPTION (( 'STEP AP203' ),
    '1' );
FILE_NAME ('arm_XCGM_0.1_Default_sldprt.STEP',
    '2026-08-05T08:05:37',
    ( '' ),
    ( '' ),
    'SwSTEP 2.0',
    'SolidWorks 2026',
    '' );
FILE_SCHEMA (( 'CONFIG_CONTROL_DESIGN' ));
ENDSEC;

DATA;
#1 = EDGE_LOOP ( 'NONE', ( #8594, #756, #5512, #1593, #2743 ) ) ;
#2 = EDGE_CURVE ( 'NONE', #4502, #4691, #5068, .T. ) ;
#3 =( BOUNDED_CURVE ( )  B_SPLINE_CURVE ( 3, ( #805, #8241, #124, #8049 ),
 .UNSPECIFIED., .F., .F. ) 
 B_SPLINE_CURVE_WITH_KNOTS ( ( 4, 4 ),
 ( 1.570796326794896558, 1.729998301485796475 ),
 .UNSPECIFIED. ) 
 CURVE ( )  GEOMETRIC_REPRESENTATION_ITEM ( )  RATIONAL_B_SPLINE_CURVE ( ( 1.000000000000000000, 0.9978890092833367920, 0.9978890092833367920, 1.000000000000000000 ) ) 
 REPRESENTATION_ITEM ( '' )  );
#4 = ORIENTED_EDGE ( 'NONE', *, *, #2372, .F. ) ;
#5 = CARTESIAN_POINT ( 'NONE',  ( 281.9320979741949600, 1026.338790178242789, -6.000000000000287770 ) ) ;
#6 = DIRECTION ( 'NONE',  ( 1.000000000000000000, 0.000000000000000000, 0.000000000000000000 ) ) ;
#7 = DIRECTION ( 'NONE',  ( 0.8815943511951107592, -0.4720078388553221038, -0.000000000000000000 ) ) ;
#8 = ORIENTED_EDGE ( 'NONE', *, *, #6494, .F. ) ;
#9 = CARTESIAN_POINT ( 'NONE',  ( 266.8922215515673884, 958.4697648964098562, 8.999999999999712230 ) ) ;
#10 = LINE ( 'NONE', #4510, #2405 ) ;
#11 = CARTESIAN_POINT ( 'NONE',  ( 280.3802583216506719, 1003.018224043983537, 5.499999999999711342 ) ) ;
#12 = EDGE_LOOP ( 'NONE', ( #5420, #630, #3924, #2845 ) ) ;
#13 = CARTESIAN_POINT ( 'NONE',  ( 309.8120245628041971, 1049.987266533683396, -5.500000000000287770 ) ) ;
#14 = EDGE_LOOP ( 'NONE', ( #4045, #6371, #2777, #7851 ) ) ;
#15 = DIRECTION ( 'NONE',  ( -0.000000000000000000, -0.000000000000000000, 1.000000000000000000 ) ) ;
#16 = CARTESIAN_POINT ( 'NONE',  ( 286.3293394524255291, 1047.784834723583799, 5.499999999999711342 ) ) ;
#17 = ORIENTED_EDGE ( 'NONE', *, *, #9297, .F. ) ;
#18 = CARTESIAN_POINT ( 'NONE',  ( 323.1376450562738682, 1086.246864362677343, 5.999999999999699796 ) ) ;
#19 = EDGE_CURVE ( 'NONE', #8274, #6518, #5738, .T. ) ;
#20 = ORIENTED_EDGE ( 'NONE', *, *, #7299, .F. ) ;
#21 = ORIENTED_EDGE ( 'NONE', *, *, #8659, .F. ) ;
#22 = DIRECTION ( 'NONE',  ( -0.9956305605605114684, -0.09337979908932003692, 1.105371972354730062E-13 ) ) ;
#23 = ADVANCED_FACE ( 'NONE', ( #8008 ), #575, .F. ) ;
#24 = PLANE ( 'NONE',  #6584 ) ;
#25 = CARTESIAN_POINT ( 'NONE',  ( 301.9349829883591951, 1028.850398070247365, -5.500000000000287770 ) ) ;
#26 = CALENDAR_DATE ( 2026, 5, 8 ) ;
#27 = CARTESIAN_POINT ( 'NONE',  ( 319.1689663254967968, 1074.388135071608303, -6.000000000000287770 ) ) ;
#28 = PLANE ( 'NONE',  #4252 ) ;
#29 = DIRECTION ( 'NONE',  ( 0.9848077530122086864, -0.1736481776669271393, 0.000000000000000000 ) ) ;
#30 = DIRECTION ( 'NONE',  ( -0.000000000000000000, 1.000000000000000000, 0.000000000000000000 ) ) ;
#31 = CARTESIAN_POINT ( 'NONE',  ( 299.5726160487803895, 1023.416884035249154, 5.499999999999713118 ) ) ;
#32 = DIRECTION ( 'NONE',  ( 0.8815943511951234157, -0.4720078388552983450, 0.000000000000000000 ) ) ;
#33 = LINE ( 'NONE', #1547, #8460 ) ;
#34 = ORIENTED_EDGE ( 'NONE', *, *, #509, .T. ) ;
#35 = CARTESIAN_POINT ( 'NONE',  ( 277.1905606419952051, 999.5982367027812643, -6.000000000000289546 ) ) ;
#36 = ADVANCED_FACE ( 'NONE', ( #1398 ), #662, .F. ) ;
#37 = ORIENTED_EDGE ( 'NONE', *, *, #8569, .F. ) ;
#38 = ORIENTED_EDGE ( 'NONE', *, *, #4788, .F. ) ;
#39 = CARTESIAN_POINT ( 'NONE',  ( 299.8906616402597365, 1073.941898733583912, 5.499999999999711342 ) ) ;
#40 = DIRECTION ( 'NONE',  ( 0.4021497357439735021, 0.9155739129316936564, 0.000000000000000000 ) ) ;
#41 = CARTESIAN_POINT ( 'NONE',  ( 282.5250966659600635, 1029.708397557551052, -6.000000000000287770 ) ) ;
#42 = ORIENTED_EDGE ( 'NONE', *, *, #7208, .F. ) ;
#43 = VERTEX_POINT ( 'NONE', #6423 ) ;
#44 = PLANE ( 'NONE',  #1063 ) ;
#45 = EDGE_CURVE ( 'NONE', #4336, #823, #7246, .T. ) ;
#46 = DIRECTION ( 'NONE',  ( 0.1790491588610656493, 0.9838401286342943752, -0.000000000000000000 ) ) ;
#47 = EDGE_LOOP ( 'NONE', ( #2444, #3911, #7933, #4269 ) ) ;
#48 = ORIENTED_EDGE ( 'NONE', *, *, #215, .F. ) ;
#49 = VECTOR ( 'NONE', #2301, 999.9999999999998863 ) ;
#50 = FACE_OUTER_BOUND ( 'NONE', #4512, .T. ) ;
#51 = CYLINDRICAL_SURFACE ( 'NONE', #3182, 0.5000000000000004441 ) ;
#52 = DIRECTION ( 'NONE',  ( 1.000000000000000000, 0.000000000000000000, -5.204170427930416550E-15 ) ) ;
#53 = ORIENTED_EDGE ( 'NONE', *, *, #1255, .F. ) ;
#54 = FACE_OUTER_BOUND ( 'NONE', #4843, .T. ) ;
#55 = VERTEX_POINT ( 'NONE', #2032 ) ;
#56 = CARTESIAN_POINT ( 'NONE',  ( 269.9084903318414490, 1007.617763928633622, -5.500000000000287770 ) ) ;
#57 = LINE ( 'NONE', #3803, #4236 ) ;
#58 = EDGE_CURVE ( 'NONE', #797, #3517, #2315, .T. ) ;
#59 = ORIENTED_EDGE ( 'NONE', *, *, #349, .T. ) ;
#60 = EDGE_LOOP ( 'NONE', ( #342, #1386, #113, #6286 ) ) ;
#61 = ORIENTED_EDGE ( 'NONE', *, *, #9396, .T. ) ;
#62 = CARTESIAN_POINT ( 'NONE',  ( 283.0309718687092300, 1032.720854711936227, 5.991624032886731399 ) ) ;
#63 = DIRECTION ( 'NONE',  ( 0.000000000000000000, 0.000000000000000000, -1.000000000000000000 ) ) ;
#64 = EDGE_LOOP ( 'NONE', ( #6478, #510, #2765, #2788, #8376, #5059, #1929, #7570, #9310, #707, #1280, #6441 ) ) ;
#65 = CARTESIAN_POINT ( 'NONE',  ( 287.0381653959041159, 1053.176153886307475, -5.792893218813784273 ) ) ;
#66 = CIRCLE ( 'NONE', #4557, 0.5000000000000004441 ) ;
#67 = EDGE_CURVE ( 'NONE', #5707, #2135, #3589, .T. ) ;
#68 = CIRCLE ( 'NONE', #9481, 0.5000000000000313083 ) ;
#69 = DIRECTION ( 'NONE',  ( 0.9366590624179422786, -0.3502424885566302049, -0.000000000000000000 ) ) ;
#70 = CYLINDRICAL_SURFACE ( 'NONE', #7639, 0.5000000000000004441 ) ;
#71 = DIRECTION ( 'NONE',  ( 0.000000000000000000, 0.000000000000000000, -1.000000000000000000 ) ) ;
#72 = CIRCLE ( 'NONE', #5648, 0.5000000000000598410 ) ;
#73 = DIRECTION ( 'NONE',  ( -0.9888139587632027716, -0.1491541315386305799, 0.000000000000000000 ) ) ;
#74 = CARTESIAN_POINT ( 'NONE',  ( 300.5835429644246233, 1026.623919728608371, -5.500000000000289546 ) ) ;
#75 = CARTESIAN_POINT ( 'NONE',  ( 278.1127761287803537, 964.4085583051373760, 5.999999999999717559 ) ) ;
#76 = CYLINDRICAL_SURFACE ( 'NONE', #7544, 0.5000000000000004441 ) ;
#77 = VECTOR ( 'NONE', #7505, 1000.000000000000114 ) ;
#78 = ORIENTED_EDGE ( 'NONE', *, *, #6706, .F. ) ;
#79 = CARTESIAN_POINT ( 'NONE',  ( 293.1232991283133629, 1004.551438905051555, 5.939718789645576535 ) ) ;
#80 = VECTOR ( 'NONE', #8362, 1000.000000000000114 ) ;
#81 = ADVANCED_FACE ( 'NONE', ( #4978 ), #5110, .T. ) ;
#82 = CIRCLE ( 'NONE', #3973, 0.5000000000000004441 ) ;
#83 = EDGE_CURVE ( 'NONE', #8105, #43, #3534, .T. ) ;
#84 = LINE ( 'NONE', #8970, #8723 ) ;
#85 = VERTEX_POINT ( 'NONE', #9549 ) ;
#86 = DIRECTION ( 'NONE',  ( 0.8673302893362094812, -0.4977330300472003199, 0.000000000000000000 ) ) ;
#87 = EDGE_CURVE ( 'NONE', #3274, #544, #6472, .T. ) ;
#88 = CYLINDRICAL_SURFACE ( 'NONE', #8270, 0.5000000000000004441 ) ;
#89 = LINE ( 'NONE', #4362, #8104 ) ;
#90 = ORIENTED_EDGE ( 'NONE', *, *, #9561, .F. ) ;
#91 = EDGE_LOOP ( 'NONE', ( #9070, #7067, #3423, #8373, #5602, #3515, #4619, #2665, #6711, #2018 ) ) ;
#92 = DIRECTION ( 'NONE',  ( -0.9888139587632205352, -0.1491541315385132849, -0.000000000000000000 ) ) ;
#93 = EDGE_CURVE ( 'NONE', #5508, #7778, #2305, .T. ) ;
#94 = AXIS2_PLACEMENT_3D ( 'NONE', #2193, #6590, #9470 ) ;
#95 = DIRECTION ( 'NONE',  ( -0.9904535858622663946, -0.1378466330839395737, 0.000000000000000000 ) ) ;
#96 = AXIS2_PLACEMENT_3D ( 'NONE', #6748, #8911, #7520 ) ;
#97 = ORIENTED_EDGE ( 'NONE', *, *, #3132, .F. ) ;
#98 = ORIENTED_EDGE ( 'NONE', *, *, #8790, .T. ) ;
#99 = EDGE_CURVE ( 'NONE', #5948, #1028, #1352, .T. ) ;
#100 = SPHERICAL_SURFACE ( 'NONE', #3187, 0.5000000000000000000 ) ;
#101 = LINE ( 'NONE', #8363, #876 ) ;
#102 = ADVANCED_FACE ( 'NONE', ( #7961, #4488 ), #3185, .T. ) ;
#103 = CARTESIAN_POINT ( 'NONE',  ( 331.1950601088341273, 1158.572179699236813, -6.300000000000287592 ) ) ;
#104 = EDGE_CURVE ( 'NONE', #8612, #3490, #5701, .T. ) ;
#105 = DIRECTION ( 'NONE',  ( 0.000000000000000000, 0.000000000000000000, -1.000000000000000000 ) ) ;
#106 = ORIENTED_EDGE ( 'NONE', *, *, #6368, .F. ) ;
#107 = CARTESIAN_POINT ( 'NONE',  ( 336.3914273614760759, 1144.062267677845057, -6.300000000000287592 ) ) ;
#108 = EDGE_LOOP ( 'NONE', ( #7869, #6429, #1372, #6121 ) ) ;
#109 = LINE ( 'NONE', #3223, #7710 ) ;
#110 = CARTESIAN_POINT ( 'NONE',  ( 300.8423041959673583, 1122.982560454410759, 8.999999999999712230 ) ) ;
#111 = AXIS2_PLACEMENT_3D ( 'NONE', #4201, #6268, #4063 ) ;
#112 = AXIS2_PLACEMENT_3D ( 'NONE', #6365, #5594, #3576 ) ;
#113 = ORIENTED_EDGE ( 'NONE', *, *, #8314, .T. ) ;
#114 = DIRECTION ( 'NONE',  ( -0.8673302893362497823, 0.4977330300471302094, 0.000000000000000000 ) ) ;
#115 = ORIENTED_EDGE ( 'NONE', *, *, #2, .F. ) ;
#116 = VERTEX_POINT ( 'NONE', #7578 ) ;
#117 = CARTESIAN_POINT ( 'NONE',  ( 283.0502448967981195, 1032.830157485746213, 5.999999999999712230 ) ) ;
#118 = AXIS2_PLACEMENT_3D ( 'NONE', #5762, #5188, #8898 ) ;
#119 = VECTOR ( 'NONE', #3459, 1000.000000000000000 ) ;
#120 = DIRECTION ( 'NONE',  ( -0.000000000000000000, -0.000000000000000000, 1.000000000000000000 ) ) ;
#121 = ORIENTED_EDGE ( 'NONE', *, *, #6585, .T. ) ;
#122 = AXIS2_PLACEMENT_3D ( 'NONE', #2068, #7285, #9265 ) ;
#123 = DIRECTION ( 'NONE',  ( 5.991312712936045063E-15, 5.619228653450460291E-16, 1.000000000000000000 ) ) ;
#124 = CARTESIAN_POINT ( 'NONE',  ( 315.8650950412451834, 1065.370185726121235, 5.997887892855829683 ) ) ;
#125 = DIRECTION ( 'NONE',  ( 0.9366590624179427227, -0.3502424885566290946, 0.000000000000000000 ) ) ;
#126 = SPHERICAL_SURFACE ( 'NONE', #2400, 0.5000000000000000000 ) ;
#127 = CARTESIAN_POINT ( 'NONE',  ( 285.2261620020731812, 1045.170396605887845, 5.999999999999712230 ) ) ;
#128 = CARTESIAN_POINT ( 'NONE',  ( 315.8557026808504702, 1065.345067587207041, -6.000000000000286882 ) ) ;
#129 = CARTESIAN_POINT ( 'NONE',  ( 281.3553362426226272, 1023.217852849407564, 5.999999999999712230 ) ) ;
#130 = VECTOR ( 'NONE', #506, 1000.000000000000000 ) ;
#131 = VERTEX_POINT ( 'NONE', #957 ) ;
#132 = CARTESIAN_POINT ( 'NONE',  ( 327.5413952400728590, 1138.830542578913537, 8.999999999999712230 ) ) ;
#133 = DIRECTION ( 'NONE',  ( 0.000000000000000000, 0.000000000000000000, -1.000000000000000000 ) ) ;
#134 = VERTEX_POINT ( 'NONE', #5975 ) ;
#135 = VECTOR ( 'NONE', #6738, 1000.000000000000000 ) ;
#136 = CARTESIAN_POINT ( 'NONE',  ( 296.6848158921147274, 1025.530173790869640, 5.499999999999711342 ) ) ;
#137 = ADVANCED_FACE ( 'NONE', ( #3918 ), #2358, .F. ) ;
#138 = FACE_OUTER_BOUND ( 'NONE', #6352, .T. ) ;
#139 = EDGE_CURVE ( 'NONE', #7670, #1678, #763, .T. ) ;
#140 = CARTESIAN_POINT ( 'NONE',  ( 341.3966675867607137, 1133.649676604258275, 5.999999999999712230 ) ) ;
#141 = ORIENTED_EDGE ( 'NONE', *, *, #8427, .F. ) ;
#142 = EDGE_CURVE ( 'NONE', #7071, #8796, #907, .T. ) ;
#143 = ORIENTED_EDGE ( 'NONE', *, *, #7132, .F. ) ;
#144 = LINE ( 'NONE', #5422, #1681 ) ;
#145 = DIRECTION ( 'NONE',  ( 0.000000000000000000, 0.000000000000000000, -1.000000000000000000 ) ) ;
#146 = ORIENTED_EDGE ( 'NONE', *, *, #4514, .F. ) ;
#147 = VERTEX_POINT ( 'NONE', #8195 ) ;
#148 = CARTESIAN_POINT ( 'NONE',  ( 328.7864743326773578, 1162.178293110218874, -8.800000000000286704 ) ) ;
#149 = DIRECTION ( 'NONE',  ( -0.8673302893362496713, 0.4977330300471301539, -0.000000000000000000 ) ) ;
#150 = CARTESIAN_POINT ( 'NONE',  ( 338.7165415596875846, 1117.916678719309175, -8.300000000000290257 ) ) ;
#151 = CARTESIAN_POINT ( 'NONE',  ( 269.8466448106040048, 957.9488203634091406, 210.7946508136983255 ) ) ;
#152 = ORIENTED_EDGE ( 'NONE', *, *, #6242, .F. ) ;
#153 = CARTESIAN_POINT ( 'NONE',  ( 291.7070732562511353, 1079.046085534692338, -6.000000000000289546 ) ) ;
#154 = EDGE_LOOP ( 'NONE', ( #5988, #6781, #3456, #8620 ) ) ;
#155 = DIRECTION ( 'NONE',  ( -0.4021497357438804099, -0.9155739129317345126, 0.000000000000000000 ) ) ;
#156 = CARTESIAN_POINT ( 'NONE',  ( 282.5010820193458017, 1025.918960264630641, 5.499999999999711342 ) ) ;
#157 = ORIENTED_EDGE ( 'NONE', *, *, #9333, .T. ) ;
#158 = LINE ( 'NONE', #7611, #5784 ) ;
#159 = ORIENTED_EDGE ( 'NONE', *, *, #8470, .T. ) ;
#160 = VERTEX_POINT ( 'NONE', #853 ) ;
#161 = CARTESIAN_POINT ( 'NONE',  ( 315.9060685536227311, 1065.570186247951824, 5.934645059463678152 ) ) ;
#162 = CARTESIAN_POINT ( 'NONE',  ( 299.5726160487803895, 1023.416884035249154, 5.499999999999713118 ) ) ;
#163 = EDGE_CURVE ( 'NONE', #6481, #7945, #804, .T. ) ;
#164 = ORIENTED_EDGE ( 'NONE', *, *, #6144, .T. ) ;
#165 = DIRECTION ( 'NONE',  ( -0.4943022244883290561, -0.8692901189280191065, 0.000000000000000000 ) ) ;
#166 = EDGE_CURVE ( 'NONE', #4795, #160, #6065, .T. ) ;
#167 = PLANE ( 'NONE',  #4472 ) ;
#168 = DIRECTION ( 'NONE',  ( 0.000000000000000000, 0.000000000000000000, -1.000000000000000000 ) ) ;
#169 = DIRECTION ( 'NONE',  ( -0.000000000000000000, -0.000000000000000000, -1.000000000000000000 ) ) ;
#170 = CARTESIAN_POINT ( 'NONE',  ( 525.7653314405174569, 916.1782913985315417, 61.58012167084567778 ) ) ;
#171 = ORIENTED_EDGE ( 'NONE', *, *, #9098, .T. ) ;
#172 = LINE ( 'NONE', #6071, #7858 ) ;
#173 = CARTESIAN_POINT ( 'NONE',  ( 306.4010537290220100, 1041.487931757841579, 210.7946508136983255 ) ) ;
#174 = DIRECTION ( 'NONE',  ( 0.000000000000000000, 0.000000000000000000, 1.000000000000000000 ) ) ;
#175 = ORIENTED_EDGE ( 'NONE', *, *, #3017, .F. ) ;
#176 = CARTESIAN_POINT ( 'NONE',  ( 206.4775541938253411, 1022.250624440806746, 210.7946508136983255 ) ) ;
#177 = EDGE_CURVE ( 'NONE', #1723, #5711, #9005, .T. ) ;
#178 = DIRECTION ( 'NONE',  ( 0.8815943511951253031, -0.4720078388552952364, -9.787663470763070695E-14 ) ) ;
#179 = VERTEX_POINT ( 'NONE', #1583 ) ;
#180 = CYLINDRICAL_SURFACE ( 'NONE', #4590, 0.5000000000000535127 ) ;
#181 = LINE ( 'NONE', #3147, #857 ) ;
#182 = CARTESIAN_POINT ( 'NONE',  ( 272.1043046965993426, 1035.287715857346029, 5.499999999999711342 ) ) ;
#183 = VERTEX_POINT ( 'NONE', #6752 ) ;
#184 = EDGE_LOOP ( 'NONE', ( #4742, #5250, #4036, #2676 ) ) ;
#185 = CARTESIAN_POINT ( 'NONE',  ( 297.9109979982562777, 1046.360102390067141, 5.499999999999711342 ) ) ;
#186 = DIRECTION ( 'NONE',  ( -0.8815943511950998790, 0.4720078388553425319, 0.000000000000000000 ) ) ;
#187 = VERTEX_POINT ( 'NONE', #5353 ) ;
#188 = EDGE_CURVE ( 'NONE', #5395, #6779, #3710, .T. ) ;
#189 = ORIENTED_EDGE ( 'NONE', *, *, #8702, .T. ) ;
#190 = PLANE ( 'NONE',  #5033 ) ;
#191 = CARTESIAN_POINT ( 'NONE',  ( -94.68424262075524211, 1009.538749024026174, -5.500000000000289546 ) ) ;
#192 = CARTESIAN_POINT ( 'NONE',  ( 327.5413952400728590, 1138.830542578913537, -6.000000000000287770 ) ) ;
#193 = ADVANCED_FACE ( 'NONE', ( #2262 ), #167, .T. ) ;
#194 = CARTESIAN_POINT ( 'NONE',  ( 319.9556947817204673, 1077.039185728574012, -6.000000000000289546 ) ) ;
#195 = VERTEX_POINT ( 'NONE', #6024 ) ;
#196 = CARTESIAN_POINT ( 'NONE',  ( 306.8598488239844073, 1041.287312418937063, 5.997781753898571822 ) ) ;
#197 = ORIENTED_EDGE ( 'NONE', *, *, #1930, .T. ) ;
#198 = PLANE ( 'NONE',  #2779 ) ;
#199 = DIRECTION ( 'NONE',  ( -0.000000000000000000, -0.000000000000000000, 1.000000000000000000 ) ) ;
#200 = AXIS2_PLACEMENT_3D ( 'NONE', #9434, #3569, #8630 ) ;
#201 = ORIENTED_EDGE ( 'NONE', *, *, #2755, .F. ) ;
#202 = EDGE_CURVE ( 'NONE', #4495, #607, #298, .T. ) ;
#203 = FACE_OUTER_BOUND ( 'NONE', #7116, .T. ) ;
#204 = ORIENTED_EDGE ( 'NONE', *, *, #1866, .T. ) ;
#205 = VECTOR ( 'NONE', #1558, 1000.000000000000114 ) ;
#206 = EDGE_CURVE ( 'NONE', #5891, #779, #6851, .T. ) ;
#207 = ORIENTED_EDGE ( 'NONE', *, *, #5242, .F. ) ;
#208 = FACE_BOUND ( 'NONE', #3362, .T. ) ;
#209 = VERTEX_POINT ( 'NONE', #6703 ) ;
#210 = DIRECTION ( 'NONE',  ( 1.000000000000000000, 0.000000000000000000, 0.000000000000000000 ) ) ;
#211 = EDGE_CURVE ( 'NONE', #4983, #6672, #4139, .T. ) ;
#212 = AXIS2_PLACEMENT_3D ( 'NONE', #3452, #3310, #1801 ) ;
#213 = ORIENTED_EDGE ( 'NONE', *, *, #1291, .T. ) ;
#214 = CARTESIAN_POINT ( 'NONE',  ( 303.0916329489322720, 1046.845992106606673, -5.500000000000289546 ) ) ;
#215 = EDGE_CURVE ( 'NONE', #1995, #5532, #3133, .T. ) ;
#216 = FACE_BOUND ( 'NONE', #3451, .T. ) ;
#217 = DIRECTION ( 'NONE',  ( -1.000000000000000000, 0.000000000000000000, -4.440892098500622123E-13 ) ) ;
#218 = CARTESIAN_POINT ( 'NONE',  ( 291.7070732562511353, 1079.046085534692338, 5.999999999999714007 ) ) ;
#219 = EDGE_CURVE ( 'NONE', #6837, #228, #6532, .T. ) ;
#220 = EDGE_CURVE ( 'NONE', #1175, #4565, #6661, .T. ) ;
#221 = LINE ( 'NONE', #3249, #5651 ) ;
#222 = AXIS2_PLACEMENT_3D ( 'NONE', #704, #114, #8086 ) ;
#223 = DIRECTION ( 'NONE',  ( -0.000000000000000000, -0.000000000000000000, 1.000000000000000000 ) ) ;
#224 = VERTEX_POINT ( 'NONE', #7721 ) ;
#225 = LINE ( 'NONE', #8205, #4998 ) ;
#226 = VECTOR ( 'NONE', #461, 1000.000000000000000 ) ;
#227 = DIRECTION ( 'NONE',  ( -1.000000000000000000, 0.000000000000000000, 0.000000000000000000 ) ) ;
#228 = VERTEX_POINT ( 'NONE', #8486 ) ;
#229 = AXIS2_PLACEMENT_3D ( 'NONE', #3069, #2341, #4702 ) ;
#230 = SPHERICAL_SURFACE ( 'NONE', #9519, 0.5000000000000000000 ) ;
#231 = CARTESIAN_POINT ( 'NONE',  ( 272.7112994139250759, 957.4437044664329051, -13.25000000000028955 ) ) ;
#232 = EDGE_CURVE ( 'NONE', #2623, #4092, #5590, .T. ) ;
#233 = ADVANCED_FACE ( 'NONE', ( #3242 ), #1145, .F. ) ;
#234 = AXIS2_PLACEMENT_3D ( 'NONE', #6536, #1611, #2920 ) ;
#235 = CARTESIAN_POINT ( 'NONE',  ( 278.1107477118305269, 1004.334967884970297, -6.000000000000421885 ) ) ;
#236 = VECTOR ( 'NONE', #375, 999.9999999999998863 ) ;
#237 =( BOUNDED_CURVE ( )  B_SPLINE_CURVE ( 3, ( #7145, #2747, #7189, #4300 ),
 .UNSPECIFIED., .F., .T. ) 
 B_SPLINE_CURVE_WITH_KNOTS ( ( 4, 4 ),
 ( 4.712388980384689674, 5.163735001220618237 ),
 .UNSPECIFIED. ) 
 CURVE ( )  GEOMETRIC_REPRESENTATION_ITEM ( )  RATIONAL_B_SPLINE_CURVE ( ( 1.000000000000000000, 0.9830958222741088548, 0.9830958222741088548, 1.000000000000000000 ) ) 
 REPRESENTATION_ITEM ( '' )  );
#238 = ORIENTED_EDGE ( 'NONE', *, *, #9396, .F. ) ;
#239 = AXIS2_PLACEMENT_3D ( 'NONE', #490, #9232, #4220 ) ;
#240 = ORIENTED_EDGE ( 'NONE', *, *, #5372, .F. ) ;
#241 = FACE_OUTER_BOUND ( 'NONE', #468, .T. ) ;
#242 = EDGE_CURVE ( 'NONE', #1973, #1623, #1917, .T. ) ;
#243 = CARTESIAN_POINT ( 'NONE',  ( 300.5835429644246233, 1026.623919728608371, 5.499999999999713118 ) ) ;
#244 = ORIENTED_EDGE ( 'NONE', *, *, #2556, .F. ) ;
#245 = CIRCLE ( 'NONE', #8880, 0.5000000000000004441 ) ;
#246 = ORIENTED_EDGE ( 'NONE', *, *, #7376, .F. ) ;
#247 = CARTESIAN_POINT ( 'NONE',  ( 415.6588167945817531, 946.3300246439763441, -5.500000000000289546 ) ) ;
#248 = DIRECTION ( 'NONE',  ( 0.9888139587631878946, 0.1491541315387304167, 0.000000000000000000 ) ) ;
#249 = CARTESIAN_POINT ( 'NONE',  ( 283.0141617134382841, 1032.581775252200714, 5.940797175597318791 ) ) ;
#250 = CARTESIAN_POINT ( 'NONE',  ( 336.3914273614760759, 1144.062267677845057, -20.65533834114921063 ) ) ;
#251 = VERTEX_POINT ( 'NONE', #5447 ) ;
#252 = CARTESIAN_POINT ( 'NONE',  ( 327.5413952400728590, 1138.830542578913537, -6.000000000000287770 ) ) ;
#253 = CIRCLE ( 'NONE', #3668, 0.5000000000000004441 ) ;
#254 = EDGE_LOOP ( 'NONE', ( #21, #2369, #4482, #4541 ) ) ;
#255 = FACE_OUTER_BOUND ( 'NONE', #9514, .T. ) ;
#256 = FACE_OUTER_BOUND ( 'NONE', #1510, .T. ) ;
#257 =( BOUNDED_CURVE ( )  B_SPLINE_CURVE ( 3, ( #6288, #9278, #1079, #7835 ),
 .UNSPECIFIED., .F., .F. ) 
 B_SPLINE_CURVE_WITH_KNOTS ( ( 4, 4 ),
 ( 1.410547026403626880E-13, 1.570796326794921205 ),
 .UNSPECIFIED. ) 
 CURVE ( )  GEOMETRIC_REPRESENTATION_ITEM ( )  RATIONAL_B_SPLINE_CURVE ( ( 1.000000000000000000, 0.8047378541243924710, 0.8047378541243924710, 1.000000000000000000 ) ) 
 REPRESENTATION_ITEM ( '' )  );
#258 = ORIENTED_EDGE ( 'NONE', *, *, #5479, .T. ) ;
#259 = CIRCLE ( 'NONE', #5667, 0.4999999999999284461 ) ;
#260 = VECTOR ( 'NONE', #5484, 1000.000000000000000 ) ;
#261 = CARTESIAN_POINT ( 'NONE',  ( 299.2484255372075950, 1021.022386367511217, 5.940797175597290369 ) ) ;
#262 = ORIENTED_EDGE ( 'NONE', *, *, #4937, .T. ) ;
#263 = ADVANCED_FACE ( 'NONE', ( #8384 ), #4778, .F. ) ;
#264 = VERTEX_POINT ( 'NONE', #8436 ) ;
#265 = CARTESIAN_POINT ( 'NONE',  ( 277.8678261710595621, 1004.121765670895570, -6.000000000000287770 ) ) ;
#266 = ADVANCED_FACE ( 'NONE', ( #4160 ), #1875, .F. ) ;
#267 = CARTESIAN_POINT ( 'NONE',  ( 310.2336641944685880, 1050.309960569685245, 5.949930407077360428 ) ) ;
#268 = ORIENTED_EDGE ( 'NONE', *, *, #3671, .F. ) ;
#269 = DIRECTION ( 'NONE',  ( 1.000000000000000000, 0.000000000000000000, 0.000000000000000000 ) ) ;
#270 = VECTOR ( 'NONE', #7631, 1000.000000000000000 ) ;
#271 = EDGE_CURVE ( 'NONE', #8567, #2480, #1099, .T. ) ;
#272 = CIRCLE ( 'NONE', #5675, 0.4999999999998887557 ) ;
#273 = EDGE_CURVE ( 'NONE', #1787, #4950, #469, .T. ) ;
#274 = EDGE_CURVE ( 'NONE', #2817, #116, #1052, .T. ) ;
#275 = ORIENTED_EDGE ( 'NONE', *, *, #8669, .F. ) ;
#276 = DIRECTION ( 'NONE',  ( 0.000000000000000000, 0.000000000000000000, 1.000000000000000000 ) ) ;
#277 = CYLINDRICAL_SURFACE ( 'NONE', #2083, 6.090834774869047230 ) ;
#278 = VECTOR ( 'NONE', #8945, 1000.000000000000000 ) ;
#279 = DIRECTION ( 'NONE',  ( 0.000000000000000000, 0.000000000000000000, -1.000000000000000000 ) ) ;
#280 = ORIENTED_EDGE ( 'NONE', *, *, #9054, .F. ) ;
#281 = CARTESIAN_POINT ( 'NONE',  ( 623.2680010855224282, 214.1083492927778309, -6.000000000000287770 ) ) ;
#282 = CARTESIAN_POINT ( 'NONE',  ( 285.2500090017418302, 1045.305639661561372, 5.982144731616290123 ) ) ;
#283 = DIRECTION ( 'NONE',  ( -0.8815943511951235267, 0.4720078388552984006, 0.000000000000000000 ) ) ;
#284 = EDGE_CURVE ( 'NONE', #55, #6737, #8529, .T. ) ;
#285 = AXIS2_PLACEMENT_3D ( 'NONE', #6126, #9112, #7627 ) ;
#286 = CIRCLE ( 'NONE', #5691, 6.000000000000005329 ) ;
#287 = CARTESIAN_POINT ( 'NONE',  ( 315.9060685536227311, 1065.570186247951824, -5.934645059464202177 ) ) ;
#288 = ORIENTED_EDGE ( 'NONE', *, *, #1256, .F. ) ;
#289 = CARTESIAN_POINT ( 'NONE',  ( -145.0235740941341192, 961.4305211312549773, 61.58012167084567778 ) ) ;
#290 = CARTESIAN_POINT ( 'NONE',  ( 300.8423041959673583, 1116.982560454410759, -6.000000000000287770 ) ) ;
#291 = VECTOR ( 'NONE', #1497, 1000.000000000000000 ) ;
#292 = CIRCLE ( 'NONE', #6942, 2.500000000000002220 ) ;
#293 = CARTESIAN_POINT ( 'NONE',  ( 277.9929607812835570, 1004.066802494549847, -6.000000000000287770 ) ) ;
#294 = ORIENTED_EDGE ( 'NONE', *, *, #5818, .T. ) ;
#295 = ORIENTED_EDGE ( 'NONE', *, *, #5752, .T. ) ;
#296 = CARTESIAN_POINT ( 'NONE',  ( 296.6848158921146705, 1025.530173790869640, -5.500000000000287770 ) ) ;
#297 = CARTESIAN_POINT ( 'NONE',  ( 290.8746815250780173, 998.6283494599614414, 5.957786956465572104 ) ) ;
#298 = CIRCLE ( 'NONE', #2757, 2.500000000000002220 ) ;
#299 = EDGE_LOOP ( 'NONE', ( #729, #5473, #4375, #1882, #8066 ) ) ;
#300 = ADVANCED_FACE ( 'NONE', ( #3431 ), #4678, .F. ) ;
#301 = AXIS2_PLACEMENT_3D ( 'NONE', #2102, #7988, #4333 ) ;
#302 = ORIENTED_EDGE ( 'NONE', *, *, #509, .F. ) ;
#303 = CARTESIAN_POINT ( 'NONE',  ( 269.8466448106040048, 957.9488203634091406, -6.000000000000287770 ) ) ;
#304 = CARTESIAN_POINT ( 'NONE',  ( 307.8995877655559639, 1044.086861071255498, 5.999999999999712230 ) ) ;
#305 = FACE_OUTER_BOUND ( 'NONE', #7859, .T. ) ;
#306 = EDGE_CURVE ( 'NONE', #1455, #6634, #6908, .T. ) ;
#307 = FACE_OUTER_BOUND ( 'NONE', #7451, .T. ) ;
#308 = ORIENTED_EDGE ( 'NONE', *, *, #8366, .F. ) ;
#309 = CARTESIAN_POINT ( 'NONE',  ( 345.1878035724723759, 1012.037830857242852, -5.500000000000287770 ) ) ;
#310 = VERTEX_POINT ( 'NONE', #9207 ) ;
#311 = CARTESIAN_POINT ( 'NONE',  ( 290.3746815250780173, 998.6283494599614414, 210.7946508136983255 ) ) ;
#312 = DIRECTION ( 'NONE',  ( 0.9882948916112357374, 0.1525555872957002068, -0.000000000000000000 ) ) ;
#313 = EDGE_LOOP ( 'NONE', ( #949, #2902, #3006, #2149 ) ) ;
#314 = CARTESIAN_POINT ( 'NONE',  ( 278.4869764753135541, 1006.906831917181648, -5.957786956466124551 ) ) ;
#315 = VERTEX_POINT ( 'NONE', #2553 ) ;
#316 = VERTEX_POINT ( 'NONE', #5406 ) ;
#317 = CARTESIAN_POINT ( 'NONE',  ( 347.0085846824679834, 1140.092221637931743, -8.800000000000286704 ) ) ;
#318 = EDGE_CURVE ( 'NONE', #5582, #8225, #6317, .T. ) ;
#319 = CARTESIAN_POINT ( 'NONE',  ( -74.25833169633264674, 27.76722495189206086, 0.000000000000000000 ) ) ;
#320 = ORIENTED_EDGE ( 'NONE', *, *, #8825, .T. ) ;
#321 = DIRECTION ( 'NONE',  ( 0.000000000000000000, 0.000000000000000000, -1.000000000000000000 ) ) ;
#322 =( BOUNDED_CURVE ( )  B_SPLINE_CURVE ( 3, ( #261, #6161, #4008, #3323 ),
 .UNSPECIFIED., .F., .F. ) 
 B_SPLINE_CURVE_WITH_KNOTS ( ( 4, 4 ),
 ( 0.4915669018468977747, 1.570796326794933417 ),
 .UNSPECIFIED. ) 
 CURVE ( )  GEOMETRIC_REPRESENTATION_ITEM ( )  RATIONAL_B_SPLINE_CURVE ( ( 1.000000000000000000, 0.9052711385875000794, 0.9052711385875000794, 1.000000000000000000 ) ) 
 REPRESENTATION_ITEM ( '' )  );
#323 = ORIENTED_EDGE ( 'NONE', *, *, #3984, .T. ) ;
#324 = EDGE_CURVE ( 'NONE', #6779, #6672, #5503, .T. ) ;
#325 = CARTESIAN_POINT ( 'NONE',  ( 293.3979569278980648, 1048.949991886945782, -5.500000000000289546 ) ) ;
#326 = FACE_OUTER_BOUND ( 'NONE', #7366, .T. ) ;
#327 = LINE ( 'NONE', #1101, #3226 ) ;
#328 = PLANE ( 'NONE',  #1980 ) ;
#329 = EDGE_CURVE ( 'NONE', #8971, #1436, #1501, .T. ) ;
#330 = CARTESIAN_POINT ( 'NONE',  ( 287.1361268015833730, 1056.002345249459722, -6.000000000000287770 ) ) ;
#331 = CARTESIAN_POINT ( 'NONE',  ( 275.1653034219292522, 956.5260851264006305, -6.000000000000287770 ) ) ;
#332 = CARTESIAN_POINT ( 'NONE',  ( 299.8906616402597365, 1073.941898733583912, -6.000000000000289546 ) ) ;
#333 = ORIENTED_EDGE ( 'NONE', *, *, #7417, .F. ) ;
#334 = CARTESIAN_POINT ( 'NONE',  ( 625.1595048866407751, 214.7581287709922435, 61.58012167084567778 ) ) ;
#335 = PLANE ( 'NONE',  #6731 ) ;
#336 = CARTESIAN_POINT ( 'NONE',  ( 290.8746815250780173, 998.6283494599614414, 210.7946508136983255 ) ) ;
#337 = ADVANCED_FACE ( 'NONE', ( #1002 ), #3968, .T. ) ;
#338 = ORIENTED_EDGE ( 'NONE', *, *, #242, .F. ) ;
#339 = VERTEX_POINT ( 'NONE', #2864 ) ;
#340 = CARTESIAN_POINT ( 'NONE',  ( 308.5509892228342892, 1047.860217294155518, 61.58012167084567778 ) ) ;
#341 = EDGE_LOOP ( 'NONE', ( #3495, #5941, #3047, #7555, #6009, #6159, #7406, #8056 ) ) ;
#342 = ORIENTED_EDGE ( 'NONE', *, *, #740, .F. ) ;
#343 = LINE ( 'NONE', #6237, #3326 ) ;
#344 = CARTESIAN_POINT ( 'NONE',  ( 348.8007357215032016, 1130.385922219802296, -17.24497290464283950 ) ) ;
#345 = CARTESIAN_POINT ( 'NONE',  ( 310.2890183096570809, 1050.457994961078384, 5.999999999999712230 ) ) ;
#346 = DIRECTION ( 'NONE',  ( 1.000000000000000000, 4.440892098500622123E-13, 0.000000000000000000 ) ) ;
#347 = ORIENTED_EDGE ( 'NONE', *, *, #1396, .T. ) ;
#348 = CARTESIAN_POINT ( 'NONE',  ( 334.0332462475978446, 1119.667891162092246, 8.999999999999712230 ) ) ;
#349 = EDGE_CURVE ( 'NONE', #7468, #3635, #8753, .T. ) ;
#350 = ORIENTED_EDGE ( 'NONE', *, *, #758, .T. ) ;
#351 = DIRECTION ( 'NONE',  ( -0.000000000000000000, 0.000000000000000000, 1.000000000000000000 ) ) ;
#352 = CARTESIAN_POINT ( 'NONE',  ( 308.5976791223790201, 1047.362402013875453, 5.999999999999699796 ) ) ;
#353 = CARTESIAN_POINT ( 'NONE',  ( 292.3383155037921028, 1027.402822829586967, 61.58012167084567778 ) ) ;
#354 = VERTEX_POINT ( 'NONE', #8177 ) ;
#355 =( BOUNDED_CURVE ( )  B_SPLINE_CURVE ( 3, ( #117, #8002, #62, #3030 ),
 .UNSPECIFIED., .F., .T. ) 
 B_SPLINE_CURVE_WITH_KNOTS ( ( 4, 4 ),
 ( 1.570796326794914988, 1.887830303442425750 ),
 .UNSPECIFIED. ) 
 CURVE ( )  GEOMETRIC_REPRESENTATION_ITEM ( )  RATIONAL_B_SPLINE_CURVE ( ( 1.000000000000000000, 0.9916416456224800280, 0.9916416456224800280, 1.000000000000000000 ) ) 
 REPRESENTATION_ITEM ( '' )  );
#356 = CARTESIAN_POINT ( 'NONE',  ( 280.2814245145714835, 1056.477149075003808, -6.000000000000287770 ) ) ;
#357 = DIRECTION ( 'NONE',  ( 0.000000000000000000, 0.000000000000000000, 1.000000000000000000 ) ) ;
#358 = EDGE_LOOP ( 'NONE', ( #7897, #8218, #9291, #9284 ) ) ;
#359 = CYLINDRICAL_SURFACE ( 'NONE', #8145, 2.500000000000002220 ) ;
#360 = EDGE_CURVE ( 'NONE', #8949, #3720, #2692, .T. ) ;
#361 = CARTESIAN_POINT ( 'NONE',  ( 304.6640228665512495, 1074.678726305427290, 5.499999999999711342 ) ) ;
#362 = VECTOR ( 'NONE', #2602, 1000.000000000000114 ) ;
#363 = ORIENTED_EDGE ( 'NONE', *, *, #5021, .F. ) ;
#364 = CARTESIAN_POINT ( 'NONE',  ( 281.8023453273955852, 1023.790936640152268, 5.499999999999713118 ) ) ;
#365 = ORIENTED_EDGE ( 'NONE', *, *, #1621, .T. ) ;
#366 = DIRECTION ( 'NONE',  ( -0.000000000000000000, -0.000000000000000000, -1.000000000000000000 ) ) ;
#367 = CIRCLE ( 'NONE', #6694, 5.005687066934383367 ) ;
#368 = DIRECTION ( 'NONE',  ( 0.000000000000000000, 0.000000000000000000, 1.000000000000000000 ) ) ;
#369 = DIRECTION ( 'NONE',  ( 0.9882948916111727877, 0.1525555872961076309, -0.000000000000000000 ) ) ;
#370 = ORIENTED_EDGE ( 'NONE', *, *, #4253, .T. ) ;
#371 = LINE ( 'NONE', #6122, #8924 ) ;
#372 = CARTESIAN_POINT ( 'NONE',  ( 291.7776981520914319, 1082.326004464055359, -5.990224393750295917 ) ) ;
#373 = CARTESIAN_POINT ( 'NONE',  ( 309.8120245628041971, 1049.987266533683396, -6.000000000000289546 ) ) ;
#374 = AXIS2_PLACEMENT_3D ( 'NONE', #5804, #2145, #6 ) ;
#375 = DIRECTION ( 'NONE',  ( 0.3502424885566279289, 0.9366590624179432778, 0.000000000000000000 ) ) ;
#376 = ORIENTED_EDGE ( 'NONE', *, *, #349, .F. ) ;
#377 = DIRECTION ( 'NONE',  ( 0.000000000000000000, 0.000000000000000000, 1.000000000000000000 ) ) ;
#378 = VECTOR ( 'NONE', #8530, 1000.000000000000000 ) ;
#379 = CARTESIAN_POINT ( 'NONE',  ( 291.2818230294593036, 1001.506536842226410, 5.499999999999711342 ) ) ;
#380 = LINE ( 'NONE', #3349, #3357 ) ;
#381 = ORIENTED_EDGE ( 'NONE', *, *, #656, .F. ) ;
#382 = EDGE_CURVE ( 'NONE', #1766, #9381, #5807, .T. ) ;
#383 = AXIS2_PLACEMENT_3D ( 'NONE', #2152, #5811, #5095 ) ;
#384 = VERTEX_POINT ( 'NONE', #3652 ) ;
#385 = CARTESIAN_POINT ( 'NONE',  ( 323.6105210065555298, 1086.409309232233682, 5.999999999999712230 ) ) ;
#386 = EDGE_CURVE ( 'NONE', #9422, #6396, #1042, .T. ) ;
#387 = ORIENTED_EDGE ( 'NONE', *, *, #2784, .T. ) ;
#388 = ORIENTED_EDGE ( 'NONE', *, *, #8293, .F. ) ;
#389 = CARTESIAN_POINT ( 'NONE',  ( 285.4872071818199970, 1000.775086591541935, -6.000000000000287770 ) ) ;
#390 = DIRECTION ( 'NONE',  ( -1.000000000000000000, 0.000000000000000000, 0.000000000000000000 ) ) ;
#391 = AXIS2_PLACEMENT_3D ( 'NONE', #1884, #4830, #6969 ) ;
#392 = LINE ( 'NONE', #6386, #5488 ) ;
#393 = PLANE ( 'NONE',  #7499 ) ;
#394 = AXIS2_PLACEMENT_3D ( 'NONE', #2005, #7212, #3313 ) ;
#395 = EDGE_CURVE ( 'NONE', #3562, #7683, #4470, .T. ) ;
#396 = ORIENTED_EDGE ( 'NONE', *, *, #4708, .F. ) ;
#397 = CARTESIAN_POINT ( 'NONE',  ( 306.8693832602310181, 1041.312810513563363, -5.993360015348753400 ) ) ;
#398 = ORIENTED_EDGE ( 'NONE', *, *, #7399, .T. ) ;
#399 = CARTESIAN_POINT ( 'NONE',  ( 269.8466448106040048, 957.9488203634091406, -6.000000000000287770 ) ) ;
#400 = CARTESIAN_POINT ( 'NONE',  ( 335.6000266738298592, 1052.908107427123014, 5.499999999999711342 ) ) ;
#401 = AXIS2_PLACEMENT_3D ( 'NONE', #2852, #8064, #778 ) ;
#402 = EDGE_CURVE ( 'NONE', #4092, #1021, #4285, .T. ) ;
#403 = AXIS2_PLACEMENT_3D ( 'NONE', #3882, #3144, #9117 ) ;
#404 = VECTOR ( 'NONE', #7113, 1000.000000000000114 ) ;
#405 = VERTEX_POINT ( 'NONE', #6682 ) ;
#406 = ADVANCED_FACE ( 'NONE', ( #50 ), #6730, .F. ) ;
#407 = CYLINDRICAL_SURFACE ( 'NONE', #2560, 0.5000000000000535127 ) ;
#408 = AXIS2_PLACEMENT_3D ( 'NONE', #8974, #2517, #3836 ) ;
#409 = DIRECTION ( 'NONE',  ( 0.4943022244880658222, 0.8692901189281687646, 0.000000000000000000 ) ) ;
#410 = ORIENTED_EDGE ( 'NONE', *, *, #4253, .F. ) ;
#411 = FACE_OUTER_BOUND ( 'NONE', #4237, .T. ) ;
#412 = CARTESIAN_POINT ( 'NONE',  ( 291.2818230294592468, 1001.506536842226637, -5.500000000000287770 ) ) ;
#413 = ORIENTED_EDGE ( 'NONE', *, *, #4500, .T. ) ;
#414 = DIRECTION ( 'NONE',  ( -1.000000000000000000, 0.000000000000000000, 0.000000000000000000 ) ) ;
#415 = DIRECTION ( 'NONE',  ( -0.000000000000000000, -0.000000000000000000, -1.000000000000000000 ) ) ;
#416 = VECTOR ( 'NONE', #6640, 1000.000000000000000 ) ;
#417 = VECTOR ( 'NONE', #7679, 1000.000000000000000 ) ;
#418 = ORIENTED_EDGE ( 'NONE', *, *, #1533, .F. ) ;
#419 = EDGE_CURVE ( 'NONE', #5118, #9065, #5183, .T. ) ;
#420 = DIRECTION ( 'NONE',  ( 0.000000000000000000, 0.000000000000000000, 1.000000000000000000 ) ) ;
#421 = CARTESIAN_POINT ( 'NONE',  ( -144.7252658310461015, 959.4528932137354786, -5.500000000000289546 ) ) ;
#422 = CYLINDRICAL_SURFACE ( 'NONE', #8910, 0.4999999999999205635 ) ;
#423 = ORIENTED_EDGE ( 'NONE', *, *, #7672, .T. ) ;
#424 = CARTESIAN_POINT ( 'NONE',  ( 335.6000266738298592, 1052.908107427123014, -5.500000000000287770 ) ) ;
#425 = VECTOR ( 'NONE', #7061, 999.9999999999998863 ) ;
#426 = CARTESIAN_POINT ( 'NONE',  ( 277.7537815706721176, 1002.652683465238965, 5.999999999999712230 ) ) ;
#427 = DIRECTION ( 'NONE',  ( 1.000000000000000000, -4.991449805108841820E-15, 0.000000000000000000 ) ) ;
#428 = VECTOR ( 'NONE', #9361, 1000.000000000000000 ) ;
#429 = AXIS2_PLACEMENT_3D ( 'NONE', #2834, #5639, #7952 ) ;
#430 = CARTESIAN_POINT ( 'NONE',  ( 315.9060685536227311, 1065.570186247951824, 5.934645059463678152 ) ) ;
#431 = EDGE_LOOP ( 'NONE', ( #6550, #4087, #1023 ) ) ;
#432 = DIRECTION ( 'NONE',  ( -0.000000000000000000, -0.000000000000000000, 1.000000000000000000 ) ) ;
#433 = CARTESIAN_POINT ( 'NONE',  ( 343.7169217884921864, 1113.199209766361719, 8.299999999999714717 ) ) ;
#434 = EDGE_CURVE ( 'NONE', #147, #6032, #8029, .T. ) ;
#435 = ORIENTED_EDGE ( 'NONE', *, *, #4852, .F. ) ;
#436 = CIRCLE ( 'NONE', #2456, 2.500000000000002220 ) ;
#437 = AXIS2_PLACEMENT_3D ( 'NONE', #7265, #2813, #684 ) ;
#438 = ORIENTED_EDGE ( 'NONE', *, *, #7294, .F. ) ;
#439 = CARTESIAN_POINT ( 'NONE',  ( 338.7165415596875278, 1117.916678719309175, 6.299999999999712941 ) ) ;
#440 = ORIENTED_EDGE ( 'NONE', *, *, #9066, .F. ) ;
#441 = ORIENTED_EDGE ( 'NONE', *, *, #2983, .T. ) ;
#442 = ADVANCED_FACE ( 'NONE', ( #8074 ), #3795, .F. ) ;
#443 = VECTOR ( 'NONE', #3439, 1000.000000000000000 ) ;
#444 = DIRECTION ( 'NONE',  ( 0.3502424885566311485, 0.9366590624179419455, 0.000000000000000000 ) ) ;
#445 = EDGE_CURVE ( 'NONE', #116, #5508, #6533, .T. ) ;
#446 = CARTESIAN_POINT ( 'NONE',  ( 283.0141617134383409, 1032.610901054764554, -5.954544782720956775 ) ) ;
#447 = VECTOR ( 'NONE', #5177, 1000.000000000000114 ) ;
#448 = LINE ( 'NONE', #7741, #710 ) ;
#449 = ADVANCED_FACE ( 'NONE', ( #4417 ), #744, .F. ) ;
#450 = DIRECTION ( 'NONE',  ( 1.000000000000000000, 0.000000000000000000, 0.000000000000000000 ) ) ;
#451 = ORIENTED_EDGE ( 'NONE', *, *, #2352, .F. ) ;
#452 = FACE_OUTER_BOUND ( 'NONE', #6431, .T. ) ;
#453 = VECTOR ( 'NONE', #9406, 1000.000000000000000 ) ;
#454 = VERTEX_POINT ( 'NONE', #2239 ) ;
#455 = LINE ( 'NONE', #1322, #8619 ) ;
#456 = CIRCLE ( 'NONE', #5850, 0.5000000000000004441 ) ;
#457 = FACE_OUTER_BOUND ( 'NONE', #4990, .T. ) ;
#458 = CARTESIAN_POINT ( 'NONE',  ( 334.0332462475978446, 1119.667891162092246, 6.299999999999712941 ) ) ;
#459 = EDGE_LOOP ( 'NONE', ( #6954, #1710, #7541, #4653, #5314, #3062, #5335 ) ) ;
#460 = CYLINDRICAL_SURFACE ( 'NONE', #6253, 3.000000000000002665 ) ;
#461 = DIRECTION ( 'NONE',  ( -0.000000000000000000, -0.000000000000000000, 1.000000000000000000 ) ) ;
#462 = ORIENTED_EDGE ( 'NONE', *, *, #6522, .T. ) ;
#463 = DIRECTION ( 'NONE',  ( 0.000000000000000000, 0.000000000000000000, 1.000000000000000000 ) ) ;
#464 = DIRECTION ( 'NONE',  ( -0.000000000000000000, 0.000000000000000000, 1.000000000000000000 ) ) ;
#465 = ORIENTED_EDGE ( 'NONE', *, *, #7294, .T. ) ;
#466 = EDGE_CURVE ( 'NONE', #1973, #4298, #9203, .T. ) ;
#467 = DIRECTION ( 'NONE',  ( 0.9366590624179419455, -0.3502424885566311485, 0.000000000000000000 ) ) ;
#468 = EDGE_LOOP ( 'NONE', ( #8084, #1362, #2839 ) ) ;
#469 = LINE ( 'NONE', #3288, #2274 ) ;
#470 = DIRECTION ( 'NONE',  ( 0.9848077530122086864, -0.1736481776669271393, 0.000000000000000000 ) ) ;
#471 = CARTESIAN_POINT ( 'NONE',  ( 281.9320979741949600, 1026.338790178242789, -6.000000000000287770 ) ) ;
#472 = ORIENTED_EDGE ( 'NONE', *, *, #4409, .F. ) ;
#473 = CARTESIAN_POINT ( 'NONE',  ( 292.2637384380227559, 1027.897229808968632, 5.499999999999711342 ) ) ;
#474 = CARTESIAN_POINT ( 'NONE',  ( 291.7986942289599028, 1082.445079133082572, 5.999999999999712230 ) ) ;
#475 = CARTESIAN_POINT ( 'NONE',  ( 299.2010771973447731, 1020.805337543060091, 5.999999999999711342 ) ) ;
#476 = ADVANCED_FACE ( 'NONE', ( #5951 ), #8893, .F. ) ;
#477 = CARTESIAN_POINT ( 'NONE',  ( 308.5509892228343460, 1047.860217294155518, -5.500000000000289546 ) ) ;
#478 = ORIENTED_EDGE ( 'NONE', *, *, #7286, .F. ) ;
#479 = DIRECTION ( 'NONE',  ( 0.8673302893362123678, -0.4977330300471954350, -0.000000000000000000 ) ) ;
#480 = CARTESIAN_POINT ( 'NONE',  ( 280.3802583216506719, 1003.018224043983537, 5.499999999999711342 ) ) ;
#481 = DIRECTION ( 'NONE',  ( -0.000000000000000000, 0.000000000000000000, 1.000000000000000000 ) ) ;
#482 = VERTEX_POINT ( 'NONE', #5092 ) ;
#483 = EDGE_CURVE ( 'NONE', #5673, #3900, #5233, .T. ) ;
#484 = ORIENTED_EDGE ( 'NONE', *, *, #1325, .T. ) ;
#485 = CARTESIAN_POINT ( 'NONE',  ( 280.3802583216506719, 1003.018224043983537, -5.500000000000287770 ) ) ;
#486 = ORIENTED_EDGE ( 'NONE', *, *, #83, .T. ) ;
#487 = ORIENTED_EDGE ( 'NONE', *, *, #5129, .T. ) ;
#488 = CARTESIAN_POINT ( 'NONE',  ( 300.3143838466119178, 1074.436046179389450, -5.500000000000287770 ) ) ;
#489 = LINE ( 'NONE', #8607, #7215 ) ;
#490 = CARTESIAN_POINT ( 'NONE',  ( 281.7746236047182151, 1059.079139943007476, 5.499999999999711342 ) ) ;
#491 = DIRECTION ( 'NONE',  ( 0.9838401286342943752, -0.1790491588610656215, 0.000000000000000000 ) ) ;
#492 = ORIENTED_EDGE ( 'NONE', *, *, #8994, .F. ) ;
#493 = DIRECTION ( 'NONE',  ( 0.3502424885566302049, 0.9366590624179422786, 0.000000000000000000 ) ) ;
#494 = VERTEX_POINT ( 'NONE', #1562 ) ;
#495 = CARTESIAN_POINT ( 'NONE',  ( 291.0807481615873371, 1001.048749885760799, 5.999999999999714007 ) ) ;
#496 = EDGE_CURVE ( 'NONE', #2503, #3303, #1353, .T. ) ;
#497 = DIRECTION ( 'NONE',  ( -0.4943022244884240357, -0.8692901189279650387, 0.000000000000000000 ) ) ;
#498 = CARTESIAN_POINT ( 'NONE',  ( 316.9048986467299187, 1068.169002111214240, 5.999999999999712230 ) ) ;
#499 = ORIENTED_EDGE ( 'NONE', *, *, #1699, .F. ) ;
#500 = EDGE_CURVE ( 'NONE', #5874, #5187, #830, .T. ) ;
#501 = DIRECTION ( 'NONE',  ( 0.8673302893362122568, -0.4977330300471953795, 0.000000000000000000 ) ) ;
#502 = CARTESIAN_POINT ( 'NONE',  ( 415.6588167945014334, 946.3300246440251158, 61.58012167084567778 ) ) ;
#503 = ORIENTED_EDGE ( 'NONE', *, *, #1396, .F. ) ;
#504 = PLANE ( 'NONE',  #8138 ) ;
#505 = VERTEX_POINT ( 'NONE', #936 ) ;
#506 = DIRECTION ( 'NONE',  ( -0.000000000000000000, -0.000000000000000000, 1.000000000000000000 ) ) ;
#507 = EDGE_CURVE ( 'NONE', #8503, #4983, #3269, .T. ) ;
#508 = LINE ( 'NONE', #2022, #6860 ) ;
#509 = EDGE_CURVE ( 'NONE', #7888, #7636, #2439, .T. ) ;
#510 = ORIENTED_EDGE ( 'NONE', *, *, #5686, .T. ) ;
#511 = EDGE_CURVE ( 'NONE', #1028, #2880, #2339, .T. ) ;
#512 = FACE_OUTER_BOUND ( 'NONE', #9532, .T. ) ;
#513 = DIRECTION ( 'NONE',  ( -0.9819849609590947104, 0.1889590867097032945, 0.000000000000000000 ) ) ;
#514 = AXIS2_PLACEMENT_3D ( 'NONE', #1499, #8016, #5791 ) ;
#515 = ORIENTED_EDGE ( 'NONE', *, *, #4297, .F. ) ;
#516 = DIRECTION ( 'NONE',  ( -0.000000000000000000, 1.000000000000000000, 0.000000000000000000 ) ) ;
#517 = DIRECTION ( 'NONE',  ( 1.000000000000000000, -1.332267629550186637E-12, 0.000000000000000000 ) ) ;
#518 = FACE_OUTER_BOUND ( 'NONE', #4398, .T. ) ;
#519 = EDGE_CURVE ( 'NONE', #1358, #4193, #101, .T. ) ;
#520 = AXIS2_PLACEMENT_3D ( 'NONE', #2249, #6739, #5817 ) ;
#521 = ADVANCED_FACE ( 'NONE', ( #3159 ), #7599, .F. ) ;
#522 = APPLICATION_CONTEXT ( 'configuration controlled 3d designs of mechanical parts and assemblies' ) ;
#523 = CARTESIAN_POINT ( 'NONE',  ( 323.7162132831609256, 1092.257574350464893, 61.58012167084567778 ) ) ;
#524 = DIRECTION ( 'NONE',  ( -0.4720078388547652715, -0.8815943511954088541, 0.000000000000000000 ) ) ;
#525 = ADVANCED_FACE ( 'NONE', ( #8220 ), #7558, .F. ) ;
#526 = CARTESIAN_POINT ( 'NONE',  ( 306.7691670765804020, 1041.276683316349590, 5.999999999999712230 ) ) ;
#527 = LINE ( 'NONE', #4173, #866 ) ;
#528 = DIRECTION ( 'NONE',  ( 1.000000000000000000, 0.000000000000000000, 5.204170427930416550E-15 ) ) ;
#529 = CIRCLE ( 'NONE', #5920, 0.5000000000000004441 ) ;
#530 = VERTEX_POINT ( 'NONE', #6006 ) ;
#531 = ORIENTED_EDGE ( 'NONE', *, *, #3143, .T. ) ;
#532 = DIRECTION ( 'NONE',  ( -0.8825811234812306338, 0.4701601434347756903, 0.000000000000000000 ) ) ;
#533 = VERTEX_POINT ( 'NONE', #2384 ) ;
#534 = EDGE_LOOP ( 'NONE', ( #2153, #1959 ) ) ;
#535 = VECTOR ( 'NONE', #8069, 1000.000000000000000 ) ;
#536 = CARTESIAN_POINT ( 'NONE',  ( 327.5413952400728590, 1138.830542578913537, 5.999999999999712230 ) ) ;
#537 = EDGE_CURVE ( 'NONE', #2520, #530, #9043, .T. ) ;
#538 = DIRECTION ( 'NONE',  ( -0.3502424885566279289, -0.9366590624179432778, 0.000000000000000000 ) ) ;
#539 = DIRECTION ( 'NONE',  ( -0.8673302893362496713, 0.4977330300471301539, 0.000000000000000000 ) ) ;
#540 = EDGE_CURVE ( 'NONE', #1683, #8024, #3067, .T. ) ;
#541 = ORIENTED_EDGE ( 'NONE', *, *, #2422, .T. ) ;
#542 = DIRECTION ( 'NONE',  ( 0.09337979908943011553, -0.9956305605605012543, 0.000000000000000000 ) ) ;
#543 = CIRCLE ( 'NONE', #9011, 6.090834774869047230 ) ;
#544 = VERTEX_POINT ( 'NONE', #882 ) ;
#545 = CARTESIAN_POINT ( 'NONE',  ( 303.0449430493875980, 1047.343807386886738, 5.499999999999713118 ) ) ;
#546 = LINE ( 'NONE', #8658, #7775 ) ;
#547 = CYLINDRICAL_SURFACE ( 'NONE', #3706, 3.000000000000002665 ) ;
#548 = AXIS2_PLACEMENT_3D ( 'NONE', #1906, #1187, #4150 ) ;
#549 = ORIENTED_EDGE ( 'NONE', *, *, #4128, .T. ) ;
#550 = DIRECTION ( 'NONE',  ( -0.4943022244884379135, -0.8692901189279571561, 0.000000000000000000 ) ) ;
#551 = CARTESIAN_POINT ( 'NONE',  ( 299.2484255372075950, 1021.022386367511217, -5.940797175597814395 ) ) ;
#552 = ORIENTED_EDGE ( 'NONE', *, *, #540, .T. ) ;
#553 = CYLINDRICAL_SURFACE ( 'NONE', #2749, 0.5000000000000004441 ) ;
#554 = VECTOR ( 'NONE', #6241, 1000.000000000000000 ) ;
#555 = EDGE_LOOP ( 'NONE', ( #9452, #115, #9430, #7275, #3162, #7221 ) ) ;
#556 = CARTESIAN_POINT ( 'NONE',  ( 292.2637384380227559, 1027.897229808968632, 5.499999999999711342 ) ) ;
#557 = AXIS2_PLACEMENT_3D ( 'NONE', #7874, #7058, #3484 ) ;
#558 = DIRECTION ( 'NONE',  ( -0.9833288001032886028, -0.1818363849382925723, 0.000000000000000000 ) ) ;
#559 = AXIS2_PLACEMENT_3D ( 'NONE', #290, #2371, #3785 ) ;
#560 = ORIENTED_EDGE ( 'NONE', *, *, #5997, .T. ) ;
#561 = AXIS2_PLACEMENT_3D ( 'NONE', #2955, #5940, #5894 ) ;
#562 = ADVANCED_FACE ( 'NONE', ( #3849 ), #6048, .F. ) ;
#563 = DIRECTION ( 'NONE',  ( -1.000000000000000000, 0.000000000000000000, 2.220446049250311061E-13 ) ) ;
#564 = CYLINDRICAL_SURFACE ( 'NONE', #4467, 0.5000000000001001421 ) ;
#565 = EDGE_CURVE ( 'NONE', #8174, #5047, #3995, .T. ) ;
#566 = ORIENTED_EDGE ( 'NONE', *, *, #1503, .T. ) ;
#567 = SPHERICAL_SURFACE ( 'NONE', #429, 0.5000000000000000000 ) ;
#568 = ADVANCED_FACE ( 'NONE', ( #1802 ), #5328, .T. ) ;
#569 = DIRECTION ( 'NONE',  ( 0.000000000000000000, 0.000000000000000000, 1.000000000000000000 ) ) ;
#570 = DIRECTION ( 'NONE',  ( -0.4021497357440186327, -0.9155739129316736724, 0.000000000000000000 ) ) ;
#571 = VECTOR ( 'NONE', #1469, 1000.000000000000114 ) ;
#572 = AXIS2_PLACEMENT_3D ( 'NONE', #3292, #7725, #1106 ) ;
#573 = MECHANICAL_CONTEXT ( 'NONE', #5828, 'mechanical' ) ;
#574 =( BOUNDED_CURVE ( )  B_SPLINE_CURVE ( 3, ( #8829, #2219, #5539, #7757 ),
 .UNSPECIFIED., .F., .T. ) 
 B_SPLINE_CURVE_WITH_KNOTS ( ( 4, 4 ),
 ( 0.1631530984705144571, 1.570796326794912767 ),
 .UNSPECIFIED. ) 
 CURVE ( )  GEOMETRIC_REPRESENTATION_ITEM ( )  RATIONAL_B_SPLINE_CURVE ( ( 1.000000000000000000, 0.8415831044588197862, 0.8415831044588197862, 1.000000000000000000 ) ) 
 REPRESENTATION_ITEM ( '' )  );
#575 = CYLINDRICAL_SURFACE ( 'NONE', #3250, 0.5000000000000004441 ) ;
#576 = CARTESIAN_POINT ( 'NONE',  ( 338.7165415596875846, 1117.916678719309175, 8.999999999999712230 ) ) ;
#577 = CARTESIAN_POINT ( 'NONE',  ( 300.8423041959673583, 1116.982560454410759, 10.74999999999971223 ) ) ;
#578 = CARTESIAN_POINT ( 'NONE',  ( 293.6468234429215727, 1049.383657031613893, 61.58012167084567778 ) ) ;
#579 = EDGE_CURVE ( 'NONE', #5801, #8186, #259, .T. ) ;
#580 = ORIENTED_EDGE ( 'NONE', *, *, #4086, .T. ) ;
#581 = ORIENTED_EDGE ( 'NONE', *, *, #7641, .F. ) ;
#582 = DIRECTION ( 'NONE',  ( -0.000000000000000000, -0.000000000000000000, -1.000000000000000000 ) ) ;
#583 = CIRCLE ( 'NONE', #742, 0.4999999999999388822 ) ;
#584 = AXIS2_PLACEMENT_3D ( 'NONE', #1189, #7938, #2019 ) ;
#585 = ORIENTED_EDGE ( 'NONE', *, *, #6663, .F. ) ;
#586 = ORIENTED_EDGE ( 'NONE', *, *, #1970, .T. ) ;
#587 = DIRECTION ( 'NONE',  ( -1.000000000000000000, 0.000000000000000000, 0.000000000000000000 ) ) ;
#588 = AXIS2_PLACEMENT_3D ( 'NONE', #5837, #29, #7290 ) ;
#589 = CIRCLE ( 'NONE', #6302, 0.4999999999999388822 ) ;
#590 = VECTOR ( 'NONE', #2482, 1000.000000000000114 ) ;
#591 = DIRECTION ( 'NONE',  ( -0.2245787224089114686, -0.9744559494616373829, 0.000000000000000000 ) ) ;
#592 = ORIENTED_EDGE ( 'NONE', *, *, #1401, .F. ) ;
#593 = EDGE_LOOP ( 'NONE', ( #6667, #3606, #3007, #1507 ) ) ;
#594 = CARTESIAN_POINT ( 'NONE',  ( 345.1878035724741380, 1012.037830857244444, -5.500000000000287770 ) ) ;
#595 = DIRECTION ( 'NONE',  ( 0.000000000000000000, 0.000000000000000000, -1.000000000000000000 ) ) ;
#596 = DIRECTION ( 'NONE',  ( 0.000000000000000000, 1.000000000000000000, -0.000000000000000000 ) ) ;
#597 = AXIS2_PLACEMENT_3D ( 'NONE', #3826, #174, #2177 ) ;
#598 = VECTOR ( 'NONE', #1059, 1000.000000000000000 ) ;
#599 = ORIENTED_EDGE ( 'NONE', *, *, #4937, .F. ) ;
#600 = EDGE_CURVE ( 'NONE', #5673, #7149, #9359, .T. ) ;
#601 = CYLINDRICAL_SURFACE ( 'NONE', #7944, 0.4999999999999388822 ) ;
#602 = CLOSED_SHELL ( 'NONE', ( #4388, #8758, #5232, #2180, #6289, #7446, #3975, #9380, #1182, #7081, #1509, #8870, #1891, #6561, #777 ) ) ;
#603 = CARTESIAN_POINT ( 'NONE',  ( 297.9109979982561640, 1046.360102390067368, -5.500000000000287770 ) ) ;
#604 = ORIENTED_EDGE ( 'NONE', *, *, #402, .T. ) ;
#605 = DIRECTION ( 'NONE',  ( 1.000000000000000000, 0.000000000000000000, 0.000000000000000000 ) ) ;
#606 = AXIS2_PLACEMENT_3D ( 'NONE', #6356, #7756, #4915 ) ;
#607 = VERTEX_POINT ( 'NONE', #4041 ) ;
#608 = DIRECTION ( 'NONE',  ( -0.1736481776669271671, -0.9848077530122086864, 0.000000000000000000 ) ) ;
#609 = FACE_OUTER_BOUND ( 'NONE', #771, .T. ) ;
#610 = ORIENTED_EDGE ( 'NONE', *, *, #6034, .F. ) ;
#611 = FACE_OUTER_BOUND ( 'NONE', #1158, .T. ) ;
#612 = CARTESIAN_POINT ( 'NONE',  ( 269.8466448106040048, 957.9488203634091406, 210.7946508136983255 ) ) ;
#613 = ORIENTED_EDGE ( 'NONE', *, *, #6505, .F. ) ;
#614 =( BOUNDED_CURVE ( )  B_SPLINE_CURVE ( 3, ( #4769, #5346, #8955, #8335 ),
 .UNSPECIFIED., .F., .T. ) 
 B_SPLINE_CURVE_WITH_KNOTS ( ( 4, 4 ),
 ( 1.243109786808587414, 1.570796326794878350 ),
 .UNSPECIFIED. ) 
 CURVE ( )  GEOMETRIC_REPRESENTATION_ITEM ( )  RATIONAL_B_SPLINE_CURVE ( ( 1.000000000000000000, 0.9910717939854232217, 0.9910717939854232217, 1.000000000000000000 ) ) 
 REPRESENTATION_ITEM ( '' )  );
#615 = EDGE_LOOP ( 'NONE', ( #2225, #3077, #9039 ) ) ;
#616 = SPHERICAL_SURFACE ( 'NONE', #5827, 0.5000000000000000000 ) ;
#617 = CARTESIAN_POINT ( 'NONE',  ( 341.7912167416586158, 1119.102250538167482, -13.25000000000028955 ) ) ;
#618 = CARTESIAN_POINT ( 'NONE',  ( 299.2167550684165462, 1020.847265123232773, 5.995535269260868994 ) ) ;
#619 = EDGE_CURVE ( 'NONE', #494, #3670, #6440, .T. ) ;
#620 = APPLICATION_PROTOCOL_DEFINITION ( 'international standard', 'config_control_design', 1994, #522 ) ;
#621 = ORIENTED_EDGE ( 'NONE', *, *, #2755, .T. ) ;
#622 = ADVANCED_FACE ( 'NONE', ( #6147 ), #4749, .T. ) ;
#623 = CARTESIAN_POINT ( 'NONE',  ( 303.0916329489322720, 1046.845992106606673, 61.58012167084567778 ) ) ;
#624 = DIRECTION ( 'NONE',  ( 0.000000000000000000, 0.000000000000000000, 1.000000000000000000 ) ) ;
#625 = CARTESIAN_POINT ( 'NONE',  ( 307.2170561058643443, 1043.902062441610951, -5.500000000000287770 ) ) ;
#626 = ORIENTED_EDGE ( 'NONE', *, *, #163, .F. ) ;
#627 = ORIENTED_EDGE ( 'NONE', *, *, #1412, .F. ) ;
#628 = CARTESIAN_POINT ( 'NONE',  ( 277.1999982274902550, 999.6517599098204983, -5.991845228109974997 ) ) ;
#629 =( BOUNDED_CURVE ( )  B_SPLINE_CURVE ( 3, ( #8442, #4027, #6416, #1838 ),
 .UNSPECIFIED., .F., .F. ) 
 B_SPLINE_CURVE_WITH_KNOTS ( ( 4, 4 ),
 ( 4.712388980384293546, 5.036634685638317066 ),
 .UNSPECIFIED. ) 
 CURVE ( )  GEOMETRIC_REPRESENTATION_ITEM ( )  RATIONAL_B_SPLINE_CURVE ( ( 1.000000000000000000, 0.9912579000570336252, 0.9912579000570336252, 1.000000000000000000 ) ) 
 REPRESENTATION_ITEM ( '' )  );
#630 = ORIENTED_EDGE ( 'NONE', *, *, #9463, .T. ) ;
#631 = EDGE_CURVE ( 'NONE', #6677, #7809, #7836, .T. ) ;
#632 = ORIENTED_EDGE ( 'NONE', *, *, #419, .T. ) ;
#633 = LINE ( 'NONE', #9515, #4442 ) ;
#634 = EDGE_CURVE ( 'NONE', #3412, #1382, #2898, .T. ) ;
#635 = DIRECTION ( 'NONE',  ( -0.1378466330839969445, 0.9904535858622584010, 0.000000000000000000 ) ) ;
#636 = CARTESIAN_POINT ( 'NONE',  ( 286.3293394524255291, 1047.784834723583799, 5.999999999999699796 ) ) ;
#637 = ORIENTED_EDGE ( 'NONE', *, *, #6294, .T. ) ;
#638 = ORIENTED_EDGE ( 'NONE', *, *, #6967, .F. ) ;
#639 = FACE_OUTER_BOUND ( 'NONE', #7951, .T. ) ;
#640 = FACE_OUTER_BOUND ( 'NONE', #4190, .T. ) ;
#641 = CARTESIAN_POINT ( 'NONE',  ( 299.3698933297970939, 1021.256805213345956, -5.500000000000287770 ) ) ;
#642 = EDGE_LOOP ( 'NONE', ( #5867, #5467, #6685, #3073 ) ) ;
#643 = DIRECTION ( 'NONE',  ( -0.1378466330839214771, 0.9904535858622688371, 0.000000000000000000 ) ) ;
#644 = DIRECTION ( 'NONE',  ( -0.3502424885566300938, -0.9366590624179422786, 0.000000000000000000 ) ) ;
#645 = EDGE_CURVE ( 'NONE', #6943, #1467, #3907, .T. ) ;
#646 = CARTESIAN_POINT ( 'NONE',  ( 344.7912167416586158, 1119.102250538167482, -8.300000000000288480 ) ) ;
#647 = VERTEX_POINT ( 'NONE', #9279 ) ;
#648 = DIRECTION ( 'NONE',  ( 0.000000000000000000, -1.000000000000000000, 0.000000000000000000 ) ) ;
#649 = VERTEX_POINT ( 'NONE', #2717 ) ;
#650 = DIRECTION ( 'NONE',  ( 1.000000000000000000, 0.000000000000000000, 0.000000000000000000 ) ) ;
#651 = DIRECTION ( 'NONE',  ( -0.9366590624179427227, 0.3502424885566290946, 0.000000000000000000 ) ) ;
#652 = ORIENTED_EDGE ( 'NONE', *, *, #3383, .T. ) ;
#653 = CARTESIAN_POINT ( 'NONE',  ( 298.9844294566352119, 1021.463183543108698, -5.500000000000287770 ) ) ;
#654 = DIRECTION ( 'NONE',  ( 1.000000000000000000, 0.000000000000000000, 0.000000000000000000 ) ) ;
#655 = EDGE_LOOP ( 'NONE', ( #6075, #3435, #827, #462 ) ) ;
#656 = EDGE_CURVE ( 'NONE', #7458, #2335, #7121, .T. ) ;
#657 = VERTEX_POINT ( 'NONE', #1316 ) ;
#658 = DIRECTION ( 'NONE',  ( 0.9888139587632133187, 0.1491541315385617184, -0.000000000000000000 ) ) ;
#659 = LINE ( 'NONE', #6552, #721 ) ;
#660 = SPHERICAL_SURFACE ( 'NONE', #4929, 0.5000000000000000000 ) ;
#661 = ADVANCED_FACE ( 'NONE', ( #5661 ), #4798, .F. ) ;
#662 = CYLINDRICAL_SURFACE ( 'NONE', #5847, 2.500000000000002220 ) ;
#663 = DIRECTION ( 'NONE',  ( -0.8692901189279573781, 0.4943022244884375249, 0.000000000000000000 ) ) ;
#664 = LINE ( 'NONE', #3627, #3056 ) ;
#665 = DIRECTION ( 'NONE',  ( 0.000000000000000000, 0.000000000000000000, -1.000000000000000000 ) ) ;
#666 = DIRECTION ( 'NONE',  ( 1.000000000000000000, 0.000000000000000000, 0.000000000000000000 ) ) ;
#667 = CARTESIAN_POINT ( 'NONE',  ( 269.8466448106040048, 957.9488203634091406, 210.7946508136983255 ) ) ;
#668 = ORIENTED_EDGE ( 'NONE', *, *, #9436, .F. ) ;
#669 = ORIENTED_EDGE ( 'NONE', *, *, #8790, .F. ) ;
#671 = CIRCLE ( 'NONE', #8993, 0.4999999999999621969 ) ;
#670 = FACE_OUTER_BOUND ( 'NONE', #9351, .T. ) ;
#672 = VERTEX_POINT ( 'NONE', #5566 ) ;
#673 = VERTEX_POINT ( 'NONE', #2770 ) ;
#674 = CARTESIAN_POINT ( 'NONE',  ( 302.3287354537989131, 1029.169683805351042, -5.936970720656517209 ) ) ;
#675 = AXIS2_PLACEMENT_3D ( 'NONE', #5718, #8616, #7030 ) ;
#676 = CARTESIAN_POINT ( 'NONE',  ( 308.7863256618659875, 1072.785445573195602, -5.500000000000287770 ) ) ;
#677 = EDGE_CURVE ( 'NONE', #3150, #134, #489, .T. ) ;
#678 = CARTESIAN_POINT ( 'NONE',  ( 275.1653034219292522, 956.5260851264006305, 210.7946508136983255 ) ) ;
#679 = EDGE_CURVE ( 'NONE', #8697, #4944, #3409, .T. ) ;
#680 = ORIENTED_EDGE ( 'NONE', *, *, #9360, .F. ) ;
#681 = EDGE_CURVE ( 'NONE', #2135, #1701, #5244, .T. ) ;
#682 =( BOUNDED_CURVE ( )  B_SPLINE_CURVE ( 3, ( #1750, #2483, #9125, #243 ),
 .UNSPECIFIED., .F., .F. ) 
 B_SPLINE_CURVE_WITH_KNOTS ( ( 4, 4 ),
 ( -2.575717417130363174E-14, 1.570796326794897446 ),
 .UNSPECIFIED. ) 
 CURVE ( )  GEOMETRIC_REPRESENTATION_ITEM ( )  RATIONAL_B_SPLINE_CURVE ( ( 1.000000000000000000, 0.8047378541243587202, 0.8047378541243587202, 1.000000000000000000 ) ) 
 REPRESENTATION_ITEM ( '' )  );
#683 = ORIENTED_EDGE ( 'NONE', *, *, #7098, .F. ) ;
#684 = DIRECTION ( 'NONE',  ( 1.000000000000000000, 0.000000000000000000, 0.000000000000000000 ) ) ;
#685 = CARTESIAN_POINT ( 'NONE',  ( 285.6169027367602666, 1000.718120100459146, 5.499999999999713118 ) ) ;
#686 = AXIS2_PLACEMENT_3D ( 'NONE', #8101, #1495, #666 ) ;
#687 = DIRECTION ( 'NONE',  ( -1.000000000000000000, 0.000000000000000000, 1.110223024625155531E-13 ) ) ;
#688 = VERTEX_POINT ( 'NONE', #3311 ) ;
#689 = CC_DESIGN_APPROVAL ( #3904, ( #5165 ) ) ;
#690 = EDGE_CURVE ( 'NONE', #7683, #3150, #9230, .T. ) ;
#691 = CYLINDRICAL_SURFACE ( 'NONE', #229, 0.5000000000000004441 ) ;
#692 = DIRECTION ( 'NONE',  ( 1.000000000000000000, 0.000000000000000000, 0.000000000000000000 ) ) ;
#693 = ORIENTED_EDGE ( 'NONE', *, *, #852, .T. ) ;
#694 = CYLINDRICAL_SURFACE ( 'NONE', #7087, 0.4999999999999201750 ) ;
#695 = EDGE_LOOP ( 'NONE', ( #2275, #2999, #4109, #6875, #8968 ) ) ;
#696 = DIRECTION ( 'NONE',  ( 0.000000000000000000, 0.000000000000000000, -1.000000000000000000 ) ) ;
#697 = EDGE_CURVE ( 'NONE', #2880, #4310, #4219, .T. ) ;
#698 = ORIENTED_CLOSED_SHELL ( 'NONE', *, #1380, .F. );
#699 = CARTESIAN_POINT ( 'NONE',  ( 285.8121845825280616, 1047.944346664687600, 5.999999999999628741 ) ) ;
#700 = VECTOR ( 'NONE', #8572, 1000.000000000000000 ) ;
#701 = ADVANCED_FACE ( 'NONE', ( #1944 ), #1123, .F. ) ;
#702 = VECTOR ( 'NONE', #1518, 999.9999999999998863 ) ;
#703 = VERTEX_POINT ( 'NONE', #2630 ) ;
#704 = CARTESIAN_POINT ( 'NONE',  ( 281.7746236047182151, 1059.079139943007476, -5.500000000000287770 ) ) ;
#705 = PLANE ( 'NONE',  #6772 ) ;
#706 = ORIENTED_EDGE ( 'NONE', *, *, #402, .F. ) ;
#707 = ORIENTED_EDGE ( 'NONE', *, *, #8852, .T. ) ;
#708 = DIRECTION ( 'NONE',  ( -0.9366590624179423896, 0.3502424885566300383, 0.000000000000000000 ) ) ;
#709 = FACE_OUTER_BOUND ( 'NONE', #8260, .T. ) ;
#710 = VECTOR ( 'NONE', #538, 999.9999999999998863 ) ;
#711 = DIRECTION ( 'NONE',  ( 0.1736481776669271393, 0.9848077530122086864, -0.000000000000000000 ) ) ;
#712 = ADVANCED_FACE ( 'NONE', ( #8506 ), #5712, .F. ) ;
#713 = CIRCLE ( 'NONE', #408, 2.500000000000002220 ) ;
#714 = VECTOR ( 'NONE', #4171, 1000.000000000000000 ) ;
#715 = DATE_TIME_ROLE ( 'creation_date' ) ;
#716 = CARTESIAN_POINT ( 'NONE',  ( 535.1788213953052491, 941.1765479710708178, 61.58012167084567778 ) ) ;
#717 = EDGE_CURVE ( 'NONE', #9036, #5578, #6130, .T. ) ;
#718 = DIRECTION ( 'NONE',  ( 0.000000000000000000, 0.000000000000000000, -1.000000000000000000 ) ) ;
#719 = DIRECTION ( 'NONE',  ( 1.000000000000000000, 0.000000000000000000, -0.000000000000000000 ) ) ;
#720 = CARTESIAN_POINT ( 'NONE',  ( 272.7112994139250759, 957.4437044664329051, 10.74999999999971223 ) ) ;
#721 = VECTOR ( 'NONE', #2882, 1000.000000000000114 ) ;
#722 = SPHERICAL_SURFACE ( 'NONE', #7810, 0.5000000000000000000 ) ;
#723 = DIRECTION ( 'NONE',  ( -0.9155739129317257419, 0.4021497357438998943, 0.000000000000000000 ) ) ;
#724 = ORIENTED_EDGE ( 'NONE', *, *, #1311, .F. ) ;
#725 = DIRECTION ( 'NONE',  ( -0.000000000000000000, -0.000000000000000000, -1.000000000000000000 ) ) ;
#726 = EDGE_LOOP ( 'NONE', ( #8377, #6819 ) ) ;
#727 = VECTOR ( 'NONE', #6930, 999.9999999999998863 ) ;
#728 = AXIS2_PLACEMENT_3D ( 'NONE', #319, #881, #3848 ) ;
#729 = ORIENTED_EDGE ( 'NONE', *, *, #1571, .T. ) ;
#730 = FACE_OUTER_BOUND ( 'NONE', #1551, .T. ) ;
#731 = DIRECTION ( 'NONE',  ( -0.000000000000000000, -1.000000000000000000, 0.000000000000000000 ) ) ;
#732 = DIRECTION ( 'NONE',  ( -1.000000000000000000, 0.000000000000000000, 0.000000000000000000 ) ) ;
#733 = ORIENTED_EDGE ( 'NONE', *, *, #1111, .T. ) ;
#734 = AXIS2_PLACEMENT_3D ( 'NONE', #5031, #7403, #775 ) ;
#735 = VECTOR ( 'NONE', #4957, 1000.000000000000000 ) ;
#736 = EDGE_LOOP ( 'NONE', ( #1548, #8159, #4666, #8500, #8326, #817 ) ) ;
#737 = FACE_OUTER_BOUND ( 'NONE', #1162, .T. ) ;
#738 = CARTESIAN_POINT ( 'NONE',  ( -94.68424262075269837, 1009.538749024027766, 5.499999999999713118 ) ) ;
#739 = CARTESIAN_POINT ( 'NONE',  ( 272.7112994139250759, 957.4437044664329051, 13.24999999999971401 ) ) ;
#740 = EDGE_CURVE ( 'NONE', #1051, #4064, #7923, .T. ) ;
#741 = ORIENTED_EDGE ( 'NONE', *, *, #3762, .T. ) ;
#742 = AXIS2_PLACEMENT_3D ( 'NONE', #2360, #909, #1543 ) ;
#743 = AXIS2_PLACEMENT_3D ( 'NONE', #9390, #4913, #2737 ) ;
#744 = CYLINDRICAL_SURFACE ( 'NONE', #3823, 0.5000000000000340838 ) ;
#745 = CARTESIAN_POINT ( 'NONE',  ( 289.5825343499053588, 1069.876611901634988, -6.000000000000313527 ) ) ;
#746 = DIRECTION ( 'NONE',  ( 1.000000000000000000, 0.000000000000000000, 0.000000000000000000 ) ) ;
#747 = VERTEX_POINT ( 'NONE', #6338 ) ;
#748 = CARTESIAN_POINT ( 'NONE',  ( 292.3383155037921028, 1027.402822829586967, -5.500000000000287770 ) ) ;
#749 = ORIENTED_EDGE ( 'NONE', *, *, #3535, .F. ) ;
#750 = CARTESIAN_POINT ( 'NONE',  ( 341.7912167416586158, 1119.102250538167482, 8.299999999999714717 ) ) ;
#751 = VECTOR ( 'NONE', #8182, 1000.000000000000000 ) ;
#753 = AXIS2_PLACEMENT_3D ( 'NONE', #1796, #1024, #9124 ) ;
#752 = CARTESIAN_POINT ( 'NONE',  ( 293.0969220393768637, 1078.255779363895272, 5.999999999999712230 ) ) ;
#754 = ORIENTED_EDGE ( 'NONE', *, *, #6706, .T. ) ;
#755 = CARTESIAN_POINT ( 'NONE',  ( 278.7859016074416445, 1006.449044960715696, 5.499999999999713118 ) ) ;
#756 = ORIENTED_EDGE ( 'NONE', *, *, #386, .T. ) ;
#757 = AXIS2_PLACEMENT_3D ( 'NONE', #612, #2063, #1344 ) ;
#758 = EDGE_CURVE ( 'NONE', #8141, #6837, #3372, .T. ) ;
#759 = ORIENTED_EDGE ( 'NONE', *, *, #2712, .F. ) ;
#760 = FACE_OUTER_BOUND ( 'NONE', #5687, .T. ) ;
#761 = CARTESIAN_POINT ( 'NONE',  ( 285.2261620020731812, 1045.170396605887845, 5.999999999999712230 ) ) ;
#762 = DIRECTION ( 'NONE',  ( -0.000000000000000000, 1.000000000000000000, 0.000000000000000000 ) ) ;
#763 = CIRCLE ( 'NONE', #6627, 0.4999999999999480416 ) ;
#764 = AXIS2_PLACEMENT_3D ( 'NONE', #1823, #7522, #210 ) ;
#765 = DIRECTION ( 'NONE',  ( -0.9882948916112388460, -0.1525555872956790016, -0.000000000000000000 ) ) ;
#766 = FACE_OUTER_BOUND ( 'NONE', #8890, .T. ) ;
#767 = DIRECTION ( 'NONE',  ( 0.000000000000000000, 0.000000000000000000, -1.000000000000000000 ) ) ;
#768 = CARTESIAN_POINT ( 'NONE',  ( 285.2342311744855010, 1045.216159156689173, 5.999999999999714007 ) ) ;
#769 = EDGE_CURVE ( 'NONE', #6506, #1899, #7348, .T. ) ;
#770 = LINE ( 'NONE', #5159, #3817 ) ;
#771 = EDGE_LOOP ( 'NONE', ( #4176, #6406, #42 ) ) ;
#772 = CARTESIAN_POINT ( 'NONE',  ( 279.5501109898323193, 982.5281748859821391, -13.25000000000028955 ) ) ;
#773 = EDGE_LOOP ( 'NONE', ( #5149, #6768, #4268, #8400, #2909, #8815 ) ) ;
#774 = ORIENTED_EDGE ( 'NONE', *, *, #1993, .T. ) ;
#775 = DIRECTION ( 'NONE',  ( 1.000000000000000000, 0.000000000000000000, 0.000000000000000000 ) ) ;
#776 = PLANE ( 'NONE',  #4116 ) ;
#777 = ADVANCED_FACE ( 'NONE', ( #730 ), #5168, .F. ) ;
#778 = DIRECTION ( 'NONE',  ( -0.4720078388553815008, -0.8815943511950790068, 0.000000000000000000 ) ) ;
#779 = VERTEX_POINT ( 'NONE', #9418 ) ;
#780 = EDGE_LOOP ( 'NONE', ( #53, #1378, #1808, #8 ) ) ;
#781 = DIRECTION ( 'NONE',  ( -1.000000000000000000, 0.000000000000000000, 0.000000000000000000 ) ) ;
#782 = DIRECTION ( 'NONE',  ( 0.9888139587631977756, 0.1491541315386649413, -0.000000000000000000 ) ) ;
#783 = ORIENTED_EDGE ( 'NONE', *, *, #8210, .F. ) ;
#784 = EDGE_LOOP ( 'NONE', ( #388, #1888, #6280, #6496 ) ) ;
#785 = DIRECTION ( 'NONE',  ( 0.4701601434347756348, 0.8825811234812305228, 0.000000000000000000 ) ) ;
#786 = CARTESIAN_POINT ( 'NONE',  ( 289.5924613659292959, 1069.932910807134022, -5.991051686244014185 ) ) ;
#787 = DIRECTION ( 'NONE',  ( 1.000000000000000000, 0.000000000000000000, -0.000000000000000000 ) ) ;
#788 = ORIENTED_EDGE ( 'NONE', *, *, #6716, .F. ) ;
#789 = FACE_OUTER_BOUND ( 'NONE', #7426, .T. ) ;
#790 = EDGE_CURVE ( 'NONE', #8435, #7809, #8166, .T. ) ;
#791 = ORIENTED_EDGE ( 'NONE', *, *, #4074, .F. ) ;
#792 = CYLINDRICAL_SURFACE ( 'NONE', #5702, 6.000000000000005329 ) ;
#793 = CARTESIAN_POINT ( 'NONE',  ( 277.1905606419952051, 999.5982367027811506, 5.999999999999713118 ) ) ;
#794 = ORIENTED_EDGE ( 'NONE', *, *, #8915, .F. ) ;
#795 = PLANE ( 'NONE',  #2854 ) ;
#796 = ORIENTED_EDGE ( 'NONE', *, *, #1571, .F. ) ;
#797 = VERTEX_POINT ( 'NONE', #7974 ) ;
#798 = DIRECTION ( 'NONE',  ( -0.000000000000000000, -0.000000000000000000, 1.000000000000000000 ) ) ;
#799 = EDGE_CURVE ( 'NONE', #4193, #8174, #633, .T. ) ;
#800 = DIRECTION ( 'NONE',  ( -0.6993660522065797691, -0.7147636847385179237, 0.000000000000000000 ) ) ;
#801 = CARTESIAN_POINT ( 'NONE',  ( 347.7912167416586158, 1119.102250538167482, 6.299999999999712941 ) ) ;
#802 = EDGE_CURVE ( 'NONE', #2715, #8828, #3549, .T. ) ;
#803 = EDGE_CURVE ( 'NONE', #3866, #8034, #8061, .T. ) ;
#804 = LINE ( 'NONE', #6849, #8163 ) ;
#805 = CARTESIAN_POINT ( 'NONE',  ( 315.8462804852044883, 1065.319869659405413, 5.999999999999712230 ) ) ;
#806 = CARTESIAN_POINT ( 'NONE',  ( 344.7912167416586158, 1119.102250538167482, 8.299999999999714717 ) ) ;
#807 = DIRECTION ( 'NONE',  ( -0.1491541315386305799, 0.9888139587632027716, 0.000000000000000000 ) ) ;
#808 = EDGE_CURVE ( 'NONE', #5790, #1382, #4877, .T. ) ;
#809 = CARTESIAN_POINT ( 'NONE',  ( 344.7912167416586158, 1119.102250538167482, -8.300000000000288480 ) ) ;
#810 = DIRECTION ( 'NONE',  ( 0.000000000000000000, 0.000000000000000000, -1.000000000000000000 ) ) ;
#811 = DIRECTION ( 'NONE',  ( -1.000000000000000000, 0.000000000000000000, 0.000000000000000000 ) ) ;
#812 = ORIENTED_EDGE ( 'NONE', *, *, #5193, .F. ) ;
#813 = DIRECTION ( 'NONE',  ( 0.1525555872956738668, -0.9882948916112397342, 0.000000000000000000 ) ) ;
#814 = EDGE_CURVE ( 'NONE', #9206, #1014, #6574, .T. ) ;
#815 = ADVANCED_FACE ( 'NONE', ( #4359 ), #1504, .F. ) ;
#816 = ADVANCED_FACE ( 'NONE', ( #4403 ), #9562, .F. ) ;
#817 = ORIENTED_EDGE ( 'NONE', *, *, #4999, .F. ) ;
#818 = DIRECTION ( 'NONE',  ( -0.000000000000000000, -0.000000000000000000, -1.000000000000000000 ) ) ;
#819 = DIRECTION ( 'NONE',  ( 0.000000000000000000, 0.000000000000000000, -1.000000000000000000 ) ) ;
#820 = DIRECTION ( 'NONE',  ( -0.000000000000000000, 0.000000000000000000, 1.000000000000000000 ) ) ;
#821 = AXIS2_PLACEMENT_3D ( 'NONE', #6712, #6813, #9201 ) ;
#822 = EDGE_LOOP ( 'NONE', ( #1601, #7584, #2571, #3777 ) ) ;
#823 = VERTEX_POINT ( 'NONE', #2903 ) ;
#824 = CARTESIAN_POINT ( 'NONE',  ( 316.4777116560372860, 1067.836730394397136, -5.792893218813747858 ) ) ;
#825 = DIRECTION ( 'NONE',  ( -1.000000000000000000, 0.000000000000000000, 0.000000000000000000 ) ) ;
#826 = ORIENTED_EDGE ( 'NONE', *, *, #519, .T. ) ;
#827 = ORIENTED_EDGE ( 'NONE', *, *, #7591, .T. ) ;
#828 = VECTOR ( 'NONE', #5337, 1000.000000000000000 ) ;
#829 = DIRECTION ( 'NONE',  ( 0.000000000000000000, 0.000000000000000000, -1.000000000000000000 ) ) ;
#830 = LINE ( 'NONE', #6784, #3676 ) ;
#831 = EDGE_CURVE ( 'NONE', #7210, #8024, #5851, .T. ) ;
#832 = CARTESIAN_POINT ( 'NONE',  ( 287.0381653959041159, 1053.176153886307475, 5.792893218813207845 ) ) ;
#833 = FACE_OUTER_BOUND ( 'NONE', #6355, .T. ) ;
#834 = VERTEX_POINT ( 'NONE', #8692 ) ;
#835 = DIRECTION ( 'NONE',  ( 1.000000000000000000, 0.000000000000000000, -0.000000000000000000 ) ) ;
#836 = VECTOR ( 'NONE', #2288, 1000.000000000000114 ) ;
#837 = EDGE_LOOP ( 'NONE', ( #4400, #5342, #5820, #1822, #5793 ) ) ;
#838 = CARTESIAN_POINT ( 'NONE',  ( 302.5189506855798527, 1143.242674677152309, 5.999999999999712230 ) ) ;
#839 = CARTESIAN_POINT ( 'NONE',  ( 315.8743980848317392, 1065.395065003673608, -5.993677054484373379 ) ) ;
#840 = ORIENTED_EDGE ( 'NONE', *, *, #2637, .F. ) ;
#841 = VECTOR ( 'NONE', #5688, 1000.000000000000227 ) ;
#842 = DIRECTION ( 'NONE',  ( -0.000000000000000000, -0.000000000000000000, -1.000000000000000000 ) ) ;
#843 = ORIENTED_EDGE ( 'NONE', *, *, #9510, .T. ) ;
#844 = ORIENTED_EDGE ( 'NONE', *, *, #2578, .T. ) ;
#845 = FACE_OUTER_BOUND ( 'NONE', #8190, .T. ) ;
#847 = CARTESIAN_POINT ( 'NONE',  ( 310.2336641944685880, 1050.309960569685245, 5.999999999999714007 ) ) ;
#846 = APPROVAL_PERSON_ORGANIZATION ( #8862, #5300, #1441 ) ;
#848 = EDGE_LOOP ( 'NONE', ( #3792, #1622, #370, #8691, #5091 ) ) ;
#849 = PLANE ( 'NONE',  #4622 ) ;
#850 = CIRCLE ( 'NONE', #7796, 8.000000000000007105 ) ;
#851 = ADVANCED_FACE ( 'NONE', ( #2183 ), #5892, .F. ) ;
#852 = EDGE_CURVE ( 'NONE', #5085, #1498, #7069, .T. ) ;
#853 = CARTESIAN_POINT ( 'NONE',  ( 285.2261620020731812, 1045.170396605887845, -6.000000000000287770 ) ) ;
#854 = LINE ( 'NONE', #3680, #6090 ) ;
#855 = CARTESIAN_POINT ( 'NONE',  ( 323.7162132831609256, 1092.257574350464893, 5.999999999999721112 ) ) ;
#856 = EDGE_CURVE ( 'NONE', #1201, #5582, #4292, .T. ) ;
#857 = VECTOR ( 'NONE', #4689, 1000.000000000000000 ) ;
#858 = LINE ( 'NONE', #3821, #8718 ) ;
#859 = DIRECTION ( 'NONE',  ( 1.000000000000000000, -5.551115123125777653E-14, 0.000000000000000000 ) ) ;
#860 = CARTESIAN_POINT ( 'NONE',  ( 292.2637384380228127, 1027.897229808968632, -5.500000000000289546 ) ) ;
#861 = DIRECTION ( 'NONE',  ( -1.000000000000000000, 0.000000000000000000, 0.000000000000000000 ) ) ;
#862 = AXIS2_PLACEMENT_3D ( 'NONE', #9461, #5995, #5035 ) ;
#863 = ORIENTED_EDGE ( 'NONE', *, *, #4469, .T. ) ;
#864 = CARTESIAN_POINT ( 'NONE',  ( 275.1653034219292522, 956.5260851264006305, -6.000000000000287770 ) ) ;
#865 = APPROVAL_PERSON_ORGANIZATION ( #3729, #4893, #2886 ) ;
#866 = VECTOR ( 'NONE', #4935, 1000.000000000000000 ) ;
#867 = CARTESIAN_POINT ( 'NONE',  ( 299.2484255372076518, 1020.962427638911095, -5.969098165505005937 ) ) ;
#868 = ORIENTED_EDGE ( 'NONE', *, *, #6083, .T. ) ;
#869 = DIRECTION ( 'NONE',  ( 0.000000000000000000, 0.000000000000000000, 1.000000000000000000 ) ) ;
#870 = AXIS2_PLACEMENT_3D ( 'NONE', #4073, #3538, #5507 ) ;
#871 = LINE ( 'NONE', #6918, #3190 ) ;
#872 = CARTESIAN_POINT ( 'NONE',  ( 293.4446468274427389, 1048.452176606665716, -5.500000000000287770 ) ) ;
#873 = EDGE_LOOP ( 'NONE', ( #3304, #2393, #8467, #7987 ) ) ;
#874 = ORIENTED_EDGE ( 'NONE', *, *, #3308, .F. ) ;
#875 = CARTESIAN_POINT ( 'NONE',  ( 287.1148595780574624, 1055.881732831323916, 5.989997540064407211 ) ) ;
#876 = VECTOR ( 'NONE', #8983, 1000.000000000000114 ) ;
#877 = FACE_OUTER_BOUND ( 'NONE', #4918, .T. ) ;
#878 = VECTOR ( 'NONE', #1782, 1000.000000000000227 ) ;
#879 = ORIENTED_EDGE ( 'NONE', *, *, #2951, .F. ) ;
#880 = ORIENTED_EDGE ( 'NONE', *, *, #6072, .F. ) ;
#881 = DIRECTION ( 'NONE',  ( 0.9366590624179419455, -0.3502424885566311485, 0.000000000000000000 ) ) ;
#882 = CARTESIAN_POINT ( 'NONE',  ( 292.0129897686949221, 1081.748042840140215, -5.500000000000289546 ) ) ;
#883 = DIRECTION ( 'NONE',  ( -0.000000000000000000, -0.000000000000000000, 1.000000000000000000 ) ) ;
#884 = CIRCLE ( 'NONE', #5674, 2.500000000000002220 ) ;
#885 = CARTESIAN_POINT ( 'NONE',  ( 285.6763592309337696, 1047.723591965167543, -5.500000000000287770 ) ) ;
#886 = VERTEX_POINT ( 'NONE', #39 ) ;
#887 = LINE ( 'NONE', #6099, #4162 ) ;
#888 = EDGE_CURVE ( 'NONE', #3540, #5439, #3000, .T. ) ;
#889 = ORIENTED_EDGE ( 'NONE', *, *, #4580, .T. ) ;
#890 = DIRECTION ( 'NONE',  ( 0.000000000000000000, 0.000000000000000000, -1.000000000000000000 ) ) ;
#891 = CARTESIAN_POINT ( 'NONE',  ( 344.7912167416586158, 1119.102250538167482, -6.300000000000287592 ) ) ;
#892 = AXIS2_PLACEMENT_3D ( 'NONE', #806, #169, #7580 ) ;
#893 = AXIS2_PLACEMENT_3D ( 'NONE', #7572, #6950, #951 ) ;
#894 = ORIENTED_EDGE ( 'NONE', *, *, #3483, .T. ) ;
#895 = CYLINDRICAL_SURFACE ( 'NONE', #3494, 5.005687066934383367 ) ;
#896 = EDGE_LOOP ( 'NONE', ( #6061, #6487, #7300, #4624, #627, #6545 ) ) ;
#897 = EDGE_LOOP ( 'NONE', ( #5743, #7574, #1461, #5757 ) ) ;
#898 = CARTESIAN_POINT ( 'NONE',  ( 302.5189506855798527, 1143.242674677152309, 5.999999999999712230 ) ) ;
#899 = AXIS2_PLACEMENT_3D ( 'NONE', #3413, #6984, #7125 ) ;
#900 = CIRCLE ( 'NONE', #6612, 0.5000000000000004441 ) ;
#901 = EDGE_CURVE ( 'NONE', #7562, #5532, #4630, .T. ) ;
#902 = DIRECTION ( 'NONE',  ( 1.000000000000000000, 0.000000000000000000, 0.000000000000000000 ) ) ;
#903 = EDGE_LOOP ( 'NONE', ( #4141, #8606, #2791, #4603 ) ) ;
#904 = DIRECTION ( 'NONE',  ( 0.000000000000000000, 0.000000000000000000, 1.000000000000000000 ) ) ;
#905 = VECTOR ( 'NONE', #9064, 1000.000000000000114 ) ;
#906 = VECTOR ( 'NONE', #7, 1000.000000000000114 ) ;
#907 = LINE ( 'NONE', #5257, #7243 ) ;
#908 = LINE ( 'NONE', #8780, #9474 ) ;
#909 = DIRECTION ( 'NONE',  ( 0.9882948916112397342, 0.1525555872956738668, 3.291683231358673996E-13 ) ) ;
#910 = CARTESIAN_POINT ( 'NONE',  ( 285.7848342726005626, 1048.235960104319247, -6.000000000000287770 ) ) ;
#911 = ORIENTED_EDGE ( 'NONE', *, *, #5526, .F. ) ;
#912 = CARTESIAN_POINT ( 'NONE',  ( 309.7653346632595799, 1050.485081813963461, 61.58012167084567778 ) ) ;
#913 = CARTESIAN_POINT ( 'NONE',  ( 308.5391745496217482, 1072.350800513731429, 5.999999999999714007 ) ) ;
#914 = CLOSED_SHELL ( 'NONE', ( #5368, #712, #1237, #2650, #978, #7801, #6604, #8988, #4626, #1516, #4759, #8905, #7675, #1952, #6659 ) ) ;
#915 = DIRECTION ( 'NONE',  ( 1.000000000000000000, 0.000000000000000000, 0.000000000000000000 ) ) ;
#916 = CIRCLE ( 'NONE', #764, 2.500000000000002220 ) ;
#917 = EDGE_CURVE ( 'NONE', #1044, #183, #7589, .T. ) ;
#918 = ORIENTED_EDGE ( 'NONE', *, *, #4483, .T. ) ;
#919 = CARTESIAN_POINT ( 'NONE',  ( 304.2601155478188275, 1072.483263060815716, 5.499999999999711342 ) ) ;
#920 = ADVANCED_FACE ( 'NONE', ( #3884 ), #9072, .F. ) ;
#921 = FACE_OUTER_BOUND ( 'NONE', #773, .T. ) ;
#922 = ORIENTED_EDGE ( 'NONE', *, *, #1744, .T. ) ;
#923 = CARTESIAN_POINT ( 'NONE',  ( 290.4314266824587776, 1072.481748370970308, -5.792893218813743417 ) ) ;
#924 = CYLINDRICAL_SURFACE ( 'NONE', #5348, 0.5000000000000004441 ) ;
#925 = CARTESIAN_POINT ( 'NONE',  ( 350.7407595012100501, 1119.878743263355318, 6.299999999999712941 ) ) ;
#926 =( BOUNDED_CURVE ( )  B_SPLINE_CURVE ( 3, ( #397, #4951, #2634, #1898 ),
 .UNSPECIFIED., .F., .T. ) 
 B_SPLINE_CURVE_WITH_KNOTS ( ( 4, 4 ),
 ( 4.549235881914196256, 4.712388980384689674 ),
 .UNSPECIFIED. ) 
 CURVE ( )  GEOMETRIC_REPRESENTATION_ITEM ( )  RATIONAL_B_SPLINE_CURVE ( ( 1.000000000000000000, 0.9977829854175672697, 0.9977829854175672697, 1.000000000000000000 ) ) 
 REPRESENTATION_ITEM ( '' )  );
#927 = VERTEX_POINT ( 'NONE', #6134 ) ;
#928 = ORIENTED_EDGE ( 'NONE', *, *, #8474, .T. ) ;
#929 = CARTESIAN_POINT ( 'NONE',  ( 269.8466448106040048, 957.9488203634091406, -6.000000000000287770 ) ) ;
#930 = EDGE_CURVE ( 'NONE', #4175, #7447, #884, .T. ) ;
#931 = DIRECTION ( 'NONE',  ( -0.000000000000000000, -0.000000000000000000, -1.000000000000000000 ) ) ;
#932 = ORIENTED_EDGE ( 'NONE', *, *, #7658, .T. ) ;
#933 = ORIENTED_EDGE ( 'NONE', *, *, #419, .F. ) ;
#934 = ADVANCED_FACE ( 'NONE', ( #7489 ), #2328, .F. ) ;
#935 = DIRECTION ( 'NONE',  ( -0.9904535858623644273, -0.1378466330832345543, 0.000000000000000000 ) ) ;
#936 = CARTESIAN_POINT ( 'NONE',  ( 278.7859016074416445, 1006.449044960715696, -5.500000000000289546 ) ) ;
#937 = CARTESIAN_POINT ( 'NONE',  ( 278.4895149562690904, 1006.964972689837509, 5.978844085883617154 ) ) ;
#938 = CARTESIAN_POINT ( 'NONE',  ( 327.5413952400728590, 1138.830542578913537, -6.000000000000287770 ) ) ;
#939 = VERTEX_POINT ( 'NONE', #1742 ) ;
#940 = PLANE ( 'NONE',  #3847 ) ;
#941 = VERTEX_POINT ( 'NONE', #7542 ) ;
#942 = CARTESIAN_POINT ( 'NONE',  ( 327.5413952400728590, 1138.830542578913537, -6.000000000000287770 ) ) ;
#943 = DIRECTION ( 'NONE',  ( 0.4977330300472448954, 0.8673302893361838350, 0.000000000000000000 ) ) ;
#944 = ADVANCED_FACE ( 'NONE', ( #5316 ), #5369, .T. ) ;
#945 =( BOUNDED_CURVE ( )  B_SPLINE_CURVE ( 3, ( #1804, #1083, #6295, #1226 ),
 .UNSPECIFIED., .F., .F. ) 
 B_SPLINE_CURVE_WITH_KNOTS ( ( 4, 4 ),
 ( 1.570796326794965836, 2.828772766406280947 ),
 .UNSPECIFIED. ) 
 CURVE ( )  GEOMETRIC_REPRESENTATION_ITEM ( )  RATIONAL_B_SPLINE_CURVE ( ( 1.000000000000000000, 0.8724154530797536555, 0.8724154530797536555, 1.000000000000000000 ) ) 
 REPRESENTATION_ITEM ( '' )  );
#946 = ORIENTED_EDGE ( 'NONE', *, *, #8073, .F. ) ;
#947 = EDGE_CURVE ( 'NONE', #6820, #7239, #6751, .T. ) ;
#948 = FACE_OUTER_BOUND ( 'NONE', #7487, .T. ) ;
#949 = ORIENTED_EDGE ( 'NONE', *, *, #9054, .T. ) ;
#950 = EDGE_LOOP ( 'NONE', ( #465, #7072, #486, #9451 ) ) ;
#951 = DIRECTION ( 'NONE',  ( 1.000000000000000000, 0.000000000000000000, 2.220446049250311061E-13 ) ) ;
#952 = CARTESIAN_POINT ( 'NONE',  ( 278.4945725988074514, 1006.993656006015044, 210.7946508136983255 ) ) ;
#953 = ORIENTED_EDGE ( 'NONE', *, *, #7245, .F. ) ;
#954 = LINE ( 'NONE', #4720, #9391 ) ;
#955 = VERTEX_POINT ( 'NONE', #5270 ) ;
#956 = EDGE_CURVE ( 'NONE', #195, #7781, #7372, .T. ) ;
#957 = CARTESIAN_POINT ( 'NONE',  ( 287.2922005561222250, 1053.030371257027127, 5.499999999999713118 ) ) ;
#958 = DIRECTION ( 'NONE',  ( 0.000000000000000000, 0.000000000000000000, 1.000000000000000000 ) ) ;
#959 = CARTESIAN_POINT ( 'NONE',  ( 338.7165415596875846, 1117.916678719309175, 8.999999999999712230 ) ) ;
#960 = ADVANCED_FACE ( 'NONE', ( #3834 ), #180, .F. ) ;
#961 = DIRECTION ( 'NONE',  ( 0.9904535858622802724, 0.1378466330838397369, -0.000000000000000000 ) ) ;
#962 = DIRECTION ( 'NONE',  ( -0.9882948916112389570, -0.1525555872956790293, 0.000000000000000000 ) ) ;
#963 = DIRECTION ( 'NONE',  ( 0.3502424885566279289, 0.9366590624179432778, 0.000000000000000000 ) ) ;
#964 = EDGE_LOOP ( 'NONE', ( #4047, #1795, #1827, #7594, #6105, #8090, #6251, #8600 ) ) ;
#965 = DIRECTION ( 'NONE',  ( 0.9888139587632027716, 0.1491541315386305799, -0.000000000000000000 ) ) ;
#966 = CARTESIAN_POINT ( 'NONE',  ( 300.8423041959673583, 1116.982560454410759, 10.74999999999971045 ) ) ;
#967 = EDGE_LOOP ( 'NONE', ( #3426, #6464, #1660, #1001 ) ) ;
#968 = DIRECTION ( 'NONE',  ( -1.000000000000000000, 0.000000000000000000, 0.000000000000000000 ) ) ;
#969 = LINE ( 'NONE', #2477, #2410 ) ;
#970 = CARTESIAN_POINT ( 'NONE',  ( 290.1951488119572673, 1072.654835648198286, 5.999999999999712230 ) ) ;
#971 = ORIENTED_EDGE ( 'NONE', *, *, #1450, .F. ) ;
#972 = EDGE_LOOP ( 'NONE', ( #5621, #9092, #268 ) ) ;
#973 = CARTESIAN_POINT ( 'NONE',  ( 287.1361268015833161, 1056.002345249459722, 5.999999999999712230 ) ) ;
#974 = CARTESIAN_POINT ( 'NONE',  ( 290.5757563929499838, 999.0861364164272800, 5.499999999999711342 ) ) ;
#975 = ORIENTED_EDGE ( 'NONE', *, *, #1638, .T. ) ;
#976 = EDGE_LOOP ( 'NONE', ( #541, #3485, #2453, #5179 ) ) ;
#977 = CARTESIAN_POINT ( 'NONE',  ( 278.7112994139250759, 957.4437044664329051, 8.999999999999712230 ) ) ;
#978 = ADVANCED_FACE ( 'NONE', ( #6080 ), #1702, .T. ) ;
#979 = DIRECTION ( 'NONE',  ( 0.000000000000000000, 0.000000000000000000, 1.000000000000000000 ) ) ;
#980 =( BOUNDED_CURVE ( )  B_SPLINE_CURVE ( 3, ( #6188, #824, #6872, #8261 ),
 .UNSPECIFIED., .F., .T. ) 
 B_SPLINE_CURVE_WITH_KNOTS ( ( 4, 4 ),
 ( 1.570796326794823949, 3.141592653589902362 ),
 .UNSPECIFIED. ) 
 CURVE ( )  GEOMETRIC_REPRESENTATION_ITEM ( )  RATIONAL_B_SPLINE_CURVE ( ( 1.000000000000000000, 0.8047378541243221939, 0.8047378541243221939, 1.000000000000000000 ) ) 
 REPRESENTATION_ITEM ( '' )  );
#981 = CARTESIAN_POINT ( 'NONE',  ( 297.9109979982562777, 1046.360102390067141, 61.58012167084567778 ) ) ;
#982 = EDGE_CURVE ( 'NONE', #8976, #6864, #4645, .T. ) ;
#983 = DIRECTION ( 'NONE',  ( -6.056086668155909021E-15, 2.660029538678213106E-15, 1.000000000000000000 ) ) ;
#984 = VERTEX_POINT ( 'NONE', #2476 ) ;
#985 = DIRECTION ( 'NONE',  ( -0.3502424885566311485, -0.9366590624179419455, 0.000000000000000000 ) ) ;
#986 = ADVANCED_FACE ( 'NONE', ( #4593 ), #230, .F. ) ;
#987 = EDGE_LOOP ( 'NONE', ( #652, #3281, #7969 ) ) ;
#988 = LINE ( 'NONE', #5336, #1390 ) ;
#989 = CARTESIAN_POINT ( 'NONE',  ( 286.2826495528807982, 1048.282650003864092, -6.000000000000282441 ) ) ;
#990 = VERTEX_POINT ( 'NONE', #6037 ) ;
#991 = DIRECTION ( 'NONE',  ( -0.000000000000000000, -0.000000000000000000, 1.000000000000000000 ) ) ;
#992 = ORIENTED_EDGE ( 'NONE', *, *, #1040, .T. ) ;
#993 = ADVANCED_FACE ( 'NONE', ( #7442 ), #6865, .F. ) ;
#994 = ORIENTED_EDGE ( 'NONE', *, *, #6115, .F. ) ;
#995 = DIRECTION ( 'NONE',  ( 0.8673302893363898924, -0.4977330300468862379, -0.000000000000000000 ) ) ;
#996 = CARTESIAN_POINT ( 'NONE',  ( 287.1592994992712988, 1055.412565527335573, -5.717933386527264794 ) ) ;
#997 = ORIENTED_EDGE ( 'NONE', *, *, #8168, .F. ) ;
#998 = CARTESIAN_POINT ( 'NONE',  ( 291.8848476277851773, 1001.241668894987697, -6.000000000000287770 ) ) ;
#999 =( BOUNDED_CURVE ( )  B_SPLINE_CURVE ( 3, ( #910, #1544, #2411, #8155 ),
 .UNSPECIFIED., .F., .F. ) 
 B_SPLINE_CURVE_WITH_KNOTS ( ( 4, 4 ),
 ( 3.141592653590050688, 4.712388980384715431 ),
 .UNSPECIFIED. ) 
 CURVE ( )  GEOMETRIC_REPRESENTATION_ITEM ( )  RATIONAL_B_SPLINE_CURVE ( ( 1.000000000000000000, 0.8047378541244196715, 0.8047378541244196715, 1.000000000000000000 ) ) 
 REPRESENTATION_ITEM ( '' )  );
#1000 = AXIS2_PLACEMENT_3D ( 'NONE', #6142, #186, #2523 ) ;
#1001 = ORIENTED_EDGE ( 'NONE', *, *, #1247, .F. ) ;
#1002 = FACE_OUTER_BOUND ( 'NONE', #655, .T. ) ;
#1003 = CARTESIAN_POINT ( 'NONE',  ( 315.8743980848317392, 1065.395065003673608, 5.993677054483796951 ) ) ;
#1004 = CARTESIAN_POINT ( 'NONE',  ( 292.2637384380225853, 1027.897229808968632, -5.500000000000287770 ) ) ;
#1005 = LOCAL_TIME ( 16, 5, 37.00000000000000000, #4345 ) ;
#1006 = FACE_OUTER_BOUND ( 'NONE', #5172, .T. ) ;
#1007 = DIRECTION ( 'NONE',  ( -1.000000000000000000, 0.000000000000000000, 0.000000000000000000 ) ) ;
#1008 = VECTOR ( 'NONE', #5303, 1000.000000000000000 ) ;
#1009 = CARTESIAN_POINT ( 'NONE',  ( 308.7863256618659307, 1072.785445573195602, -5.500000000000289546 ) ) ;
#1010 = EDGE_CURVE ( 'NONE', #3934, #4495, #6917, .T. ) ;
#1011 = VECTOR ( 'NONE', #4308, 1000.000000000000000 ) ;
#1012 = ADVANCED_FACE ( 'NONE', ( #8497 ), #1931, .T. ) ;
#1013 = CYLINDRICAL_SURFACE ( 'NONE', #2420, 0.4999999999999205635 ) ;
#1014 = VERTEX_POINT ( 'NONE', #1210 ) ;
#1015 = AXIS2_PLACEMENT_3D ( 'NONE', #8375, #3957, #3909 ) ;
#1016 = DIRECTION ( 'NONE',  ( -0.1491541315385348232, 0.9888139587632173155, 0.000000000000000000 ) ) ;
#1017 = CARTESIAN_POINT ( 'NONE',  ( 304.0129644355745313, 1072.048618001351770, 61.58012167084567778 ) ) ;
#1018 = AXIS2_PLACEMENT_3D ( 'NONE', #4135, #2045, #4898 ) ;
#1019 = CARTESIAN_POINT ( 'NONE',  ( 290.7208915543997136, 1072.526430867981389, 5.499999999999711342 ) ) ;
#1020 = AXIS2_PLACEMENT_3D ( 'NONE', #7643, #935, #7501 ) ;
#1021 = VERTEX_POINT ( 'NONE', #6276 ) ;
#1022 = VECTOR ( 'NONE', #819, 1000.000000000000000 ) ;
#1023 = ORIENTED_EDGE ( 'NONE', *, *, #3645, .F. ) ;
#1024 = DIRECTION ( 'NONE',  ( 0.000000000000000000, 0.000000000000000000, 1.000000000000000000 ) ) ;
#1025 = CARTESIAN_POINT ( 'NONE',  ( 278.2490083636031954, 1002.721606781781020, -6.000000000000282441 ) ) ;
#1026 = ORIENTED_EDGE ( 'NONE', *, *, #7712, .T. ) ;
#1027 = AXIS2_PLACEMENT_3D ( 'NONE', #4596, #7546, #3302 ) ;
#1028 = VERTEX_POINT ( 'NONE', #1261 ) ;
#1029 = CARTESIAN_POINT ( 'NONE',  ( 318.5510950119549989, 1107.293199775155244, 5.999999999999714007 ) ) ;
#1030 = CARTESIAN_POINT ( 'NONE',  ( 536.1674258442673136, 942.9151282089408141, 61.58012167084567778 ) ) ;
#1031 = DIRECTION ( 'NONE',  ( -0.4021497357439824949, -0.9155739129316896596, 0.000000000000000000 ) ) ;
#1032 = DIRECTION ( 'NONE',  ( -0.000000000000000000, 0.000000000000000000, 1.000000000000000000 ) ) ;
#1033 = EDGE_LOOP ( 'NONE', ( #7002, #5483, #9511, #3280 ) ) ;
#1034 = DIRECTION ( 'NONE',  ( 0.000000000000000000, 0.000000000000000000, 1.000000000000000000 ) ) ;
#1035 = VECTOR ( 'NONE', #3961, 1000.000000000000000 ) ;
#1036 = ORIENTED_EDGE ( 'NONE', *, *, #2352, .T. ) ;
#1037 = CARTESIAN_POINT ( 'NONE',  ( 269.9084903318414490, 1007.617763928633622, 5.499999999999711342 ) ) ;
#1038 = ADVANCED_FACE ( 'NONE', ( #6224 ), #1067, .F. ) ;
#1039 = DIRECTION ( 'NONE',  ( 0.8692901189279571561, -0.4943022244884379135, 0.000000000000000000 ) ) ;
#1040 = EDGE_CURVE ( 'NONE', #3412, #2520, #5556, .T. ) ;
#1041 = ORIENTED_EDGE ( 'NONE', *, *, #2024, .T. ) ;
#1042 = CIRCLE ( 'NONE', #3208, 0.5000000000000004441 ) ;
#1043 = CARTESIAN_POINT ( 'NONE',  ( 293.0573451995954883, 1004.375057263605868, 5.850080869034085751 ) ) ;
#1044 = VERTEX_POINT ( 'NONE', #7730 ) ;
#1045 = ORIENTED_EDGE ( 'NONE', *, *, #483, .T. ) ;
#1046 = CARTESIAN_POINT ( 'NONE',  ( 325.4985270866377505, 1096.843355851571914, -9.000000000000287770 ) ) ;
#1047 = DIRECTION ( 'NONE',  ( 0.000000000000000000, 0.000000000000000000, -1.000000000000000000 ) ) ;
#1048 = VERTEX_POINT ( 'NONE', #5504 ) ;
#1049 = CARTESIAN_POINT ( 'NONE',  ( 327.5413952400728590, 1138.830542578913537, -6.000000000000287770 ) ) ;
#1050 = VECTOR ( 'NONE', #7378, 1000.000000000000000 ) ;
#1051 = VERTEX_POINT ( 'NONE', #8542 ) ;
#1052 = LINE ( 'NONE', #4023, #8433 ) ;
#1053 = EDGE_CURVE ( 'NONE', #6524, #3585, #1203, .T. ) ;
#1054 = LINE ( 'NONE', #4780, #8861 ) ;
#1055 = VECTOR ( 'NONE', #3820, 1000.000000000000000 ) ;
#1056 = CIRCLE ( 'NONE', #8761, 3.000000000000002665 ) ;
#1057 = FACE_OUTER_BOUND ( 'NONE', #1705, .T. ) ;
#1058 = ORIENTED_EDGE ( 'NONE', *, *, #5285, .T. ) ;
#1059 = DIRECTION ( 'NONE',  ( 0.3248897391129401679, -0.9457519005633167053, 0.000000000000000000 ) ) ;
#1060 = CARTESIAN_POINT ( 'NONE',  ( 278.4507477377494524, 1003.865727626677995, 5.999999999999714007 ) ) ;
#1061 = DIRECTION ( 'NONE',  ( 0.000000000000000000, 0.000000000000000000, -1.000000000000000000 ) ) ;
#1062 = AXIS2_PLACEMENT_3D ( 'NONE', #6467, #6324, #6418 ) ;
#1063 = AXIS2_PLACEMENT_3D ( 'NONE', #8797, #8067, #5175 ) ;
#1064 = CARTESIAN_POINT ( 'NONE',  ( 309.3921919229467221, 1047.436919057274736, 5.999999999999712230 ) ) ;
#1065 = ORIENTED_EDGE ( 'NONE', *, *, #5235, .F. ) ;
#1066 = EDGE_CURVE ( 'NONE', #1175, #7377, #4032, .T. ) ;
#1067 = CYLINDRICAL_SURFACE ( 'NONE', #7680, 2.500000000000002220 ) ;
#1068 = FACE_OUTER_BOUND ( 'NONE', #5225, .T. ) ;
#1069 = VECTOR ( 'NONE', #2600, 1000.000000000000227 ) ;
#1070 = CIRCLE ( 'NONE', #2771, 0.4999999999999681921 ) ;
#1071 = FACE_OUTER_BOUND ( 'NONE', #1296, .T. ) ;
#1072 = ORIENTED_EDGE ( 'NONE', *, *, #8788, .F. ) ;
#1073 = ORIENTED_EDGE ( 'NONE', *, *, #4651, .T. ) ;
#1074 = CARTESIAN_POINT ( 'NONE',  ( 291.4172059663841310, 1079.547845827952187, -6.000000000000324185 ) ) ;
#1075 = CLOSED_SHELL ( 'NONE', ( #1940, #7431, #6632, #4197, #622, #9457, #5203, #3989, #3215, #5246, #1363, #4251, #2136, #6671, #3468, #6050, #8643, #6383, #9356, #4127, #2037, #2583, #6131, #2863, #2363, #5267, #5413 ) ) ;
#1076 = ORIENTED_EDGE ( 'NONE', *, *, #5529, .T. ) ;
#1077 = CIRCLE ( 'NONE', #6476, 0.5000000000000004441 ) ;
#1078 = ORIENTED_EDGE ( 'NONE', *, *, #9128, .F. ) ;
#1079 = CARTESIAN_POINT ( 'NONE',  ( 291.6813713396050503, 1002.066963294542234, 5.792893218813119915 ) ) ;
#1080 = CARTESIAN_POINT ( 'NONE',  ( 287.5971862414874067, 1055.737758027179098, 210.7946508136983255 ) ) ;
#1081 = EDGE_CURVE ( 'NONE', #6677, #3543, #9219, .T. ) ;
#1082 = DIRECTION ( 'NONE',  ( 1.000000000000000000, 0.000000000000000000, 0.000000000000000000 ) ) ;
#1083 = CARTESIAN_POINT ( 'NONE',  ( 277.4099267459366729, 1000.080731315011121, 5.724788510344611225 ) ) ;
#1084 = ORIENTED_EDGE ( 'NONE', *, *, #4123, .T. ) ;
#1085 = FACE_OUTER_BOUND ( 'NONE', #1264, .T. ) ;
#1086 = ORIENTED_EDGE ( 'NONE', *, *, #9275, .F. ) ;
#1087 = FACE_OUTER_BOUND ( 'NONE', #8415, .T. ) ;
#1088 = CYLINDRICAL_SURFACE ( 'NONE', #1300, 2.500000000000002220 ) ;
#1089 = CARTESIAN_POINT ( 'NONE',  ( 309.0681440927318704, 1047.700705353051490, 5.999999999999746869 ) ) ;
#1090 = ORIENTED_EDGE ( 'NONE', *, *, #7064, .T. ) ;
#1091 = CARTESIAN_POINT ( 'NONE',  ( 292.3383155037921028, 1027.402822829586967, 5.499999999999711342 ) ) ;
#1092 = DIRECTION ( 'NONE',  ( -0.000000000000000000, -0.000000000000000000, -1.000000000000000000 ) ) ;
#1093 = ORIENTED_EDGE ( 'NONE', *, *, #2028, .T. ) ;
#1094 = CARTESIAN_POINT ( 'NONE',  ( 325.4985270866377505, 1096.843355851571914, -9.000000000000287770 ) ) ;
#1095 = DIRECTION ( 'NONE',  ( 1.000000000000000000, 0.000000000000000000, 0.000000000000000000 ) ) ;
#1096 = ORIENTED_EDGE ( 'NONE', *, *, #9436, .T. ) ;
#1097 = DIRECTION ( 'NONE',  ( 1.000000000000000000, 0.000000000000000000, 0.000000000000000000 ) ) ;
#1098 = EDGE_LOOP ( 'NONE', ( #1346, #1659, #5513, #3371 ) ) ;
#1099 = LINE ( 'NONE', #1778, #3042 ) ;
#1100 = DIRECTION ( 'NONE',  ( -0.000000000000000000, -0.000000000000000000, 1.000000000000000000 ) ) ;
#1101 = CARTESIAN_POINT ( 'NONE',  ( 286.8775645803953012, 962.3885747504825758, 5.999999999999712230 ) ) ;
#1102 = EDGE_CURVE ( 'NONE', #7778, #3657, #1843, .T. ) ;
#1103 = ORIENTED_EDGE ( 'NONE', *, *, #386, .F. ) ;
#1104 = DIRECTION ( 'NONE',  ( 0.6993660522065789920, 0.7147636847385188119, -0.000000000000000000 ) ) ;
#1105 = ADVANCED_FACE ( 'NONE', ( #9268 ), #2662, .T. ) ;
#1106 = DIRECTION ( 'NONE',  ( 0.9366590624179427227, -0.3502424885566290946, 0.000000000000000000 ) ) ;
#1107 = FACE_OUTER_BOUND ( 'NONE', #3018, .T. ) ;
#1108 = ADVANCED_FACE ( 'NONE', ( #1112 ), #7150, .F. ) ;
#1109 = FACE_OUTER_BOUND ( 'NONE', #91, .T. ) ;
#1110 = ORIENTED_EDGE ( 'NONE', *, *, #3256, .F. ) ;
#1111 = EDGE_CURVE ( 'NONE', #9342, #5363, #5861, .T. ) ;
#1112 = FACE_OUTER_BOUND ( 'NONE', #7842, .T. ) ;
#1113 = CARTESIAN_POINT ( 'NONE',  ( 308.9187751224941394, 1126.947248346222750, -6.000000000000287770 ) ) ;
#1114 = CARTESIAN_POINT ( 'NONE',  ( 347.7912167416586158, 1119.102250538167482, -13.25000000000028955 ) ) ;
#1115 = EDGE_CURVE ( 'NONE', #8181, #7346, #7011, .T. ) ;
#1116 = VERTEX_POINT ( 'NONE', #8450 ) ;
#1117 = ORIENTED_EDGE ( 'NONE', *, *, #4344, .T. ) ;
#1118 = DIRECTION ( 'NONE',  ( -0.000000000000000000, 0.000000000000000000, 1.000000000000000000 ) ) ;
#1119 = EDGE_CURVE ( 'NONE', #4552, #4987, #4117, .T. ) ;
#1120 = ORIENTED_EDGE ( 'NONE', *, *, #6589, .T. ) ;
#1121 = VERTEX_POINT ( 'NONE', #9311 ) ;
#1122 = CARTESIAN_POINT ( 'NONE',  ( 339.5354375298346099, 1160.300838090886600, -6.300000000000287592 ) ) ;
#1123 = PLANE ( 'NONE',  #4745 ) ;
#1124 = CARTESIAN_POINT ( 'NONE',  ( 292.2637384380228696, 1027.897229808968632, 5.499999999999711342 ) ) ;
#1125 = CARTESIAN_POINT ( 'NONE',  ( 344.7912167416586158, 1119.102250538167482, -13.25000000000028955 ) ) ;
#1126 = ORIENTED_EDGE ( 'NONE', *, *, #4641, .T. ) ;
#1127 = CARTESIAN_POINT ( 'NONE',  ( -154.5573143732661947, 1001.262601809380158, 5.499999999999713118 ) ) ;
#1128 = ORIENTED_EDGE ( 'NONE', *, *, #8089, .F. ) ;
#1129 = CARTESIAN_POINT ( 'NONE',  ( 303.0916329489321015, 1046.845992106606673, -5.500000000000287770 ) ) ;
#1130 = EDGE_CURVE ( 'NONE', #7400, #3150, #4598, .T. ) ;
#1131 = DIRECTION ( 'NONE',  ( 0.8692901189279650387, -0.4943022244884240357, 0.000000000000000000 ) ) ;
#1132 = CARTESIAN_POINT ( 'NONE',  ( 291.9620504030801840, 1025.222982997583358, -5.500000000000287770 ) ) ;
#1133 = EDGE_LOOP ( 'NONE', ( #5555, #7518, #3986, #9001, #3085 ) ) ;
#1134 = DIRECTION ( 'NONE',  ( 0.4977330300472448954, 0.8673302893361838350, 0.000000000000000000 ) ) ;
#1135 = CARTESIAN_POINT ( 'NONE',  ( 331.1950601088341273, 1158.572179699236813, 8.799999999999712941 ) ) ;
#1136 = EDGE_LOOP ( 'NONE', ( #7613, #6167, #6876, #4164 ) ) ;
#1137 = DIRECTION ( 'NONE',  ( 0.1815689199582223023, -0.9833782218989826074, 0.000000000000000000 ) ) ;
#1138 = CARTESIAN_POINT ( 'NONE',  ( 280.3802583216506719, 1003.018224043983537, -5.500000000000287770 ) ) ;
#1139 = AXIS2_PLACEMENT_3D ( 'NONE', #1996, #4941, #2574 ) ;
#1140 = VERTEX_POINT ( 'NONE', #2618 ) ;
#1141 = LINE ( 'NONE', #6454, #7402 ) ;
#1142 = CARTESIAN_POINT ( 'NONE',  ( 344.7912167416586158, 1119.102250538167482, 6.299999999999712941 ) ) ;
#1143 = ORIENTED_EDGE ( 'NONE', *, *, #3570, .T. ) ;
#1144 = EDGE_CURVE ( 'NONE', #1727, #1358, #3486, .T. ) ;
#1145 = PLANE ( 'NONE',  #7677 ) ;
#1146 = AXIS2_PLACEMENT_3D ( 'NONE', #5040, #497, #1131 ) ;
#1147 = CARTESIAN_POINT ( 'NONE',  ( 343.5651130681958989, 1032.601665803702190, -6.000000000000287770 ) ) ;
#1148 = LINE ( 'NONE', #1877, #1831 ) ;
#1149 = VERTEX_POINT ( 'NONE', #8395 ) ;
#1150 = FACE_OUTER_BOUND ( 'NONE', #7506, .T. ) ;
#1151 = PLANE ( 'NONE',  #572 ) ;
#1152 = CARTESIAN_POINT ( 'NONE',  ( 298.5785918785733202, 1049.435881603485768, -5.500000000000287770 ) ) ;
#1153 = ADVANCED_FACE ( 'NONE', ( #1789 ), #4738, .F. ) ;
#1154 = VECTOR ( 'NONE', #4413, 1000.000000000000000 ) ;
#1155 = EDGE_CURVE ( 'NONE', #1950, #8439, #7964, .T. ) ;
#1156 = EDGE_CURVE ( 'NONE', #4378, #2493, #2840, .T. ) ;
#1157 = DIRECTION ( 'NONE',  ( -0.3502424885566279289, -0.9366590624179432778, 0.000000000000000000 ) ) ;
#1158 = EDGE_LOOP ( 'NONE', ( #6228, #1345, #3255, #7094 ) ) ;
#1159 = CARTESIAN_POINT ( 'NONE',  ( 275.1653034219292522, 956.5260851264006305, -6.000000000000287770 ) ) ;
#1160 = AXIS2_PLACEMENT_3D ( 'NONE', #1542, #4530, #5258 ) ;
#1161 = LINE ( 'NONE', #2214, #5485 ) ;
#1162 = EDGE_LOOP ( 'NONE', ( #4321, #7155, #288, #5121, #3175, #4363 ) ) ;
#1163 = AXIS2_PLACEMENT_3D ( 'NONE', #577, #8100, #7249 ) ;
#1164 = ORIENTED_EDGE ( 'NONE', *, *, #1277, .F. ) ;
#1165 = SPHERICAL_SURFACE ( 'NONE', #2609, 0.5000000000000000000 ) ;
#1166 = AXIS2_PLACEMENT_3D ( 'NONE', #3079, #5146, #4431 ) ;
#1167 = ORIENTED_EDGE ( 'NONE', *, *, #284, .F. ) ;
#1168 = ORIENTED_EDGE ( 'NONE', *, *, #1829, .F. ) ;
#1169 = CARTESIAN_POINT ( 'NONE',  ( 327.5413952400728590, 1138.830542578913537, 5.999999999999712230 ) ) ;
#1170 = CARTESIAN_POINT ( 'NONE',  ( 290.7629172782567366, 999.0039292898318308, -5.704419198344900188 ) ) ;
#1171 = VECTOR ( 'NONE', #4705, 1000.000000000000114 ) ;
#1172 = CARTESIAN_POINT ( 'NONE',  ( 291.6514694178832201, 1025.276592801367542, -5.500000000000289546 ) ) ;
#1173 = LINE ( 'NONE', #5750, #6726 ) ;
#1174 = VECTOR ( 'NONE', #4499, 1000.000000000000000 ) ;
#1175 = VERTEX_POINT ( 'NONE', #8781 ) ;
#1176 = DIRECTION ( 'NONE',  ( -0.9366590624179422786, 0.3502424885566302049, 0.000000000000000000 ) ) ;
#1177 = ORIENTED_EDGE ( 'NONE', *, *, #5640, .T. ) ;
#1178 = CARTESIAN_POINT ( 'NONE',  ( 327.5413952400728590, 1138.830542578913537, 5.999999999999712230 ) ) ;
#1179 = AXIS2_PLACEMENT_3D ( 'NONE', #4885, #481, #7878 ) ;
#1180 = VECTOR ( 'NONE', #1157, 999.9999999999998863 ) ;
#1181 = DIRECTION ( 'NONE',  ( -0.3502424885566300938, -0.9366590624179422786, -0.000000000000000000 ) ) ;
#1182 = ADVANCED_FACE ( 'NONE', ( #2800 ), #7336, .F. ) ;
#1183 = VERTEX_POINT ( 'NONE', #1402 ) ;
#1184 = DIRECTION ( 'NONE',  ( -0.6993660522065797691, -0.7147636847385180348, 0.000000000000000000 ) ) ;
#1185 = EDGE_CURVE ( 'NONE', #2846, #834, #5019, .T. ) ;
#1186 = VECTOR ( 'NONE', #7146, 1000.000000000000000 ) ;
#1187 = DIRECTION ( 'NONE',  ( -0.000000000000000000, 0.000000000000000000, 1.000000000000000000 ) ) ;
#1188 = ORIENTED_EDGE ( 'NONE', *, *, #3590, .T. ) ;
#1189 = CARTESIAN_POINT ( 'NONE',  ( 327.5413952400728590, 1138.830542578913537, 5.999999999999712230 ) ) ;
#1190 = CARTESIAN_POINT ( 'NONE',  ( 320.4459283793966620, 1077.620781241496843, 5.999999999999712230 ) ) ;
#1191 = ORIENTED_EDGE ( 'NONE', *, *, #1229, .T. ) ;
#1192 = DIRECTION ( 'NONE',  ( 0.4977330300469943736, 0.8673302893363276089, 0.000000000000000000 ) ) ;
#1193 = CARTESIAN_POINT ( 'NONE',  ( 280.3802583216506719, 1003.018224043983537, 5.499999999999711342 ) ) ;
#1194 = AXIS2_PLACEMENT_3D ( 'NONE', #7312, #643, #7269 ) ;
#1195 = VECTOR ( 'NONE', #1047, 1000.000000000000000 ) ;
#1196 = ORIENTED_EDGE ( 'NONE', *, *, #4382, .T. ) ;
#1197 = DIRECTION ( 'NONE',  ( 1.000000000000000000, 0.000000000000000000, -0.000000000000000000 ) ) ;
#1198 = CARTESIAN_POINT ( 'NONE',  ( 272.7112994139250759, 957.4437044664329051, -10.75000000000028777 ) ) ;
#1199 = DIRECTION ( 'NONE',  ( -0.4021497357438804099, -0.9155739129317345126, 0.000000000000000000 ) ) ;
#1200 = EDGE_CURVE ( 'NONE', #7400, #1313, #9376, .T. ) ;
#1201 = VERTEX_POINT ( 'NONE', #9407 ) ;
#1202 = SPHERICAL_SURFACE ( 'NONE', #6608, 0.5000000000000000000 ) ;
#1203 = CIRCLE ( 'NONE', #6448, 0.5000000000000004441 ) ;
#1204 = CARTESIAN_POINT ( 'NONE',  ( 291.7986942289599028, 1082.445079133082572, -6.000000000000287770 ) ) ;
#1205 = CARTESIAN_POINT ( 'NONE',  ( 414.8545173231289027, 944.4988768180915031, 61.58012167084567778 ) ) ;
#1206 = AXIS2_PLACEMENT_3D ( 'NONE', #6705, #71, #3920 ) ;
#1207 = AXIS2_PLACEMENT_3D ( 'NONE', #7816, #9352, #1978 ) ;
#1208 = CARTESIAN_POINT ( 'NONE',  ( 303.8423041959673583, 1116.982560454410759, 10.74999999999971045 ) ) ;
#1209 = EDGE_LOOP ( 'NONE', ( #7640, #7734, #1230, #4129 ) ) ;
#1210 = CARTESIAN_POINT ( 'NONE',  ( 290.8331880951891435, 998.4269585144542134, 5.999999999999712230 ) ) ;
#1211 = CARTESIAN_POINT ( 'NONE',  ( 331.1950601088341273, 1158.572179699236813, 6.299999999999713829 ) ) ;
#1212 = ADVANCED_FACE ( 'NONE', ( #3536 ), #4307, .F. ) ;
#1213 = CARTESIAN_POINT ( 'NONE',  ( 304.5877450729032034, 1075.172873751232828, 5.999999999999712230 ) ) ;
#1214 = ORIENTED_EDGE ( 'NONE', *, *, #5359, .F. ) ;
#1215 = AXIS2_PLACEMENT_3D ( 'NONE', #8513, #7889, #4844 ) ;
#1216 = ORIENTED_EDGE ( 'NONE', *, *, #537, .T. ) ;
#1217 = FACE_OUTER_BOUND ( 'NONE', #5772, .T. ) ;
#1218 = ADVANCED_FACE ( 'NONE', ( #9448 ), #7913, .F. ) ;
#1219 = ORIENTED_EDGE ( 'NONE', *, *, #7473, .F. ) ;
#1220 = ORIENTED_EDGE ( 'NONE', *, *, #2107, .F. ) ;
#1221 = VECTOR ( 'NONE', #2415, 1000.000000000000000 ) ;
#1222 = LINE ( 'NONE', #2579, #5625 ) ;
#1223 = CARTESIAN_POINT ( 'NONE',  ( 338.7165415596875846, 1117.916678719309175, 8.999999999999712230 ) ) ;
#1224 = AXIS2_PLACEMENT_3D ( 'NONE', #3247, #6809, #4026 ) ;
#1225 = FACE_OUTER_BOUND ( 'NONE', #873, .T. ) ;
#1226 = CARTESIAN_POINT ( 'NONE',  ( 277.2090887721042236, 999.7033149502203742, 5.975734776861391317 ) ) ;
#1227 = EDGE_LOOP ( 'NONE', ( #5253, #6281, #4172, #1576, #6488, #8038, #4340, #9559 ) ) ;
#1228 = FACE_OUTER_BOUND ( 'NONE', #3227, .T. ) ;
#1229 = EDGE_CURVE ( 'NONE', #1313, #3150, #8751, .T. ) ;
#1230 = ORIENTED_EDGE ( 'NONE', *, *, #1698, .T. ) ;
#1231 = DIRECTION ( 'NONE',  ( 0.9888139587632113203, 0.1491541315385737365, -0.000000000000000000 ) ) ;
#1232 = VECTOR ( 'NONE', #7940, 999.9999999999998863 ) ;
#1233 = DIRECTION ( 'NONE',  ( 0.09337979908932005080, -0.9956305605605114684, 0.000000000000000000 ) ) ;
#1234 = EDGE_CURVE ( 'NONE', #6504, #8528, #7222, .T. ) ;
#1235 = FACE_OUTER_BOUND ( 'NONE', #2205, .T. ) ;
#1236 = ORIENTED_EDGE ( 'NONE', *, *, #2992, .F. ) ;
#1237 = ADVANCED_FACE ( 'NONE', ( #2890 ), #9553, .T. ) ;
#1238 = CARTESIAN_POINT ( 'NONE',  ( 324.1344060579146458, 1142.497875086981594, 210.7946508136983255 ) ) ;
#1239 = CARTESIAN_POINT ( 'NONE',  ( 300.8423041959673583, 1116.982560454410759, 10.74999999999971045 ) ) ;
#1240 = ORIENTED_EDGE ( 'NONE', *, *, #4029, .T. ) ;
#1241 = DIRECTION ( 'NONE',  ( 0.9956305605605112463, 0.09337979908932293738, -0.000000000000000000 ) ) ;
#1242 = ORIENTED_EDGE ( 'NONE', *, *, #8788, .T. ) ;
#1243 = DIRECTION ( 'NONE',  ( -1.000000000000000000, 4.440892098500622123E-13, 0.000000000000000000 ) ) ;
#1244 = ADVANCED_FACE ( 'NONE', ( #8098 ), #6474, .F. ) ;
#1245 =( BOUNDED_CURVE ( )  B_SPLINE_CURVE ( 3, ( #3776, #6710, #3095, #5117 ),
 .UNSPECIFIED., .F., .T. ) 
 B_SPLINE_CURVE_WITH_KNOTS ( ( 4, 4 ),
 ( 1.716563089587850338E-13, 1.570796326794948294 ),
 .UNSPECIFIED. ) 
 CURVE ( )  GEOMETRIC_REPRESENTATION_ITEM ( )  RATIONAL_B_SPLINE_CURVE ( ( 1.000000000000000000, 0.8047378541243932482, 0.8047378541243932482, 1.000000000000000000 ) ) 
 REPRESENTATION_ITEM ( '' )  );
#1246 = DIRECTION ( 'NONE',  ( -1.000000000000000000, 0.000000000000000000, 0.000000000000000000 ) ) ;
#1247 = EDGE_CURVE ( 'NONE', #6580, #7295, #664, .T. ) ;
#1248 = ORIENTED_EDGE ( 'NONE', *, *, #5937, .T. ) ;
#1249 = DIRECTION ( 'NONE',  ( -0.1491541315386433753, 0.9888139587632008842, 0.000000000000000000 ) ) ;
#1250 = LINE ( 'NONE', #6459, #378 ) ;
#1251 = CARTESIAN_POINT ( 'NONE',  ( 281.9757842078806220, 1026.049173275052908, -6.000000000000247802 ) ) ;
#1252 = VERTEX_POINT ( 'NONE', #2173 ) ;
#1253 = LINE ( 'NONE', #3479, #1673 ) ;
#1254 = DIRECTION ( 'NONE',  ( -0.9888139587632100991, -0.1491541315385826738, 0.000000000000000000 ) ) ;
#1255 = EDGE_CURVE ( 'NONE', #4411, #1727, #5113, .T. ) ;
#1256 = EDGE_CURVE ( 'NONE', #9243, #7651, #1303, .T. ) ;
#1257 = CARTESIAN_POINT ( 'NONE',  ( 299.2089425194390060, 1020.826371899139303, -5.998509535765411016 ) ) ;
#1258 =( BOUNDED_CURVE ( )  B_SPLINE_CURVE ( 3, ( #9484, #4518, #1530, #5102 ),
 .UNSPECIFIED., .F., .F. ) 
 B_SPLINE_CURVE_WITH_KNOTS ( ( 4, 4 ),
 ( 1.570796326794941411, 3.141592653589357909 ),
 .UNSPECIFIED. ) 
 CURVE ( )  GEOMETRIC_REPRESENTATION_ITEM ( )  RATIONAL_B_SPLINE_CURVE ( ( 1.000000000000000000, 0.8047378541244780692, 0.8047378541244780692, 1.000000000000000000 ) ) 
 REPRESENTATION_ITEM ( '' )  );
#1259 = DIRECTION ( 'NONE',  ( -0.8815943511954090761, 0.4720078388547653270, 0.000000000000000000 ) ) ;
#1260 = EDGE_CURVE ( 'NONE', #1201, #8605, #8641, .T. ) ;
#1261 = CARTESIAN_POINT ( 'NONE',  ( 278.6518226056214189, 1004.323514583143719, -5.500000000000287770 ) ) ;
#1262 = DIRECTION ( 'NONE',  ( 5.219252195200571195E-15, -2.995161406948640347E-15, 1.000000000000000000 ) ) ;
#1263 = CARTESIAN_POINT ( 'NONE',  ( 291.7881188453526988, 1082.385103152295642, 5.999999999999713118 ) ) ;
#1264 = EDGE_LOOP ( 'NONE', ( #7229, #8399, #5724, #1214 ) ) ;
#1265 = EDGE_LOOP ( 'NONE', ( #9184, #6303, #3020, #7985, #9520 ) ) ;
#1266 = DIRECTION ( 'NONE',  ( 0.9155739129316935454, -0.4021497357439734466, 2.802394822762438472E-13 ) ) ;
#1267 = ORIENTED_EDGE ( 'NONE', *, *, #3864, .T. ) ;
#1268 = ORIENTED_EDGE ( 'NONE', *, *, #9077, .F. ) ;
#1269 = CARTESIAN_POINT ( 'NONE',  ( 285.9737993014173298, 1003.291887338201946, -5.500000000000287770 ) ) ;
#1270 = CARTESIAN_POINT ( 'NONE',  ( 319.1242838284857726, 1074.677599943549239, 5.999999999999746869 ) ) ;
#1271 = CYLINDRICAL_SURFACE ( 'NONE', #1018, 2.500000000000002220 ) ;
#1272 = EDGE_LOOP ( 'NONE', ( #1760, #207, #4623, #840, #7345, #8048 ) ) ;
#1273 = CARTESIAN_POINT ( 'NONE',  ( 335.6000266738316782, 1052.908107427124150, 5.499999999999711342 ) ) ;
#1274 = ORIENTED_EDGE ( 'NONE', *, *, #7911, .F. ) ;
#1275 = CARTESIAN_POINT ( 'NONE',  ( 291.2259858034474860, 1000.984956806393598, -5.500000000000289546 ) ) ;
#1276 = CARTESIAN_POINT ( 'NONE',  ( 316.3488848050657793, 1138.830542578913537, 8.799999999999712941 ) ) ;
#1277 = EDGE_CURVE ( 'NONE', #7495, #1857, #3972, .T. ) ;
#1278 = CARTESIAN_POINT ( 'NONE',  ( 293.3979569278979511, 1048.949991886945554, -5.500000000000287770 ) ) ;
#1279 = EDGE_CURVE ( 'NONE', #7617, #2324, #8917, .T. ) ;
#1280 = ORIENTED_EDGE ( 'NONE', *, *, #3418, .T. ) ;
#1281 = EDGE_CURVE ( 'NONE', #5196, #454, #7528, .T. ) ;
#1282 = ADVANCED_FACE ( 'NONE', ( #6805 ), #6027, .F. ) ;
#1283 = CARTESIAN_POINT ( 'NONE',  ( 535.1788213953057038, 941.1765479710704767, 61.58012167084567778 ) ) ;
#1284 = CARTESIAN_POINT ( 'NONE',  ( 283.2018977609853323, 1029.913190813720803, 5.499999999999711342 ) ) ;
#1285 = EDGE_LOOP ( 'NONE', ( #3130, #6098, #2473, #3267, #8332, #4247 ) ) ;
#1286 = CARTESIAN_POINT ( 'NONE',  ( 307.2170561058643443, 1043.902062441610951, 5.499999999999711342 ) ) ;
#1287 = VERTEX_POINT ( 'NONE', #855 ) ;
#1288 = FACE_OUTER_BOUND ( 'NONE', #642, .T. ) ;
#1289 = FACE_OUTER_BOUND ( 'NONE', #2644, .T. ) ;
#1290 = ORIENTED_EDGE ( 'NONE', *, *, #6544, .F. ) ;
#1291 = EDGE_CURVE ( 'NONE', #7617, #6143, #7837, .T. ) ;
#1292 = LINE ( 'NONE', #4245, #7481 ) ;
#1293 = CARTESIAN_POINT ( 'NONE',  ( 290.0181138231952787, 1070.394260918091277, 5.499999999999713118 ) ) ;
#1294 = VECTOR ( 'NONE', #5656, 1000.000000000000000 ) ;
#1295 =( BOUNDED_CURVE ( )  B_SPLINE_CURVE ( 3, ( #8472, #9241, #4229, #6201 ),
 .UNSPECIFIED., .F., .T. ) 
 B_SPLINE_CURVE_WITH_KNOTS ( ( 4, 4 ),
 ( 1.570796326794965836, 2.813906113603224846 ),
 .UNSPECIFIED. ) 
 CURVE ( )  GEOMETRIC_REPRESENTATION_ITEM ( )  RATIONAL_B_SPLINE_CURVE ( ( 1.000000000000000000, 0.8753160169558413806, 0.8753160169558413806, 1.000000000000000000 ) ) 
 REPRESENTATION_ITEM ( '' )  );
#1296 = EDGE_LOOP ( 'NONE', ( #1120, #1167, #499, #5905 ) ) ;
#1297 = CYLINDRICAL_SURFACE ( 'NONE', #7077, 0.4999999999998887557 ) ;
#1298 = CARTESIAN_POINT ( 'NONE',  ( 341.7446034872098153, 1142.060568443634111, 8.999999999999712230 ) ) ;
#1299 = FACE_OUTER_BOUND ( 'NONE', #4223, .T. ) ;
#1300 = AXIS2_PLACEMENT_3D ( 'NONE', #5435, #1670, #7566 ) ;
#1301 = PERSON_AND_ORGANIZATION ( #6964, #9189 ) ;
#1302 = ORIENTED_EDGE ( 'NONE', *, *, #1311, .T. ) ;
#1303 = LINE ( 'NONE', #7388, #5214 ) ;
#1304 = LINE ( 'NONE', #1445, #5780 ) ;
#1305 = ADVANCED_FACE ( 'NONE', ( #8242 ), #8962, .F. ) ;
#1306 = FACE_OUTER_BOUND ( 'NONE', #47, .T. ) ;
#1307 = AXIS2_PLACEMENT_3D ( 'NONE', #4463, #782, #5227 ) ;
#1308 = ORIENTED_EDGE ( 'NONE', *, *, #4539, .F. ) ;
#1309 = EDGE_LOOP ( 'NONE', ( #5245, #2454, #8954, #6163 ) ) ;
#1310 = CARTESIAN_POINT ( 'NONE',  ( 277.1810064270668477, 999.5440520573575895, -6.000000000000287770 ) ) ;
#1311 = EDGE_CURVE ( 'NONE', #1252, #1175, #4752, .T. ) ;
#1312 =( BOUNDED_CURVE ( )  B_SPLINE_CURVE ( 3, ( #9094, #4760, #6200, #4664 ),
 .UNSPECIFIED., .F., .F. ) 
 B_SPLINE_CURVE_WITH_KNOTS ( ( 4, 4 ),
 ( 1.570796326795032227, 2.817346948335796242 ),
 .UNSPECIFIED. ) 
 CURVE ( )  GEOMETRIC_REPRESENTATION_ITEM ( )  RATIONAL_B_SPLINE_CURVE ( ( 1.000000000000000000, 0.8746473492291968466, 0.8746473492291968466, 1.000000000000000000 ) ) 
 REPRESENTATION_ITEM ( '' )  );
#1313 = VERTEX_POINT ( 'NONE', #5980 ) ;
#1314 = VERTEX_POINT ( 'NONE', #2319 ) ;
#1315 = AXIS2_PLACEMENT_3D ( 'NONE', #1919, #8634, #9259 ) ;
#1316 = CARTESIAN_POINT ( 'NONE',  ( 291.7601408809391614, 1082.182687899604389, 5.934645059463651506 ) ) ;
#1317 = DIRECTION ( 'NONE',  ( -0.000000000000000000, -0.000000000000000000, -1.000000000000000000 ) ) ;
#1318 = CARTESIAN_POINT ( 'NONE',  ( 286.5509301645925007, 1052.683530201192298, -6.000000000000287770 ) ) ;
#1319 = ORIENTED_EDGE ( 'NONE', *, *, #3088, .F. ) ;
#1320 = VECTOR ( 'NONE', #6795, 1000.000000000000000 ) ;
#1321 = ORIENTED_EDGE ( 'NONE', *, *, #2161, .F. ) ;
#1322 = CARTESIAN_POINT ( 'NONE',  ( 320.3477465192815998, 1077.358211930101334, 5.999999999999714007 ) ) ;
#1323 = FACE_OUTER_BOUND ( 'NONE', #5147, .T. ) ;
#1324 = LINE ( 'NONE', #9468, #9542 ) ;
#1325 = EDGE_CURVE ( 'NONE', #2061, #4950, #6756, .T. ) ;
#1326 = AXIS2_PLACEMENT_3D ( 'NONE', #1239, #4330, #6305 ) ;
#1327 = ORIENTED_EDGE ( 'NONE', *, *, #1010, .T. ) ;
#1328 = AXIS2_PLACEMENT_3D ( 'NONE', #2329, #3101, #5370 ) ;
#1329 = CARTESIAN_POINT ( 'NONE',  ( 336.6048510312743360, 1080.115111583732642, 5.499999999999711342 ) ) ;
#1330 = CARTESIAN_POINT ( 'NONE',  ( 315.6532196658669704, 1066.004831307415998, -5.500000000000287770 ) ) ;
#1331 = ORIENTED_EDGE ( 'NONE', *, *, #852, .F. ) ;
#1332 = DIRECTION ( 'NONE',  ( 0.9155739129316806668, -0.4021497357440028120, 0.000000000000000000 ) ) ;
#1333 = EDGE_CURVE ( 'NONE', #2846, #703, #583, .T. ) ;
#1334 = VECTOR ( 'NONE', #6151, 1000.000000000000114 ) ;
#1335 = VERTEX_POINT ( 'NONE', #7477 ) ;
#1336 = CARTESIAN_POINT ( 'NONE',  ( 269.8466448106040048, 957.9488203634091406, 210.7946508136983255 ) ) ;
#1337 = VECTOR ( 'NONE', #5501, 1000.000000000000114 ) ;
#1338 = LINE ( 'NONE', #7806, #2374 ) ;
#1339 = AXIS2_PLACEMENT_3D ( 'NONE', #4544, #1262, #7685 ) ;
#1340 = ADVANCED_FACE ( 'NONE', ( #5355 ), #6906, .T. ) ;
#1341 = ORIENTED_EDGE ( 'NONE', *, *, #7692, .T. ) ;
#1342 = AXIS2_PLACEMENT_3D ( 'NONE', #5084, #1460, #3743 ) ;
#1343 = SPHERICAL_SURFACE ( 'NONE', #9328, 0.5000000000000000000 ) ;
#1344 = DIRECTION ( 'NONE',  ( 0.1736481776669271393, 0.9848077530122086864, 0.000000000000000000 ) ) ;
#1345 = ORIENTED_EDGE ( 'NONE', *, *, #1732, .F. ) ;
#1346 = ORIENTED_EDGE ( 'NONE', *, *, #3164, .T. ) ;
#1347 = FACE_OUTER_BOUND ( 'NONE', #9282, .T. ) ;
#1348 = DIRECTION ( 'NONE',  ( 0.8692901189279571561, -0.4943022244884379135, -0.000000000000000000 ) ) ;
#1349 = AXIS2_PLACEMENT_3D ( 'NONE', #6903, #7453, #8126 ) ;
#1350 = EDGE_CURVE ( 'NONE', #5490, #2112, #3189, .T. ) ;
#1351 = APPROVAL_STATUS ( 'not_yet_approved' ) ;
#1352 = LINE ( 'NONE', #2072, #2919 ) ;
#1353 =( BOUNDED_CURVE ( )  B_SPLINE_CURVE ( 3, ( #9130, #4657, #2487, #304 ),
 .UNSPECIFIED., .F., .T. ) 
 B_SPLINE_CURVE_WITH_KNOTS ( ( 4, 4 ),
 ( 4.712388980384711878, 6.283185307179586232 ),
 .UNSPECIFIED. ) 
 CURVE ( )  GEOMETRIC_REPRESENTATION_ITEM ( )  RATIONAL_B_SPLINE_CURVE ( ( 1.000000000000000000, 0.8047378541243702665, 0.8047378541243702665, 1.000000000000000000 ) ) 
 REPRESENTATION_ITEM ( '' )  );
#1354 = DIRECTION ( 'NONE',  ( -0.4021497357446022769, -0.9155739129314173219, 0.000000000000000000 ) ) ;
#1355 = CARTESIAN_POINT ( 'NONE',  ( 343.1478800295438418, 1138.332971916348015, -6.000000000000287770 ) ) ;
#1356 = FACE_OUTER_BOUND ( 'NONE', #987, .T. ) ;
#1357 = EDGE_LOOP ( 'NONE', ( #9455, #6915, #2129, #438, #8333, #1078 ) ) ;
#1358 = VERTEX_POINT ( 'NONE', #959 ) ;
#1359 = CARTESIAN_POINT ( 'NONE',  ( 302.5189506855798527, 1143.242674677152309, 5.999999999999712230 ) ) ;
#1360 = VECTOR ( 'NONE', #8298, 1000.000000000000000 ) ;
#1361 = VECTOR ( 'NONE', #7283, 1000.000000000000000 ) ;
#1362 = ORIENTED_EDGE ( 'NONE', *, *, #5235, .T. ) ;
#1363 = ADVANCED_FACE ( 'NONE', ( #2988 ), #4531, .F. ) ;
#1364 = VERTEX_POINT ( 'NONE', #8198 ) ;
#1365 = CARTESIAN_POINT ( 'NONE',  ( 302.3918572120992962, 1029.338491328365990, -6.000000000000285993 ) ) ;
#1366 = DIRECTION ( 'NONE',  ( 0.000000000000000000, 0.000000000000000000, 1.000000000000000000 ) ) ;
#1367 = AXIS2_PLACEMENT_3D ( 'NONE', #1780, #4726, #7050 ) ;
#1368 = AXIS2_PLACEMENT_3D ( 'NONE', #9476, #3019, #5813 ) ;
#1369 = VECTOR ( 'NONE', #8657, 1000.000000000000114 ) ;
#1370 = DIRECTION ( 'NONE',  ( 0.8815943511951179756, -0.4720078388553085591, 0.000000000000000000 ) ) ;
#1371 = ORIENTED_EDGE ( 'NONE', *, *, #3002, .F. ) ;
#1372 = ORIENTED_EDGE ( 'NONE', *, *, #2318, .T. ) ;
#1373 = FACE_OUTER_BOUND ( 'NONE', #3474, .T. ) ;
#1374 = FACE_OUTER_BOUND ( 'NONE', #7635, .T. ) ;
#1375 = CARTESIAN_POINT ( 'NONE',  ( 344.5362189811656890, 1133.480334687038066, 6.299999999999712941 ) ) ;
#1376 = VECTOR ( 'NONE', #223, 1000.000000000000000 ) ;
#1377 = ADVANCED_FACE ( 'NONE', ( #7434 ), #8865, .F. ) ;
#1378 = ORIENTED_EDGE ( 'NONE', *, *, #2238, .F. ) ;
#1379 = CARTESIAN_POINT ( 'NONE',  ( 289.6019877403369378, 1069.986937561119021, 5.973394735896864205 ) ) ;
#1380 = CLOSED_SHELL ( 'NONE', ( #263, #1573, #7383, #337, #8875, #2860, #7177, #137, #5009, #6542, #5872, #7759, #9115, #960 ) ) ;
#1381 = CARTESIAN_POINT ( 'NONE',  ( 344.7912167416586158, 1119.102250538167482, 8.299999999999714717 ) ) ;
#1382 = VERTEX_POINT ( 'NONE', #9060 ) ;
#1383 = CARTESIAN_POINT ( 'NONE',  ( 293.1232991283133629, 1004.551438905051555, -5.939718789646152075 ) ) ;
#1384 = CIRCLE ( 'NONE', #9084, 0.5000000000000004441 ) ;
#1385 = PRODUCT ( 'arm_XCGM_0.1_Default_sldprt', 'arm_XCGM_0.1_Default_sldprt', '', ( #573 ) ) ;
#1386 = ORIENTED_EDGE ( 'NONE', *, *, #7465, .T. ) ;
#1387 = CARTESIAN_POINT ( 'NONE',  ( 278.7859016074416445, 1006.449044960715696, 5.499999999999713118 ) ) ;
#1388 = CYLINDRICAL_SURFACE ( 'NONE', #7768, 0.5000000000000004441 ) ;
#1389 = EDGE_LOOP ( 'NONE', ( #8334, #6790, #7517, #121 ) ) ;
#1390 = VECTOR ( 'NONE', #9136, 1000.000000000000000 ) ;
#1391 = DIRECTION ( 'NONE',  ( 0.000000000000000000, 0.000000000000000000, 1.000000000000000000 ) ) ;
#1392 = VERTEX_POINT ( 'NONE', #2467 ) ;
#1393 = ORIENTED_EDGE ( 'NONE', *, *, #9095, .F. ) ;
#1394 = CARTESIAN_POINT ( 'NONE',  ( 319.9556947817204673, 1077.039185728574012, 5.499999999999711342 ) ) ;
#1395 = CARTESIAN_POINT ( 'NONE',  ( 291.8528016744898537, 1081.839130187825276, 5.684274606045548239 ) ) ;
#1396 = EDGE_CURVE ( 'NONE', #147, #530, #8296, .T. ) ;
#1397 = APPROVAL_ROLE ( '' ) ;
#1398 = FACE_OUTER_BOUND ( 'NONE', #6646, .T. ) ;
#1399 = ADVANCED_FACE ( 'NONE', ( #5494 ), #422, .F. ) ;
#1400 = CARTESIAN_POINT ( 'NONE',  ( 297.8643080987116036, 1046.857917670347206, 5.999999999999714007 ) ) ;
#1401 = EDGE_CURVE ( 'NONE', #1857, #1116, #1515, .T. ) ;
#1402 = CARTESIAN_POINT ( 'NONE',  ( 299.1931942579635688, 1020.784256072789958, -6.000000000000287770 ) ) ;
#1403 = DIRECTION ( 'NONE',  ( 1.000000000000000000, 0.000000000000000000, 0.000000000000000000 ) ) ;
#1404 = CARTESIAN_POINT ( 'NONE',  ( 296.6835498803083624, 1110.148472180032968, 210.7946508136983255 ) ) ;
#1405 = EDGE_LOOP ( 'NONE', ( #8932, #6516, #6482, #2929, #7564, #9101, #5433, #6113 ) ) ;
#1406 = ORIENTED_EDGE ( 'NONE', *, *, #1234, .F. ) ;
#1407 = CYLINDRICAL_SURFACE ( 'NONE', #3932, 2.500000000000002220 ) ;
#1408 = EDGE_CURVE ( 'NONE', #9036, #4517, #2508, .T. ) ;
#1409 = ORIENTED_EDGE ( 'NONE', *, *, #5949, .F. ) ;
#1410 = ORIENTED_EDGE ( 'NONE', *, *, #6207, .T. ) ;
#1411 = DIRECTION ( 'NONE',  ( 0.000000000000000000, 0.000000000000000000, 1.000000000000000000 ) ) ;
#1412 = EDGE_CURVE ( 'NONE', #4552, #2081, #8438, .T. ) ;
#1413 = CARTESIAN_POINT ( 'NONE',  ( 315.8462804852044883, 1065.319869659405413, -6.000000000000287770 ) ) ;
#1414 = ORIENTED_CLOSED_SHELL ( 'NONE', *, #6944, .F. );
#1415 = CARTESIAN_POINT ( 'NONE',  ( 283.2018977609853323, 1029.913190813720803, -5.500000000000287770 ) ) ;
#1416 = ORIENTED_EDGE ( 'NONE', *, *, #4275, .F. ) ;
#1417 = ADVANCED_FACE ( 'NONE', ( #2654 ), #4781, .F. ) ;
#1418 = ORIENTED_EDGE ( 'NONE', *, *, #1053, .F. ) ;
#1419 = FACE_OUTER_BOUND ( 'NONE', #8708, .T. ) ;
#1420 = CARTESIAN_POINT ( 'NONE',  ( 343.7169217884921864, 1113.199209766361719, 8.299999999999714717 ) ) ;
#1421 = DIRECTION ( 'NONE',  ( 1.000000000000000000, 0.000000000000000000, 0.000000000000000000 ) ) ;
#1422 = ORIENTED_EDGE ( 'NONE', *, *, #1350, .F. ) ;
#1423 = CARTESIAN_POINT ( 'NONE',  ( 300.3143838466119178, 1074.436046179389450, 61.58012167084567778 ) ) ;
#1424 = DIRECTION ( 'NONE',  ( -0.9904535858622641742, -0.1378466330839548393, 0.000000000000000000 ) ) ;
#1425 = DIRECTION ( 'NONE',  ( -0.9366590624179423896, 0.3502424885566300383, 0.000000000000000000 ) ) ;
#1426 = EDGE_CURVE ( 'NONE', #2880, #4675, #9215, .T. ) ;
#1427 = EDGE_LOOP ( 'NONE', ( #5195, #4644 ) ) ;
#1428 = CARTESIAN_POINT ( 'NONE',  ( 283.2781577940106672, 1032.140978076603005, 61.58012167084567778 ) ) ;
#1429 = ORIENTED_EDGE ( 'NONE', *, *, #4948, .F. ) ;
#1430 = DIRECTION ( 'NONE',  ( 0.9366590624179427227, -0.3502424885566290946, -0.000000000000000000 ) ) ;
#1431 = CARTESIAN_POINT ( 'NONE',  ( 308.7100478682181119, 1073.279593019001140, -5.500000000000289546 ) ) ;
#1432 = EDGE_CURVE ( 'NONE', #5440, #8567, #327, .T. ) ;
#1433 = ORIENTED_EDGE ( 'NONE', *, *, #2580, .T. ) ;
#1434 = DIRECTION ( 'NONE',  ( 1.000000000000000000, 0.000000000000000000, 0.000000000000000000 ) ) ;
#1435 = PLANE ( 'NONE',  #6158 ) ;
#1436 = VERTEX_POINT ( 'NONE', #8489 ) ;
#1437 = ORIENTED_EDGE ( 'NONE', *, *, #6619, .F. ) ;
#1438 = DIRECTION ( 'NONE',  ( 0.000000000000000000, 0.000000000000000000, -1.000000000000000000 ) ) ;
#1439 = DIRECTION ( 'NONE',  ( 1.000000000000000000, 0.000000000000000000, 0.000000000000000000 ) ) ;
#1440 = DIRECTION ( 'NONE',  ( -0.8673302893362319077, 0.4977330300471615177, 0.000000000000000000 ) ) ;
#1441 = APPROVAL_ROLE ( '' ) ;
#1442 = CARTESIAN_POINT ( 'NONE',  ( 535.1788213953052491, 941.1765479710708178, 5.499999999999713118 ) ) ;
#1443 = DIRECTION ( 'NONE',  ( -0.000000000000000000, 0.000000000000000000, 1.000000000000000000 ) ) ;
#1444 = DIRECTION ( 'NONE',  ( 0.000000000000000000, 0.000000000000000000, -1.000000000000000000 ) ) ;
#1445 = CARTESIAN_POINT ( 'NONE',  ( 269.9084903318414490, 1007.617763928633622, 5.999999999999712230 ) ) ;
#1446 = CARTESIAN_POINT ( 'NONE',  ( 285.2500090017418302, 1045.305639661561372, 5.982144731616290123 ) ) ;
#1447 = CARTESIAN_POINT ( 'NONE',  ( 306.6499202440455747, 1041.921596902509691, 5.499999999999713118 ) ) ;
#1448 = EDGE_CURVE ( 'NONE', #7439, #4195, #7278, .T. ) ;
#1449 = DIRECTION ( 'NONE',  ( 0.000000000000000000, 0.000000000000000000, -1.000000000000000000 ) ) ;
#1450 = EDGE_CURVE ( 'NONE', #8353, #9122, #8609, .T. ) ;
#1451 = VERTEX_POINT ( 'NONE', #5449 ) ;
#1453 = LINE ( 'NONE', #7254, #6220 ) ;
#1452 = AXIS2_PLACEMENT_3D ( 'NONE', #6762, #9254, #8670 ) ;
#1454 = EDGE_CURVE ( 'NONE', #8353, #5896, #6921, .T. ) ;
#1455 = VERTEX_POINT ( 'NONE', #7674 ) ;
#1456 = VERTEX_POINT ( 'NONE', #9209 ) ;
#1457 = CARTESIAN_POINT ( 'NONE',  ( 343.6571014634567973, 1116.069267996465896, -6.300000000000287592 ) ) ;
#1458 = VECTOR ( 'NONE', #2091, 1000.000000000000114 ) ;
#1459 = DIRECTION ( 'NONE',  ( 0.7147636847385180348, -0.6993660522065798801, 0.000000000000000000 ) ) ;
#1460 = DIRECTION ( 'NONE',  ( -0.000000000000000000, -1.000000000000000000, 0.000000000000000000 ) ) ;
#1461 = ORIENTED_EDGE ( 'NONE', *, *, #769, .F. ) ;
#1462 = ORIENTED_EDGE ( 'NONE', *, *, #645, .F. ) ;
#1463 = DIRECTION ( 'NONE',  ( 0.9366590624179422786, -0.3502424885566302049, -0.000000000000000000 ) ) ;
#1464 = CYLINDRICAL_SURFACE ( 'NONE', #1918, 0.4999999999998900324 ) ;
#1465 = AXIS2_PLACEMENT_3D ( 'NONE', #7292, #8053, #7479 ) ;
#1466 = LINE ( 'NONE', #2913, #1840 ) ;
#1467 = VERTEX_POINT ( 'NONE', #5547 ) ;
#1468 = EDGE_CURVE ( 'NONE', #530, #5790, #5592, .T. ) ;
#1469 = DIRECTION ( 'NONE',  ( 0.1736481776669272781, 0.9848077530122085754, 0.000000000000000000 ) ) ;
#1470 = CARTESIAN_POINT ( 'NONE',  ( 333.6950601088341273, 1158.572179699236813, -8.800000000000286704 ) ) ;
#1471 = AXIS2_PLACEMENT_3D ( 'NONE', #2172, #2317, #2263 ) ;
#1472 = ORIENTED_EDGE ( 'NONE', *, *, #202, .T. ) ;
#1473 = FACE_OUTER_BOUND ( 'NONE', #64, .T. ) ;
#1474 = ORIENTED_EDGE ( 'NONE', *, *, #634, .F. ) ;
#1475 = CARTESIAN_POINT ( 'NONE',  ( 297.8643080987116036, 1046.857917670347206, -5.500000000000289546 ) ) ;
#1476 = DIRECTION ( 'NONE',  ( -0.000000000000000000, -0.000000000000000000, -1.000000000000000000 ) ) ;
#1477 = VECTOR ( 'NONE', #5624, 1000.000000000000000 ) ;
#1478 = AXIS2_PLACEMENT_3D ( 'NONE', #4555, #7504, #4658 ) ;
#1479 = VERTEX_POINT ( 'NONE', #6175 ) ;
#1480 = EDGE_CURVE ( 'NONE', #797, #7738, #7762, .T. ) ;
#1481 = CARTESIAN_POINT ( 'NONE',  ( 285.6169027367604372, 1000.718120100459373, -5.500000000000287770 ) ) ;
#1482 = ORIENTED_EDGE ( 'NONE', *, *, #6320, .T. ) ;
#1483 = AXIS2_PLACEMENT_3D ( 'NONE', #4879, #8448, #3297 ) ;
#1484 = ORIENTED_EDGE ( 'NONE', *, *, #2336, .F. ) ;
#1485 = CARTESIAN_POINT ( 'NONE',  ( 327.5413952400728590, 1138.830542578913537, -6.000000000000287770 ) ) ;
#1486 = LINE ( 'NONE', #617, #4585 ) ;
#1487 = VECTOR ( 'NONE', #2229, 1000.000000000000000 ) ;
#1488 = CARTESIAN_POINT ( 'NONE',  ( 293.1232991283133629, 1004.551438905051555, -5.939718789646152075 ) ) ;
#1489 = CIRCLE ( 'NONE', #6894, 0.4999999999998887557 ) ;
#1490 = COORDINATED_UNIVERSAL_TIME_OFFSET ( 8, 0, .AHEAD. ) ;
#1491 = EDGE_CURVE ( 'NONE', #8949, #2366, #1148, .T. ) ;
#1492 = CARTESIAN_POINT ( 'NONE',  ( 335.8801660710951751, 1049.921215745441032, -6.000000000000287770 ) ) ;
#1493 = CARTESIAN_POINT ( 'NONE',  ( 335.6000266738316782, 1052.908107427124150, -5.500000000000287770 ) ) ;
#1494 = LINE ( 'NONE', #4260, #4108 ) ;
#1495 = DIRECTION ( 'NONE',  ( 0.000000000000000000, 0.000000000000000000, 1.000000000000000000 ) ) ;
#1496 = VECTOR ( 'NONE', #6217, 1000.000000000000000 ) ;
#1497 = DIRECTION ( 'NONE',  ( -0.000000000000000000, -0.000000000000000000, 1.000000000000000000 ) ) ;
#1498 = VERTEX_POINT ( 'NONE', #7814 ) ;
#1499 = CARTESIAN_POINT ( 'NONE',  ( 344.7912167416586158, 1119.102250538167482, -6.300000000000287592 ) ) ;
#1500 = ORIENTED_EDGE ( 'NONE', *, *, #3938, .T. ) ;
#1501 = CIRCLE ( 'NONE', #7362, 6.000000000000005329 ) ;
#1502 = ORIENTED_EDGE ( 'NONE', *, *, #3260, .T. ) ;
#1503 = EDGE_CURVE ( 'NONE', #7973, #3029, #4304, .T. ) ;
#1504 = PLANE ( 'NONE',  #4908 ) ;
#1505 = DIRECTION ( 'NONE',  ( 0.000000000000000000, 0.000000000000000000, -1.000000000000000000 ) ) ;
#1506 = FACE_OUTER_BOUND ( 'NONE', #4892, .T. ) ;
#1507 = ORIENTED_EDGE ( 'NONE', *, *, #5680, .F. ) ;
#1508 = AXIS2_PLACEMENT_3D ( 'NONE', #3052, #8208, #6816 ) ;
#1509 = ADVANCED_FACE ( 'NONE', ( #1057 ), #4163, .F. ) ;
#1510 = EDGE_LOOP ( 'NONE', ( #3230, #3124, #7257, #4368 ) ) ;
#1511 = DIRECTION ( 'NONE',  ( 0.000000000000000000, 0.000000000000000000, -1.000000000000000000 ) ) ;
#1512 = LINE ( 'NONE', #9522, #535 ) ;
#1513 = DIRECTION ( 'NONE',  ( -0.000000000000000000, -0.000000000000000000, 1.000000000000000000 ) ) ;
#1514 = ORIENTED_EDGE ( 'NONE', *, *, #9547, .F. ) ;
#1515 = CIRCLE ( 'NONE', #6607, 0.5000000000000004441 ) ;
#1516 = ADVANCED_FACE ( 'NONE', ( #6957 ), #3290, .F. ) ;
#1517 = CARTESIAN_POINT ( 'NONE',  ( 278.2490083636031954, 1002.721606781781020, 5.999999999999699796 ) ) ;
#1518 = DIRECTION ( 'NONE',  ( -0.3502424885566279289, -0.9366590624179432778, 0.000000000000000000 ) ) ;
#1519 = ADVANCED_FACE ( 'NONE', ( #5731 ), #5822, .T. ) ;
#1520 = LINE ( 'NONE', #8031, #7187 ) ;
#1521 = VERTEX_POINT ( 'NONE', #2111 ) ;
#1522 = DIRECTION ( 'NONE',  ( 0.000000000000000000, 0.000000000000000000, -1.000000000000000000 ) ) ;
#1523 = EDGE_LOOP ( 'NONE', ( #2975, #4316, #8734, #8289, #6573 ) ) ;
#1524 = CARTESIAN_POINT ( 'NONE',  ( 316.3488848050657225, 1138.830542578913537, 6.299999999999712941 ) ) ;
#1525 = EDGE_CURVE ( 'NONE', #2575, #1048, #2655, .T. ) ;
#1526 = VECTOR ( 'NONE', #963, 999.9999999999998863 ) ;
#1528 = AXIS2_PLACEMENT_3D ( 'NONE', #8356, #8977, #4177 ) ;
#1527 = CARTESIAN_POINT ( 'NONE',  ( 291.9536674037560715, 1082.356957131727995, 5.999999999999712230 ) ) ;
#1529 = EDGE_LOOP ( 'NONE', ( #9427, #1045, #3612, #2490 ) ) ;
#1530 = CARTESIAN_POINT ( 'NONE',  ( 307.7538051362755596, 1043.832825911037162, -6.000000000000160760 ) ) ;
#1531 = ORIENTED_EDGE ( 'NONE', *, *, #4371, .T. ) ;
#1532 = VECTOR ( 'NONE', #4091, 1000.000000000000000 ) ;
#1533 = EDGE_CURVE ( 'NONE', #4944, #5874, #8040, .T. ) ;
#1534 = ORIENTED_EDGE ( 'NONE', *, *, #7220, .T. ) ;
#1535 = CARTESIAN_POINT ( 'NONE',  ( -144.6506887652768398, 958.9584862343538134, 5.499999999999713118 ) ) ;
#1536 = LINE ( 'NONE', #8288, #6116 ) ;
#1537 = CARTESIAN_POINT ( 'NONE',  ( 291.4270606713193388, 1001.442743762859436, -6.000000000000289546 ) ) ;
#1538 = EDGE_CURVE ( 'NONE', #5896, #9122, #3064, .T. ) ;
#1539 = CLOSED_SHELL ( 'NONE', ( #2069, #4405, #5290, #7963, #3245, #1675, #6447, #1038, #6963, #9472, #2827, #2519, #5976, #1377, #3238, #5919, #5898, #6407, #7776, #5704, #7420, #3916, #3556, #2228, #7668, #2255, #8354, #5396, #4538, #8775, #5747, #5662, #7152, #102, #3024, #8800, #4681, #6947, #5574, #944, #5584, #6058, #8328, #568, #442, #8846, #4360, #5910, #8496, #7957, #1340, #2412, #5249, #7656, #3721, #7157, #5550, #2531, #4526, #7994, #6802, #1305, #2887, #5180, #3624, #6345, #193, #7929, #36, #5090, #7550, #1244, #9142, #6419, #2858, #5855, #4700, #5620, #4765, #1105, #9016, #9046, #4181, #2479, #406, #934, #2012, #3842, #6349, #7363, #6958, #7272, #2059, #2893, #5973, #7883, #6236, #6971 ) ) ;
#1540 = AXIS2_PLACEMENT_3D ( 'NONE', #556, #4155, #6403 ) ;
#1541 = DIRECTION ( 'NONE',  ( -0.9956305605605113573, -0.09337979908932034223, 0.000000000000000000 ) ) ;
#1542 = CARTESIAN_POINT ( 'NONE',  ( 327.5413952400728590, 1138.830542578913537, 8.999999999999712230 ) ) ;
#1543 = DIRECTION ( 'NONE',  ( 0.1525555872956738668, -0.9882948916112397342, 0.000000000000000000 ) ) ;
#1544 = CARTESIAN_POINT ( 'NONE',  ( 285.8121845825280616, 1047.944346664687828, -6.000000000000208722 ) ) ;
#1545 = DIRECTION ( 'NONE',  ( -0.000000000000000000, 0.000000000000000000, 1.000000000000000000 ) ) ;
#1546 = DIRECTION ( 'NONE',  ( 1.000000000000000000, 0.000000000000000000, 0.000000000000000000 ) ) ;
#1547 = CARTESIAN_POINT ( 'NONE',  ( 283.0141617134382841, 1032.581775252200714, 210.7946508136983255 ) ) ;
#1548 = ORIENTED_EDGE ( 'NONE', *, *, #1725, .T. ) ;
#1549 = DIRECTION ( 'NONE',  ( 0.9366590624179422786, -0.3502424885566302049, 0.000000000000000000 ) ) ;
#1550 = ADVANCED_FACE ( 'NONE', ( #7186 ), #564, .F. ) ;
#1551 = EDGE_LOOP ( 'NONE', ( #774, #7441, #6720, #7666 ) ) ;
#1552 = CARTESIAN_POINT ( 'NONE',  ( 282.0501109898323193, 982.5281748859821391, -13.25000000000028955 ) ) ;
#1553 = FACE_OUTER_BOUND ( 'NONE', #2023, .T. ) ;
#1554 = DIRECTION ( 'NONE',  ( 0.000000000000000000, 0.000000000000000000, 1.000000000000000000 ) ) ;
#1555 = ORIENTED_EDGE ( 'NONE', *, *, #5027, .T. ) ;
#1556 = ORIENTED_EDGE ( 'NONE', *, *, #5078, .T. ) ;
#1557 = CARTESIAN_POINT ( 'NONE',  ( 285.6169027367602666, 1000.718120100459146, -5.500000000000289546 ) ) ;
#1558 = DIRECTION ( 'NONE',  ( -0.9904535858622688371, -0.1378466330839214771, 0.000000000000000000 ) ) ;
#1559 = ORIENTED_EDGE ( 'NONE', *, *, #4994, .F. ) ;
#1560 = ORIENTED_EDGE ( 'NONE', *, *, #2992, .T. ) ;
#1561 = CYLINDRICAL_SURFACE ( 'NONE', #8129, 0.5000000000000004441 ) ;
#1562 = CARTESIAN_POINT ( 'NONE',  ( 278.7112994139250759, 957.4437044664329051, -9.000000000000287770 ) ) ;
#1563 =( BOUNDED_CURVE ( )  B_SPLINE_CURVE ( 3, ( #8379, #7039, #2548, #1190 ),
 .UNSPECIFIED., .F., .F. ) 
 B_SPLINE_CURVE_WITH_KNOTS ( ( 4, 4 ),
 ( 1.059812734207128848, 1.570796326795293352 ),
 .UNSPECIFIED. ) 
 CURVE ( )  GEOMETRIC_REPRESENTATION_ITEM ( )  RATIONAL_B_SPLINE_CURVE ( ( 1.000000000000000000, 0.9783594168767675292, 0.9783594168767675292, 1.000000000000000000 ) ) 
 REPRESENTATION_ITEM ( '' )  );
#1564 = CARTESIAN_POINT ( 'NONE',  ( 293.4446468274427389, 1048.452176606665716, 61.58012167084567778 ) ) ;
#1565 = LINE ( 'NONE', #5956, #5491 ) ;
#1566 = ORIENTED_EDGE ( 'NONE', *, *, #3885, .F. ) ;
#1567 = DIRECTION ( 'NONE',  ( 0.9888139587632100991, 0.1491541315385826738, -0.000000000000000000 ) ) ;
#1568 = EDGE_CURVE ( 'NONE', #5395, #6997, #2163, .T. ) ;
#1569 = VERTEX_POINT ( 'NONE', #2830 ) ;
#1570 = CARTESIAN_POINT ( 'NONE',  ( -187.0931137129709043, 1011.755964447911310, -6.000000000000287770 ) ) ;
#1571 = EDGE_CURVE ( 'NONE', #5873, #3466, #8635, .T. ) ;
#1572 = CARTESIAN_POINT ( 'NONE',  ( 286.0377260127939394, 1047.757484413656357, 5.792893218813091494 ) ) ;
#1573 = ADVANCED_FACE ( 'NONE', ( #6461 ), #2026, .T. ) ;
#1574 = VERTEX_POINT ( 'NONE', #3477 ) ;
#1575 = LINE ( 'NONE', #8425, #6881 ) ;
#1576 = ORIENTED_EDGE ( 'NONE', *, *, #5766, .T. ) ;
#1577 = ORIENTED_EDGE ( 'NONE', *, *, #8293, .T. ) ;
#1578 = LINE ( 'NONE', #4521, #4753 ) ;
#1579 = CARTESIAN_POINT ( 'NONE',  ( 272.1043046966008774, 1035.287715857345120, 5.499999999999711342 ) ) ;
#1580 = ORIENTED_EDGE ( 'NONE', *, *, #1281, .T. ) ;
#1581 = DIRECTION ( 'NONE',  ( -0.000000000000000000, -0.000000000000000000, 1.000000000000000000 ) ) ;
#1582 = ADVANCED_FACE ( 'NONE', ( #3573 ), #1435, .T. ) ;
#1583 = CARTESIAN_POINT ( 'NONE',  ( 277.7537815706721176, 1002.652683465238965, -6.000000000000287770 ) ) ;
#1584 = DIRECTION ( 'NONE',  ( 0.9457519005633198139, 0.3248897391129312306, -0.000000000000000000 ) ) ;
#1585 = DIRECTION ( 'NONE',  ( -0.3502424885566290946, -0.9366590624179427227, 0.000000000000000000 ) ) ;
#1586 = FACE_OUTER_BOUND ( 'NONE', #4503, .T. ) ;
#1587 = DIRECTION ( 'NONE',  ( 1.000000000000000000, 0.000000000000000000, 0.000000000000000000 ) ) ;
#1588 = DIRECTION ( 'NONE',  ( 0.000000000000000000, -0.000000000000000000, 1.000000000000000000 ) ) ;
#1589 = CARTESIAN_POINT ( 'NONE',  ( 292.2601408809391614, 1082.182687899604389, 210.7946508136983255 ) ) ;
#1590 = ORIENTED_EDGE ( 'NONE', *, *, #3804, .F. ) ;
#1591 = DIRECTION ( 'NONE',  ( 0.000000000000000000, 1.000000000000000000, 4.440892098501115382E-13 ) ) ;
#1592 = DIRECTION ( 'NONE',  ( -0.9888139587632041039, -0.1491541315386218369, 0.000000000000000000 ) ) ;
#1593 = ORIENTED_EDGE ( 'NONE', *, *, #8682, .T. ) ;
#1594 = EDGE_CURVE ( 'NONE', #779, #1314, #3394, .T. ) ;
#1595 = CARTESIAN_POINT ( 'NONE',  ( 269.9084903318434954, 1007.617763928632144, 5.499999999999711342 ) ) ;
#1596 = DIRECTION ( 'NONE',  ( 0.9904535858622641742, 0.1378466330839548393, -0.000000000000000000 ) ) ;
#1597 = DIRECTION ( 'NONE',  ( -0.9366590624179432778, 0.3502424885566279289, 0.000000000000000000 ) ) ;
#1598 = AXIS2_PLACEMENT_3D ( 'NONE', #3405, #2667, #6378 ) ;
#1599 = ORIENTED_EDGE ( 'NONE', *, *, #177, .F. ) ;
#1600 = ADVANCED_FACE ( 'NONE', ( #7324 ), #705, .T. ) ;
#1601 = ORIENTED_EDGE ( 'NONE', *, *, #8532, .T. ) ;
#1602 = CARTESIAN_POINT ( 'NONE',  ( 316.2231024750217898, 1067.981508163994476, 5.499999999999713118 ) ) ;
#1603 = DIRECTION ( 'NONE',  ( 0.000000000000000000, 0.000000000000000000, 1.000000000000000000 ) ) ;
#1604 = ORIENTED_EDGE ( 'NONE', *, *, #2120, .T. ) ;
#1605 = VERTEX_POINT ( 'NONE', #1293 ) ;
#1606 = AXIS2_PLACEMENT_3D ( 'NONE', #400, #6346, #1233 ) ;
#1607 = LINE ( 'NONE', #247, #80 ) ;
#1608 = CARTESIAN_POINT ( 'NONE',  ( 305.5193368276484307, 1123.472966124489403, 210.7946508136983255 ) ) ;
#1609 = EDGE_CURVE ( 'NONE', #9118, #9381, #9485, .T. ) ;
#1610 = CARTESIAN_POINT ( 'NONE',  ( 415.6588167945817531, 946.3300246439763441, 61.58012167084567778 ) ) ;
#1611 = DIRECTION ( 'NONE',  ( 0.8692901189279649277, -0.4943022244884244243, 0.000000000000000000 ) ) ;
#1612 = ORIENTED_EDGE ( 'NONE', *, *, #5993, .T. ) ;
#1613 = CARTESIAN_POINT ( 'NONE',  ( 291.0807481615873371, 1001.048749885760799, 5.499999999999713118 ) ) ;
#1614 = EDGE_LOOP ( 'NONE', ( #7018, #8207, #333, #5436, #2709, #9182 ) ) ;
#1615 = CYLINDRICAL_SURFACE ( 'NONE', #8165, 0.5000000000000004441 ) ;
#1616 = CARTESIAN_POINT ( 'NONE',  ( 348.8007357215032016, 1130.385922219802296, 6.299999999999712941 ) ) ;
#1617 =( BOUNDED_CURVE ( )  B_SPLINE_CURVE ( 3, ( #4976, #2658, #5595, #330 ),
 .UNSPECIFIED., .F., .F. ) 
 B_SPLINE_CURVE_WITH_KNOTS ( ( 4, 4 ),
 ( 4.365938829313122049, 4.712388980384707438 ),
 .UNSPECIFIED. ) 
 CURVE ( )  GEOMETRIC_REPRESENTATION_ITEM ( )  RATIONAL_B_SPLINE_CURVE ( ( 1.000000000000000000, 0.9900226776106093585, 0.9900226776106093585, 1.000000000000000000 ) ) 
 REPRESENTATION_ITEM ( '' )  );
#1618 = ORIENTED_EDGE ( 'NONE', *, *, #4952, .F. ) ;
#1619 = AXIS2_PLACEMENT_3D ( 'NONE', #9400, #7947, #3386 ) ;
#1620 = DIRECTION ( 'NONE',  ( 0.000000000000000000, 0.000000000000000000, -1.000000000000000000 ) ) ;
#1621 = EDGE_CURVE ( 'NONE', #1678, #1842, #6301, .T. ) ;
#1622 = ORIENTED_EDGE ( 'NONE', *, *, #956, .T. ) ;
#1623 = VERTEX_POINT ( 'NONE', #1132 ) ;
#1624 = CARTESIAN_POINT ( 'NONE',  ( 311.2665703128455448, 1129.346733903138556, -6.000000000000287770 ) ) ;
#1626 = AXIS2_PLACEMENT_3D ( 'NONE', #3374, #2320, #9008 ) ;
#1625 = CARTESIAN_POINT ( 'NONE',  ( 291.9285270485075330, 1001.356240913266106, 210.7946508136983255 ) ) ;
#1627 = ORIENTED_EDGE ( 'NONE', *, *, #5109, .T. ) ;
#1628 = CARTESIAN_POINT ( 'NONE',  ( 333.6950601088341273, 1158.572179699236813, -6.300000000000287592 ) ) ;
#1629 = EDGE_CURVE ( 'NONE', #4983, #4011, #1862, .T. ) ;
#1630 = AXIS2_PLACEMENT_3D ( 'NONE', #3563, #4961, #9428 ) ;
#1631 = CIRCLE ( 'NONE', #2861, 0.4999999999998939182 ) ;
#1632 = CARTESIAN_POINT ( 'NONE',  ( 300.2494171438056014, 1023.621677291418791, -6.000000000000287770 ) ) ;
#1633 = DIRECTION ( 'NONE',  ( -0.3248897391129311751, 0.9457519005633197029, 0.000000000000000000 ) ) ;
#1634 = CARTESIAN_POINT ( 'NONE',  ( 335.1223823024967032, 1093.244732685945564, 6.299999999999712941 ) ) ;
#1635 = AXIS2_PLACEMENT_3D ( 'NONE', #4897, #6291, #7885 ) ;
#1636 = DIRECTION ( 'NONE',  ( -1.000000000000000000, 0.000000000000000000, 0.000000000000000000 ) ) ;
#1637 = DIRECTION ( 'NONE',  ( -0.000000000000000000, -0.000000000000000000, -1.000000000000000000 ) ) ;
#1638 = EDGE_CURVE ( 'NONE', #3585, #4378, #3417, .T. ) ;
#1639 = CARTESIAN_POINT ( 'NONE',  ( 315.8462804852044883, 1065.319869659405413, -6.000000000000287770 ) ) ;
#1640 = CARTESIAN_POINT ( 'NONE',  ( 285.2342311744855579, 1045.216159156689173, -6.000000000000288658 ) ) ;
#1641 = CIRCLE ( 'NONE', #2568, 0.5000000000000004441 ) ;
#1642 = ORIENTED_EDGE ( 'NONE', *, *, #3532, .T. ) ;
#1643 = LINE ( 'NONE', #7534, #9453 ) ;
#1644 = EDGE_CURVE ( 'NONE', #8979, #6677, #8617, .T. ) ;
#1645 = AXIS2_PLACEMENT_3D ( 'NONE', #3098, #178, #1700 ) ;
#1646 = AXIS2_PLACEMENT_3D ( 'NONE', #4883, #4790, #1932 ) ;
#1647 = CARTESIAN_POINT ( 'NONE',  ( 315.8134077600720389, 1065.913743959730709, -5.684274606046129108 ) ) ;
#1648 = VERTEX_POINT ( 'NONE', #2539 ) ;
#1649 = DIRECTION ( 'NONE',  ( 0.4977330300472448954, 0.8673302893361838350, 0.000000000000000000 ) ) ;
#1650 = VECTOR ( 'NONE', #4545, 1000.000000000000000 ) ;
#1651 = CARTESIAN_POINT ( 'NONE',  ( 536.4145769565137698, 943.3497732684027142, -5.500000000000289546 ) ) ;
#1652 = CARTESIAN_POINT ( 'NONE',  ( 525.7653314405174569, 916.1782913985315417, -5.500000000000289546 ) ) ;
#1653 = VERTEX_POINT ( 'NONE', #8422 ) ;
#1654 = ORIENTED_EDGE ( 'NONE', *, *, #8659, .T. ) ;
#1655 = DIRECTION ( 'NONE',  ( -0.9882948916112389570, -0.1525555872956789460, 0.000000000000000000 ) ) ;
#1656 = EDGE_CURVE ( 'NONE', #6812, #1140, #8565, .T. ) ;
#1657 = CARTESIAN_POINT ( 'NONE',  ( 271.2639873867055940, 965.9869695474244509, 5.999999999999712230 ) ) ;
#1658 = AXIS2_PLACEMENT_3D ( 'NONE', #6125, #1588, #3922 ) ;
#1659 = ORIENTED_EDGE ( 'NONE', *, *, #3140, .T. ) ;
#1660 = ORIENTED_EDGE ( 'NONE', *, *, #7719, .T. ) ;
#1661 = CARTESIAN_POINT ( 'NONE',  ( 297.9109979982562777, 1046.360102390067141, 5.499999999999713118 ) ) ;
#1662 = DIRECTION ( 'NONE',  ( 0.1491541315387303890, -0.9888139587631877836, 0.000000000000000000 ) ) ;
#1663 = CARTESIAN_POINT ( 'NONE',  ( 304.5877450729034308, 1075.172873751232828, -5.500000000000287770 ) ) ;
#1664 = VECTOR ( 'NONE', #2953, 1000.000000000000000 ) ;
#1665 = LINE ( 'NONE', #6935, #1334 ) ;
#1666 = ORIENTED_EDGE ( 'NONE', *, *, #3369, .F. ) ;
#1667 = DIRECTION ( 'NONE',  ( 1.000000000000000000, 0.000000000000000000, 0.000000000000000000 ) ) ;
#1668 = ORIENTED_EDGE ( 'NONE', *, *, #1837, .T. ) ;
#1669 = PLANE ( 'NONE',  #2457 ) ;
#1670 = DIRECTION ( 'NONE',  ( 0.000000000000000000, 0.000000000000000000, -1.000000000000000000 ) ) ;
#1671 = EDGE_CURVE ( 'NONE', #7834, #7377, #7031, .T. ) ;
#1672 = AXIS2_PLACEMENT_3D ( 'NONE', #334, #6373, #2566 ) ;
#1673 = VECTOR ( 'NONE', #7764, 1000.000000000000000 ) ;
#1674 = ORIENTED_EDGE ( 'NONE', *, *, #7070, .F. ) ;
#1675 = ADVANCED_FACE ( 'NONE', ( #1235 ), #547, .F. ) ;
#1676 = DIRECTION ( 'NONE',  ( 1.000000000000000000, 0.000000000000000000, -0.000000000000000000 ) ) ;
#1677 = ORIENTED_EDGE ( 'NONE', *, *, #6232, .F. ) ;
#1678 = VERTEX_POINT ( 'NONE', #1811 ) ;
#1679 = LINE ( 'NONE', #898, #3527 ) ;
#1680 = VECTOR ( 'NONE', #3072, 1000.000000000000000 ) ;
#1681 = VECTOR ( 'NONE', #3105, 1000.000000000000000 ) ;
#1682 = DIRECTION ( 'NONE',  ( -0.000000000000000000, -0.000000000000000000, 1.000000000000000000 ) ) ;
#1683 = VERTEX_POINT ( 'NONE', #2591 ) ;
#1684 = DIRECTION ( 'NONE',  ( -0.9956305605605113573, -0.09337979908932034223, 0.000000000000000000 ) ) ;
#1685 =( BOUNDED_CURVE ( )  B_SPLINE_CURVE ( 3, ( #1310, #35, #628, #5888 ),
 .UNSPECIFIED., .F., .T. ) 
 B_SPLINE_CURVE_WITH_KNOTS ( ( 4, 4 ),
 ( 4.712388980384671022, 5.025208867568281335 ),
 .UNSPECIFIED. ) 
 CURVE ( )  GEOMETRIC_REPRESENTATION_ITEM ( )  RATIONAL_B_SPLINE_CURVE ( ( 1.000000000000000000, 0.9918619210403607500, 0.9918619210403607500, 1.000000000000000000 ) ) 
 REPRESENTATION_ITEM ( '' )  );
#1686 = ORIENTED_EDGE ( 'NONE', *, *, #3671, .T. ) ;
#1687 = VECTOR ( 'NONE', #6218, 1000.000000000000000 ) ;
#1688 = VECTOR ( 'NONE', #9156, 1000.000000000000000 ) ;
#1689 = CARTESIAN_POINT ( 'NONE',  ( 340.6938760215396087, 1139.250591256380176, 210.7946508136983255 ) ) ;
#1690 = CARTESIAN_POINT ( 'NONE',  ( 333.6950601088341273, 1158.572179699236813, -8.800000000000286704 ) ) ;
#1691 = CARTESIAN_POINT ( 'NONE',  ( 368.0656709890653815, 1095.727461864244560, -6.000000000000289546 ) ) ;
#1692 = DIRECTION ( 'NONE',  ( -1.000000000000000000, 0.000000000000000000, 0.000000000000000000 ) ) ;
#1693 = DIRECTION ( 'NONE',  ( -0.000000000000000000, -0.000000000000000000, 1.000000000000000000 ) ) ;
#1694 = CLOSED_SHELL ( 'NONE', ( #7536, #476, #1519, #2419, #8122, #266, #7247, #4734, #3545, #1903, #851, #9246, #4676, #4864 ) ) ;
#1695 = AXIS2_PLACEMENT_3D ( 'NONE', #2298, #3021, #6541 ) ;
#1696 = ORIENTED_EDGE ( 'NONE', *, *, #2512, .F. ) ;
#1697 = DIRECTION ( 'NONE',  ( 0.3502424885566279289, 0.9366590624179432778, 0.000000000000000000 ) ) ;
#1698 = EDGE_CURVE ( 'NONE', #3351, #5029, #6250, .T. ) ;
#1699 = EDGE_CURVE ( 'NONE', #2534, #55, #1295, .T. ) ;
#1700 = DIRECTION ( 'NONE',  ( 0.4720078388552952364, 0.8815943511951251921, 0.000000000000000000 ) ) ;
#1701 = VERTEX_POINT ( 'NONE', #7893 ) ;
#1702 = PLANE ( 'NONE',  #4147 ) ;
#1703 = DIRECTION ( 'NONE',  ( 0.000000000000000000, 0.000000000000000000, 1.000000000000000000 ) ) ;
#1704 = CARTESIAN_POINT ( 'NONE',  ( 290.1504663149462999, 1072.944300520139222, 5.999999999999712230 ) ) ;
#1705 = EDGE_LOOP ( 'NONE', ( #1686, #37, #4202, #3118, #3939 ) ) ;
#1706 = ORIENTED_EDGE ( 'NONE', *, *, #5256, .F. ) ;
#1707 = DIRECTION ( 'NONE',  ( 0.000000000000000000, -1.000000000000000000, 4.440892098501115382E-13 ) ) ;
#1708 = CARTESIAN_POINT ( 'NONE',  ( 281.8023453273955852, 1023.790936640152268, -5.500000000000289546 ) ) ;
#1709 = ORIENTED_EDGE ( 'NONE', *, *, #697, .T. ) ;
#1710 = ORIENTED_EDGE ( 'NONE', *, *, #8112, .T. ) ;
#1711 = ADVANCED_FACE ( 'NONE', ( #7707 ), #2639, .F. ) ;
#1713 = ORIENTED_CLOSED_SHELL ( 'NONE', *, #5541, .F. );
#1712 = DIRECTION ( 'NONE',  ( -0.000000000000000000, 0.000000000000000000, 1.000000000000000000 ) ) ;
#1714 = DIRECTION ( 'NONE',  ( 0.9888139587632042149, 0.1491541315386218647, -3.293412072268975042E-13 ) ) ;
#1715 = LINE ( 'NONE', #2385, #6097 ) ;
#1716 = EDGE_CURVE ( 'NONE', #1455, #8164, #8770, .T. ) ;
#1717 = FACE_OUTER_BOUND ( 'NONE', #964, .T. ) ;
#1718 = ORIENTED_EDGE ( 'NONE', *, *, #9360, .T. ) ;
#1719 = CARTESIAN_POINT ( 'NONE',  ( 300.0615349588561003, 1074.870691238853169, 5.999999999999714007 ) ) ;
#1720 = ORIENTED_EDGE ( 'NONE', *, *, #6587, .T. ) ;
#1721 = FACE_OUTER_BOUND ( 'NONE', #1770, .T. ) ;
#1722 = DIRECTION ( 'NONE',  ( -0.3502424885566311485, -0.9366590624179419455, -2.847540057148772510E-16 ) ) ;
#1723 = VERTEX_POINT ( 'NONE', #458 ) ;
#1724 = DIRECTION ( 'NONE',  ( 0.000000000000000000, 0.000000000000000000, 1.000000000000000000 ) ) ;
#1725 = EDGE_CURVE ( 'NONE', #9169, #939, #9245, .T. ) ;
#1726 = ORIENTED_EDGE ( 'NONE', *, *, #579, .T. ) ;
#1727 = VERTEX_POINT ( 'NONE', #6988 ) ;
#1728 = LINE ( 'NONE', #4671, #5375 ) ;
#1729 = LINE ( 'NONE', #952, #1035 ) ;
#1730 = ORIENTED_EDGE ( 'NONE', *, *, #8980, .F. ) ;
#1731 = CARTESIAN_POINT ( 'NONE',  ( 285.3162014478453443, 1045.681035677743921, 5.499999999999713118 ) ) ;
#1732 = EDGE_CURVE ( 'NONE', #2520, #6263, #9287, .T. ) ;
#1733 = VERTEX_POINT ( 'NONE', #4145 ) ;
#1734 = CARTESIAN_POINT ( 'NONE',  ( 344.7912167416586158, 1119.102250538167482, -6.300000000000287592 ) ) ;
#1735 = DIRECTION ( 'NONE',  ( -0.000000000000000000, -0.000000000000000000, 1.000000000000000000 ) ) ;
#1736 = CARTESIAN_POINT ( 'NONE',  ( 298.9844294566352119, 1021.463183543108698, -5.500000000000287770 ) ) ;
#1737 = DIRECTION ( 'NONE',  ( -0.1525555872956738668, 0.9882948916112397342, -3.469446951954038202E-15 ) ) ;
#1738 = CARTESIAN_POINT ( 'NONE',  ( -187.4567864828613040, 1013.722622048107951, -6.000000000000287770 ) ) ;
#1739 = CARTESIAN_POINT ( 'NONE',  ( 291.7601408809391614, 1082.182687899604389, 5.934645059463651506 ) ) ;
#1740 = CARTESIAN_POINT ( 'NONE',  ( 304.4919483000152240, 1074.652164459586174, 5.499999999999713118 ) ) ;
#1741 = ORIENTED_EDGE ( 'NONE', *, *, #4979, .T. ) ;
#1742 = CARTESIAN_POINT ( 'NONE',  ( 308.5509892228343460, 1047.860217294155518, 5.499999999999713118 ) ) ;
#1743 = CARTESIAN_POINT ( 'NONE',  ( 308.5509892228343460, 1047.860217294155518, -5.500000000000289546 ) ) ;
#1744 = EDGE_CURVE ( 'NONE', #1973, #3028, #3241, .T. ) ;
#1745 = CARTESIAN_POINT ( 'NONE',  ( 319.1431484109002099, 1074.136736033682155, -6.000000000000287770 ) ) ;
#1746 = ORIENTED_EDGE ( 'NONE', *, *, #6967, .T. ) ;
#1747 = EDGE_CURVE ( 'NONE', #5012, #7100, #8814, .T. ) ;
#1748 = ORIENTED_EDGE ( 'NONE', *, *, #7180, .F. ) ;
#1749 = LINE ( 'NONE', #6723, #6148 ) ;
#1750 = CARTESIAN_POINT ( 'NONE',  ( 301.1525270095755786, 1026.204089814995996, 5.999999999999712230 ) ) ;
#1751 = ORIENTED_EDGE ( 'NONE', *, *, #1130, .F. ) ;
#1752 = VERTEX_POINT ( 'NONE', #498 ) ;
#1753 = DIRECTION ( 'NONE',  ( 1.000000000000000000, 0.000000000000000000, 0.000000000000000000 ) ) ;
#1754 = DIRECTION ( 'NONE',  ( -0.09337979908934757045, 0.9956305605605089148, 0.000000000000000000 ) ) ;
#1755 = AXIS2_PLACEMENT_3D ( 'NONE', #6570, #9508, #6668 ) ;
#1756 = CYLINDRICAL_SURFACE ( 'NONE', #5792, 0.5000000000000004441 ) ;
#1757 = CARTESIAN_POINT ( 'NONE',  ( 266.7112994139250759, 957.4437044664329051, 13.24999999999971401 ) ) ;
#1758 = ORIENTED_EDGE ( 'NONE', *, *, #6229, .T. ) ;
#1759 = CARTESIAN_POINT ( 'NONE',  ( 306.8405554429598396, 1041.235715822944940, 5.999999999999712230 ) ) ;
#1760 = ORIENTED_EDGE ( 'NONE', *, *, #5681, .T. ) ;
#1761 = CARTESIAN_POINT ( 'NONE',  ( 330.1818223987274337, 1095.092143408788843, -9.000000000000287770 ) ) ;
#1762 = CC_DESIGN_DATE_AND_TIME_ASSIGNMENT ( #8778, #715, ( #6309 ) ) ;
#1763 = CARTESIAN_POINT ( 'NONE',  ( 525.5164649254979850, 915.7446262538589963, 5.499999999999713118 ) ) ;
#1764 = AXIS2_PLACEMENT_3D ( 'NONE', #3664, #8851, #3022 ) ;
#1765 = EDGE_CURVE ( 'NONE', #1467, #6032, #9178, .T. ) ;
#1766 = VERTEX_POINT ( 'NONE', #6529 ) ;
#1767 = CARTESIAN_POINT ( 'NONE',  ( 278.4945725988074514, 1006.993656006015044, -5.985748428336296278 ) ) ;
#1768 = VERTEX_POINT ( 'NONE', #8124 ) ;
#1769 = VECTOR ( 'NONE', #4351, 1000.000000000000000 ) ;
#1770 = EDGE_LOOP ( 'NONE', ( #5626, #1867, #2429, #3891 ) ) ;
#1771 = CARTESIAN_POINT ( 'NONE',  ( 278.5157583202347951, 1007.113806202781348, 5.999999999999712230 ) ) ;
#1772 = CARTESIAN_POINT ( 'NONE',  ( 294.9950892711793244, 1100.572736224338541, 5.999999999999712230 ) ) ;
#1773 = ORIENTED_EDGE ( 'NONE', *, *, #9262, .T. ) ;
#1774 = DIRECTION ( 'NONE',  ( 0.4977330300472448954, 0.8673302893361838350, 0.000000000000000000 ) ) ;
#1775 = EDGE_CURVE ( 'NONE', #6004, #1364, #8701, .T. ) ;
#1776 = VECTOR ( 'NONE', #7579, 1000.000000000000000 ) ;
#1777 = ORIENTED_EDGE ( 'NONE', *, *, #8487, .F. ) ;
#1778 = CARTESIAN_POINT ( 'NONE',  ( 278.1127761287803537, 964.4085583051373760, 210.7946508136983255 ) ) ;
#1779 = CARTESIAN_POINT ( 'NONE',  ( 298.1598645132798993, 1046.793767534735252, 5.499999999999713118 ) ) ;
#1780 = CARTESIAN_POINT ( 'NONE',  ( 287.3049690295604250, 1027.149241840084187, -5.500000000000287770 ) ) ;
#1781 = DIRECTION ( 'NONE',  ( -0.000000000000000000, -0.000000000000000000, 1.000000000000000000 ) ) ;
#1782 = DIRECTION ( 'NONE',  ( 0.9833288001032857162, 0.1818363849383071440, 0.000000000000000000 ) ) ;
#1783 = CARTESIAN_POINT ( 'NONE',  ( 320.4459283793965483, 1077.620781241496616, -6.000000000000287770 ) ) ;
#1784 = EDGE_CURVE ( 'NONE', #4306, #8979, #1324, .T. ) ;
#1785 = CIRCLE ( 'NONE', #383, 0.4999999999998887557 ) ;
#1786 = FACE_OUTER_BOUND ( 'NONE', #3815, .T. ) ;
#1787 = VERTEX_POINT ( 'NONE', #2859 ) ;
#1788 = AXIS2_PLACEMENT_3D ( 'NONE', #1663, #1803, #7559 ) ;
#1789 = FACE_OUTER_BOUND ( 'NONE', #2670, .T. ) ;
#1790 = CARTESIAN_POINT ( 'NONE',  ( 300.8423041959673583, 1122.982560454410759, -9.000000000000287770 ) ) ;
#1791 = AXIS2_PLACEMENT_3D ( 'NONE', #5237, #2243, #746 ) ;
#1792 = DIRECTION ( 'NONE',  ( 0.8815943511951108702, -0.4720078388553221593, 0.000000000000000000 ) ) ;
#1793 = ORIENTED_EDGE ( 'NONE', *, *, #6645, .T. ) ;
#1794 = CIRCLE ( 'NONE', #1635, 0.4999999999999621969 ) ;
#1795 = ORIENTED_EDGE ( 'NONE', *, *, #6544, .T. ) ;
#1796 = CARTESIAN_POINT ( 'NONE',  ( 298.7484255372075950, 1021.022386367511217, 210.7946508136983255 ) ) ;
#1797 = ORIENTED_EDGE ( 'NONE', *, *, #9446, .T. ) ;
#1798 = EDGE_CURVE ( 'NONE', #1623, #6143, #2236, .T. ) ;
#1799 = CIRCLE ( 'NONE', #6736, 3.000000000000002665 ) ;
#1800 = VERTEX_POINT ( 'NONE', #4367 ) ;
#1801 = DIRECTION ( 'NONE',  ( -0.4943022244885922345, -0.8692901189278694485, 0.000000000000000000 ) ) ;
#1802 = FACE_OUTER_BOUND ( 'NONE', #1389, .T. ) ;
#1803 = DIRECTION ( 'NONE',  ( 0.9882948916112398452, 0.1525555872956738945, -2.194455487572442010E-13 ) ) ;
#1804 = CARTESIAN_POINT ( 'NONE',  ( 277.6325693320683854, 1000.111717654317999, 5.499999999999713118 ) ) ;
#1805 = ORIENTED_EDGE ( 'NONE', *, *, #681, .T. ) ;
#1806 = DIRECTION ( 'NONE',  ( -0.1378466330839183684, 0.9904535858622692812, 0.000000000000000000 ) ) ;
#1807 = CIRCLE ( 'NONE', #7209, 8.000000000000007105 ) ;
#1808 = ORIENTED_EDGE ( 'NONE', *, *, #2808, .F. ) ;
#1809 = CARTESIAN_POINT ( 'NONE',  ( 300.3143838466119178, 1074.436046179389450, 5.499999999999711342 ) ) ;
#1810 = DIRECTION ( 'NONE',  ( 0.9882948916112388460, 0.1525555872956790016, -0.000000000000000000 ) ) ;
#1811 = CARTESIAN_POINT ( 'NONE',  ( 308.7863256618659307, 1072.785445573195602, -6.000000000000287770 ) ) ;
#1812 = ADVANCED_FACE ( 'NONE', ( #9426 ), #2781, .F. ) ;
#1813 = EDGE_LOOP ( 'NONE', ( #1036, #1559, #613, #5823 ) ) ;
#1814 = AXIS2_PLACEMENT_3D ( 'NONE', #2515, #4542, #5416 ) ;
#1815 = ADVANCED_FACE ( 'NONE', ( #2816 ), #8660, .F. ) ;
#1816 = LINE ( 'NONE', #4766, #8099 ) ;
#1817 = CARTESIAN_POINT ( 'NONE',  ( 344.7912167416586158, 1119.102250538167482, -8.300000000000288480 ) ) ;
#1818 = EDGE_CURVE ( 'NONE', #9065, #1044, #3509, .T. ) ;
#1819 = ORIENTED_EDGE ( 'NONE', *, *, #1200, .F. ) ;
#1820 = CARTESIAN_POINT ( 'NONE',  ( 278.4945725988074514, 1006.993656006015044, 5.985748428335712745 ) ) ;
#1821 = CARTESIAN_POINT ( 'NONE',  ( 298.1598645132798993, 1046.793767534735252, -6.000000000000289546 ) ) ;
#1822 = ORIENTED_EDGE ( 'NONE', *, *, #6777, .T. ) ;
#1823 = CARTESIAN_POINT ( 'NONE',  ( 279.5501109898323193, 982.5281748859821391, -6.000000000000287770 ) ) ;
#1824 = AXIS2_PLACEMENT_3D ( 'NONE', #5783, #8823, #8728 ) ;
#1825 = AXIS2_PLACEMENT_3D ( 'NONE', #5969, #708, #2933 ) ;
#1826 = EDGE_CURVE ( 'NONE', #4950, #1899, #6638, .T. ) ;
#1827 = ORIENTED_EDGE ( 'NONE', *, *, #284, .T. ) ;
#1828 = CARTESIAN_POINT ( 'NONE',  ( 492.8418716631339294, 920.5071914575760275, 5.499999999999713118 ) ) ;
#1829 = EDGE_CURVE ( 'NONE', #6812, #4675, #5393, .T. ) ;
#1830 = CARTESIAN_POINT ( 'NONE',  ( 281.3845185166587157, 1023.383353749603998, 5.973945654871526401 ) ) ;
#1831 = VECTOR ( 'NONE', #7104, 1000.000000000000000 ) ;
#1832 = AXIS2_PLACEMENT_3D ( 'NONE', #2677, #6666, #915 ) ;
#1833 = CARTESIAN_POINT ( 'NONE',  ( 280.3802583216506719, 1003.018224043983309, -5.500000000000287770 ) ) ;
#1834 = VECTOR ( 'NONE', #8468, 1000.000000000000000 ) ;
#1835 = EDGE_CURVE ( 'NONE', #3592, #4517, #292, .T. ) ;
#1836 = DIRECTION ( 'NONE',  ( 0.000000000000000000, 1.000000000000000000, 0.000000000000000000 ) ) ;
#1837 = EDGE_CURVE ( 'NONE', #8828, #1149, #2961, .T. ) ;
#1838 = CARTESIAN_POINT ( 'NONE',  ( 281.3845185166587157, 1023.383353749603998, -5.973945654872109046 ) ) ;
#1839 = CARTESIAN_POINT ( 'NONE',  ( 320.4113549041886131, 1077.528320846396127, -6.000000000000284217 ) ) ;
#1840 = VECTOR ( 'NONE', #1513, 1000.000000000000000 ) ;
#1841 = DIRECTION ( 'NONE',  ( 0.3502424885566279289, 0.9366590624179432778, 0.000000000000000000 ) ) ;
#1842 = VERTEX_POINT ( 'NONE', #2051 ) ;
#1843 = LINE ( 'NONE', #5599, #7223 ) ;
#1844 = DIRECTION ( 'NONE',  ( -0.1790491588610656493, -0.9838401286342943752, 0.000000000000000000 ) ) ;
#1845 = AXIS2_PLACEMENT_3D ( 'NONE', #1336, #4291, #9296 ) ;
#1846 = FACE_OUTER_BOUND ( 'NONE', #4974, .T. ) ;
#1847 = ORIENTED_EDGE ( 'NONE', *, *, #6034, .T. ) ;
#1848 = ORIENTED_EDGE ( 'NONE', *, *, #5109, .F. ) ;
#1849 = FACE_OUTER_BOUND ( 'NONE', #967, .T. ) ;
#1850 = EDGE_CURVE ( 'NONE', #3949, #3211, #7309, .T. ) ;
#1851 = VERTEX_POINT ( 'NONE', #6586 ) ;
#1852 = ORIENTED_EDGE ( 'NONE', *, *, #8249, .T. ) ;
#1853 = CARTESIAN_POINT ( 'NONE',  ( 317.2196533914529937, 1105.013082960928614, 61.58012167084567778 ) ) ;
#1854 = DIRECTION ( 'NONE',  ( 0.1736481776669271393, 0.9848077530122086864, 0.000000000000000000 ) ) ;
#1855 = DIRECTION ( 'NONE',  ( 0.000000000000000000, 1.000000000000000000, 0.000000000000000000 ) ) ;
#1856 = DIRECTION ( 'NONE',  ( 1.000000000000000000, 0.000000000000000000, -0.000000000000000000 ) ) ;
#1857 = VERTEX_POINT ( 'NONE', #9523 ) ;
#1858 = CARTESIAN_POINT ( 'NONE',  ( 325.4985270866377505, 1096.843355851571914, 8.999999999999706901 ) ) ;
#1859 = ORIENTED_EDGE ( 'NONE', *, *, #5830, .T. ) ;
#1860 = CARTESIAN_POINT ( 'NONE',  ( 303.0449430493875411, 1047.343807386886738, 61.58012167084567778 ) ) ;
#1861 = DIRECTION ( 'NONE',  ( 0.000000000000000000, 0.000000000000000000, 1.000000000000000000 ) ) ;
#1862 = LINE ( 'NONE', #2013, #2004 ) ;
#1863 = ORIENTED_EDGE ( 'NONE', *, *, #6858, .F. ) ;
#1864 = CARTESIAN_POINT ( 'NONE',  ( 325.4985270866377505, 1096.843355851571914, 8.999999999999706901 ) ) ;
#1865 = DIRECTION ( 'NONE',  ( 0.4977330300471954350, 0.8673302893362123678, -0.000000000000000000 ) ) ;
#1866 = EDGE_CURVE ( 'NONE', #2799, #8534, #1070, .T. ) ;
#1867 = ORIENTED_EDGE ( 'NONE', *, *, #67, .F. ) ;
#1868 = DIRECTION ( 'NONE',  ( -0.1736481776669271671, -0.9848077530122086864, 0.000000000000000000 ) ) ;
#1869 = EDGE_CURVE ( 'NONE', #703, #6154, #1466, .T. ) ;
#1870 = DIRECTION ( 'NONE',  ( 1.000000000000000000, 0.000000000000000000, 0.000000000000000000 ) ) ;
#1871 = ORIENTED_EDGE ( 'NONE', *, *, #6294, .F. ) ;
#1872 = CARTESIAN_POINT ( 'NONE',  ( 282.5250966659600635, 1029.708397557551052, -6.000000000000287770 ) ) ;
#1873 = ADVANCED_FACE ( 'NONE', ( #4464 ), #7358, .F. ) ;
#1874 = ORIENTED_EDGE ( 'NONE', *, *, #1040, .F. ) ;
#1875 = CYLINDRICAL_SURFACE ( 'NONE', #7207, 0.4999999999999940048 ) ;
#1876 = CARTESIAN_POINT ( 'NONE',  ( 333.6950601088341273, 1158.572179699236813, -8.800000000000286704 ) ) ;
#1877 = CARTESIAN_POINT ( 'NONE',  ( 347.0085846824679834, 1140.092221637931743, -8.800000000000286704 ) ) ;
#1878 = ORIENTED_EDGE ( 'NONE', *, *, #3789, .F. ) ;
#1879 = FACE_OUTER_BOUND ( 'NONE', #9174, .T. ) ;
#1880 = CARTESIAN_POINT ( 'NONE',  ( 343.7169217884921864, 1113.199209766361719, -8.300000000000288480 ) ) ;
#1881 = CARTESIAN_POINT ( 'NONE',  ( 299.2167550684165462, 1020.847265123232773, -5.995535269261444533 ) ) ;
#1882 = ORIENTED_EDGE ( 'NONE', *, *, #2637, .T. ) ;
#1883 = CARTESIAN_POINT ( 'NONE',  ( 291.7601408809390477, 1082.211813702168456, -5.949042008461627340 ) ) ;
#1884 = CARTESIAN_POINT ( 'NONE',  ( 295.4874931476854272, 1100.485912135505032, 61.58012167084567778 ) ) ;
#1885 = DIRECTION ( 'NONE',  ( -0.000000000000000000, -0.000000000000000000, -1.000000000000000000 ) ) ;
#1886 = ORIENTED_EDGE ( 'NONE', *, *, #1765, .F. ) ;
#1887 = ADVANCED_FACE ( 'NONE', ( #9110 ), #3921, .F. ) ;
#1888 = ORIENTED_EDGE ( 'NONE', *, *, #4371, .F. ) ;
#1889 = DIRECTION ( 'NONE',  ( -0.000000000000000000, -0.000000000000000000, 1.000000000000000000 ) ) ;
#1890 = ORIENTED_EDGE ( 'NONE', *, *, #8669, .T. ) ;
#1891 = ADVANCED_FACE ( 'NONE', ( #4782 ), #3137, .F. ) ;
#1892 = ORIENTED_EDGE ( 'NONE', *, *, #4847, .T. ) ;
#1893 = FACE_OUTER_BOUND ( 'NONE', #1265, .T. ) ;
#1894 = CARTESIAN_POINT ( 'NONE',  ( 272.7112994139250759, 957.4437044664329051, -13.25000000000028955 ) ) ;
#1895 = FACE_OUTER_BOUND ( 'NONE', #6380, .T. ) ;
#1896 = DIRECTION ( 'NONE',  ( 0.09337979908943011553, -0.9956305605605012543, 0.000000000000000000 ) ) ;
#1897 = ORIENTED_EDGE ( 'NONE', *, *, #3355, .T. ) ;
#1898 = CARTESIAN_POINT ( 'NONE',  ( 306.8405554429598396, 1041.235715822944940, -6.000000000000287770 ) ) ;
#1899 = VERTEX_POINT ( 'NONE', #3974 ) ;
#1900 = DIRECTION ( 'NONE',  ( -0.4943022244883290561, -0.8692901189280191065, 0.000000000000000000 ) ) ;
#1901 = CARTESIAN_POINT ( 'NONE',  ( 306.8423041959673583, 1116.982560454410759, 10.74999999999971223 ) ) ;
#1902 = DIRECTION ( 'NONE',  ( -0.000000000000000000, -0.000000000000000000, -1.000000000000000000 ) ) ;
#1903 = ADVANCED_FACE ( 'NONE', ( #9211 ), #5357, .F. ) ;
#1904 = ORIENTED_EDGE ( 'NONE', *, *, #8569, .T. ) ;
#1905 = DIRECTION ( 'NONE',  ( 0.1525555872956738668, -0.9882948916112397342, 0.000000000000000000 ) ) ;
#1906 = CARTESIAN_POINT ( 'NONE',  ( 279.5501109898323193, 982.5281748859821391, 8.999999999999712230 ) ) ;
#1907 = ORIENTED_EDGE ( 'NONE', *, *, #6287, .T. ) ;
#1908 = CARTESIAN_POINT ( 'NONE',  ( 294.5798287128431525, 1080.863649720678495, -6.000000000000287770 ) ) ;
#1909 = DIRECTION ( 'NONE',  ( -0.8815943511951235267, 0.4720078388552984006, -0.000000000000000000 ) ) ;
#1910 = AXIS2_PLACEMENT_3D ( 'NONE', #8787, #6517, #5026 ) ;
#1911 = ORIENTED_EDGE ( 'NONE', *, *, #8117, .F. ) ;
#1912 = DIRECTION ( 'NONE',  ( 0.1736481776669271393, 0.9848077530122086864, 0.000000000000000000 ) ) ;
#1913 =( BOUNDED_CURVE ( )  B_SPLINE_CURVE ( 3, ( #2511, #4731, #7726, #1739 ),
 .UNSPECIFIED., .F., .F. ) 
 B_SPLINE_CURVE_WITH_KNOTS ( ( 4, 4 ),
 ( 0.3424990272921619727, 0.5170319524915147902 ),
 .UNSPECIFIED. ) 
 CURVE ( )  GEOMETRIC_REPRESENTATION_ITEM ( )  RATIONAL_B_SPLINE_CURVE ( ( 1.000000000000000000, 0.9974631320611658802, 0.9974631320611658802, 1.000000000000000000 ) ) 
 REPRESENTATION_ITEM ( '' )  );
#1914 = CARTESIAN_POINT ( 'NONE',  ( 283.0141617134382841, 1032.581775252200714, 5.940797175597318791 ) ) ;
#1915 = ORIENTED_EDGE ( 'NONE', *, *, #395, .F. ) ;
#1916 = EDGE_CURVE ( 'NONE', #7368, #4692, #172, .T. ) ;
#1917 = LINE ( 'NONE', #6212, #4584 ) ;
#1918 = AXIS2_PLACEMENT_3D ( 'NONE', #738, #7356, #2190 ) ;
#1919 = CARTESIAN_POINT ( 'NONE',  ( 304.0129644355745882, 1072.048618001351770, 5.499999999999711342 ) ) ;
#1920 = CARTESIAN_POINT ( 'NONE',  ( 290.1522098842457922, 1073.107402402620437, -6.000000000000282441 ) ) ;
#1921 = ORIENTED_EDGE ( 'NONE', *, *, #9538, .F. ) ;
#1922 = FACE_OUTER_BOUND ( 'NONE', #4346, .T. ) ;
#1923 = EDGE_CURVE ( 'NONE', #927, #131, #6855, .T. ) ;
#1924 = CARTESIAN_POINT ( 'NONE',  ( 300.8423041959673583, 1116.982560454410759, -10.75000000000028777 ) ) ;
#1925 = CARTESIAN_POINT ( 'NONE',  ( 294.9950892711793244, 1100.572736224338541, 210.7946508136983255 ) ) ;
#1926 = PLANE ( 'NONE',  #1483 ) ;
#1927 = CC_DESIGN_SECURITY_CLASSIFICATION ( #5165, ( #3171 ) ) ;
#1928 =( BOUNDED_CURVE ( )  B_SPLINE_CURVE ( 3, ( #1881, #1257, #4826, #7769 ),
 .UNSPECIFIED., .F., .F. ) 
 B_SPLINE_CURVE_WITH_KNOTS ( ( 4, 4 ),
 ( 4.578652056338414766, 4.712388980384727866 ),
 .UNSPECIFIED. ) 
 CURVE ( )  GEOMETRIC_REPRESENTATION_ITEM ( )  RATIONAL_B_SPLINE_CURVE ( ( 1.000000000000000000, 0.9985100915499881546, 0.9985100915499881546, 1.000000000000000000 ) ) 
 REPRESENTATION_ITEM ( '' )  );
#1929 = ORIENTED_EDGE ( 'NONE', *, *, #2752, .F. ) ;
#1930 = EDGE_CURVE ( 'NONE', #1683, #5283, #371, .T. ) ;
#1931 = PLANE ( 'NONE',  #2593 ) ;
#1932 = DIRECTION ( 'NONE',  ( 0.000000000000000000, -1.000000000000000000, -4.440892098501115382E-13 ) ) ;
#1933 = DIRECTION ( 'NONE',  ( 0.000000000000000000, 0.000000000000000000, 1.000000000000000000 ) ) ;
#1934 = EDGE_CURVE ( 'NONE', #5228, #3585, #2558, .T. ) ;
#1935 = ORIENTED_EDGE ( 'NONE', *, *, #8563, .T. ) ;
#1936 = CIRCLE ( 'NONE', #3641, 0.5000000000000004441 ) ;
#1937 = ORIENTED_EDGE ( 'NONE', *, *, #271, .T. ) ;
#1938 = DIRECTION ( 'NONE',  ( 0.9366590624179433888, -0.3502424885566274293, 0.000000000000000000 ) ) ;
#1939 = VECTOR ( 'NONE', #6892, 1000.000000000000114 ) ;
#1940 = ADVANCED_FACE ( 'NONE', ( #2610 ), #4635, .F. ) ;
#1941 = EDGE_LOOP ( 'NONE', ( #6190, #410, #4020, #3151 ) ) ;
#1942 = VERTEX_POINT ( 'NONE', #6959 ) ;
#1943 = LINE ( 'NONE', #9499, #8854 ) ;
#1944 = FACE_OUTER_BOUND ( 'NONE', #9013, .T. ) ;
#1945 = VECTOR ( 'NONE', #6982, 1000.000000000000000 ) ;
#1946 = EDGE_CURVE ( 'NONE', #2853, #1787, #2509, .T. ) ;
#1947 = SPHERICAL_SURFACE ( 'NONE', #5952, 0.5000000000000000000 ) ;
#1948 = DIRECTION ( 'NONE',  ( 0.9457519005633167053, 0.3248897391129401679, -0.000000000000000000 ) ) ;
#1949 = CIRCLE ( 'NONE', #1328, 0.5000000000000028866 ) ;
#1950 = VERTEX_POINT ( 'NONE', #4065 ) ;
#1951 = CYLINDRICAL_SURFACE ( 'NONE', #3233, 0.4999999999998939182 ) ;
#1952 = ADVANCED_FACE ( 'NONE', ( #9009 ), #7581, .F. ) ;
#1953 = ORIENTED_EDGE ( 'NONE', *, *, #4952, .T. ) ;
#1954 = CARTESIAN_POINT ( 'NONE',  ( 283.0502448967981195, 1032.830157485746213, -6.000000000000287770 ) ) ;
#1955 = PLANE ( 'NONE',  #1146 ) ;
#1956 = AXIS2_PLACEMENT_3D ( 'NONE', #9121, #6136, #3102 ) ;
#1957 = CIRCLE ( 'NONE', #557, 0.5000000000000004441 ) ;
#1958 = DIRECTION ( 'NONE',  ( -0.000000000000000000, -0.000000000000000000, 1.000000000000000000 ) ) ;
#1959 = ORIENTED_EDGE ( 'NONE', *, *, #717, .T. ) ;
#1960 = DIRECTION ( 'NONE',  ( 0.000000000000000000, 0.000000000000000000, 1.000000000000000000 ) ) ;
#1961 = VECTOR ( 'NONE', #7582, 1000.000000000000000 ) ;
#1962 = DIRECTION ( 'NONE',  ( 0.4977330300476871527, 0.8673302893359300381, -3.469446951954003886E-15 ) ) ;
#1963 = ORIENTED_EDGE ( 'NONE', *, *, #6976, .T. ) ;
#1964 = CARTESIAN_POINT ( 'NONE',  ( 281.9341010770704088, 1026.500191332845588, 5.999999999999712230 ) ) ;
#1965 = EDGE_CURVE ( 'NONE', #4987, #9148, #7092, .T. ) ;
#1966 = EDGE_CURVE ( 'NONE', #9065, #9206, #4777, .T. ) ;
#1967 = ORIENTED_EDGE ( 'NONE', *, *, #8833, .F. ) ;
#1968 = DIRECTION ( 'NONE',  ( 0.000000000000000000, 0.000000000000000000, -1.000000000000000000 ) ) ;
#1969 = CARTESIAN_POINT ( 'NONE',  ( 283.2781577940106672, 1032.140978076603005, 5.499999999999713118 ) ) ;
#1970 = EDGE_CURVE ( 'NONE', #5240, #3635, #8301, .T. ) ;
#1971 = AXIS2_PLACEMENT_3D ( 'NONE', #9257, #5544, #3335 ) ;
#1972 = AXIS2_PLACEMENT_3D ( 'NONE', #1138, #5628, #4812 ) ;
#1973 = VERTEX_POINT ( 'NONE', #5409 ) ;
#1974 = CARTESIAN_POINT ( 'NONE',  ( 292.7238929136463526, 1004.231333356398750, -6.000000000000289546 ) ) ;
#1975 = FACE_OUTER_BOUND ( 'NONE', #7620, .T. ) ;
#1976 = DIRECTION ( 'NONE',  ( 0.9888139587632100991, 0.1491541315385826738, -0.000000000000000000 ) ) ;
#1977 = ORIENTED_EDGE ( 'NONE', *, *, #1408, .T. ) ;
#1978 = DIRECTION ( 'NONE',  ( 1.000000000000000000, 0.000000000000000000, 0.000000000000000000 ) ) ;
#1979 = VECTOR ( 'NONE', #5515, 1000.000000000000000 ) ;
#1980 = AXIS2_PLACEMENT_3D ( 'NONE', #5013, #6322, #2657 ) ;
#1981 = DIRECTION ( 'NONE',  ( -0.9956305605605084708, -0.09337979908935137296, 0.000000000000000000 ) ) ;
#1982 = CARTESIAN_POINT ( 'NONE',  ( 306.8693832602310181, 1041.312810513563363, 5.993360015348169867 ) ) ;
#1983 = VECTOR ( 'NONE', #279, 1000.000000000000000 ) ;
#1984 = VECTOR ( 'NONE', #5295, 1000.000000000000000 ) ;
#1985 = LINE ( 'NONE', #2615, #1180 ) ;
#1986 = EDGE_LOOP ( 'NONE', ( #4079, #7034, #1937, #7795 ) ) ;
#1987 = DIRECTION ( 'NONE',  ( -0.1525555872957280734, 0.9882948916112312965, 0.000000000000000000 ) ) ;
#1988 = FACE_OUTER_BOUND ( 'NONE', #6391, .T. ) ;
#1989 = LINE ( 'NONE', #4212, #3659 ) ;
#1990 = EDGE_CURVE ( 'NONE', #228, #3856, #7003, .T. ) ;
#1991 = ORIENTED_EDGE ( 'NONE', *, *, #511, .F. ) ;
#1992 = VECTOR ( 'NONE', #6196, 1000.000000000000114 ) ;
#1993 = EDGE_CURVE ( 'NONE', #4888, #1678, #4170, .T. ) ;
#1994 = VECTOR ( 'NONE', #4650, 1000.000000000000000 ) ;
#1995 = VERTEX_POINT ( 'NONE', #7625 ) ;
#1996 = CARTESIAN_POINT ( 'NONE',  ( 275.1653034219292522, 956.5260851264006305, 210.7946508136983255 ) ) ;
#1997 = ADVANCED_FACE ( 'NONE', ( #1006 ), #328, .F. ) ;
#1998 =( BOUNDED_CURVE ( )  B_SPLINE_CURVE ( 3, ( #6438, #4273, #9420, #5612 ),
 .UNSPECIFIED., .F., .F. ) 
 B_SPLINE_CURVE_WITH_KNOTS ( ( 4, 4 ),
 ( 0.2393306788001595131, 0.4138636039995110538 ),
 .UNSPECIFIED. ) 
 CURVE ( )  GEOMETRIC_REPRESENTATION_ITEM ( )  RATIONAL_B_SPLINE_CURVE ( ( 1.000000000000000000, 0.9974631320611659913, 0.9974631320611659913, 1.000000000000000000 ) ) 
 REPRESENTATION_ITEM ( '' )  );
#1999 = VERTEX_POINT ( 'NONE', #4248 ) ;
#2000 = EDGE_CURVE ( 'NONE', #131, #5238, #6413, .T. ) ;
#2001 = ORIENTED_EDGE ( 'NONE', *, *, #4335, .F. ) ;
#2002 = AXIS2_PLACEMENT_3D ( 'NONE', #5918, #9546, #5878 ) ;
#2003 = CARTESIAN_POINT ( 'NONE',  ( 302.2635545550916731, 1028.995369490367693, -5.846519237904065136 ) ) ;
#2004 = VECTOR ( 'NONE', #7748, 1000.000000000000000 ) ;
#2005 = CARTESIAN_POINT ( 'NONE',  ( 269.8466448106040048, 957.9488203634091406, 210.7946508136983255 ) ) ;
#2006 = CARTESIAN_POINT ( 'NONE',  ( 526.7607975005523713, 917.9129519772606045, 61.58012167084567778 ) ) ;
#2007 = ORIENTED_EDGE ( 'NONE', *, *, #8026, .F. ) ;
#2008 = ORIENTED_EDGE ( 'NONE', *, *, #99, .F. ) ;
#2009 = LINE ( 'NONE', #8515, #5221 ) ;
#2010 = VECTOR ( 'NONE', #608, 1000.000000000000000 ) ;
#2011 = CARTESIAN_POINT ( 'NONE',  ( 298.3297253635498123, 1049.002216458817429, -6.000000000000289546 ) ) ;
#2012 = ADVANCED_FACE ( 'NONE', ( #1922 ), #567, .F. ) ;
#2013 = CARTESIAN_POINT ( 'NONE',  ( 302.8427664339087073, 1046.412326961938561, 61.58012167084567778 ) ) ;
#2014 = ORIENTED_CLOSED_SHELL ( 'NONE', *, #3399, .F. );
#2015 = ORIENTED_EDGE ( 'NONE', *, *, #2661, .F. ) ;
#2016 = CARTESIAN_POINT ( 'NONE',  ( 296.6848158921147274, 1025.530173790869640, 61.58012167084567778 ) ) ;
#2017 = FACE_BOUND ( 'NONE', #6479, .T. ) ;
#2018 = ORIENTED_EDGE ( 'NONE', *, *, #1609, .F. ) ;
#2019 = DIRECTION ( 'NONE',  ( 1.000000000000000000, 0.000000000000000000, -0.000000000000000000 ) ) ;
#2020 = ORIENTED_EDGE ( 'NONE', *, *, #3364, .F. ) ;
#2021 = CARTESIAN_POINT ( 'NONE',  ( 303.0916329489321583, 1046.845992106606673, 5.499999999999711342 ) ) ;
#2022 = CARTESIAN_POINT ( 'NONE',  ( 333.2468416259235369, 1107.976817948631378, 5.999999999999712230 ) ) ;
#2023 = EDGE_LOOP ( 'NONE', ( #2831, #5043, #5167, #8899, #5957, #3987, #59, #3206, #9558, #2192, #2089, #1566 ) ) ;
#2024 = EDGE_CURVE ( 'NONE', #8976, #1048, #237, .T. ) ;
#2025 = CARTESIAN_POINT ( 'NONE',  ( 491.6618520660051672, 918.3032055795803217, 5.499999999999713118 ) ) ;
#2026 = PLANE ( 'NONE',  #757 ) ;
#2027 = VERTEX_POINT ( 'NONE', #4870 ) ;
#2028 = EDGE_CURVE ( 'NONE', #3028, #3322, #7907, .T. ) ;
#2029 = CYLINDRICAL_SURFACE ( 'NONE', #8447, 0.5000000000000004441 ) ;
#2030 = CARTESIAN_POINT ( 'NONE',  ( 291.9554243102296027, 1001.600285474086377, -6.000000000000287770 ) ) ;
#2031 = CARTESIAN_POINT ( 'NONE',  ( 308.8426026624658789, 1047.887567604083188, -5.792893218813667922 ) ) ;
#2032 = CARTESIAN_POINT ( 'NONE',  ( 289.6019877403369378, 1069.986937561119021, -5.973394735897446850 ) ) ;
#2033 = CARTESIAN_POINT ( 'NONE',  ( 285.4627063805404532, 1045.694776317819333, 5.734039218353793821 ) ) ;
#2034 = CARTESIAN_POINT ( 'NONE',  ( 331.1950601088341273, 1158.572179699236813, -8.800000000000286704 ) ) ;
#2035 = PLANE ( 'NONE',  #7201 ) ;
#2036 = EDGE_LOOP ( 'NONE', ( #3546, #6797, #994, #7660 ) ) ;
#2037 = ADVANCED_FACE ( 'NONE', ( #4203 ), #616, .F. ) ;
#2038 = ORIENTED_EDGE ( 'NONE', *, *, #395, .T. ) ;
#2039 = CARTESIAN_POINT ( 'NONE',  ( 323.6059745874828764, 1086.071743118399127, 210.7946508136983255 ) ) ;
#2040 = ORIENTED_EDGE ( 'NONE', *, *, #4910, .F. ) ;
#2041 = ORIENTED_EDGE ( 'NONE', *, *, #19, .F. ) ;
#2042 = EDGE_CURVE ( 'NONE', #5578, #3592, #1253, .T. ) ;
#2043 = DIRECTION ( 'NONE',  ( 0.000000000000000000, 0.000000000000000000, 1.000000000000000000 ) ) ;
#2044 = DIRECTION ( 'NONE',  ( -0.1491541315384047328, 0.9888139587632368555, 0.000000000000000000 ) ) ;
#2045 = DIRECTION ( 'NONE',  ( -0.000000000000000000, -0.000000000000000000, 1.000000000000000000 ) ) ;
#2046 = ORIENTED_EDGE ( 'NONE', *, *, #4086, .F. ) ;
#2047 = EDGE_CURVE ( 'NONE', #4692, #3211, #8752, .T. ) ;
#2048 = EDGE_LOOP ( 'NONE', ( #5145, #7206, #7197, #8801 ) ) ;
#2049 = LINE ( 'NONE', #7928, #2302 ) ;
#2050 = DIRECTION ( 'NONE',  ( -0.3502424885566279289, -0.9366590624179432778, 0.000000000000000000 ) ) ;
#2051 = CARTESIAN_POINT ( 'NONE',  ( 316.9048986467299756, 1068.169002111214240, -6.000000000000287770 ) ) ;
#2052 = ORIENTED_EDGE ( 'NONE', *, *, #2924, .T. ) ;
#2053 = FACE_OUTER_BOUND ( 'NONE', #1133, .T. ) ;
#2054 = DIRECTION ( 'NONE',  ( -0.000000000000000000, -0.000000000000000000, 1.000000000000000000 ) ) ;
#2055 = ORIENTED_EDGE ( 'NONE', *, *, #8608, .F. ) ;
#2056 = CARTESIAN_POINT ( 'NONE',  ( 302.5189506855798527, 1143.242674677152309, 5.999999999999712230 ) ) ;
#2057 = ORIENTED_EDGE ( 'NONE', *, *, #8088, .F. ) ;
#2058 = CARTESIAN_POINT ( 'NONE',  ( 319.9556947817204673, 1077.039185728574012, -5.500000000000287770 ) ) ;
#2059 = ADVANCED_FACE ( 'NONE', ( #1150 ), #1202, .F. ) ;
#2060 = LINE ( 'NONE', #6500, #5004 ) ;
#2061 = VERTEX_POINT ( 'NONE', #4926 ) ;
#2062 = FACE_OUTER_BOUND ( 'NONE', #5481, .T. ) ;
#2063 = DIRECTION ( 'NONE',  ( 0.9848077530122086864, -0.1736481776669271393, 0.000000000000000000 ) ) ;
#2064 = CIRCLE ( 'NONE', #7462, 6.000000000000005329 ) ;
#2065 = ORIENTED_EDGE ( 'NONE', *, *, #8622, .F. ) ;
#2066 = CARTESIAN_POINT ( 'NONE',  ( 302.3287354537989131, 1029.169683805351042, 5.936970720655940781 ) ) ;
#2067 = DIRECTION ( 'NONE',  ( 0.9882948916112359594, 0.1525555872956985415, -0.000000000000000000 ) ) ;
#2068 = CARTESIAN_POINT ( 'NONE',  ( 300.8423041959673583, 1116.982560454410759, -13.25000000000028955 ) ) ;
#2069 = ADVANCED_FACE ( 'NONE', ( #1347 ), #2029, .F. ) ;
#2070 = AXIS2_PLACEMENT_3D ( 'NONE', #5728, #7181, #558 ) ;
#2071 = PERSON_AND_ORGANIZATION_ROLE ( 'classification_officer' ) ;
#2072 = CARTESIAN_POINT ( 'NONE',  ( 278.6518226056214189, 1004.323514583143719, -6.000000000000289546 ) ) ;
#2073 = DIRECTION ( 'NONE',  ( -0.9155739129314173219, 0.4021497357446022769, 0.000000000000000000 ) ) ;
#2074 = CARTESIAN_POINT ( 'NONE',  ( 269.8466448106040048, 957.9488203634091406, 210.7946508136983255 ) ) ;
#2075 = DIRECTION ( 'NONE',  ( -0.4720078388552984006, -0.8815943511951235267, 0.000000000000000000 ) ) ;
#2076 = CIRCLE ( 'NONE', #212, 0.4999999999999480416 ) ;
#2077 = ORIENTED_EDGE ( 'NONE', *, *, #9171, .T. ) ;
#2078 = ADVANCED_FACE ( 'NONE', ( #4975 ), #1297, .F. ) ;
#2079 = VERTEX_POINT ( 'NONE', #5734 ) ;
#2080 = DIRECTION ( 'NONE',  ( -0.4720078388552952364, -0.8815943511951251921, 0.000000000000000000 ) ) ;
#2081 = VERTEX_POINT ( 'NONE', #9442 ) ;
#2082 = ORIENTED_EDGE ( 'NONE', *, *, #5378, .F. ) ;
#2083 = AXIS2_PLACEMENT_3D ( 'NONE', #1876, #1100, #4725 ) ;
#2084 = DIRECTION ( 'NONE',  ( -0.000000000000000000, -0.000000000000000000, -1.000000000000000000 ) ) ;
#2085 = CARTESIAN_POINT ( 'NONE',  ( 296.6835498803083624, 1110.148472180032968, -6.000000000000287770 ) ) ;
#2086 = CARTESIAN_POINT ( 'NONE',  ( 287.8049690295604250, 1027.149241840084414, -5.500000000000287770 ) ) ;
#2087 = EDGE_LOOP ( 'NONE', ( #6978, #7899, #435, #38 ) ) ;
#2088 = AXIS2_PLACEMENT_3D ( 'NONE', #2016, #1960, #4909 ) ;
#2089 = ORIENTED_EDGE ( 'NONE', *, *, #1916, .T. ) ;
#2090 = CARTESIAN_POINT ( 'NONE',  ( 293.0969220393768637, 1078.255779363895272, -5.500000000000287770 ) ) ;
#2091 = DIRECTION ( 'NONE',  ( 0.9838401286342943752, -0.1790491588610656215, -0.000000000000000000 ) ) ;
#2092 = DIRECTION ( 'NONE',  ( -0.3502424885566302604, -0.9366590624179422786, 0.000000000000000000 ) ) ;
#2093 = AXIS2_PLACEMENT_3D ( 'NONE', #4233, #7854, #7173 ) ;
#2094 = EDGE_LOOP ( 'NONE', ( #8759, #5865, #741, #6854, #2182, #1096 ) ) ;
#2095 = VECTOR ( 'NONE', #8557, 1000.000000000000114 ) ;
#2096 = DIRECTION ( 'NONE',  ( -0.000000000000000000, -0.000000000000000000, -1.000000000000000000 ) ) ;
#2097 = PLANE ( 'NONE',  #5939 ) ;
#2098 = ORIENTED_EDGE ( 'NONE', *, *, #3969, .F. ) ;
#2099 = LINE ( 'NONE', #7316, #5525 ) ;
#2100 = VECTOR ( 'NONE', #9180, 1000.000000000000000 ) ;
#2101 = ORIENTED_EDGE ( 'NONE', *, *, #220, .F. ) ;
#2102 = CARTESIAN_POINT ( 'NONE',  ( 304.0129644355745313, 1072.048618001351770, 5.499999999999711342 ) ) ;
#2103 = VECTOR ( 'NONE', #6093, 1000.000000000000000 ) ;
#2104 = EDGE_CURVE ( 'NONE', #5399, #6343, #6912, .T. ) ;
#2105 = DIRECTION ( 'NONE',  ( 0.000000000000000000, -1.000000000000000000, -4.440892098501115382E-13 ) ) ;
#2106 = VECTOR ( 'NONE', #1596, 1000.000000000000114 ) ;
#2107 = EDGE_CURVE ( 'NONE', #5806, #4687, #3057, .T. ) ;
#2108 = VERTEX_POINT ( 'NONE', #8535 ) ;
#2109 = VECTOR ( 'NONE', #3204, 1000.000000000000000 ) ;
#2110 = PLANE ( 'NONE',  #2551 ) ;
#2111 = CARTESIAN_POINT ( 'NONE',  ( 316.9385831184748668, 1068.241031979180207, -6.000000000000287770 ) ) ;
#2112 = VERTEX_POINT ( 'NONE', #2698 ) ;
#2113 = ORIENTED_EDGE ( 'NONE', *, *, #8026, .T. ) ;
#2114 = CARTESIAN_POINT ( 'NONE',  ( 277.2090887721042236, 999.7033149502203742, 210.7946508136983255 ) ) ;
#2115 = DIRECTION ( 'NONE',  ( 1.000000000000000000, 0.000000000000000000, 0.000000000000000000 ) ) ;
#2116 = CARTESIAN_POINT ( 'NONE',  ( 299.2377551627322418, 1020.903426009747363, 5.987540455112222659 ) ) ;
#2117 = EDGE_CURVE ( 'NONE', #2223, #6204, #7871, .T. ) ;
#2118 = AXIS2_PLACEMENT_3D ( 'NONE', #6998, #276, #1197 ) ;
#2119 = VECTOR ( 'NONE', #8721, 1000.000000000000000 ) ;
#2120 = EDGE_CURVE ( 'NONE', #7603, #649, #2340, .T. ) ;
#2121 = COORDINATED_UNIVERSAL_TIME_OFFSET ( 8, 0, .AHEAD. ) ;
#2122 = CARTESIAN_POINT ( 'NONE',  ( 290.8430110562870254, 998.4532282156831116, -5.999215263540426335 ) ) ;
#2123 = DIRECTION ( 'NONE',  ( -0.000000000000000000, -0.000000000000000000, 1.000000000000000000 ) ) ;
#2124 = VECTOR ( 'NONE', #3360, 1000.000000000000000 ) ;
#2125 = EDGE_CURVE ( 'NONE', #4415, #9413, #2311, .T. ) ;
#2126 = CARTESIAN_POINT ( 'NONE',  ( 286.0451786143485720, 1003.806640785750687, -5.500000000000289546 ) ) ;
#2127 = CARTESIAN_POINT ( 'NONE',  ( 327.5413952400728590, 1138.830542578913537, -6.000000000000287770 ) ) ;
#2128 = CARTESIAN_POINT ( 'NONE',  ( 306.8722316517408899, 1041.794019517139077, 5.756316896144816120 ) ) ;
#2129 = ORIENTED_EDGE ( 'NONE', *, *, #206, .F. ) ;
#2130 = ORIENTED_EDGE ( 'NONE', *, *, #5500, .F. ) ;
#2131 = PLANE ( 'NONE',  #1910 ) ;
#2132 = VECTOR ( 'NONE', #3442, 1000.000000000000000 ) ;
#2133 = VECTOR ( 'NONE', #2597, 1000.000000000000114 ) ;
#2134 = EDGE_LOOP ( 'NONE', ( #2647, #2541, #7053, #2656 ) ) ;
#2135 = VERTEX_POINT ( 'NONE', #8043 ) ;
#2136 = ADVANCED_FACE ( 'NONE', ( #845 ), #8143, .F. ) ;
#2137 = DIRECTION ( 'NONE',  ( 0.9882948916112359594, 0.1525555872956985415, -0.000000000000000000 ) ) ;
#2138 = CARTESIAN_POINT ( 'NONE',  ( 283.0217578369321814, 1032.668599341033996, -5.975082126565473217 ) ) ;
#2139 = VECTOR ( 'NONE', #9283, 1000.000000000000114 ) ;
#2140 = CIRCLE ( 'NONE', #5527, 0.5000000000000004441 ) ;
#2141 = DIRECTION ( 'NONE',  ( 0.000000000000000000, 0.000000000000000000, 1.000000000000000000 ) ) ;
#2142 = ORIENTED_EDGE ( 'NONE', *, *, #8671, .T. ) ;
#2143 = ORIENTED_EDGE ( 'NONE', *, *, #565, .F. ) ;
#2144 = CARTESIAN_POINT ( 'NONE',  ( -154.9387033414854784, 1003.733339038422173, 5.499999999999713118 ) ) ;
#2145 = DIRECTION ( 'NONE',  ( 0.000000000000000000, 0.000000000000000000, 1.000000000000000000 ) ) ;
#2146 = DIRECTION ( 'NONE',  ( 0.9904535858622279809, 0.1378466330842147425, 0.000000000000000000 ) ) ;
#2147 = CIRCLE ( 'NONE', #1062, 0.4999999999999012457 ) ;
#2148 = VECTOR ( 'NONE', #4050, 1000.000000000000000 ) ;
#2149 = ORIENTED_EDGE ( 'NONE', *, *, #3164, .F. ) ;
#2150 = DIRECTION ( 'NONE',  ( -0.1378466330839964726, 0.9904535858622584010, 0.000000000000000000 ) ) ;
#2151 = CARTESIAN_POINT ( 'NONE',  ( 286.7554515257107255, 1053.099607787600462, 5.999999999999754863 ) ) ;
#2152 = CARTESIAN_POINT ( 'NONE',  ( 297.9109979982562777, 1046.360102390067141, -5.500000000000289546 ) ) ;
#2153 = ORIENTED_EDGE ( 'NONE', *, *, #4732, .T. ) ;
#2154 = DIRECTION ( 'NONE',  ( -0.9888139587632099881, -0.1491541315385826461, 0.000000000000000000 ) ) ;
#2155 = AXIS2_PLACEMENT_3D ( 'NONE', #4773, #9002, #9105 ) ;
#2156 = EDGE_CURVE ( 'NONE', #3949, #8828, #1578, .T. ) ;
#2157 = ORIENTED_EDGE ( 'NONE', *, *, #8608, .T. ) ;
#2158 = DIRECTION ( 'NONE',  ( 0.4021497357439735021, 0.9155739129316936564, 0.000000000000000000 ) ) ;
#2159 = DIRECTION ( 'NONE',  ( -0.000000000000000000, -0.000000000000000000, -1.000000000000000000 ) ) ;
#2160 = EDGE_LOOP ( 'NONE', ( #189, #5367, #4017, #8315 ) ) ;
#2161 = EDGE_CURVE ( 'NONE', #2480, #1999, #2206, .T. ) ;
#2162 = CARTESIAN_POINT ( 'NONE',  ( 277.2090887721042236, 999.7033149502203742, 5.975734776861391317 ) ) ;
#2163 = LINE ( 'NONE', #5690, #4930 ) ;
#2164 = EDGE_CURVE ( 'NONE', #454, #2703, #355, .T. ) ;
#2165 = ORIENTED_EDGE ( 'NONE', *, *, #8777, .F. ) ;
#2166 = ORIENTED_EDGE ( 'NONE', *, *, #4019, .T. ) ;
#2167 = PLANE ( 'NONE',  #1825 ) ;
#2168 = EDGE_CURVE ( 'NONE', #9413, #6481, #272, .T. ) ;
#2169 = CARTESIAN_POINT ( 'NONE',  ( 292.7238929136463526, 1004.231333356398750, -5.500000000000287770 ) ) ;
#2170 = APPROVAL_STATUS ( 'not_yet_approved' ) ;
#2171 = CARTESIAN_POINT ( 'NONE',  ( 319.8794169880726486, 1077.533333174379550, 61.58012167084567778 ) ) ;
#2172 = CARTESIAN_POINT ( 'NONE',  ( 333.6950601088341273, 1158.572179699236813, -6.300000000000287592 ) ) ;
#2173 = CARTESIAN_POINT ( 'NONE',  ( 325.4759082098976819, 1108.573730761489060, -6.000000000000287770 ) ) ;
#2174 = LINE ( 'NONE', #3683, #1011 ) ;
#2175 = DIRECTION ( 'NONE',  ( 0.9956305605605113573, 0.09337979908932034223, -0.000000000000000000 ) ) ;
#2176 = CARTESIAN_POINT ( 'NONE',  ( 290.8430110562870254, 998.4532282156831116, 5.999215263539849907 ) ) ;
#2177 = DIRECTION ( 'NONE',  ( 1.000000000000000000, 0.000000000000000000, 0.000000000000000000 ) ) ;
#2178 = ORIENTED_EDGE ( 'NONE', *, *, #4750, .T. ) ;
#2179 = LINE ( 'NONE', #8106, #4383 ) ;
#2180 = ADVANCED_FACE ( 'NONE', ( #8720 ), #7469, .T. ) ;
#2181 = ORIENTED_EDGE ( 'NONE', *, *, #6484, .T. ) ;
#2182 = ORIENTED_EDGE ( 'NONE', *, *, #5459, .T. ) ;
#2183 = FACE_OUTER_BOUND ( 'NONE', #3406, .T. ) ;
#2184 = PLANE ( 'NONE',  #8107 ) ;
#2185 = DIRECTION ( 'NONE',  ( -0.9904535858622661726, -0.1378466330839395182, 0.000000000000000000 ) ) ;
#2186 = EDGE_LOOP ( 'NONE', ( #5629, #7019, #8540, #3694, #4178, #1110, #1863 ) ) ;
#2187 = ORIENTED_EDGE ( 'NONE', *, *, #4979, .F. ) ;
#2188 = LINE ( 'NONE', #3648, #9224 ) ;
#2189 = ADVANCED_FACE ( 'NONE', ( #8858 ), #6696, .F. ) ;
#2190 = DIRECTION ( 'NONE',  ( -0.09337979908934757045, 0.9956305605605089148, 0.000000000000000000 ) ) ;
#2191 = DIRECTION ( 'NONE',  ( -0.000000000000000000, -0.000000000000000000, -1.000000000000000000 ) ) ;
#2192 = ORIENTED_EDGE ( 'NONE', *, *, #2675, .T. ) ;
#2193 = CARTESIAN_POINT ( 'NONE',  ( 291.7260464836525102, 1024.782185821986104, 5.499999999999713118 ) ) ;
#2194 = DIRECTION ( 'NONE',  ( -0.1378466330839548393, 0.9904535858622641742, 0.000000000000000000 ) ) ;
#2195 = PLANE ( 'NONE',  #3023 ) ;
#2196 = ORIENTED_EDGE ( 'NONE', *, *, #6990, .T. ) ;
#2197 = FACE_BOUND ( 'NONE', #3511, .T. ) ;
#2198 = VERTEX_POINT ( 'NONE', #7428 ) ;
#2199 = CYLINDRICAL_SURFACE ( 'NONE', #7250, 0.5000000000000821565 ) ;
#2200 = DIRECTION ( 'NONE',  ( -0.8692901189279664820, 0.4943022244884216487, -0.000000000000000000 ) ) ;
#2201 = EDGE_CURVE ( 'NONE', #6837, #1678, #8772, .T. ) ;
#2202 = EDGE_LOOP ( 'NONE', ( #3154, #6603, #5585, #294 ) ) ;
#2203 = DIRECTION ( 'NONE',  ( -0.4720078388553221038, -0.8815943511951107592, 0.000000000000000000 ) ) ;
#2204 = ORIENTED_EDGE ( 'NONE', *, *, #3260, .F. ) ;
#2205 = EDGE_LOOP ( 'NONE', ( #8263, #320, #3011, #5570 ) ) ;
#2206 = LINE ( 'NONE', #9490, #7982 ) ;
#2207 = DIRECTION ( 'NONE',  ( 0.000000000000000000, 0.000000000000000000, 1.000000000000000000 ) ) ;
#2208 = CARTESIAN_POINT ( 'NONE',  ( 327.5413952400728590, 1138.830542578913537, 5.999999999999712230 ) ) ;
#2209 = EDGE_CURVE ( 'NONE', #8181, #5946, #6755, .T. ) ;
#2210 = DIRECTION ( 'NONE',  ( -0.8673302893362798693, 0.4977330300470779734, 9.629300571759359001E-14 ) ) ;
#2211 = DIRECTION ( 'NONE',  ( -0.9366590624179422786, 0.3502424885566302049, 0.000000000000000000 ) ) ;
#2212 = EDGE_CURVE ( 'NONE', #4322, #6205, #3619, .T. ) ;
#2213 = CARTESIAN_POINT ( 'NONE',  ( 283.2018977609853323, 1029.913190813720803, -6.000000000000289546 ) ) ;
#2214 = CARTESIAN_POINT ( 'NONE',  ( 285.2500090017418302, 1045.305639661561372, 210.7946508136983255 ) ) ;
#2215 = CARTESIAN_POINT ( 'NONE',  ( 300.8423041959673583, 1116.982560454410759, 5.999999999999717559 ) ) ;
#2216 = PLANE ( 'NONE',  #2876 ) ;
#2217 = PLANE ( 'NONE',  #9228 ) ;
#2218 = ORIENTED_EDGE ( 'NONE', *, *, #7033, .T. ) ;
#2220 = VECTOR ( 'NONE', #3690, 1000.000000000000000 ) ;
#2219 = CARTESIAN_POINT ( 'NONE',  ( 306.9591563277959381, 1041.552892057188501, -5.951726401847434289 ) ) ;
#2221 =( BOUNDED_CURVE ( )  B_SPLINE_CURVE ( 3, ( #7192, #2116, #5064, #8005 ),
 .UNSPECIFIED., .F., .F. ) 
 B_SPLINE_CURVE_WITH_KNOTS ( ( 4, 4 ),
 ( 0.1337369240460203612, 0.4915669018468977747 ),
 .UNSPECIFIED. ) 
 CURVE ( )  GEOMETRIC_REPRESENTATION_ITEM ( )  RATIONAL_B_SPLINE_CURVE ( ( 1.000000000000000000, 0.9893582418065582917, 0.9893582418065582917, 1.000000000000000000 ) ) 
 REPRESENTATION_ITEM ( '' )  );
#2222 = EDGE_CURVE ( 'NONE', #941, #2079, #5106, .T. ) ;
#2223 = VERTEX_POINT ( 'NONE', #4385 ) ;
#2224 = EDGE_CURVE ( 'NONE', #7439, #2027, #7327, .T. ) ;
#2225 = ORIENTED_EDGE ( 'NONE', *, *, #9244, .F. ) ;
#2226 = DIRECTION ( 'NONE',  ( -0.1378466330839728249, 0.9904535858622617317, 0.000000000000000000 ) ) ;
#2227 = VECTOR ( 'NONE', #4479, 1000.000000000000000 ) ;
#2228 = ADVANCED_FACE ( 'NONE', ( #760 ), #2167, .F. ) ;
#2229 = DIRECTION ( 'NONE',  ( -0.000000000000000000, -0.000000000000000000, 1.000000000000000000 ) ) ;
#2230 = CARTESIAN_POINT ( 'NONE',  ( 282.4265049535765115, 1026.413367244012079, -6.000000000000282441 ) ) ;
#2231 = VERTEX_POINT ( 'NONE', #5875 ) ;
#2232 = ORIENTED_EDGE ( 'NONE', *, *, #4214, .T. ) ;
#2233 = DIRECTION ( 'NONE',  ( -0.8815943511951179756, 0.4720078388553085591, 0.000000000000000000 ) ) ;
#2234 = LINE ( 'NONE', #8121, #836 ) ;
#2235 = VECTOR ( 'NONE', #6873, 1000.000000000000000 ) ;
#2236 = LINE ( 'NONE', #641, #906 ) ;
#2237 = ORIENTED_EDGE ( 'NONE', *, *, #5161, .F. ) ;
#2238 = EDGE_CURVE ( 'NONE', #9210, #4411, #3725, .T. ) ;
#2239 = CARTESIAN_POINT ( 'NONE',  ( 283.0502448967981195, 1032.830157485746213, 5.999999999999712230 ) ) ;
#2240 =( BOUNDED_CURVE ( )  B_SPLINE_CURVE ( 3, ( #7266, #7308, #6583, #2912 ),
 .UNSPECIFIED., .F., .F. ) 
 B_SPLINE_CURVE_WITH_KNOTS ( ( 4, 4 ),
 ( 0.5170319524915505394, 1.570796326794987374 ),
 .UNSPECIFIED. ) 
 CURVE ( )  GEOMETRIC_REPRESENTATION_ITEM ( )  RATIONAL_B_SPLINE_CURVE ( ( 1.000000000000000000, 0.9095860218280736875, 0.9095860218280736875, 1.000000000000000000 ) ) 
 REPRESENTATION_ITEM ( '' )  );
#2241 = CARTESIAN_POINT ( 'NONE',  ( 281.4231466752555662, 1023.602424923179456, -5.903074221810483024 ) ) ;
#2242 = EDGE_CURVE ( 'NONE', #5971, #9497, #3643, .T. ) ;
#2243 = DIRECTION ( 'NONE',  ( 0.000000000000000000, 0.000000000000000000, 1.000000000000000000 ) ) ;
#2244 = VECTOR ( 'NONE', #5921, 1000.000000000000000 ) ;
#2245 = EDGE_LOOP ( 'NONE', ( #1219, #6840, #1437, #2921 ) ) ;
#2246 = CARTESIAN_POINT ( 'NONE',  ( 293.1525603503221760, 1004.629692656859220, -5.979487688124334177 ) ) ;
#2247 = ORIENTED_EDGE ( 'NONE', *, *, #5049, .T. ) ;
#2248 = SPHERICAL_SURFACE ( 'NONE', #301, 0.5000000000000000000 ) ;
#2249 = CARTESIAN_POINT ( 'NONE',  ( 415.8598916623733999, 946.7878116004909543, -5.500000000000289546 ) ) ;
#2250 = AXIS2_PLACEMENT_3D ( 'NONE', #4491, #5981, #1636 ) ;
#2251 = VECTOR ( 'NONE', #644, 1000.000000000000114 ) ;
#2252 = ORIENTED_EDGE ( 'NONE', *, *, #6129, .F. ) ;
#2253 = DIRECTION ( 'NONE',  ( 0.3502424885566308155, 0.9366590624179420566, 0.000000000000000000 ) ) ;
#2254 = ORIENTED_EDGE ( 'NONE', *, *, #8822, .F. ) ;
#2255 = ADVANCED_FACE ( 'NONE', ( #208, #8287 ), #3127, .T. ) ;
#2256 = VERTEX_POINT ( 'NONE', #6798 ) ;
#2257 = PLANE ( 'NONE',  #6277 ) ;
#2258 = DIRECTION ( 'NONE',  ( -0.000000000000000000, -0.000000000000000000, 1.000000000000000000 ) ) ;
#2259 = EDGE_CURVE ( 'NONE', #1800, #5134, #8508, .T. ) ;
#2260 = CIRCLE ( 'NONE', #4733, 0.5000000000000004441 ) ;
#2261 = PERSON_AND_ORGANIZATION ( #6964, #9189 ) ;
#2262 = FACE_OUTER_BOUND ( 'NONE', #4242, .T. ) ;
#2263 = DIRECTION ( 'NONE',  ( -1.000000000000000000, 0.000000000000000000, 0.000000000000000000 ) ) ;
#2264 = CARTESIAN_POINT ( 'NONE',  ( 343.7169217884921864, 1113.199209766361719, 8.299999999999714717 ) ) ;
#2265 = CARTESIAN_POINT ( 'NONE',  ( 308.7863256618658170, 1072.785445573195602, 5.499999999999711342 ) ) ;
#2266 = LINE ( 'NONE', #5209, #3165 ) ;
#2267 = VECTOR ( 'NONE', #3602, 1000.000000000000000 ) ;
#2268 = VECTOR ( 'NONE', #8537, 1000.000000000000000 ) ;
#2269 = DIRECTION ( 'NONE',  ( 1.000000000000000000, 0.000000000000000000, 0.000000000000000000 ) ) ;
#2270 = CARTESIAN_POINT ( 'NONE',  ( 333.6950601088341273, 1158.572179699236813, -8.800000000000286704 ) ) ;
#2271 = ORIENTED_EDGE ( 'NONE', *, *, #9150, .F. ) ;
#2272 = DIRECTION ( 'NONE',  ( 0.6993660522065798801, 0.7147636847385179237, 0.000000000000000000 ) ) ;
#2273 = ORIENTED_EDGE ( 'NONE', *, *, #3483, .F. ) ;
#2274 = VECTOR ( 'NONE', #6265, 1000.000000000000000 ) ;
#2275 = ORIENTED_EDGE ( 'NONE', *, *, #4609, .F. ) ;
#2276 = DIRECTION ( 'NONE',  ( 0.000000000000000000, 0.000000000000000000, -1.000000000000000000 ) ) ;
#2277 = ADVANCED_FACE ( 'NONE', ( #2547 ), #7664, .F. ) ;
#2278 = CARTESIAN_POINT ( 'NONE',  ( 347.0085846824679834, 1140.092221637931743, 8.999999999999712230 ) ) ;
#2279 = EDGE_CURVE ( 'NONE', #6737, #8394, #614, .T. ) ;
#2280 = LINE ( 'NONE', #5853, #8256 ) ;
#2281 =( BOUNDED_CURVE ( )  B_SPLINE_CURVE ( 3, ( #1759, #2345, #196, #9091 ),
 .UNSPECIFIED., .F., .T. ) 
 B_SPLINE_CURVE_WITH_KNOTS ( ( 4, 4 ),
 ( 1.570796326794896558, 1.733949425265392641 ),
 .UNSPECIFIED. ) 
 CURVE ( )  GEOMETRIC_REPRESENTATION_ITEM ( )  RATIONAL_B_SPLINE_CURVE ( ( 1.000000000000000000, 0.9977829854175672697, 0.9977829854175672697, 1.000000000000000000 ) ) 
 REPRESENTATION_ITEM ( '' )  );
#2282 = VERTEX_POINT ( 'NONE', #1094 ) ;
#2283 = AXIS2_PLACEMENT_3D ( 'NONE', #7697, #8462, #1854 ) ;
#2284 = AXIS2_PLACEMENT_3D ( 'NONE', #1485, #5825, #8091 ) ;
#2285 = EDGE_CURVE ( 'NONE', #6884, #5874, #1728, .T. ) ;
#2286 = ORIENTED_EDGE ( 'NONE', *, *, #8533, .T. ) ;
#2287 = PLANE ( 'NONE',  #5833 ) ;
#2288 = DIRECTION ( 'NONE',  ( 0.3502424885566311485, 0.9366590624179419455, -0.000000000000000000 ) ) ;
#2289 = EDGE_LOOP ( 'NONE', ( #7237, #3266, #8686, #4474 ) ) ;
#2290 = EDGE_LOOP ( 'NONE', ( #4997, #5077, #7252, #3689, #791, #1103 ) ) ;
#2291 = AXIS2_PLACEMENT_3D ( 'NONE', #623, #1444, #9500 ) ;
#2292 = VECTOR ( 'NONE', #5003, 1000.000000000000000 ) ;
#2293 = DIRECTION ( 'NONE',  ( -0.000000000000000000, -0.000000000000000000, -1.000000000000000000 ) ) ;
#2294 = CARTESIAN_POINT ( 'NONE',  ( 269.8466448106040048, 957.9488203634091406, -6.000000000000287770 ) ) ;
#2295 = ORIENTED_EDGE ( 'NONE', *, *, #1102, .F. ) ;
#2296 = CARTESIAN_POINT ( 'NONE',  ( -145.0235740941422762, 961.4305211312500887, 5.499999999999713118 ) ) ;
#2297 = ORIENTED_EDGE ( 'NONE', *, *, #799, .F. ) ;
#2298 = CARTESIAN_POINT ( 'NONE',  ( 327.5413952400728590, 1138.830542578913537, -6.000000000000287770 ) ) ;
#2299 = EDGE_CURVE ( 'NONE', #2282, #3914, #7714, .T. ) ;
#2300 = VECTOR ( 'NONE', #3686, 999.9999999999998863 ) ;
#2302 = VECTOR ( 'NONE', #3367, 1000.000000000000114 ) ;
#2301 = DIRECTION ( 'NONE',  ( 0.9882948916112359594, 0.1525555872956985137, -0.000000000000000000 ) ) ;
#2303 =( BOUNDED_CURVE ( )  B_SPLINE_CURVE ( 3, ( #6521, #5125, #5798, #8741 ),
 .UNSPECIFIED., .F., .F. ) 
 B_SPLINE_CURVE_WITH_KNOTS ( ( 4, 4 ),
 ( 4.712388980384702997, 6.283185307179586232 ),
 .UNSPECIFIED. ) 
 CURVE ( )  GEOMETRIC_REPRESENTATION_ITEM ( )  RATIONAL_B_SPLINE_CURVE ( ( 1.000000000000000000, 0.8047378541243681571, 0.8047378541243681571, 1.000000000000000000 ) ) 
 REPRESENTATION_ITEM ( '' )  );
#2304 = ORIENTED_EDGE ( 'NONE', *, *, #5709, .F. ) ;
#2305 = CIRCLE ( 'NONE', #7552, 0.4999999999999982236 ) ;
#2306 = LINE ( 'NONE', #6651, #7191 ) ;
#2307 = AXIS2_PLACEMENT_3D ( 'NONE', #4101, #4966, #5765 ) ;
#2308 = ORIENTED_EDGE ( 'NONE', *, *, #3444, .T. ) ;
#2309 = AXIS2_PLACEMENT_3D ( 'NONE', #7997, #1391, #4973 ) ;
#2310 = ORIENTED_EDGE ( 'NONE', *, *, #9506, .T. ) ;
#2311 = LINE ( 'NONE', #5060, #2900 ) ;
#2312 = DIRECTION ( 'NONE',  ( -0.000000000000000000, 0.000000000000000000, 1.000000000000000000 ) ) ;
#2313 = EDGE_LOOP ( 'NONE', ( #581, #7755, #2633, #5007, #1746, #5593 ) ) ;
#2314 = DIRECTION ( 'NONE',  ( 0.000000000000000000, -0.000000000000000000, 1.000000000000000000 ) ) ;
#2315 = CIRCLE ( 'NONE', #6160, 0.5000000000000531797 ) ;
#2316 = CARTESIAN_POINT ( 'NONE',  ( 286.2826495528807982, 1048.282650003864092, 210.7946508136983255 ) ) ;
#2317 = DIRECTION ( 'NONE',  ( -0.000000000000000000, -0.000000000000000000, 1.000000000000000000 ) ) ;
#2318 = EDGE_CURVE ( 'NONE', #2282, #7071, #8233, .T. ) ;
#2319 = CARTESIAN_POINT ( 'NONE',  ( 300.2769494994170714, 1023.682559966568419, -6.000000000000287770 ) ) ;
#2320 = DIRECTION ( 'NONE',  ( -0.9366590624179432778, 0.3502424885566279289, 0.000000000000000000 ) ) ;
#2321 = CARTESIAN_POINT ( 'NONE',  ( 289.6659704460293483, 1002.216271665652016, 5.999999999999712230 ) ) ;
#2322 = CARTESIAN_POINT ( 'NONE',  ( -187.0931137129737181, 1011.755964447909264, -6.000000000000287770 ) ) ;
#2323 = CARTESIAN_POINT ( 'NONE',  ( 415.6588167945014334, 946.3300246440251158, -5.500000000000289546 ) ) ;
#2324 = VERTEX_POINT ( 'NONE', #3912 ) ;
#2325 = LINE ( 'NONE', #864, #4231 ) ;
#2326 = CARTESIAN_POINT ( 'NONE',  ( 299.2377551627322987, 1020.903426009747363, -5.987540455112747573 ) ) ;
#2327 = EDGE_LOOP ( 'NONE', ( #6983, #9237, #3928, #4912 ) ) ;
#2328 = CYLINDRICAL_SURFACE ( 'NONE', #6600, 0.5000000000000821565 ) ;
#2329 = CARTESIAN_POINT ( 'NONE',  ( 299.8143838466117472, 1074.436046179389450, 5.499999999999711342 ) ) ;
#2330 = CARTESIAN_POINT ( 'NONE',  ( 347.0085846824679834, 1140.092221637931743, -6.300000000000287592 ) ) ;
#2331 = VERTEX_POINT ( 'NONE', #1624 ) ;
#2332 = ORIENTED_EDGE ( 'NONE', *, *, #9033, .T. ) ;
#2333 = DIRECTION ( 'NONE',  ( -0.1491541315385132849, 0.9888139587632204242, -3.469446951954225556E-15 ) ) ;
#2334 = DIRECTION ( 'NONE',  ( -0.9956305605605063613, -0.09337979908937310558, 0.000000000000000000 ) ) ;
#2335 = VERTEX_POINT ( 'NONE', #7519 ) ;
#2336 = EDGE_CURVE ( 'NONE', #5440, #6209, #1679, .T. ) ;
#2337 = ORIENTED_EDGE ( 'NONE', *, *, #3804, .T. ) ;
#2338 = FACE_OUTER_BOUND ( 'NONE', #5870, .T. ) ;
#2339 = LINE ( 'NONE', #8940, #8737 ) ;
#2340 =( BOUNDED_CURVE ( )  B_SPLINE_CURVE ( 3, ( #3812, #5774, #6606, #8816 ),
 .UNSPECIFIED., .F., .F. ) 
 B_SPLINE_CURVE_WITH_KNOTS ( ( 4, 4 ),
 ( 1.570796326794847930, 2.873543685355161248 ),
 .UNSPECIFIED. ) 
 CURVE ( )  GEOMETRIC_REPRESENTATION_ITEM ( )  RATIONAL_B_SPLINE_CURVE ( ( 1.000000000000000000, 0.8635011437876365381, 0.8635011437876365381, 1.000000000000000000 ) ) 
 REPRESENTATION_ITEM ( '' )  );
#2341 = DIRECTION ( 'NONE',  ( 0.000000000000000000, 0.000000000000000000, 1.000000000000000000 ) ) ;
#2342 = ADVANCED_FACE ( 'NONE', ( #3868 ), #7614, .F. ) ;
#2343 = DIRECTION ( 'NONE',  ( 0.000000000000000000, 0.000000000000000000, -1.000000000000000000 ) ) ;
#2344 = ORIENTED_EDGE ( 'NONE', *, *, #7852, .T. ) ;
#2345 = CARTESIAN_POINT ( 'NONE',  ( 306.8502182003276744, 1041.261557088788322, 5.999999999999713118 ) ) ;
#2346 = ORIENTED_EDGE ( 'NONE', *, *, #434, .F. ) ;
#2347 = CARTESIAN_POINT ( 'NONE',  ( 286.0451786143485720, 1003.806640785750687, 5.499999999999713118 ) ) ;
#2348 = DIRECTION ( 'NONE',  ( -0.9155739129316806668, 0.4021497357440028120, -0.000000000000000000 ) ) ;
#2349 = ORIENTED_EDGE ( 'NONE', *, *, #802, .T. ) ;
#2350 = DIRECTION ( 'NONE',  ( 0.8815943511951107592, -0.4720078388553221038, 0.000000000000000000 ) ) ;
#2351 = VERTEX_POINT ( 'NONE', #2455 ) ;
#2352 = EDGE_CURVE ( 'NONE', #927, #2875, #4599, .T. ) ;
#2353 = EDGE_LOOP ( 'NONE', ( #3524, #4560, #1967, #2599 ) ) ;
#2354 = DIRECTION ( 'NONE',  ( -0.000000000000000000, -0.000000000000000000, 1.000000000000000000 ) ) ;
#2355 = CARTESIAN_POINT ( 'NONE',  ( 270.2112994139250759, 957.4437044664329051, -13.25000000000028955 ) ) ;
#2356 = ORIENTED_EDGE ( 'NONE', *, *, #4325, .T. ) ;
#2357 = CARTESIAN_POINT ( 'NONE',  ( 291.0807481615873371, 1001.048749885760799, -5.500000000000289546 ) ) ;
#2358 = CYLINDRICAL_SURFACE ( 'NONE', #2776, 0.5000000000000004441 ) ;
#2359 = LINE ( 'NONE', #6704, #1008 ) ;
#2360 = CARTESIAN_POINT ( 'NONE',  ( 304.0129644355745313, 1072.048618001351770, -5.500000000000289546 ) ) ;
#2361 = CARTESIAN_POINT ( 'NONE',  ( 287.3483197264637852, 1055.304092882510986, 5.499999999999711342 ) ) ;
#2362 = FACE_OUTER_BOUND ( 'NONE', #2910, .T. ) ;
#2363 = ADVANCED_FACE ( 'NONE', ( #6843 ), #3232, .F. ) ;
#2364 = CARTESIAN_POINT ( 'NONE',  ( 315.8743980848317392, 1065.395065003673608, -5.993677054484373379 ) ) ;
#2365 = CARTESIAN_POINT ( 'NONE',  ( 281.3652798473676171, 1023.274245834220324, 5.999999999999734435 ) ) ;
#2366 = VERTEX_POINT ( 'NONE', #317 ) ;
#2367 = PLANE ( 'NONE',  #7622 ) ;
#2368 = DIRECTION ( 'NONE',  ( 0.9155739129317257419, -0.4021497357438998943, 0.000000000000000000 ) ) ;
#2369 = ORIENTED_EDGE ( 'NONE', *, *, #6904, .F. ) ;
#2370 = DIRECTION ( 'NONE',  ( 0.4021497357439735021, 0.9155739129316936564, 0.000000000000000000 ) ) ;
#2371 = DIRECTION ( 'NONE',  ( -0.000000000000000000, 0.000000000000000000, 1.000000000000000000 ) ) ;
#2372 = EDGE_CURVE ( 'NONE', #4675, #7037, #3282, .T. ) ;
#2373 = DIRECTION ( 'NONE',  ( 1.000000000000000000, 0.000000000000000000, 0.000000000000000000 ) ) ;
#2374 = VECTOR ( 'NONE', #651, 1000.000000000000000 ) ;
#2375 = ORIENTED_EDGE ( 'NONE', *, *, #1621, .F. ) ;
#2376 = ORIENTED_EDGE ( 'NONE', *, *, #3638, .T. ) ;
#2377 = LINE ( 'NONE', #5464, #3542 ) ;
#2378 = EDGE_CURVE ( 'NONE', #1456, #3028, #3516, .T. ) ;
#2379 = CARTESIAN_POINT ( 'NONE',  ( 266.7112994139250759, 957.4437044664329051, 13.24999999999971401 ) ) ;
#2380 = VERTEX_POINT ( 'NONE', #6257 ) ;
#2381 = ORIENTED_EDGE ( 'NONE', *, *, #888, .F. ) ;
#2382 = VECTOR ( 'NONE', #3507, 1000.000000000000000 ) ;
#2383 = FACE_OUTER_BOUND ( 'NONE', #7921, .T. ) ;
#2384 = CARTESIAN_POINT ( 'NONE',  ( 325.4985270866377505, 1096.843355851571914, -6.300000000000287592 ) ) ;
#2385 = CARTESIAN_POINT ( 'NONE',  ( 292.0129897686949221, 1081.748042840140215, 61.58012167084567778 ) ) ;
#2386 = DIRECTION ( 'NONE',  ( 0.000000000000000000, 0.000000000000000000, 1.000000000000000000 ) ) ;
#2387 = ORIENTED_EDGE ( 'NONE', *, *, #3383, .F. ) ;
#2388 = CARTESIAN_POINT ( 'NONE',  ( 300.0766896171305689, 1023.147001775569720, 5.499999999999713118 ) ) ;
#2389 = AXIS2_PLACEMENT_3D ( 'NONE', #3153, #8262, #6089 ) ;
#2390 = ORIENTED_EDGE ( 'NONE', *, *, #2398, .T. ) ;
#2391 = LINE ( 'NONE', #5477, #4785 ) ;
#2392 = DIRECTION ( 'NONE',  ( 0.8673302893362094812, -0.4977330300472003199, 0.000000000000000000 ) ) ;
#2393 = ORIENTED_EDGE ( 'NONE', *, *, #4074, .T. ) ;
#2394 = CIRCLE ( 'NONE', #1471, 2.500000000000002220 ) ;
#2395 = CARTESIAN_POINT ( 'NONE',  ( 292.9104045658149289, 1004.257291163659374, 5.688309331028243321 ) ) ;
#2396 = ORIENTED_EDGE ( 'NONE', *, *, #5719, .F. ) ;
#2397 = ORIENTED_EDGE ( 'NONE', *, *, #5681, .F. ) ;
#2398 = EDGE_CURVE ( 'NONE', #6681, #8586, #3328, .T. ) ;
#2400 = AXIS2_PLACEMENT_3D ( 'NONE', #3092, #5208, #7435 ) ;
#2399 = CARTESIAN_POINT ( 'NONE',  ( 308.7100478682181119, 1073.279593019001140, 5.499999999999713118 ) ) ;
#2401 = EDGE_CURVE ( 'NONE', #1851, #2081, #8479, .T. ) ;
#2402 = ORIENTED_EDGE ( 'NONE', *, *, #507, .F. ) ;
#2403 = PLANE ( 'NONE',  #5080 ) ;
#2404 = ADVANCED_FACE ( 'NONE', ( #8574 ), #553, .F. ) ;
#2405 = VECTOR ( 'NONE', #2096, 1000.000000000000000 ) ;
#2406 = VECTOR ( 'NONE', #4183, 1000.000000000000000 ) ;
#2407 = CARTESIAN_POINT ( 'NONE',  ( 290.0309910368551982, 1072.419936157219581, -5.500000000000287770 ) ) ;
#2408 = DIRECTION ( 'NONE',  ( 1.000000000000000000, 0.000000000000000000, 0.000000000000000000 ) ) ;
#2409 = CARTESIAN_POINT ( 'NONE',  ( 299.1512185350475761, 1021.373884249913999, -5.689190275761647264 ) ) ;
#2410 = VECTOR ( 'NONE', #4646, 1000.000000000000000 ) ;
#2411 = CARTESIAN_POINT ( 'NONE',  ( 286.0377260127939394, 1047.757484413656357, -5.792893218813672362 ) ) ;
#2412 = ADVANCED_FACE ( 'NONE', ( #3467 ), #4811, .F. ) ;
#2413 = DIRECTION ( 'NONE',  ( -0.9888139587632114313, -0.1491541315385737365, 0.000000000000000000 ) ) ;
#2414 = LINE ( 'NONE', #3138, #6743 ) ;
#2415 = DIRECTION ( 'NONE',  ( -0.000000000000000000, -0.000000000000000000, 1.000000000000000000 ) ) ;
#2416 = AXIS2_PLACEMENT_3D ( 'NONE', #2428, #1597, #6970 ) ;
#2417 = ORIENTED_EDGE ( 'NONE', *, *, #917, .T. ) ;
#2418 = CARTESIAN_POINT ( 'NONE',  ( 330.3433351485258527, 1146.323815078256985, 8.999999999999712230 ) ) ;
#2419 = ADVANCED_FACE ( 'NONE', ( #4097 ), #7038, .F. ) ;
#2420 = AXIS2_PLACEMENT_3D ( 'NONE', #3979, #5455, #8393 ) ;
#2421 = ORIENTED_CLOSED_SHELL ( 'NONE', *, #1694, .F. );
#2422 = EDGE_CURVE ( 'NONE', #797, #7239, #4916, .T. ) ;
#2423 = CARTESIAN_POINT ( 'NONE',  ( 299.2484255372075950, 1021.022386367511217, -5.940797175597814395 ) ) ;
#2424 = ORIENTED_EDGE ( 'NONE', *, *, #8112, .F. ) ;
#2425 = CARTESIAN_POINT ( 'NONE',  ( 290.1504663149462999, 1072.944300520139222, -6.000000000000287770 ) ) ;
#2426 = VECTOR ( 'NONE', #1981, 1000.000000000000000 ) ;
#2427 = CARTESIAN_POINT ( 'NONE',  ( 299.2167550684165462, 1020.847265123232773, -6.000000000000227374 ) ) ;
#2428 = CARTESIAN_POINT ( 'NONE',  ( 275.1653034219292522, 956.5260851264006305, 210.7946508136983255 ) ) ;
#2429 = ORIENTED_EDGE ( 'NONE', *, *, #5933, .F. ) ;
#2430 = ORIENTED_EDGE ( 'NONE', *, *, #4875, .F. ) ;
#2431 = FACE_OUTER_BOUND ( 'NONE', #7375, .T. ) ;
#2432 = VECTOR ( 'NONE', #149, 1000.000000000000114 ) ;
#2433 = DIRECTION ( 'NONE',  ( 0.1736481776669271393, 0.9848077530122086864, -0.000000000000000000 ) ) ;
#2434 = VECTOR ( 'NONE', #1909, 999.9999999999998863 ) ;
#2435 = VERTEX_POINT ( 'NONE', #1964 ) ;
#2436 = ADVANCED_FACE ( 'NONE', ( #411 ), #3376, .T. ) ;
#2437 = ORIENTED_EDGE ( 'NONE', *, *, #3829, .T. ) ;
#2438 = CARTESIAN_POINT ( 'NONE',  ( 275.1653034219292522, 956.5260851264006305, -6.000000000000287770 ) ) ;
#2439 = LINE ( 'NONE', #5383, #7060 ) ;
#2440 = DIRECTION ( 'NONE',  ( 0.9155739129316895486, -0.4021497357439824394, 0.000000000000000000 ) ) ;
#2441 = EDGE_CURVE ( 'NONE', #3543, #5141, #7137, .T. ) ;
#2442 = AXIS2_PLACEMENT_3D ( 'NONE', #8110, #2084, #4455 ) ;
#2443 = DIRECTION ( 'NONE',  ( -0.9882948916112389570, -0.1525555872956790293, 0.000000000000000000 ) ) ;
#2444 = ORIENTED_EDGE ( 'NONE', *, *, #1066, .F. ) ;
#2445 = LINE ( 'NONE', #5284, #7689 ) ;
#2446 = EDGE_LOOP ( 'NONE', ( #8838, #8849, #5996, #2950 ) ) ;
#2447 = LINE ( 'NONE', #7652, #6946 ) ;
#2448 = DIRECTION ( 'NONE',  ( 5.219252195202443162E-15, -2.995161406949046610E-15, 1.000000000000000000 ) ) ;
#2449 = VECTOR ( 'NONE', #8387, 1000.000000000000000 ) ;
#2450 = AXIS2_PLACEMENT_3D ( 'NONE', #2500, #5441, #8378 ) ;
#2451 = ORIENTED_EDGE ( 'NONE', *, *, #8444, .F. ) ;
#2452 = LINE ( 'NONE', #4668, #1939 ) ;
#2453 = ORIENTED_EDGE ( 'NONE', *, *, #5093, .F. ) ;
#2454 = ORIENTED_EDGE ( 'NONE', *, *, #8357, .T. ) ;
#2455 = CARTESIAN_POINT ( 'NONE',  ( 319.1689663254967968, 1074.388135071608531, 5.999999999999712230 ) ) ;
#2456 = AXIS2_PLACEMENT_3D ( 'NONE', #4001, #9037, #6883 ) ;
#2457 = AXIS2_PLACEMENT_3D ( 'NONE', #4615, #7565, #3903 ) ;
#2458 = CARTESIAN_POINT ( 'NONE',  ( 300.5835429644246233, 1026.623919728608371, 5.499999999999713118 ) ) ;
#2459 = ORIENTED_EDGE ( 'NONE', *, *, #1247, .T. ) ;
#2460 = DIRECTION ( 'NONE',  ( 1.000000000000000000, 0.000000000000000000, 0.000000000000000000 ) ) ;
#2461 = ORIENTED_EDGE ( 'NONE', *, *, #5315, .F. ) ;
#2462 = AXIS2_PLACEMENT_3D ( 'NONE', #7954, #9306, #5015 ) ;
#2463 = EDGE_CURVE ( 'NONE', #9192, #2505, #7176, .T. ) ;
#2464 = AXIS2_PLACEMENT_3D ( 'NONE', #1278, #4850, #2730 ) ;
#2465 = DIRECTION ( 'NONE',  ( 0.8692901189279172991, -0.4943022244885084682, -3.160248748115222096E-13 ) ) ;
#2466 = FACE_BOUND ( 'NONE', #6652, .T. ) ;
#2467 = CARTESIAN_POINT ( 'NONE',  ( 277.9583438612434065, 1003.952551715511504, -6.000000000000287770 ) ) ;
#2468 = ORIENTED_EDGE ( 'NONE', *, *, #4301, .F. ) ;
#2469 = DIRECTION ( 'NONE',  ( 1.000000000000000000, 0.000000000000000000, 0.000000000000000000 ) ) ;
#2470 = CARTESIAN_POINT ( 'NONE',  ( 302.3287354537989131, 1029.169683805351042, 5.999999999999728217 ) ) ;
#2471 = FACE_OUTER_BOUND ( 'NONE', #7318, .T. ) ;
#2472 = CIRCLE ( 'NONE', #1540, 0.5000000000000004441 ) ;
#2473 = ORIENTED_EDGE ( 'NONE', *, *, #6325, .F. ) ;
#2474 = CARTESIAN_POINT ( 'NONE',  ( 291.7677370044330587, 1082.269511988437898, 5.970959164617845261 ) ) ;
#2475 = ORIENTED_EDGE ( 'NONE', *, *, #5526, .T. ) ;
#2476 = CARTESIAN_POINT ( 'NONE',  ( 280.4491816381926697, 1002.522997251052288, 5.499999999999711342 ) ) ;
#2477 = CARTESIAN_POINT ( 'NONE',  ( 316.7331013465737328, 1067.691508805661215, 5.499999999999713118 ) ) ;
#2478 = CYLINDRICAL_SURFACE ( 'NONE', #5041, 0.4999999999999883982 ) ;
#2479 = ADVANCED_FACE ( 'NONE', ( #3424 ), #504, .T. ) ;
#2480 = VERTEX_POINT ( 'NONE', #8522 ) ;
#2481 = ORIENTED_EDGE ( 'NONE', *, *, #5378, .T. ) ;
#2482 = DIRECTION ( 'NONE',  ( 0.9956305605605063613, 0.09337979908937310558, -0.000000000000000000 ) ) ;
#2483 = CARTESIAN_POINT ( 'NONE',  ( 301.1088407758898597, 1026.493706718185649, 5.999999999999714007 ) ) ;
#2484 = VERTEX_POINT ( 'NONE', #9340 ) ;
#2485 = ORIENTED_EDGE ( 'NONE', *, *, #1256, .T. ) ;
#2486 = DIRECTION ( 'NONE',  ( 1.000000000000000000, 0.000000000000000000, 0.000000000000000000 ) ) ;
#2487 = CARTESIAN_POINT ( 'NONE',  ( 307.7538051362757869, 1043.832825911037389, 5.999999999999718447 ) ) ;
#2488 = DIRECTION ( 'NONE',  ( 0.000000000000000000, 0.000000000000000000, 1.000000000000000000 ) ) ;
#2489 = PLANE ( 'NONE',  #3967 ) ;
#2490 = ORIENTED_EDGE ( 'NONE', *, *, #2696, .F. ) ;
#2491 = LINE ( 'NONE', #2388, #7849 ) ;
#2492 = ADVANCED_FACE ( 'NONE', ( #4857 ), #9292, .F. ) ;
#2493 = VERTEX_POINT ( 'NONE', #7091 ) ;
#2494 = DIRECTION ( 'NONE',  ( 0.000000000000000000, 0.000000000000000000, 1.000000000000000000 ) ) ;
#2495 = LINE ( 'NONE', #4806, #8693 ) ;
#2496 = EDGE_LOOP ( 'NONE', ( #6015, #2308, #7926, #8717 ) ) ;
#2497 = DIRECTION ( 'NONE',  ( -0.9155739129316736724, 0.4021497357440186327, -0.000000000000000000 ) ) ;
#2498 = ORIENTED_EDGE ( 'NONE', *, *, #4098, .F. ) ;
#2499 = ORIENTED_EDGE ( 'NONE', *, *, #6830, .T. ) ;
#2500 = CARTESIAN_POINT ( 'NONE',  ( 292.2637384380227559, 1027.897229808968632, -5.500000000000287770 ) ) ;
#2501 = EDGE_CURVE ( 'NONE', #2081, #7562, #7224, .T. ) ;
#2502 = DIRECTION ( 'NONE',  ( 0.9904535858622499633, 0.1378466330840575904, 0.000000000000000000 ) ) ;
#2503 = VERTEX_POINT ( 'NONE', #1286 ) ;
#2504 = LINE ( 'NONE', #7618, #6003 ) ;
#2505 = VERTEX_POINT ( 'NONE', #8666 ) ;
#2506 = DIRECTION ( 'NONE',  ( 0.6993660522065797691, 0.7147636847385179237, -0.000000000000000000 ) ) ;
#2507 = DIRECTION ( 'NONE',  ( -0.9888139587632027716, -0.1491541315386305799, 0.000000000000000000 ) ) ;
#2508 = LINE ( 'NONE', #9155, #2449 ) ;
#2509 = LINE ( 'NONE', #7676, #9392 ) ;
#2510 = FACE_OUTER_BOUND ( 'NONE', #5929, .T. ) ;
#2511 = CARTESIAN_POINT ( 'NONE',  ( 291.7677370044330587, 1082.269511988437898, 5.970959164617845261 ) ) ;
#2512 = EDGE_CURVE ( 'NONE', #7495, #9226, #4235, .T. ) ;
#2513 = CARTESIAN_POINT ( 'NONE',  ( 298.5785918785733770, 1049.435881603485768, -6.000000000000287770 ) ) ;
#2514 = EDGE_LOOP ( 'NONE', ( #1718, #6624, #8329, #7456 ) ) ;
#2515 = CARTESIAN_POINT ( 'NONE',  ( 292.2601408809391614, 1082.182687899604389, 210.7946508136983255 ) ) ;
#2516 = CARTESIAN_POINT ( 'NONE',  ( 344.7912167416586158, 1119.102250538167482, 6.299999999999712941 ) ) ;
#2517 = DIRECTION ( 'NONE',  ( 0.000000000000000000, 0.000000000000000000, 1.000000000000000000 ) ) ;
#2518 = EDGE_LOOP ( 'NONE', ( #7041, #1977, #2475, #4746 ) ) ;
#2519 = ADVANCED_FACE ( 'NONE', ( #4289 ), #359, .F. ) ;
#2520 = VERTEX_POINT ( 'NONE', #748 ) ;
#2521 = CARTESIAN_POINT ( 'NONE',  ( 267.0731436892096440, 959.4958253263869210, 13.24999999999971401 ) ) ;
#2522 = ADVANCED_FACE ( 'NONE', ( #54 ), #2922, .F. ) ;
#2523 = DIRECTION ( 'NONE',  ( -0.4720078388553815008, -0.8815943511950790068, 0.000000000000000000 ) ) ;
#2524 = ORIENTED_EDGE ( 'NONE', *, *, #9242, .T. ) ;
#2525 = VERTEX_POINT ( 'NONE', #8757 ) ;
#2526 = EDGE_CURVE ( 'NONE', #4411, #1723, #6497, .T. ) ;
#2527 = DIRECTION ( 'NONE',  ( 0.000000000000000000, 0.000000000000000000, 1.000000000000000000 ) ) ;
#2528 = DIRECTION ( 'NONE',  ( -1.000000000000000000, 0.000000000000000000, 0.000000000000000000 ) ) ;
#2529 = AXIS2_PLACEMENT_3D ( 'NONE', #6404, #3519, #1246 ) ;
#2530 = CARTESIAN_POINT ( 'NONE',  ( 281.3845185166587157, 1023.383353749603998, 210.7946508136983255 ) ) ;
#2531 = ADVANCED_FACE ( 'NONE', ( #2197, #1473 ), #5866, .F. ) ;
#2532 = ORIENTED_EDGE ( 'NONE', *, *, #8592, .T. ) ;
#2533 = DIRECTION ( 'NONE',  ( 0.1378466330838880316, -0.9904535858622735001, 0.000000000000000000 ) ) ;
#2534 = VERTEX_POINT ( 'NONE', #8807 ) ;
#2535 = FACE_OUTER_BOUND ( 'NONE', #254, .T. ) ;
#2536 = CARTESIAN_POINT ( 'NONE',  ( -154.6335921669140419, 1001.756749255185809, -5.500000000000289546 ) ) ;
#2537 = VECTOR ( 'NONE', #6393, 1000.000000000000227 ) ;
#2538 = EDGE_CURVE ( 'NONE', #5029, #3793, #1056, .T. ) ;
#2539 = CARTESIAN_POINT ( 'NONE',  ( 320.4459283793965483, 1077.620781241496616, -6.000000000000287770 ) ) ;
#2540 = ORIENTED_CLOSED_SHELL ( 'NONE', *, #602, .F. );
#2541 = ORIENTED_EDGE ( 'NONE', *, *, #5193, .T. ) ;
#2542 = EDGE_CURVE ( 'NONE', #6032, #7713, #8079, .T. ) ;
#2543 = EDGE_CURVE ( 'NONE', #1701, #4813, #2099, .T. ) ;
#2544 = CARTESIAN_POINT ( 'NONE',  ( 296.6848158921147274, 1025.530173790869640, -5.500000000000289546 ) ) ;
#2545 = AXIS2_PLACEMENT_3D ( 'NONE', #6724, #95, #3060 ) ;
#2546 = ORIENTED_EDGE ( 'NONE', *, *, #6388, .F. ) ;
#2547 = FACE_OUTER_BOUND ( 'NONE', #896, .T. ) ;
#2548 = CARTESIAN_POINT ( 'NONE',  ( 320.4113549041886131, 1077.528320846396355, 5.999999999999745093 ) ) ;
#2549 = ORIENTED_EDGE ( 'NONE', *, *, #4704, .T. ) ;
#2550 = DIRECTION ( 'NONE',  ( 0.000000000000000000, 0.000000000000000000, 1.000000000000000000 ) ) ;
#2551 = AXIS2_PLACEMENT_3D ( 'NONE', #4200, #470, #9301 ) ;
#2552 = ORIENTED_EDGE ( 'NONE', *, *, #4043, .F. ) ;
#2553 = CARTESIAN_POINT ( 'NONE',  ( 282.4734899650515558, 1029.559217726956831, -6.000000000000287770 ) ) ;
#2554 = CARTESIAN_POINT ( 'NONE',  ( 292.2913671296485632, 1001.647040402562084, 5.999999999999712230 ) ) ;
#2555 = DIRECTION ( 'NONE',  ( -0.1525555872961076032, 0.9882948916111726767, 0.000000000000000000 ) ) ;
#2556 = EDGE_CURVE ( 'NONE', #3793, #5029, #5684, .T. ) ;
#2557 = ORIENTED_EDGE ( 'NONE', *, *, #2624, .T. ) ;
#2558 = LINE ( 'NONE', #281, #598 ) ;
#2559 = DIRECTION ( 'NONE',  ( -0.9956305605605115794, -0.09337979908932005080, -2.210743944709468203E-13 ) ) ;
#2560 = AXIS2_PLACEMENT_3D ( 'NONE', #3373, #501, #1134 ) ;
#2561 = LINE ( 'NONE', #373, #5992 ) ;
#2562 = CIRCLE ( 'NONE', #7950, 8.000000000000007105 ) ;
#2563 = LINE ( 'NONE', #4069, #1337 ) ;
#2564 = VERTEX_POINT ( 'NONE', #5097 ) ;
#2565 = VECTOR ( 'NONE', #6082, 1000.000000000000000 ) ;
#2566 = DIRECTION ( 'NONE',  ( -0.3248897391129285106, 0.9457519005633207021, 0.000000000000000000 ) ) ;
#2567 = DIRECTION ( 'NONE',  ( -0.000000000000000000, -0.000000000000000000, 1.000000000000000000 ) ) ;
#2568 = AXIS2_PLACEMENT_3D ( 'NONE', #3070, #2867, #52 ) ;
#2569 = DIRECTION ( 'NONE',  ( -0.9379228649876300006, -0.3468439120604485670, 0.000000000000000000 ) ) ;
#2570 = AXIS2_PLACEMENT_3D ( 'NONE', #1661, #9031, #6825 ) ;
#2571 = ORIENTED_EDGE ( 'NONE', *, *, #4875, .T. ) ;
#2572 = AXIS2_PLACEMENT_3D ( 'NONE', #480, #3488, #7825 ) ;
#2573 = VERTEX_POINT ( 'NONE', #5906 ) ;
#2574 = DIRECTION ( 'NONE',  ( -0.3502424885566279289, -0.9366590624179432778, 0.000000000000000000 ) ) ;
#2575 = VERTEX_POINT ( 'NONE', #13 ) ;
#2576 = VECTOR ( 'NONE', #7437, 1000.000000000000227 ) ;
#2577 = ORIENTED_EDGE ( 'NONE', *, *, #3114, .F. ) ;
#2578 = EDGE_CURVE ( 'NONE', #3261, #3414, #9488, .T. ) ;
#2579 = CARTESIAN_POINT ( 'NONE',  ( 348.8007357215032016, 1130.385922219802296, -6.300000000000287592 ) ) ;
#2580 = EDGE_CURVE ( 'NONE', #3900, #9272, #2607, .T. ) ;
#2581 = CARTESIAN_POINT ( 'NONE',  ( 341.7912167416586158, 1119.102250538167482, -13.25000000000028955 ) ) ;
#2582 = DIRECTION ( 'NONE',  ( -0.000000000000000000, -0.000000000000000000, -1.000000000000000000 ) ) ;
#2583 = ADVANCED_FACE ( 'NONE', ( #789 ), #694, .F. ) ;
#2584 = CARTESIAN_POINT ( 'NONE',  ( 298.5785918785733770, 1049.435881603485768, 5.999999999999712230 ) ) ;
#2585 = ORIENTED_EDGE ( 'NONE', *, *, #3308, .T. ) ;
#2586 = DIRECTION ( 'NONE',  ( 1.000000000000000000, 0.000000000000000000, 0.000000000000000000 ) ) ;
#2587 = AXIS2_PLACEMENT_3D ( 'NONE', #860, #9010, #4636 ) ;
#2588 = ORIENTED_EDGE ( 'NONE', *, *, #6522, .F. ) ;
#2589 = DIRECTION ( 'NONE',  ( -0.9956305605605425546, -0.09337979908898989823, -0.000000000000000000 ) ) ;
#2590 = FACE_OUTER_BOUND ( 'NONE', #1813, .T. ) ;
#2591 = CARTESIAN_POINT ( 'NONE',  ( 305.5193368276484875, 1123.472966124489403, 5.999999999999712230 ) ) ;
#2592 = ORIENTED_EDGE ( 'NONE', *, *, #1732, .T. ) ;
#2593 = AXIS2_PLACEMENT_3D ( 'NONE', #7684, #4882, #7876 ) ;
#2594 = CARTESIAN_POINT ( 'NONE',  ( 302.3287354537989131, 1029.169683805351042, 5.936970720655940781 ) ) ;
#2595 = LINE ( 'NONE', #8199, #6259 ) ;
#2596 = ORIENTED_EDGE ( 'NONE', *, *, #6760, .T. ) ;
#2597 = DIRECTION ( 'NONE',  ( -0.9155739129316736724, 0.4021497357440186327, 0.000000000000000000 ) ) ;
#2598 = SPHERICAL_SURFACE ( 'NONE', #1972, 0.5000000000000000000 ) ;
#2599 = ORIENTED_EDGE ( 'NONE', *, *, #917, .F. ) ;
#2600 = DIRECTION ( 'NONE',  ( -0.4701601434347756348, -0.8825811234812305228, 0.000000000000000000 ) ) ;
#2601 = AXIS2_PLACEMENT_3D ( 'NONE', #6654, #2979, #6747 ) ;
#2602 = DIRECTION ( 'NONE',  ( 0.9904535858622641742, 0.1378466330839548393, -0.000000000000000000 ) ) ;
#2603 = ORIENTED_EDGE ( 'NONE', *, *, #2928, .T. ) ;
#2604 = DIRECTION ( 'NONE',  ( -0.000000000000000000, -0.000000000000000000, 1.000000000000000000 ) ) ;
#2605 = CARTESIAN_POINT ( 'NONE',  ( 339.5354375298346099, 1160.300838090886600, -8.800000000000286704 ) ) ;
#2606 = AXIS2_PLACEMENT_3D ( 'NONE', #3523, #5103, #9401 ) ;
#2607 = CIRCLE ( 'NONE', #4605, 0.5000000000000004441 ) ;
#2608 = DIRECTION ( 'NONE',  ( -0.4720078388551226523, -0.8815943511952176737, -3.469446951954240150E-15 ) ) ;
#2609 = AXIS2_PLACEMENT_3D ( 'NONE', #4216, #4126, #8502 ) ;
#2610 = FACE_OUTER_BOUND ( 'NONE', #2682, .T. ) ;
#2611 = CARTESIAN_POINT ( 'NONE',  ( 309.8097268323997469, 1132.739265236965139, 5.999999999999712230 ) ) ;
#2612 = DIRECTION ( 'NONE',  ( -0.000000000000000000, -0.000000000000000000, -1.000000000000000000 ) ) ;
#2613 = EDGE_CURVE ( 'NONE', #2564, #1995, #7990, .T. ) ;
#2614 = VECTOR ( 'NONE', #2092, 1000.000000000000000 ) ;
#2615 = CARTESIAN_POINT ( 'NONE',  ( 341.3966675867607137, 1133.649676604258275, 5.999999999999712230 ) ) ;
#2616 =( BOUNDED_CURVE ( )  B_SPLINE_CURVE ( 3, ( #3235, #3766, #996, #4672 ),
 .UNSPECIFIED., .F., .F. ) 
 B_SPLINE_CURVE_WITH_KNOTS ( ( 4, 4 ),
 ( 3.488042804661281693, 4.712388980384666581 ),
 .UNSPECIFIED. ) 
 CURVE ( )  GEOMETRIC_REPRESENTATION_ITEM ( )  RATIONAL_B_SPLINE_CURVE ( ( 1.000000000000000000, 0.8789341281238440828, 0.8789341281238440828, 1.000000000000000000 ) ) 
 REPRESENTATION_ITEM ( '' )  );
#2617 = ORIENTED_EDGE ( 'NONE', *, *, #273, .T. ) ;
#2618 = CARTESIAN_POINT ( 'NONE',  ( 278.3179316801451932, 1002.226379988849772, -5.500000000000287770 ) ) ;
#2619 = CLOSED_SHELL ( 'NONE', ( #2982, #701, #7832, #3952, #8118, #81, #1012, #5788, #7886, #1399, #3740, #2404, #2815, #7085, #4159, #8153, #1218, #1108, #3248, #525, #3332, #7321, #6023, #5124, #8484, #1887, #2078 ) ) ;
#2620 = LINE ( 'NONE', #5557, #4124 ) ;
#2621 = CIRCLE ( 'NONE', #2769, 2.500000000000002220 ) ;
#2622 = PLANE ( 'NONE',  #870 ) ;
#2623 = VERTEX_POINT ( 'NONE', #6596 ) ;
#2624 = EDGE_CURVE ( 'NONE', #6714, #4298, #6538, .T. ) ;
#2625 = ORIENTED_EDGE ( 'NONE', *, *, #4821, .T. ) ;
#2626 = DIRECTION ( 'NONE',  ( 0.000000000000000000, 0.000000000000000000, -1.000000000000000000 ) ) ;
#2627 = VERTEX_POINT ( 'NONE', #6686 ) ;
#2628 = ORIENTED_EDGE ( 'NONE', *, *, #4282, .F. ) ;
#2629 = DIRECTION ( 'NONE',  ( -0.000000000000000000, -0.000000000000000000, -1.000000000000000000 ) ) ;
#2630 = CARTESIAN_POINT ( 'NONE',  ( 303.9366866419267126, 1072.542765447157308, -5.500000000000289546 ) ) ;
#2631 = LINE ( 'NONE', #8651, #4727 ) ;
#2632 = CARTESIAN_POINT ( 'NONE',  ( 278.3179316801451932, 1002.226379988849772, -5.500000000000287770 ) ) ;
#2633 = ORIENTED_EDGE ( 'NONE', *, *, #4469, .F. ) ;
#2634 = CARTESIAN_POINT ( 'NONE',  ( 306.8502182003276744, 1041.261557088788322, -6.000000000000288658 ) ) ;
#2635 = ORIENTED_EDGE ( 'NONE', *, *, #1155, .F. ) ;
#2636 = LINE ( 'NONE', #4904, #7850 ) ;
#2637 = EDGE_CURVE ( 'NONE', #2112, #8765, #4006, .T. ) ;
#2638 = CYLINDRICAL_SURFACE ( 'NONE', #2837, 0.4999999999999582556 ) ;
#2639 = CYLINDRICAL_SURFACE ( 'NONE', #7238, 0.5000000000000004441 ) ;
#2640 = ORIENTED_EDGE ( 'NONE', *, *, #4437, .T. ) ;
#2641 = EDGE_CURVE ( 'NONE', #6263, #5399, #5958, .T. ) ;
#2642 = DIRECTION ( 'NONE',  ( 0.000000000000000000, 1.000000000000000000, 0.000000000000000000 ) ) ;
#2643 = DIRECTION ( 'NONE',  ( -0.4021497357438999498, -0.9155739129317258529, 0.000000000000000000 ) ) ;
#2644 = EDGE_LOOP ( 'NONE', ( #4264, #549, #6635, #2304 ) ) ;
#2645 = DIRECTION ( 'NONE',  ( 0.9888139587632130967, 0.1491541315385616906, -0.000000000000000000 ) ) ;
#2646 = DIRECTION ( 'NONE',  ( -0.9904535858622641742, -0.1378466330839548393, 0.000000000000000000 ) ) ;
#2647 = ORIENTED_EDGE ( 'NONE', *, *, #8357, .F. ) ;
#2648 = CARTESIAN_POINT ( 'NONE',  ( 269.8466448106040048, 957.9488203634091406, 210.7946508136983255 ) ) ;
#2649 = PLANE ( 'NONE',  #7007 ) ;
#2650 = ADVANCED_FACE ( 'NONE', ( #7228 ), #940, .T. ) ;
#2651 = ORIENTED_EDGE ( 'NONE', *, *, #7828, .F. ) ;
#2652 = DIRECTION ( 'NONE',  ( -0.000000000000000000, -0.000000000000000000, 1.000000000000000000 ) ) ;
#2653 = EDGE_CURVE ( 'NONE', #2027, #7239, #6937, .T. ) ;
#2654 = FACE_OUTER_BOUND ( 'NONE', #7612, .T. ) ;
#2655 =( BOUNDED_CURVE ( )  B_SPLINE_CURVE ( 3, ( #5771, #4296, #2745, #6409 ),
 .UNSPECIFIED., .F., .F. ) 
 B_SPLINE_CURVE_WITH_KNOTS ( ( 4, 4 ),
 ( 1.570796326794873021, 2.690246632754047074 ),
 .UNSPECIFIED. ) 
 CURVE ( )  GEOMETRIC_REPRESENTATION_ITEM ( )  RATIONAL_B_SPLINE_CURVE ( ( 1.000000000000000000, 0.8982673826361073921, 0.8982673826361073921, 1.000000000000000000 ) ) 
 REPRESENTATION_ITEM ( '' )  );
#2656 = ORIENTED_EDGE ( 'NONE', *, *, #7461, .F. ) ;
#2657 = DIRECTION ( 'NONE',  ( 1.000000000000000000, 0.000000000000000000, -0.000000000000000000 ) ) ;
#2658 = CARTESIAN_POINT ( 'NONE',  ( 287.1148595780574624, 1055.881732831323916, -5.989997540064985415 ) ) ;
#2659 = PLANE ( 'NONE',  #6308 ) ;
#2660 = ORIENTED_EDGE ( 'NONE', *, *, #4967, .F. ) ;
#2661 = EDGE_CURVE ( 'NONE', #7159, #6453, #436, .T. ) ;
#2662 = PLANE ( 'NONE',  #1672 ) ;
#2663 = CARTESIAN_POINT ( 'NONE',  ( 285.8441037464766055, 1003.348853829284735, 5.499999999999713118 ) ) ;
#2664 = FACE_OUTER_BOUND ( 'NONE', #4276, .T. ) ;
#2665 = ORIENTED_EDGE ( 'NONE', *, *, #8652, .F. ) ;
#2666 = ORIENTED_EDGE ( 'NONE', *, *, #4651, .F. ) ;
#2667 = DIRECTION ( 'NONE',  ( 0.000000000000000000, 0.000000000000000000, -1.000000000000000000 ) ) ;
#2668 =( BOUNDED_CURVE ( )  B_SPLINE_CURVE ( 3, ( #9041, #8371, #3859, #156 ),
 .UNSPECIFIED., .F., .T. ) 
 B_SPLINE_CURVE_WITH_KNOTS ( ( 4, 4 ),
 ( 3.211948935988455192E-14, 1.570796326794942743 ),
 .UNSPECIFIED. ) 
 CURVE ( )  GEOMETRIC_REPRESENTATION_ITEM ( )  RATIONAL_B_SPLINE_CURVE ( ( 1.000000000000000000, 0.8047378541243617178, 0.8047378541243617178, 1.000000000000000000 ) ) 
 REPRESENTATION_ITEM ( '' )  );
#2669 = ORIENTED_EDGE ( 'NONE', *, *, #5931, .T. ) ;
#2670 = EDGE_LOOP ( 'NONE', ( #4315, #874, #7407, #3739, #5537, #6845 ) ) ;
#2671 = CARTESIAN_POINT ( 'NONE',  ( 334.0332462475978446, 1119.667891162092246, 8.999999999999712230 ) ) ;
#2672 = CARTESIAN_POINT ( 'NONE',  ( 291.7260464836525102, 1024.782185821985877, 61.58012167084567778 ) ) ;
#2673 = ADVANCED_FACE ( 'NONE', ( #4707 ), #3901, .F. ) ;
#2674 = CARTESIAN_POINT ( 'NONE',  ( 306.8423041959673583, 1116.982560454410759, -9.000000000000287770 ) ) ;
#2675 = EDGE_CURVE ( 'NONE', #3763, #7368, #3221, .T. ) ;
#2676 = ORIENTED_EDGE ( 'NONE', *, *, #6369, .F. ) ;
#2677 = CARTESIAN_POINT ( 'NONE',  ( 296.0435740594679146, 1103.639603700733232, 5.999999999999699796 ) ) ;
#2678 = ORIENTED_EDGE ( 'NONE', *, *, #3829, .F. ) ;
#2679 = DIRECTION ( 'NONE',  ( 0.8815943511950997680, -0.4720078388553424764, 0.000000000000000000 ) ) ;
#2680 = DIRECTION ( 'NONE',  ( -0.9366590624179432778, 0.3502424885566279289, 0.000000000000000000 ) ) ;
#2681 = DIRECTION ( 'NONE',  ( 0.8815943511950790068, -0.4720078388553814452, -9.787663470762521648E-14 ) ) ;
#2682 = EDGE_LOOP ( 'NONE', ( #4454, #7418, #1462, #2762 ) ) ;
#2683 = FACE_OUTER_BOUND ( 'NONE', #5293, .T. ) ;
#2684 = DIRECTION ( 'NONE',  ( 0.9956305605605063613, 0.09337979908937310558, -0.000000000000000000 ) ) ;
#2685 = VERTEX_POINT ( 'NONE', #6788 ) ;
#2686 = CARTESIAN_POINT ( 'NONE',  ( 290.6446137607518949, 1073.020578313786928, -6.000000000000282441 ) ) ;
#2687 = PLANE ( 'NONE',  #728 ) ;
#2688 = AXIS2_PLACEMENT_3D ( 'NONE', #6432, #9368, #7156 ) ;
#2689 = ORIENTED_EDGE ( 'NONE', *, *, #8361, .T. ) ;
#2690 = DIRECTION ( 'NONE',  ( 0.8673302893363755706, -0.4977330300469108848, 0.000000000000000000 ) ) ;
#2691 = ORIENTED_EDGE ( 'NONE', *, *, #2641, .F. ) ;
#2692 = LINE ( 'NONE', #8802, #2267 ) ;
#2693 = CIRCLE ( 'NONE', #3622, 3.000000000000002665 ) ;
#2694 = DIRECTION ( 'NONE',  ( -0.000000000000000000, 0.000000000000000000, 1.000000000000000000 ) ) ;
#2695 = CARTESIAN_POINT ( 'NONE',  ( 293.0969220393768637, 1078.255779363895272, 5.499999999999711342 ) ) ;
#2696 = EDGE_CURVE ( 'NONE', #7149, #3058, #7507, .T. ) ;
#2697 = ORIENTED_EDGE ( 'NONE', *, *, #3745, .F. ) ;
#2698 = CARTESIAN_POINT ( 'NONE',  ( 291.9285270485075330, 1001.356240913266106, -6.000000000000287770 ) ) ;
#2699 = EDGE_CURVE ( 'NONE', #1995, #5673, #8610, .T. ) ;
#2700 = LINE ( 'NONE', #2611, #2268 ) ;
#2701 = DIRECTION ( 'NONE',  ( -0.1491541315385826738, 0.9888139587632100991, 0.000000000000000000 ) ) ;
#2702 = CARTESIAN_POINT ( 'NONE',  ( 297.8643080987116036, 1046.857917670347206, 5.499999999999713118 ) ) ;
#2703 = VERTEX_POINT ( 'NONE', #6010 ) ;
#2704 = EDGE_CURVE ( 'NONE', #7346, #3284, #2281, .T. ) ;
#2705 = CARTESIAN_POINT ( 'NONE',  ( 302.5189506855798527, 1143.242674677152309, 5.999999999999712230 ) ) ;
#2706 = CARTESIAN_POINT ( 'NONE',  ( 344.5362189811656890, 1133.480334687038066, -6.300000000000284928 ) ) ;
#2707 = CARTESIAN_POINT ( 'NONE',  ( 302.5916329489322720, 1046.845992106606673, 61.58012167084567778 ) ) ;
#2708 = EDGE_CURVE ( 'NONE', #1451, #6341, #887, .T. ) ;
#2709 = ORIENTED_EDGE ( 'NONE', *, *, #4382, .F. ) ;
#2710 = ORIENTED_EDGE ( 'NONE', *, *, #2212, .T. ) ;
#2711 = CARTESIAN_POINT ( 'NONE',  ( 291.9542243684953746, 1079.480730594156512, 5.499999999999711342 ) ) ;
#2712 = EDGE_CURVE ( 'NONE', #43, #9024, #2491, .T. ) ;
#2713 = AXIS2_PLACEMENT_3D ( 'NONE', #5437, #3123, #1676 ) ;
#2714 = ORIENTED_EDGE ( 'NONE', *, *, #4357, .F. ) ;
#2715 = VERTEX_POINT ( 'NONE', #107 ) ;
#2716 = DIRECTION ( 'NONE',  ( -0.000000000000000000, -0.000000000000000000, -1.000000000000000000 ) ) ;
#2717 = CARTESIAN_POINT ( 'NONE',  ( 285.2500090017418302, 1045.305639661561372, -5.982144731616872768 ) ) ;
#2718 = VECTOR ( 'NONE', #7444, 1000.000000000000114 ) ;
#2719 = CIRCLE ( 'NONE', #8267, 0.5000000000000004441 ) ;
#2720 = DIRECTION ( 'NONE',  ( 0.3248897391129322298, -0.9457519005633193698, 0.000000000000000000 ) ) ;
#2721 = DIRECTION ( 'NONE',  ( 0.000000000000000000, 0.000000000000000000, -1.000000000000000000 ) ) ;
#2722 = CIRCLE ( 'NONE', #8259, 0.5000000000001078027 ) ;
#2723 = ORIENTED_EDGE ( 'NONE', *, *, #6249, .T. ) ;
#2724 = CARTESIAN_POINT ( 'NONE',  ( -131.2015324121209972, 942.7073069611831215, -5.500000000000289546 ) ) ;
#2725 = VERTEX_POINT ( 'NONE', #3273 ) ;
#2726 = LINE ( 'NONE', #8562, #4923 ) ;
#2727 = EDGE_CURVE ( 'NONE', #688, #1851, #9067, .T. ) ;
#2728 = CARTESIAN_POINT ( 'NONE',  ( 415.8598916624537196, 946.7878116004420690, -5.500000000000289546 ) ) ;
#2729 = VECTOR ( 'NONE', #7634, 1000.000000000000000 ) ;
#2730 = DIRECTION ( 'NONE',  ( 0.09337979908976026810, -0.9956305605604701681, 0.000000000000000000 ) ) ;
#2731 = EDGE_LOOP ( 'NONE', ( #4520, #8733, #7315, #604, #4838, #1143, #3555, #868 ) ) ;
#2732 = EDGE_CURVE ( 'NONE', #5012, #7657, #5388, .T. ) ;
#2733 = CARTESIAN_POINT ( 'NONE',  ( 368.0656709890653815, 1095.727461864244560, 6.299999999999712941 ) ) ;
#2734 = CIRCLE ( 'NONE', #9513, 0.5000000000000004441 ) ;
#2735 = CARTESIAN_POINT ( 'NONE',  ( 282.5250966659601204, 1029.708397557551052, 5.999999999999712230 ) ) ;
#2736 = ORIENTED_EDGE ( 'NONE', *, *, #8939, .F. ) ;
#2737 = DIRECTION ( 'NONE',  ( 0.1491541315386218369, -0.9888139587632041039, -6.591949208712919615E-14 ) ) ;
#2738 = ORIENTED_EDGE ( 'NONE', *, *, #5459, .F. ) ;
#2739 = DIRECTION ( 'NONE',  ( -0.1736481776669271671, -0.9848077530122086864, 0.000000000000000000 ) ) ;
#2740 = FACE_OUTER_BOUND ( 'NONE', #2446, .T. ) ;
#2741 = AXIS2_PLACEMENT_3D ( 'NONE', #1030, #3942, #4607 ) ;
#2742 = VECTOR ( 'NONE', #8322, 1000.000000000000000 ) ;
#2743 = ORIENTED_EDGE ( 'NONE', *, *, #7299, .T. ) ;
#2744 = FACE_OUTER_BOUND ( 'NONE', #6169, .T. ) ;
#2745 = CARTESIAN_POINT ( 'NONE',  ( 310.1646563789753941, 1050.125411870223388, -5.863990996577499004 ) ) ;
#2746 = ORIENTED_EDGE ( 'NONE', *, *, #7870, .F. ) ;
#2747 = CARTESIAN_POINT ( 'NONE',  ( 310.2890183096570809, 1050.457994961078384, -6.000000000000287770 ) ) ;
#2748 = AXIS2_PLACEMENT_3D ( 'NONE', #3741, #8792, #587 ) ;
#2749 = AXIS2_PLACEMENT_3D ( 'NONE', #9197, #463, #9250 ) ;
#2750 = DIRECTION ( 'NONE',  ( -0.000000000000000000, -0.000000000000000000, -1.000000000000000000 ) ) ;
#2751 = DIRECTION ( 'NONE',  ( 1.000000000000000000, 0.000000000000000000, 0.000000000000000000 ) ) ;
#2752 = EDGE_CURVE ( 'NONE', #8435, #533, #2445, .T. ) ;
#2753 = AXIS2_PLACEMENT_3D ( 'NONE', #9302, #3244, #5636 ) ;
#2754 = AXIS2_PLACEMENT_3D ( 'NONE', #153, #7604, #1667 ) ;
#2755 = EDGE_CURVE ( 'NONE', #2564, #688, #9134, .T. ) ;
#2756 = DIRECTION ( 'NONE',  ( -0.000000000000000000, -0.000000000000000000, -1.000000000000000000 ) ) ;
#2757 = AXIS2_PLACEMENT_3D ( 'NONE', #8960, #8240, #3769 ) ;
#2758 = ORIENTED_EDGE ( 'NONE', *, *, #4750, .F. ) ;
#2759 = CARTESIAN_POINT ( 'NONE',  ( 323.1376450562738682, 1086.246864362677343, -6.000000000000282441 ) ) ;
#2760 = CYLINDRICAL_SURFACE ( 'NONE', #391, 0.5000000000000004441 ) ;
#2761 = DIRECTION ( 'NONE',  ( 0.1736481776669272781, 0.9848077530122085754, 0.000000000000000000 ) ) ;
#2762 = ORIENTED_EDGE ( 'NONE', *, *, #7036, .F. ) ;
#2763 = AXIS2_PLACEMENT_3D ( 'NONE', #4068, #2612, #427 ) ;
#2764 = VECTOR ( 'NONE', #4835, 1000.000000000000000 ) ;
#2765 = ORIENTED_EDGE ( 'NONE', *, *, #5706, .T. ) ;
#2766 = CARTESIAN_POINT ( 'NONE',  ( 281.9341010770704088, 1026.500191332845588, -6.000000000000282441 ) ) ;
#2767 = EDGE_LOOP ( 'NONE', ( #9267, #6774, #4358, #3660 ) ) ;
#2768 = ORIENTED_EDGE ( 'NONE', *, *, #5766, .F. ) ;
#2769 = AXIS2_PLACEMENT_3D ( 'NONE', #8147, #5404, #1097 ) ;
#2770 = CARTESIAN_POINT ( 'NONE',  ( 294.8423041959673014, 1116.982560454410759, -9.000000000000289546 ) ) ;
#2771 = AXIS2_PLACEMENT_3D ( 'NONE', #9384, #4995, #5900 ) ;
#2772 = EDGE_CURVE ( 'NONE', #183, #5118, #5474, .T. ) ;
#2773 = CYLINDRICAL_SURFACE ( 'NONE', #239, 0.4999999999999982236 ) ;
#2774 = CARTESIAN_POINT ( 'NONE',  ( 623.2680010855224282, 214.1083492927778309, 61.58012167084567778 ) ) ;
#2775 = ORIENTED_EDGE ( 'NONE', *, *, #3036, .F. ) ;
#2776 = AXIS2_PLACEMENT_3D ( 'NONE', #2316, #8294, #3089 ) ;
#2777 = ORIENTED_EDGE ( 'NONE', *, *, #2042, .T. ) ;
#2778 = DIRECTION ( 'NONE',  ( 0.1378466330838880316, -0.9904535858622735001, 0.000000000000000000 ) ) ;
#2779 = AXIS2_PLACEMENT_3D ( 'NONE', #4048, #9040, #3167 ) ;
#2780 = CARTESIAN_POINT ( 'NONE',  ( 292.2637384380228696, 1027.897229808968632, 5.999999999999712230 ) ) ;
#2781 = CYLINDRICAL_SURFACE ( 'NONE', #7545, 0.5000000000000004441 ) ;
#2782 = ORIENTED_EDGE ( 'NONE', *, *, #2989, .F. ) ;
#2783 = CARTESIAN_POINT ( 'NONE',  ( 344.7912167416586158, 1119.102250538167482, -13.25000000000028955 ) ) ;
#2784 = EDGE_CURVE ( 'NONE', #1140, #8424, #3947, .T. ) ;
#2785 = LINE ( 'NONE', #8664, #6718 ) ;
#2786 = ORIENTED_EDGE ( 'NONE', *, *, #1993, .F. ) ;
#2787 = DIRECTION ( 'NONE',  ( -0.4021497357440028120, -0.9155739129316806668, 0.000000000000000000 ) ) ;
#2788 = ORIENTED_EDGE ( 'NONE', *, *, #6655, .F. ) ;
#2789 = LINE ( 'NONE', #4860, #1232 ) ;
#2790 = DIRECTION ( 'NONE',  ( 1.000000000000000000, 9.860761315263724339E-26, -2.220446049250311061E-13 ) ) ;
#2791 = ORIENTED_EDGE ( 'NONE', *, *, #2653, .T. ) ;
#2792 = CARTESIAN_POINT ( 'NONE',  ( 281.7746236047186699, 1059.079139943007249, -5.500000000000287770 ) ) ;
#2793 = CARTESIAN_POINT ( 'NONE',  ( 348.8007357215032016, 1130.385922219802296, 6.299999999999712941 ) ) ;
#2794 = EDGE_CURVE ( 'NONE', #7973, #6820, #5432, .T. ) ;
#2795 = VERTEX_POINT ( 'NONE', #8224 ) ;
#2796 = DIRECTION ( 'NONE',  ( 0.09337979908932005080, -0.9956305605605114684, 0.000000000000000000 ) ) ;
#2797 = DIRECTION ( 'NONE',  ( -0.000000000000000000, 0.000000000000000000, 1.000000000000000000 ) ) ;
#2798 = FACE_OUTER_BOUND ( 'NONE', #2957, .T. ) ;
#2799 = VERTEX_POINT ( 'NONE', #1613 ) ;
#2800 = FACE_OUTER_BOUND ( 'NONE', #972, .T. ) ;
#2801 = SPHERICAL_SURFACE ( 'NONE', #4406, 0.5000000000000000000 ) ;
#2802 = ORIENTED_EDGE ( 'NONE', *, *, #7485, .F. ) ;
#2803 = ORIENTED_EDGE ( 'NONE', *, *, #8135, .T. ) ;
#2804 = LINE ( 'NONE', #8735, #4685 ) ;
#2805 = ORIENTED_EDGE ( 'NONE', *, *, #1448, .T. ) ;
#2806 = ORIENTED_EDGE ( 'NONE', *, *, #8361, .F. ) ;
#2807 = DIRECTION ( 'NONE',  ( -0.000000000000000000, -0.000000000000000000, 1.000000000000000000 ) ) ;
#2808 = EDGE_CURVE ( 'NONE', #5647, #9210, #4559, .T. ) ;
#2809 = CARTESIAN_POINT ( 'NONE',  ( 293.3979569278980648, 1048.949991886945782, 5.499999999999711342 ) ) ;
#2810 = EDGE_LOOP ( 'NONE', ( #5603, #3492, #1248, #5002, #4808 ) ) ;
#2811 = EDGE_CURVE ( 'NONE', #5806, #6379, #7702, .T. ) ;
#2812 = ORIENTED_EDGE ( 'NONE', *, *, #4665, .F. ) ;
#2813 = DIRECTION ( 'NONE',  ( 0.000000000000000000, 0.000000000000000000, 1.000000000000000000 ) ) ;
#2814 = DIRECTION ( 'NONE',  ( -1.000000000000000000, 0.000000000000000000, 5.204170427930416550E-15 ) ) ;
#2815 = ADVANCED_FACE ( 'NONE', ( #1228 ), #8466, .F. ) ;
#2816 = FACE_OUTER_BOUND ( 'NONE', #5887, .T. ) ;
#2817 = VERTEX_POINT ( 'NONE', #7843 ) ;
#2818 = EDGE_CURVE ( 'NONE', #823, #1768, #8618, .T. ) ;
#2819 = DIRECTION ( 'NONE',  ( 0.8692901189279571561, -0.4943022244884379135, 0.000000000000000000 ) ) ;
#2820 = FACE_BOUND ( 'NONE', #8756, .T. ) ;
#2821 = ORIENTED_EDGE ( 'NONE', *, *, #8093, .F. ) ;
#2822 = DIRECTION ( 'NONE',  ( 1.000000000000000000, 0.000000000000000000, -1.110223024625155531E-13 ) ) ;
#2823 = ORIENTED_EDGE ( 'NONE', *, *, #9275, .T. ) ;
#2824 = CARTESIAN_POINT ( 'NONE',  ( 291.5796578899533529, 1024.860562644218589, -6.000000000000287770 ) ) ;
#2825 = EDGE_CURVE ( 'NONE', #5707, #1999, #7586, .T. ) ;
#2826 = FACE_OUTER_BOUND ( 'NONE', #1272, .T. ) ;
#2827 = ADVANCED_FACE ( 'NONE', ( #5571 ), #5666, .T. ) ;
#2828 = EDGE_LOOP ( 'NONE', ( #2424, #2349, #1668, #3738 ) ) ;
#2829 = LINE ( 'NONE', #421, #6709 ) ;
#2830 = CARTESIAN_POINT ( 'NONE',  ( 316.5626879312349047, 1106.925505108522884, -6.000000000000287770 ) ) ;
#2831 = ORIENTED_EDGE ( 'NONE', *, *, #9116, .F. ) ;
#2832 = AXIS2_PLACEMENT_3D ( 'NONE', #4815, #7440, #813 ) ;
#2833 = ORIENTED_EDGE ( 'NONE', *, *, #4956, .F. ) ;
#2834 = CARTESIAN_POINT ( 'NONE',  ( 285.6169027367602666, 1000.718120100459373, 5.499999999999711342 ) ) ;
#2835 = CARTESIAN_POINT ( 'NONE',  ( 325.4985270866377505, 1096.843355851571914, 8.999999999999706901 ) ) ;
#2836 = CARTESIAN_POINT ( 'NONE',  ( 330.3433351485258527, 1146.323815078256985, -6.300000000000282263 ) ) ;
#2837 = AXIS2_PLACEMENT_3D ( 'NONE', #2728, #5672, #7168 ) ;
#2838 = CALENDAR_DATE ( 2026, 5, 8 ) ;
#2839 = ORIENTED_EDGE ( 'NONE', *, *, #9255, .F. ) ;
#2840 = LINE ( 'NONE', #4393, #7076 ) ;
#2841 = CARTESIAN_POINT ( 'NONE',  ( 280.8802583216506719, 1003.018224043983537, 5.499999999999711342 ) ) ;
#2842 = PLANE ( 'NONE',  #9494 ) ;
#2843 = AXIS2_PLACEMENT_3D ( 'NONE', #3843, #3265, #6778 ) ;
#2844 = ORIENTED_EDGE ( 'NONE', *, *, #2372, .T. ) ;
#2845 = ORIENTED_EDGE ( 'NONE', *, *, #7569, .T. ) ;
#2846 = VERTEX_POINT ( 'NONE', #4803 ) ;
#2847 = ORIENTED_EDGE ( 'NONE', *, *, #3429, .F. ) ;
#2848 = AXIS2_PLACEMENT_3D ( 'NONE', #2792, #5730, #7185 ) ;
#2849 = CARTESIAN_POINT ( 'NONE',  ( 336.3914273614760759, 1144.062267677845057, -20.65533834114921063 ) ) ;
#2850 = CARTESIAN_POINT ( 'NONE',  ( 291.2818230294592468, 1001.506536842226410, 5.499999999999713118 ) ) ;
#2851 = AXIS2_PLACEMENT_3D ( 'NONE', #3040, #8300, #8918 ) ;
#2852 = CARTESIAN_POINT ( 'NONE',  ( 292.2637384380228127, 1027.897229808968632, 5.499999999999713118 ) ) ;
#2853 = VERTEX_POINT ( 'NONE', #1858 ) ;
#2854 = AXIS2_PLACEMENT_3D ( 'NONE', #8039, #3761, #7374 ) ;
#2855 = ORIENTED_EDGE ( 'NONE', *, *, #7742, .F. ) ;
#2856 = DIRECTION ( 'NONE',  ( 0.000000000000000000, 0.000000000000000000, 1.000000000000000000 ) ) ;
#2857 = CARTESIAN_POINT ( 'NONE',  ( 290.8746815250780173, 998.6283494599614414, 5.957786956465572104 ) ) ;
#2858 = ADVANCED_FACE ( 'NONE', ( #452 ), #4185, .F. ) ;
#2859 = CARTESIAN_POINT ( 'NONE',  ( 330.1818223987274337, 1095.092143408788843, 8.999999999999706901 ) ) ;
#2860 = ADVANCED_FACE ( 'NONE', ( #1085 ), #1951, .F. ) ;
#2861 = AXIS2_PLACEMENT_3D ( 'NONE', #2809, #8510, #1896 ) ;
#2862 = EDGE_LOOP ( 'NONE', ( #5502, #7471, #2344, #7264 ) ) ;
#2863 = ADVANCED_FACE ( 'NONE', ( #6567 ), #5520, .F. ) ;
#2864 = CARTESIAN_POINT ( 'NONE',  ( 286.6096688964305486, 1052.845572627382353, -6.000000000000287770 ) ) ;
#2865 = AXIS2_PLACEMENT_3D ( 'NONE', #981, #2488, #1082 ) ;
#2866 = CARTESIAN_POINT ( 'NONE',  ( 289.5724725835978575, 1069.819548789301507, -6.000000000000287770 ) ) ;
#2867 = DIRECTION ( 'NONE',  ( 5.991312712933896206E-15, 5.619228653455125417E-16, 1.000000000000000000 ) ) ;
#2868 = ORIENTED_EDGE ( 'NONE', *, *, #7005, .T. ) ;
#2869 = CARTESIAN_POINT ( 'NONE',  ( 343.6571014634567973, 1116.069267996465896, 6.299999999999712941 ) ) ;
#2870 = VECTOR ( 'NONE', #8826, 1000.000000000000000 ) ;
#2871 = ORIENTED_EDGE ( 'NONE', *, *, #8803, .F. ) ;
#2872 = CIRCLE ( 'NONE', #4121, 0.5000000000000004441 ) ;
#2873 = DIRECTION ( 'NONE',  ( -1.000000000000000000, 0.000000000000000000, 0.000000000000000000 ) ) ;
#2874 = CIRCLE ( 'NONE', #2572, 0.5000000000001001421 ) ;
#2875 = VERTEX_POINT ( 'NONE', #3457 ) ;
#2876 = AXIS2_PLACEMENT_3D ( 'NONE', #4447, #2075, #32 ) ;
#2877 = CARTESIAN_POINT ( 'NONE',  ( 204.3332631396097554, 1024.348722597426331, -9.000000000000287770 ) ) ;
#2878 = DIRECTION ( 'NONE',  ( 1.000000000000000000, 0.000000000000000000, -0.000000000000000000 ) ) ;
#2879 = ORIENTED_EDGE ( 'NONE', *, *, #3229, .F. ) ;
#2880 = VERTEX_POINT ( 'NONE', #6297 ) ;
#2881 = DIRECTION ( 'NONE',  ( -0.9882948916112359594, -0.1525555872956985137, 0.000000000000000000 ) ) ;
#2882 = DIRECTION ( 'NONE',  ( -0.9882948916112388460, -0.1525555872956789183, -0.000000000000000000 ) ) ;
#2883 = DIRECTION ( 'NONE',  ( 1.000000000000000000, 0.000000000000000000, -1.110223024625155531E-13 ) ) ;
#2884 = AXIS2_PLACEMENT_3D ( 'NONE', #1828, #6955, #9152 ) ;
#2885 = CIRCLE ( 'NONE', #4430, 0.5000000000000004441 ) ;
#2886 = APPROVAL_ROLE ( '' ) ;
#2887 = ADVANCED_FACE ( 'NONE', ( #9505 ), #4224, .F. ) ;
#2888 = CARTESIAN_POINT ( 'NONE',  ( 287.3049690295606524, 1027.149241840084187, 5.499999999999711342 ) ) ;
#2889 = DIRECTION ( 'NONE',  ( 1.000000000000000000, 0.000000000000000000, 0.000000000000000000 ) ) ;
#2890 = FACE_OUTER_BOUND ( 'NONE', #3908, .T. ) ;
#2891 = DIRECTION ( 'NONE',  ( 0.000000000000000000, 0.000000000000000000, 1.000000000000000000 ) ) ;
#2892 = PLANE ( 'NONE',  #7931 ) ;
#2893 = ADVANCED_FACE ( 'NONE', ( #2895 ), #5841, .F. ) ;
#2894 = CARTESIAN_POINT ( 'NONE',  ( 302.5916329489322720, 1046.845992106606673, 5.499999999999714007 ) ) ;
#2895 = FACE_OUTER_BOUND ( 'NONE', #695, .T. ) ;
#2896 = EDGE_LOOP ( 'NONE', ( #724, #5075, #3220, #2101 ) ) ;
#2897 = DIRECTION ( 'NONE',  ( 0.1736481776669271393, 0.9848077530122086864, -0.000000000000000000 ) ) ;
#2898 =( BOUNDED_CURVE ( )  B_SPLINE_CURVE ( 3, ( #9323, #7740, #2003, #9373 ),
 .UNSPECIFIED., .F., .F. ) 
 B_SPLINE_CURVE_WITH_KNOTS ( ( 4, 4 ),
 ( 1.570796326794916320, 2.634049895734696278 ),
 .UNSPECIFIED. ) 
 CURVE ( )  GEOMETRIC_REPRESENTATION_ITEM ( )  RATIONAL_B_SPLINE_CURVE ( ( 1.000000000000000000, 0.9079890236073284715, 0.9079890236073284715, 1.000000000000000000 ) ) 
 REPRESENTATION_ITEM ( '' )  );
#2899 = VECTOR ( 'NONE', #5207, 1000.000000000000000 ) ;
#2900 = VECTOR ( 'NONE', #5916, 1000.000000000000000 ) ;
#2901 = ORIENTED_EDGE ( 'NONE', *, *, #4493, .T. ) ;
#2902 = ORIENTED_EDGE ( 'NONE', *, *, #9019, .F. ) ;
#2903 = CARTESIAN_POINT ( 'NONE',  ( 301.1525270095755786, 1026.204089814995996, 5.999999999999712230 ) ) ;
#2904 = CARTESIAN_POINT ( 'NONE',  ( 308.9187751224941394, 1126.947248346222750, 210.7946508136983255 ) ) ;
#2905 = AXIS2_PLACEMENT_3D ( 'NONE', #2970, #6644, #2822 ) ;
#2906 = AXIS2_PLACEMENT_3D ( 'NONE', #2090, #5897, #8839 ) ;
#2907 = EDGE_CURVE ( 'NONE', #1574, #9017, #589, .T. ) ;
#2908 = CARTESIAN_POINT ( 'NONE',  ( 296.4488119726870536, 1025.089376615272158, -5.500000000000289546 ) ) ;
#2909 = ORIENTED_EDGE ( 'NONE', *, *, #5545, .T. ) ;
#2910 = EDGE_LOOP ( 'NONE', ( #9435, #7463 ) ) ;
#2911 = LINE ( 'NONE', #6582, #8455 ) ;
#2912 = CARTESIAN_POINT ( 'NONE',  ( 315.6532196658669704, 1066.004831307415998, 5.499999999999711342 ) ) ;
#2913 = CARTESIAN_POINT ( 'NONE',  ( 303.9366866419266557, 1072.542765447157308, 61.58012167084567778 ) ) ;
#2914 = VECTOR ( 'NONE', #723, 1000.000000000000114 ) ;
#2915 = AXIS2_PLACEMENT_3D ( 'NONE', #8390, #961, #4682 ) ;
#2916 = ORIENTED_EDGE ( 'NONE', *, *, #6975, .F. ) ;
#2917 = DIRECTION ( 'NONE',  ( -0.8815943511950998790, 0.4720078388553425319, 0.000000000000000000 ) ) ;
#2918 = DIRECTION ( 'NONE',  ( -0.4943022244880658222, -0.8692901189281687646, -3.469446951953396858E-15 ) ) ;
#2919 = VECTOR ( 'NONE', #4209, 1000.000000000000000 ) ;
#2920 = DIRECTION ( 'NONE',  ( 0.4943022244885084127, 0.8692901189279171881, 0.000000000000000000 ) ) ;
#2921 = ORIENTED_EDGE ( 'NONE', *, *, #6525, .F. ) ;
#2922 = SPHERICAL_SURFACE ( 'NONE', #2905, 0.5000000000000000000 ) ;
#2923 = AXIS2_PLACEMENT_3D ( 'NONE', #7718, #904, #269 ) ;
#2924 = EDGE_CURVE ( 'NONE', #4965, #8547, #926, .T. ) ;
#2925 = ORIENTED_EDGE ( 'NONE', *, *, #2987, .T. ) ;
#2926 = CARTESIAN_POINT ( 'NONE',  ( 303.0916329489321583, 1046.845992106606673, 5.999999999999712230 ) ) ;
#2927 = DIRECTION ( 'NONE',  ( 0.000000000000000000, 0.000000000000000000, -1.000000000000000000 ) ) ;
#2928 = EDGE_CURVE ( 'NONE', #1121, #6530, #7745, .T. ) ;
#2929 = ORIENTED_EDGE ( 'NONE', *, *, #7847, .F. ) ;
#2930 = PLANE ( 'NONE',  #4402 ) ;
#2931 = ORIENTED_EDGE ( 'NONE', *, *, #1491, .F. ) ;
#2932 = ORIENTED_EDGE ( 'NONE', *, *, #4483, .F. ) ;
#2933 = DIRECTION ( 'NONE',  ( -0.3502424885566300383, -0.9366590624179423896, 0.000000000000000000 ) ) ;
#2934 = CARTESIAN_POINT ( 'NONE',  ( 287.3049690295603682, 1027.149241840084414, -5.500000000000286882 ) ) ;
#2935 = DIRECTION ( 'NONE',  ( 0.8815943511951108702, -0.4720078388553221593, 0.000000000000000000 ) ) ;
#2936 = EDGE_CURVE ( 'NONE', #7493, #7495, #5986, .T. ) ;
#2937 = EDGE_CURVE ( 'NONE', #1605, #2534, #4535, .T. ) ;
#2938 = APPROVAL_DATE_TIME ( #7331, #3904 ) ;
#2939 = CARTESIAN_POINT ( 'NONE',  ( 536.1674258442673136, 942.9151282089408141, -5.500000000000289546 ) ) ;
#2940 = LINE ( 'NONE', #4489, #6405 ) ;
#2941 = CARTESIAN_POINT ( 'NONE',  ( 300.6581200301939703, 1026.129512749226706, 210.7946508136983255 ) ) ;
#2942 = CYLINDRICAL_SURFACE ( 'NONE', #9177, 0.5000000000000004441 ) ;
#2943 = EDGE_CURVE ( 'NONE', #6143, #2256, #7438, .T. ) ;
#2944 = LINE ( 'NONE', #3629, #3631 ) ;
#2945 = DIRECTION ( 'NONE',  ( -0.000000000000000000, -0.000000000000000000, -1.000000000000000000 ) ) ;
#2946 = DIRECTION ( 'NONE',  ( -0.000000000000000000, 0.000000000000000000, 1.000000000000000000 ) ) ;
#2947 = ORIENTED_EDGE ( 'NONE', *, *, #1946, .T. ) ;
#2948 = CARTESIAN_POINT ( 'NONE',  ( 281.9341010770704088, 1026.500191332845588, -6.000000000000287770 ) ) ;
#2949 = EDGE_CURVE ( 'NONE', #2484, #7214, #4013, .T. ) ;
#2950 = ORIENTED_EDGE ( 'NONE', *, *, #8953, .F. ) ;
#2951 = EDGE_CURVE ( 'NONE', #5895, #1456, #5299, .T. ) ;
#2952 = ORIENTED_EDGE ( 'NONE', *, *, #1850, .T. ) ;
#2953 = DIRECTION ( 'NONE',  ( -0.6993660522065797691, -0.7147636847385180348, 0.000000000000000000 ) ) ;
#2954 = DIRECTION ( 'NONE',  ( 0.000000000000000000, 0.000000000000000000, -1.000000000000000000 ) ) ;
#2955 = CARTESIAN_POINT ( 'NONE',  ( 275.1653034219292522, 956.5260851264006305, 210.7946508136983255 ) ) ;
#2956 =( BOUNDED_CURVE ( )  B_SPLINE_CURVE ( 3, ( #5868, #2972, #6013, #1387 ),
 .UNSPECIFIED., .F., .T. ) 
 B_SPLINE_CURVE_WITH_KNOTS ( ( 4, 4 ),
 ( 0.4138636039995071680, 1.570796326795001807 ),
 .UNSPECIFIED. ) 
 CURVE ( )  GEOMETRIC_REPRESENTATION_ITEM ( )  RATIONAL_B_SPLINE_CURVE ( ( 1.000000000000000000, 0.8915347577002974422, 0.8915347577002974422, 1.000000000000000000 ) ) 
 REPRESENTATION_ITEM ( '' )  );
#2957 = EDGE_LOOP ( 'NONE', ( #992, #2592, #4953, #6796 ) ) ;
#2958 = ORIENTED_EDGE ( 'NONE', *, *, #8818, .F. ) ;
#2959 = PLANE ( 'NONE',  #9385 ) ;
#2960 = CARTESIAN_POINT ( 'NONE',  ( 290.8640111506026074, 998.5093891021978152, 5.995857316393426117 ) ) ;
#2961 = LINE ( 'NONE', #7410, #8000 ) ;
#2962 = EDGE_CURVE ( 'NONE', #4356, #1467, #33, .T. ) ;
#2963 = ADVANCED_FACE ( 'NONE', ( #2994 ), #4397, .F. ) ;
#2964 = EDGE_LOOP ( 'NONE', ( #1086, #8116 ) ) ;
#2965 = DIRECTION ( 'NONE',  ( -0.000000000000000000, -0.000000000000000000, 1.000000000000000000 ) ) ;
#2966 = ADVANCED_FACE ( 'NONE', ( #8922 ), #76, .F. ) ;
#2967 = CARTESIAN_POINT ( 'NONE',  ( 291.7601408809389909, 1081.998413293558315, -5.843557711779044261 ) ) ;
#2968 = CARTESIAN_POINT ( 'NONE',  ( 292.7238929136463526, 1004.231333356398750, -5.500000000000287770 ) ) ;
#2969 = ORIENTED_EDGE ( 'NONE', *, *, #6735, .T. ) ;
#2970 = CARTESIAN_POINT ( 'NONE',  ( 291.7260464836525102, 1024.782185821985877, 5.499999999999711342 ) ) ;
#2971 = ORIENTED_EDGE ( 'NONE', *, *, #188, .T. ) ;
#2972 = CARTESIAN_POINT ( 'NONE',  ( 278.4869764753135541, 1006.702412718837081, 5.875579829870248183 ) ) ;
#2973 = CARTESIAN_POINT ( 'NONE',  ( 306.8693832602310181, 1041.312810513563363, -5.993360015348753400 ) ) ;
#2974 =( BOUNDED_CURVE ( )  B_SPLINE_CURVE ( 3, ( #1415, #4320, #8115, #41 ),
 .UNSPECIFIED., .F., .F. ) 
 B_SPLINE_CURVE_WITH_KNOTS ( ( 4, 4 ),
 ( 1.570796326794907660, 3.141592653589958317 ),
 .UNSPECIFIED. ) 
 CURVE ( )  GEOMETRIC_REPRESENTATION_ITEM ( )  RATIONAL_B_SPLINE_CURVE ( ( 1.000000000000000000, 0.8047378541243286332, 0.8047378541243286332, 1.000000000000000000 ) ) 
 REPRESENTATION_ITEM ( '' )  );
#2975 = ORIENTED_EDGE ( 'NONE', *, *, #9441, .T. ) ;
#2976 = DIRECTION ( 'NONE',  ( -1.000000000000000000, 0.000000000000000000, 0.000000000000000000 ) ) ;
#2977 = ORIENTED_EDGE ( 'NONE', *, *, #808, .F. ) ;
#2978 = ORIENTED_EDGE ( 'NONE', *, *, #2542, .T. ) ;
#2979 = DIRECTION ( 'NONE',  ( -0.8673302893362317967, 0.4977330300471614066, -5.099168851826877773E-13 ) ) ;
#2980 = CARTESIAN_POINT ( 'NONE',  ( -154.5573143732646031, 1001.262601809381295, 5.499999999999713118 ) ) ;
#2981 = CARTESIAN_POINT ( 'NONE',  ( 344.7912167416586158, 1119.102250538167482, -6.300000000000287592 ) ) ;
#2982 = ADVANCED_FACE ( 'NONE', ( #8103 ), #5264, .F. ) ;
#2983 = EDGE_CURVE ( 'NONE', #160, #649, #6283, .T. ) ;
#2984 = PERSON_AND_ORGANIZATION ( #6964, #9189 ) ;
#2985 = CARTESIAN_POINT ( 'NONE',  ( 319.1242838284857726, 1074.677599943549239, -6.000000000000269118 ) ) ;
#2986 = DIRECTION ( 'NONE',  ( 0.9882948916112357374, 0.1525555872957002068, -0.000000000000000000 ) ) ;
#2987 = EDGE_CURVE ( 'NONE', #8765, #85, #1245, .T. ) ;
#2988 = FACE_OUTER_BOUND ( 'NONE', #4903, .T. ) ;
#2989 = EDGE_CURVE ( 'NONE', #8439, #3029, #7392, .T. ) ;
#2990 = CARTESIAN_POINT ( 'NONE',  ( 321.8232857621647440, 1144.425470996566219, 6.299999999999712941 ) ) ;
#2991 = CARTESIAN_POINT ( 'NONE',  ( 291.8953902025283469, 1001.267622518581220, -6.000000000000287770 ) ) ;
#2992 = EDGE_CURVE ( 'NONE', #7657, #3356, #3045, .T. ) ;
#2993 = FACE_OUTER_BOUND ( 'NONE', #6741, .T. ) ;
#2994 = FACE_OUTER_BOUND ( 'NONE', #4670, .T. ) ;
#2995 = ORIENTED_EDGE ( 'NONE', *, *, #1066, .T. ) ;
#2997 = DIRECTION ( 'NONE',  ( 1.000000000000000000, 0.000000000000000000, 0.000000000000000000 ) ) ;
#2996 = VECTOR ( 'NONE', #6941, 1000.000000000000114 ) ;
#2998 = ORIENTED_EDGE ( 'NONE', *, *, #4943, .T. ) ;
#2999 = ORIENTED_EDGE ( 'NONE', *, *, #5255, .F. ) ;
#3000 = LINE ( 'NONE', #8879, #6913 ) ;
#3001 = CIRCLE ( 'NONE', #6546, 0.5000000000000004441 ) ;
#3002 = EDGE_CURVE ( 'NONE', #1014, #8567, #7532, .T. ) ;
#3003 = DIRECTION ( 'NONE',  ( 1.000000000000000000, 0.000000000000000000, 0.000000000000000000 ) ) ;
#3004 = ORIENTED_CLOSED_SHELL ( 'NONE', *, #914, .F. );
#3005 = CARTESIAN_POINT ( 'NONE',  ( 305.5193368276484307, 1123.472966124489403, -6.000000000000287770 ) ) ;
#3006 = ORIENTED_EDGE ( 'NONE', *, *, #1525, .F. ) ;
#3007 = ORIENTED_EDGE ( 'NONE', *, *, #600, .T. ) ;
#3008 = CARTESIAN_POINT ( 'NONE',  ( 336.1950601088341273, 1158.572179699236813, 8.799999999999712941 ) ) ;
#3009 = PLANE ( 'NONE',  #6076 ) ;
#3010 = VECTOR ( 'NONE', #2986, 999.9999999999998863 ) ;
#3011 = ORIENTED_EDGE ( 'NONE', *, *, #2556, .T. ) ;
#3012 = EDGE_LOOP ( 'NONE', ( #4696, #8986, #238, #8933 ) ) ;
#3013 = CARTESIAN_POINT ( 'NONE',  ( 328.7864743326773578, 1162.178293110218874, 8.799999999999712941 ) ) ;
#3014 = CARTESIAN_POINT ( 'NONE',  ( 290.0181138231952787, 1070.394260918091277, 5.499999999999713118 ) ) ;
#3015 = DIRECTION ( 'NONE',  ( -1.000000000000000000, 0.000000000000000000, 0.000000000000000000 ) ) ;
#3016 = AXIS2_PLACEMENT_3D ( 'NONE', #5759, #2642, #5000 ) ;
#3017 = EDGE_CURVE ( 'NONE', #7295, #6260, #4457, .T. ) ;
#3018 = EDGE_LOOP ( 'NONE', ( #2007, #1577, #7903, #4331 ) ) ;
#3019 = DIRECTION ( 'NONE',  ( 0.000000000000000000, 0.000000000000000000, 1.000000000000000000 ) ) ;
#3020 = ORIENTED_EDGE ( 'NONE', *, *, #814, .T. ) ;
#3021 = DIRECTION ( 'NONE',  ( 0.000000000000000000, 0.000000000000000000, 1.000000000000000000 ) ) ;
#3022 = DIRECTION ( 'NONE',  ( 1.000000000000000000, 0.000000000000000000, 0.000000000000000000 ) ) ;
#3023 = AXIS2_PLACEMENT_3D ( 'NONE', #3656, #1425, #8805 ) ;
#3024 = ADVANCED_FACE ( 'NONE', ( #3735, #6621 ), #2217, .F. ) ;
#3025 = CIRCLE ( 'NONE', #9172, 0.5000000000000313083 ) ;
#3026 = ORIENTED_EDGE ( 'NONE', *, *, #4357, .T. ) ;
#3027 = CARTESIAN_POINT ( 'NONE',  ( 316.2231024750217898, 1067.981508163994476, -5.500000000000289546 ) ) ;
#3028 = VERTEX_POINT ( 'NONE', #8158 ) ;
#3029 = VERTEX_POINT ( 'NONE', #8203 ) ;
#3030 = CARTESIAN_POINT ( 'NONE',  ( 283.0217578369321814, 1032.668599341033996, 5.975082126564918106 ) ) ;
#3031 = CARTESIAN_POINT ( 'NONE',  ( 327.5413952400728590, 1138.830542578913537, -9.000000000000287770 ) ) ;
#3032 = VECTOR ( 'NONE', #9563, 999.9999999999998863 ) ;
#3033 = ORIENTED_EDGE ( 'NONE', *, *, #2696, .T. ) ;
#3034 = CARTESIAN_POINT ( 'NONE',  ( 302.3287354537989131, 1029.169683805351042, 5.936970720655940781 ) ) ;
#3035 = VECTOR ( 'NONE', #2945, 1000.000000000000000 ) ;
#3036 = EDGE_CURVE ( 'NONE', #1648, #647, #5605, .T. ) ;
#3037 = DIRECTION ( 'NONE',  ( 0.8673302893362798693, -0.4977330300470779734, -2.888790171527807448E-13 ) ) ;
#3038 = FACE_OUTER_BOUND ( 'NONE', #8624, .T. ) ;
#3039 = DIRECTION ( 'NONE',  ( -0.8815943511950998790, 0.4720078388553425319, -0.000000000000000000 ) ) ;
#3040 = CARTESIAN_POINT ( 'NONE',  ( 303.0916329489322720, 1046.845992106606673, -5.500000000000289546 ) ) ;
#3041 = DIRECTION ( 'NONE',  ( -0.9155739129317257419, 0.4021497357438998943, -0.000000000000000000 ) ) ;
#3042 = VECTOR ( 'NONE', #7671, 1000.000000000000000 ) ;
#3043 = AXIS2_PLACEMENT_3D ( 'NONE', #8192, #6897, #4627 ) ;
#3044 = CARTESIAN_POINT ( 'NONE',  ( 304.5877450729033171, 1075.172873751232828, -6.000000000000287770 ) ) ;
#3045 = LINE ( 'NONE', #2323, #2914 ) ;
#3046 = ADVANCED_FACE ( 'NONE', ( #1107 ), #7056, .F. ) ;
#3047 = ORIENTED_EDGE ( 'NONE', *, *, #5138, .T. ) ;
#3048 = CARTESIAN_POINT ( 'NONE',  ( 293.1525603503221760, 1004.629692656859220, 5.979487688123756861 ) ) ;
#3049 = EDGE_CURVE ( 'NONE', #4310, #7359, #5074, .T. ) ;
#3050 = CARTESIAN_POINT ( 'NONE',  ( 291.7677370044330587, 1082.269511988437898, -5.970959164618427906 ) ) ;
#3051 = EDGE_LOOP ( 'NONE', ( #3099, #6234, #6274, #1911 ) ) ;
#3052 = CARTESIAN_POINT ( 'NONE',  ( 308.5976791223790201, 1047.362402013875453, -6.000000000000282441 ) ) ;
#3053 = DIRECTION ( 'NONE',  ( 1.000000000000000000, 0.000000000000000000, 0.000000000000000000 ) ) ;
#3054 = LINE ( 'NONE', #8835, #7966 ) ;
#3055 = EDGE_LOOP ( 'NONE', ( #8280, #5166, #4007, #5521, #6145 ) ) ;
#3056 = VECTOR ( 'NONE', #5739, 1000.000000000000000 ) ;
#3057 = CIRCLE ( 'NONE', #112, 2.500000000000002220 ) ;
#3058 = VERTEX_POINT ( 'NONE', #8346 ) ;
#3059 = LINE ( 'NONE', #8934, #1994 ) ;
#3060 = DIRECTION ( 'NONE',  ( 0.1378466330838880316, -0.9904535858622735001, 0.000000000000000000 ) ) ;
#3061 = ORIENTED_EDGE ( 'NONE', *, *, #2259, .F. ) ;
#3062 = ORIENTED_EDGE ( 'NONE', *, *, #3885, .T. ) ;
#3063 = EDGE_CURVE ( 'NONE', #7809, #5141, #6178, .T. ) ;
#3064 = CIRCLE ( 'NONE', #7989, 0.5000000000000004441 ) ;
#3065 = VECTOR ( 'NONE', #3855, 1000.000000000000114 ) ;
#3066 = CYLINDRICAL_SURFACE ( 'NONE', #7812, 0.5000000000000004441 ) ;
#3067 = LINE ( 'NONE', #1608, #4901 ) ;
#3068 = CIRCLE ( 'NONE', #1528, 8.000000000000007105 ) ;
#3069 = CARTESIAN_POINT ( 'NONE',  ( 282.9658938415576586, 1029.472393638123322, 61.58012167084567778 ) ) ;
#3070 = CARTESIAN_POINT ( 'NONE',  ( 293.3979569278980648, 1048.949991886945782, -5.500000000000287770 ) ) ;
#3071 = ORIENTED_EDGE ( 'NONE', *, *, #4575, .T. ) ;
#3072 = DIRECTION ( 'NONE',  ( 0.000000000000000000, 0.000000000000000000, -1.000000000000000000 ) ) ;
#3073 = ORIENTED_EDGE ( 'NONE', *, *, #1412, .T. ) ;
#3074 = CARTESIAN_POINT ( 'NONE',  ( 299.8143838466119178, 1074.436046179389450, 5.499999999999711342 ) ) ;
#3076 = AXIS2_PLACEMENT_3D ( 'NONE', #6907, #1836, #3876 ) ;
#3075 = CARTESIAN_POINT ( 'NONE',  ( 414.8545173231134413, 944.4988768181005980, 5.499999999999713118 ) ) ;
#3077 = ORIENTED_EDGE ( 'NONE', *, *, #8662, .F. ) ;
#3078 = EDGE_CURVE ( 'NONE', #9326, #657, #1913, .T. ) ;
#3079 = CARTESIAN_POINT ( 'NONE',  ( 327.5413952400728590, 1138.830542578913537, -6.000000000000287770 ) ) ;
#3080 = AXIS2_PLACEMENT_3D ( 'NONE', #8577, #1968, #414 ) ;
#3081 = ORIENTED_EDGE ( 'NONE', *, *, #1629, .T. ) ;
#3082 = ORIENTED_EDGE ( 'NONE', *, *, #679, .F. ) ;
#3083 = CARTESIAN_POINT ( 'NONE',  ( 290.6446137607518949, 1073.020578313786928, 210.7946508136983255 ) ) ;
#3084 = CARTESIAN_POINT ( 'NONE',  ( 344.7912167416586158, 1119.102250538167482, -8.300000000000288480 ) ) ;
#3085 = ORIENTED_EDGE ( 'NONE', *, *, #9081, .F. ) ;
#3086 = CARTESIAN_POINT ( 'NONE',  ( 297.9109979982563345, 1046.360102390067141, -5.500000000000289546 ) ) ;
#3087 = AXIS2_PLACEMENT_3D ( 'NONE', #311, #2494, #8226 ) ;
#3088 = EDGE_CURVE ( 'NONE', #5801, #7439, #4684, .T. ) ;
#3089 = DIRECTION ( 'NONE',  ( 1.000000000000000000, 0.000000000000000000, 0.000000000000000000 ) ) ;
#3090 = PLANE ( 'NONE',  #4550 ) ;
#3091 = CARTESIAN_POINT ( 'NONE',  ( 300.8423041959673583, 1116.982560454410759, -13.25000000000028955 ) ) ;
#3092 = CARTESIAN_POINT ( 'NONE',  ( 299.8143838466118609, 1074.436046179389450, 5.499999999999711342 ) ) ;
#3093 = FACE_OUTER_BOUND ( 'NONE', #9475, .T. ) ;
#3094 = CARTESIAN_POINT ( 'NONE',  ( 291.2818230294595878, 1001.506536842226410, 5.999999999999712230 ) ) ;
#3095 = CARTESIAN_POINT ( 'NONE',  ( 291.6813713396049934, 1002.066963294542006, -5.792893218813683021 ) ) ;
#3096 = ORIENTED_EDGE ( 'NONE', *, *, #8374, .F. ) ;
#3097 = FACE_OUTER_BOUND ( 'NONE', #4721, .T. ) ;
#3098 = CARTESIAN_POINT ( 'NONE',  ( 296.6848158921147274, 1025.530173790869640, -5.500000000000289546 ) ) ;
#3099 = ORIENTED_EDGE ( 'NONE', *, *, #7560, .T. ) ;
#3100 = DIRECTION ( 'NONE',  ( 1.000000000000000000, 0.000000000000000000, 0.000000000000000000 ) ) ;
#3101 = DIRECTION ( 'NONE',  ( 0.8692901189277739693, -0.4943022244887601002, -0.000000000000000000 ) ) ;
#3102 = DIRECTION ( 'NONE',  ( -1.000000000000000000, 0.000000000000000000, 0.000000000000000000 ) ) ;
#3103 = ORIENTED_EDGE ( 'NONE', *, *, #4638, .F. ) ;
#3104 = EDGE_LOOP ( 'NONE', ( #1847, #4945, #5764, #3504, #1117 ) ) ;
#3105 = DIRECTION ( 'NONE',  ( 0.000000000000000000, 0.000000000000000000, -1.000000000000000000 ) ) ;
#3106 = CARTESIAN_POINT ( 'NONE',  ( 282.0501109898323193, 982.5281748859821391, -13.25000000000028955 ) ) ;
#3107 = ORIENTED_EDGE ( 'NONE', *, *, #5668, .F. ) ;
#3108 = ORIENTED_EDGE ( 'NONE', *, *, #1277, .T. ) ;
#3109 = LINE ( 'NONE', #4553, #2103 ) ;
#3110 = ADVANCED_FACE ( 'NONE', ( #2471 ), #6911, .F. ) ;
#3111 = CARTESIAN_POINT ( 'NONE',  ( 339.5354375298346099, 1160.300838090886600, 8.799999999999712941 ) ) ;
#3112 = EDGE_CURVE ( 'NONE', #9326, #9342, #6857, .T. ) ;
#3113 = LINE ( 'NONE', #6193, #8580 ) ;
#3114 = EDGE_CURVE ( 'NONE', #1314, #6195, #6271, .T. ) ;
#3115 = DIRECTION ( 'NONE',  ( 0.9848077530122086864, -0.1736481776669271393, 0.000000000000000000 ) ) ;
#3116 = ORIENTED_EDGE ( 'NONE', *, *, #4275, .T. ) ;
#3117 = CARTESIAN_POINT ( 'NONE',  ( 291.0906534294757648, 1079.396598769525326, -6.000000000000287770 ) ) ;
#3118 = ORIENTED_EDGE ( 'NONE', *, *, #3143, .F. ) ;
#3119 = CARTESIAN_POINT ( 'NONE',  ( 291.7260464836526239, 1024.782185821985877, -5.500000000000287770 ) ) ;
#3120 = CARTESIAN_POINT ( 'NONE',  ( 339.5354375298346099, 1160.300838090886600, 8.799999999999712941 ) ) ;
#3121 = EDGE_LOOP ( 'NONE', ( #7977, #3404, #1321, #7158, #1371, #6698 ) ) ;
#3122 = EDGE_CURVE ( 'NONE', #1121, #4614, #3293, .T. ) ;
#3123 = DIRECTION ( 'NONE',  ( 0.000000000000000000, 0.000000000000000000, 1.000000000000000000 ) ) ;
#3124 = ORIENTED_EDGE ( 'NONE', *, *, #2699, .F. ) ;
#3125 = EDGE_CURVE ( 'NONE', #8350, #4565, #8767, .T. ) ;
#3126 = ORIENTED_EDGE ( 'NONE', *, *, #8533, .F. ) ;
#3127 = PLANE ( 'NONE',  #7527 ) ;
#3128 = ORIENTED_CLOSED_SHELL ( 'NONE', *, #8318, .F. );
#3129 = DIRECTION ( 'NONE',  ( -0.1818363849382954867, 0.9833288001032879366, 0.000000000000000000 ) ) ;
#3130 = ORIENTED_EDGE ( 'NONE', *, *, #1744, .F. ) ;
#3131 = DIRECTION ( 'NONE',  ( 1.000000000000000000, 0.000000000000000000, 0.000000000000000000 ) ) ;
#3132 = EDGE_CURVE ( 'NONE', #1574, #2351, #5411, .T. ) ;
#3133 = LINE ( 'NONE', #2407, #9512 ) ;
#3134 = FACE_OUTER_BOUND ( 'NONE', #5678, .T. ) ;
#3135 = DIRECTION ( 'NONE',  ( 0.000000000000000000, 0.000000000000000000, -1.000000000000000000 ) ) ;
#3136 = ORIENTED_EDGE ( 'NONE', *, *, #2378, .F. ) ;
#3137 = SPHERICAL_SURFACE ( 'NONE', #3076, 0.5000000000000000000 ) ;
#3138 = CARTESIAN_POINT ( 'NONE',  ( 294.8423041959673583, 1116.982560454410759, 10.74999999999971223 ) ) ;
#3139 = CARTESIAN_POINT ( 'NONE',  ( 290.0181138231952218, 1070.394260918091277, 61.58012167084567778 ) ) ;
#3140 = EDGE_CURVE ( 'NONE', #2575, #6481, #4637, .T. ) ;
#3141 = ORIENTED_EDGE ( 'NONE', *, *, #5489, .T. ) ;
#3142 = DIRECTION ( 'NONE',  ( 0.7147636847385179237, -0.6993660522065798801, 0.000000000000000000 ) ) ;
#3143 = EDGE_CURVE ( 'NONE', #4888, #7131, #4770, .T. ) ;
#3144 = DIRECTION ( 'NONE',  ( 0.000000000000000000, 0.000000000000000000, 1.000000000000000000 ) ) ;
#3145 = EDGE_LOOP ( 'NONE', ( #5212, #7704, #8907, #8367, #971 ) ) ;
#3146 = CARTESIAN_POINT ( 'NONE',  ( 290.7208915543997136, 1072.526430867981389, -5.500000000000287770 ) ) ;
#3147 = CARTESIAN_POINT ( 'NONE',  ( 292.0277345185951390, 1027.456432633371151, 61.58012167084567778 ) ) ;
#3148 = CARTESIAN_POINT ( 'NONE',  ( 302.5189506855798527, 1143.242674677152309, 5.999999999999712230 ) ) ;
#3149 = AXIS2_PLACEMENT_3D ( 'NONE', #1193, #4157, #7861 ) ;
#3150 = VERTEX_POINT ( 'NONE', #9012 ) ;
#3151 = ORIENTED_EDGE ( 'NONE', *, *, #1568, .F. ) ;
#3152 = SPHERICAL_SURFACE ( 'NONE', #5384, 0.5000000000000000000 ) ;
#3153 = CARTESIAN_POINT ( 'NONE',  ( 327.5413952400728590, 1138.830542578913537, 5.999999999999712230 ) ) ;
#3154 = ORIENTED_EDGE ( 'NONE', *, *, #6556, .F. ) ;
#3155 = EDGE_CURVE ( 'NONE', #1768, #6195, #9157, .T. ) ;
#3156 = ORIENTED_EDGE ( 'NONE', *, *, #4994, .T. ) ;
#3157 = CIRCLE ( 'NONE', #9153, 0.5000000000000004441 ) ;
#3158 = CARTESIAN_POINT ( 'NONE',  ( 296.6835498803083624, 1110.148472180032968, 5.999999999999717559 ) ) ;
#3159 = FACE_OUTER_BOUND ( 'NONE', #1941, .T. ) ;
#3160 = CARTESIAN_POINT ( 'NONE',  ( 310.2602370823418028, 1050.381024866720509, 5.983023156105855556 ) ) ;
#3161 = FACE_OUTER_BOUND ( 'NONE', #5913, .T. ) ;
#3162 = ORIENTED_EDGE ( 'NONE', *, *, #5830, .F. ) ;
#3163 = DIRECTION ( 'NONE',  ( -0.000000000000000000, -0.000000000000000000, 1.000000000000000000 ) ) ;
#3164 = EDGE_CURVE ( 'NONE', #4631, #2575, #2561, .T. ) ;
#3165 = VECTOR ( 'NONE', #8156, 1000.000000000000000 ) ;
#3166 = ORIENTED_EDGE ( 'NONE', *, *, #2441, .F. ) ;
#3167 = DIRECTION ( 'NONE',  ( 0.6993660522065798801, 0.7147636847385179237, 0.000000000000000000 ) ) ;
#3168 = EDGE_CURVE ( 'NONE', #4432, #5968, #8493, .T. ) ;
#3169 = LINE ( 'NONE', #2536, #8080 ) ;
#3170 = EDGE_CURVE ( 'NONE', #657, #3334, #3286, .T. ) ;
#3171 = PRODUCT_DEFINITION_FORMATION_WITH_SPECIFIED_SOURCE ( '�', '', #1385, .NOT_KNOWN. ) ;
#3172 = ORIENTED_EDGE ( 'NONE', *, *, #7512, .T. ) ;
#3173 = AXIS2_PLACEMENT_3D ( 'NONE', #7722, #958, #2408 ) ;
#3174 = DIRECTION ( 'NONE',  ( -1.000000000000000000, 0.000000000000000000, 0.000000000000000000 ) ) ;
#3175 = ORIENTED_EDGE ( 'NONE', *, *, #5633, .F. ) ;
#3176 = ORIENTED_EDGE ( 'NONE', *, *, #2951, .T. ) ;
#3177 = DIRECTION ( 'NONE',  ( 0.000000000000000000, 0.000000000000000000, 1.000000000000000000 ) ) ;
#3179 = CIRCLE ( 'NONE', #1326, 3.000000000000002665 ) ;
#3178 = LINE ( 'NONE', #8430, #260 ) ;
#3180 = EDGE_LOOP ( 'NONE', ( #7090, #1805, #6256, #6002, #8676, #5005 ) ) ;
#3181 = LINE ( 'NONE', #6261, #1069 ) ;
#3182 = AXIS2_PLACEMENT_3D ( 'NONE', #8844, #5808, #5863 ) ;
#3183 = ORIENTED_EDGE ( 'NONE', *, *, #9242, .F. ) ;
#3184 = AXIS2_PLACEMENT_3D ( 'NONE', #2774, #1948, #6486 ) ;
#3185 = PLANE ( 'NONE',  #8631 ) ;
#3186 = EDGE_CURVE ( 'NONE', #7642, #6481, #6622, .T. ) ;
#3187 = AXIS2_PLACEMENT_3D ( 'NONE', #7557, #6146, #2486 ) ;
#3188 = PLANE ( 'NONE',  #7174 ) ;
#3189 = LINE ( 'NONE', #5259, #5978 ) ;
#3190 = VECTOR ( 'NONE', #7590, 999.9999999999998863 ) ;
#3191 = CARTESIAN_POINT ( 'NONE',  ( 321.8232857621647440, 1144.425470996566219, 8.799999999999712941 ) ) ;
#3192 = CARTESIAN_POINT ( 'NONE',  ( 291.2818230294593036, 1001.506536842226637, 5.499999999999713118 ) ) ;
#3193 = DIRECTION ( 'NONE',  ( -0.4720078388552952364, -0.8815943511951251921, 0.000000000000000000 ) ) ;
#3194 = VECTOR ( 'NONE', #1933, 1000.000000000000000 ) ;
#3195 = ORIENTED_EDGE ( 'NONE', *, *, #1609, .T. ) ;
#3196 = DIRECTION ( 'NONE',  ( -0.000000000000000000, -0.000000000000000000, -1.000000000000000000 ) ) ;
#3197 = CIRCLE ( 'NONE', #403, 0.5000000000000004441 ) ;
#3198 = CARTESIAN_POINT ( 'NONE',  ( 294.8423041959673014, 1116.982560454410759, 8.999999999999712230 ) ) ;
#3199 = ORIENTED_EDGE ( 'NONE', *, *, #6649, .F. ) ;
#3200 = ADVANCED_FACE ( 'NONE', ( #518 ), #3578, .T. ) ;
#3201 = DIRECTION ( 'NONE',  ( 0.9888139587632133187, 0.1491541315385617184, -0.000000000000000000 ) ) ;
#3202 = VECTOR ( 'NONE', #8004, 1000.000000000000000 ) ;
#3203 = CARTESIAN_POINT ( 'NONE',  ( 296.6102388263453804, 1026.024580770251305, 5.499999999999713118 ) ) ;
#3204 = DIRECTION ( 'NONE',  ( 0.000000000000000000, 0.000000000000000000, 1.000000000000000000 ) ) ;
#3205 = VERTEX_POINT ( 'NONE', #4343 ) ;
#3206 = ORIENTED_EDGE ( 'NONE', *, *, #1970, .F. ) ;
#3207 = CARTESIAN_POINT ( 'NONE',  ( 291.6514694178832201, 1025.276592801367542, 5.499999999999713118 ) ) ;
#3208 = AXIS2_PLACEMENT_3D ( 'NONE', #1517, #5634, #8583 ) ;
#3209 = CYLINDRICAL_SURFACE ( 'NONE', #2843, 2.500000000000002220 ) ;
#3210 = VECTOR ( 'NONE', #2646, 1000.000000000000114 ) ;
#3211 = VERTEX_POINT ( 'NONE', #2836 ) ;
#3212 = ORIENTED_EDGE ( 'NONE', *, *, #1934, .T. ) ;
#3213 = CARTESIAN_POINT ( 'NONE',  ( 327.5413952400728590, 1138.830542578913537, 5.999999999999712230 ) ) ;
#3214 = CARTESIAN_POINT ( 'NONE',  ( 299.8143838466119178, 1074.436046179389450, -5.500000000000287770 ) ) ;
#3215 = ADVANCED_FACE ( 'NONE', ( #2798 ), #2659, .T. ) ;
#3216 = FACE_OUTER_BOUND ( 'NONE', #7138, .T. ) ;
#3217 = AXIS2_PLACEMENT_3D ( 'NONE', #5457, #818, #968 ) ;
#3218 = AXIS2_PLACEMENT_3D ( 'NONE', #4729, #7530, #1737 ) ;
#3219 = CARTESIAN_POINT ( 'NONE',  ( 491.6618520660051672, 918.3032055795803217, 61.58012167084567778 ) ) ;
#3220 = ORIENTED_EDGE ( 'NONE', *, *, #3125, .T. ) ;
#3221 = LINE ( 'NONE', #8416, #278 ) ;
#3222 = ORIENTED_EDGE ( 'NONE', *, *, #3831, .T. ) ;
#3223 = CARTESIAN_POINT ( 'NONE',  ( 291.9542243684953746, 1079.480730594156512, -6.000000000000289546 ) ) ;
#3224 = CARTESIAN_POINT ( 'NONE',  ( 299.8143838466119178, 1074.436046179389450, 61.58012167084567778 ) ) ;
#3225 =( BOUNDED_CURVE ( )  B_SPLINE_CURVE ( 3, ( #2058, #3427, #7042, #5630 ),
 .UNSPECIFIED., .F., .T. ) 
 B_SPLINE_CURVE_WITH_KNOTS ( ( 4, 4 ),
 ( 1.570796326794892339, 2.630609061002158189 ),
 .UNSPECIFIED. ) 
 CURVE ( )  GEOMETRIC_REPRESENTATION_ITEM ( )  RATIONAL_B_SPLINE_CURVE ( ( 1.000000000000000000, 0.9085696008556484182, 0.9085696008556484182, 1.000000000000000000 ) ) 
 REPRESENTATION_ITEM ( '' )  );
#3226 = VECTOR ( 'NONE', #7000, 1000.000000000000114 ) ;
#3227 = EDGE_LOOP ( 'NONE', ( #4332, #3636, #8646, #9518, #560 ) ) ;
#3228 = LINE ( 'NONE', #4564, #1320 ) ;
#3229 = EDGE_CURVE ( 'NONE', #4039, #4310, #2147, .T. ) ;
#3230 = ORIENTED_EDGE ( 'NONE', *, *, #483, .F. ) ;
#3231 = ORIENTED_EDGE ( 'NONE', *, *, #8336, .T. ) ;
#3232 = SPHERICAL_SURFACE ( 'NONE', #2450, 0.5000000000000000000 ) ;
#3233 = AXIS2_PLACEMENT_3D ( 'NONE', #1273, #7026, #542 ) ;
#3234 = CIRCLE ( 'NONE', #4763, 0.5000000000000942579 ) ;
#3235 = CARTESIAN_POINT ( 'NONE',  ( 287.1047823649813040, 1055.824582116012607, -5.970292013496757200 ) ) ;
#3236 = EDGE_LOOP ( 'NONE', ( #5105, #3571, #592, #1164 ) ) ;
#3237 = CYLINDRICAL_SURFACE ( 'NONE', #5398, 0.4999999999999896749 ) ;
#3238 = ADVANCED_FACE ( 'NONE', ( #9354, #5643 ), #4873, .F. ) ;
#3239 = VERTEX_POINT ( 'NONE', #4928 ) ;
#3240 = AXIS2_PLACEMENT_3D ( 'NONE', #3086, #2314, #8237 ) ;
#3241 = CIRCLE ( 'NONE', #4618, 0.4999999999999883982 ) ;
#3242 = FACE_OUTER_BOUND ( 'NONE', #8223, .T. ) ;
#3243 = CARTESIAN_POINT ( 'NONE',  ( 278.6518226056214189, 1004.323514583143719, 5.499999999999711342 ) ) ;
#3244 = DIRECTION ( 'NONE',  ( 0.8692901189279172991, -0.4943022244885084682, 6.055566463453972893E-13 ) ) ;
#3245 = ADVANCED_FACE ( 'NONE', ( #7242 ), #9405, .F. ) ;
#3246 =( BOUNDED_CURVE ( )  B_SPLINE_CURVE ( 3, ( #6016, #2395, #1043, #6106 ),
 .UNSPECIFIED., .F., .F. ) 
 B_SPLINE_CURVE_WITH_KNOTS ( ( 4, 4 ),
 ( 4.712388980384648818, 5.787068367394520685 ),
 .UNSPECIFIED. ) 
 CURVE ( )  GEOMETRIC_REPRESENTATION_ITEM ( )  RATIONAL_B_SPLINE_CURVE ( ( 1.000000000000000000, 0.9060489359794319242, 0.9060489359794319242, 1.000000000000000000 ) ) 
 REPRESENTATION_ITEM ( '' )  );
#3247 = CARTESIAN_POINT ( 'NONE',  ( 291.2818230294592468, 1001.506536842226410, 61.58012167084567778 ) ) ;
#3248 = ADVANCED_FACE ( 'NONE', ( #3529 ), #6367, .F. ) ;
#3249 = CARTESIAN_POINT ( 'NONE',  ( 291.0085846195626686, 998.8960242316037466, -5.500000000000287770 ) ) ;
#3250 = AXIS2_PLACEMENT_3D ( 'NONE', #2171, #9447, #8681 ) ;
#3251 = DIRECTION ( 'NONE',  ( 1.000000000000000000, 0.000000000000000000, 0.000000000000000000 ) ) ;
#3252 = VECTOR ( 'NONE', #5191, 1000.000000000000114 ) ;
#3253 = EDGE_CURVE ( 'NONE', #2525, #7149, #4250, .T. ) ;
#3254 = DIRECTION ( 'NONE',  ( 1.000000000000000000, 0.000000000000000000, 0.000000000000000000 ) ) ;
#3255 = ORIENTED_EDGE ( 'NONE', *, *, #8563, .F. ) ;
#3256 = EDGE_CURVE ( 'NONE', #2685, #1364, #7996, .T. ) ;
#3257 = CARTESIAN_POINT ( 'NONE',  ( -144.6506887652768398, 958.9584862343538134, -5.500000000000289546 ) ) ;
#3258 = DIRECTION ( 'NONE',  ( 1.000000000000000000, 0.000000000000000000, 0.000000000000000000 ) ) ;
#3259 = DIRECTION ( 'NONE',  ( 0.4720078388553815008, 0.8815943511950790068, 0.000000000000000000 ) ) ;
#3260 = EDGE_CURVE ( 'NONE', #264, #9100, #7147, .T. ) ;
#3261 = VERTEX_POINT ( 'NONE', #8679 ) ;
#3262 = ORIENTED_EDGE ( 'NONE', *, *, #8822, .T. ) ;
#3263 = CYLINDRICAL_SURFACE ( 'NONE', #6462, 0.4999999999999388822 ) ;
#3264 = EDGE_CURVE ( 'NONE', #6672, #354, #4303, .T. ) ;
#3265 = DIRECTION ( 'NONE',  ( -0.000000000000000000, -0.000000000000000000, 1.000000000000000000 ) ) ;
#3266 = ORIENTED_EDGE ( 'NONE', *, *, #3789, .T. ) ;
#3267 = ORIENTED_EDGE ( 'NONE', *, *, #3294, .F. ) ;
#3268 = CARTESIAN_POINT ( 'NONE',  ( 337.3835438837262473, 1114.351821815406538, 6.299999999999712941 ) ) ;
#3269 = LINE ( 'NONE', #5428, #2432 ) ;
#3270 = LINE ( 'NONE', #6149, #3653 ) ;
#3271 = DIRECTION ( 'NONE',  ( -0.9882948916112357374, -0.1525555872957002068, 0.000000000000000000 ) ) ;
#3272 = ORIENTED_EDGE ( 'NONE', *, *, #2772, .T. ) ;
#3273 = CARTESIAN_POINT ( 'NONE',  ( 281.3845185166587157, 1023.383353749603998, -5.973945654872109046 ) ) ;
#3274 = VERTEX_POINT ( 'NONE', #5695 ) ;
#3275 = DIRECTION ( 'NONE',  ( 0.000000000000000000, 0.000000000000000000, 1.000000000000000000 ) ) ;
#3276 = CARTESIAN_POINT ( 'NONE',  ( 334.0332462475978446, 1119.667891162092246, 8.999999999999712230 ) ) ;
#3277 = VERTEX_POINT ( 'NONE', #4168 ) ;
#3278 = EDGE_CURVE ( 'NONE', #3322, #6725, #8196, .T. ) ;
#3279 = DIRECTION ( 'NONE',  ( -0.000000000000000000, -0.000000000000000000, -1.000000000000000000 ) ) ;
#3280 = ORIENTED_EDGE ( 'NONE', *, *, #8655, .F. ) ;
#3281 = ORIENTED_EDGE ( 'NONE', *, *, #3186, .T. ) ;
#3282 = LINE ( 'NONE', #265, #2133 ) ;
#3283 = DIRECTION ( 'NONE',  ( -0.1378466330839969445, 0.9904535858622584010, 0.000000000000000000 ) ) ;
#3284 = VERTEX_POINT ( 'NONE', #1982 ) ;
#3285 = CARTESIAN_POINT ( 'NONE',  ( 536.4145769565114961, 943.3497732684048742, 5.499999999999713118 ) ) ;
#3286 =( BOUNDED_CURVE ( )  B_SPLINE_CURVE ( 3, ( #4113, #7873, #1395, #3392 ),
 .UNSPECIFIED., .F., .F. ) 
 B_SPLINE_CURVE_WITH_KNOTS ( ( 4, 4 ),
 ( 0.5170319524915147902, 1.570796326795055098 ),
 .UNSPECIFIED. ) 
 CURVE ( )  GEOMETRIC_REPRESENTATION_ITEM ( )  RATIONAL_B_SPLINE_CURVE ( ( 1.000000000000000000, 0.9095860218280563680, 0.9095860218280563680, 1.000000000000000000 ) ) 
 REPRESENTATION_ITEM ( '' )  );
#3287 = ORIENTED_EDGE ( 'NONE', *, *, #5164, .F. ) ;
#3288 = CARTESIAN_POINT ( 'NONE',  ( 330.1818223987274337, 1095.092143408788843, 8.999999999999706901 ) ) ;
#3289 = FACE_OUTER_BOUND ( 'NONE', #6331, .T. ) ;
#3290 = CYLINDRICAL_SURFACE ( 'NONE', #6763, 0.5000000000000004441 ) ;
#3291 = DIRECTION ( 'NONE',  ( 1.000000000000000000, 0.000000000000000000, 3.330669073875466592E-13 ) ) ;
#3292 = CARTESIAN_POINT ( 'NONE',  ( 341.7446034872098153, 1142.060568443634111, 8.999999999999712230 ) ) ;
#3293 = LINE ( 'NONE', #9213, #1376 ) ;
#3294 = EDGE_CURVE ( 'NONE', #6725, #2324, #2221, .T. ) ;
#3295 = ADVANCED_FACE ( 'NONE', ( #1299 ), #3816, .F. ) ;
#3296 = EDGE_CURVE ( 'NONE', #3466, #5490, #8311, .T. ) ;
#3297 = DIRECTION ( 'NONE',  ( 1.000000000000000000, 0.000000000000000000, -0.000000000000000000 ) ) ;
#3298 =( BOUNDED_CURVE ( )  B_SPLINE_CURVE ( 3, ( #2632, #7213, #3502, #3553 ),
 .UNSPECIFIED., .F., .F. ) 
 B_SPLINE_CURVE_WITH_KNOTS ( ( 4, 4 ),
 ( 1.570796326794962505, 3.141592653589610151 ),
 .UNSPECIFIED. ) 
 CURVE ( )  GEOMETRIC_REPRESENTATION_ITEM ( )  RATIONAL_B_SPLINE_CURVE ( ( 1.000000000000000000, 0.8047378541244235572, 0.8047378541244235572, 1.000000000000000000 ) ) 
 REPRESENTATION_ITEM ( '' )  );
#3299 = EDGE_LOOP ( 'NONE', ( #492, #7763, #3782, #4075 ) ) ;
#3300 = DIRECTION ( 'NONE',  ( 1.000000000000000000, 0.000000000000000000, 0.000000000000000000 ) ) ;
#3301 = SPHERICAL_SURFACE ( 'NONE', #4571, 0.5000000000000000000 ) ;
#3302 = DIRECTION ( 'NONE',  ( -1.000000000000000000, 0.000000000000000000, 2.220446049250311061E-13 ) ) ;
#3303 = VERTEX_POINT ( 'NONE', #6022 ) ;
#3304 = ORIENTED_EDGE ( 'NONE', *, *, #4533, .F. ) ;
#3305 = LINE ( 'NONE', #2766, #1294 ) ;
#3306 = EDGE_LOOP ( 'NONE', ( #5787, #3587, #1076, #7282, #8808 ) ) ;
#3307 = EDGE_LOOP ( 'NONE', ( #3116, #8989, #3960, #2812 ) ) ;
#3308 = EDGE_CURVE ( 'NONE', #5496, #8975, #5152, .T. ) ;
#3310 = DIRECTION ( 'NONE',  ( 0.8692901189279172991, -0.4943022244885084682, -5.790635430677480389E-13 ) ) ;
#3309 = CC_DESIGN_PERSON_AND_ORGANIZATION_ASSIGNMENT ( #4438, #7196, ( #6309 ) ) ;
#3311 = CARTESIAN_POINT ( 'NONE',  ( 291.2724281967871320, 1079.293236646936521, -6.000000000000287770 ) ) ;
#3312 = AXIS2_PLACEMENT_3D ( 'NONE', #5052, #2790, #2105 ) ;
#3313 = DIRECTION ( 'NONE',  ( 0.1736481776669271393, 0.9848077530122086864, 0.000000000000000000 ) ) ;
#3314 = CARTESIAN_POINT ( 'NONE',  ( 338.7165415596875846, 1117.916678719309175, -6.300000000000287592 ) ) ;
#3315 = ORIENTED_EDGE ( 'NONE', *, *, #329, .F. ) ;
#3316 = CARTESIAN_POINT ( 'NONE',  ( 290.8331880951891435, 998.4269585144543271, -6.000000000000287770 ) ) ;
#3317 = ORIENTED_EDGE ( 'NONE', *, *, #8114, .T. ) ;
#3318 = DIRECTION ( 'NONE',  ( 0.9155739129316737834, -0.4021497357440186882, 0.000000000000000000 ) ) ;
#3319 = DIRECTION ( 'NONE',  ( -0.000000000000000000, -0.000000000000000000, -1.000000000000000000 ) ) ;
#3320 = AXIS2_PLACEMENT_3D ( 'NONE', #3224, #1861, #6157 ) ;
#3321 = DIRECTION ( 'NONE',  ( -0.000000000000000000, -0.000000000000000000, 1.000000000000000000 ) ) ;
#3322 = VERTEX_POINT ( 'NONE', #4573 ) ;
#3323 = CARTESIAN_POINT ( 'NONE',  ( 298.9844294566352119, 1021.463183543108698, 5.499999999999711342 ) ) ;
#3324 = EDGE_CURVE ( 'NONE', #6343, #3205, #5911, .T. ) ;
#3325 = DIRECTION ( 'NONE',  ( 0.8692901189281687646, -0.4943022244880658778, 0.000000000000000000 ) ) ;
#3326 = VECTOR ( 'NONE', #9175, 1000.000000000000114 ) ;
#3327 = EDGE_LOOP ( 'NONE', ( #2252, #9477, #7750 ) ) ;
#3328 = LINE ( 'NONE', #1908, #3381 ) ;
#3329 = LINE ( 'NONE', #4858, #2434 ) ;
#3330 = ORIENTED_EDGE ( 'NONE', *, *, #6904, .T. ) ;
#3331 = CARTESIAN_POINT ( 'NONE',  ( 291.9285270485075330, 1001.356240913266106, 5.999999999999712230 ) ) ;
#3332 = ADVANCED_FACE ( 'NONE', ( #6554 ), #660, .F. ) ;
#3333 = VECTOR ( 'NONE', #8555, 999.9999999999998863 ) ;
#3334 = VERTEX_POINT ( 'NONE', #5972 ) ;
#3335 = DIRECTION ( 'NONE',  ( 0.000000000000000000, 0.000000000000000000, -1.000000000000000000 ) ) ;
#3336 = CARTESIAN_POINT ( 'NONE',  ( 343.7430501352908436, 1131.359150616601937, 6.299999999999712941 ) ) ;
#3337 =( BOUNDED_CURVE ( )  B_SPLINE_CURVE ( 3, ( #1275, #7083, #4226, #7167 ),
 .UNSPECIFIED., .F., .F. ) 
 B_SPLINE_CURVE_WITH_KNOTS ( ( 4, 4 ),
 ( 1.570796326795090403, 3.141592653590119077 ),
 .UNSPECIFIED. ) 
 CURVE ( )  GEOMETRIC_REPRESENTATION_ITEM ( )  RATIONAL_B_SPLINE_CURVE ( ( 1.000000000000000000, 0.8047378541243338512, 0.8047378541243338512, 1.000000000000000000 ) ) 
 REPRESENTATION_ITEM ( '' )  );
#3338 = CARTESIAN_POINT ( 'NONE',  ( 283.5141617134382841, 1032.581775252200714, 210.7946508136983255 ) ) ;
#3339 = CARTESIAN_POINT ( 'NONE',  ( 291.7677370044330587, 1082.269511988437898, -5.970959164618427906 ) ) ;
#3340 = AXIS2_PLACEMENT_3D ( 'NONE', #1283, #550, #2819 ) ;
#3341 = DIRECTION ( 'NONE',  ( 0.000000000000000000, 0.000000000000000000, -1.000000000000000000 ) ) ;
#3342 = AXIS2_PLACEMENT_3D ( 'NONE', #5046, #4962, #4287 ) ;
#3343 = DIRECTION ( 'NONE',  ( 0.000000000000000000, 0.000000000000000000, 1.000000000000000000 ) ) ;
#3344 = EDGE_LOOP ( 'NONE', ( #3811, #2714, #376, #7687 ) ) ;
#3345 = CARTESIAN_POINT ( 'NONE',  ( 291.7626793618946408, 1082.240828672260250, -5.961177496309724155 ) ) ;
#3346 = DIRECTION ( 'NONE',  ( -0.000000000000000000, 1.000000000000000000, 0.000000000000000000 ) ) ;
#3347 = ADVANCED_FACE ( 'NONE', ( #8958 ), #6657, .F. ) ;
#3348 = CIRCLE ( 'NONE', #234, 0.4999999999999205635 ) ;
#3349 = CARTESIAN_POINT ( 'NONE',  ( 273.5203282131676588, 1037.932498910929326, -6.000000000000287770 ) ) ;
#3350 = CIRCLE ( 'NONE', #6728, 0.4999999999999480416 ) ;
#3351 = VERTEX_POINT ( 'NONE', #801 ) ;
#3352 = VECTOR ( 'NONE', #9269, 1000.000000000000000 ) ;
#3353 = EDGE_LOOP ( 'NONE', ( #5321, #1612, #5055, #7521 ) ) ;
#3354 = LINE ( 'NONE', #2039, #8836 ) ;
#3355 = EDGE_CURVE ( 'NONE', #7683, #3414, #5182, .T. ) ;
#3356 = VERTEX_POINT ( 'NONE', #2357 ) ;
#3357 = VECTOR ( 'NONE', #3489, 999.9999999999998863 ) ;
#3358 = ORIENTED_EDGE ( 'NONE', *, *, #1281, .F. ) ;
#3359 = DIRECTION ( 'NONE',  ( 0.1491541315386218369, -0.9888139587632041039, 0.000000000000000000 ) ) ;
#3360 = DIRECTION ( 'NONE',  ( -0.000000000000000000, -0.000000000000000000, 1.000000000000000000 ) ) ;
#3361 = DIRECTION ( 'NONE',  ( -0.000000000000000000, -0.000000000000000000, 1.000000000000000000 ) ) ;
#3362 = EDGE_LOOP ( 'NONE', ( #6137, #6896 ) ) ;
#3363 = CARTESIAN_POINT ( 'NONE',  ( 290.8397397355236649, 998.4444796704918872, -5.999738352725514368 ) ) ;
#3364 = EDGE_CURVE ( 'NONE', #405, #3701, #6156, .T. ) ;
#3365 = AXIS2_PLACEMENT_3D ( 'NONE', #173, #8302, #1007 ) ;
#3366 = ORIENTED_EDGE ( 'NONE', *, *, #2578, .F. ) ;
#3367 = DIRECTION ( 'NONE',  ( -0.9366590624179433888, 0.3502424885566274848, 0.000000000000000000 ) ) ;
#3368 = LINE ( 'NONE', #8516, #5310 ) ;
#3369 = EDGE_CURVE ( 'NONE', #6180, #2505, #4465, .T. ) ;
#3370 = DIRECTION ( 'NONE',  ( 1.000000000000000000, 0.000000000000000000, 0.000000000000000000 ) ) ;
#3371 = ORIENTED_EDGE ( 'NONE', *, *, #6862, .T. ) ;
#3372 = CIRCLE ( 'NONE', #5366, 0.5000000000000004441 ) ;
#3373 = CARTESIAN_POINT ( 'NONE',  ( 525.5164649254937785, 915.7446262538634301, -5.500000000000289546 ) ) ;
#3374 = CARTESIAN_POINT ( 'NONE',  ( 275.1653034219292522, 956.5260851264006305, 210.7946508136983255 ) ) ;
#3375 = ORIENTED_EDGE ( 'NONE', *, *, #4066, .T. ) ;
#3376 = PLANE ( 'NONE',  #6139 ) ;
#3377 = LINE ( 'NONE', #9198, #3210 ) ;
#3378 = ORIENTED_EDGE ( 'NONE', *, *, #5657, .F. ) ;
#3379 = DIRECTION ( 'NONE',  ( 0.000000000000000000, -0.000000000000000000, 1.000000000000000000 ) ) ;
#3380 = AXIS2_PLACEMENT_3D ( 'NONE', #2941, #3581, #6512 ) ;
#3381 = VECTOR ( 'NONE', #5533, 1000.000000000000000 ) ;
#3382 = CARTESIAN_POINT ( 'NONE',  ( 321.8232857621647440, 1144.425470996566219, -6.300000000000282263 ) ) ;
#3383 = EDGE_CURVE ( 'NONE', #9413, #7642, #5229, .T. ) ;
#3384 = ORIENTED_EDGE ( 'NONE', *, *, #2661, .T. ) ;
#3385 = DIRECTION ( 'NONE',  ( -0.000000000000000000, -0.000000000000000000, 1.000000000000000000 ) ) ;
#3386 = DIRECTION ( 'NONE',  ( 1.000000000000000000, 0.000000000000000000, 0.000000000000000000 ) ) ;
#3387 = VECTOR ( 'NONE', #8033, 1000.000000000000000 ) ;
#3388 = CARTESIAN_POINT ( 'NONE',  ( 296.0435740594679146, 1103.639603700733232, -6.000000000000282441 ) ) ;
#3389 = VECTOR ( 'NONE', #2233, 1000.000000000000114 ) ;
#3390 = EDGE_LOOP ( 'NONE', ( #1726, #5912, #3754, #1319 ) ) ;
#3391 = CARTESIAN_POINT ( 'NONE',  ( 309.2761569648633895, 1126.597565320119656, 5.999999999999714007 ) ) ;
#3392 = CARTESIAN_POINT ( 'NONE',  ( 292.0129897686949221, 1081.748042840140215, 5.499999999999713118 ) ) ;
#3393 = AXIS2_PLACEMENT_3D ( 'NONE', #6962, #4784, #3251 ) ;
#3394 = CIRCLE ( 'NONE', #2309, 0.5000000000000004441 ) ;
#3395 = EDGE_CURVE ( 'NONE', #8771, #9100, #5254, .T. ) ;
#3396 = ORIENTED_EDGE ( 'NONE', *, *, #4660, .F. ) ;
#3397 = EDGE_CURVE ( 'NONE', #5238, #339, #8568, .T. ) ;
#3398 = CARTESIAN_POINT ( 'NONE',  ( 347.0085846824679834, 1140.092221637931743, -8.300000000000288480 ) ) ;
#3399 = CLOSED_SHELL ( 'NONE', ( #3551, #2342, #5438, #3554, #4522, #6415, #5607, #8541, #2277, #7395, #5066, #7864, #2963, #6414, #1711, #9415 ) ) ;
#3400 = DIRECTION ( 'NONE',  ( -4.855584208967427556E-15, 2.761018471766266199E-15, 1.000000000000000000 ) ) ;
#3401 = AXIS2_PLACEMENT_3D ( 'NONE', #3915, #7575, #6899 ) ;
#3402 = LINE ( 'NONE', #2707, #3508 ) ;
#3403 = ORIENTED_EDGE ( 'NONE', *, *, #5218, .F. ) ;
#3404 = ORIENTED_EDGE ( 'NONE', *, *, #2825, .T. ) ;
#3405 = CARTESIAN_POINT ( 'NONE',  ( 333.6950601088341273, 1158.572179699236813, 2.185281374238132734 ) ) ;
#3406 = EDGE_LOOP ( 'NONE', ( #2925, #599, #1268, #8058 ) ) ;
#3407 = ORIENTED_EDGE ( 'NONE', *, *, #3155, .T. ) ;
#3408 = CARTESIAN_POINT ( 'NONE',  ( 368.0656709890653815, 1095.727461864244560, -6.000000000000289546 ) ) ;
#3409 = LINE ( 'NONE', #344, #2124 ) ;
#3410 = FACE_OUTER_BOUND ( 'NONE', #1209, .T. ) ;
#3411 = LINE ( 'NONE', #7841, #2406 ) ;
#3412 = VERTEX_POINT ( 'NONE', #25 ) ;
#3413 = CARTESIAN_POINT ( 'NONE',  ( 492.8418716631749135, 920.5071914575418077, 5.499999999999713118 ) ) ;
#3414 = VERTEX_POINT ( 'NONE', #6610 ) ;
#3415 = DIRECTION ( 'NONE',  ( -0.9904535858622642852, -0.1378466330839548670, 0.000000000000000000 ) ) ;
#3416 = CARTESIAN_POINT ( 'NONE',  ( 275.1653034219292522, 956.5260851264006305, 210.7946508136983255 ) ) ;
#3417 = LINE ( 'NONE', #8517, #6310 ) ;
#3418 = EDGE_CURVE ( 'NONE', #5968, #8971, #8006, .T. ) ;
#3419 = ORIENTED_EDGE ( 'NONE', *, *, #8210, .T. ) ;
#3420 = ADVANCED_FACE ( 'NONE', ( #4525 ), #849, .F. ) ;
#3421 = CARTESIAN_POINT ( 'NONE',  ( 307.2910020259907924, 1073.060545674227797, 5.499999999999713118 ) ) ;
#3422 = CARTESIAN_POINT ( 'NONE',  ( 309.8097268323998037, 1132.739265236965366, 5.999999999999712230 ) ) ;
#3423 = ORIENTED_EDGE ( 'NONE', *, *, #9150, .T. ) ;
#3424 = FACE_OUTER_BOUND ( 'NONE', #822, .T. ) ;
#3425 = CARTESIAN_POINT ( 'NONE',  ( 294.8423041959673583, 1116.982560454410759, 10.74999999999971223 ) ) ;
#3426 = ORIENTED_EDGE ( 'NONE', *, *, #5849, .T. ) ;
#3427 = CARTESIAN_POINT ( 'NONE',  ( 320.1389631391064654, 1077.067475475015954, -5.685438940281764886 ) ) ;
#3428 = DIRECTION ( 'NONE',  ( 0.3502424885566311485, 0.9366590624179419455, 0.000000000000000000 ) ) ;
#3429 = EDGE_CURVE ( 'NONE', #3934, #6164, #2621, .T. ) ;
#3430 = VERTEX_POINT ( 'NONE', #6846 ) ;
#3431 = FACE_OUTER_BOUND ( 'NONE', #5023, .T. ) ;
#3432 = ADVANCED_FACE ( 'NONE', ( #3964 ), #3237, .F. ) ;
#3433 = FACE_BOUND ( 'NONE', #8581, .T. ) ;
#3434 = CARTESIAN_POINT ( 'NONE',  ( 304.5877450729032034, 1075.172873751232828, 5.499999999999711342 ) ) ;
#3435 = ORIENTED_EDGE ( 'NONE', *, *, #8037, .T. ) ;
#3436 = DIRECTION ( 'NONE',  ( 1.000000000000000000, 0.000000000000000000, 0.000000000000000000 ) ) ;
#3437 = EDGE_CURVE ( 'NONE', #7071, #8435, #954, .T. ) ;
#3438 = DIRECTION ( 'NONE',  ( 1.000000000000000000, 0.000000000000000000, 0.000000000000000000 ) ) ;
#3439 = DIRECTION ( 'NONE',  ( -0.000000000000000000, -0.000000000000000000, 1.000000000000000000 ) ) ;
#3440 = DIRECTION ( 'NONE',  ( 1.000000000000000000, 0.000000000000000000, 0.000000000000000000 ) ) ;
#3441 = ORIENTED_EDGE ( 'NONE', *, *, #9019, .T. ) ;
#3442 = DIRECTION ( 'NONE',  ( 0.1736481776669271393, 0.9848077530122086864, -0.000000000000000000 ) ) ;
#3443 = CARTESIAN_POINT ( 'NONE',  ( 300.0615349588561003, 1074.870691238853169, -5.500000000000287770 ) ) ;
#3444 = EDGE_CURVE ( 'NONE', #1653, #3430, #6210, .T. ) ;
#3445 = DIRECTION ( 'NONE',  ( -0.000000000000000000, -0.000000000000000000, 1.000000000000000000 ) ) ;
#3446 = EDGE_LOOP ( 'NONE', ( #363, #8277, #826, #6140, #423, #5710, #2271, #8877, #7354, #2468, #3071, #7424 ) ) ;
#3447 = EDGE_LOOP ( 'NONE', ( #6882, #5278, #7799, #5732, #3183 ) ) ;
#3448 = CARTESIAN_POINT ( 'NONE',  ( 285.7902456763747523, 1048.369474092697374, -6.000000000000282441 ) ) ;
#3449 = EDGE_CURVE ( 'NONE', #8119, #6580, #7865, .T. ) ;
#3450 = ORIENTED_EDGE ( 'NONE', *, *, #947, .F. ) ;
#3451 = EDGE_LOOP ( 'NONE', ( #4084, #6230 ) ) ;
#3452 = CARTESIAN_POINT ( 'NONE',  ( 299.8143838466119178, 1074.436046179389450, -5.500000000000287770 ) ) ;
#3453 = CARTESIAN_POINT ( 'NONE',  ( 290.8746815250780173, 998.6283494599614414, -5.957786956466096129 ) ) ;
#3454 = DIRECTION ( 'NONE',  ( 0.000000000000000000, 1.000000000000000000, 0.000000000000000000 ) ) ;
#3455 = LINE ( 'NONE', #7123, #8871 ) ;
#3456 = ORIENTED_EDGE ( 'NONE', *, *, #1533, .T. ) ;
#3457 = CARTESIAN_POINT ( 'NONE',  ( 293.3979569278981216, 1048.949991886945554, 5.999999999999712230 ) ) ;
#3458 = ORIENTED_EDGE ( 'NONE', *, *, #206, .T. ) ;
#3459 = DIRECTION ( 'NONE',  ( -0.1736481776669271671, -0.9848077530122086864, 0.000000000000000000 ) ) ;
#3460 = DIRECTION ( 'NONE',  ( 0.000000000000000000, 0.000000000000000000, 1.000000000000000000 ) ) ;
#3461 = CARTESIAN_POINT ( 'NONE',  ( 291.2259858034474860, 1000.984956806393598, 5.499999999999713118 ) ) ;
#3462 = ORIENTED_EDGE ( 'NONE', *, *, #3397, .T. ) ;
#3463 = AXIS2_PLACEMENT_3D ( 'NONE', #132, #415, #8248 ) ;
#3464 = CARTESIAN_POINT ( 'NONE',  ( 330.1818223987274337, 1095.092143408788843, 8.999999999999706901 ) ) ;
#3465 = CARTESIAN_POINT ( 'NONE',  ( 285.6957229787033725, 1045.716630853008155, -5.500000000000289546 ) ) ;
#3466 = VERTEX_POINT ( 'NONE', #998 ) ;
#3467 = FACE_OUTER_BOUND ( 'NONE', #5854, .T. ) ;
#3468 = ADVANCED_FACE ( 'NONE', ( #7667 ), #8381, .F. ) ;
#3469 = AXIS2_PLACEMENT_3D ( 'NONE', #3881, #5213, #1549 ) ;
#3470 = EDGE_LOOP ( 'NONE', ( #9439, #4869, #5561, #1041, #3441, #7126, #1618, #1859 ) ) ;
#3471 = PLANE ( 'NONE',  #7244 ) ;
#3472 = EDGE_CURVE ( 'NONE', #9140, #7918, #7101, .T. ) ;
#3473 = CARTESIAN_POINT ( 'NONE',  ( 300.8423041959673583, 1116.982560454410759, -9.000000000000287770 ) ) ;
#3474 = EDGE_LOOP ( 'NONE', ( #6537, #4218, #2803, #8714, #1580, #2625 ) ) ;
#3475 = VECTOR ( 'NONE', #1039, 1000.000000000000114 ) ;
#3476 = FACE_OUTER_BOUND ( 'NONE', #5802, .T. ) ;
#3477 = CARTESIAN_POINT ( 'NONE',  ( 308.7863256618658170, 1072.785445573195602, 5.999999999999712230 ) ) ;
#3478 = ORIENTED_EDGE ( 'NONE', *, *, #5394, .T. ) ;
#3479 = CARTESIAN_POINT ( 'NONE',  ( 275.2112994139250759, 957.4437044664329051, -13.25000000000028955 ) ) ;
#3480 = DIRECTION ( 'NONE',  ( -0.09337979908932005080, 0.9956305605605114684, -1.734723475977193045E-15 ) ) ;
#3481 = CARTESIAN_POINT ( 'NONE',  ( -145.0235740941422762, 961.4305211312500887, 61.58012167084567778 ) ) ;
#3482 = AXIS2_PLACEMENT_3D ( 'NONE', #7436, #6565, #4492 ) ;
#3483 = EDGE_CURVE ( 'NONE', #5582, #316, #2504, .T. ) ;
#3484 = DIRECTION ( 'NONE',  ( 1.000000000000000000, 0.000000000000000000, 0.000000000000000000 ) ) ;
#3485 = ORIENTED_EDGE ( 'NONE', *, *, #2653, .F. ) ;
#3486 = LINE ( 'NONE', #6425, #428 ) ;
#3487 = AXIS2_PLACEMENT_3D ( 'NONE', #6067, #4818, #6267 ) ;
#3488 = DIRECTION ( 'NONE',  ( 0.9904535858622735001, 0.1378466330838880038, -0.000000000000000000 ) ) ;
#3489 = DIRECTION ( 'NONE',  ( 0.8815943511951235267, -0.4720078388552984006, -0.000000000000000000 ) ) ;
#3490 = VERTEX_POINT ( 'NONE', #3331 ) ;
#3491 = VECTOR ( 'NONE', #5580, 1000.000000000000114 ) ;
#3492 = ORIENTED_EDGE ( 'NONE', *, *, #4165, .T. ) ;
#3493 = CARTESIAN_POINT ( 'NONE',  ( 291.2724281967871320, 1079.293236646936521, -6.000000000000287770 ) ) ;
#3494 = AXIS2_PLACEMENT_3D ( 'NONE', #5530, #3279, #3174 ) ;
#3495 = ORIENTED_EDGE ( 'NONE', *, *, #4847, .F. ) ;
#3496 = ADVANCED_FACE ( 'NONE', ( #5444 ), #2403, .T. ) ;
#3497 = ORIENTED_EDGE ( 'NONE', *, *, #5649, .T. ) ;
#3498 = DIRECTION ( 'NONE',  ( 0.000000000000000000, 0.000000000000000000, 1.000000000000000000 ) ) ;
#3499 = CIRCLE ( 'NONE', #9022, 0.5000000000000004441 ) ;
#3500 = VECTOR ( 'NONE', #4686, 1000.000000000000000 ) ;
#3501 = CYLINDRICAL_SURFACE ( 'NONE', #4418, 3.000000000000002665 ) ;
#3502 = CARTESIAN_POINT ( 'NONE',  ( 277.7941559147387238, 1002.362586326390556, -6.000000000000204281 ) ) ;
#3503 = AXIS2_PLACEMENT_3D ( 'NONE', #8793, #2807, #5852 ) ;
#3504 = ORIENTED_EDGE ( 'NONE', *, *, #4996, .T. ) ;
#3505 = VERTEX_POINT ( 'NONE', #1872 ) ;
#3506 = CARTESIAN_POINT ( 'NONE',  ( 324.1344060579146458, 1142.497875086981594, 5.999999999999717559 ) ) ;
#3507 = DIRECTION ( 'NONE',  ( -0.8692901189279650387, 0.4943022244884240357, 0.000000000000000000 ) ) ;
#3508 = VECTOR ( 'NONE', #4261, 1000.000000000000000 ) ;
#3509 = LINE ( 'NONE', #7932, #447 ) ;
#3510 = EDGE_CURVE ( 'NONE', #607, #4495, #916, .T. ) ;
#3511 = EDGE_LOOP ( 'NONE', ( #9295, #6458 ) ) ;
#3512 = CARTESIAN_POINT ( 'NONE',  ( 307.2170561058643443, 1043.902062441610951, -6.000000000000289546 ) ) ;
#3513 = VECTOR ( 'NONE', #366, 1000.000000000000000 ) ;
#3514 = CARTESIAN_POINT ( 'NONE',  ( 290.1504663149462999, 1072.944300520139222, -6.000000000000287770 ) ) ;
#3515 = ORIENTED_EDGE ( 'NONE', *, *, #9062, .T. ) ;
#3516 = LINE ( 'NONE', #7800, #9370 ) ;
#3517 = VERTEX_POINT ( 'NONE', #5350 ) ;
#3518 = PLANE ( 'NONE',  #1845 ) ;
#3519 = DIRECTION ( 'NONE',  ( 0.000000000000000000, 0.000000000000000000, -1.000000000000000000 ) ) ;
#3520 = ORIENTED_EDGE ( 'NONE', *, *, #9204, .T. ) ;
#3521 = EDGE_CURVE ( 'NONE', #1733, #3356, #4936, .T. ) ;
#3522 = CARTESIAN_POINT ( 'NONE',  ( 297.9109979982562777, 1046.360102390067141, -5.500000000000287770 ) ) ;
#3523 = CARTESIAN_POINT ( 'NONE',  ( 327.5413952400728590, 1138.830542578913537, -6.000000000000287770 ) ) ;
#3524 = ORIENTED_EDGE ( 'NONE', *, *, #7901, .T. ) ;
#3525 = DIRECTION ( 'NONE',  ( 0.000000000000000000, 1.000000000000000000, 0.000000000000000000 ) ) ;
#3526 = VECTOR ( 'NONE', #4789, 999.9999999999998863 ) ;
#3527 = VECTOR ( 'NONE', #4012, 1000.000000000000000 ) ;
#3528 = CYLINDRICAL_SURFACE ( 'NONE', #8591, 0.4999999999999431566 ) ;
#3529 = FACE_OUTER_BOUND ( 'NONE', #4137, .T. ) ;
#3530 = AXIS2_PLACEMENT_3D ( 'NONE', #6120, #1585, #125 ) ;
#3531 = VECTOR ( 'NONE', #9327, 1000.000000000000000 ) ;
#3532 = EDGE_CURVE ( 'NONE', #5047, #6004, #4317, .T. ) ;
#3533 = CALENDAR_DATE ( 2026, 5, 8 ) ;
#3534 = LINE ( 'NONE', #6613, #453 ) ;
#3535 = EDGE_CURVE ( 'NONE', #9440, #6504, #4058, .T. ) ;
#3536 = FACE_OUTER_BOUND ( 'NONE', #1309, .T. ) ;
#3537 = CARTESIAN_POINT ( 'NONE',  ( 285.7848342726005626, 1048.235960104319247, -6.000000000000287770 ) ) ;
#3538 = DIRECTION ( 'NONE',  ( 0.000000000000000000, 0.000000000000000000, 1.000000000000000000 ) ) ;
#3539 = EDGE_CURVE ( 'NONE', #6004, #5240, #3181, .T. ) ;
#3540 = VERTEX_POINT ( 'NONE', #364 ) ;
#3541 = AXIS2_PLACEMENT_3D ( 'NONE', #1009, #5552, #4028 ) ;
#3542 = VECTOR ( 'NONE', #5322, 999.9999999999998863 ) ;
#3543 = VERTEX_POINT ( 'NONE', #6996 ) ;
#3544 = CARTESIAN_POINT ( 'NONE',  ( 273.5203282131633387, 1037.932498910933646, -6.000000000000287770 ) ) ;
#3545 = ADVANCED_FACE ( 'NONE', ( #3871 ), #9200, .F. ) ;
#3546 = ORIENTED_EDGE ( 'NONE', *, *, #6473, .T. ) ;
#3547 = ORIENTED_EDGE ( 'NONE', *, *, #8189, .F. ) ;
#3548 = AXIS2_PLACEMENT_3D ( 'NONE', #1628, #5108, #8045 ) ;
#3549 = LINE ( 'NONE', #2849, #9053 ) ;
#3550 = AXIS2_PLACEMENT_3D ( 'NONE', #3338, #6176, #1692 ) ;
#3551 = ADVANCED_FACE ( 'NONE', ( #6801 ), #6064, .F. ) ;
#3552 = CARTESIAN_POINT ( 'NONE',  ( 275.1653034219292522, 956.5260851264006305, -6.000000000000287770 ) ) ;
#3553 = CARTESIAN_POINT ( 'NONE',  ( 277.7537815706721176, 1002.652683465238965, -6.000000000000287770 ) ) ;
#3554 = ADVANCED_FACE ( 'NONE', ( #1288 ), #3518, .T. ) ;
#3555 = ORIENTED_EDGE ( 'NONE', *, *, #3125, .F. ) ;
#3556 = ADVANCED_FACE ( 'NONE', ( #4238 ), #7900, .F. ) ;
#3557 = ORIENTED_EDGE ( 'NONE', *, *, #2928, .F. ) ;
#3558 = DIRECTION ( 'NONE',  ( 0.9904535858622736111, 0.1378466330838880594, 3.911035151207700851E-13 ) ) ;
#3559 = AXIS2_PLACEMENT_3D ( 'NONE', #8082, #696, #7369 ) ;
#3560 = LINE ( 'NONE', #1901, #7014 ) ;
#3561 = DIRECTION ( 'NONE',  ( -1.000000000000000000, 0.000000000000000000, 0.000000000000000000 ) ) ;
#3562 = VERTEX_POINT ( 'NONE', #9394 ) ;
#3563 = CARTESIAN_POINT ( 'NONE',  ( 316.4702535872659155, 1068.416153223458423, -6.000000000000289546 ) ) ;
#3564 = LINE ( 'NONE', #6450, #226 ) ;
#3565 = ORIENTED_EDGE ( 'NONE', *, *, #6932, .F. ) ;
#3566 = CARTESIAN_POINT ( 'NONE',  ( 279.5501109898323193, 982.5281748859821391, -13.25000000000028955 ) ) ;
#3567 = ORIENTED_EDGE ( 'NONE', *, *, #8117, .T. ) ;
#3568 = CARTESIAN_POINT ( 'NONE',  ( 275.2112994139250759, 957.4437044664329051, 13.24999999999971401 ) ) ;
#3569 = DIRECTION ( 'NONE',  ( 0.000000000000000000, 1.000000000000000000, 0.000000000000000000 ) ) ;
#3570 = EDGE_CURVE ( 'NONE', #7834, #4565, #2789, .T. ) ;
#3571 = ORIENTED_EDGE ( 'NONE', *, *, #8959, .F. ) ;
#3572 = CARTESIAN_POINT ( 'NONE',  ( 332.8831688560472344, 1109.943475548838023, 5.999999999999712230 ) ) ;
#3573 = FACE_OUTER_BOUND ( 'NONE', #12, .T. ) ;
#3574 = ORIENTED_EDGE ( 'NONE', *, *, #2222, .F. ) ;
#3575 = ORIENTED_EDGE ( 'NONE', *, *, #3662, .F. ) ;
#3576 = DIRECTION ( 'NONE',  ( 1.000000000000000000, 0.000000000000000000, 0.000000000000000000 ) ) ;
#3577 = CARTESIAN_POINT ( 'NONE',  ( 277.4099267459366729, 1000.080731315011121, -5.724788510345157455 ) ) ;
#3578 = PLANE ( 'NONE',  #7393 ) ;
#3579 = APPROVAL_STATUS ( 'not_yet_approved' ) ;
#3580 = EDGE_LOOP ( 'NONE', ( #2971, #5174, #4453 ) ) ;
#3581 = DIRECTION ( 'NONE',  ( 0.000000000000000000, 0.000000000000000000, -1.000000000000000000 ) ) ;
#3582 = DIRECTION ( 'NONE',  ( 0.9155739129316736724, -0.4021497357440186327, 0.000000000000000000 ) ) ;
#3583 = DIRECTION ( 'NONE',  ( 0.9848077530122086864, -0.1736481776669271393, 0.000000000000000000 ) ) ;
#3584 = EDGE_CURVE ( 'NONE', #7916, #7079, #6316, .T. ) ;
#3585 = VERTEX_POINT ( 'NONE', #6312 ) ;
#3586 = EDGE_CURVE ( 'NONE', #834, #4415, #7230, .T. ) ;
#3587 = ORIENTED_EDGE ( 'NONE', *, *, #7808, .T. ) ;
#3588 = LINE ( 'NONE', #5076, #2220 ) ;
#3589 =( BOUNDED_CURVE ( )  B_SPLINE_CURVE ( 3, ( #2122, #5834, #5018, #8779 ),
 .UNSPECIFIED., .F., .T. ) 
 B_SPLINE_CURVE_WITH_KNOTS ( ( 4, 4 ),
 ( 3.197626279788686521, 3.555456257589324487 ),
 .UNSPECIFIED. ) 
 CURVE ( )  GEOMETRIC_REPRESENTATION_ITEM ( )  RATIONAL_B_SPLINE_CURVE ( ( 1.000000000000000000, 0.9893582418065725026, 0.9893582418065725026, 1.000000000000000000 ) ) 
 REPRESENTATION_ITEM ( '' )  );
#3590 = EDGE_CURVE ( 'NONE', #6926, #1857, #7805, .T. ) ;
#3591 = EDGE_LOOP ( 'NONE', ( #3723, #4, #4747, #1991 ) ) ;
#3592 = VERTEX_POINT ( 'NONE', #3568 ) ;
#3593 = DIRECTION ( 'NONE',  ( 0.9155739129316806668, -0.4021497357440028120, 0.000000000000000000 ) ) ;
#3594 = DIRECTION ( 'NONE',  ( -0.9155739129317344016, 0.4021497357438803544, 1.016491238882962555E-13 ) ) ;
#3595 = CARTESIAN_POINT ( 'NONE',  ( 280.3802583216506719, 1003.018224043983537, -5.500000000000287770 ) ) ;
#3596 = ORIENTED_EDGE ( 'NONE', *, *, #2242, .T. ) ;
#3597 = ORIENTED_EDGE ( 'NONE', *, *, #790, .F. ) ;
#3598 = PLANE ( 'NONE',  #8306 ) ;
#3599 = DIRECTION ( 'NONE',  ( 0.000000000000000000, 0.000000000000000000, -1.000000000000000000 ) ) ;
#3600 = CC_DESIGN_PERSON_AND_ORGANIZATION_ASSIGNMENT ( #4390, #9445, ( #3171 ) ) ;
#3601 = ORIENTED_EDGE ( 'NONE', *, *, #5120, .F. ) ;
#3602 = DIRECTION ( 'NONE',  ( -0.000000000000000000, -0.000000000000000000, -1.000000000000000000 ) ) ;
#3603 =( BOUNDED_CURVE ( )  B_SPLINE_CURVE ( 3, ( #1704, #970, #6183, #1019 ),
 .UNSPECIFIED., .F., .F. ) 
 B_SPLINE_CURVE_WITH_KNOTS ( ( 4, 4 ),
 ( -2.220446049250313081E-14, 1.570796326794887898 ),
 .UNSPECIFIED. ) 
 CURVE ( )  GEOMETRIC_REPRESENTATION_ITEM ( )  RATIONAL_B_SPLINE_CURVE ( ( 1.000000000000000000, 0.8047378541243618288, 0.8047378541243618288, 1.000000000000000000 ) ) 
 REPRESENTATION_ITEM ( '' )  );
#3604 = CYLINDRICAL_SURFACE ( 'NONE', #4872, 0.5000000000000004441 ) ;
#3605 = CARTESIAN_POINT ( 'NONE',  ( 281.9320979741949600, 1026.338790178242789, 5.999999999999712230 ) ) ;
#3606 = ORIENTED_EDGE ( 'NONE', *, *, #2699, .T. ) ;
#3607 = DIRECTION ( 'NONE',  ( -0.9882948916111393700, -0.1525555872963245130, -0.000000000000000000 ) ) ;
#3608 = ORIENTED_EDGE ( 'NONE', *, *, #3122, .T. ) ;
#3609 = CARTESIAN_POINT ( 'NONE',  ( 330.3433351485258527, 1146.323815078256985, -9.000000000000287770 ) ) ;
#3610 = CARTESIAN_POINT ( 'NONE',  ( 283.0141617134383409, 1032.392584976439366, 5.851497882402683537 ) ) ;
#3611 = EDGE_CURVE ( 'NONE', #8765, #5873, #1141, .T. ) ;
#3612 = ORIENTED_EDGE ( 'NONE', *, *, #9425, .T. ) ;
#3613 = EDGE_CURVE ( 'NONE', #6164, #607, #9253, .T. ) ;
#3614 = FACE_OUTER_BOUND ( 'NONE', #6519, .T. ) ;
#3615 = DIRECTION ( 'NONE',  ( 0.9956305605605111353, 0.09337979908932293738, -0.000000000000000000 ) ) ;
#3616 = EDGE_LOOP ( 'NONE', ( #8791, #6501, #9048 ) ) ;
#3617 = VECTOR ( 'NONE', #9298, 1000.000000000000000 ) ;
#3618 = ORIENTED_EDGE ( 'NONE', *, *, #5990, .T. ) ;
#3619 = LINE ( 'NONE', #9544, #3998 ) ;
#3620 = DIRECTION ( 'NONE',  ( -0.1525555872957280734, 0.9882948916112312965, 0.000000000000000000 ) ) ;
#3621 = CARTESIAN_POINT ( 'NONE',  ( 300.5835429644246801, 1026.623919728608371, 61.58012167084567778 ) ) ;
#3622 = AXIS2_PLACEMENT_3D ( 'NONE', #891, #2927, #2873 ) ;
#3623 =( NAMED_UNIT ( * ) SI_UNIT ( $, .STERADIAN. ) SOLID_ANGLE_UNIT ( ) );
#3624 = ADVANCED_FACE ( 'NONE', ( #6499 ), #3471, .T. ) ;
#3625 = DIRECTION ( 'NONE',  ( 0.000000000000000000, 0.000000000000000000, 1.000000000000000000 ) ) ;
#3626 = CARTESIAN_POINT ( 'NONE',  ( 287.5409729489880419, 1027.590039015682123, 5.999999999999714007 ) ) ;
#3627 = CARTESIAN_POINT ( 'NONE',  ( 331.1950601088341273, 1158.572179699236813, 2.185281374238132734 ) ) ;
#3628 = DIRECTION ( 'NONE',  ( -1.000000000000000000, 0.000000000000000000, 0.000000000000000000 ) ) ;
#3629 = CARTESIAN_POINT ( 'NONE',  ( 292.9500352164350829, 1004.767625982948061, -6.000000000000287770 ) ) ;
#3630 = CARTESIAN_POINT ( 'NONE',  ( 300.8731598676144472, 1026.667605962293919, -5.792893218813639500 ) ) ;
#3631 = VECTOR ( 'NONE', #8824, 1000.000000000000114 ) ;
#3632 = CARTESIAN_POINT ( 'NONE',  ( 290.8430110562870254, 998.4532282156831116, -5.999215263540426335 ) ) ;
#3633 = EDGE_LOOP ( 'NONE', ( #472, #2430, #7610, #5387, #3096, #6891 ) ) ;
#3634 = LINE ( 'NONE', #1359, #4840 ) ;
#3635 = VERTEX_POINT ( 'NONE', #8711 ) ;
#3636 = ORIENTED_EDGE ( 'NONE', *, *, #2279, .F. ) ;
#3637 = AXIS2_PLACEMENT_3D ( 'NONE', #1481, #7323, #3807 ) ;
#3638 = EDGE_CURVE ( 'NONE', #3787, #4011, #6780, .T. ) ;
#3639 = DIRECTION ( 'NONE',  ( 1.000000000000000000, 0.000000000000000000, 0.000000000000000000 ) ) ;
#3640 = LINE ( 'NONE', #4319, #6104 ) ;
#3641 = AXIS2_PLACEMENT_3D ( 'NONE', #8243, #1092, #4053 ) ;
#3642 = LINE ( 'NONE', #636, #6888 ) ;
#3643 =( BOUNDED_CURVE ( )  B_SPLINE_CURVE ( 3, ( #4055, #8999, #6993, #161 ),
 .UNSPECIFIED., .F., .T. ) 
 B_SPLINE_CURVE_WITH_KNOTS ( ( 4, 4 ),
 ( 0.1592019746911027545, 0.5170319524915505394 ),
 .UNSPECIFIED. ) 
 CURVE ( )  GEOMETRIC_REPRESENTATION_ITEM ( )  RATIONAL_B_SPLINE_CURVE ( ( 1.000000000000000000, 0.9893582418065838269, 0.9893582418065838269, 1.000000000000000000 ) ) 
 REPRESENTATION_ITEM ( '' )  );
#3644 = ORIENTED_EDGE ( 'NONE', *, *, #6219, .T. ) ;
#3645 = EDGE_CURVE ( 'NONE', #5608, #6263, #2472, .T. ) ;
#3646 = VECTOR ( 'NONE', #4149, 1000.000000000000000 ) ;
#3647 = ORIENTED_EDGE ( 'NONE', *, *, #2222, .T. ) ;
#3648 = CARTESIAN_POINT ( 'NONE',  ( 295.3965749552162947, 1100.977576535556636, 61.58012167084567778 ) ) ;
#3649 = CARTESIAN_POINT ( 'NONE',  ( 290.8430110562870254, 998.4532282156831116, 5.999215263539849907 ) ) ;
#3650 = CARTESIAN_POINT ( 'NONE',  ( 330.3433351485258527, 1146.323815078256985, 8.999999999999712230 ) ) ;
#3651 = ORIENTED_EDGE ( 'NONE', *, *, #9552, .F. ) ;
#3652 = CARTESIAN_POINT ( 'NONE',  ( 277.7566044870970927, 1002.808430870614416, -6.000000000000287770 ) ) ;
#3653 = VECTOR ( 'NONE', #8364, 999.9999999999998863 ) ;
#3654 = CARTESIAN_POINT ( 'NONE',  ( 285.6957229787033725, 1045.716630853008155, 5.499999999999713118 ) ) ;
#3655 = EDGE_CURVE ( 'NONE', #1183, #1451, #9433, .T. ) ;
#3656 = CARTESIAN_POINT ( 'NONE',  ( 277.9752806091830166, 955.4753576607306513, 8.999999999999712230 ) ) ;
#3657 = VERTEX_POINT ( 'NONE', #5727 ) ;
#3658 = DIRECTION ( 'NONE',  ( 0.1525555872963244852, -0.9882948916111392590, 0.000000000000000000 ) ) ;
#3659 = VECTOR ( 'NONE', #7774, 1000.000000000000227 ) ;
#3660 = ORIENTED_EDGE ( 'NONE', *, *, #2943, .F. ) ;
#3661 = CARTESIAN_POINT ( 'NONE',  ( 525.7653314405216634, 916.1782913985271080, -5.500000000000289546 ) ) ;
#3662 = EDGE_CURVE ( 'NONE', #7717, #647, #3225, .T. ) ;
#3663 = VECTOR ( 'NONE', #8927, 999.9999999999998863 ) ;
#3664 = CARTESIAN_POINT ( 'NONE',  ( 295.4874931476854272, 1100.485912135505032, -6.000000000000289546 ) ) ;
#3665 =( BOUNDED_CURVE ( )  B_SPLINE_CURVE ( 3, ( #1446, #6618, #768, #127 ),
 .UNSPECIFIED., .F., .T. ) 
 B_SPLINE_CURVE_WITH_KNOTS ( ( 4, 4 ),
 ( 1.302747358560397917, 1.570796326794896558 ),
 .UNSPECIFIED. ) 
 CURVE ( )  GEOMETRIC_REPRESENTATION_ITEM ( )  RATIONAL_B_SPLINE_CURVE ( ( 1.000000000000000000, 0.9940214364556554383, 0.9940214364556554383, 1.000000000000000000 ) ) 
 REPRESENTATION_ITEM ( '' )  );
#3666 = ORIENTED_EDGE ( 'NONE', *, *, #7245, .T. ) ;
#3667 = EDGE_CURVE ( 'NONE', #310, #1051, #8923, .T. ) ;
#3668 = AXIS2_PLACEMENT_3D ( 'NONE', #4067, #4111, #7817 ) ;
#3669 = FACE_OUTER_BOUND ( 'NONE', #5542, .T. ) ;
#3670 = VERTEX_POINT ( 'NONE', #8668 ) ;
#3671 = EDGE_CURVE ( 'NONE', #9017, #5443, #456, .T. ) ;
#3672 = ORIENTED_EDGE ( 'NONE', *, *, #5453, .F. ) ;
#3673 = DIRECTION ( 'NONE',  ( -0.09337979908932005080, 0.9956305605605114684, -2.081668171172631732E-14 ) ) ;
#3674 = DIRECTION ( 'NONE',  ( 0.9882948916112388460, 0.1525555872956790016, -0.000000000000000000 ) ) ;
#3675 = CARTESIAN_POINT ( 'NONE',  ( 286.7554515257107255, 1053.099607787600462, -6.000000000000330402 ) ) ;
#3676 = VECTOR ( 'NONE', #4554, 1000.000000000000227 ) ;
#3677 = EDGE_CURVE ( 'NONE', #5490, #6086, #4196, .T. ) ;
#3678 = AXIS2_PLACEMENT_3D ( 'NONE', #6951, #8480, #1870 ) ;
#3679 = DIRECTION ( 'NONE',  ( -0.8673302893362525579, 0.4977330300471251578, 0.000000000000000000 ) ) ;
#3680 = CARTESIAN_POINT ( 'NONE',  ( 347.0085846824679834, 1140.092221637931743, 8.299999999999714717 ) ) ;
#3681 = VECTOR ( 'NONE', #7783, 1000.000000000000000 ) ;
#3682 = CARTESIAN_POINT ( 'NONE',  ( 285.2906494855117217, 1045.536123298305256, 5.920159308286621958 ) ) ;
#3683 = CARTESIAN_POINT ( 'NONE',  ( 277.9583438612434065, 1003.952551715511504, 5.999999999999714007 ) ) ;
#3684 = LINE ( 'NONE', #2321, #6081 ) ;
#3685 = CARTESIAN_POINT ( 'NONE',  ( 301.1525270095755786, 1026.204089814996223, -6.000000000000287770 ) ) ;
#3686 = DIRECTION ( 'NONE',  ( -0.3502424885566279289, -0.9366590624179432778, 0.000000000000000000 ) ) ;
#3687 = EDGE_CURVE ( 'NONE', #8736, #6198, #2956, .T. ) ;
#3688 = EDGE_CURVE ( 'NONE', #8193, #8174, #5683, .T. ) ;
#3689 = ORIENTED_EDGE ( 'NONE', *, *, #5445, .F. ) ;
#3690 = DIRECTION ( 'NONE',  ( -0.000000000000000000, -0.000000000000000000, 1.000000000000000000 ) ) ;
#3691 = AXIS2_PLACEMENT_3D ( 'NONE', #3091, #8154, #5304 ) ;
#3692 = ADVANCED_FACE ( 'NONE', ( #9478 ), #3802, .T. ) ;
#3693 = EDGE_LOOP ( 'NONE', ( #5998, #8904, #4054, #302 ) ) ;
#3694 = ORIENTED_EDGE ( 'NONE', *, *, #2675, .F. ) ;
#3695 = CARTESIAN_POINT ( 'NONE',  ( -154.5573143732646031, 1001.262601809381295, -5.500000000000289546 ) ) ;
#3696 = LINE ( 'NONE', #2904, #1487 ) ;
#3697 = AXIS2_PLACEMENT_3D ( 'NONE', #309, #7457, #2533 ) ;
#3698 = AXIS2_PLACEMENT_3D ( 'NONE', #2347, #6885, #155 ) ;
#3699 = DIRECTION ( 'NONE',  ( -0.3502424885566279289, -0.9366590624179432778, 0.000000000000000000 ) ) ;
#3700 = ORIENTED_EDGE ( 'NONE', *, *, #9293, .F. ) ;
#3701 = VERTEX_POINT ( 'NONE', #1475 ) ;
#3702 = DIRECTION ( 'NONE',  ( -0.09337979908932295126, 0.9956305605605112463, 0.000000000000000000 ) ) ;
#3703 = LINE ( 'NONE', #6528, #1154 ) ;
#3704 = DIRECTION ( 'NONE',  ( 0.7778181919644202580, 0.6284893477611217527, 0.000000000000000000 ) ) ;
#3705 = AXIS2_PLACEMENT_3D ( 'NONE', #1537, #7430, #6750 ) ;
#3706 = AXIS2_PLACEMENT_3D ( 'NONE', #7086, #1958, #3370 ) ;
#3707 = ORIENTED_EDGE ( 'NONE', *, *, #4527, .F. ) ;
#3708 = CARTESIAN_POINT ( 'NONE',  ( 285.5479794202183825, 1001.213346893390394, 61.58012167084567778 ) ) ;
#3709 = CARTESIAN_POINT ( 'NONE',  ( 341.3966675867607137, 1133.649676604258275, 5.999999999999712230 ) ) ;
#3710 = CIRCLE ( 'NONE', #7703, 0.5000000000000004441 ) ;
#3711 = LINE ( 'NONE', #5904, #77 ) ;
#3712 = ORIENTED_EDGE ( 'NONE', *, *, #8967, .T. ) ;
#3713 = DIRECTION ( 'NONE',  ( 0.000000000000000000, 0.000000000000000000, 1.000000000000000000 ) ) ;
#3714 = VECTOR ( 'NONE', #1430, 1000.000000000000000 ) ;
#3715 = EDGE_LOOP ( 'NONE', ( #4822, #997 ) ) ;
#3716 = LINE ( 'NONE', #6647, #8929 ) ;
#3717 = EDGE_CURVE ( 'NONE', #886, #3900, #1384, .T. ) ;
#3718 = CARTESIAN_POINT ( 'NONE',  ( 277.1999982274901981, 999.6517599098203846, 5.991845228109398569 ) ) ;
#3719 = EDGE_CURVE ( 'NONE', #134, #3562, #5051, .T. ) ;
#3720 = VERTEX_POINT ( 'NONE', #3609 ) ;
#3721 = ADVANCED_FACE ( 'NONE', ( #5815 ), #792, .T. ) ;
#3722 = CARTESIAN_POINT ( 'NONE',  ( 277.1810064270668477, 999.5440520573575895, 5.999999999999712230 ) ) ;
#3723 = ORIENTED_EDGE ( 'NONE', *, *, #8234, .T. ) ;
#3724 = ORIENTED_EDGE ( 'NONE', *, *, #3759, .F. ) ;
#3725 = LINE ( 'NONE', #4569, #9216 ) ;
#3726 = CARTESIAN_POINT ( 'NONE',  ( 277.2481228872860584, 999.9246884179960944, -5.906557710322182686 ) ) ;
#3727 = CARTESIAN_POINT ( 'NONE',  ( 302.4261268691090550, 1029.430139217622354, 5.999999999999712230 ) ) ;
#3728 = EDGE_CURVE ( 'NONE', #5238, #6634, #8035, .T. ) ;
#3729 = PERSON_AND_ORGANIZATION ( #6964, #9189 ) ;
#3730 = CARTESIAN_POINT ( 'NONE',  ( 302.4261268691091118, 1029.430139217622582, -6.000000000000287770 ) ) ;
#3731 = DIRECTION ( 'NONE',  ( -6.056086668153944758E-15, 2.660029538676615662E-15, 1.000000000000000000 ) ) ;
#3732 = FACE_OUTER_BOUND ( 'NONE', #615, .T. ) ;
#3733 = CARTESIAN_POINT ( 'NONE',  ( 316.4777116560372860, 1067.836730394397136, 5.792893218813171430 ) ) ;
#3734 = DIRECTION ( 'NONE',  ( 0.000000000000000000, 0.000000000000000000, 1.000000000000000000 ) ) ;
#3735 = FACE_BOUND ( 'NONE', #534, .T. ) ;
#3736 = VERTEX_POINT ( 'NONE', #4424 ) ;
#3737 = CARTESIAN_POINT ( 'NONE',  ( 327.5413952400728590, 1138.830542578913537, 8.999999999999712230 ) ) ;
#3738 = ORIENTED_EDGE ( 'NONE', *, *, #5049, .F. ) ;
#3739 = ORIENTED_EDGE ( 'NONE', *, *, #4165, .F. ) ;
#3740 = ADVANCED_FACE ( 'NONE', ( #4376 ), #2248, .F. ) ;
#3741 = CARTESIAN_POINT ( 'NONE',  ( 303.0916329489322720, 1046.845992106606673, 61.58012167084567778 ) ) ;
#3742 = DIRECTION ( 'NONE',  ( 0.6993660522065797691, 0.7147636847385179237, 0.000000000000000000 ) ) ;
#3743 = DIRECTION ( 'NONE',  ( 0.000000000000000000, 0.000000000000000000, -1.000000000000000000 ) ) ;
#3744 = VERTEX_POINT ( 'NONE', #6688 ) ;
#3745 = EDGE_CURVE ( 'NONE', #7821, #5228, #8184, .T. ) ;
#3746 = ORIENTED_EDGE ( 'NONE', *, *, #4613, .T. ) ;
#3747 = CARTESIAN_POINT ( 'NONE',  ( 278.6274617318460400, 1007.064742444163244, 5.999999999999712230 ) ) ;
#3748 = FACE_OUTER_BOUND ( 'NONE', #5564, .T. ) ;
#3749 = ORIENTED_EDGE ( 'NONE', *, *, #8114, .F. ) ;
#3750 = ORIENTED_EDGE ( 'NONE', *, *, #3539, .T. ) ;
#3751 = DIRECTION ( 'NONE',  ( 0.9888139587632028826, 0.1491541315386306077, -0.000000000000000000 ) ) ;
#3752 = CARTESIAN_POINT ( 'NONE',  ( 289.6019877403369378, 1069.986937561119021, -5.973394735897446850 ) ) ;
#3753 = DIRECTION ( 'NONE',  ( 0.9882948916112388460, 0.1525555872956789183, -0.000000000000000000 ) ) ;
#3754 = ORIENTED_EDGE ( 'NONE', *, *, #1448, .F. ) ;
#3755 = DIRECTION ( 'NONE',  ( -0.000000000000000000, -0.000000000000000000, 1.000000000000000000 ) ) ;
#3756 = ORIENTED_EDGE ( 'NONE', *, *, #8076, .T. ) ;
#3757 = CARTESIAN_POINT ( 'NONE',  ( -131.5461489948469591, 945.1834409258285632, 5.499999999999713118 ) ) ;
#3758 = CARTESIAN_POINT ( 'NONE',  ( 315.9060685536227311, 1065.510227519351474, -5.964282792388877930 ) ) ;
#3759 = EDGE_CURVE ( 'NONE', #7115, #5948, #4207, .T. ) ;
#3760 = ORIENTED_EDGE ( 'NONE', *, *, #3395, .T. ) ;
#3761 = DIRECTION ( 'NONE',  ( -0.1525555872956789460, 0.9882948916112389570, 0.000000000000000000 ) ) ;
#3762 = EDGE_CURVE ( 'NONE', #6341, #7752, #6598, .T. ) ;
#3763 = VERTEX_POINT ( 'NONE', #1524 ) ;
#3764 = ORIENTED_EDGE ( 'NONE', *, *, #1130, .T. ) ;
#3765 = CARTESIAN_POINT ( 'NONE',  ( 298.5785918785733770, 1049.435881603485768, -5.500000000000287770 ) ) ;
#3766 = CARTESIAN_POINT ( 'NONE',  ( 287.0669386295580807, 1055.609959627320677, -5.896290329878013381 ) ) ;
#3767 = ORIENTED_EDGE ( 'NONE', *, *, #4500, .F. ) ;
#3768 = CARTESIAN_POINT ( 'NONE',  ( 302.5189506855798527, 1143.242674677152309, 5.999999999999712230 ) ) ;
#3769 = DIRECTION ( 'NONE',  ( 1.000000000000000000, 0.000000000000000000, 0.000000000000000000 ) ) ;
#3770 = VECTOR ( 'NONE', #6480, 999.9999999999998863 ) ;
#3771 = CARTESIAN_POINT ( 'NONE',  ( 300.8423041959673583, 1116.982560454410759, -10.75000000000028777 ) ) ;
#3772 = CARTESIAN_POINT ( 'NONE',  ( 299.2484255372075950, 1021.022386367511217, -5.940797175597814395 ) ) ;
#3773 = PLANE ( 'NONE',  #9334 ) ;
#3774 = CARTESIAN_POINT ( 'NONE',  ( 275.2112994139250759, 957.4437044664329051, -13.25000000000028955 ) ) ;
#3775 = DIRECTION ( 'NONE',  ( -0.1736481776669271671, -0.9848077530122086864, 0.000000000000000000 ) ) ;
#3776 = CARTESIAN_POINT ( 'NONE',  ( 291.9554243102296027, 1001.600285474086377, -6.000000000000287770 ) ) ;
#3777 = ORIENTED_EDGE ( 'NONE', *, *, #656, .T. ) ;
#3779 = LINE ( 'NONE', #8160, #362 ) ;
#3778 = AXIS2_PLACEMENT_3D ( 'NONE', #3951, #5523, #6887 ) ;
#3780 = ADVANCED_FACE ( 'NONE', ( #5961 ), #2199, .F. ) ;
#3781 = LINE ( 'NONE', #3927, #7655 ) ;
#3782 = ORIENTED_EDGE ( 'NONE', *, *, #202, .F. ) ;
#3783 = CARTESIAN_POINT ( 'NONE',  ( 290.1951488119572673, 1072.654835648198286, -6.000000000000292211 ) ) ;
#3784 = AXIS2_PLACEMENT_3D ( 'NONE', #4132, #5069, #4180 ) ;
#3785 = DIRECTION ( 'NONE',  ( 1.000000000000000000, 0.000000000000000000, 0.000000000000000000 ) ) ;
#3786 = CARTESIAN_POINT ( 'NONE',  ( 321.8232857621647440, 1144.425470996566219, -9.000000000000287770 ) ) ;
#3787 = VERTEX_POINT ( 'NONE', #2926 ) ;
#3788 = ORIENTED_EDGE ( 'NONE', *, *, #1229, .F. ) ;
#3789 = EDGE_CURVE ( 'NONE', #3517, #6820, #6011, .T. ) ;
#3790 = CYLINDRICAL_SURFACE ( 'NONE', #2545, 0.5000000000001001421 ) ;
#3791 = CIRCLE ( 'NONE', #6555, 6.000000000000005329 ) ;
#3792 = ORIENTED_EDGE ( 'NONE', *, *, #9493, .T. ) ;
#3793 = VERTEX_POINT ( 'NONE', #750 ) ;
#3794 = CARTESIAN_POINT ( 'NONE',  ( 291.4270606713193388, 1001.442743762859436, 61.58012167084567778 ) ) ;
#3795 = PLANE ( 'NONE',  #6275 ) ;
#3796 = CARTESIAN_POINT ( 'NONE',  ( 281.8023453273955852, 1023.790936640152268, -5.500000000000289546 ) ) ;
#3797 = CARTESIAN_POINT ( 'NONE',  ( 287.0433340410986034, 1052.596706112358788, 61.58012167084567778 ) ) ;
#3798 = VECTOR ( 'NONE', #6397, 1000.000000000000000 ) ;
#3799 = ORIENTED_EDGE ( 'NONE', *, *, #7771, .F. ) ;
#3800 = DIRECTION ( 'NONE',  ( 1.000000000000000000, 0.000000000000000000, 0.000000000000000000 ) ) ;
#3801 = ORIENTED_EDGE ( 'NONE', *, *, #2580, .F. ) ;
#3802 = PLANE ( 'NONE',  #1695 ) ;
#3803 = CARTESIAN_POINT ( 'NONE',  ( -131.2704557287299281, 943.2025337540721921, -5.500000000000289546 ) ) ;
#3804 = EDGE_CURVE ( 'NONE', #8212, #8971, #3716, .T. ) ;
#3805 = AXIS2_PLACEMENT_3D ( 'NONE', #1610, #1031, #2440 ) ;
#3806 = ORIENTED_EDGE ( 'NONE', *, *, #3364, .T. ) ;
#3807 = DIRECTION ( 'NONE',  ( 0.4021497357437873177, 0.9155739129317753688, 0.000000000000000000 ) ) ;
#3808 = ORIENTED_EDGE ( 'NONE', *, *, #8487, .T. ) ;
#3809 = AXIS2_PLACEMENT_3D ( 'NONE', #1125, #7078, #450 ) ;
#3810 = VECTOR ( 'NONE', #1841, 999.9999999999998863 ) ;
#3811 = ORIENTED_EDGE ( 'NONE', *, *, #4852, .T. ) ;
#3812 = CARTESIAN_POINT ( 'NONE',  ( 285.6957229787033725, 1045.716630853008155, -5.500000000000289546 ) ) ;
#3813 = CARTESIAN_POINT ( 'NONE',  ( 278.4869764753135541, 1006.906831917181648, -5.957786956466124551 ) ) ;
#3814 = AXIS2_PLACEMENT_3D ( 'NONE', #2516, #7443, #3053 ) ;
#3815 = EDGE_LOOP ( 'NONE', ( #7736, #6966, #6451, #2691, #8512 ) ) ;
#3816 = CYLINDRICAL_SURFACE ( 'NONE', #4169, 0.4999999999999883982 ) ;
#3817 = VECTOR ( 'NONE', #8868, 1000.000000000000114 ) ;
#3818 = CARTESIAN_POINT ( 'NONE',  ( 334.0332462475978446, 1119.667891162092246, 8.999999999999712230 ) ) ;
#3819 = DIRECTION ( 'NONE',  ( 0.8692901189279573781, -0.4943022244884375249, 0.000000000000000000 ) ) ;
#3820 = DIRECTION ( 'NONE',  ( 0.000000000000000000, 0.000000000000000000, 1.000000000000000000 ) ) ;
#3821 = CARTESIAN_POINT ( 'NONE',  ( 291.7601408809391614, 1082.182687899604389, 210.7946508136983255 ) ) ;
#3822 = FACE_BOUND ( 'NONE', #8449, .T. ) ;
#3823 = AXIS2_PLACEMENT_3D ( 'NONE', #5902, #3751, #1249 ) ;
#3824 = CIRCLE ( 'NONE', #9205, 6.000000000000005329 ) ;
#3825 = CARTESIAN_POINT ( 'NONE',  ( 296.6102388263453804, 1026.024580770251305, -5.500000000000289546 ) ) ;
#3826 = CARTESIAN_POINT ( 'NONE',  ( 315.4060685536227311, 1065.570186247951824, 210.7946508136983255 ) ) ;
#3827 = ORIENTED_EDGE ( 'NONE', *, *, #5889, .F. ) ;
#3828 = CARTESIAN_POINT ( 'NONE',  ( 286.3293394524255291, 1047.784834723583799, 5.499999999999711342 ) ) ;
#3829 = EDGE_CURVE ( 'NONE', #2435, #5085, #8900, .T. ) ;
#3830 = VECTOR ( 'NONE', #7258, 1000.000000000000000 ) ;
#3831 = EDGE_CURVE ( 'NONE', #4421, #2525, #109, .T. ) ;
#3832 = DIRECTION ( 'NONE',  ( -0.9888139587632099881, -0.1491541315385826461, 0.000000000000000000 ) ) ;
#3833 = ORIENTED_EDGE ( 'NONE', *, *, #8672, .F. ) ;
#3834 = FACE_OUTER_BOUND ( 'NONE', #4764, .T. ) ;
#3835 = LINE ( 'NONE', #2427, #1022 ) ;
#3836 = DIRECTION ( 'NONE',  ( 1.000000000000000000, 0.000000000000000000, 0.000000000000000000 ) ) ;
#3837 = ORIENTED_EDGE ( 'NONE', *, *, #3017, .T. ) ;
#3838 = VECTOR ( 'NONE', #5156, 999.9999999999998863 ) ;
#3839 = VECTOR ( 'NONE', #798, 1000.000000000000000 ) ;
#3840 = ORIENTED_EDGE ( 'NONE', *, *, #7033, .F. ) ;
#3841 = LINE ( 'NONE', #6776, #590 ) ;
#3842 = ADVANCED_FACE ( 'NONE', ( #1721 ), #8278, .F. ) ;
#3843 = CARTESIAN_POINT ( 'NONE',  ( 279.5501109898323193, 982.5281748859821391, -13.25000000000028955 ) ) ;
#3844 = ORIENTED_EDGE ( 'NONE', *, *, #4244, .T. ) ;
#3845 = EDGE_LOOP ( 'NONE', ( #3136, #879, #7630, #9106, #8232 ) ) ;
#3846 = ADVANCED_FACE ( 'NONE', ( #2535 ), #1615, .F. ) ;
#3847 = AXIS2_PLACEMENT_3D ( 'NONE', #252, #4513, #835 ) ;
#3848 = DIRECTION ( 'NONE',  ( 0.3502424885566311485, 0.9366590624179419455, 0.000000000000000000 ) ) ;
#3849 = FACE_OUTER_BOUND ( 'NONE', #6243, .T. ) ;
#3850 = AXIS2_PLACEMENT_3D ( 'NONE', #6678, #9521, #781 ) ;
#3851 = CARTESIAN_POINT ( 'NONE',  ( 293.6468234429216295, 1049.383657031613893, -5.500000000000289546 ) ) ;
#3852 = ADVANCED_FACE ( 'NONE', ( #255 ), #4758, .T. ) ;
#3853 = DIRECTION ( 'NONE',  ( 0.8815943511951179756, -0.4720078388553085591, 0.000000000000000000 ) ) ;
#3854 = ORIENTED_EDGE ( 'NONE', *, *, #3906, .F. ) ;
#3855 = DIRECTION ( 'NONE',  ( 0.9888139587632113203, 0.1491541315385737365, -0.000000000000000000 ) ) ;
#3856 = VERTEX_POINT ( 'NONE', #6199 ) ;
#3857 = DIRECTION ( 'NONE',  ( 0.4720078388552952364, 0.8815943511951251921, 0.000000000000000000 ) ) ;
#3858 = VECTOR ( 'NONE', #1061, 1000.000000000000000 ) ;
#3860 = AXIS2_PLACEMENT_3D ( 'NONE', #218, #1637, #5497 ) ;
#3859 = CARTESIAN_POINT ( 'NONE',  ( 282.2114651161560346, 1025.875274030944865, 5.792893218813166101 ) ) ;
#3861 = ORIENTED_EDGE ( 'NONE', *, *, #2463, .F. ) ;
#3862 = VECTOR ( 'NONE', #8151, 1000.000000000000000 ) ;
#3863 = CARTESIAN_POINT ( 'NONE',  ( -131.2015324121209972, 942.7073069611831215, 5.499999999999713118 ) ) ;
#3864 = EDGE_CURVE ( 'NONE', #6453, #4175, #2391, .T. ) ;
#3865 = VECTOR ( 'NONE', #1684, 1000.000000000000000 ) ;
#3866 = VERTEX_POINT ( 'NONE', #9093 ) ;
#3867 = ORIENTED_EDGE ( 'NONE', *, *, #360, .F. ) ;
#3868 = FACE_OUTER_BOUND ( 'NONE', #4480, .T. ) ;
#3869 = FACE_OUTER_BOUND ( 'NONE', #5844, .T. ) ;
#3870 = ORIENTED_EDGE ( 'NONE', *, *, #2299, .T. ) ;
#3871 = FACE_OUTER_BOUND ( 'NONE', #5729, .T. ) ;
#3872 = CARTESIAN_POINT ( 'NONE',  ( 272.7112994139250759, 957.4437044664329051, 13.24999999999971401 ) ) ;
#3873 = LINE ( 'NONE', #5835, #2244 ) ;
#3874 = FACE_OUTER_BOUND ( 'NONE', #4384, .T. ) ;
#3875 = ORIENTED_EDGE ( 'NONE', *, *, #4437, .F. ) ;
#3876 = DIRECTION ( 'NONE',  ( -1.000000000000000000, 0.000000000000000000, 1.110223024625155531E-13 ) ) ;
#3877 = LINE ( 'NONE', #5451, #7062 ) ;
#3878 = CARTESIAN_POINT ( 'NONE',  ( 281.3750930601331675, 1023.329899329369368, 5.991238625478647606 ) ) ;
#3879 = EDGE_CURVE ( 'NONE', #187, #1569, #8418, .T. ) ;
#3880 = VERTEX_POINT ( 'NONE', #4561 ) ;
#3881 = CARTESIAN_POINT ( 'NONE',  ( 325.4985270866377505, 1096.843355851571914, 8.999999999999706901 ) ) ;
#3882 = CARTESIAN_POINT ( 'NONE',  ( 311.6239521552147949, 1128.997050877035235, -6.000000000000282441 ) ) ;
#3883 = ORIENTED_EDGE ( 'NONE', *, *, #7628, .F. ) ;
#3884 = FACE_OUTER_BOUND ( 'NONE', #7879, .T. ) ;
#3885 = EDGE_CURVE ( 'NONE', #5572, #4692, #8330, .T. ) ;
#3886 = CARTESIAN_POINT ( 'NONE',  ( 302.5189506855798527, 1143.242674677152309, 5.999999999999712230 ) ) ;
#3887 = EDGE_CURVE ( 'NONE', #8225, #4944, #988, .T. ) ;
#3888 = FACE_OUTER_BOUND ( 'NONE', #1285, .T. ) ;
#3889 = ORIENTED_EDGE ( 'NONE', *, *, #8730, .F. ) ;
#3890 = EDGE_CURVE ( 'NONE', #5399, #3412, #2447, .T. ) ;
#3891 = ORIENTED_EDGE ( 'NONE', *, *, #5312, .T. ) ;
#3892 = DIRECTION ( 'NONE',  ( -0.1736481776669271671, -0.9848077530122086864, 0.000000000000000000 ) ) ;
#3893 = CARTESIAN_POINT ( 'NONE',  ( 290.8746815250779036, 998.8327686583060085, 5.875579829870272164 ) ) ;
#3894 = ORIENTED_EDGE ( 'NONE', *, *, #2318, .F. ) ;
#3895 = VERTEX_POINT ( 'NONE', #8370 ) ;
#3896 = DIRECTION ( 'NONE',  ( -1.000000000000000000, 0.000000000000000000, 0.000000000000000000 ) ) ;
#3897 = DIRECTION ( 'NONE',  ( 1.000000000000000000, 0.000000000000000000, 0.000000000000000000 ) ) ;
#3898 = FACE_OUTER_BOUND ( 'NONE', #5963, .T. ) ;
#3899 = PLANE ( 'NONE',  #7193 ) ;
#3900 = VERTEX_POINT ( 'NONE', #1809 ) ;
#3901 = CYLINDRICAL_SURFACE ( 'NONE', #3697, 0.5000000000001001421 ) ;
#3902 = ORIENTED_EDGE ( 'NONE', *, *, #9347, .T. ) ;
#3903 = DIRECTION ( 'NONE',  ( 1.000000000000000000, 0.000000000000000000, -0.000000000000000000 ) ) ;
#3904 = APPROVAL ( #1351, '未' ) ;
#3905 = CARTESIAN_POINT ( 'NONE',  ( 303.0916329489322720, 1046.845992106606673, 5.499999999999711342 ) ) ;
#3906 = EDGE_CURVE ( 'NONE', #1451, #1623, #9399, .T. ) ;
#3907 =( BOUNDED_CURVE ( )  B_SPLINE_CURVE ( 3, ( #6436, #6290, #446, #4895 ),
 .UNSPECIFIED., .F., .T. ) 
 B_SPLINE_CURVE_WITH_KNOTS ( ( 4, 4 ),
 ( 0.3170339766476145127, 0.4915669018469283058 ),
 .UNSPECIFIED. ) 
 CURVE ( )  GEOMETRIC_REPRESENTATION_ITEM ( )  RATIONAL_B_SPLINE_CURVE ( ( 1.000000000000000000, 0.9974631320611671015, 0.9974631320611671015, 1.000000000000000000 ) ) 
 REPRESENTATION_ITEM ( '' )  );
#3908 = EDGE_LOOP ( 'NONE', ( #2678, #5655, #2628, #6977 ) ) ;
#3909 = DIRECTION ( 'NONE',  ( 1.000000000000000000, 0.000000000000000000, 0.000000000000000000 ) ) ;
#3910 = ORIENTED_EDGE ( 'NONE', *, *, #519, .F. ) ;
#3911 = ORIENTED_EDGE ( 'NONE', *, *, #220, .T. ) ;
#3912 = CARTESIAN_POINT ( 'NONE',  ( 299.2484255372075950, 1021.022386367511217, 5.940797175597290369 ) ) ;
#3913 = CARTESIAN_POINT ( 'NONE',  ( 330.3433351485258527, 1146.323815078256985, -8.800000000000281375 ) ) ;
#3914 = VERTEX_POINT ( 'NONE', #1761 ) ;
#3915 = CARTESIAN_POINT ( 'NONE',  ( 287.0433340410986034, 1052.596706112358788, 5.999999999999714007 ) ) ;
#3916 = ADVANCED_FACE ( 'NONE', ( #1087 ), #198, .T. ) ;
#3917 = ORIENTED_EDGE ( 'NONE', *, *, #3112, .T. ) ;
#3918 = FACE_OUTER_BOUND ( 'NONE', #1614, .T. ) ;
#3919 = DIRECTION ( 'NONE',  ( 1.000000000000000000, 0.000000000000000000, 0.000000000000000000 ) ) ;
#3920 = DIRECTION ( 'NONE',  ( -1.000000000000000000, 0.000000000000000000, 0.000000000000000000 ) ) ;
#3921 = CYLINDRICAL_SURFACE ( 'NONE', #6470, 0.5000000000000004441 ) ;
#3922 = DIRECTION ( 'NONE',  ( -1.000000000000000000, 0.000000000000000000, 0.000000000000000000 ) ) ;
#3923 = CARTESIAN_POINT ( 'NONE',  ( 281.8133217096323619, 1025.815217502108908, -5.500000000000287770 ) ) ;
#3924 = ORIENTED_EDGE ( 'NONE', *, *, #9493, .F. ) ;
#3925 = DIRECTION ( 'NONE',  ( -0.8815943511951235267, 0.4720078388552984006, 0.000000000000000000 ) ) ;
#3926 = ADVANCED_FACE ( 'NONE', ( #6986 ), #5390, .F. ) ;
#3927 = CARTESIAN_POINT ( 'NONE',  ( 304.3405939606592483, 1074.738228691768882, 61.58012167084567778 ) ) ;
#3928 = ORIENTED_EDGE ( 'NONE', *, *, #8299, .T. ) ;
#3929 = DIRECTION ( 'NONE',  ( 0.3502424885566279289, 0.9366590624179432778, 0.000000000000000000 ) ) ;
#3930 = DIRECTION ( 'NONE',  ( 0.000000000000000000, 0.000000000000000000, -1.000000000000000000 ) ) ;
#3931 = LINE ( 'NONE', #7492, #6108 ) ;
#3932 = AXIS2_PLACEMENT_3D ( 'NONE', #772, #7919, #2997 ) ;
#3933 = ORIENTED_EDGE ( 'NONE', *, *, #2401, .T. ) ;
#3934 = VERTEX_POINT ( 'NONE', #4663 ) ;
#3935 = CARTESIAN_POINT ( 'NONE',  ( 287.1254130186707698, 1055.941584367208634, 5.999999999999712230 ) ) ;
#3936 = DIRECTION ( 'NONE',  ( -1.000000000000000000, 0.000000000000000000, 0.000000000000000000 ) ) ;
#3937 = ORIENTED_EDGE ( 'NONE', *, *, #9412, .T. ) ;
#3938 = EDGE_CURVE ( 'NONE', #5801, #7973, #1077, .T. ) ;
#3939 = ORIENTED_EDGE ( 'NONE', *, *, #5587, .F. ) ;
#3940 = VECTOR ( 'NONE', #2200, 1000.000000000000000 ) ;
#3941 = FACE_OUTER_BOUND ( 'NONE', #4568, .T. ) ;
#3942 = DIRECTION ( 'NONE',  ( -0.4943022244884216487, -0.8692901189279664820, 0.000000000000000000 ) ) ;
#3943 = CARTESIAN_POINT ( 'NONE',  ( 291.7986942289599028, 1082.445079133082572, -6.000000000000287770 ) ) ;
#3944 = EDGE_CURVE ( 'NONE', #7136, #7649, #7992, .T. ) ;
#3945 = DIRECTION ( 'NONE',  ( 1.000000000000000000, 0.000000000000000000, 5.204170427930416550E-15 ) ) ;
#3946 = ORIENTED_EDGE ( 'NONE', *, *, #901, .T. ) ;
#3947 = LINE ( 'NONE', #6053, #5382 ) ;
#3948 = VECTOR ( 'NONE', #2334, 1000.000000000000114 ) ;
#3949 = VERTEX_POINT ( 'NONE', #5287 ) ;
#3950 = DIRECTION ( 'NONE',  ( 0.8815943511951714884, -0.4720078388552089721, 0.000000000000000000 ) ) ;
#3951 = CARTESIAN_POINT ( 'NONE',  ( 300.8423041959673583, 1116.982560454410759, 8.999999999999712230 ) ) ;
#3952 = ADVANCED_FACE ( 'NONE', ( #8990 ), #1669, .T. ) ;
#3953 = LOCAL_TIME ( 16, 5, 37.00000000000000000, #7287 ) ;
#3954 = ORIENTED_EDGE ( 'NONE', *, *, #3984, .F. ) ;
#3955 = EDGE_CURVE ( 'NONE', #4059, #5395, #7845, .T. ) ;
#3956 = VECTOR ( 'NONE', #4920, 1000.000000000000114 ) ;
#3957 = DIRECTION ( 'NONE',  ( 0.000000000000000000, 0.000000000000000000, 1.000000000000000000 ) ) ;
#3958 = ORIENTED_EDGE ( 'NONE', *, *, #9297, .T. ) ;
#3959 = ADVANCED_FACE ( 'NONE', ( #5522 ), #7891, .F. ) ;
#3960 = ORIENTED_EDGE ( 'NONE', *, *, #8408, .T. ) ;
#3962 = VECTOR ( 'NONE', #7965, 999.9999999999998863 ) ;
#3961 = DIRECTION ( 'NONE',  ( 0.000000000000000000, 0.000000000000000000, -1.000000000000000000 ) ) ;
#3963 = ORIENTED_EDGE ( 'NONE', *, *, #2526, .F. ) ;
#3964 = FACE_OUTER_BOUND ( 'NONE', #7829, .T. ) ;
#3965 = CIRCLE ( 'NONE', #1630, 0.5000000000000004441 ) ;
#3966 = EDGE_LOOP ( 'NONE', ( #8524, #8632, #4179, #5058 ) ) ;
#3967 = AXIS2_PLACEMENT_3D ( 'NONE', #5430, #8365, #3271 ) ;
#3968 = PLANE ( 'NONE',  #1349 ) ;
#3969 = EDGE_CURVE ( 'NONE', #7971, #6018, #9238, .T. ) ;
#3970 = AXIS2_PLACEMENT_3D ( 'NONE', #6863, #6179, #227 ) ;
#3971 = CARTESIAN_POINT ( 'NONE',  ( 343.7169217884921864, 1113.199209766361719, -6.300000000000287592 ) ) ;
#3972 = LINE ( 'NONE', #5408, #1360 ) ;
#3973 = AXIS2_PLACEMENT_3D ( 'NONE', #676, #731, #2954 ) ;
#3974 = CARTESIAN_POINT ( 'NONE',  ( 325.5386764865854161, 1082.674904384879028, 6.299999999999712941 ) ) ;
#3975 = ADVANCED_FACE ( 'NONE', ( #9382 ), #7127, .F. ) ;
#3976 = LINE ( 'NONE', #913, #4130 ) ;
#3977 = DIRECTION ( 'NONE',  ( -0.3502424885566311485, -0.9366590624179419455, 0.000000000000000000 ) ) ;
#3978 = AXIS2_PLACEMENT_3D ( 'NONE', #4034, #6039, #2373 ) ;
#3979 = CARTESIAN_POINT ( 'NONE',  ( 293.0969220393768637, 1078.255779363895272, -5.500000000000287770 ) ) ;
#3980 =( BOUNDED_CURVE ( )  B_SPLINE_CURVE ( 3, ( #3014, #8705, #7983, #1379 ),
 .UNSPECIFIED., .F., .F. ) 
 B_SPLINE_CURVE_WITH_KNOTS ( ( 4, 4 ),
 ( 1.570796326794849485, 2.813906113603223513 ),
 .UNSPECIFIED. ) 
 CURVE ( )  GEOMETRIC_REPRESENTATION_ITEM ( )  RATIONAL_B_SPLINE_CURVE ( ( 1.000000000000000000, 0.8753160169558189541, 0.8753160169558189541, 1.000000000000000000 ) ) 
 REPRESENTATION_ITEM ( '' )  );
#3981 = ORIENTED_EDGE ( 'NONE', *, *, #5065, .F. ) ;
#3982 = CIRCLE ( 'NONE', #9038, 0.5000000000000004441 ) ;
#3983 = LINE ( 'NONE', #6817, #2106 ) ;
#3984 = EDGE_CURVE ( 'NONE', #7971, #9140, #2726, .T. ) ;
#3985 = CARTESIAN_POINT ( 'NONE',  ( 350.7912167416586158, 1119.102250538167482, -8.300000000000288480 ) ) ;
#3986 = ORIENTED_EDGE ( 'NONE', *, *, #6332, .F. ) ;
#3987 = ORIENTED_EDGE ( 'NONE', *, *, #8950, .F. ) ;
#3988 = LINE ( 'NONE', #929, #4458 ) ;
#3989 = ADVANCED_FACE ( 'NONE', ( #6247 ), #4992, .F. ) ;
#3990 = VECTOR ( 'NONE', #9527, 1000.000000000000000 ) ;
#3991 = CARTESIAN_POINT ( 'NONE',  ( 308.5391745496217482, 1072.350800513731429, 5.499999999999713118 ) ) ;
#3992 = EDGE_LOOP ( 'NONE', ( #2871, #5320 ) ) ;
#3993 = ORIENTED_EDGE ( 'NONE', *, *, #7422, .F. ) ;
#3994 = LINE ( 'NONE', #303, #7958 ) ;
#3995 = LINE ( 'NONE', #3111, #727 ) ;
#3996 = CARTESIAN_POINT ( 'NONE',  ( 303.0916329489321015, 1046.845992106606673, -6.000000000000287770 ) ) ;
#3997 = AXIS2_PLACEMENT_3D ( 'NONE', #3257, #3201, #1016 ) ;
#3998 = VECTOR ( 'NONE', #1438, 1000.000000000000000 ) ;
#3999 = DIRECTION ( 'NONE',  ( -0.4720078388553085591, -0.8815943511951179756, 0.000000000000000000 ) ) ;
#4000 = ORIENTED_EDGE ( 'NONE', *, *, #1747, .F. ) ;
#4001 = CARTESIAN_POINT ( 'NONE',  ( 333.6950601088341273, 1158.572179699236813, 6.299999999999713829 ) ) ;
#4002 = ORIENTED_EDGE ( 'NONE', *, *, #6830, .F. ) ;
#4003 = CARTESIAN_POINT ( 'NONE',  ( 287.3049690295604250, 1027.149241840084187, -5.500000000000287770 ) ) ;
#4004 = CARTESIAN_POINT ( 'NONE',  ( 291.2146693797450894, 1079.132909623525848, 5.999999999999712230 ) ) ;
#4005 = VECTOR ( 'NONE', #479, 999.9999999999998863 ) ;
#4006 = CIRCLE ( 'NONE', #1368, 0.5000000000000004441 ) ;
#4007 = ORIENTED_EDGE ( 'NONE', *, *, #7901, .F. ) ;
#4008 = CARTESIAN_POINT ( 'NONE',  ( 299.1512185350475193, 1021.373884249913999, 5.689190275761107252 ) ) ;
#4009 = ORIENTED_EDGE ( 'NONE', *, *, #5752, .F. ) ;
#4010 = EDGE_CURVE ( 'NONE', #5395, #6672, #3234, .T. ) ;
#4011 = VERTEX_POINT ( 'NONE', #9285 ) ;
#4012 = DIRECTION ( 'NONE',  ( 0.1736481776669271393, 0.9848077530122086864, -0.000000000000000000 ) ) ;
#4013 = CIRCLE ( 'NONE', #5689, 0.5000000000000004441 ) ;
#4014 = EDGE_CURVE ( 'NONE', #7752, #7400, #6344, .T. ) ;
#4015 = AXIS2_PLACEMENT_3D ( 'NONE', #5226, #6527, #8120 ) ;
#4016 = CARTESIAN_POINT ( 'NONE',  ( 285.5479794202183257, 1001.213346893390394, 5.499999999999713118 ) ) ;
#4017 = ORIENTED_EDGE ( 'NONE', *, *, #1725, .F. ) ;
#4018 = DIRECTION ( 'NONE',  ( 0.000000000000000000, 0.000000000000000000, 1.000000000000000000 ) ) ;
#4019 = EDGE_CURVE ( 'NONE', #7377, #7154, #2049, .T. ) ;
#4020 = ORIENTED_EDGE ( 'NONE', *, *, #9479, .T. ) ;
#4021 = AXIS2_PLACEMENT_3D ( 'NONE', #2981, #1581, #7472 ) ;
#4022 = VECTOR ( 'NONE', #3321, 1000.000000000000000 ) ;
#4023 = CARTESIAN_POINT ( 'NONE',  ( 287.3483197264637852, 1055.304092882510986, 5.999999999999699796 ) ) ;
#4024 = CARTESIAN_POINT ( 'NONE',  ( 311.2665703128455448, 1129.346733903138556, -6.000000000000282441 ) ) ;
#4025 = DIRECTION ( 'NONE',  ( 1.000000000000000000, 0.000000000000000000, 0.000000000000000000 ) ) ;
#4026 = DIRECTION ( 'NONE',  ( 1.000000000000000000, 0.000000000000000000, 0.000000000000000000 ) ) ;
#4027 = CARTESIAN_POINT ( 'NONE',  ( 281.3652798473676739, 1023.274245834220324, -6.000000000000310862 ) ) ;
#4028 = DIRECTION ( 'NONE',  ( 1.000000000000000000, 0.000000000000000000, 0.000000000000000000 ) ) ;
#4029 = EDGE_CURVE ( 'NONE', #3356, #2799, #5616, .T. ) ;
#4030 = DIRECTION ( 'NONE',  ( 0.9956305605605111353, 0.09337979908932293738, -0.000000000000000000 ) ) ;
#4031 = VERTEX_POINT ( 'NONE', #1954 ) ;
#4032 = LINE ( 'NONE', #1159, #3526 ) ;
#4033 = CARTESIAN_POINT ( 'NONE',  ( 341.7446034872098153, 1142.060568443634111, -9.000000000000287770 ) ) ;
#4034 = CARTESIAN_POINT ( 'NONE',  ( 290.6446137607518949, 1073.020578313786928, 5.999999999999699796 ) ) ;
#4035 = EDGE_LOOP ( 'NONE', ( #6223, #2204, #1429, #5726 ) ) ;
#4036 = ORIENTED_EDGE ( 'NONE', *, *, #5365, .T. ) ;
#4037 = DIRECTION ( 'NONE',  ( 0.000000000000000000, 0.000000000000000000, -1.000000000000000000 ) ) ;
#4038 = ORIENTED_EDGE ( 'NONE', *, *, #6369, .T. ) ;
#4039 = VERTEX_POINT ( 'NONE', #7791 ) ;
#4040 = PLANE ( 'NONE',  #7474 ) ;
#4041 = CARTESIAN_POINT ( 'NONE',  ( 277.0501109898323193, 982.5281748859821391, -6.000000000000287770 ) ) ;
#4042 = CARTESIAN_POINT ( 'NONE',  ( 278.4869764753135541, 1006.935957719745602, 5.969499890269964304 ) ) ;
#4043 = EDGE_CURVE ( 'NONE', #647, #990, #455, .T. ) ;
#4044 = LINE ( 'NONE', #7561, #1945 ) ;
#4045 = ORIENTED_EDGE ( 'NONE', *, *, #1408, .F. ) ;
#4046 = DIRECTION ( 'NONE',  ( -0.1525555872956738668, 0.9882948916112397342, 0.000000000000000000 ) ) ;
#4047 = ORIENTED_EDGE ( 'NONE', *, *, #3586, .F. ) ;
#4048 = CARTESIAN_POINT ( 'NONE',  ( 206.4775541938253411, 1022.250624440806746, 210.7946508136983255 ) ) ;
#4049 = CARTESIAN_POINT ( 'NONE',  ( 327.5413952400728590, 1138.830542578913537, -6.000000000000287770 ) ) ;
#4050 = DIRECTION ( 'NONE',  ( -0.000000000000000000, -0.000000000000000000, 1.000000000000000000 ) ) ;
#4051 = ORIENTED_EDGE ( 'NONE', *, *, #8062, .T. ) ;
#4052 = LINE ( 'NONE', #356, #8403 ) ;
#4053 = DIRECTION ( 'NONE',  ( 1.000000000000000000, 0.000000000000000000, 0.000000000000000000 ) ) ;
#4054 = ORIENTED_EDGE ( 'NONE', *, *, #6782, .F. ) ;
#4055 = CARTESIAN_POINT ( 'NONE',  ( 315.8743980848317392, 1065.395065003673608, 5.993677054483796951 ) ) ;
#4056 = SPHERICAL_SURFACE ( 'NONE', #9044, 0.5000000000000000000 ) ;
#4057 = ORIENTED_EDGE ( 'NONE', *, *, #4014, .F. ) ;
#4058 = LINE ( 'NONE', #1731, #3865 ) ;
#4059 = VERTEX_POINT ( 'NONE', #545 ) ;
#4060 = EDGE_CURVE ( 'NONE', #8937, #990, #9550, .T. ) ;
#4061 = DIRECTION ( 'NONE',  ( 0.8673302893362317967, -0.4977330300471614066, -1.925860114351771836E-13 ) ) ;
#4062 = DIRECTION ( 'NONE',  ( -0.000000000000000000, -0.000000000000000000, 1.000000000000000000 ) ) ;
#4063 = DIRECTION ( 'NONE',  ( 1.000000000000000000, 0.000000000000000000, 1.110223024625155531E-13 ) ) ;
#4064 = VERTEX_POINT ( 'NONE', #6299 ) ;
#4065 = CARTESIAN_POINT ( 'NONE',  ( 283.2018977609853323, 1029.913190813720803, 5.499999999999711342 ) ) ;
#4066 = EDGE_CURVE ( 'NONE', #4195, #8186, #2636, .T. ) ;
#4067 = CARTESIAN_POINT ( 'NONE',  ( 286.0451786143486288, 1003.806640785750460, 5.499999999999711342 ) ) ;
#4068 = CARTESIAN_POINT ( 'NONE',  ( 368.0656709890653815, 1095.727461864244560, 5.999999999999706901 ) ) ;
#4069 = CARTESIAN_POINT ( 'NONE',  ( -187.4567864828596271, 1013.722622048108860, -6.000000000000287770 ) ) ;
#4070 = VERTEX_POINT ( 'NONE', #4187 ) ;
#4071 = DIRECTION ( 'NONE',  ( 0.9882948916112356263, 0.1525555872957001791, -0.000000000000000000 ) ) ;
#4072 = DIRECTION ( 'NONE',  ( 0.9838401286342943752, -0.1790491588610656493, 0.000000000000000000 ) ) ;
#4073 = CARTESIAN_POINT ( 'NONE',  ( 327.5413952400728590, 1138.830542578913537, 5.999999999999712230 ) ) ;
#4074 = EDGE_CURVE ( 'NONE', #6396, #384, #2009, .T. ) ;
#4075 = ORIENTED_EDGE ( 'NONE', *, *, #1010, .F. ) ;
#4076 = ORIENTED_EDGE ( 'NONE', *, *, #1503, .F. ) ;
#4077 = LINE ( 'NONE', #6334, #6385 ) ;
#4078 = ORIENTED_EDGE ( 'NONE', *, *, #634, .T. ) ;
#4079 = ORIENTED_EDGE ( 'NONE', *, *, #8742, .F. ) ;
#4080 = CARTESIAN_POINT ( 'NONE',  ( 347.7912167416586158, 1119.102250538167482, -6.300000000000287592 ) ) ;
#4081 = VECTOR ( 'NONE', #1938, 1000.000000000000000 ) ;
#4082 = LINE ( 'NONE', #6239, #9181 ) ;
#4083 = FACE_OUTER_BOUND ( 'NONE', #459, .T. ) ;
#4084 = ORIENTED_EDGE ( 'NONE', *, *, #7130, .T. ) ;
#4085 = CARTESIAN_POINT ( 'NONE',  ( 290.8364645582726098, 998.4357208118341305, -6.000000000000285105 ) ) ;
#4086 = EDGE_CURVE ( 'NONE', #7657, #3466, #3337, .T. ) ;
#4087 = ORIENTED_EDGE ( 'NONE', *, *, #6766, .T. ) ;
#4088 = CARTESIAN_POINT ( 'NONE',  ( 320.3477465192815998, 1077.358211930101334, 5.936131959015391146 ) ) ;
#4089 = CARTESIAN_POINT ( 'NONE',  ( 285.5479794202183257, 1001.213346893390394, -5.500000000000289546 ) ) ;
#4090 = CIRCLE ( 'NONE', #5618, 0.5000000000000004441 ) ;
#4091 = DIRECTION ( 'NONE',  ( 0.8692901189279650387, -0.4943022244884240357, -0.000000000000000000 ) ) ;
#4092 = VERTEX_POINT ( 'NONE', #3506 ) ;
#4093 = PLANE ( 'NONE',  #9336 ) ;
#4094 = DIRECTION ( 'NONE',  ( -1.000000000000000000, 0.000000000000000000, 0.000000000000000000 ) ) ;
#4095 = CIRCLE ( 'NONE', #9003, 8.000000000000007105 ) ;
#4096 = ORIENTED_EDGE ( 'NONE', *, *, #5054, .T. ) ;
#4097 = FACE_OUTER_BOUND ( 'NONE', #3306, .T. ) ;
#4098 = EDGE_CURVE ( 'NONE', #5711, #1358, #4142, .T. ) ;
#4099 = LINE ( 'NONE', #4771, #1195 ) ;
#4100 = ORIENTED_EDGE ( 'NONE', *, *, #3395, .F. ) ;
#4101 = CARTESIAN_POINT ( 'NONE',  ( 277.9752806091830166, 955.4753576607306513, 8.999999999999712230 ) ) ;
#4102 = LINE ( 'NONE', #6033, #5454 ) ;
#4103 = AXIS2_PLACEMENT_3D ( 'NONE', #1198, #2694, #4295 ) ;
#4104 = ORIENTED_EDGE ( 'NONE', *, *, #4428, .F. ) ;
#4105 = CARTESIAN_POINT ( 'NONE',  ( 289.6019877403369378, 1069.986937561119021, 210.7946508136983255 ) ) ;
#4106 = PLANE ( 'NONE',  #3487 ) ;
#4107 = CARTESIAN_POINT ( 'NONE',  ( 343.1176506735744738, 1035.568107679988316, 5.999999999999712230 ) ) ;
#4108 = VECTOR ( 'NONE', #4981, 1000.000000000000000 ) ;
#4109 = ORIENTED_EDGE ( 'NONE', *, *, #4136, .T. ) ;
#4110 = CARTESIAN_POINT ( 'NONE',  ( 285.6169027367602666, 1000.718120100459373, -5.500000000000287770 ) ) ;
#4111 = DIRECTION ( 'NONE',  ( 6.551380147520810884E-15, 9.117900205310045286E-16, 1.000000000000000000 ) ) ;
#4112 = VECTOR ( 'NONE', #7413, 1000.000000000000000 ) ;
#4113 = CARTESIAN_POINT ( 'NONE',  ( 291.7601408809391614, 1082.182687899604389, 5.934645059463651506 ) ) ;
#4114 = CIRCLE ( 'NONE', #6568, 0.5000000000000004441 ) ;
#4115 = ORIENTED_EDGE ( 'NONE', *, *, #930, .T. ) ;
#4116 = AXIS2_PLACEMENT_3D ( 'NONE', #5169, #1459, #3742 ) ;
#4117 = LINE ( 'NONE', #2705, #2132 ) ;
#4118 = LINE ( 'NONE', #433, #404 ) ;
#4119 = AXIS2_PLACEMENT_3D ( 'NONE', #9313, #4938, #7153 ) ;
#4120 = CARTESIAN_POINT ( 'NONE',  ( 291.7677370044330587, 1082.269511988437898, 5.970959164617845261 ) ) ;
#4121 = AXIS2_PLACEMENT_3D ( 'NONE', #5597, #3343, #3440 ) ;
#4122 = ORIENTED_EDGE ( 'NONE', *, *, #2811, .T. ) ;
#4123 = EDGE_CURVE ( 'NONE', #8186, #3505, #5754, .T. ) ;
#4124 = VECTOR ( 'NONE', #7151, 1000.000000000000227 ) ;
#4125 = ORIENTED_EDGE ( 'NONE', *, *, #4282, .T. ) ;
#4126 = DIRECTION ( 'NONE',  ( 0.000000000000000000, 1.000000000000000000, 0.000000000000000000 ) ) ;
#4127 = ADVANCED_FACE ( 'NONE', ( #1419 ), #4365, .F. ) ;
#4128 = EDGE_CURVE ( 'NONE', #7780, #7821, #2188, .T. ) ;
#4129 = ORIENTED_EDGE ( 'NONE', *, *, #2538, .T. ) ;
#4130 = VECTOR ( 'NONE', #1693, 1000.000000000000000 ) ;
#4131 = ORIENTED_EDGE ( 'NONE', *, *, #2924, .F. ) ;
#4132 = CARTESIAN_POINT ( 'NONE',  ( -154.9387033414855637, 1003.733339038422173, 61.58012167084567778 ) ) ;
#4133 = DIRECTION ( 'NONE',  ( -0.000000000000000000, -0.000000000000000000, 1.000000000000000000 ) ) ;
#4134 = CARTESIAN_POINT ( 'NONE',  ( 289.6019877403369378, 1069.986937561119021, 5.973394735896864205 ) ) ;
#4135 = CARTESIAN_POINT ( 'NONE',  ( 272.7112994139250759, 957.4437044664329051, -13.25000000000028955 ) ) ;
#4136 = EDGE_CURVE ( 'NONE', #3239, #5118, #8763, .T. ) ;
#4137 = EDGE_LOOP ( 'NONE', ( #7770, #7411, #2802, #2001, #2295 ) ) ;
#4138 = DIRECTION ( 'NONE',  ( -0.9882948916112397342, -0.1525555872956738668, -2.194455487572449331E-13 ) ) ;
#4139 = CIRCLE ( 'NONE', #8281, 0.4999999999999982236 ) ;
#4140 = AXIS2_PLACEMENT_3D ( 'NONE', #8588, #2559, #3480 ) ;
#4141 = ORIENTED_EDGE ( 'NONE', *, *, #3088, .T. ) ;
#4142 = LINE ( 'NONE', #6442, #7698 ) ;
#4143 = CARTESIAN_POINT ( 'NONE',  ( 344.5362189811657458, 1133.480334687038066, 6.299999999999715605 ) ) ;
#4144 = ADVANCED_FACE ( 'NONE', ( #5944 ), #8698, .F. ) ;
#4145 = CARTESIAN_POINT ( 'NONE',  ( 291.2128997129172490, 1002.001763635157658, -5.500000000000289546 ) ) ;
#4146 = EDGE_LOOP ( 'NONE', ( #3565, #6643, #2459, #3837 ) ) ;
#4147 = AXIS2_PLACEMENT_3D ( 'NONE', #289, #9020, #6769 ) ;
#4148 = EDGE_CURVE ( 'NONE', #8975, #6992, #2911, .T. ) ;
#4149 = DIRECTION ( 'NONE',  ( 0.000000000000000000, 0.000000000000000000, -1.000000000000000000 ) ) ;
#4150 = DIRECTION ( 'NONE',  ( 1.000000000000000000, 0.000000000000000000, 0.000000000000000000 ) ) ;
#4151 = VERTEX_POINT ( 'NONE', #4412 ) ;
#4152 = DIRECTION ( 'NONE',  ( -0.09337979908934757045, 0.9956305605605089148, 0.000000000000000000 ) ) ;
#4153 = DIRECTION ( 'NONE',  ( -1.000000000000000000, 0.000000000000000000, 2.220446049250311061E-13 ) ) ;
#4154 = EDGE_LOOP ( 'NONE', ( #9464, #8369, #1410, #2952 ) ) ;
#4155 = DIRECTION ( 'NONE',  ( 5.734729136543638445E-15, 8.650348595809352843E-16, 1.000000000000000000 ) ) ;
#4156 = AXIS2_PLACEMENT_3D ( 'NONE', #3083, #3177, #9145 ) ;
#4157 = DIRECTION ( 'NONE',  ( 0.000000000000000000, 1.000000000000000000, 0.000000000000000000 ) ) ;
#4158 = ORIENTED_EDGE ( 'NONE', *, *, #2, .T. ) ;
#4159 = ADVANCED_FACE ( 'NONE', ( #737 ), #5131, .F. ) ;
#4160 = FACE_OUTER_BOUND ( 'NONE', #4845, .T. ) ;
#4161 = CARTESIAN_POINT ( 'NONE',  ( 283.2781577940106672, 1032.140978076603005, -5.500000000000289546 ) ) ;
#4162 = VECTOR ( 'NONE', #6734, 1000.000000000000227 ) ;
#4163 = CYLINDRICAL_SURFACE ( 'NONE', #8454, 0.5000000000000004441 ) ;
#4164 = ORIENTED_EDGE ( 'NONE', *, *, #3294, .T. ) ;
#4165 = EDGE_CURVE ( 'NONE', #6195, #4477, #8150, .T. ) ;
#4166 = CARTESIAN_POINT ( 'NONE',  ( 301.9349829883591951, 1028.850398070247365, 5.499999999999711342 ) ) ;
#4167 = CARTESIAN_POINT ( 'NONE',  ( 278.0278345412967269, 1002.186005644783336, 5.792893218813145673 ) ) ;
#4168 = CARTESIAN_POINT ( 'NONE',  ( 347.0085846824679834, 1140.092221637931743, -9.000000000000287770 ) ) ;
#4169 = AXIS2_PLACEMENT_3D ( 'NONE', #7382, #2935, #5298 ) ;
#4170 = CIRCLE ( 'NONE', #3218, 0.4999999999999388822 ) ;
#4171 = DIRECTION ( 'NONE',  ( 0.000000000000000000, 0.000000000000000000, -1.000000000000000000 ) ) ;
#4172 = ORIENTED_EDGE ( 'NONE', *, *, #7662, .T. ) ;
#4173 = CARTESIAN_POINT ( 'NONE',  ( 338.7165415596875846, 1117.916678719309175, 8.999999999999712230 ) ) ;
#4174 = CARTESIAN_POINT ( 'NONE',  ( 291.7986942289599028, 1082.445079133082572, 5.999999999999712230 ) ) ;
#4175 = VERTEX_POINT ( 'NONE', #3008 ) ;
#4176 = ORIENTED_EDGE ( 'NONE', *, *, #7692, .F. ) ;
#4177 = DIRECTION ( 'NONE',  ( 1.000000000000000000, 0.000000000000000000, 0.000000000000000000 ) ) ;
#4178 = ORIENTED_EDGE ( 'NONE', *, *, #8470, .F. ) ;
#4179 = ORIENTED_EDGE ( 'NONE', *, *, #445, .T. ) ;
#4180 = DIRECTION ( 'NONE',  ( -0.9882948916112388460, -0.1525555872956790016, 0.000000000000000000 ) ) ;
#4181 = ADVANCED_FACE ( 'NONE', ( #5039 ), #3598, .T. ) ;
#4182 = CARTESIAN_POINT ( 'NONE',  ( 302.5916329489322720, 1046.845992106606673, -5.500000000000286882 ) ) ;
#4183 = DIRECTION ( 'NONE',  ( -0.8692901189279650387, 0.4943022244884240357, -0.000000000000000000 ) ) ;
#4184 = EDGE_LOOP ( 'NONE', ( #3917, #7144, #7268, #1502, #4100, #4775 ) ) ;
#4185 = PLANE ( 'NONE',  #6611 ) ;
#4186 = ORIENTED_EDGE ( 'NONE', *, *, #8348, .F. ) ;
#4187 = CARTESIAN_POINT ( 'NONE',  ( 310.2336641944685880, 1050.309960569685245, 5.949930407077360428 ) ) ;
#4188 = CARTESIAN_POINT ( 'NONE',  ( 291.2128997129172490, 1002.001763635157658, 5.499999999999713118 ) ) ;
#4189 = DIRECTION ( 'NONE',  ( 0.4720078388553815008, 0.8815943511950790068, 0.000000000000000000 ) ) ;
#4190 = EDGE_LOOP ( 'NONE', ( #8897, #7815, #6127, #1886 ) ) ;
#4191 = DIRECTION ( 'NONE',  ( -0.000000000000000000, -0.000000000000000000, -1.000000000000000000 ) ) ;
#4192 = DIRECTION ( 'NONE',  ( 1.000000000000000000, 0.000000000000000000, 0.000000000000000000 ) ) ;
#4193 = VERTEX_POINT ( 'NONE', #6636 ) ;
#4194 = DIRECTION ( 'NONE',  ( 1.000000000000000000, 0.000000000000000000, 0.000000000000000000 ) ) ;
#4195 = VERTEX_POINT ( 'NONE', #5 ) ;
#4196 = LINE ( 'NONE', #7139, #130 ) ;
#4197 = ADVANCED_FACE ( 'NONE', ( #1373 ), #44, .F. ) ;
#4198 = FACE_OUTER_BOUND ( 'NONE', #7949, .T. ) ;
#4199 = ORIENTED_EDGE ( 'NONE', *, *, #7332, .F. ) ;
#4200 = CARTESIAN_POINT ( 'NONE',  ( 269.8466448106040048, 957.9488203634091406, 210.7946508136983255 ) ) ;
#4201 = CARTESIAN_POINT ( 'NONE',  ( 303.0916329489322152, 1046.845992106606673, 5.499999999999711342 ) ) ;
#4202 = ORIENTED_EDGE ( 'NONE', *, *, #5479, .F. ) ;
#4203 = FACE_OUTER_BOUND ( 'NONE', #431, .T. ) ;
#4204 = CARTESIAN_POINT ( 'NONE',  ( 306.8693832602310181, 1041.312810513563363, 210.7946508136983255 ) ) ;
#4205 = DIRECTION ( 'NONE',  ( 1.000000000000000000, 0.000000000000000000, 0.000000000000000000 ) ) ;
#4206 = ADVANCED_FACE ( 'NONE', ( #7355 ), #2959, .F. ) ;
#4207 =( BOUNDED_CURVE ( )  B_SPLINE_CURVE ( 3, ( #7276, #8809, #4516, #5142 ),
 .UNSPECIFIED., .F., .F. ) 
 B_SPLINE_CURVE_WITH_KNOTS ( ( 4, 4 ),
 ( 3.984442983884387829E-14, 1.570796326794882347 ),
 .UNSPECIFIED. ) 
 CURVE ( )  GEOMETRIC_REPRESENTATION_ITEM ( )  RATIONAL_B_SPLINE_CURVE ( ( 1.000000000000000000, 0.8047378541243777050, 0.8047378541243777050, 1.000000000000000000 ) ) 
 REPRESENTATION_ITEM ( '' )  );
#4208 = DIRECTION ( 'NONE',  ( -1.000000000000000000, 0.000000000000000000, 0.000000000000000000 ) ) ;
#4209 = DIRECTION ( 'NONE',  ( 0.000000000000000000, 0.000000000000000000, -1.000000000000000000 ) ) ;
#4210 = CARTESIAN_POINT ( 'NONE',  ( 291.7677370044330587, 1082.269511988437898, -5.970959164618427906 ) ) ;
#4211 = DIRECTION ( 'NONE',  ( -0.000000000000000000, -0.000000000000000000, -1.000000000000000000 ) ) ;
#4212 = CARTESIAN_POINT ( 'NONE',  ( 332.8831688560471775, 1109.943475548838478, 5.999999999999712230 ) ) ;
#4213 = ORIENTED_EDGE ( 'NONE', *, *, #1934, .F. ) ;
#4214 = EDGE_CURVE ( 'NONE', #7649, #1800, #7408, .T. ) ;
#4215 = ORIENTED_EDGE ( 'NONE', *, *, #1747, .T. ) ;
#4216 = CARTESIAN_POINT ( 'NONE',  ( 308.7863256618659875, 1072.785445573195602, -5.500000000000287770 ) ) ;
#4217 = ORIENTED_EDGE ( 'NONE', *, *, #3655, .F. ) ;
#4218 = ORIENTED_EDGE ( 'NONE', *, *, #1115, .T. ) ;
#4219 = LINE ( 'NONE', #7160, #3681 ) ;
#4220 = DIRECTION ( 'NONE',  ( -0.4977330300470779179, -0.8673302893362797583, 0.000000000000000000 ) ) ;
#4221 =( BOUNDED_CURVE ( )  B_SPLINE_CURVE ( 3, ( #2735, #7896, #5677, #1284 ),
 .UNSPECIFIED., .F., .F. ) 
 B_SPLINE_CURVE_WITH_KNOTS ( ( 4, 4 ),
 ( -1.652011860642232932E-13, 1.570796326794889008 ),
 .UNSPECIFIED. ) 
 CURVE ( )  GEOMETRIC_REPRESENTATION_ITEM ( )  RATIONAL_B_SPLINE_CURVE ( ( 1.000000000000000000, 0.8047378541243279670, 0.8047378541243279670, 1.000000000000000000 ) ) 
 REPRESENTATION_ITEM ( '' )  );
#4222 = FACE_OUTER_BOUND ( 'NONE', #9161, .T. ) ;
#4223 = EDGE_LOOP ( 'NONE', ( #3902, #213, #6670, #3854, #4217, #1921 ) ) ;
#4224 = CYLINDRICAL_SURFACE ( 'NONE', #4305, 2.500000000000002220 ) ;
#4225 = EDGE_LOOP ( 'NONE', ( #6695, #2165, #7804, #2823 ) ) ;
#4226 = CARTESIAN_POINT ( 'NONE',  ( 291.7670606972382643, 1000.973503504567361, -6.000000000000385469 ) ) ;
#4227 = ADVANCED_FACE ( 'NONE', ( #639 ), #2287, .T. ) ;
#4228 = DIRECTION ( 'NONE',  ( 1.000000000000000000, 0.000000000000000000, -0.000000000000000000 ) ) ;
#4229 = CARTESIAN_POINT ( 'NONE',  ( 289.6404939573459956, 1070.205317169584532, -5.902024208909334213 ) ) ;
#4230 = EDGE_LOOP ( 'NONE', ( #9078, #5715, #8015, #8696 ) ) ;
#4231 = VECTOR ( 'NONE', #1697, 999.9999999999998863 ) ;
#4232 = FACE_OUTER_BOUND ( 'NONE', #593, .T. ) ;
#4233 = CARTESIAN_POINT ( 'NONE',  ( -144.7252658310461015, 959.4528932137354786, 61.58012167084567778 ) ) ;
#4234 = ORIENTED_EDGE ( 'NONE', *, *, #6249, .F. ) ;
#4235 = LINE ( 'NONE', #2056, #2292 ) ;
#4236 = VECTOR ( 'NONE', #6648, 1000.000000000000114 ) ;
#4237 = EDGE_LOOP ( 'NONE', ( #2038, #8891, #7927, #6680 ) ) ;
#4238 = FACE_OUTER_BOUND ( 'NONE', #1227, .T. ) ;
#4239 = EDGE_CURVE ( 'NONE', #339, #7971, #2140, .T. ) ;
#4240 = PLANE ( 'NONE',  #2070 ) ;
#4241 = EDGE_CURVE ( 'NONE', #9122, #8937, #8747, .T. ) ;
#4242 = EDGE_LOOP ( 'NONE', ( #4104, #2077, #7880, #4755 ) ) ;
#4243 = VECTOR ( 'NONE', #9229, 1000.000000000000000 ) ;
#4244 = EDGE_CURVE ( 'NONE', #6205, #1842, #980, .T. ) ;
#4245 = CARTESIAN_POINT ( 'NONE',  ( 325.4985270866377505, 1096.843355851571914, 8.999999999999706901 ) ) ;
#4246 = CARTESIAN_POINT ( 'NONE',  ( 294.8423041959673583, 1116.982560454410759, 10.74999999999971223 ) ) ;
#4247 = ORIENTED_EDGE ( 'NONE', *, *, #2028, .F. ) ;
#4248 = CARTESIAN_POINT ( 'NONE',  ( 290.8331880951891435, 998.4269585144543271, -6.000000000000287770 ) ) ;
#4249 = DIRECTION ( 'NONE',  ( -0.3502424885566290946, -0.9366590624179427227, 0.000000000000000000 ) ) ;
#4250 = LINE ( 'NONE', #5736, #6771 ) ;
#4251 = ADVANCED_FACE ( 'NONE', ( #241 ), #3152, .F. ) ;
#4252 = AXIS2_PLACEMENT_3D ( 'NONE', #6753, #1584, #1633 ) ;
#4253 = EDGE_CURVE ( 'NONE', #7781, #6672, #1749, .T. ) ;
#4254 = DATE_AND_TIME ( #26, #6266 ) ;
#4255 = ORIENTED_EDGE ( 'NONE', *, *, #93, .T. ) ;
#4256 = EDGE_CURVE ( 'NONE', #1314, #209, #3059, .T. ) ;
#4257 = ADVANCED_FACE ( 'NONE', ( #5999 ), #6924, .F. ) ;
#4258 = DIRECTION ( 'NONE',  ( 1.000000000000000000, 0.000000000000000000, 1.110223024625155531E-13 ) ) ;
#4259 = AXIS2_PLACEMENT_3D ( 'NONE', #5871, #6692, #2253 ) ;
#4260 = CARTESIAN_POINT ( 'NONE',  ( 299.5726160487803895, 1023.416884035249154, 61.58012167084567778 ) ) ;
#4261 = DIRECTION ( 'NONE',  ( 0.000000000000000000, 0.000000000000000000, -1.000000000000000000 ) ) ;
#4262 = EDGE_LOOP ( 'NONE', ( #159, #3103, #4986, #7571 ) ) ;
#4263 = AXIS2_PLACEMENT_3D ( 'NONE', #7914, #7389, #6617 ) ;
#4264 = ORIENTED_EDGE ( 'NONE', *, *, #9410, .T. ) ;
#4265 = CARTESIAN_POINT ( 'NONE',  ( 307.4659226208879090, 1044.335727586279063, 5.999999999999714007 ) ) ;
#4266 =( BOUNDED_CURVE ( )  B_SPLINE_CURVE ( 3, ( #4744, #8215, #4548, #5377 ),
 .UNSPECIFIED., .F., .F. ) 
 B_SPLINE_CURVE_WITH_KNOTS ( ( 4, 4 ),
 ( 4.395355003737147825, 4.712388980384671022 ),
 .UNSPECIFIED. ) 
 CURVE ( )  GEOMETRIC_REPRESENTATION_ITEM ( )  RATIONAL_B_SPLINE_CURVE ( ( 1.000000000000000000, 0.9916416456224794729, 0.9916416456224794729, 1.000000000000000000 ) ) 
 REPRESENTATION_ITEM ( '' )  );
#4267 = VECTOR ( 'NONE', #2582, 1000.000000000000000 ) ;
#4268 = ORIENTED_EDGE ( 'NONE', *, *, #4244, .F. ) ;
#4269 = ORIENTED_EDGE ( 'NONE', *, *, #1671, .T. ) ;
#4270 = CARTESIAN_POINT ( 'NONE',  ( 269.9084903318434954, 1007.617763928632144, 5.999999999999712230 ) ) ;
#4271 = AXIS2_PLACEMENT_3D ( 'NONE', #7163, #591, #9281 ) ;
#4272 = LINE ( 'NONE', #7075, #2095 ) ;
#4273 = CARTESIAN_POINT ( 'NONE',  ( 278.4895149562690904, 1006.964972689837509, -5.978844085884198023 ) ) ;
#4274 = VECTOR ( 'NONE', #1505, 1000.000000000000000 ) ;
#4275 = EDGE_CURVE ( 'NONE', #8601, #5890, #5067, .T. ) ;
#4276 = EDGE_LOOP ( 'NONE', ( #4558, #2499, #2130, #5846, #3746, #2396, #2247, #5030, #7881, #2143 ) ) ;
#4277 = ORIENTED_EDGE ( 'NONE', *, *, #7006, .F. ) ;
#4278 = FACE_OUTER_BOUND ( 'NONE', #9167, .T. ) ;
#4279 = AXIS2_PLACEMENT_3D ( 'NONE', #678, #7351, #3699 ) ;
#4280 = FACE_OUTER_BOUND ( 'NONE', #6628, .T. ) ;
#4281 = VERTEX_POINT ( 'NONE', #2521 ) ;
#4282 = EDGE_CURVE ( 'NONE', #315, #4649, #3988, .T. ) ;
#4283 =( BOUNDED_CURVE ( )  B_SPLINE_CURVE ( 3, ( #297, #3893, #4652, #974 ),
 .UNSPECIFIED., .F., .F. ) 
 B_SPLINE_CURVE_WITH_KNOTS ( ( 4, 4 ),
 ( 0.4138636039995315374, 1.570796326794940523 ),
 .UNSPECIFIED. ) 
 CURVE ( )  GEOMETRIC_REPRESENTATION_ITEM ( )  RATIONAL_B_SPLINE_CURVE ( ( 1.000000000000000000, 0.8915347577003132074, 0.8915347577003132074, 1.000000000000000000 ) ) 
 REPRESENTATION_ITEM ( '' )  );
#4284 = LINE ( 'NONE', #3464, #3798 ) ;
#4285 = CIRCLE ( 'NONE', #6742, 5.005687066934383367 ) ;
#4286 = AXIS2_PLACEMENT_3D ( 'NONE', #1579, #4486, #4570 ) ;
#4287 = DIRECTION ( 'NONE',  ( 1.000000000000000000, 0.000000000000000000, 0.000000000000000000 ) ) ;
#4288 = ORIENTED_EDGE ( 'NONE', *, *, #4123, .F. ) ;
#4289 = FACE_OUTER_BOUND ( 'NONE', #3299, .T. ) ;
#4290 = ORIENTED_EDGE ( 'NONE', *, *, #7998, .T. ) ;
#4291 = DIRECTION ( 'NONE',  ( 0.9848077530122086864, -0.1736481776669271393, 0.000000000000000000 ) ) ;
#4292 = CIRCLE ( 'NONE', #734, 6.000000000000005329 ) ;
#4293 = ORIENTED_EDGE ( 'NONE', *, *, #1638, .F. ) ;
#4294 = ADVANCED_FACE ( 'NONE', ( #2431 ), #3263, .F. ) ;
#4295 = DIRECTION ( 'NONE',  ( 1.000000000000000000, 0.000000000000000000, 0.000000000000000000 ) ) ;
#4296 = CARTESIAN_POINT ( 'NONE',  ( 310.0081923387519964, 1050.005665032314710, -5.697028680836829118 ) ) ;
#4297 = EDGE_CURVE ( 'NONE', #2366, #5934, #2377, .T. ) ;
#4298 = VERTEX_POINT ( 'NONE', #3207 ) ;
#4299 = ORIENTED_EDGE ( 'NONE', *, *, #9033, .F. ) ;
#4300 = CARTESIAN_POINT ( 'NONE',  ( 310.2336641944685880, 1050.309960569685245, -5.949930407077936856 ) ) ;
#4301 = EDGE_CURVE ( 'NONE', #9225, #1766, #286, .T. ) ;
#4302 = DIRECTION ( 'NONE',  ( 1.000000000000000000, 0.000000000000000000, -0.000000000000000000 ) ) ;
#4303 = LINE ( 'NONE', #8590, #5842 ) ;
#4304 = CIRCLE ( 'NONE', #1367, 0.5000000000000004441 ) ;
#4305 = AXIS2_PLACEMENT_3D ( 'NONE', #6342, #6390, #2586 ) ;
#4306 = VERTEX_POINT ( 'NONE', #8401 ) ;
#4307 = CYLINDRICAL_SURFACE ( 'NONE', #2291, 0.5000000000000004441 ) ;
#4308 = DIRECTION ( 'NONE',  ( -0.000000000000000000, -0.000000000000000000, 1.000000000000000000 ) ) ;
#4309 = DIRECTION ( 'NONE',  ( -1.000000000000000000, 0.000000000000000000, -1.110223024625155531E-13 ) ) ;
#4310 = VERTEX_POINT ( 'NONE', #7637 ) ;
#4311 = VECTOR ( 'NONE', #5928, 1000.000000000000114 ) ;
#4312 = AXIS2_PLACEMENT_3D ( 'NONE', #5549, #2413, #5450 ) ;
#4313 = ORIENTED_EDGE ( 'NONE', *, *, #1869, .F. ) ;
#4314 = DIRECTION ( 'NONE',  ( -1.000000000000000000, 0.000000000000000000, 0.000000000000000000 ) ) ;
#4315 = ORIENTED_EDGE ( 'NONE', *, *, #5412, .T. ) ;
#4316 = ORIENTED_EDGE ( 'NONE', *, *, #4999, .T. ) ;
#4317 = CIRCLE ( 'NONE', #2923, 6.090834774869047230 ) ;
#4318 = DIRECTION ( 'NONE',  ( -0.000000000000000000, -0.000000000000000000, -1.000000000000000000 ) ) ;
#4319 = CARTESIAN_POINT ( 'NONE',  ( 339.5354375298346099, 1160.300838090886600, 6.299999999999712941 ) ) ;
#4320 = CARTESIAN_POINT ( 'NONE',  ( 282.9436847537759832, 1030.051438708948353, -5.792893218813783385 ) ) ;
#4321 = ORIENTED_EDGE ( 'NONE', *, *, #4910, .T. ) ;
#4322 = VERTEX_POINT ( 'NONE', #1602 ) ;
#4323 = DIRECTION ( 'NONE',  ( -0.9155739129316895486, 0.4021497357439824394, -0.000000000000000000 ) ) ;
#4324 = VECTOR ( 'NONE', #5434, 1000.000000000000000 ) ;
#4325 = EDGE_CURVE ( 'NONE', #6943, #4031, #4266, .T. ) ;
#4326 = CARTESIAN_POINT ( 'NONE',  ( 301.4760202787601315, 1047.196658736663267, 5.499999999999713118 ) ) ;
#4327 = ORIENTED_EDGE ( 'NONE', *, *, #5819, .F. ) ;
#4328 = CARTESIAN_POINT ( 'NONE',  ( -131.2704557287299281, 943.2025337540721921, 61.58012167084567778 ) ) ;
#4329 = FACE_OUTER_BOUND ( 'NONE', #6389, .T. ) ;
#4330 = DIRECTION ( 'NONE',  ( -0.000000000000000000, 0.000000000000000000, 1.000000000000000000 ) ) ;
#4331 = ORIENTED_EDGE ( 'NONE', *, *, #697, .F. ) ;
#4332 = ORIENTED_EDGE ( 'NONE', *, *, #5816, .F. ) ;
#4333 = DIRECTION ( 'NONE',  ( 1.000000000000000000, 0.000000000000000000, -1.110223024625155531E-13 ) ) ;
#4334 = CARTESIAN_POINT ( 'NONE',  ( 278.9869764753135541, 1006.906831917181648, 210.7946508136983255 ) ) ;
#4335 = EDGE_CURVE ( 'NONE', #3657, #8258, #4942, .T. ) ;
#4336 = VERTEX_POINT ( 'NONE', #7496 ) ;
#4337 = CYLINDRICAL_SURFACE ( 'NONE', #4862, 0.5000000000000004441 ) ;
#4338 = DIRECTION ( 'NONE',  ( 0.000000000000000000, 0.000000000000000000, 1.000000000000000000 ) ) ;
#4339 = EDGE_LOOP ( 'NONE', ( #580, #796, #8806, #1236 ) ) ;
#4340 = ORIENTED_EDGE ( 'NONE', *, *, #769, .T. ) ;
#4341 = CARTESIAN_POINT ( 'NONE',  ( -94.68424262075269837, 1009.538749024027766, -5.500000000000289546 ) ) ;
#4342 = CARTESIAN_POINT ( 'NONE',  ( -154.9387033414855637, 1003.733339038422173, 5.499999999999713118 ) ) ;
#4343 = CARTESIAN_POINT ( 'NONE',  ( 302.4261268691090550, 1029.430139217622354, 5.999999999999712230 ) ) ;
#4344 = EDGE_CURVE ( 'NONE', #7306, #1455, #3841, .T. ) ;
#4345 = COORDINATED_UNIVERSAL_TIME_OFFSET ( 8, 0, .AHEAD. ) ;
#4346 = EDGE_LOOP ( 'NONE', ( #2461, #5389, #9023 ) ) ;
#4347 = FACE_OUTER_BOUND ( 'NONE', #1405, .T. ) ;
#4348 = EDGE_CURVE ( 'NONE', #984, #6812, #144, .T. ) ;
#4349 = DIRECTION ( 'NONE',  ( 0.3502424885566311485, 0.9366590624179419455, 0.000000000000000000 ) ) ;
#4350 = CARTESIAN_POINT ( 'NONE',  ( 277.7014926486103263, 999.6164908613869784, 61.58012167084567778 ) ) ;
#4351 = DIRECTION ( 'NONE',  ( -0.000000000000000000, -0.000000000000000000, 1.000000000000000000 ) ) ;
#4352 = CARTESIAN_POINT ( 'NONE',  ( 285.8441037464766055, 1003.348853829284735, 61.58012167084567778 ) ) ;
#4353 = ORIENTED_EDGE ( 'NONE', *, *, #511, .T. ) ;
#4354 = ORIENTED_EDGE ( 'NONE', *, *, #6806, .T. ) ;
#4355 = CARTESIAN_POINT ( 'NONE',  ( 340.1753839368880676, 1130.383578298623661, 5.999999999999712230 ) ) ;
#4356 = VERTEX_POINT ( 'NONE', #6042 ) ;
#4357 = EDGE_CURVE ( 'NONE', #3635, #8193, #3068, .T. ) ;
#4358 = ORIENTED_EDGE ( 'NONE', *, *, #6325, .T. ) ;
#4359 = FACE_OUTER_BOUND ( 'NONE', #1, .T. ) ;
#4360 = ADVANCED_FACE ( 'NONE', ( #1217 ), #9274, .T. ) ;
#4361 = DIRECTION ( 'NONE',  ( -1.000000000000000000, 0.000000000000000000, 2.220446049250311061E-13 ) ) ;
#4362 = CARTESIAN_POINT ( 'NONE',  ( 345.1878035724723759, 1012.037830857242852, 5.999999999999712230 ) ) ;
#4363 = ORIENTED_EDGE ( 'NONE', *, *, #8636, .F. ) ;
#4364 = ORIENTED_EDGE ( 'NONE', *, *, #808, .T. ) ;
#4365 = CYLINDRICAL_SURFACE ( 'NONE', #437, 0.5000000000000004441 ) ;
#4366 = DIRECTION ( 'NONE',  ( 6.551380147520044900E-15, 9.117900205308980324E-16, 1.000000000000000000 ) ) ;
#4367 = CARTESIAN_POINT ( 'NONE',  ( 278.5157583202347951, 1007.113806202781348, 5.999999999999712230 ) ) ;
#4368 = ORIENTED_EDGE ( 'NONE', *, *, #3717, .T. ) ;
#4369 = CARTESIAN_POINT ( 'NONE',  ( 321.8232857621647440, 1144.425470996566219, 8.999999999999712230 ) ) ;
#4370 = FACE_OUTER_BOUND ( 'NONE', #5984, .T. ) ;
#4371 = EDGE_CURVE ( 'NONE', #6812, #7166, #900, .T. ) ;
#4372 = CARTESIAN_POINT ( 'NONE',  ( 327.5413952400728590, 1138.830542578913537, 8.999999999999712230 ) ) ;
#4373 = ORIENTED_EDGE ( 'NONE', *, *, #802, .F. ) ;
#4374 = DIRECTION ( 'NONE',  ( -0.000000000000000000, -0.000000000000000000, 1.000000000000000000 ) ) ;
#4375 = ORIENTED_EDGE ( 'NONE', *, *, #1350, .T. ) ;
#4376 = FACE_OUTER_BOUND ( 'NONE', #7445, .T. ) ;
#4377 = LINE ( 'NONE', #110, #6227 ) ;
#4378 = VERTEX_POINT ( 'NONE', #385 ) ;
#4379 = DIRECTION ( 'NONE',  ( 0.000000000000000000, 0.000000000000000000, -1.000000000000000000 ) ) ;
#4380 = DIRECTION ( 'NONE',  ( -0.9904535858622642852, -0.1378466330839548670, 0.000000000000000000 ) ) ;
#4381 = ORIENTED_EDGE ( 'NONE', *, *, #2125, .T. ) ;
#4382 = EDGE_CURVE ( 'NONE', #7214, #6018, #9317, .T. ) ;
#4383 = VECTOR ( 'NONE', #4985, 999.9999999999998863 ) ;
#4384 = EDGE_LOOP ( 'NONE', ( #4423, #3647, #3644, #5606 ) ) ;
#4385 = CARTESIAN_POINT ( 'NONE',  ( 277.2090887721042236, 999.7033149502203742, -5.975734776861973963 ) ) ;
#4386 = CARTESIAN_POINT ( 'NONE',  ( 277.6325693320683854, 1000.111717654317999, -5.500000000000289546 ) ) ;
#4387 = CARTESIAN_POINT ( 'NONE',  ( 298.5785918785733770, 1049.435881603485768, -5.500000000000287770 ) ) ;
#4388 = ADVANCED_FACE ( 'NONE', ( #7779 ), #1165, .F. ) ;
#4389 = VECTOR ( 'NONE', #1722, 1000.000000000000114 ) ;
#4390 = PERSON_AND_ORGANIZATION ( #6964, #9189 ) ;
#4391 = DIRECTION ( 'NONE',  ( -0.8692901189279573781, 0.4943022244884375249, -0.000000000000000000 ) ) ;
#4392 = FACE_OUTER_BOUND ( 'NONE', #4669, .T. ) ;
#4393 = CARTESIAN_POINT ( 'NONE',  ( 307.9182230312729871, 1132.089485758739102, 5.999999999999712230 ) ) ;
#4394 = LINE ( 'NONE', #9554, #6411 ) ;
#4395 = LINE ( 'NONE', #1404, #3035 ) ;
#4396 = CIRCLE ( 'NONE', #5468, 0.4999999999999201750 ) ;
#4397 = CYLINDRICAL_SURFACE ( 'NONE', #6928, 0.4999999999999205635 ) ;
#4398 = EDGE_LOOP ( 'NONE', ( #4353, #1709, #8878, #8485 ) ) ;
#4399 = CYLINDRICAL_SURFACE ( 'NONE', #1755, 0.4999999999999621969 ) ;
#4400 = ORIENTED_EDGE ( 'NONE', *, *, #1119, .T. ) ;
#4401 = ORIENTED_EDGE ( 'NONE', *, *, #2983, .F. ) ;
#4402 = AXIS2_PLACEMENT_3D ( 'NONE', #7425, #2203, #2350 ) ;
#4403 = FACE_OUTER_BOUND ( 'NONE', #2134, .T. ) ;
#4404 = CARTESIAN_POINT ( 'NONE',  ( -94.91769211850635202, 1012.027825425412971, 5.499999999999713118 ) ) ;
#4405 = ADVANCED_FACE ( 'NONE', ( #1849 ), #6974, .F. ) ;
#4406 = AXIS2_PLACEMENT_3D ( 'NONE', #5740, #30, #8684 ) ;
#4407 = CARTESIAN_POINT ( 'NONE',  ( 272.1043046966008774, 1035.287715857345120, 5.999999999999712230 ) ) ;
#4408 = EDGE_LOOP ( 'NONE', ( #6376, #894, #295, #4963, #8253 ) ) ;
#4409 = EDGE_CURVE ( 'NONE', #7458, #9206, #7920, .T. ) ;
#4410 = AXIS2_PLACEMENT_3D ( 'NONE', #2733, #6493, #5676 ) ;
#4411 = VERTEX_POINT ( 'NONE', #439 ) ;
#4412 = CARTESIAN_POINT ( 'NONE',  ( 294.8423041959673583, 1116.982560454410759, -10.75000000000028777 ) ) ;
#4413 = DIRECTION ( 'NONE',  ( -0.000000000000000000, -0.000000000000000000, -1.000000000000000000 ) ) ;
#4414 = VECTOR ( 'NONE', #8743, 1000.000000000000000 ) ;
#4415 = VERTEX_POINT ( 'NONE', #5604 ) ;
#4416 = AXIS2_PLACEMENT_3D ( 'NONE', #6557, #6660, #9496 ) ;
#4417 = FACE_OUTER_BOUND ( 'NONE', #3307, .T. ) ;
#4418 = AXIS2_PLACEMENT_3D ( 'NONE', #7122, #3361, #5663 ) ;
#4419 = LINE ( 'NONE', #1564, #4112 ) ;
#4420 = DIRECTION ( 'NONE',  ( 0.1491541315386218369, -0.9888139587632041039, 0.000000000000000000 ) ) ;
#4421 = VERTEX_POINT ( 'NONE', #2711 ) ;
#4422 = CARTESIAN_POINT ( 'NONE',  ( 344.7912167416586158, 1119.102250538167482, 8.299999999999714717 ) ) ;
#4423 = ORIENTED_EDGE ( 'NONE', *, *, #8148, .T. ) ;
#4424 = CARTESIAN_POINT ( 'NONE',  ( 303.8423041959673583, 1116.982560454410759, -10.75000000000028777 ) ) ;
#4425 = EDGE_CURVE ( 'NONE', #7239, #5801, #4077, .T. ) ;
#4426 = CC_DESIGN_APPROVAL ( #5300, ( #3171 ) ) ;
#4427 = LINE ( 'NONE', #1527, #3940 ) ;
#4428 = EDGE_CURVE ( 'NONE', #1021, #7834, #8550, .T. ) ;
#4429 = VERTEX_POINT ( 'NONE', #7830 ) ;
#4430 = AXIS2_PLACEMENT_3D ( 'NONE', #3391, #4825, #7766 ) ;
#4431 = DIRECTION ( 'NONE',  ( 1.000000000000000000, 0.000000000000000000, -0.000000000000000000 ) ) ;
#4432 = VERTEX_POINT ( 'NONE', #4889 ) ;
#4433 = EDGE_LOOP ( 'NONE', ( #2689, #1793, #7088 ) ) ;
#4434 = CARTESIAN_POINT ( 'NONE',  ( 306.6499202440455747, 1041.921596902509691, 61.58012167084567778 ) ) ;
#4435 = PLANE ( 'NONE',  #5045 ) ;
#4436 = CIRCLE ( 'NONE', #6124, 6.000000000000005329 ) ;
#4437 = EDGE_CURVE ( 'NONE', #4691, #6154, #6850, .T. ) ;
#4438 = PERSON_AND_ORGANIZATION ( #6964, #9189 ) ;
#4439 = DIRECTION ( 'NONE',  ( 1.000000000000000000, 0.000000000000000000, 0.000000000000000000 ) ) ;
#4440 = DIRECTION ( 'NONE',  ( -0.9956305605605064724, -0.09337979908937311946, 0.000000000000000000 ) ) ;
#4441 = EDGE_CURVE ( 'NONE', #2435, #4649, #3305, .T. ) ;
#4442 = VECTOR ( 'NONE', #7211, 1000.000000000000000 ) ;
#4443 = AXIS2_PLACEMENT_3D ( 'NONE', #4341, #5197, #8909 ) ;
#4444 = DIRECTION ( 'NONE',  ( -0.000000000000000000, -0.000000000000000000, 1.000000000000000000 ) ) ;
#4445 = CARTESIAN_POINT ( 'NONE',  ( 306.8405554429598396, 1041.235715822944940, 5.999999999999712230 ) ) ;
#4446 = CARTESIAN_POINT ( 'NONE',  ( 316.7601208771329198, 1067.914392930198346, 5.999999999999745093 ) ) ;
#4447 = CARTESIAN_POINT ( 'NONE',  ( 492.6058677437063125, 920.0663942819784324, 61.58012167084567778 ) ) ;
#4448 = CARTESIAN_POINT ( 'NONE',  ( 285.2422279838077657, 1045.261511316013411, -5.994012446905835567 ) ) ;
#4449 = ORIENTED_EDGE ( 'NONE', *, *, #6975, .T. ) ;
#4450 = FACE_OUTER_BOUND ( 'NONE', #6626, .T. ) ;
#4451 = AXIS2_PLACEMENT_3D ( 'NONE', #3434, #369, #2555 ) ;
#4452 = AXIS2_PLACEMENT_3D ( 'NONE', #7416, #3607, #3658 ) ;
#4453 = ORIENTED_EDGE ( 'NONE', *, *, #4010, .F. ) ;
#4454 = ORIENTED_EDGE ( 'NONE', *, *, #6683, .T. ) ;
#4455 = DIRECTION ( 'NONE',  ( 1.000000000000000000, 0.000000000000000000, 0.000000000000000000 ) ) ;
#4456 = CARTESIAN_POINT ( 'NONE',  ( 291.2818230294593036, 1001.506536842226637, -5.500000000000289546 ) ) ;
#4457 = CIRCLE ( 'NONE', #9074, 2.500000000000002220 ) ;
#4458 = VECTOR ( 'NONE', #3892, 1000.000000000000000 ) ;
#4459 = LINE ( 'NONE', #140, #4884 ) ;
#4460 = EDGE_LOOP ( 'NONE', ( #8981, #1341, #4914 ) ) ;
#4461 = ORIENTED_EDGE ( 'NONE', *, *, #2704, .T. ) ;
#4462 = DIRECTION ( 'NONE',  ( -0.9956305605605111353, -0.09337979908932293738, 0.000000000000000000 ) ) ;
#4463 = CARTESIAN_POINT ( 'NONE',  ( 291.7260464836525671, 1024.782185821985877, 5.499999999999711342 ) ) ;
#4464 = FACE_OUTER_BOUND ( 'NONE', #8518, .T. ) ;
#4465 = CIRCLE ( 'NONE', #3548, 6.090834774869047230 ) ;
#4466 = ADVANCED_FACE ( 'NONE', ( #7017 ), #8602, .T. ) ;
#4467 = AXIS2_PLACEMENT_3D ( 'NONE', #8675, #4380, #7143 ) ;
#4468 = ORIENTED_EDGE ( 'NONE', *, *, #8546, .F. ) ;
#4469 = EDGE_CURVE ( 'NONE', #2525, #688, #6221, .T. ) ;
#4470 = LINE ( 'NONE', #1974, #416 ) ;
#4471 = CARTESIAN_POINT ( 'NONE',  ( 324.8875726189783109, 1106.431028527239505, -6.000000000000287770 ) ) ;
#4472 = AXIS2_PLACEMENT_3D ( 'NONE', #1689, #8916, #8863 ) ;
#4473 = LINE ( 'NONE', #2294, #5947 ) ;
#4474 = ORIENTED_EDGE ( 'NONE', *, *, #2422, .F. ) ;
#4475 = CARTESIAN_POINT ( 'NONE',  ( 343.1176506735752696, 1035.568107679989453, -5.500000000000287770 ) ) ;
#4476 = VECTOR ( 'NONE', #5099, 1000.000000000000000 ) ;
#4477 = VERTEX_POINT ( 'NONE', #8647 ) ;
#4478 = DIRECTION ( 'NONE',  ( -0.000000000000000000, -0.000000000000000000, 1.000000000000000000 ) ) ;
#4479 = DIRECTION ( 'NONE',  ( -0.000000000000000000, -0.000000000000000000, -1.000000000000000000 ) ) ;
#4480 = EDGE_LOOP ( 'NONE', ( #4600, #1433, #8786 ) ) ;
#4481 = CARTESIAN_POINT ( 'NONE',  ( 303.9366866419267126, 1072.542765447157308, 5.499999999999713118 ) ) ;
#4482 = ORIENTED_EDGE ( 'NONE', *, *, #8474, .F. ) ;
#4483 = EDGE_CURVE ( 'NONE', #4907, #6524, #3354, .T. ) ;
#4484 = ORIENTED_EDGE ( 'NONE', *, *, #2794, .F. ) ;
#4485 = DIRECTION ( 'NONE',  ( -0.1491541315385348232, 0.9888139587632173155, 0.000000000000000000 ) ) ;
#4486 = DIRECTION ( 'NONE',  ( 0.8815943511951180867, -0.4720078388553086146, 0.000000000000000000 ) ) ;
#4487 = CARTESIAN_POINT ( 'NONE',  ( 293.0573451995954883, 1004.375057263605868, -5.850080869034648856 ) ) ;
#4488 = FACE_OUTER_BOUND ( 'NONE', #4793, .T. ) ;
#4489 = CARTESIAN_POINT ( 'NONE',  ( 303.8423041959673583, 1116.982560454410759, -13.25000000000028955 ) ) ;
#4490 = DIRECTION ( 'NONE',  ( -0.000000000000000000, -0.000000000000000000, -1.000000000000000000 ) ) ;
#4491 = CARTESIAN_POINT ( 'NONE',  ( 298.5785918785733770, 1049.435881603485768, 5.499999999999711342 ) ) ;
#4492 = DIRECTION ( 'NONE',  ( 1.000000000000000000, 0.000000000000000000, 0.000000000000000000 ) ) ;
#4493 = EDGE_CURVE ( 'NONE', #6997, #939, #6282, .T. ) ;
#4494 = CARTESIAN_POINT ( 'NONE',  ( 286.2826495528807982, 1048.282650003864092, 5.999999999999699796 ) ) ;
#4495 = VERTEX_POINT ( 'NONE', #5510 ) ;
#4496 = CARTESIAN_POINT ( 'NONE',  ( 291.2818230294593036, 1001.506536842226410, -5.500000000000287770 ) ) ;
#4497 = ORIENTED_EDGE ( 'NONE', *, *, #7946, .T. ) ;
#4498 = DIRECTION ( 'NONE',  ( -0.000000000000000000, -0.000000000000000000, 1.000000000000000000 ) ) ;
#4499 = DIRECTION ( 'NONE',  ( -0.000000000000000000, -0.000000000000000000, -1.000000000000000000 ) ) ;
#4500 = EDGE_CURVE ( 'NONE', #3029, #8186, #671, .T. ) ;
#4501 = DIRECTION ( 'NONE',  ( 1.000000000000000000, 0.000000000000000000, 0.000000000000000000 ) ) ;
#4502 = VERTEX_POINT ( 'NONE', #5744 ) ;
#4503 = EDGE_LOOP ( 'NONE', ( #7045, #2585, #7066, #5104 ) ) ;
#4504 = DIRECTION ( 'NONE',  ( -0.9366590624179432778, 0.3502424885566279289, 0.000000000000000000 ) ) ;
#4505 = CYLINDRICAL_SURFACE ( 'NONE', #374, 2.500000000000002220 ) ;
#4506 = EDGE_LOOP ( 'NONE', ( #3844, #2375, #6859, #3601 ) ) ;
#4507 = ORIENTED_EDGE ( 'NONE', *, *, #8444, .T. ) ;
#4508 = DIRECTION ( 'NONE',  ( -0.1736481776669271671, -0.9848077530122086864, 0.000000000000000000 ) ) ;
#4509 = DIRECTION ( 'NONE',  ( 0.000000000000000000, 0.000000000000000000, 1.000000000000000000 ) ) ;
#4510 = CARTESIAN_POINT ( 'NONE',  ( 339.5354375298346099, 1160.300838090886600, 8.799999999999712941 ) ) ;
#4511 = CARTESIAN_POINT ( 'NONE',  ( 278.5157583202347951, 1007.113806202781348, -6.000000000000287770 ) ) ;
#4512 = EDGE_LOOP ( 'NONE', ( #2417, #3272, #632, #5294 ) ) ;
#4513 = DIRECTION ( 'NONE',  ( 0.000000000000000000, 0.000000000000000000, 1.000000000000000000 ) ) ;
#4514 = EDGE_CURVE ( 'NONE', #5632, #4064, #8689, .T. ) ;
#4515 = ORIENTED_EDGE ( 'NONE', *, *, #1144, .T. ) ;
#4516 = CARTESIAN_POINT ( 'NONE',  ( 278.3836572152012536, 1004.441301513690860, 5.792893218813166989 ) ) ;
#4517 = VERTEX_POINT ( 'NONE', #9414 ) ;
#4518 = CARTESIAN_POINT ( 'NONE',  ( 307.4710912660822828, 1043.756279812330831, -5.792893218813651046 ) ) ;
#4519 = ORIENTED_EDGE ( 'NONE', *, *, #3437, .F. ) ;
#4520 = ORIENTED_EDGE ( 'NONE', *, *, #7539, .T. ) ;
#4521 = CARTESIAN_POINT ( 'NONE',  ( 347.0085846824679834, 1140.092221637931743, 6.299999999999712941 ) ) ;
#4522 = ADVANCED_FACE ( 'NONE', ( #4450 ), #2131, .T. ) ;
#4523 = DIRECTION ( 'NONE',  ( -0.000000000000000000, -0.000000000000000000, 1.000000000000000000 ) ) ;
#4524 = EDGE_LOOP ( 'NONE', ( #6348, #3574, #9367, #275 ) ) ;
#4525 = FACE_OUTER_BOUND ( 'NONE', #1523, .T. ) ;
#4526 = ADVANCED_FACE ( 'NONE', ( #5163 ), #1407, .F. ) ;
#4527 = EDGE_CURVE ( 'NONE', #8944, #3303, #8072, .T. ) ;
#4528 = CARTESIAN_POINT ( 'NONE',  ( 291.4601975172985249, 1001.531362157544322, 5.999999999999699796 ) ) ;
#4529 = VECTOR ( 'NONE', #725, 1000.000000000000000 ) ;
#4530 = DIRECTION ( 'NONE',  ( -0.000000000000000000, -0.000000000000000000, -1.000000000000000000 ) ) ;
#4531 = CYLINDRICAL_SURFACE ( 'NONE', #1206, 0.5000000000000004441 ) ;
#4532 = FACE_OUTER_BOUND ( 'NONE', #3327, .T. ) ;
#4533 = EDGE_CURVE ( 'NONE', #6396, #4429, #3634, .T. ) ;
#4534 = DIRECTION ( 'NONE',  ( -0.000000000000000000, -0.000000000000000000, -1.000000000000000000 ) ) ;
#4535 = LINE ( 'NONE', #3139, #5534 ) ;
#4536 = EDGE_LOOP ( 'NONE', ( #3993, #6054, #7175, #4277 ) ) ;
#4537 = DIRECTION ( 'NONE',  ( 1.000000000000000000, 4.930380657631862169E-26, -1.110223024625155531E-13 ) ) ;
#4538 = ADVANCED_FACE ( 'NONE', ( #5930 ), #7205, .T. ) ;
#4539 = EDGE_CURVE ( 'NONE', #4031, #530, #6625, .T. ) ;
#4540 = DIRECTION ( 'NONE',  ( -0.1491541315386218369, 0.9888139587632041039, -6.591949208712919615E-14 ) ) ;
#4541 = ORIENTED_EDGE ( 'NONE', *, *, #3444, .F. ) ;
#4542 = DIRECTION ( 'NONE',  ( 0.000000000000000000, 0.000000000000000000, -1.000000000000000000 ) ) ;
#4543 = VECTOR ( 'NONE', #4797, 1000.000000000000000 ) ;
#4544 = CARTESIAN_POINT ( 'NONE',  ( 293.3979569278980648, 1048.949991886945782, 5.499999999999713118 ) ) ;
#4545 = DIRECTION ( 'NONE',  ( -0.1815689199582223023, 0.9833782218989826074, 0.000000000000000000 ) ) ;
#4546 = ORIENTED_EDGE ( 'NONE', *, *, #3955, .T. ) ;
#4547 = ORIENTED_EDGE ( 'NONE', *, *, #3879, .T. ) ;
#4548 = CARTESIAN_POINT ( 'NONE',  ( 283.0405475926251597, 1032.775161340890236, -6.000000000000287770 ) ) ;
#4549 = DIRECTION ( 'NONE',  ( 1.000000000000000000, 0.000000000000000000, 5.204170427930416550E-15 ) ) ;
#4550 = AXIS2_PLACEMENT_3D ( 'NONE', #716, #7433, #3819 ) ;
#4551 = ORIENTED_EDGE ( 'NONE', *, *, #3728, .F. ) ;
#4552 = VERTEX_POINT ( 'NONE', #5845 ) ;
#4553 = CARTESIAN_POINT ( 'NONE',  ( 310.0772491511110047, 1050.514336151227326, -6.000000000000287770 ) ) ;
#4554 = DIRECTION ( 'NONE',  ( 0.3502424885566307600, 0.9366590624179420566, 0.000000000000000000 ) ) ;
#4555 = CARTESIAN_POINT ( 'NONE',  ( -94.73093252029735822, 1010.036564304307831, 61.58012167084567778 ) ) ;
#4556 = CARTESIAN_POINT ( 'NONE',  ( 308.5391745496217482, 1072.350800513731429, -5.500000000000289546 ) ) ;
#4557 = AXIS2_PLACEMENT_3D ( 'NONE', #2544, #1724, #6254 ) ;
#4558 = ORIENTED_EDGE ( 'NONE', *, *, #5819, .T. ) ;
#4559 = LINE ( 'NONE', #8987, #3531 ) ;
#4560 = ORIENTED_EDGE ( 'NONE', *, *, #2117, .F. ) ;
#4561 = CARTESIAN_POINT ( 'NONE',  ( 316.3488848050657793, 1138.830542578913537, -8.800000000000286704 ) ) ;
#4562 = CARTESIAN_POINT ( 'NONE',  ( 330.1818223987274337, 1095.092143408788843, 6.299999999999712941 ) ) ;
#4563 = ORIENTED_EDGE ( 'NONE', *, *, #6619, .T. ) ;
#4564 = CARTESIAN_POINT ( 'NONE',  ( 287.0438181015183545, 1055.478836596989595, -5.500000000000287770 ) ) ;
#4565 = VERTEX_POINT ( 'NONE', #4355 ) ;
#4566 = AXIS2_PLACEMENT_3D ( 'NONE', #4801, #4659, #346 ) ;
#4567 = AXIS2_PLACEMENT_3D ( 'NONE', #5987, #1592, #4540 ) ;
#4568 = EDGE_LOOP ( 'NONE', ( #8661, #6893, #1093, #4611, #6687, #2232 ) ) ;
#4569 = CARTESIAN_POINT ( 'NONE',  ( 339.8506568378894031, 1120.949661261010760, 6.299999999999712941 ) ) ;
#4570 = DIRECTION ( 'NONE',  ( 0.4720078388552952364, 0.8815943511951251921, 0.000000000000000000 ) ) ;
#4571 = AXIS2_PLACEMENT_3D ( 'NONE', #379, #3346, #4740 ) ;
#4572 = EDGE_LOOP ( 'NONE', ( #7894, #8514, #1274, #5563 ) ) ;
#4573 = CARTESIAN_POINT ( 'NONE',  ( 299.1931942579636257, 1020.784256072789958, 5.999999999999712230 ) ) ;
#4574 = VECTOR ( 'NONE', #1370, 1000.000000000000114 ) ;
#4575 = EDGE_CURVE ( 'NONE', #9225, #1787, #1453, .T. ) ;
#4576 = EDGE_CURVE ( 'NONE', #4907, #1942, #2179, .T. ) ;
#4577 = CARTESIAN_POINT ( 'NONE',  ( 303.0916329489322720, 1046.845992106606673, -5.500000000000287770 ) ) ;
#4578 = DIRECTION ( 'NONE',  ( 1.000000000000000000, 0.000000000000000000, 0.000000000000000000 ) ) ;
#4579 = CARTESIAN_POINT ( 'NONE',  ( 283.1948708375789465, 1032.752724392331174, 5.999999999999712230 ) ) ;
#4580 = EDGE_CURVE ( 'NONE', #224, #2231, #2804, .T. ) ;
#4581 =( BOUNDED_CURVE ( )  B_SPLINE_CURVE ( 3, ( #287, #7682, #1647, #4591 ),
 .UNSPECIFIED., .F., .F. ) 
 B_SPLINE_CURVE_WITH_KNOTS ( ( 4, 4 ),
 ( 3.658624606081343433, 4.712388980384728754 ),
 .UNSPECIFIED. ) 
 CURVE ( )  GEOMETRIC_REPRESENTATION_ITEM ( )  RATIONAL_B_SPLINE_CURVE ( ( 1.000000000000000000, 0.9095860218280822362, 0.9095860218280822362, 1.000000000000000000 ) ) 
 REPRESENTATION_ITEM ( '' )  );
#4582 = CARTESIAN_POINT ( 'NONE',  ( 286.0451786143489130, 1003.806640785750460, -6.000000000000287770 ) ) ;
#4583 = DIRECTION ( 'NONE',  ( 0.6993660522065797691, 0.7147636847385179237, -0.000000000000000000 ) ) ;
#4584 = VECTOR ( 'NONE', #9107, 1000.000000000000000 ) ;
#4585 = VECTOR ( 'NONE', #6656, 1000.000000000000000 ) ;
#4586 = DIRECTION ( 'NONE',  ( -0.09337979908932005080, 0.9956305605605114684, 0.000000000000000000 ) ) ;
#4587 = CARTESIAN_POINT ( 'NONE',  ( 285.2500090017418302, 1045.305639661561372, -5.982144731616872768 ) ) ;
#4588 = VERTEX_POINT ( 'NONE', #8688 ) ;
#4589 = DIRECTION ( 'NONE',  ( -1.000000000000000000, 0.000000000000000000, 0.000000000000000000 ) ) ;
#4590 = AXIS2_PLACEMENT_3D ( 'NONE', #4688, #86, #1649 ) ;
#4591 = CARTESIAN_POINT ( 'NONE',  ( 315.6532196658669704, 1066.004831307415998, -5.500000000000287770 ) ) ;
#4592 = EDGE_LOOP ( 'NONE', ( #1128, #2040, #9366, #3596 ) ) ;
#4593 = FACE_OUTER_BOUND ( 'NONE', #5128, .T. ) ;
#4594 = DIRECTION ( 'NONE',  ( -0.000000000000000000, 0.000000000000000000, 1.000000000000000000 ) ) ;
#4595 = CC_DESIGN_PERSON_AND_ORGANIZATION_ASSIGNMENT ( #8680, #2071, ( #5165 ) ) ;
#4596 = CARTESIAN_POINT ( 'NONE',  ( 304.5877450729034308, 1075.172873751232828, -5.500000000000287770 ) ) ;
#4597 = ORIENTED_EDGE ( 'NONE', *, *, #1053, .T. ) ;
#4598 = CIRCLE ( 'NONE', #5516, 0.5000000000001001421 ) ;
#4599 = CIRCLE ( 'NONE', #6293, 0.4999999999999429900 ) ;
#4600 = ORIENTED_EDGE ( 'NONE', *, *, #9425, .F. ) ;
#4601 = DIRECTION ( 'NONE',  ( 1.000000000000000000, 9.860761315263724339E-26, 2.220446049250311061E-13 ) ) ;
#4602 = DIRECTION ( 'NONE',  ( 1.000000000000000000, 0.000000000000000000, 0.000000000000000000 ) ) ;
#4603 = ORIENTED_EDGE ( 'NONE', *, *, #4425, .T. ) ;
#4604 = ORIENTED_EDGE ( 'NONE', *, *, #1200, .T. ) ;
#4605 = AXIS2_PLACEMENT_3D ( 'NONE', #8132, #648, #1522 ) ;
#4606 = CARTESIAN_POINT ( 'NONE',  ( 285.6169027367602098, 1000.718120100459373, 5.999999999999712230 ) ) ;
#4607 = DIRECTION ( 'NONE',  ( 0.8692901189279664820, -0.4943022244884216487, 0.000000000000000000 ) ) ;
#4608 = AXIS2_PLACEMENT_3D ( 'NONE', #6392, #5717, #1900 ) ;
#4609 = EDGE_CURVE ( 'NONE', #8018, #2223, #1685, .T. ) ;
#4610 = CYLINDRICAL_SURFACE ( 'NONE', #5178, 0.4999999999999388822 ) ;
#4611 = ORIENTED_EDGE ( 'NONE', *, *, #9547, .T. ) ;
#4612 = DIRECTION ( 'NONE',  ( 0.8815943511951235267, -0.4720078388552984006, 0.000000000000000000 ) ) ;
#4613 = EDGE_CURVE ( 'NONE', #5934, #6180, #3588, .T. ) ;
#4614 = VERTEX_POINT ( 'NONE', #7298 ) ;
#4615 = CARTESIAN_POINT ( 'NONE',  ( 327.5413952400728590, 1138.830542578913537, -6.000000000000287770 ) ) ;
#4616 = AXIS2_PLACEMENT_3D ( 'NONE', #7818, #5776, #2751 ) ;
#4618 = AXIS2_PLACEMENT_3D ( 'NONE', #9190, #2681, #4189 ) ;
#4617 = DIRECTION ( 'NONE',  ( 1.000000000000000000, 0.000000000000000000, 0.000000000000000000 ) ) ;
#4619 = ORIENTED_EDGE ( 'NONE', *, *, #5831, .T. ) ;
#4620 = VECTOR ( 'NONE', #4391, 1000.000000000000114 ) ;
#4621 = CYLINDRICAL_SURFACE ( 'NONE', #1015, 0.5000000000000004441 ) ;
#4622 = AXIS2_PLACEMENT_3D ( 'NONE', #2208, #8860, #5200 ) ;
#4623 = ORIENTED_EDGE ( 'NONE', *, *, #2987, .F. ) ;
#4624 = ORIENTED_EDGE ( 'NONE', *, *, #2501, .F. ) ;
#4625 = DIRECTION ( 'NONE',  ( -0.4977330300469108293, -0.8673302893363755706, 0.000000000000000000 ) ) ;
#4626 = ADVANCED_FACE ( 'NONE', ( #670 ), #4399, .F. ) ;
#4627 = DIRECTION ( 'NONE',  ( -0.9833288001032860493, -0.1818363849383054232, 0.000000000000000000 ) ) ;
#4628 = ORIENTED_EDGE ( 'NONE', *, *, #4948, .T. ) ;
#4629 = DIRECTION ( 'NONE',  ( -0.9155739129317258529, 0.4021497357438999498, 0.000000000000000000 ) ) ;
#4630 =( BOUNDED_CURVE ( )  B_SPLINE_CURVE ( 3, ( #2425, #3783, #923, #3146 ),
 .UNSPECIFIED., .F., .F. ) 
 B_SPLINE_CURVE_WITH_KNOTS ( ( 4, 4 ),
 ( 3.141592653589770912, 4.712388980384684345 ),
 .UNSPECIFIED. ) 
 CURVE ( )  GEOMETRIC_REPRESENTATION_ITEM ( )  RATIONAL_B_SPLINE_CURVE ( ( 1.000000000000000000, 0.8047378541243610517, 0.8047378541243610517, 1.000000000000000000 ) ) 
 REPRESENTATION_ITEM ( '' )  );
#4631 = VERTEX_POINT ( 'NONE', #5119 ) ;
#4632 = CARTESIAN_POINT ( 'NONE',  ( 299.5726160487803895, 1023.416884035249154, -5.500000000000289546 ) ) ;
#4633 = FACE_OUTER_BOUND ( 'NONE', #3012, .T. ) ;
#4634 = DIRECTION ( 'NONE',  ( 0.9366590624179422786, -0.3502424885566302049, 0.000000000000000000 ) ) ;
#4635 = CYLINDRICAL_SURFACE ( 'NONE', #3550, 0.5000000000000004441 ) ;
#4636 = DIRECTION ( 'NONE',  ( 1.000000000000000000, 0.000000000000000000, 5.204170427930416550E-15 ) ) ;
#4637 = LINE ( 'NONE', #7583, #1687 ) ;
#4638 = EDGE_CURVE ( 'NONE', #5240, #3763, #8057, .T. ) ;
#4639 = ORIENTED_EDGE ( 'NONE', *, *, #5341, .F. ) ;
#4640 = CYLINDRICAL_SURFACE ( 'NONE', #6531, 8.000000000000007105 ) ;
#4641 = EDGE_CURVE ( 'NONE', #4965, #941, #574, .T. ) ;
#4642 = CARTESIAN_POINT ( 'NONE',  ( 287.1047823649813040, 1055.824582116012607, -6.000000000000282441 ) ) ;
#4643 =( BOUNDED_CURVE ( )  B_SPLINE_CURVE ( 3, ( #5884, #3733, #4446, #8919 ),
 .UNSPECIFIED., .F., .F. ) 
 B_SPLINE_CURVE_WITH_KNOTS ( ( 4, 4 ),
 ( 1.570796326794823949, 3.141592653589902362 ),
 .UNSPECIFIED. ) 
 CURVE ( )  GEOMETRIC_REPRESENTATION_ITEM ( )  RATIONAL_B_SPLINE_CURVE ( ( 1.000000000000000000, 0.8047378541243221939, 0.8047378541243221939, 1.000000000000000000 ) ) 
 REPRESENTATION_ITEM ( '' )  );
#4644 = ORIENTED_EDGE ( 'NONE', *, *, #3449, .F. ) ;
#4645 = LINE ( 'NONE', #8254, #8745 ) ;
#4646 = DIRECTION ( 'NONE',  ( 0.8692901189279650387, -0.4943022244884240357, 0.000000000000000000 ) ) ;
#4647 = DIRECTION ( 'NONE',  ( -0.3502424885566279289, -0.9366590624179432778, 0.000000000000000000 ) ) ;
#4648 = ORIENTED_EDGE ( 'NONE', *, *, #7719, .F. ) ;
#4649 = VERTEX_POINT ( 'NONE', #2948 ) ;
#4650 = DIRECTION ( 'NONE',  ( -0.000000000000000000, -0.000000000000000000, 1.000000000000000000 ) ) ;
#4651 = EDGE_CURVE ( 'NONE', #8424, #984, #3779, .T. ) ;
#4652 = CARTESIAN_POINT ( 'NONE',  ( 290.7629172782567366, 999.0039292898319445, 5.704419198344358399 ) ) ;
#4653 = ORIENTED_EDGE ( 'NONE', *, *, #3369, .T. ) ;
#4654 = ORIENTED_EDGE ( 'NONE', *, *, #7461, .T. ) ;
#4655 = ADVANCED_FACE ( 'NONE', ( #8483 ), #4640, .T. ) ;
#4656 = CYLINDRICAL_SURFACE ( 'NONE', #6889, 0.5000000000000004441 ) ;
#4657 = CARTESIAN_POINT ( 'NONE',  ( 307.4710912660824533, 1043.756279812330604, 5.792893218813177647 ) ) ;
#4658 = DIRECTION ( 'NONE',  ( -0.9956305605605113573, -0.09337979908932034223, 0.000000000000000000 ) ) ;
#4659 = DIRECTION ( 'NONE',  ( -0.000000000000000000, -0.000000000000000000, -1.000000000000000000 ) ) ;
#4660 = EDGE_CURVE ( 'NONE', #8605, #8225, #5758, .T. ) ;
#4661 = ORIENTED_EDGE ( 'NONE', *, *, #142, .F. ) ;
#4662 = VERTEX_POINT ( 'NONE', #3828 ) ;
#4663 = CARTESIAN_POINT ( 'NONE',  ( 282.0501109898323193, 982.5281748859821391, -9.000000000000287770 ) ) ;
#4664 = CARTESIAN_POINT ( 'NONE',  ( 281.3845185166587157, 1023.383353749603998, 5.973945654871526401 ) ) ;
#4665 = EDGE_CURVE ( 'NONE', #8601, #5496, #4102, .T. ) ;
#4666 = ORIENTED_EDGE ( 'NONE', *, *, #9479, .F. ) ;
#4667 = ADVANCED_FACE ( 'NONE', ( #3097 ), #2367, .T. ) ;
#4668 = CARTESIAN_POINT ( 'NONE',  ( 336.6048510312743360, 1080.115111583732642, 5.999999999999712230 ) ) ;
#4669 = EDGE_LOOP ( 'NONE', ( #7509, #4515, #2498, #1599, #3963 ) ) ;
#4670 = EDGE_LOOP ( 'NONE', ( #1090, #3981, #638, #141 ) ) ;
#4671 = CARTESIAN_POINT ( 'NONE',  ( 343.7430501352908436, 1131.359150616601937, -17.24497290464283950 ) ) ;
#4672 = CARTESIAN_POINT ( 'NONE',  ( 287.3483197264637852, 1055.304092882510986, -5.500000000000287770 ) ) ;
#4673 = ORIENTED_EDGE ( 'NONE', *, *, #3296, .F. ) ;
#4674 = DIRECTION ( 'NONE',  ( 0.8673302893362122568, -0.4977330300471953795, 0.000000000000000000 ) ) ;
#4675 = VERTEX_POINT ( 'NONE', #5266 ) ;
#4676 = ADVANCED_FACE ( 'NONE', ( #5311 ), #9014, .F. ) ;
#4677 = EDGE_CURVE ( 'NONE', #5891, #8105, #1643, .T. ) ;
#4678 = CYLINDRICAL_SURFACE ( 'NONE', #2884, 0.4999999999999621969 ) ;
#4679 = DIRECTION ( 'NONE',  ( 0.000000000000000000, 0.000000000000000000, -1.000000000000000000 ) ) ;
#4680 = DIRECTION ( 'NONE',  ( 1.000000000000000000, -4.991449805108841820E-15, 0.000000000000000000 ) ) ;
#4681 = ADVANCED_FACE ( 'NONE', ( #7043 ), #5364, .T. ) ;
#4682 = DIRECTION ( 'NONE',  ( 0.1378466330837791187, -0.9904535858622887101, 0.000000000000000000 ) ) ;
#4683 = CARTESIAN_POINT ( 'NONE',  ( 306.8405554429598396, 1041.235715822944940, -6.000000000000287770 ) ) ;
#4684 = LINE ( 'NONE', #3923, #905 ) ;
#4685 = VECTOR ( 'NONE', #9454, 1000.000000000000000 ) ;
#4686 = DIRECTION ( 'NONE',  ( 0.8692901189279664820, -0.4943022244884216487, 0.000000000000000000 ) ) ;
#4687 = VERTEX_POINT ( 'NONE', #6861 ) ;
#4688 = CARTESIAN_POINT ( 'NONE',  ( 525.5164649254979850, 915.7446262538589963, -5.500000000000289546 ) ) ;
#4689 = DIRECTION ( 'NONE',  ( 0.000000000000000000, 0.000000000000000000, -1.000000000000000000 ) ) ;
#4690 = VECTOR ( 'NONE', #595, 1000.000000000000000 ) ;
#4691 = VERTEX_POINT ( 'NONE', #919 ) ;
#4692 = VERTEX_POINT ( 'NONE', #3382 ) ;
#4693 = DIRECTION ( 'NONE',  ( -0.9956305605605111353, -0.09337979908932293738, 0.000000000000000000 ) ) ;
#4694 = CYLINDRICAL_SURFACE ( 'NONE', #1000, 0.4999999999999883982 ) ;
#4695 = ORIENTED_EDGE ( 'NONE', *, *, #8003, .T. ) ;
#4696 = ORIENTED_EDGE ( 'NONE', *, *, #8536, .F. ) ;
#4697 = EDGE_CURVE ( 'NONE', #3895, #6506, #225, .T. ) ;
#4698 = VECTOR ( 'NONE', #5962, 1000.000000000000114 ) ;
#4699 = FACE_OUTER_BOUND ( 'NONE', #4460, .T. ) ;
#4700 = ADVANCED_FACE ( 'NONE', ( #6128 ), #7484, .F. ) ;
#4701 = DIRECTION ( 'NONE',  ( 1.000000000000000000, 0.000000000000000000, 0.000000000000000000 ) ) ;
#4702 = DIRECTION ( 'NONE',  ( 1.000000000000000000, 0.000000000000000000, 0.000000000000000000 ) ) ;
#4703 = EDGE_CURVE ( 'NONE', #8601, #7694, #5610, .T. ) ;
#4704 = EDGE_CURVE ( 'NONE', #886, #9272, #6690, .T. ) ;
#4705 = DIRECTION ( 'NONE',  ( -0.9956305605605063613, -0.09337979908937310558, -0.000000000000000000 ) ) ;
#4706 = VERTEX_POINT ( 'NONE', #2418 ) ;
#4707 = FACE_OUTER_BOUND ( 'NONE', #6727, .T. ) ;
#4708 = EDGE_CURVE ( 'NONE', #6092, #2627, #6934, .T. ) ;
#4709 = CIRCLE ( 'NONE', #9158, 44.48499205536726464 ) ;
#4710 = ORIENTED_EDGE ( 'NONE', *, *, #677, .F. ) ;
#4711 = CARTESIAN_POINT ( 'NONE',  ( 316.5626879312349047, 1106.925505108522884, 61.58012167084567778 ) ) ;
#4712 = ORIENTED_EDGE ( 'NONE', *, *, #5709, .T. ) ;
#4713 = VECTOR ( 'NONE', #9006, 1000.000000000000114 ) ;
#4714 = CARTESIAN_POINT ( 'NONE',  ( 278.5086114740158791, 1007.073274423752764, -6.000000000000287770 ) ) ;
#4715 = ORIENTED_EDGE ( 'NONE', *, *, #2501, .T. ) ;
#4716 = EDGE_CURVE ( 'NONE', #1521, #8141, #2325, .T. ) ;
#4717 = ORIENTED_EDGE ( 'NONE', *, *, #6443, .F. ) ;
#4718 = DIRECTION ( 'NONE',  ( 0.3502424885566311485, 0.9366590624179419455, -0.000000000000000000 ) ) ;
#4719 = EDGE_LOOP ( 'NONE', ( #5528, #2666, #6435, #9379 ) ) ;
#4720 = CARTESIAN_POINT ( 'NONE',  ( 334.0332462475978446, 1119.667891162092246, 8.999999999999712230 ) ) ;
#4721 = EDGE_LOOP ( 'NONE', ( #4833, #3330, #5373, #552 ) ) ;
#4722 = VECTOR ( 'NONE', #7414, 1000.000000000000114 ) ;
#4723 = CARTESIAN_POINT ( 'NONE',  ( 318.5985410860433262, 1074.806004723765909, -5.500000000000289546 ) ) ;
#4724 = AXIS2_PLACEMENT_3D ( 'NONE', #5554, #4786, #4208 ) ;
#4725 = DIRECTION ( 'NONE',  ( 1.000000000000000000, 0.000000000000000000, 0.000000000000000000 ) ) ;
#4726 = DIRECTION ( 'NONE',  ( -0.000000000000000000, 0.000000000000000000, 1.000000000000000000 ) ) ;
#4727 = VECTOR ( 'NONE', #1317, 1000.000000000000000 ) ;
#4728 = ORIENTED_EDGE ( 'NONE', *, *, #3717, .F. ) ;
#4729 = CARTESIAN_POINT ( 'NONE',  ( 308.7863256618659307, 1072.785445573195602, -5.500000000000287770 ) ) ;
#4730 = CYLINDRICAL_SURFACE ( 'NONE', #5352, 0.4999999999999388822 ) ;
#4731 = CARTESIAN_POINT ( 'NONE',  ( 291.7626793618946408, 1082.240828672260250, 5.961177496309142398 ) ) ;
#4732 = EDGE_CURVE ( 'NONE', #5578, #9036, #5302, .T. ) ;
#4733 = AXIS2_PLACEMENT_3D ( 'NONE', #8246, #6177, #6030 ) ;
#4734 = ADVANCED_FACE ( 'NONE', ( #2826 ), #7991, .F. ) ;
#4735 = CARTESIAN_POINT ( 'NONE',  ( 341.3966675867607137, 1133.649676604258275, 5.999999999999712230 ) ) ;
#4736 = EDGE_LOOP ( 'NONE', ( #9303, #3081, #6540, #8830 ) ) ;
#4737 = AXIS2_PLACEMENT_3D ( 'NONE', #325, #4061, #4817 ) ;
#4738 = CYLINDRICAL_SURFACE ( 'NONE', #3380, 0.5000000000000004441 ) ;
#4739 = VECTOR ( 'NONE', #9443, 1000.000000000000114 ) ;
#4740 = DIRECTION ( 'NONE',  ( 1.000000000000000000, 0.000000000000000000, -5.551115123125777653E-13 ) ) ;
#4741 = LINE ( 'NONE', #1652, #7661 ) ;
#4742 = ORIENTED_EDGE ( 'NONE', *, *, #9365, .F. ) ;
#4743 = EDGE_LOOP ( 'NONE', ( #5466, #1560, #1240, #8628 ) ) ;
#4744 = CARTESIAN_POINT ( 'NONE',  ( 283.0217578369321814, 1032.668599341033996, -5.975082126565473217 ) ) ;
#4745 = AXIS2_PLACEMENT_3D ( 'NONE', #536, #3498, #6238 ) ;
#4746 = ORIENTED_EDGE ( 'NONE', *, *, #2042, .F. ) ;
#4747 = ORIENTED_EDGE ( 'NONE', *, *, #1426, .F. ) ;
#4748 = DIRECTION ( 'NONE',  ( -0.9819849609590947104, 0.1889590867097033222, 0.000000000000000000 ) ) ;
#4749 = PLANE ( 'NONE',  #2283 ) ;
#4750 = EDGE_CURVE ( 'NONE', #673, #7916, #2064, .T. ) ;
#4751 = DIRECTION ( 'NONE',  ( -1.000000000000000000, 0.000000000000000000, 0.000000000000000000 ) ) ;
#4752 = CIRCLE ( 'NONE', #6754, 44.48499205536726464 ) ;
#4753 = VECTOR ( 'NONE', #8191, 1000.000000000000000 ) ;
#4754 = DIRECTION ( 'NONE',  ( 0.6284893477611217527, -0.7778181919644202580, 0.000000000000000000 ) ) ;
#4755 = ORIENTED_EDGE ( 'NONE', *, *, #1671, .F. ) ;
#4756 = CARTESIAN_POINT ( 'NONE',  ( 308.7863256618659307, 1072.785445573195602, 5.499999999999713118 ) ) ;
#4757 = EDGE_LOOP ( 'NONE', ( #3946, #48, #6832, #4787 ) ) ;
#4758 = PLANE ( 'NONE',  #8476 ) ;
#4759 = ADVANCED_FACE ( 'NONE', ( #7097 ), #7942, .F. ) ;
#4760 = CARTESIAN_POINT ( 'NONE',  ( 281.5823829705484513, 1023.757757199251159, 5.722450699545244213 ) ) ;
#4761 = AXIS2_PLACEMENT_3D ( 'NONE', #6562, #8051, #4258 ) ;
#4762 = AXIS2_PLACEMENT_3D ( 'NONE', #2724, #9235, #1806 ) ;
#4763 = AXIS2_PLACEMENT_3D ( 'NONE', #1129, #2589, #7029 ) ;
#4764 = EDGE_LOOP ( 'NONE', ( #3462, #610, #5773, #4551 ) ) ;
#4765 = ADVANCED_FACE ( 'NONE', ( #4969 ), #2649, .F. ) ;
#4766 = CARTESIAN_POINT ( 'NONE',  ( 315.6532196658669704, 1066.004831307415998, 5.999999999999755751 ) ) ;
#4767 = CARTESIAN_POINT ( 'NONE',  ( -144.7252658311083735, 959.4528932136947788, 61.58012167084567778 ) ) ;
#4768 = ORIENTED_EDGE ( 'NONE', *, *, #9410, .F. ) ;
#4769 = CARTESIAN_POINT ( 'NONE',  ( 289.6019877403369378, 1069.986937561119021, 5.973394735896864205 ) ) ;
#4770 = CIRCLE ( 'NONE', #3541, 0.5000000000000004441 ) ;
#4771 = CARTESIAN_POINT ( 'NONE',  ( 296.6102388263453804, 1026.024580770251305, -6.000000000000289546 ) ) ;
#4772 = EDGE_LOOP ( 'NONE', ( #3827, #5309, #3840, #7279 ) ) ;
#4773 = CARTESIAN_POINT ( 'NONE',  ( 333.6950601088341273, 1158.572179699236813, -6.300000000000287592 ) ) ;
#4774 = VECTOR ( 'NONE', #8640, 1000.000000000000114 ) ;
#4775 = ORIENTED_EDGE ( 'NONE', *, *, #8348, .T. ) ;
#4776 = AXIS2_PLACEMENT_3D ( 'NONE', #4387, #1440, #7329 ) ;
#4777 = CIRCLE ( 'NONE', #2915, 0.5000000000000924816 ) ;
#4778 = PLANE ( 'NONE',  #2118 ) ;
#4779 = ADVANCED_FACE ( 'NONE', ( #2740 ), #1388, .F. ) ;
#4780 = CARTESIAN_POINT ( 'NONE',  ( 290.8430110562870254, 998.4532282156831116, -6.000000000000282441 ) ) ;
#4781 = SPHERICAL_SURFACE ( 'NONE', #111, 0.5000000000000000000 ) ;
#4782 = FACE_OUTER_BOUND ( 'NONE', #9144, .T. ) ;
#4783 = CARTESIAN_POINT ( 'NONE',  ( 271.2639873867055940, 965.9869695474244509, 210.7946508136983255 ) ) ;
#4784 = DIRECTION ( 'NONE',  ( 0.000000000000000000, 0.000000000000000000, 1.000000000000000000 ) ) ;
#4785 = VECTOR ( 'NONE', #6055, 1000.000000000000000 ) ;
#4786 = DIRECTION ( 'NONE',  ( -0.000000000000000000, -0.000000000000000000, -1.000000000000000000 ) ) ;
#4787 = ORIENTED_EDGE ( 'NONE', *, *, #5078, .F. ) ;
#4788 = EDGE_CURVE ( 'NONE', #4193, #4706, #1338, .T. ) ;
#4789 = DIRECTION ( 'NONE',  ( 0.3502424885566279289, 0.9366590624179432778, 0.000000000000000000 ) ) ;
#4790 = DIRECTION ( 'NONE',  ( 1.000000000000000000, 4.930380657631862169E-26, -1.110223024625155531E-13 ) ) ;
#4791 = DIRECTION ( 'NONE',  ( -0.000000000000000000, -0.000000000000000000, 1.000000000000000000 ) ) ;
#4792 = ORIENTED_EDGE ( 'NONE', *, *, #3355, .F. ) ;
#4793 = EDGE_LOOP ( 'NONE', ( #8431, #4863 ) ) ;
#4794 = CARTESIAN_POINT ( 'NONE',  ( 329.2926076828559303, 1143.513837891003277, 5.999999999999712230 ) ) ;
#4795 = VERTEX_POINT ( 'NONE', #5685 ) ;
#4796 = ORIENTED_EDGE ( 'NONE', *, *, #2164, .F. ) ;
#4797 = DIRECTION ( 'NONE',  ( -0.000000000000000000, -0.000000000000000000, -1.000000000000000000 ) ) ;
#4798 = CYLINDRICAL_SURFACE ( 'NONE', #6284, 0.5000000000000004441 ) ;
#4799 = EDGE_CURVE ( 'NONE', #4356, #7713, #5568, .T. ) ;
#4800 = CARTESIAN_POINT ( 'NONE',  ( 280.4491816381926697, 1002.522997251052288, -5.500000000000287770 ) ) ;
#4801 = CARTESIAN_POINT ( 'NONE',  ( 291.4270606713193388, 1001.442743762859436, 5.999999999999714007 ) ) ;
#4802 = ORIENTED_EDGE ( 'NONE', *, *, #3906, .T. ) ;
#4803 = CARTESIAN_POINT ( 'NONE',  ( 304.0129644355747018, 1072.048618001351770, -6.000000000000287770 ) ) ;
#4804 = EDGE_LOOP ( 'NONE', ( #7110, #7010, #8236 ) ) ;
#4805 = CARTESIAN_POINT ( 'NONE',  ( 492.6058677437471829, 920.0663942819442127, 61.58012167084567778 ) ) ;
#4806 = CARTESIAN_POINT ( 'NONE',  ( 301.2334296888395215, 1074.655093524162794, -6.000000000000287770 ) ) ;
#4807 = CARTESIAN_POINT ( 'NONE',  ( 309.0954944026592557, 1047.409091913420298, 5.999999999999712230 ) ) ;
#4808 = ORIENTED_EDGE ( 'NONE', *, *, #1594, .T. ) ;
#4809 = LINE ( 'NONE', #3421, #9018 ) ;
#4810 = EDGE_LOOP ( 'NONE', ( #398, #626, #7466, #2237 ) ) ;
#4811 = PLANE ( 'NONE',  #9059 ) ;
#4812 = DIRECTION ( 'NONE',  ( -1.000000000000000000, 0.000000000000000000, 3.330669073875466592E-13 ) ) ;
#4813 = VERTEX_POINT ( 'NONE', #6457 ) ;
#4814 = CARTESIAN_POINT ( 'NONE',  ( 269.8466448106040048, 957.9488203634091406, -6.000000000000287770 ) ) ;
#4815 = CARTESIAN_POINT ( 'NONE',  ( 299.8143838466119178, 1074.436046179389450, 5.499999999999711342 ) ) ;
#4816 = ORIENTED_EDGE ( 'NONE', *, *, #3078, .F. ) ;
#4817 = DIRECTION ( 'NONE',  ( -0.4977330300471614066, -0.8673302893362317967, -2.203098814490430909E-13 ) ) ;
#4818 = DIRECTION ( 'NONE',  ( 0.000000000000000000, 0.000000000000000000, 1.000000000000000000 ) ) ;
#4819 = DIRECTION ( 'NONE',  ( 0.4943022244885084127, 0.8692901189279171881, 0.000000000000000000 ) ) ;
#4820 = EDGE_CURVE ( 'NONE', #5971, #8162, #7902, .T. ) ;
#4821 = EDGE_CURVE ( 'NONE', #454, #8842, #5588, .T. ) ;
#4822 = ORIENTED_EDGE ( 'NONE', *, *, #930, .F. ) ;
#4823 = DIRECTION ( 'NONE',  ( 1.000000000000000000, 0.000000000000000000, -2.220446049250311061E-13 ) ) ;
#4824 = ADVANCED_FACE ( 'NONE', ( #609 ), #8526, .F. ) ;
#4825 = DIRECTION ( 'NONE',  ( -0.000000000000000000, -0.000000000000000000, -1.000000000000000000 ) ) ;
#4826 = CARTESIAN_POINT ( 'NONE',  ( 299.2010771973447731, 1020.805337543060091, -6.000000000000288658 ) ) ;
#4827 = ORIENTED_EDGE ( 'NONE', *, *, #7111, .T. ) ;
#4828 = ADVANCED_FACE ( 'NONE', ( #4198 ), #9344, .F. ) ;
#4829 = CARTESIAN_POINT ( 'NONE',  ( 286.0451786143486288, 1003.806640785750460, -5.500000000000287770 ) ) ;
#4830 = DIRECTION ( 'NONE',  ( 0.000000000000000000, 0.000000000000000000, -1.000000000000000000 ) ) ;
#4831 = FACE_OUTER_BOUND ( 'NONE', #8504, .T. ) ;
#4832 = EDGE_CURVE ( 'NONE', #8274, #7888, #508, .T. ) ;
#4833 = ORIENTED_EDGE ( 'NONE', *, *, #831, .F. ) ;
#4834 = ORIENTED_EDGE ( 'NONE', *, *, #7749, .F. ) ;
#4835 = DIRECTION ( 'NONE',  ( 0.000000000000000000, 0.000000000000000000, -1.000000000000000000 ) ) ;
#4836 = ADVANCED_FACE ( 'NONE', ( #1289 ), #4240, .F. ) ;
#4837 = EDGE_LOOP ( 'NONE', ( #6761, #2552, #3575, #5217 ) ) ;
#4838 = ORIENTED_EDGE ( 'NONE', *, *, #4428, .T. ) ;
#4839 = DIRECTION ( 'NONE',  ( -0.000000000000000000, -0.000000000000000000, 1.000000000000000000 ) ) ;
#4840 = VECTOR ( 'NONE', #2897, 1000.000000000000000 ) ;
#4841 = CARTESIAN_POINT ( 'NONE',  ( 299.2167550684165462, 1020.847265123232773, 5.995535269260868994 ) ) ;
#4842 = DIRECTION ( 'NONE',  ( 1.000000000000000000, 0.000000000000000000, 0.000000000000000000 ) ) ;
#4843 = EDGE_LOOP ( 'NONE', ( #5376, #922, #4639 ) ) ;
#4844 = DIRECTION ( 'NONE',  ( 1.000000000000000000, 4.440892098500622123E-13, 0.000000000000000000 ) ) ;
#4845 = EDGE_LOOP ( 'NONE', ( #8885, #9483, #2397, #1409 ) ) ;
#4846 = DIRECTION ( 'NONE',  ( 0.000000000000000000, 0.000000000000000000, -1.000000000000000000 ) ) ;
#4847 = EDGE_CURVE ( 'NONE', #4887, #9389, #2060, .T. ) ;
#4848 = PLANE ( 'NONE',  #8231 ) ;
#4849 = CIRCLE ( 'NONE', #5763, 0.5000000000000004441 ) ;
#4850 = DIRECTION ( 'NONE',  ( -0.9956305605604766074, -0.09337979908969148979, -0.000000000000000000 ) ) ;
#4851 = ORIENTED_EDGE ( 'NONE', *, *, #6525, .T. ) ;
#4852 = EDGE_CURVE ( 'NONE', #4706, #8193, #8948, .T. ) ;
#4853 = FACE_OUTER_BOUND ( 'NONE', #3145, .T. ) ;
#4854 = DIRECTION ( 'NONE',  ( 0.9155739129317257419, -0.4021497357438998943, 0.000000000000000000 ) ) ;
#4855 = CIRCLE ( 'NONE', #686, 2.500000000000002220 ) ;
#4856 = ORIENTED_EDGE ( 'NONE', *, *, #7008, .F. ) ;
#4857 = FACE_OUTER_BOUND ( 'NONE', #2160, .T. ) ;
#4858 = CARTESIAN_POINT ( 'NONE',  ( 295.3575120011170156, 1026.240815641335985, 5.999999999999712230 ) ) ;
#4859 = ORIENTED_EDGE ( 'NONE', *, *, #1656, .T. ) ;
#4860 = CARTESIAN_POINT ( 'NONE',  ( 341.3966675867607137, 1133.649676604258275, 5.999999999999712230 ) ) ;
#4861 = CARTESIAN_POINT ( 'NONE',  ( 283.1113687155983598, 1032.230277369797705, 5.689190275761098370 ) ) ;
#4862 = AXIS2_PLACEMENT_3D ( 'NONE', #5821, #4379, #2976 ) ;
#4863 = ORIENTED_EDGE ( 'NONE', *, *, #5138, .F. ) ;
#4864 = ADVANCED_FACE ( 'NONE', ( #7371 ), #8036, .F. ) ;
#4865 = DIRECTION ( 'NONE',  ( 0.9904535858622585121, 0.1378466330839965004, -0.000000000000000000 ) ) ;
#4866 = DIRECTION ( 'NONE',  ( 0.000000000000000000, 1.000000000000000000, 0.000000000000000000 ) ) ;
#4867 = CARTESIAN_POINT ( 'NONE',  ( 282.5010820193458017, 1025.918960264630641, -5.500000000000287770 ) ) ;
#4868 = AXIS2_PLACEMENT_3D ( 'NONE', #646, #7798, #4192 ) ;
#4869 = ORIENTED_EDGE ( 'NONE', *, *, #8636, .T. ) ;
#4870 = CARTESIAN_POINT ( 'NONE',  ( 282.5010820193458017, 1025.918960264630641, 5.499999999999711342 ) ) ;
#4871 = DIRECTION ( 'NONE',  ( -0.000000000000000000, 0.000000000000000000, 1.000000000000000000 ) ) ;
#4872 = AXIS2_PLACEMENT_3D ( 'NONE', #9471, #6641, #7361 ) ;
#4873 = PLANE ( 'NONE',  #6460 ) ;
#4874 = EDGE_CURVE ( 'NONE', #6204, #6209, #7909, .T. ) ;
#4875 = EDGE_CURVE ( 'NONE', #4813, #7458, #5869, .T. ) ;
#4876 = CIRCLE ( 'NONE', #862, 2.500000000000002220 ) ;
#4877 =( BOUNDED_CURVE ( )  B_SPLINE_CURVE ( 3, ( #5795, #1365, #6673, #674 ),
 .UNSPECIFIED., .F., .F. ) 
 B_SPLINE_CURVE_WITH_KNOTS ( ( 4, 4 ),
 ( 4.712388980384689674, 5.219931738239860231 ),
 .UNSPECIFIED. ) 
 CURVE ( )  GEOMETRIC_REPRESENTATION_ITEM ( )  RATIONAL_B_SPLINE_CURVE ( ( 1.000000000000000000, 0.9786483195243873556, 0.9786483195243873556, 1.000000000000000000 ) ) 
 REPRESENTATION_ITEM ( '' )  );
#4878 = EDGE_CURVE ( 'NONE', #4958, #5190, #8136, .T. ) ;
#4879 = CARTESIAN_POINT ( 'NONE',  ( 327.5413952400728590, 1138.830542578913537, -6.000000000000287770 ) ) ;
#4880 = ORIENTED_EDGE ( 'NONE', *, *, #2989, .T. ) ;
#4881 = VECTOR ( 'NONE', #9021, 1000.000000000000000 ) ;
#4882 = DIRECTION ( 'NONE',  ( -0.09337979908935138684, 0.9956305605605085818, 0.000000000000000000 ) ) ;
#4883 = CARTESIAN_POINT ( 'NONE',  ( 293.3979569278980648, 1048.949991886945782, 5.499999999999711342 ) ) ;
#4884 = VECTOR ( 'NONE', #4647, 999.9999999999998863 ) ;
#4885 = CARTESIAN_POINT ( 'NONE',  ( 300.8423041959673583, 1116.982560454410759, 10.74999999999971223 ) ) ;
#4886 = VECTOR ( 'NONE', #4030, 1000.000000000000114 ) ;
#4887 = VERTEX_POINT ( 'NONE', #8762 ) ;
#4888 = VERTEX_POINT ( 'NONE', #1431 ) ;
#4889 = CARTESIAN_POINT ( 'NONE',  ( 343.7169217884921864, 1113.199209766361719, -8.300000000000288480 ) ) ;
#4890 = ORIENTED_EDGE ( 'NONE', *, *, #4716, .T. ) ;
#4891 = AXIS2_PLACEMENT_3D ( 'NONE', #2934, #2115, #5063 ) ;
#4892 = EDGE_LOOP ( 'NONE', ( #1422, #8750, #3700, #3712 ) ) ;
#4894 = DIRECTION ( 'NONE',  ( 0.9888139587632041039, 0.1491541315386218369, 1.533230643970733771E-13 ) ) ;
#4893 = APPROVAL ( #3579, '未' ) ;
#4895 = CARTESIAN_POINT ( 'NONE',  ( 283.0141617134382841, 1032.581775252200714, -5.940797175597870350 ) ) ;
#4896 = EDGE_CURVE ( 'NONE', #955, #7079, #4377, .T. ) ;
#4897 = CARTESIAN_POINT ( 'NONE',  ( 296.6848158921146705, 1025.530173790869640, 5.499999999999711342 ) ) ;
#4898 = DIRECTION ( 'NONE',  ( 1.000000000000000000, 0.000000000000000000, 0.000000000000000000 ) ) ;
#4899 = ORIENTED_EDGE ( 'NONE', *, *, #5218, .T. ) ;
#4900 = CARTESIAN_POINT ( 'NONE',  ( 277.0501109898323193, 982.5281748859821391, -13.25000000000028955 ) ) ;
#4901 = VECTOR ( 'NONE', #6827, 1000.000000000000000 ) ;
#4902 = CIRCLE ( 'NONE', #9362, 3.000000000000002665 ) ;
#4903 = EDGE_LOOP ( 'NONE', ( #8719, #6749, #8703, #3799 ) ) ;
#4904 = CARTESIAN_POINT ( 'NONE',  ( 288.7936997742164635, 1027.373804144596761, -6.000000000000287770 ) ) ;
#4905 = CARTESIAN_POINT ( 'NONE',  ( 536.1674258442695873, 942.9151282089387678, -5.500000000000289546 ) ) ;
#4906 = DIRECTION ( 'NONE',  ( -0.000000000000000000, -0.000000000000000000, 1.000000000000000000 ) ) ;
#4907 = VERTEX_POINT ( 'NONE', #7460 ) ;
#4908 = AXIS2_PLACEMENT_3D ( 'NONE', #8019, #1411, #5748 ) ;
#4909 = DIRECTION ( 'NONE',  ( 1.000000000000000000, 0.000000000000000000, 0.000000000000000000 ) ) ;
#4910 = EDGE_CURVE ( 'NONE', #8162, #4588, #6870, .T. ) ;
#4911 = CARTESIAN_POINT ( 'NONE',  ( 319.2080604721730310, 1105.380777627560747, -6.000000000000287770 ) ) ;
#4912 = ORIENTED_EDGE ( 'NONE', *, *, #1923, .T. ) ;
#4913 = DIRECTION ( 'NONE',  ( 0.9888139587632042149, 0.1491541315386218647, -3.293412072268975042E-13 ) ) ;
#4914 = ORIENTED_EDGE ( 'NONE', *, *, #3229, .T. ) ;
#4915 = DIRECTION ( 'NONE',  ( 1.000000000000000000, 0.000000000000000000, 0.000000000000000000 ) ) ;
#4916 = CIRCLE ( 'NONE', #743, 0.4999999999999201750 ) ;
#4917 = CARTESIAN_POINT ( 'NONE',  ( 315.8743980848317392, 1065.395065003673608, -6.000000000000227374 ) ) ;
#4918 = EDGE_LOOP ( 'NONE', ( #8997, #2847, #1327, #8286 ) ) ;
#4919 = DIRECTION ( 'NONE',  ( 0.8825811234812306338, -0.4701601434347756903, 0.000000000000000000 ) ) ;
#4920 = DIRECTION ( 'NONE',  ( -0.9833288001032860493, -0.1818363849383054232, 0.000000000000000000 ) ) ;
#4921 = VECTOR ( 'NONE', #1034, 1000.000000000000000 ) ;
#4922 = CARTESIAN_POINT ( 'NONE',  ( 308.7863256618659307, 1072.785445573195602, 61.58012167084567778 ) ) ;
#4923 = VECTOR ( 'NONE', #4954, 1000.000000000000000 ) ;
#4924 = EDGE_CURVE ( 'NONE', #2484, #4662, #9264, .T. ) ;
#4925 = ORIENTED_EDGE ( 'NONE', *, *, #6645, .F. ) ;
#4926 = CARTESIAN_POINT ( 'NONE',  ( 325.4985270866377505, 1096.843355851571914, 6.299999999999712941 ) ) ;
#4927 = DIRECTION ( 'NONE',  ( -0.9882948916112359594, -0.1525555872956985137, 0.000000000000000000 ) ) ;
#4928 = CARTESIAN_POINT ( 'NONE',  ( 285.6169027367604372, 1000.718120100459373, -6.000000000000287770 ) ) ;
#4929 = AXIS2_PLACEMENT_3D ( 'NONE', #9492, #762, #2883 ) ;
#4930 = VECTOR ( 'NONE', #3615, 1000.000000000000114 ) ;
#4931 = CARTESIAN_POINT ( 'NONE',  ( 309.0954944026592557, 1047.409091913420298, -6.000000000000287770 ) ) ;
#4932 = ORIENTED_EDGE ( 'NONE', *, *, #6735, .F. ) ;
#4933 = DIRECTION ( 'NONE',  ( -0.1378466330838880316, 0.9904535858622735001, 0.000000000000000000 ) ) ;
#4934 = AXIS2_PLACEMENT_3D ( 'NONE', #5154, #9358, #3679 ) ;
#4935 = DIRECTION ( 'NONE',  ( -0.000000000000000000, -0.000000000000000000, 1.000000000000000000 ) ) ;
#4936 = CIRCLE ( 'NONE', #6162, 0.5000000000000004441 ) ;
#4937 = EDGE_CURVE ( 'NONE', #1733, #85, #57, .T. ) ;
#4938 = DIRECTION ( 'NONE',  ( -0.9366590624179432778, 0.3502424885566279289, 0.000000000000000000 ) ) ;
#4939 = ORIENTED_EDGE ( 'NONE', *, *, #3938, .F. ) ;
#4940 = VERTEX_POINT ( 'NONE', #8901 ) ;
#4941 = DIRECTION ( 'NONE',  ( -0.9366590624179432778, 0.3502424885566279289, 0.000000000000000000 ) ) ;
#4942 =( BOUNDED_CURVE ( )  B_SPLINE_CURVE ( 3, ( #973, #3935, #875, #6141 ),
 .UNSPECIFIED., .F., .T. ) 
 B_SPLINE_CURVE_WITH_KNOTS ( ( 4, 4 ),
 ( 1.570796326794896558, 1.917246477866463517 ),
 .UNSPECIFIED. ) 
 CURVE ( )  GEOMETRIC_REPRESENTATION_ITEM ( )  RATIONAL_B_SPLINE_CURVE ( ( 1.000000000000000000, 0.9900226776106105797, 0.9900226776106105797, 1.000000000000000000 ) ) 
 REPRESENTATION_ITEM ( '' )  );
#4943 = EDGE_CURVE ( 'NONE', #4888, #228, #7421, .T. ) ;
#4944 = VERTEX_POINT ( 'NONE', #1616 ) ;
#4945 = ORIENTED_EDGE ( 'NONE', *, *, #4239, .T. ) ;
#4946 = DIRECTION ( 'NONE',  ( 0.000000000000000000, 0.000000000000000000, -1.000000000000000000 ) ) ;
#4947 = CARTESIAN_POINT ( 'NONE',  ( 319.1689663254967968, 1074.388135071608531, 5.999999999999712230 ) ) ;
#4948 = EDGE_CURVE ( 'NONE', #7821, #264, #7161, .T. ) ;
#4949 = DIRECTION ( 'NONE',  ( 0.4977330300471302094, 0.8673302893362497823, -0.000000000000000000 ) ) ;
#4950 = VERTEX_POINT ( 'NONE', #4562 ) ;
#4951 = CARTESIAN_POINT ( 'NONE',  ( 306.8598488239844073, 1041.287312418937063, -5.997781753899146473 ) ) ;
#4952 = EDGE_CURVE ( 'NONE', #7906, #482, #6689, .T. ) ;
#4953 = ORIENTED_EDGE ( 'NONE', *, *, #2641, .T. ) ;
#4954 = DIRECTION ( 'NONE',  ( -0.000000000000000000, -0.000000000000000000, 1.000000000000000000 ) ) ;
#4955 = CARTESIAN_POINT ( 'NONE',  ( 287.2922005561222250, 1053.030371257027127, -5.500000000000289546 ) ) ;
#4956 = EDGE_CURVE ( 'NONE', #6453, #7159, #7467, .T. ) ;
#4957 = DIRECTION ( 'NONE',  ( -0.000000000000000000, -0.000000000000000000, -1.000000000000000000 ) ) ;
#4958 = VERTEX_POINT ( 'NONE', #9536 ) ;
#4959 =( BOUNDED_CURVE ( )  B_SPLINE_CURVE ( 3, ( #4174, #1263, #5652, #4120 ),
 .UNSPECIFIED., .F., .F. ) 
 B_SPLINE_CURVE_WITH_KNOTS ( ( 4, 4 ),
 ( 1.570796326794896558, 1.913295354086843147 ),
 .UNSPECIFIED. ) 
 CURVE ( )  GEOMETRIC_REPRESENTATION_ITEM ( )  RATIONAL_B_SPLINE_CURVE ( ( 1.000000000000000000, 0.9902484012812099445, 0.9902484012812099445, 1.000000000000000000 ) ) 
 REPRESENTATION_ITEM ( '' )  );
#4960 = EDGE_CURVE ( 'NONE', #4064, #5632, #2693, .T. ) ;
#4961 = DIRECTION ( 'NONE',  ( 0.000000000000000000, 0.000000000000000000, 1.000000000000000000 ) ) ;
#4962 = DIRECTION ( 'NONE',  ( 0.000000000000000000, 0.000000000000000000, 1.000000000000000000 ) ) ;
#4963 = ORIENTED_EDGE ( 'NONE', *, *, #6494, .T. ) ;
#4964 = CARTESIAN_POINT ( 'NONE',  ( 414.8545173231134413, 944.4988768181005980, 61.58012167084567778 ) ) ;
#4965 = VERTEX_POINT ( 'NONE', #2973 ) ;
#4966 = DIRECTION ( 'NONE',  ( -0.9366590624179423896, 0.3502424885566300383, 0.000000000000000000 ) ) ;
#4967 = EDGE_CURVE ( 'NONE', #8353, #8771, #4427, .T. ) ;
#4968 = ORIENTED_CLOSED_SHELL ( 'NONE', *, #2619, .F. );
#4969 = FACE_OUTER_BOUND ( 'NONE', #780, .T. ) ;
#4970 = EDGE_CURVE ( 'NONE', #7118, #7906, #5143, .T. ) ;
#4971 = EDGE_LOOP ( 'NONE', ( #4932, #3407, #2577, #9316 ) ) ;
#4972 = DIRECTION ( 'NONE',  ( -0.8815943511951179756, 0.4720078388553085591, -0.000000000000000000 ) ) ;
#4973 = DIRECTION ( 'NONE',  ( 1.000000000000000000, 0.000000000000000000, 0.000000000000000000 ) ) ;
#4974 = EDGE_LOOP ( 'NONE', ( #1555, #78, #6059, #2381 ) ) ;
#4975 = FACE_OUTER_BOUND ( 'NONE', #3447, .T. ) ;
#4976 = CARTESIAN_POINT ( 'NONE',  ( 287.1047823649813040, 1055.824582116012607, -5.970292013496757200 ) ) ;
#4977 = LINE ( 'NONE', #8494, #236 ) ;
#4978 = FACE_OUTER_BOUND ( 'NONE', #3966, .T. ) ;
#4979 = EDGE_CURVE ( 'NONE', #2534, #703, #3169, .T. ) ;
#4980 = CARTESIAN_POINT ( 'NONE',  ( 286.0451786143489130, 1003.806640785750460, -5.500000000000287770 ) ) ;
#4981 = DIRECTION ( 'NONE',  ( 0.000000000000000000, 0.000000000000000000, -1.000000000000000000 ) ) ;
#4982 = DIRECTION ( 'NONE',  ( 0.000000000000000000, 0.000000000000000000, -1.000000000000000000 ) ) ;
#4983 = VERTEX_POINT ( 'NONE', #5478 ) ;
#4984 = ORIENTED_EDGE ( 'NONE', *, *, #1568, .T. ) ;
#4985 = DIRECTION ( 'NONE',  ( -0.3502424885566279289, -0.9366590624179432778, 0.000000000000000000 ) ) ;
#4986 = ORIENTED_EDGE ( 'NONE', *, *, #3539, .F. ) ;
#4987 = VERTEX_POINT ( 'NONE', #4004 ) ;
#4988 = DIRECTION ( 'NONE',  ( 1.000000000000000000, 0.000000000000000000, 0.000000000000000000 ) ) ;
#4989 = SPHERICAL_SURFACE ( 'NONE', #7044, 0.5000000000000000000 ) ;
#4990 = EDGE_LOOP ( 'NONE', ( #1890, #2052, #8473, #4364, #5400, #8673, #9462, #4461 ) ) ;
#4991 = ORIENTED_EDGE ( 'NONE', *, *, #7678, .T. ) ;
#4992 = PLANE ( 'NONE',  #7537 ) ;
#4993 = DIRECTION ( 'NONE',  ( -0.000000000000000000, -0.000000000000000000, 1.000000000000000000 ) ) ;
#4994 = EDGE_CURVE ( 'NONE', #7918, #2875, #8419, .T. ) ;
#4995 = DIRECTION ( 'NONE',  ( -0.9155739129314582891, 0.4021497357445092402, -0.000000000000000000 ) ) ;
#4996 = EDGE_CURVE ( 'NONE', #6018, #7306, #6394, .T. ) ;
#4997 = ORIENTED_EDGE ( 'NONE', *, *, #8700, .T. ) ;
#4998 = VECTOR ( 'NONE', #6313, 1000.000000000000000 ) ;
#4999 = EDGE_CURVE ( 'NONE', #9169, #672, #3157, .T. ) ;
#5000 = DIRECTION ( 'NONE',  ( -1.000000000000000000, 0.000000000000000000, 4.440892098500622123E-13 ) ) ;
#5001 = CARTESIAN_POINT ( 'NONE',  ( 298.3297253635498123, 1049.002216458817429, -5.500000000000287770 ) ) ;
#5002 = ORIENTED_EDGE ( 'NONE', *, *, #8372, .T. ) ;
#5003 = DIRECTION ( 'NONE',  ( 0.1736481776669271393, 0.9848077530122086864, -0.000000000000000000 ) ) ;
#5004 = VECTOR ( 'NONE', #5243, 1000.000000000000114 ) ;
#5005 = ORIENTED_EDGE ( 'NONE', *, *, #2825, .F. ) ;
#5006 = CARTESIAN_POINT ( 'NONE',  ( 308.7863256618659875, 1072.785445573195375, 5.499999999999713118 ) ) ;
#5007 = ORIENTED_EDGE ( 'NONE', *, *, #3831, .F. ) ;
#5008 = AXIS2_PLACEMENT_3D ( 'NONE', #8407, #2629, #7120 ) ;
#5009 = ADVANCED_FACE ( 'NONE', ( #2590 ), #6836, .F. ) ;
#5010 = DIRECTION ( 'NONE',  ( 0.000000000000000000, 0.000000000000000000, -1.000000000000000000 ) ) ;
#5011 = CARTESIAN_POINT ( 'NONE',  ( 304.5877450729034308, 1075.172873751232828, 5.499999999999711342 ) ) ;
#5012 = VERTEX_POINT ( 'NONE', #6248 ) ;
#5013 = CARTESIAN_POINT ( 'NONE',  ( 327.5413952400728590, 1138.830542578913537, 5.999999999999712230 ) ) ;
#5014 = LINE ( 'NONE', #7953, #2119 ) ;
#5015 = DIRECTION ( 'NONE',  ( -0.4977330300470779179, -0.8673302893362797583, 0.000000000000000000 ) ) ;
#5016 = CIRCLE ( 'NONE', #8094, 8.000000000000007105 ) ;
#5017 = DATE_AND_TIME ( #7384, #7182 ) ;
#5018 = CARTESIAN_POINT ( 'NONE',  ( 290.8746815250780173, 998.5683907313612053, -5.981899343328283436 ) ) ;
#5019 = LINE ( 'NONE', #8683, #3838 ) ;
#5020 = CARTESIAN_POINT ( 'NONE',  ( 623.2680010855161754, 214.1083492927691054, -6.000000000000287770 ) ) ;
#5021 = EDGE_CURVE ( 'NONE', #5711, #2853, #6102, .T. ) ;
#5022 = PLANE ( 'NONE',  #7057 ) ;
#5023 = EDGE_LOOP ( 'NONE', ( #7124, #1393, #5658, #759 ) ) ;
#5024 = AXIS2_PLACEMENT_3D ( 'NONE', #2127, #2891, #719 ) ;
#5025 = ORIENTED_EDGE ( 'NONE', *, *, #8059, .F. ) ;
#5026 = DIRECTION ( 'NONE',  ( 1.000000000000000000, 0.000000000000000000, -0.000000000000000000 ) ) ;
#5027 = EDGE_CURVE ( 'NONE', #3540, #5895, #1312, .T. ) ;
#5028 = AXIS2_PLACEMENT_3D ( 'NONE', #192, #8221, #6785 ) ;
#5029 = VERTEX_POINT ( 'NONE', #8279 ) ;
#5030 = ORIENTED_EDGE ( 'NONE', *, *, #6858, .T. ) ;
#5031 = CARTESIAN_POINT ( 'NONE',  ( 344.7912167416586158, 1119.102250538167482, 8.299999999999714717 ) ) ;
#5032 = CIRCLE ( 'NONE', #4566, 0.5000000000000004441 ) ;
#5033 = AXIS2_PLACEMENT_3D ( 'NONE', #3213, #2527, #5469 ) ;
#5034 = FACE_OUTER_BOUND ( 'NONE', #8458, .T. ) ;
#5035 = DIRECTION ( 'NONE',  ( 1.000000000000000000, 0.000000000000000000, 0.000000000000000000 ) ) ;
#5036 = AXIS2_PLACEMENT_3D ( 'NONE', #8451, #5506, #7877 ) ;
#5037 = ORIENTED_EDGE ( 'NONE', *, *, #9159, .T. ) ;
#5038 = EDGE_LOOP ( 'NONE', ( #2998, #8304, #8360, #8028 ) ) ;
#5039 = FACE_OUTER_BOUND ( 'NONE', #3693, .T. ) ;
#5040 = CARTESIAN_POINT ( 'NONE',  ( 536.1674258442695873, 942.9151282089387678, 61.58012167084567778 ) ) ;
#5041 = AXIS2_PLACEMENT_3D ( 'NONE', #182, #1792, #3259 ) ;
#5042 = CARTESIAN_POINT ( 'NONE',  ( 291.7670606972382643, 1000.973503504567361, 5.999999999999807265 ) ) ;
#5043 = ORIENTED_EDGE ( 'NONE', *, *, #8892, .T. ) ;
#5044 = AXIS2_PLACEMENT_3D ( 'NONE', #4328, #2150, #5862 ) ;
#5045 = AXIS2_PLACEMENT_3D ( 'NONE', #1298, #4249, #5151 ) ;
#5046 = CARTESIAN_POINT ( 'NONE',  ( 368.0656709890653815, 1095.727461864244560, -61.25749636645200980 ) ) ;
#5047 = VERTEX_POINT ( 'NONE', #3120 ) ;
#5048 = DIRECTION ( 'NONE',  ( 0.000000000000000000, 0.000000000000000000, 1.000000000000000000 ) ) ;
#5049 = EDGE_CURVE ( 'NONE', #9507, #1149, #6987, .T. ) ;
#5050 = ORIENTED_EDGE ( 'NONE', *, *, #4821, .F. ) ;
#5051 = LINE ( 'NONE', #3757, #3252 ) ;
#5052 = CARTESIAN_POINT ( 'NONE',  ( 287.3049690295604819, 1027.149241840084414, 5.499999999999711342 ) ) ;
#5053 = AXIS2_PLACEMENT_3D ( 'NONE', #9176, #8650, #7074 ) ;
#5054 = EDGE_CURVE ( 'NONE', #9381, #4940, #7317, .T. ) ;
#5055 = ORIENTED_EDGE ( 'NONE', *, *, #360, .T. ) ;
#5056 = CARTESIAN_POINT ( 'NONE',  ( 293.1232991283133629, 1004.551438905051555, 5.939718789645576535 ) ) ;
#5057 = DIRECTION ( 'NONE',  ( -0.3502424885566279289, -0.9366590624179432778, 0.000000000000000000 ) ) ;
#5058 = ORIENTED_EDGE ( 'NONE', *, *, #5161, .T. ) ;
#5059 = ORIENTED_EDGE ( 'NONE', *, *, #8046, .T. ) ;
#5060 = CARTESIAN_POINT ( 'NONE',  ( 298.7161927468774820, 1049.356916879250775, -6.000000000000287770 ) ) ;
#5061 = VECTOR ( 'NONE', #8585, 1000.000000000000114 ) ;
#5062 = VECTOR ( 'NONE', #9102, 1000.000000000000114 ) ;
#5063 = DIRECTION ( 'NONE',  ( 0.000000000000000000, 1.000000000000000000, -4.440892098501115382E-13 ) ) ;
#5064 = CARTESIAN_POINT ( 'NONE',  ( 299.2484255372075950, 1020.962427638911095, 5.969098165504481912 ) ) ;
#5065 = EDGE_CURVE ( 'NONE', #9148, #9272, #7607, .T. ) ;
#5066 = ADVANCED_FACE ( 'NONE', ( #256 ), #9137, .F. ) ;
#5067 = CIRCLE ( 'NONE', #9537, 0.4999999999999119038 ) ;
#5068 = LINE ( 'NONE', #1442, #4620 ) ;
#5069 = DIRECTION ( 'NONE',  ( -0.1525555872956790293, 0.9882948916112389570, 0.000000000000000000 ) ) ;
#5070 = CARTESIAN_POINT ( 'NONE',  ( 285.6957229787033725, 1045.716630853008155, 5.499999999999713118 ) ) ;
#5071 = CARTESIAN_POINT ( 'NONE',  ( 285.6169027367602666, 1000.718120100459373, 61.58012167084567778 ) ) ;
#5072 = DIRECTION ( 'NONE',  ( 0.000000000000000000, 0.000000000000000000, 1.000000000000000000 ) ) ;
#5073 = EDGE_LOOP ( 'NONE', ( #2055, #7777, #9339, #8552, #1484, #8183 ) ) ;
#5074 = CIRCLE ( 'NONE', #285, 0.5000000000000004441 ) ;
#5075 = ORIENTED_EDGE ( 'NONE', *, *, #7194, .F. ) ;
#5076 = CARTESIAN_POINT ( 'NONE',  ( 339.5354375298346099, 1160.300838090886600, -8.800000000000286704 ) ) ;
#5077 = ORIENTED_EDGE ( 'NONE', *, *, #2784, .F. ) ;
#5078 = EDGE_CURVE ( 'NONE', #7562, #2564, #2495, .T. ) ;
#5079 = ORIENTED_EDGE ( 'NONE', *, *, #1156, .F. ) ;
#5080 = AXIS2_PLACEMENT_3D ( 'NONE', #1049, #2550, #8432 ) ;
#5081 = DIRECTION ( 'NONE',  ( -0.000000000000000000, -0.000000000000000000, 1.000000000000000000 ) ) ;
#5082 = PRODUCT_DEFINITION_SHAPE ( 'NONE', 'NONE',  #6309 ) ;
#5083 = DIRECTION ( 'NONE',  ( -0.9819849609590947104, 0.1889590867097033222, 0.000000000000000000 ) ) ;
#5084 = CARTESIAN_POINT ( 'NONE',  ( 296.6848158921147274, 1025.530173790869640, -5.500000000000287770 ) ) ;
#5085 = VERTEX_POINT ( 'NONE', #6792 ) ;
#5086 = ORIENTED_EDGE ( 'NONE', *, *, #3944, .F. ) ;
#5087 = DIRECTION ( 'NONE',  ( 0.9457519005633193698, 0.3248897391129322854, -0.000000000000000000 ) ) ;
#5088 = CARTESIAN_POINT ( 'NONE',  ( 291.7601408809391614, 1082.182687899604389, -5.934645059464203065 ) ) ;
#5089 = DIRECTION ( 'NONE',  ( -0.1815689199582223023, 0.9833782218989826074, 0.000000000000000000 ) ) ;
#5090 = ADVANCED_FACE ( 'NONE', ( #7706 ), #1088, .F. ) ;
#5091 = ORIENTED_EDGE ( 'NONE', *, *, #9552, .T. ) ;
#5092 = CARTESIAN_POINT ( 'NONE',  ( 310.3185483074692002, 1050.536967504295035, 5.999999999999712230 ) ) ;
#5093 = EDGE_CURVE ( 'NONE', #7738, #2027, #2668, .T. ) ;
#5094 = CARTESIAN_POINT ( 'NONE',  ( 304.5877450729033171, 1075.172873751232828, -5.500000000000287770 ) ) ;
#5095 = DIRECTION ( 'NONE',  ( 0.09337979908932005080, -0.9956305605605114684, 0.000000000000000000 ) ) ;
#5096 = EDGE_LOOP ( 'NONE', ( #4051, #4122, #6927, #7325 ) ) ;
#5097 = CARTESIAN_POINT ( 'NONE',  ( 299.8143838466115767, 1074.436046179389450, -6.000000000000287770 ) ) ;
#5098 = ORIENTED_EDGE ( 'NONE', *, *, #8093, .T. ) ;
#5099 = DIRECTION ( 'NONE',  ( 0.8673302893362094812, -0.4977330300472003199, 0.000000000000000000 ) ) ;
#5100 = CARTESIAN_POINT ( 'NONE',  ( 315.9060685536227311, 1065.570186247951824, -5.934645059464202177 ) ) ;
#5101 = ORIENTED_EDGE ( 'NONE', *, *, #4677, .F. ) ;
#5102 = CARTESIAN_POINT ( 'NONE',  ( 307.8995877655560207, 1044.086861071255271, -6.000000000000287770 ) ) ;
#5103 = DIRECTION ( 'NONE',  ( 0.000000000000000000, 0.000000000000000000, 1.000000000000000000 ) ) ;
#5104 = ORIENTED_EDGE ( 'NONE', *, *, #9081, .T. ) ;
#5105 = ORIENTED_EDGE ( 'NONE', *, *, #2936, .F. ) ;
#5106 = LINE ( 'NONE', #4434, #1050 ) ;
#5107 = FACE_OUTER_BOUND ( 'NONE', #2087, .T. ) ;
#5108 = DIRECTION ( 'NONE',  ( -0.000000000000000000, -0.000000000000000000, 1.000000000000000000 ) ) ;
#5109 = EDGE_CURVE ( 'NONE', #7154, #2795, #367, .T. ) ;
#5110 = PLANE ( 'NONE',  #4934 ) ;
#5111 = FACE_OUTER_BOUND ( 'NONE', #736, .T. ) ;
#5112 = EDGE_CURVE ( 'NONE', #4059, #8501, #4849, .T. ) ;
#5113 = LINE ( 'NONE', #576, #7688 ) ;
#5114 = CYLINDRICAL_SURFACE ( 'NONE', #4263, 0.5000000000000004441 ) ;
#5115 = FACE_BOUND ( 'NONE', #726, .T. ) ;
#5116 = CARTESIAN_POINT ( 'NONE',  ( 344.7912167416586158, 1119.102250538167482, 6.299999999999712941 ) ) ;
#5117 = CARTESIAN_POINT ( 'NONE',  ( 291.3912742007565271, 1002.026588950475571, -5.500000000000289546 ) ) ;
#5118 = VERTEX_POINT ( 'NONE', #4089 ) ;
#5119 = CARTESIAN_POINT ( 'NONE',  ( 309.8120245628041971, 1049.987266533683396, 5.499999999999711342 ) ) ;
#5120 = EDGE_CURVE ( 'NONE', #6205, #7670, #6300, .T. ) ;
#5121 = ORIENTED_EDGE ( 'NONE', *, *, #7678, .F. ) ;
#5122 = ORIENTED_EDGE ( 'NONE', *, *, #9535, .F. ) ;
#5123 = CARTESIAN_POINT ( 'NONE',  ( 318.6748188796912018, 1074.311857277960371, -6.000000000000282441 ) ) ;
#5124 = ADVANCED_FACE ( 'NONE', ( #5575 ), #7128, .F. ) ;
#5125 = CARTESIAN_POINT ( 'NONE',  ( 291.6996151874797647, 1079.625508363753397, 5.792893218813174983 ) ) ;
#5126 = ORIENTED_CLOSED_SHELL ( 'NONE', *, #9397, .F. );
#5127 = CARTESIAN_POINT ( 'NONE',  ( 336.3914273614760759, 1144.062267677845057, -6.300000000000287592 ) ) ;
#5128 = EDGE_LOOP ( 'NONE', ( #680, #4354, #4468 ) ) ;
#5129 = EDGE_CURVE ( 'NONE', #4298, #3540, #9240, .T. ) ;
#5130 = ORIENTED_EDGE ( 'NONE', *, *, #1835, .F. ) ;
#5131 = CYLINDRICAL_SURFACE ( 'NONE', #2906, 0.4999999999999205635 ) ;
#5132 = LINE ( 'NONE', #7449, #205 ) ;
#5133 = CARTESIAN_POINT ( 'NONE',  ( 283.0141617134382841, 1032.581775252200714, -5.940797175597870350 ) ) ;
#5134 = VERTEX_POINT ( 'NONE', #9331 ) ;
#5135 = CARTESIAN_POINT ( 'NONE',  ( 526.7607975005479375, 917.9129519772649246, 5.499999999999713118 ) ) ;
#5136 = CARTESIAN_POINT ( 'NONE',  ( 347.0085846824679834, 1140.092221637931743, 8.299999999999714717 ) ) ;
#5137 = DIRECTION ( 'NONE',  ( -0.1736481776669271671, -0.9848077530122086864, 0.000000000000000000 ) ) ;
#5138 = EDGE_CURVE ( 'NONE', #5421, #4281, #3368, .T. ) ;
#5139 = ORIENTED_EDGE ( 'NONE', *, *, #1333, .F. ) ;
#5140 = CARTESIAN_POINT ( 'NONE',  ( 291.6514694178832769, 1025.276592801367542, 61.58012167084567778 ) ) ;
#5141 = VERTEX_POINT ( 'NONE', #9383 ) ;
#5142 = CARTESIAN_POINT ( 'NONE',  ( 278.6518226056214189, 1004.323514583143719, 5.499999999999711342 ) ) ;
#5143 = LINE ( 'NONE', #752, #2996 ) ;
#5144 = ADVANCED_FACE ( 'NONE', ( #4278 ), #2638, .F. ) ;
#5145 = ORIENTED_EDGE ( 'NONE', *, *, #1081, .T. ) ;
#5146 = DIRECTION ( 'NONE',  ( 0.000000000000000000, 0.000000000000000000, 1.000000000000000000 ) ) ;
#5147 = EDGE_LOOP ( 'NONE', ( #5598, #8065, #1406, #749, #1065 ) ) ;
#5148 = AXIS2_PLACEMENT_3D ( 'NONE', #3737, #582, #4314 ) ;
#5149 = ORIENTED_EDGE ( 'NONE', *, *, #5818, .F. ) ;
#5150 = DIRECTION ( 'NONE',  ( 0.3502424885566279289, 0.9366590624179432778, 0.000000000000000000 ) ) ;
#5151 = DIRECTION ( 'NONE',  ( 0.9366590624179427227, -0.3502424885566290946, 0.000000000000000000 ) ) ;
#5152 = LINE ( 'NONE', #3621, #8626 ) ;
#5153 = VECTOR ( 'NONE', #9480, 999.9999999999998863 ) ;
#5154 = CARTESIAN_POINT ( 'NONE',  ( 526.7607975005479375, 917.9129519772649246, 61.58012167084567778 ) ) ;
#5155 = FACE_OUTER_BOUND ( 'NONE', #3353, .T. ) ;
#5156 = DIRECTION ( 'NONE',  ( -0.9882948916112357374, -0.1525555872957002068, 0.000000000000000000 ) ) ;
#5157 = CARTESIAN_POINT ( 'NONE',  ( 298.5785918785733770, 1049.435881603485768, 61.58012167084567778 ) ) ;
#5158 = LINE ( 'NONE', #5306, #1769 ) ;
#5159 = CARTESIAN_POINT ( 'NONE',  ( 535.1788213953057038, 941.1765479710704767, 5.499999999999713118 ) ) ;
#5160 = DIRECTION ( 'NONE',  ( 1.000000000000000000, 0.000000000000000000, 0.000000000000000000 ) ) ;
#5161 = EDGE_CURVE ( 'NONE', #5508, #7642, #7218, .T. ) ;
#5162 = ORIENTED_EDGE ( 'NONE', *, *, #6361, .T. ) ;
#5163 = FACE_OUTER_BOUND ( 'NONE', #5915, .T. ) ;
#5164 = EDGE_CURVE ( 'NONE', #5325, #4940, #3560, .T. ) ;
#5165 = SECURITY_CLASSIFICATION ( '', '', #5779 ) ;
#5166 = ORIENTED_EDGE ( 'NONE', *, *, #4874, .F. ) ;
#5167 = ORIENTED_EDGE ( 'NONE', *, *, #803, .T. ) ;
#5168 = CYLINDRICAL_SURFACE ( 'NONE', #8137, 0.4999999999999431566 ) ;
#5169 = CARTESIAN_POINT ( 'NONE',  ( 204.3332631396097554, 1024.348722597426331, 8.999999999999712230 ) ) ;
#5170 = CIRCLE ( 'NONE', #7032, 3.000000000000002665 ) ;
#5171 = DIRECTION ( 'NONE',  ( 1.000000000000000000, 0.000000000000000000, 0.000000000000000000 ) ) ;
#5172 = EDGE_LOOP ( 'NONE', ( #6549, #9288, #2969, #8847, #6285 ) ) ;
#5173 = AXIS2_PLACEMENT_3D ( 'NONE', #18, #5194, #1434 ) ;
#5174 = ORIENTED_EDGE ( 'NONE', *, *, #324, .T. ) ;
#5175 = DIRECTION ( 'NONE',  ( 1.000000000000000000, 0.000000000000000000, -0.000000000000000000 ) ) ;
#5176 = DIRECTION ( 'NONE',  ( -0.9956305605605111353, -0.09337979908932293738, 0.000000000000000000 ) ) ;
#5177 = DIRECTION ( 'NONE',  ( -0.9904535858622688371, -0.1378466330839214771, 0.000000000000000000 ) ) ;
#5178 = AXIS2_PLACEMENT_3D ( 'NONE', #6831, #2443, #5386 ) ;
#5179 = ORIENTED_EDGE ( 'NONE', *, *, #1480, .F. ) ;
#5180 = ADVANCED_FACE ( 'NONE', ( #6490 ), #4848, .F. ) ;
#5181 = CIRCLE ( 'NONE', #1645, 0.4999999999999621969 ) ;
#5182 =( BOUNDED_CURVE ( )  B_SPLINE_CURVE ( 3, ( #2169, #8194, #4487, #1488 ),
 .UNSPECIFIED., .F., .F. ) 
 B_SPLINE_CURVE_WITH_KNOTS ( ( 4, 4 ),
 ( 1.570796326794857700, 2.645475713804729789 ),
 .UNSPECIFIED. ) 
 CURVE ( )  GEOMETRIC_REPRESENTATION_ITEM ( )  RATIONAL_B_SPLINE_CURVE ( ( 1.000000000000000000, 0.9060489359794317021, 0.9060489359794317021, 1.000000000000000000 ) ) 
 REPRESENTATION_ITEM ( '' )  );
#5183 = LINE ( 'NONE', #3708, #7669 ) ;
#5184 = AXIS2_PLACEMENT_3D ( 'NONE', #6485, #9419, #3003 ) ;
#5185 = CARTESIAN_POINT ( 'NONE',  ( 292.0129897686949221, 1081.748042840140215, -5.500000000000289546 ) ) ;
#5186 = FACE_OUTER_BOUND ( 'NONE', #784, .T. ) ;
#5187 = VERTEX_POINT ( 'NONE', #4143 ) ;
#5188 = DIRECTION ( 'NONE',  ( 0.000000000000000000, 0.000000000000000000, -1.000000000000000000 ) ) ;
#5189 = AXIS2_PLACEMENT_3D ( 'NONE', #8157, #3734, #1546 ) ;
#5190 = VERTEX_POINT ( 'NONE', #4188 ) ;
#5191 = DIRECTION ( 'NONE',  ( 0.9904535858622661726, 0.1378466330839395182, -0.000000000000000000 ) ) ;
#5192 = VERTEX_POINT ( 'NONE', #7084 ) ;
#5193 = EDGE_CURVE ( 'NONE', #8501, #4011, #4090, .T. ) ;
#5194 = DIRECTION ( 'NONE',  ( -0.000000000000000000, -0.000000000000000000, -1.000000000000000000 ) ) ;
#5195 = ORIENTED_EDGE ( 'NONE', *, *, #5849, .F. ) ;
#5196 = VERTEX_POINT ( 'NONE', #2780 ) ;
#5197 = DIRECTION ( 'NONE',  ( 0.9956305605605114684, 0.09337979908932034223, -0.000000000000000000 ) ) ;
#5198 = CARTESIAN_POINT ( 'NONE',  ( 296.1344922519370471, 1103.147939300681628, 5.999999999999699796 ) ) ;
#5199 =( BOUNDED_CURVE ( )  B_SPLINE_CURVE ( 3, ( #5460, #6919, #235, #293 ),
 .UNSPECIFIED., .F., .F. ) 
 B_SPLINE_CURVE_WITH_KNOTS ( ( 4, 4 ),
 ( 1.570796326794914322, 3.141592653590249196 ),
 .UNSPECIFIED. ) 
 CURVE ( )  GEOMETRIC_REPRESENTATION_ITEM ( )  RATIONAL_B_SPLINE_CURVE ( ( 1.000000000000000000, 0.8047378541242615757, 0.8047378541242615757, 1.000000000000000000 ) ) 
 REPRESENTATION_ITEM ( '' )  );
#5200 = DIRECTION ( 'NONE',  ( 1.000000000000000000, 0.000000000000000000, -0.000000000000000000 ) ) ;
#5201 = AXIS2_PLACEMENT_3D ( 'NONE', #3214, #5470, #3897 ) ;
#5202 = AXIS2_PLACEMENT_3D ( 'NONE', #7573, #3129, #5347 ) ;
#5203 = ADVANCED_FACE ( 'NONE', ( #457 ), #5755, .T. ) ;
#5204 = DIRECTION ( 'NONE',  ( -0.000000000000000000, -0.000000000000000000, -1.000000000000000000 ) ) ;
#5205 = DIRECTION ( 'NONE',  ( 0.09337979908943011553, -0.9956305605605012543, 0.000000000000000000 ) ) ;
#5206 = VECTOR ( 'NONE', #4318, 1000.000000000000000 ) ;
#5207 = DIRECTION ( 'NONE',  ( -0.000000000000000000, -0.000000000000000000, -1.000000000000000000 ) ) ;
#5208 = DIRECTION ( 'NONE',  ( 0.000000000000000000, 1.000000000000000000, -0.000000000000000000 ) ) ;
#5209 = CARTESIAN_POINT ( 'NONE',  ( 308.7100478682181119, 1073.279593019001140, -6.000000000000289546 ) ) ;
#5210 = CARTESIAN_POINT ( 'NONE',  ( 334.0332462475978446, 1119.667891162092246, -6.300000000000287592 ) ) ;
#5211 = DIRECTION ( 'NONE',  ( 0.000000000000000000, 0.000000000000000000, -1.000000000000000000 ) ) ;
#5212 = ORIENTED_EDGE ( 'NONE', *, *, #6361, .F. ) ;
#5213 = DIRECTION ( 'NONE',  ( -0.3502424885566302049, -0.9366590624179422786, 0.000000000000000000 ) ) ;
#5214 = VECTOR ( 'NONE', #5700, 1000.000000000000114 ) ;
#5215 = VECTOR ( 'NONE', #6244, 1000.000000000000000 ) ;
#5216 = EDGE_LOOP ( 'NONE', ( #5654, #98, #2437, #693, #3567 ) ) ;
#5217 = ORIENTED_EDGE ( 'NONE', *, *, #7765, .F. ) ;
#5218 = EDGE_CURVE ( 'NONE', #9210, #8605, #8699, .T. ) ;
#5219 = DIRECTION ( 'NONE',  ( 0.4021497357438804099, 0.9155739129317345126, 0.000000000000000000 ) ) ;
#5220 = VECTOR ( 'NONE', #8443, 1000.000000000000000 ) ;
#5221 = VECTOR ( 'NONE', #4846, 1000.000000000000000 ) ;
#5222 = ADVANCED_BREP_SHAPE_REPRESENTATION ( 'arm_XCGM_0.1_Default_sldprt', ( #7001, #4416 ), #8421 ) ;
#5223 = CARTESIAN_POINT ( 'NONE',  ( 304.5877450729034308, 1075.172873751232828, 61.58012167084567778 ) ) ;
#5224 = ORIENTED_EDGE ( 'NONE', *, *, #6332, .T. ) ;
#5225 = EDGE_LOOP ( 'NONE', ( #8478, #3166, #4695, #6311 ) ) ;
#5226 = CARTESIAN_POINT ( 'NONE',  ( 300.6581200301939703, 1026.129512749226706, -6.000000000000282441 ) ) ;
#5227 = DIRECTION ( 'NONE',  ( 0.1491541315387303890, -0.9888139587631877836, 0.000000000000000000 ) ) ;
#5228 = VERTEX_POINT ( 'NONE', #5617 ) ;
#5229 = CIRCLE ( 'NONE', #4776, 0.5000000000000258682 ) ;
#5230 = VECTOR ( 'NONE', #2191, 1000.000000000000000 ) ;
#5231 = ORIENTED_EDGE ( 'NONE', *, *, #3667, .F. ) ;
#5232 = ADVANCED_FACE ( 'NONE', ( #8564 ), #1955, .F. ) ;
#5233 = LINE ( 'NONE', #1423, #6592 ) ;
#5234 = CARTESIAN_POINT ( 'NONE',  ( 287.2922005561222250, 1053.030371257027127, 5.499999999999713118 ) ) ;
#5235 = EDGE_CURVE ( 'NONE', #8181, #9440, #6539, .T. ) ;
#5236 = AXIS2_PLACEMENT_3D ( 'NONE', #4528, #5204, #7432 ) ;
#5237 = CARTESIAN_POINT ( 'NONE',  ( 280.3802583216506719, 1003.018224043983537, 61.58012167084567778 ) ) ;
#5238 = VERTEX_POINT ( 'NONE', #4955 ) ;
#5239 = AXIS2_PLACEMENT_3D ( 'NONE', #1037, #3318, #6791 ) ;
#5240 = VERTEX_POINT ( 'NONE', #1276 ) ;
#5241 = CARTESIAN_POINT ( 'NONE',  ( 347.0085846824679834, 1140.092221637931743, 8.799999999999712941 ) ) ;
#5242 = EDGE_CURVE ( 'NONE', #85, #4958, #546, .T. ) ;
#5243 = DIRECTION ( 'NONE',  ( 0.1736481776669272781, 0.9848077530122085754, 0.000000000000000000 ) ) ;
#5244 =( BOUNDED_CURVE ( )  B_SPLINE_CURVE ( 3, ( #3453, #6382, #1170, #7884 ),
 .UNSPECIFIED., .F., .F. ) 
 B_SPLINE_CURVE_WITH_KNOTS ( ( 4, 4 ),
 ( 3.555456257589324487, 4.712388980384681680 ),
 .UNSPECIFIED. ) 
 CURVE ( )  GEOMETRIC_REPRESENTATION_ITEM ( )  RATIONAL_B_SPLINE_CURVE ( ( 1.000000000000000000, 0.8915347577003226442, 0.8915347577003226442, 1.000000000000000000 ) ) 
 REPRESENTATION_ITEM ( '' )  );
#5245 = ORIENTED_EDGE ( 'NONE', *, *, #5112, .T. ) ;
#5246 = ADVANCED_FACE ( 'NONE', ( #1323 ), #1464, .F. ) ;
#5247 = LINE ( 'NONE', #8187, #8570 ) ;
#5248 = EDGE_LOOP ( 'NONE', ( #5463, #7720, #863, #201 ) ) ;
#5249 = ADVANCED_FACE ( 'NONE', ( #3748 ), #3009, .F. ) ;
#5250 = ORIENTED_EDGE ( 'NONE', *, *, #8089, .T. ) ;
#5251 = CARTESIAN_POINT ( 'NONE',  ( 337.0625177931626126, 1077.150226908898958, -6.000000000000287770 ) ) ;
#5252 = FACE_OUTER_BOUND ( 'NONE', #1033, .T. ) ;
#5253 = ORIENTED_EDGE ( 'NONE', *, *, #273, .F. ) ;
#5254 = LINE ( 'NONE', #3768, #8469 ) ;
#5255 = EDGE_CURVE ( 'NONE', #3239, #8018, #5132, .T. ) ;
#5256 = EDGE_CURVE ( 'NONE', #7216, #5187, #1512, .T. ) ;
#5257 = CARTESIAN_POINT ( 'NONE',  ( 334.0332462475978446, 1119.667891162092246, -9.000000000000289546 ) ) ;
#5258 = DIRECTION ( 'NONE',  ( -1.000000000000000000, 0.000000000000000000, 0.000000000000000000 ) ) ;
#5259 = CARTESIAN_POINT ( 'NONE',  ( 275.1653034219292522, 956.5260851264006305, -6.000000000000287770 ) ) ;
#5260 =( BOUNDED_CURVE ( )  B_SPLINE_CURVE ( 3, ( #314, #9141, #7568, #6203 ),
 .UNSPECIFIED., .F., .F. ) 
 B_SPLINE_CURVE_WITH_KNOTS ( ( 4, 4 ),
 ( 0.4138636039995110538, 1.570796326794999587 ),
 .UNSPECIFIED. ) 
 CURVE ( )  GEOMETRIC_REPRESENTATION_ITEM ( )  RATIONAL_B_SPLINE_CURVE ( ( 1.000000000000000000, 0.8915347577002986634, 0.8915347577002986634, 1.000000000000000000 ) ) 
 REPRESENTATION_ITEM ( '' )  );
#5261 = FACE_OUTER_BOUND ( 'NONE', #2202, .T. ) ;
#5262 = CARTESIAN_POINT ( 'NONE',  ( 290.7208915543997136, 1072.526430867981389, -5.500000000000287770 ) ) ;
#5263 = CARTESIAN_POINT ( 'NONE',  ( 343.7169217884921864, 1113.199209766361719, 6.299999999999712941 ) ) ;
#5264 = CYLINDRICAL_SURFACE ( 'NONE', #597, 0.5000000000000004441 ) ;
#5265 = EDGE_LOOP ( 'NONE', ( #4484, #4939, #5907, #3450 ) ) ;
#5266 = CARTESIAN_POINT ( 'NONE',  ( 280.3802583216505013, 1003.018224043983537, -6.000000000000287770 ) ) ;
#5267 = ADVANCED_FACE ( 'NONE', ( #640 ), #6679, .F. ) ;
#5268 = CARTESIAN_POINT ( 'NONE',  ( 343.1176506735752696, 1035.568107679989453, 5.499999999999711342 ) ) ;
#5269 = EDGE_LOOP ( 'NONE', ( #2057, #396, #4234, #9249, #6079 ) ) ;
#5270 = CARTESIAN_POINT ( 'NONE',  ( 300.8423041959673583, 1122.982560454410759, 8.999999999999712230 ) ) ;
#5271 = DIRECTION ( 'NONE',  ( 1.000000000000000000, 0.000000000000000000, 0.000000000000000000 ) ) ;
#5272 = CARTESIAN_POINT ( 'NONE',  ( 315.8743980848317392, 1065.395065003673608, -5.993677054484373379 ) ) ;
#5273 = ORIENTED_EDGE ( 'NONE', *, *, #4832, .T. ) ;
#5274 = ORIENTED_EDGE ( 'NONE', *, *, #4956, .T. ) ;
#5275 = CARTESIAN_POINT ( 'NONE',  ( 272.7112994139250759, 957.4437044664329051, 8.999999999999712230 ) ) ;
#5276 = DIRECTION ( 'NONE',  ( 0.000000000000000000, 0.000000000000000000, 1.000000000000000000 ) ) ;
#5277 = ORIENTED_EDGE ( 'NONE', *, *, #2285, .T. ) ;
#5278 = ORIENTED_EDGE ( 'NONE', *, *, #3140, .F. ) ;
#5279 = CARTESIAN_POINT ( 'NONE',  ( 307.4659226208879090, 1044.335727586279063, 61.58012167084567778 ) ) ;
#5280 = DIRECTION ( 'NONE',  ( 0.9155739129316736724, -0.4021497357440186327, -0.000000000000000000 ) ) ;
#5281 = PLANE ( 'NONE',  #1478 ) ;
#5282 = CARTESIAN_POINT ( 'NONE',  ( 296.1848158921147274, 1025.530173790869640, -5.500000000000289546 ) ) ;
#5283 = VERTEX_POINT ( 'NONE', #5945 ) ;
#5284 = CARTESIAN_POINT ( 'NONE',  ( 335.1673615257996630, 1122.700873703794059, -6.300000000000287592 ) ) ;
#5285 = EDGE_CURVE ( 'NONE', #939, #4059, #8935, .T. ) ;
#5286 = ORIENTED_EDGE ( 'NONE', *, *, #5706, .F. ) ;
#5287 = CARTESIAN_POINT ( 'NONE',  ( 330.3433351485258527, 1146.323815078256985, 6.299999999999712941 ) ) ;
#5288 = EDGE_CURVE ( 'NONE', #9381, #673, #3703, .T. ) ;
#5289 = CARTESIAN_POINT ( 'NONE',  ( 277.2090887721042236, 999.7033149502203742, 5.975734776861391317 ) ) ;
#5290 = ADVANCED_FACE ( 'NONE', ( #5899 ), #4505, .F. ) ;
#5291 = ORIENTED_EDGE ( 'NONE', *, *, #7255, .T. ) ;
#5292 = CARTESIAN_POINT ( 'NONE',  ( 339.5354375298346099, 1160.300838090886600, -6.300000000000287592 ) ) ;
#5293 = EDGE_LOOP ( 'NONE', ( #3222, #9372, #3033, #5297 ) ) ;
#5294 = ORIENTED_EDGE ( 'NONE', *, *, #1818, .T. ) ;
#5295 = DIRECTION ( 'NONE',  ( 0.9366590624179422786, -0.3502424885566302049, -0.000000000000000000 ) ) ;
#5296 = FACE_OUTER_BOUND ( 'NONE', #7922, .T. ) ;
#5297 = ORIENTED_EDGE ( 'NONE', *, *, #8427, .T. ) ;
#5298 = DIRECTION ( 'NONE',  ( 0.4720078388553815008, 0.8815943511950790068, 0.000000000000000000 ) ) ;
#5299 =( BOUNDED_CURVE ( )  B_SPLINE_CURVE ( 3, ( #8785, #3878, #2365, #129 ),
 .UNSPECIFIED., .F., .F. ) 
 B_SPLINE_CURVE_WITH_KNOTS ( ( 4, 4 ),
 ( 1.246550621541264503, 1.570796326795292908 ),
 .UNSPECIFIED. ) 
 CURVE ( )  GEOMETRIC_REPRESENTATION_ITEM ( )  RATIONAL_B_SPLINE_CURVE ( ( 1.000000000000000000, 0.9912579000570334031, 0.9912579000570334031, 1.000000000000000000 ) ) 
 REPRESENTATION_ITEM ( '' )  );
#5300 = APPROVAL ( #2170, '未' ) ;
#5301 = DIRECTION ( 'NONE',  ( 0.4943022244885922345, 0.8692901189278694485, 0.000000000000000000 ) ) ;
#5302 = CIRCLE ( 'NONE', #1452, 2.500000000000002220 ) ;
#5303 = DIRECTION ( 'NONE',  ( -0.000000000000000000, -0.000000000000000000, -1.000000000000000000 ) ) ;
#5304 = DIRECTION ( 'NONE',  ( 1.000000000000000000, 0.000000000000000000, 0.000000000000000000 ) ) ;
#5305 = CARTESIAN_POINT ( 'NONE',  ( 295.5511701829618119, 1103.726427789566742, 5.999999999999712230 ) ) ;
#5306 = CARTESIAN_POINT ( 'NONE',  ( 347.0085846824679834, 1140.092221637931743, -8.800000000000286704 ) ) ;
#5307 = DIRECTION ( 'NONE',  ( 0.9155739129316806668, -0.4021497357440028120, -0.000000000000000000 ) ) ;
#5308 = DIRECTION ( 'NONE',  ( 0.8692901189279572671, -0.4943022244884379690, 0.000000000000000000 ) ) ;
#5309 = ORIENTED_EDGE ( 'NONE', *, *, #3687, .T. ) ;
#5311 = FACE_OUTER_BOUND ( 'NONE', #3616, .T. ) ;
#5310 = VECTOR ( 'NONE', #7930, 1000.000000000000114 ) ;
#5312 = EDGE_CURVE ( 'NONE', #2198, #6189, #8527, .T. ) ;
#5313 = CYLINDRICAL_SURFACE ( 'NONE', #8578, 0.4999999999999201750 ) ;
#5314 = ORIENTED_EDGE ( 'NONE', *, *, #6072, .T. ) ;
#5315 = EDGE_CURVE ( 'NONE', #7458, #9065, #3001, .T. ) ;
#5316 = FACE_OUTER_BOUND ( 'NONE', #8017, .T. ) ;
#5317 = AXIS2_PLACEMENT_3D ( 'NONE', #1025, #5276, #4602 ) ;
#5318 = LINE ( 'NONE', #5458, #7807 ) ;
#5319 = CARTESIAN_POINT ( 'NONE',  ( 306.8423041959673583, 1116.982560454410759, -10.75000000000028777 ) ) ;
#5320 = ORIENTED_EDGE ( 'NONE', *, *, #5831, .F. ) ;
#5321 = ORIENTED_EDGE ( 'NONE', *, *, #803, .F. ) ;
#5322 = DIRECTION ( 'NONE',  ( -0.3468439120604485670, 0.9379228649876300006, 0.000000000000000000 ) ) ;
#5323 = CARTESIAN_POINT ( 'NONE',  ( 318.6748188796912018, 1074.311857277960371, 5.999999999999699796 ) ) ;
#5324 = AXIS2_PLACEMENT_3D ( 'NONE', #8295, #5493, #8437 ) ;
#5325 = VERTEX_POINT ( 'NONE', #8888 ) ;
#5326 = ORIENTED_EDGE ( 'NONE', *, *, #1538, .F. ) ;
#5327 = DIRECTION ( 'NONE',  ( 0.000000000000000000, 0.000000000000000000, 1.000000000000000000 ) ) ;
#5328 = CYLINDRICAL_SURFACE ( 'NONE', #5964, 6.090834774869047230 ) ;
#5329 = EDGE_CURVE ( 'NONE', #2061, #1723, #2234, .T. ) ;
#5330 = AXIS2_PLACEMENT_3D ( 'NONE', #5157, #624, #1403 ) ;
#5331 = DIRECTION ( 'NONE',  ( 1.000000000000000000, 0.000000000000000000, 0.000000000000000000 ) ) ;
#5332 = AXIS2_PLACEMENT_3D ( 'NONE', #1864, #8519, #5623 ) ;
#5333 = ORIENTED_EDGE ( 'NONE', *, *, #4214, .F. ) ;
#5334 = DIRECTION ( 'NONE',  ( -0.8692901189279571561, 0.4943022244884379135, 0.000000000000000000 ) ) ;
#5335 = ORIENTED_EDGE ( 'NONE', *, *, #2047, .T. ) ;
#5336 = CARTESIAN_POINT ( 'NONE',  ( 347.0085846824679834, 1140.092221637931743, 6.299999999999712941 ) ) ;
#5337 = DIRECTION ( 'NONE',  ( 0.8673302893362094812, -0.4977330300472003199, -0.000000000000000000 ) ) ;
#5338 = AXIS2_PLACEMENT_3D ( 'NONE', #11, #7455, #6642 ) ;
#5339 = ORIENTED_EDGE ( 'NONE', *, *, #7943, .T. ) ;
#5340 = DIRECTION ( 'NONE',  ( 0.9904535858622689481, 0.1378466330839214771, -0.000000000000000000 ) ) ;
#5341 = EDGE_CURVE ( 'NONE', #4298, #3028, #5769, .T. ) ;
#5342 = ORIENTED_EDGE ( 'NONE', *, *, #1965, .T. ) ;
#5343 = CIRCLE ( 'NONE', #1342, 0.5000000000000004441 ) ;
#5344 = CIRCLE ( 'NONE', #7344, 3.000000000000002665 ) ;
#5345 = EDGE_LOOP ( 'NONE', ( #4890, #350, #6057, #365, #9234 ) ) ;
#5346 = CARTESIAN_POINT ( 'NONE',  ( 289.5924613659292390, 1069.932910807134022, 5.991051686243414665 ) ) ;
#5347 = DIRECTION ( 'NONE',  ( -0.9833288001032879366, -0.1818363849382954867, 0.000000000000000000 ) ) ;
#5348 = AXIS2_PLACEMENT_3D ( 'NONE', #1017, #3930, #6038 ) ;
#5349 = VERTEX_POINT ( 'NONE', #8173 ) ;
#5350 = CARTESIAN_POINT ( 'NONE',  ( 287.5409729489880419, 1027.590039015682123, 5.499999999999711342 ) ) ;
#5351 = ADVANCED_FACE ( 'NONE', ( #8748 ), #3790, .F. ) ;
#5352 = AXIS2_PLACEMENT_3D ( 'NONE', #6759, #962, #7531 ) ;
#5353 = CARTESIAN_POINT ( 'NONE',  ( 316.5626879312349047, 1106.925505108522884, 5.999999999999714007 ) ) ;
#5354 = CARTESIAN_POINT ( 'NONE',  ( 296.6848158921146705, 1025.530173790869640, -6.000000000000287770 ) ) ;
#5355 = FACE_OUTER_BOUND ( 'NONE', #6336, .T. ) ;
#5356 = CARTESIAN_POINT ( 'NONE',  ( 285.8179776046322900, 1001.175907056925098, 5.499999999999711342 ) ) ;
#5357 = CYLINDRICAL_SURFACE ( 'NONE', #1224, 0.5000000000000004441 ) ;
#5358 = VECTOR ( 'NONE', #7760, 1000.000000000000000 ) ;
#5359 = EDGE_CURVE ( 'NONE', #2875, #2484, #8798, .T. ) ;
#5360 = AXIS2_PLACEMENT_3D ( 'NONE', #412, #2502, #3283 ) ;
#5361 = CARTESIAN_POINT ( 'NONE',  ( 318.5510950119549989, 1107.293199775155244, 61.58012167084567778 ) ) ;
#5362 = CARTESIAN_POINT ( 'NONE',  ( 339.8506568378894031, 1120.949661261010760, -6.300000000000287592 ) ) ;
#5363 = VERTEX_POINT ( 'NONE', #5088 ) ;
#5364 = CYLINDRICAL_SURFACE ( 'NONE', #3463, 8.000000000000007105 ) ;
#5365 = EDGE_CURVE ( 'NONE', #9497, #4502, #2240, .T. ) ;
#5366 = AXIS2_PLACEMENT_3D ( 'NONE', #5123, #6483, #3639 ) ;
#5367 = ORIENTED_EDGE ( 'NONE', *, *, #5285, .F. ) ;
#5368 = ADVANCED_FACE ( 'NONE', ( #1374 ), #5858, .F. ) ;
#5369 = CYLINDRICAL_SURFACE ( 'NONE', #3217, 6.000000000000005329 ) ;
#5370 = DIRECTION ( 'NONE',  ( -0.4943022244887601002, -0.8692901189277740803, 0.000000000000000000 ) ) ;
#5371 = CARTESIAN_POINT ( 'NONE',  ( 330.3433351485258527, 1146.323815078256985, 8.799999999999712941 ) ) ;
#5372 = EDGE_CURVE ( 'NONE', #2351, #6834, #7020, .T. ) ;
#5373 = ORIENTED_EDGE ( 'NONE', *, *, #1930, .F. ) ;
#5374 = VECTOR ( 'NONE', #3039, 999.9999999999998863 ) ;
#5375 = VECTOR ( 'NONE', #2354, 1000.000000000000000 ) ;
#5376 = ORIENTED_EDGE ( 'NONE', *, *, #466, .F. ) ;
#5377 = CARTESIAN_POINT ( 'NONE',  ( 283.0502448967981195, 1032.830157485746213, -6.000000000000287770 ) ) ;
#5378 = EDGE_CURVE ( 'NONE', #1623, #6714, #529, .T. ) ;
#5379 = DIRECTION ( 'NONE',  ( 1.000000000000000000, 0.000000000000000000, 0.000000000000000000 ) ) ;
#5380 = ORIENTED_EDGE ( 'NONE', *, *, #324, .F. ) ;
#5381 = ORIENTED_EDGE ( 'NONE', *, *, #9098, .F. ) ;
#5382 = VECTOR ( 'NONE', #7650, 1000.000000000000000 ) ;
#5383 = CARTESIAN_POINT ( 'NONE',  ( 319.2080604721730310, 1105.380777627560747, 61.58012167084567778 ) ) ;
#5384 = AXIS2_PLACEMENT_3D ( 'NONE', #185, #4601, #1707 ) ;
#5385 = CARTESIAN_POINT ( 'NONE',  ( 310.3185483074692002, 1050.536967504295035, 5.999999999999712230 ) ) ;
#5386 = DIRECTION ( 'NONE',  ( 0.1525555872956738668, -0.9882948916112397342, 0.000000000000000000 ) ) ;
#5387 = ORIENTED_EDGE ( 'NONE', *, *, #5312, .F. ) ;
#5388 = LINE ( 'NONE', #8327, #1680 ) ;
#5389 = ORIENTED_EDGE ( 'NONE', *, *, #4409, .T. ) ;
#5390 = CYLINDRICAL_SURFACE ( 'NONE', #5239, 0.5000000000000821565 ) ;
#5391 = VECTOR ( 'NONE', #3977, 1000.000000000000114 ) ;
#5393 = CIRCLE ( 'NONE', #5994, 0.4999999999999031886 ) ;
#5392 = DIRECTION ( 'NONE',  ( 1.000000000000000000, 0.000000000000000000, 0.000000000000000000 ) ) ;
#5394 = EDGE_CURVE ( 'NONE', #6189, #4813, #4283, .T. ) ;
#5395 = VERTEX_POINT ( 'NONE', #8216 ) ;
#5396 = ADVANCED_FACE ( 'NONE', ( #877 ), #3209, .F. ) ;
#5397 = PLANE ( 'NONE',  #2713 ) ;
#5398 = AXIS2_PLACEMENT_3D ( 'NONE', #3285, #6953, #165 ) ;
#5399 = VERTEX_POINT ( 'NONE', #7595 ) ;
#5400 = ORIENTED_EDGE ( 'NONE', *, *, #8551, .T. ) ;
#5401 = CARTESIAN_POINT ( 'NONE',  ( 272.7112994139250759, 957.4437044664329051, 8.999999999999712230 ) ) ;
#5402 = CARTESIAN_POINT ( 'NONE',  ( 310.0081923387519964, 1050.005665032314710, 5.697028680836260683 ) ) ;
#5403 = ORIENTED_EDGE ( 'NONE', *, *, #6862, .F. ) ;
#5404 = DIRECTION ( 'NONE',  ( -0.000000000000000000, 0.000000000000000000, 1.000000000000000000 ) ) ;
#5405 = EDGE_LOOP ( 'NONE', ( #7352, #7297, #9539, #6691 ) ) ;
#5406 = CARTESIAN_POINT ( 'NONE',  ( 347.0085846824679834, 1140.092221637931743, 8.299999999999714717 ) ) ;
#5407 = LINE ( 'NONE', #6905, #5935 ) ;
#5408 = CARTESIAN_POINT ( 'NONE',  ( 295.5511701829618119, 1103.726427789566742, -6.000000000000282441 ) ) ;
#5409 = CARTESIAN_POINT ( 'NONE',  ( 291.9620504030801840, 1025.222982997583358, 5.499999999999711342 ) ) ;
#5410 = DIRECTION ( 'NONE',  ( 0.9833288001032879366, 0.1818363849382954867, 0.000000000000000000 ) ) ;
#5411 = LINE ( 'NONE', #6074, #8149 ) ;
#5412 = EDGE_CURVE ( 'NONE', #823, #8975, #682, .T. ) ;
#5413 = ADVANCED_FACE ( 'NONE', ( #6822 ), #4694, .F. ) ;
#5414 = DIRECTION ( 'NONE',  ( 0.8692901189279172991, -0.4943022244885084682, 9.651059051129135244E-14 ) ) ;
#5415 = ORIENTED_EDGE ( 'NONE', *, *, #4799, .F. ) ;
#5416 = DIRECTION ( 'NONE',  ( -1.000000000000000000, 0.000000000000000000, 0.000000000000000000 ) ) ;
#5417 = ADVANCED_FACE ( 'NONE', ( #5423 ), #7638, .F. ) ;
#5418 = FACE_OUTER_BOUND ( 'NONE', #4506, .T. ) ;
#5419 = DIRECTION ( 'NONE',  ( -0.000000000000000000, -0.000000000000000000, 1.000000000000000000 ) ) ;
#5420 = ORIENTED_EDGE ( 'NONE', *, *, #7955, .F. ) ;
#5421 = VERTEX_POINT ( 'NONE', #2379 ) ;
#5422 = CARTESIAN_POINT ( 'NONE',  ( 280.4491816381926697, 1002.522997251052288, -6.000000000000289546 ) ) ;
#5423 = FACE_OUTER_BOUND ( 'NONE', #7588, .T. ) ;
#5424 = ORIENTED_EDGE ( 'NONE', *, *, #500, .T. ) ;
#5425 = EDGE_LOOP ( 'NONE', ( #3419, #9315, #3156, #8928, #9402 ) ) ;
#5426 = EDGE_CURVE ( 'NONE', #4687, #251, #5465, .T. ) ;
#5427 = LINE ( 'NONE', #8268, #2742 ) ;
#5428 = CARTESIAN_POINT ( 'NONE',  ( 301.4760202787600747, 1047.196658736663039, -5.500000000000287770 ) ) ;
#5429 = CARTESIAN_POINT ( 'NONE',  ( 283.0217578369321814, 1032.668599341033996, 5.975082126564918106 ) ) ;
#5430 = CARTESIAN_POINT ( 'NONE',  ( -154.6335921669140419, 1001.756749255185809, 61.58012167084567778 ) ) ;
#5431 = ORIENTED_EDGE ( 'NONE', *, *, #1454, .T. ) ;
#5432 = LINE ( 'NONE', #8368, #4921 ) ;
#5433 = ORIENTED_EDGE ( 'NONE', *, *, #6794, .F. ) ;
#5434 = DIRECTION ( 'NONE',  ( 0.6993660522065789920, 0.7147636847385188119, 0.000000000000000000 ) ) ;
#5435 = CARTESIAN_POINT ( 'NONE',  ( 333.6950601088341273, 1158.572179699236813, 2.185281374238132734 ) ) ;
#5436 = ORIENTED_EDGE ( 'NONE', *, *, #4996, .F. ) ;
#5437 = CARTESIAN_POINT ( 'NONE',  ( 327.5413952400728590, 1138.830542578913537, 5.999999999999712230 ) ) ;
#5438 = ADVANCED_FACE ( 'NONE', ( #8402 ), #8978, .F. ) ;
#5439 = VERTEX_POINT ( 'NONE', #1708 ) ;
#5440 = VERTEX_POINT ( 'NONE', #1657 ) ;
#5441 = DIRECTION ( 'NONE',  ( 0.000000000000000000, 1.000000000000000000, 0.000000000000000000 ) ) ;
#5442 = CARTESIAN_POINT ( 'NONE',  ( 300.8423041959673583, 1116.982560454410759, -10.75000000000028777 ) ) ;
#5443 = VERTEX_POINT ( 'NONE', #3991 ) ;
#5444 = FACE_OUTER_BOUND ( 'NONE', #2094, .T. ) ;
#5445 = EDGE_CURVE ( 'NONE', #384, #179, #6701, .T. ) ;
#5446 = ORIENTED_EDGE ( 'NONE', *, *, #9062, .F. ) ;
#5447 = CARTESIAN_POINT ( 'NONE',  ( 282.0501109898323193, 982.5281748859821391, 8.999999999999712230 ) ) ;
#5448 = CARTESIAN_POINT ( 'NONE',  ( 299.5726160487803895, 1023.416884035249154, -5.500000000000289546 ) ) ;
#5449 = CARTESIAN_POINT ( 'NONE',  ( 291.7260464836526239, 1024.782185821985877, -6.000000000000287770 ) ) ;
#5450 = DIRECTION ( 'NONE',  ( 0.1491541315386218369, -0.9888139587632041039, 0.000000000000000000 ) ) ;
#5451 = CARTESIAN_POINT ( 'NONE',  ( 269.8466448106040048, 957.9488203634091406, -6.000000000000287770 ) ) ;
#5452 = CARTESIAN_POINT ( 'NONE',  ( 291.7677370044330587, 1082.269511988437898, 210.7946508136983255 ) ) ;
#5453 = EDGE_CURVE ( 'NONE', #1800, #1456, #7551, .T. ) ;
#5454 = VECTOR ( 'NONE', #965, 1000.000000000000114 ) ;
#5455 = DIRECTION ( 'NONE',  ( 0.8692901189279572671, -0.4943022244884379690, 0.000000000000000000 ) ) ;
#5456 = ORIENTED_EDGE ( 'NONE', *, *, #1102, .T. ) ;
#5457 = CARTESIAN_POINT ( 'NONE',  ( 300.8423041959673583, 1116.982560454410759, 10.74999999999971223 ) ) ;
#5458 = CARTESIAN_POINT ( 'NONE',  ( 293.1232991283133629, 1004.551438905051555, 5.999999999999714007 ) ) ;
#5459 = EDGE_CURVE ( 'NONE', #7400, #3261, #2944, .T. ) ;
#5460 = CARTESIAN_POINT ( 'NONE',  ( 278.6518226056214189, 1004.323514583143719, -5.500000000000287770 ) ) ;
#5461 = VECTOR ( 'NONE', #199, 1000.000000000000000 ) ;
#5462 = ORIENTED_EDGE ( 'NONE', *, *, #6320, .F. ) ;
#5463 = ORIENTED_EDGE ( 'NONE', *, *, #5680, .T. ) ;
#5464 = CARTESIAN_POINT ( 'NONE',  ( 339.5354375298346099, 1160.300838090886600, -8.800000000000286704 ) ) ;
#5465 = LINE ( 'NONE', #3106, #2235 ) ;
#5466 = ORIENTED_EDGE ( 'NONE', *, *, #2732, .T. ) ;
#5467 = ORIENTED_EDGE ( 'NONE', *, *, #7641, .T. ) ;
#5468 = AXIS2_PLACEMENT_3D ( 'NONE', #7782, #4894, #3359 ) ;
#5469 = DIRECTION ( 'NONE',  ( 1.000000000000000000, 0.000000000000000000, -0.000000000000000000 ) ) ;
#5470 = DIRECTION ( 'NONE',  ( -0.000000000000000000, 0.000000000000000000, 1.000000000000000000 ) ) ;
#5471 = DIRECTION ( 'NONE',  ( -0.000000000000000000, -0.000000000000000000, 1.000000000000000000 ) ) ;
#5472 = CARTESIAN_POINT ( 'NONE',  ( 315.8462804852044883, 1065.319869659405413, 5.999999999999712230 ) ) ;
#5473 = ORIENTED_EDGE ( 'NONE', *, *, #3296, .T. ) ;
#5474 = LINE ( 'NONE', #8275, #1992 ) ;
#5475 = CIRCLE ( 'NONE', #1315, 0.4999999999999473754 ) ;
#5476 = ORIENTED_EDGE ( 'NONE', *, *, #466, .T. ) ;
#5477 = CARTESIAN_POINT ( 'NONE',  ( 336.1950601088341273, 1158.572179699236813, -2.185281374238708274 ) ) ;
#5478 = CARTESIAN_POINT ( 'NONE',  ( 302.8427664339087073, 1046.412326961938561, -5.500000000000287770 ) ) ;
#5479 = EDGE_CURVE ( 'NONE', #7131, #7670, #7632, .T. ) ;
#5480 = CARTESIAN_POINT ( 'NONE',  ( 294.5798287128430388, 1080.863649720678723, -6.000000000000287770 ) ) ;
#5481 = EDGE_LOOP ( 'NONE', ( #8998, #6595, #2387, #8710, #7729 ) ) ;
#5482 = CARTESIAN_POINT ( 'NONE',  ( 278.5157583202347951, 1007.113806202781348, -6.000000000000287770 ) ) ;
#5483 = ORIENTED_EDGE ( 'NONE', *, *, #7194, .T. ) ;
#5485 = VECTOR ( 'NONE', #8052, 1000.000000000000000 ) ;
#5484 = DIRECTION ( 'NONE',  ( -0.000000000000000000, -0.000000000000000000, -1.000000000000000000 ) ) ;
#5486 = ORIENTED_EDGE ( 'NONE', *, *, #1538, .T. ) ;
#5487 = DIRECTION ( 'NONE',  ( -0.1815689199582223023, 0.9833782218989826074, -0.000000000000000000 ) ) ;
#5488 = VECTOR ( 'NONE', #2720, 1000.000000000000114 ) ;
#5489 = EDGE_CURVE ( 'NONE', #1683, #9226, #4095, .T. ) ;
#5490 = VERTEX_POINT ( 'NONE', #2991 ) ;
#5491 = VECTOR ( 'NONE', #3753, 1000.000000000000114 ) ;
#5492 = CARTESIAN_POINT ( 'NONE',  ( 318.8880059579842623, 1074.850687220776763, -5.792893218813728318 ) ) ;
#5493 = DIRECTION ( 'NONE',  ( -0.9366590624179432778, 0.3502424885566279289, 0.000000000000000000 ) ) ;
#5494 = FACE_OUTER_BOUND ( 'NONE', #555, .T. ) ;
#5495 = CIRCLE ( 'NONE', #1339, 0.5000000000000004441 ) ;
#5496 = VERTEX_POINT ( 'NONE', #74 ) ;
#5497 = DIRECTION ( 'NONE',  ( 1.000000000000000000, -4.440892098500622123E-13, 0.000000000000000000 ) ) ;
#5498 = DIRECTION ( 'NONE',  ( -0.000000000000000000, -0.000000000000000000, -1.000000000000000000 ) ) ;
#5499 = CARTESIAN_POINT ( 'NONE',  ( 320.3779037142266475, 1077.438861796594438, -5.978239748473575865 ) ) ;
#5500 = EDGE_CURVE ( 'NONE', #2366, #8979, #5158, .T. ) ;
#5501 = DIRECTION ( 'NONE',  ( 0.9833288001032860493, 0.1818363849383054787, 0.000000000000000000 ) ) ;
#5502 = ORIENTED_EDGE ( 'NONE', *, *, #1798, .T. ) ;
#5503 = CIRCLE ( 'NONE', #1971, 0.5000000000000004441 ) ;
#5504 = CARTESIAN_POINT ( 'NONE',  ( 310.2336641944685880, 1050.309960569685245, -5.949930407077936856 ) ) ;
#5505 = VECTOR ( 'NONE', #120, 1000.000000000000000 ) ;
#5506 = DIRECTION ( 'NONE',  ( -0.9848077530122086864, 0.1736481776669272781, 0.000000000000000000 ) ) ;
#5507 = DIRECTION ( 'NONE',  ( 1.000000000000000000, 0.000000000000000000, -0.000000000000000000 ) ) ;
#5508 = VERTEX_POINT ( 'NONE', #9502 ) ;
#5509 = ORIENTED_EDGE ( 'NONE', *, *, #2164, .T. ) ;
#5510 = CARTESIAN_POINT ( 'NONE',  ( 282.0501109898323193, 982.5281748859821391, -6.000000000000287770 ) ) ;
#5511 = AXIS2_PLACEMENT_3D ( 'NONE', #6094, #9032, #8409 ) ;
#5512 = ORIENTED_EDGE ( 'NONE', *, *, #4533, .T. ) ;
#5513 = ORIENTED_EDGE ( 'NONE', *, *, #163, .T. ) ;
#5514 = CARTESIAN_POINT ( 'NONE',  ( 290.8430110562870254, 998.4532282156831116, -5.999215263540426335 ) ) ;
#5515 = DIRECTION ( 'NONE',  ( -0.000000000000000000, -0.000000000000000000, 1.000000000000000000 ) ) ;
#5516 = AXIS2_PLACEMENT_3D ( 'NONE', #4829, #5650, #4933 ) ;
#5517 = VECTOR ( 'NONE', #2881, 999.9999999999998863 ) ;
#5518 = CARTESIAN_POINT ( 'NONE',  ( 295.3965749552162379, 1100.977576535556636, 5.999999999999712230 ) ) ;
#5519 = ORIENTED_EDGE ( 'NONE', *, *, #3759, .T. ) ;
#5520 = CYLINDRICAL_SURFACE ( 'NONE', #899, 0.4999999999999883982 ) ;
#5521 = ORIENTED_EDGE ( 'NONE', *, *, #1818, .F. ) ;
#5522 = FACE_OUTER_BOUND ( 'NONE', #4572, .T. ) ;
#5523 = DIRECTION ( 'NONE',  ( -0.000000000000000000, 0.000000000000000000, 1.000000000000000000 ) ) ;
#5524 = CARTESIAN_POINT ( 'NONE',  ( 291.7070732562511353, 1079.046085534692338, 61.58012167084567778 ) ) ;
#5525 = VECTOR ( 'NONE', #7986, 1000.000000000000000 ) ;
#5526 = EDGE_CURVE ( 'NONE', #4517, #3592, #4855, .T. ) ;
#5527 = AXIS2_PLACEMENT_3D ( 'NONE', #9465, #2856, #5803 ) ;
#5528 = ORIENTED_EDGE ( 'NONE', *, *, #7208, .T. ) ;
#5529 = EDGE_CURVE ( 'NONE', #7100, #8534, #3684, .T. ) ;
#5530 = CARTESIAN_POINT ( 'NONE',  ( 327.5413952400728590, 1138.830542578913537, 210.7946508136983255 ) ) ;
#5531 = PLANE ( 'NONE',  #7491 ) ;
#5532 = VERTEX_POINT ( 'NONE', #5262 ) ;
#5533 = DIRECTION ( 'NONE',  ( 0.8692901189279664820, -0.4943022244884216487, -0.000000000000000000 ) ) ;
#5534 = VECTOR ( 'NONE', #1449, 1000.000000000000000 ) ;
#5535 = VECTOR ( 'NONE', #1104, 1000.000000000000000 ) ;
#5536 = DIRECTION ( 'NONE',  ( 0.000000000000000000, 1.000000000000000000, 0.000000000000000000 ) ) ;
#5537 = ORIENTED_EDGE ( 'NONE', *, *, #3155, .F. ) ;
#5538 = DIRECTION ( 'NONE',  ( -0.4021497357439621223, -0.9155739129316985414, 0.000000000000000000 ) ) ;
#5539 = CARTESIAN_POINT ( 'NONE',  ( 306.8722316517408331, 1041.794019517139077, -5.756316896145400541 ) ) ;
#5540 = EDGE_CURVE ( 'NONE', #8528, #8842, #3665, .T. ) ;
#5541 = CLOSED_SHELL ( 'NONE', ( #6060, #8383, #7423, #6658, #1997, #8244, #300, #1812, #986, #3110, #6463, #3347, #1815, #1153, #449 ) ) ;
#5542 = EDGE_LOOP ( 'NONE', ( #1773, #2390, #7549, #6871, #4597, #4213, #2697, #4628 ) ) ;
#5543 = AXIS2_PLACEMENT_3D ( 'NONE', #8290, #4629, #5538 ) ;
#5544 = DIRECTION ( 'NONE',  ( -0.000000000000000000, -1.000000000000000000, 0.000000000000000000 ) ) ;
#5545 = EDGE_CURVE ( 'NONE', #4322, #1752, #4643, .T. ) ;
#5546 = DIRECTION ( 'NONE',  ( 0.000000000000000000, 0.000000000000000000, -1.000000000000000000 ) ) ;
#5547 = CARTESIAN_POINT ( 'NONE',  ( 283.0141617134382841, 1032.581775252200714, -5.940797175597870350 ) ) ;
#5548 = EDGE_LOOP ( 'NONE', ( #8013, #61, #2603, #1797, #1302, #2995, #2166, #1627 ) ) ;
#5549 = CARTESIAN_POINT ( 'NONE',  ( 343.1176506735744738, 1035.568107679988316, -5.500000000000287770 ) ) ;
#5550 = ADVANCED_FACE ( 'NONE', ( #3822, #8200 ), #2892, .T. ) ;
#5551 = LINE ( 'NONE', #4783, #9355 ) ;
#5552 = DIRECTION ( 'NONE',  ( 0.000000000000000000, 0.000000000000000000, 1.000000000000000000 ) ) ;
#5553 = VECTOR ( 'NONE', #7705, 1000.000000000000000 ) ;
#5554 = CARTESIAN_POINT ( 'NONE',  ( 300.8423041959673583, 1116.982560454410759, 10.74999999999971223 ) ) ;
#5555 = ORIENTED_EDGE ( 'NONE', *, *, #8546, .T. ) ;
#5556 = LINE ( 'NONE', #8596, #425 ) ;
#5557 = CARTESIAN_POINT ( 'NONE',  ( 328.7864743326773578, 1162.178293110218874, -8.800000000000286704 ) ) ;
#5558 = EDGE_CURVE ( 'NONE', #8842, #8181, #8783, .T. ) ;
#5559 = CARTESIAN_POINT ( 'NONE',  ( 339.5354375298346099, 1160.300838090886600, 8.799999999999712941 ) ) ;
#5560 = ORIENTED_EDGE ( 'NONE', *, *, #8003, .F. ) ;
#5561 = ORIENTED_EDGE ( 'NONE', *, *, #982, .F. ) ;
#5562 = CARTESIAN_POINT ( 'NONE',  ( 285.6169027367602666, 1000.718120100459146, 5.499999999999711342 ) ) ;
#5563 = ORIENTED_EDGE ( 'NONE', *, *, #1656, .F. ) ;
#5564 = EDGE_LOOP ( 'NONE', ( #4899, #5692, #1748, #9104 ) ) ;
#5565 = PLANE ( 'NONE',  #6235 ) ;
#5566 = CARTESIAN_POINT ( 'NONE',  ( 309.0660086535879714, 1047.187280769597237, 5.999999999999712230 ) ) ;
#5567 = CARTESIAN_POINT ( 'NONE',  ( 319.1689663254967968, 1074.388135071608303, -6.000000000000287770 ) ) ;
#5568 =( BOUNDED_CURVE ( )  B_SPLINE_CURVE ( 3, ( #1914, #3610, #4861, #1969 ),
 .UNSPECIFIED., .F., .F. ) 
 B_SPLINE_CURVE_WITH_KNOTS ( ( 4, 4 ),
 ( 0.4915669018469208118, 1.570796326794860587 ),
 .UNSPECIFIED. ) 
 CURVE ( )  GEOMETRIC_REPRESENTATION_ITEM ( )  RATIONAL_B_SPLINE_CURVE ( ( 1.000000000000000000, 0.9052711385875165107, 0.9052711385875165107, 1.000000000000000000 ) ) 
 REPRESENTATION_ITEM ( '' )  );
#5569 = CARTESIAN_POINT ( 'NONE',  ( 343.1176506735752696, 1035.568107679989453, 5.999999999999712230 ) ) ;
#5570 = ORIENTED_EDGE ( 'NONE', *, *, #1698, .F. ) ;
#5571 = FACE_OUTER_BOUND ( 'NONE', #7693, .T. ) ;
#5572 = VERTEX_POINT ( 'NONE', #6664 ) ;
#5573 = DIRECTION ( 'NONE',  ( -0.000000000000000000, -0.000000000000000000, 1.000000000000000000 ) ) ;
#5574 = ADVANCED_FACE ( 'NONE', ( #3093, #5115 ), #6029, .F. ) ;
#5575 = FACE_OUTER_BOUND ( 'NONE', #8319, .T. ) ;
#5576 = UNCERTAINTY_MEASURE_WITH_UNIT (LENGTH_MEASURE( 1.000000000000000082E-05 ), #9357, 'distance_accuracy_value', 'NONE');
#5577 = DIRECTION ( 'NONE',  ( 0.000000000000000000, 0.000000000000000000, 1.000000000000000000 ) ) ;
#5578 = VERTEX_POINT ( 'NONE', #3774 ) ;
#5579 = PLANE ( 'NONE',  #5332 ) ;
#5580 = DIRECTION ( 'NONE',  ( -0.3248897391129285106, 0.9457519005633207021, 0.000000000000000000 ) ) ;
#5581 = EDGE_CURVE ( 'NONE', #9024, #5349, #5622, .T. ) ;
#5582 = VERTEX_POINT ( 'NONE', #7338 ) ;
#5583 = CARTESIAN_POINT ( 'NONE',  ( -131.5461489948469591, 945.1834409258285632, 61.58012167084567778 ) ) ;
#5584 = ADVANCED_FACE ( 'NONE', ( #8964, #2362 ), #8245, .T. ) ;
#5585 = ORIENTED_EDGE ( 'NONE', *, *, #4716, .F. ) ;
#5586 = DIRECTION ( 'NONE',  ( -0.000000000000000000, -0.000000000000000000, 1.000000000000000000 ) ) ;
#5587 = EDGE_CURVE ( 'NONE', #9017, #4888, #2266, .T. ) ;
#5588 = LINE ( 'NONE', #7232, #6066 ) ;
#5589 = EDGE_LOOP ( 'NONE', ( #5274, #3262, #9079, #9393 ) ) ;
#5590 = LINE ( 'NONE', #7102, #6123 ) ;
#5591 = CYLINDRICAL_SURFACE ( 'NONE', #2848, 0.4999999999999982236 ) ;
#5592 = LINE ( 'NONE', #8531, #8144 ) ;
#5593 = ORIENTED_EDGE ( 'NONE', *, *, #1965, .F. ) ;
#5594 = DIRECTION ( 'NONE',  ( -0.000000000000000000, -0.000000000000000000, -1.000000000000000000 ) ) ;
#5595 = CARTESIAN_POINT ( 'NONE',  ( 287.1254130186708267, 1055.941584367208634, -6.000000000000289546 ) ) ;
#5596 = DIRECTION ( 'NONE',  ( 0.9155739129316736724, -0.4021497357440186327, 0.000000000000000000 ) ) ;
#5597 = CARTESIAN_POINT ( 'NONE',  ( 278.4507477377494524, 1003.865727626677995, -6.000000000000289546 ) ) ;
#5598 = ORIENTED_EDGE ( 'NONE', *, *, #5558, .F. ) ;
#5599 = CARTESIAN_POINT ( 'NONE',  ( 281.7746236047186699, 1059.079139943007249, 5.999999999999712230 ) ) ;
#5600 = CARTESIAN_POINT ( 'NONE',  ( 287.3795460953297152, 1026.654834860702749, 5.499999999999711342 ) ) ;
#5601 = DIRECTION ( 'NONE',  ( 0.3468439120604485670, -0.9379228649876300006, 0.000000000000000000 ) ) ;
#5602 = ORIENTED_EDGE ( 'NONE', *, *, #3584, .F. ) ;
#5603 = ORIENTED_EDGE ( 'NONE', *, *, #3114, .T. ) ;
#5604 = CARTESIAN_POINT ( 'NONE',  ( 287.1361268015833730, 1056.002345249459722, -6.000000000000287770 ) ) ;
#5605 =( BOUNDED_CURVE ( )  B_SPLINE_CURVE ( 3, ( #1783, #1839, #5499, #8303 ),
 .UNSPECIFIED., .F., .F. ) 
 B_SPLINE_CURVE_WITH_KNOTS ( ( 4, 4 ),
 ( 4.712388980384723425, 5.223372572972456496 ),
 .UNSPECIFIED. ) 
 CURVE ( )  GEOMETRIC_REPRESENTATION_ITEM ( )  RATIONAL_B_SPLINE_CURVE ( ( 1.000000000000000000, 0.9783594168768037225, 0.9783594168768037225, 1.000000000000000000 ) ) 
 REPRESENTATION_ITEM ( '' )  );
#5606 = ORIENTED_EDGE ( 'NONE', *, *, #9066, .T. ) ;
#5607 = ADVANCED_FACE ( 'NONE', ( #4280 ), #7739, .T. ) ;
#5608 = VERTEX_POINT ( 'NONE', #6337 ) ;
#5609 = LINE ( 'NONE', #1122, #3333 ) ;
#5610 = CIRCLE ( 'NONE', #821, 0.5000000000000004441 ) ;
#5611 = LINE ( 'NONE', #3552, #3032 ) ;
#5612 = CARTESIAN_POINT ( 'NONE',  ( 278.4869764753135541, 1006.906831917181648, -5.957786956466124551 ) ) ;
#5613 = ORIENTED_EDGE ( 'NONE', *, *, #2794, .T. ) ;
#5614 = CARTESIAN_POINT ( 'NONE',  ( 625.1595048866407751, 214.7581287709922435, -6.000000000000287770 ) ) ;
#5615 = EDGE_LOOP ( 'NONE', ( #3126, #6597, #4255 ) ) ;
#5616 = LINE ( 'NONE', #495, #1834 ) ;
#5617 = CARTESIAN_POINT ( 'NONE',  ( 317.2196533914529937, 1105.013082960928614, -6.000000000000287770 ) ) ;
#5618 = AXIS2_PLACEMENT_3D ( 'NONE', #9424, #9286, #2814 ) ;
#5619 = CARTESIAN_POINT ( 'NONE',  ( 347.0085846824679834, 1140.092221637931743, -8.300000000000288480 ) ) ;
#5620 = ADVANCED_FACE ( 'NONE', ( #9322 ), #5565, .T. ) ;
#5621 = ORIENTED_EDGE ( 'NONE', *, *, #2907, .F. ) ;
#5622 =( BOUNDED_CURVE ( )  B_SPLINE_CURVE ( 3, ( #31, #9555, #7390, #5925 ),
 .UNSPECIFIED., .F., .T. ) 
 B_SPLINE_CURVE_WITH_KNOTS ( ( 4, 4 ),
 ( 1.570796326794892339, 3.141592653589450723 ),
 .UNSPECIFIED. ) 
 CURVE ( )  GEOMETRIC_REPRESENTATION_ITEM ( )  RATIONAL_B_SPLINE_CURVE ( ( 1.000000000000000000, 0.8047378541244445405, 0.8047378541244445405, 1.000000000000000000 ) ) 
 REPRESENTATION_ITEM ( '' )  );
#5623 = DIRECTION ( 'NONE',  ( 0.9366590624179422786, -0.3502424885566302049, 0.000000000000000000 ) ) ;
#5624 = DIRECTION ( 'NONE',  ( 0.9366590624179427227, -0.3502424885566290946, 0.000000000000000000 ) ) ;
#5625 = VECTOR ( 'NONE', #4748, 1000.000000000000114 ) ;
#5626 = ORIENTED_EDGE ( 'NONE', *, *, #8249, .F. ) ;
#5627 = DIRECTION ( 'NONE',  ( 0.000000000000000000, 0.000000000000000000, 1.000000000000000000 ) ) ;
#5628 = DIRECTION ( 'NONE',  ( 0.000000000000000000, 1.000000000000000000, 0.000000000000000000 ) ) ;
#5629 = ORIENTED_EDGE ( 'NONE', *, *, #1837, .F. ) ;
#5630 = CARTESIAN_POINT ( 'NONE',  ( 320.3477465192815998, 1077.358211930101334, -5.936131959015968462 ) ) ;
#5631 = DIRECTION ( 'NONE',  ( 0.1736481776669271393, 0.9848077530122086864, -0.000000000000000000 ) ) ;
#5632 = VERTEX_POINT ( 'NONE', #4080 ) ;
#5633 = EDGE_CURVE ( 'NONE', #6864, #2846, #1943, .T. ) ;
#5634 = DIRECTION ( 'NONE',  ( -0.000000000000000000, -0.000000000000000000, -1.000000000000000000 ) ) ;
#5635 = DIRECTION ( 'NONE',  ( 0.000000000000000000, 1.000000000000000000, 0.000000000000000000 ) ) ;
#5636 = DIRECTION ( 'NONE',  ( -0.4943022244885922345, -0.8692901189278694485, -1.734723475976987349E-15 ) ) ;
#5637 = VECTOR ( 'NONE', #2684, 1000.000000000000114 ) ;
#5638 = ORIENTED_EDGE ( 'NONE', *, *, #5668, .T. ) ;
#5639 = DIRECTION ( 'NONE',  ( 0.000000000000000000, 1.000000000000000000, -0.000000000000000000 ) ) ;
#5640 = EDGE_CURVE ( 'NONE', #1999, #3239, #5782, .T. ) ;
#5641 = LINE ( 'NONE', #6366, #2426 ) ;
#5642 = VECTOR ( 'NONE', #8140, 1000.000000000000114 ) ;
#5643 = FACE_OUTER_BOUND ( 'NONE', #2186, .T. ) ;
#5644 = CIRCLE ( 'NONE', #5796, 6.000000000000005329 ) ;
#5645 = CIRCLE ( 'NONE', #2570, 0.5000000000000004441 ) ;
#5646 = LINE ( 'NONE', #6273, #714 ) ;
#5647 = VERTEX_POINT ( 'NONE', #8505 ) ;
#5648 = AXIS2_PLACEMENT_3D ( 'NONE', #4456, #3594, #5219 ) ;
#5649 = EDGE_CURVE ( 'NONE', #7234, #6518, #4709, .T. ) ;
#5650 = DIRECTION ( 'NONE',  ( -0.9904535858622735001, -0.1378466330838880038, -5.498121879234221712E-13 ) ) ;
#5651 = VECTOR ( 'NONE', #5307, 1000.000000000000000 ) ;
#5652 = CARTESIAN_POINT ( 'NONE',  ( 291.7776981520913751, 1082.326004464055131, 5.990224393749720377 ) ) ;
#5653 = EDGE_CURVE ( 'NONE', #3029, #3517, #8727, .T. ) ;
#5654 = ORIENTED_EDGE ( 'NONE', *, *, #1480, .T. ) ;
#5655 = ORIENTED_EDGE ( 'NONE', *, *, #4441, .T. ) ;
#5656 = DIRECTION ( 'NONE',  ( 0.000000000000000000, 0.000000000000000000, -1.000000000000000000 ) ) ;
#5657 = EDGE_CURVE ( 'NONE', #3701, #9440, #8009, .T. ) ;
#5658 = ORIENTED_EDGE ( 'NONE', *, *, #5581, .F. ) ;
#5659 = AXIS2_PLACEMENT_3D ( 'NONE', #6961, #9263, #4927 ) ;
#5660 = EDGE_LOOP ( 'NONE', ( #1590, #2332, #7533, #3315 ) ) ;
#5661 = FACE_OUTER_BOUND ( 'NONE', #8041, .T. ) ;
#5662 = ADVANCED_FACE ( 'NONE', ( #4347 ), #6560, .T. ) ;
#5663 = DIRECTION ( 'NONE',  ( 1.000000000000000000, 0.000000000000000000, 0.000000000000000000 ) ) ;
#5664 = FACE_OUTER_BOUND ( 'NONE', #4736, .T. ) ;
#5665 = ORIENTED_EDGE ( 'NONE', *, *, #1850, .F. ) ;
#5666 = CYLINDRICAL_SURFACE ( 'NONE', #9223, 6.000000000000005329 ) ;
#5667 = AXIS2_PLACEMENT_3D ( 'NONE', #8269, #248, #1662 ) ;
#5668 = EDGE_CURVE ( 'NONE', #1451, #6714, #4396, .T. ) ;
#5669 = VECTOR ( 'NONE', #7716, 1000.000000000000114 ) ;
#5670 = ORIENTED_EDGE ( 'NONE', *, *, #6556, .T. ) ;
#5671 = CARTESIAN_POINT ( 'NONE',  ( 320.1389631391064654, 1077.067475475015954, 5.685438940281181353 ) ) ;
#5672 = DIRECTION ( 'NONE',  ( -0.9155739129316896596, 0.4021497357439824949, 0.000000000000000000 ) ) ;
#5673 = VERTEX_POINT ( 'NONE', #488 ) ;
#5674 = AXIS2_PLACEMENT_3D ( 'NONE', #8972, #869, #6181 ) ;
#5675 = AXIS2_PLACEMENT_3D ( 'NONE', #3765, #22, #3673 ) ;
#5676 = DIRECTION ( 'NONE',  ( 1.000000000000000000, 0.000000000000000000, 0.000000000000000000 ) ) ;
#5677 = CARTESIAN_POINT ( 'NONE',  ( 282.9436847537759832, 1030.051438708948353, 5.792893218813212286 ) ) ;
#5678 = EDGE_LOOP ( 'NONE', ( #1177, #7758, #2157, #8285, #7397 ) ) ;
#5679 = CARTESIAN_POINT ( 'NONE',  ( -94.68424262075524211, 1009.538749024026174, 5.499999999999713118 ) ) ;
#5680 = EDGE_CURVE ( 'NONE', #2564, #7149, #2076, .T. ) ;
#5681 = EDGE_CURVE ( 'NONE', #8612, #4958, #257, .T. ) ;
#5682 = ORIENTED_EDGE ( 'NONE', *, *, #1716, .T. ) ;
#5683 = LINE ( 'NONE', #5241, #3714 ) ;
#5684 = CIRCLE ( 'NONE', #6764, 3.000000000000002665 ) ;
#5685 = CARTESIAN_POINT ( 'NONE',  ( 297.9109979982561640, 1046.360102390067141, -6.000000000000287770 ) ) ;
#5686 = EDGE_CURVE ( 'NONE', #8697, #6884, #1222, .T. ) ;
#5687 = EDGE_LOOP ( 'NONE', ( #6040, #6800, #2916, #6152, #6070 ) ) ;
#5688 = DIRECTION ( 'NONE',  ( -0.4701601434347756348, -0.8825811234812305228, -0.000000000000000000 ) ) ;
#5689 = AXIS2_PLACEMENT_3D ( 'NONE', #4494, #8966, #8055 ) ;
#5690 = CARTESIAN_POINT ( 'NONE',  ( -94.73093252029990197, 1010.036564304306353, -5.500000000000289546 ) ) ;
#5691 = AXIS2_PLACEMENT_3D ( 'NONE', #5275, #6087, #9025 ) ;
#5692 = ORIENTED_EDGE ( 'NONE', *, *, #1260, .F. ) ;
#5693 = CARTESIAN_POINT ( 'NONE',  ( 272.1043046965993426, 1035.287715857346029, 5.999999999999712230 ) ) ;
#5694 = FACE_OUTER_BOUND ( 'NONE', #5038, .T. ) ;
#5695 = CARTESIAN_POINT ( 'NONE',  ( 304.3405939606591915, 1074.738228691768882, -5.500000000000289546 ) ) ;
#5696 = VECTOR ( 'NONE', #8134, 999.9999999999998863 ) ;
#5697 = VECTOR ( 'NONE', #1181, 1000.000000000000114 ) ;
#5698 = CARTESIAN_POINT ( 'NONE',  ( 299.8143838466119178, 1074.436046179389450, 5.499999999999711342 ) ) ;
#5699 = CARTESIAN_POINT ( 'NONE',  ( 333.6950601088341273, 1158.572179699236813, -2.185281374238708274 ) ) ;
#5700 = DIRECTION ( 'NONE',  ( 0.8692901189279573781, -0.4943022244884375249, -0.000000000000000000 ) ) ;
#5701 = CIRCLE ( 'NONE', #5236, 0.5000000000000004441 ) ;
#5702 = AXIS2_PLACEMENT_3D ( 'NONE', #8850, #4478, #650 ) ;
#5703 = CARTESIAN_POINT ( 'NONE',  ( 325.4759082098976819, 1108.573730761489060, 5.999999999999721112 ) ) ;
#5704 = ADVANCED_FACE ( 'NONE', ( #7696, #1893 ), #4040, .F. ) ;
#5705 = ORIENTED_EDGE ( 'NONE', *, *, #7051, .T. ) ;
#5706 = EDGE_CURVE ( 'NONE', #6884, #7216, #343, .T. ) ;
#5707 = VERTEX_POINT ( 'NONE', #5514 ) ;
#5708 = CARTESIAN_POINT ( 'NONE',  ( 291.9542243684953746, 1079.480730594156512, -5.500000000000287770 ) ) ;
#5709 = EDGE_CURVE ( 'NONE', #2493, #5228, #8461, .T. ) ;
#5710 = ORIENTED_EDGE ( 'NONE', *, *, #8950, .T. ) ;
#5711 = VERTEX_POINT ( 'NONE', #2671 ) ;
#5712 = PLANE ( 'NONE',  #5053 ) ;
#5713 = FACE_OUTER_BOUND ( 'NONE', #3580, .T. ) ;
#5714 = LINE ( 'NONE', #5569, #8420 ) ;
#5715 = ORIENTED_EDGE ( 'NONE', *, *, #4029, .F. ) ;
#5716 = ORIENTED_EDGE ( 'NONE', *, *, #2000, .F. ) ;
#5717 = DIRECTION ( 'NONE',  ( -0.8692901189279650387, 0.4943022244884240357, 0.000000000000000000 ) ) ;
#5718 = CARTESIAN_POINT ( 'NONE',  ( 297.9109979982561640, 1046.360102390067368, 5.499999999999711342 ) ) ;
#5719 = EDGE_CURVE ( 'NONE', #9507, #6180, #5609, .T. ) ;
#5720 = DIRECTION ( 'NONE',  ( 0.000000000000000000, 0.000000000000000000, 1.000000000000000000 ) ) ;
#5721 = ORIENTED_EDGE ( 'NONE', *, *, #5653, .F. ) ;
#5722 = DIRECTION ( 'NONE',  ( 1.000000000000000000, 0.000000000000000000, 0.000000000000000000 ) ) ;
#5723 = FACE_BOUND ( 'NONE', #2896, .T. ) ;
#5724 = ORIENTED_EDGE ( 'NONE', *, *, #4924, .F. ) ;
#5725 = DIRECTION ( 'NONE',  ( -0.9904535858622661726, -0.1378466330839395182, 0.000000000000000000 ) ) ;
#5726 = ORIENTED_EDGE ( 'NONE', *, *, #4128, .F. ) ;
#5727 = CARTESIAN_POINT ( 'NONE',  ( 287.1361268015833161, 1056.002345249459722, 5.999999999999712230 ) ) ;
#5728 = CARTESIAN_POINT ( 'NONE',  ( -187.0931137129709043, 1011.755964447911310, 61.58012167084567778 ) ) ;
#5729 = EDGE_LOOP ( 'NONE', ( #204, #6021, #4000, #5848 ) ) ;
#5730 = DIRECTION ( 'NONE',  ( -0.8673302893362525579, 0.4977330300471251578, 0.000000000000000000 ) ) ;
#5731 = FACE_OUTER_BOUND ( 'NONE', #299, .T. ) ;
#5732 = ORIENTED_EDGE ( 'NONE', *, *, #2024, .F. ) ;
#5733 = ADVANCED_FACE ( 'NONE', ( #8961 ), #28, .F. ) ;
#5734 = CARTESIAN_POINT ( 'NONE',  ( 306.6499202440455747, 1041.921596902509691, 5.499999999999713118 ) ) ;
#5735 = CARTESIAN_POINT ( 'NONE',  ( 338.7165415596875846, 1117.916678719309175, -9.000000000000289546 ) ) ;
#5736 = CARTESIAN_POINT ( 'NONE',  ( 301.3097074824873403, 1074.160946078357256, -5.500000000000287770 ) ) ;
#5737 = APPROVAL_DATE_TIME ( #9548, #5300 ) ;
#5738 = LINE ( 'NONE', #7334, #8921 ) ;
#5739 = DIRECTION ( 'NONE',  ( 0.000000000000000000, 0.000000000000000000, -1.000000000000000000 ) ) ;
#5740 = CARTESIAN_POINT ( 'NONE',  ( 286.0451786143486856, 1003.806640785750460, 5.499999999999711342 ) ) ;
#5741 = CARTESIAN_POINT ( 'NONE',  ( 300.5835429644246233, 1026.623919728608371, -5.500000000000289546 ) ) ;
#5742 = ORIENTED_EDGE ( 'NONE', *, *, #1468, .T. ) ;
#5743 = ORIENTED_EDGE ( 'NONE', *, *, #5256, .T. ) ;
#5744 = CARTESIAN_POINT ( 'NONE',  ( 315.6532196658669704, 1066.004831307415998, 5.499999999999711342 ) ) ;
#5745 = EDGE_LOOP ( 'NONE', ( #7310, #788, #5794, #2855 ) ) ;
#5746 = ORIENTED_EDGE ( 'NONE', *, *, #8915, .T. ) ;
#5747 = ADVANCED_FACE ( 'NONE', ( #5155 ), #7335, .T. ) ;
#5748 = DIRECTION ( 'NONE',  ( 1.000000000000000000, 0.000000000000000000, -0.000000000000000000 ) ) ;
#5749 = CARTESIAN_POINT ( 'NONE',  ( 298.7484255372075950, 1021.022386367511217, 210.7946508136983255 ) ) ;
#5750 = CARTESIAN_POINT ( 'NONE',  ( 341.3966675867607137, 1133.649676604258275, 5.999999999999712230 ) ) ;
#5751 = ORIENTED_EDGE ( 'NONE', *, *, #4970, .T. ) ;
#5752 = EDGE_CURVE ( 'NONE', #316, #1727, #854, .T. ) ;
#5753 = VERTEX_POINT ( 'NONE', #7387 ) ;
#5754 = LINE ( 'NONE', #9423, #3389 ) ;
#5755 = PLANE ( 'NONE',  #9459 ) ;
#5756 = CARTESIAN_POINT ( 'NONE',  ( 283.0141617134383409, 1032.392584976439366, -5.851497882403260853 ) ) ;
#5757 = ORIENTED_EDGE ( 'NONE', *, *, #6655, .T. ) ;
#5758 = CIRCLE ( 'NONE', #9147, 6.000000000000005329 ) ;
#5759 = CARTESIAN_POINT ( 'NONE',  ( 299.8143838466118041, 1074.436046179389450, -5.500000000000286882 ) ) ;
#5760 = CARTESIAN_POINT ( 'NONE',  ( -94.73093252029735822, 1010.036564304307831, -5.500000000000289546 ) ) ;
#5761 = ORIENTED_EDGE ( 'NONE', *, *, #3510, .T. ) ;
#5762 = CARTESIAN_POINT ( 'NONE',  ( 344.7912167416586158, 1119.102250538167482, -6.300000000000287592 ) ) ;
#5763 = AXIS2_PLACEMENT_3D ( 'NONE', #3905, #2448, #7792 ) ;
#5764 = ORIENTED_EDGE ( 'NONE', *, *, #3969, .T. ) ;
#5765 = DIRECTION ( 'NONE',  ( -0.3502424885566300383, -0.9366590624179423896, 0.000000000000000000 ) ) ;
#5766 = EDGE_CURVE ( 'NONE', #494, #3914, #908, .T. ) ;
#5767 = CARTESIAN_POINT ( 'NONE',  ( -69.57503638424293513, 26.01601250910890784, 0.000000000000000000 ) ) ;
#5768 = ORIENTED_EDGE ( 'NONE', *, *, #9204, .F. ) ;
#5769 = CIRCLE ( 'NONE', #1307, 0.4999999999999284461 ) ;
#5770 = PLANE ( 'NONE',  #4103 ) ;
#5771 = CARTESIAN_POINT ( 'NONE',  ( 309.8120245628041971, 1049.987266533683396, -5.500000000000287770 ) ) ;
#5772 = EDGE_LOOP ( 'NONE', ( #880, #3861, #5291, #6815 ) ) ;
#5773 = ORIENTED_EDGE ( 'NONE', *, *, #306, .T. ) ;
#5774 = CARTESIAN_POINT ( 'NONE',  ( 285.4627063805402258, 1045.694776317819560, -5.734039218354349821 ) ) ;
#5775 = SPHERICAL_SURFACE ( 'NONE', #4891, 0.5000000000000000000 ) ;
#5776 = DIRECTION ( 'NONE',  ( 0.000000000000000000, 0.000000000000000000, 1.000000000000000000 ) ) ;
#5777 = EDGE_CURVE ( 'NONE', #3736, #9469, #2940, .T. ) ;
#5778 = CIRCLE ( 'NONE', #3637, 0.5000000000000375255 ) ;
#5779 = SECURITY_CLASSIFICATION_LEVEL ( 'unclassified' ) ;
#5780 = VECTOR ( 'NONE', #3582, 1000.000000000000114 ) ;
#5781 = ORIENTED_EDGE ( 'NONE', *, *, #8264, .T. ) ;
#5782 = LINE ( 'NONE', #389, #9467 ) ;
#5783 = CARTESIAN_POINT ( 'NONE',  ( 304.0129644355745313, 1072.048618001351770, -5.500000000000287770 ) ) ;
#5784 = VECTOR ( 'NONE', #8283, 1000.000000000000114 ) ;
#5785 = CYLINDRICAL_SURFACE ( 'NONE', #6558, 0.5000000000000004441 ) ;
#5786 = DIRECTION ( 'NONE',  ( 0.1736481776669271393, 0.9848077530122086864, 0.000000000000000000 ) ) ;
#5787 = ORIENTED_EDGE ( 'NONE', *, *, #9293, .T. ) ;
#5788 = ADVANCED_FACE ( 'NONE', ( #766 ), #3090, .T. ) ;
#5789 = CIRCLE ( 'NONE', #2250, 0.5000000000000004441 ) ;
#5790 = VERTEX_POINT ( 'NONE', #3730 ) ;
#5791 = DIRECTION ( 'NONE',  ( -1.000000000000000000, 0.000000000000000000, 0.000000000000000000 ) ) ;
#5792 = AXIS2_PLACEMENT_3D ( 'NONE', #7699, #9088, #8411 ) ;
#5793 = ORIENTED_EDGE ( 'NONE', *, *, #8175, .T. ) ;
#5794 = ORIENTED_EDGE ( 'NONE', *, *, #496, .F. ) ;
#5795 = CARTESIAN_POINT ( 'NONE',  ( 302.4261268691091118, 1029.430139217622582, -6.000000000000287770 ) ) ;
#5796 = AXIS2_PLACEMENT_3D ( 'NONE', #7647, #1032, #5331 ) ;
#5797 = AXIS2_PLACEMENT_3D ( 'NONE', #5698, #9309, #6222 ) ;
#5798 = CARTESIAN_POINT ( 'NONE',  ( 291.4172059663841878, 1079.547845827952187, 5.999999999999719336 ) ) ;
#5799 = CARTESIAN_POINT ( 'NONE',  ( 307.9182230312733282, 1132.089485758739329, 5.999999999999712230 ) ) ;
#5800 = AXIS2_PLACEMENT_3D ( 'NONE', #231, #4594, #3258 ) ;
#5801 = VERTEX_POINT ( 'NONE', #8197 ) ;
#5802 = EDGE_LOOP ( 'NONE', ( #8656, #5098, #1416 ) ) ;
#5803 = DIRECTION ( 'NONE',  ( 1.000000000000000000, 0.000000000000000000, 0.000000000000000000 ) ) ;
#5804 = CARTESIAN_POINT ( 'NONE',  ( 333.6950601088341273, 1158.572179699236813, -2.185281374238708274 ) ) ;
#5805 = CARTESIAN_POINT ( 'NONE',  ( 283.1113687155983598, 1032.230277369797705, -5.689190275761672133 ) ) ;
#5806 = VERTEX_POINT ( 'NONE', #7525 ) ;
#5807 = LINE ( 'NONE', #9, #571 ) ;
#5808 = DIRECTION ( 'NONE',  ( 0.000000000000000000, 0.000000000000000000, -1.000000000000000000 ) ) ;
#5809 = VECTOR ( 'NONE', #7866, 1000.000000000000000 ) ;
#5810 = CIRCLE ( 'NONE', #1658, 0.5000000000000004441 ) ;
#5811 = DIRECTION ( 'NONE',  ( -0.9956305605605115794, -0.09337979908932005080, 2.210743944709468203E-13 ) ) ;
#5812 = ORIENTED_EDGE ( 'NONE', *, *, #4539, .T. ) ;
#5813 = DIRECTION ( 'NONE',  ( 1.000000000000000000, 0.000000000000000000, 0.000000000000000000 ) ) ;
#5814 = ORIENTED_EDGE ( 'NONE', *, *, #6026, .T. ) ;
#5815 = FACE_OUTER_BOUND ( 'NONE', #5660, .T. ) ;
#5816 = EDGE_CURVE ( 'NONE', #8394, #7118, #6614, .T. ) ;
#5817 = DIRECTION ( 'NONE',  ( -0.4021497357439621223, -0.9155739129316985414, 0.000000000000000000 ) ) ;
#5818 = EDGE_CURVE ( 'NONE', #1521, #2108, #3873, .T. ) ;
#5819 = EDGE_CURVE ( 'NONE', #8174, #316, #2359, .T. ) ;
#5820 = ORIENTED_EDGE ( 'NONE', *, *, #5065, .T. ) ;
#5821 = CARTESIAN_POINT ( 'NONE',  ( 292.2637384380227559, 1027.897229808968632, 61.58012167084567778 ) ) ;
#5822 = PLANE ( 'NONE',  #2606 ) ;
#5823 = ORIENTED_EDGE ( 'NONE', *, *, #1923, .F. ) ;
#5824 = ORIENTED_EDGE ( 'NONE', *, *, #6505, .T. ) ;
#5825 = DIRECTION ( 'NONE',  ( 0.000000000000000000, 0.000000000000000000, 1.000000000000000000 ) ) ;
#5826 = VECTOR ( 'NONE', #4634, 1000.000000000000000 ) ;
#5827 = AXIS2_PLACEMENT_3D ( 'NONE', #473, #516, #4823 ) ;
#5828 = APPLICATION_CONTEXT ( 'configuration controlled 3d designs of mechanical parts and assemblies' ) ;
#5829 = CARTESIAN_POINT ( 'NONE',  ( 327.5413952400728590, 1138.830542578913537, 8.799999999999712941 ) ) ;
#5830 = EDGE_CURVE ( 'NONE', #7906, #5971, #3, .T. ) ;
#5831 = EDGE_CURVE ( 'NONE', #8188, #4151, #3791, .T. ) ;
#5832 = APPROVAL_DATE_TIME ( #4254, #4893 ) ;
#5833 = AXIS2_PLACEMENT_3D ( 'NONE', #8172, #4504, #7448 ) ;
#5834 = CARTESIAN_POINT ( 'NONE',  ( 290.8640111506026074, 998.5093891021978152, -5.995857316393950143 ) ) ;
#5835 = CARTESIAN_POINT ( 'NONE',  ( 316.9385831184748668, 1068.241031979180207, 210.7946508136983255 ) ) ;
#5836 = ADVANCED_FACE ( 'NONE', ( #5111 ), #70, .F. ) ;
#5837 = CARTESIAN_POINT ( 'NONE',  ( 269.8466448106040048, 957.9488203634091406, 210.7946508136983255 ) ) ;
#5838 = FACE_OUTER_BOUND ( 'NONE', #8746, .T. ) ;
#5839 = DIRECTION ( 'NONE',  ( 0.000000000000000000, 0.000000000000000000, -1.000000000000000000 ) ) ;
#5840 = FACE_OUTER_BOUND ( 'NONE', #9085, .T. ) ;
#5841 = CYLINDRICAL_SURFACE ( 'NONE', #4762, 0.4999999999999901745 ) ;
#5842 = VECTOR ( 'NONE', #8722, 1000.000000000000114 ) ;
#5843 = AXIS2_PLACEMENT_3D ( 'NONE', #5859, #8799, #687 ) ;
#5844 = EDGE_LOOP ( 'NONE', ( #7882, #6315, #3833, #733, #4851, #7890 ) ) ;
#5845 = CARTESIAN_POINT ( 'NONE',  ( 290.1522098842457922, 1073.107402402620437, 5.999999999999712230 ) ) ;
#5846 = ORIENTED_EDGE ( 'NONE', *, *, #4297, .T. ) ;
#5847 = AXIS2_PLACEMENT_3D ( 'NONE', #5699, #3625, #8725 ) ;
#5848 = ORIENTED_EDGE ( 'NONE', *, *, #9319, .F. ) ;
#5849 = EDGE_CURVE ( 'NONE', #6580, #8119, #2394, .T. ) ;
#5850 = AXIS2_PLACEMENT_3D ( 'NONE', #5006, #3379, #1243 ) ;
#5851 = LINE ( 'NONE', #8740, #1664 ) ;
#5852 = DIRECTION ( 'NONE',  ( 1.000000000000000000, 0.000000000000000000, 0.000000000000000000 ) ) ;
#5853 = CARTESIAN_POINT ( 'NONE',  ( 335.1223823024967032, 1093.244732685945564, -6.300000000000287592 ) ) ;
#5854 = EDGE_LOOP ( 'NONE', ( #9196, #3082, #6117, #6952, #6046, #4002, #2273, #6321 ) ) ;
#5855 = ADVANCED_FACE ( 'NONE', ( #4392 ), #5977, .F. ) ;
#5856 = ORIENTED_EDGE ( 'NONE', *, *, #3762, .F. ) ;
#5857 = CARTESIAN_POINT ( 'NONE',  ( 625.1595048866433899, 214.7581287709959383, 61.58012167084567778 ) ) ;
#5858 = CYLINDRICAL_SURFACE ( 'NONE', #9321, 0.5000000000000004441 ) ;
#5859 = CARTESIAN_POINT ( 'NONE',  ( 296.6848158921147274, 1025.530173790869640, -5.500000000000287770 ) ) ;
#5860 = ORIENTED_EDGE ( 'NONE', *, *, #9412, .F. ) ;
#5861 =( BOUNDED_CURVE ( )  B_SPLINE_CURVE ( 3, ( #4210, #3345, #1883, #7112 ),
 .UNSPECIFIED., .F., .T. ) 
 B_SPLINE_CURVE_WITH_KNOTS ( ( 4, 4 ),
 ( 0.3424990272921289436, 0.5170319524915243381 ),
 .UNSPECIFIED. ) 
 CURVE ( )  GEOMETRIC_REPRESENTATION_ITEM ( )  RATIONAL_B_SPLINE_CURVE ( ( 1.000000000000000000, 0.9974631320611646590, 0.9974631320611646590, 1.000000000000000000 ) ) 
 REPRESENTATION_ITEM ( '' )  );
#5862 = DIRECTION ( 'NONE',  ( -0.9904535858622584010, -0.1378466330839964726, 0.000000000000000000 ) ) ;
#5863 = DIRECTION ( 'NONE',  ( -1.000000000000000000, 0.000000000000000000, 0.000000000000000000 ) ) ;
#5864 = CARTESIAN_POINT ( 'NONE',  ( 290.7208915543997136, 1072.526430867981389, 5.499999999999711342 ) ) ;
#5865 = ORIENTED_EDGE ( 'NONE', *, *, #2708, .T. ) ;
#5866 = PLANE ( 'NONE',  #118 ) ;
#5867 = ORIENTED_EDGE ( 'NONE', *, *, #2401, .F. ) ;
#5868 = CARTESIAN_POINT ( 'NONE',  ( 278.4869764753135541, 1006.906831917181648, 5.957786956465572992 ) ) ;
#5869 = LINE ( 'NONE', #3075, #9314 ) ;
#5870 = EDGE_LOOP ( 'NONE', ( #8853, #3651, #5960, #2546, #8837, #3707 ) ) ;
#5871 = CARTESIAN_POINT ( 'NONE',  ( 343.7430501352908436, 1131.359150616601937, -17.24497290464283950 ) ) ;
#5872 = ADVANCED_FACE ( 'NONE', ( #3038 ), #8097, .F. ) ;
#5873 = VERTEX_POINT ( 'NONE', #8152 ) ;
#5874 = VERTEX_POINT ( 'NONE', #3336 ) ;
#5875 = CARTESIAN_POINT ( 'NONE',  ( 297.8423041959673583, 1116.982560454410759, 10.74999999999971045 ) ) ;
#5876 = CARTESIAN_POINT ( 'NONE',  ( 331.1950601088341273, 1158.572179699236813, -2.185281374238708274 ) ) ;
#5877 =( BOUNDED_CURVE ( )  B_SPLINE_CURVE ( 3, ( #7339, #6514, #2128, #1447 ),
 .UNSPECIFIED., .F., .F. ) 
 B_SPLINE_CURVE_WITH_KNOTS ( ( 4, 4 ),
 ( 0.1631530984705200360, 1.570796326794922315 ),
 .UNSPECIFIED. ) 
 CURVE ( )  GEOMETRIC_REPRESENTATION_ITEM ( )  RATIONAL_B_SPLINE_CURVE ( ( 1.000000000000000000, 0.8415831044588190091, 0.8415831044588190091, 1.000000000000000000 ) ) 
 REPRESENTATION_ITEM ( '' )  );
#5878 = DIRECTION ( 'NONE',  ( -0.1491541315386433753, 0.9888139587632008842, 0.000000000000000000 ) ) ;
#5879 = PERSON_AND_ORGANIZATION_ROLE ( 'creator' ) ;
#5880 = DIRECTION ( 'NONE',  ( -0.8692901189279664820, 0.4943022244884216487, 0.000000000000000000 ) ) ;
#5881 = DIRECTION ( 'NONE',  ( 0.3502424885566302049, 0.9366590624179422786, 0.000000000000000000 ) ) ;
#5882 = DIRECTION ( 'NONE',  ( 0.9366590624179419455, -0.3502424885566311485, 0.000000000000000000 ) ) ;
#5883 = FACE_OUTER_BOUND ( 'NONE', #4810, .T. ) ;
#5884 = CARTESIAN_POINT ( 'NONE',  ( 316.2231024750217898, 1067.981508163994476, 5.499999999999713118 ) ) ;
#5885 = CARTESIAN_POINT ( 'NONE',  ( 298.5785918785733202, 1049.435881603485768, -5.500000000000287770 ) ) ;
#5886 = CARTESIAN_POINT ( 'NONE',  ( 293.0969220393768637, 1078.255779363895272, 5.499999999999711342 ) ) ;
#5887 = EDGE_LOOP ( 'NONE', ( #2821, #5224, #3958 ) ) ;
#5888 = CARTESIAN_POINT ( 'NONE',  ( 277.2090887721042236, 999.7033149502203742, -5.975734776861973963 ) ) ;
#5889 = EDGE_CURVE ( 'NONE', #8736, #8957, #8342, .T. ) ;
#5890 = VERTEX_POINT ( 'NONE', #5354 ) ;
#5891 = VERTEX_POINT ( 'NONE', #5448 ) ;
#5892 = CYLINDRICAL_SURFACE ( 'NONE', #8291, 0.4999999999999940048 ) ;
#5893 = CARTESIAN_POINT ( 'NONE',  ( 343.7430501352908436, 1131.359150616601937, -6.300000000000287592 ) ) ;
#5894 = DIRECTION ( 'NONE',  ( -0.3502424885566279289, -0.9366590624179432778, 0.000000000000000000 ) ) ;
#5895 = VERTEX_POINT ( 'NONE', #1830 ) ;
#5896 = VERTEX_POINT ( 'NONE', #8386 ) ;
#5897 = DIRECTION ( 'NONE',  ( 0.8692901189279574892, -0.4943022244884375804, 0.000000000000000000 ) ) ;
#5898 = ADVANCED_FACE ( 'NONE', ( #2466, #3134 ), #4106, .T. ) ;
#5899 = FACE_OUTER_BOUND ( 'NONE', #5589, .T. ) ;
#5900 = DIRECTION ( 'NONE',  ( 0.4021497357445092402, 0.9155739129314582891, 0.000000000000000000 ) ) ;
#5901 = ORIENTED_EDGE ( 'NONE', *, *, #2727, .T. ) ;
#5902 = CARTESIAN_POINT ( 'NONE',  ( -144.6506887653390550, 958.9584862343131135, -5.500000000000289546 ) ) ;
#5903 = DIRECTION ( 'NONE',  ( 0.8692901189281211360, -0.4943022244881498106, -0.000000000000000000 ) ) ;
#5904 = CARTESIAN_POINT ( 'NONE',  ( 274.5079291931963894, 965.2393520621260450, -6.000000000000287770 ) ) ;
#5905 = ORIENTED_EDGE ( 'NONE', *, *, #2937, .F. ) ;
#5906 = CARTESIAN_POINT ( 'NONE',  ( 287.1047823649813040, 1055.824582116012607, -5.970292013496757200 ) ) ;
#5907 = ORIENTED_EDGE ( 'NONE', *, *, #4425, .F. ) ;
#5908 = DIRECTION ( 'NONE',  ( -0.000000000000000000, -0.000000000000000000, 1.000000000000000000 ) ) ;
#5909 = CARTESIAN_POINT ( 'NONE',  ( 333.6950601088341273, 1158.572179699236813, 6.299999999999713829 ) ) ;
#5910 = ADVANCED_FACE ( 'NONE', ( #326 ), #277, .T. ) ;
#5911 =( BOUNDED_CURVE ( )  B_SPLINE_CURVE ( 3, ( #3034, #8774, #8913, #3727 ),
 .UNSPECIFIED., .F., .T. ) 
 B_SPLINE_CURVE_WITH_KNOTS ( ( 4, 4 ),
 ( 1.063253568939726224, 1.570796326794499098 ),
 .UNSPECIFIED. ) 
 CURVE ( )  GEOMETRIC_REPRESENTATION_ITEM ( )  RATIONAL_B_SPLINE_CURVE ( ( 1.000000000000000000, 0.9786483195244205513, 0.9786483195244205513, 1.000000000000000000 ) ) 
 REPRESENTATION_ITEM ( '' )  );
#5912 = ORIENTED_EDGE ( 'NONE', *, *, #4066, .F. ) ;
#5913 = EDGE_LOOP ( 'NONE', ( #8744, #8087, #3497 ) ) ;
#5914 = AXIS2_PLACEMENT_3D ( 'NONE', #5909, #1476, #7511 ) ;
#5915 = EDGE_LOOP ( 'NONE', ( #6185, #9320, #9421, #7790 ) ) ;
#5916 = DIRECTION ( 'NONE',  ( 0.8673302893362525579, -0.4977330300471251578, 0.000000000000000000 ) ) ;
#5917 = CARTESIAN_POINT ( 'NONE',  ( 282.4265049535765115, 1026.413367244012079, 5.999999999999699796 ) ) ;
#5918 = CARTESIAN_POINT ( 'NONE',  ( -144.6506887653390550, 958.9584862343131135, 5.499999999999713118 ) ) ;
#5919 = ADVANCED_FACE ( 'NONE', ( #7761 ), #7673, .T. ) ;
#5920 = AXIS2_PLACEMENT_3D ( 'NONE', #6043, #6925, #4549 ) ;
#5921 = DIRECTION ( 'NONE',  ( -0.000000000000000000, -0.000000000000000000, 1.000000000000000000 ) ) ;
#5922 = DIRECTION ( 'NONE',  ( 0.8815943511952638589, -0.4720078388550363879, -0.000000000000000000 ) ) ;
#5923 =( BOUNDED_CURVE ( )  B_SPLINE_CURVE ( 3, ( #6330, #9271, #9364, #2176 ),
 .UNSPECIFIED., .F., .F. ) 
 B_SPLINE_CURVE_WITH_KNOTS ( ( 4, 4 ),
 ( 1.570796326794896558, 1.626829952993888551 ),
 .UNSPECIFIED. ) 
 CURVE ( )  GEOMETRIC_REPRESENTATION_ITEM ( )  RATIONAL_B_SPLINE_CURVE ( ( 1.000000000000000000, 0.9997383698422919185, 0.9997383698422919185, 1.000000000000000000 ) ) 
 REPRESENTATION_ITEM ( '' )  );
#5924 = LINE ( 'NONE', #5020, #3962 ) ;
#5925 = CARTESIAN_POINT ( 'NONE',  ( 300.2494171438055446, 1023.621677291418791, 5.999999999999712230 ) ) ;
#5926 = CARTESIAN_POINT ( 'NONE',  ( -187.4567864828613040, 1013.722622048107951, 61.58012167084567778 ) ) ;
#5927 = AXIS2_PLACEMENT_3D ( 'NONE', #7409, #3599, #825 ) ;
#5928 = DIRECTION ( 'NONE',  ( 0.8815943511951179756, -0.4720078388553085591, -0.000000000000000000 ) ) ;
#5929 = EDGE_LOOP ( 'NONE', ( #9173, #2958, #3547, #8139 ) ) ;
#5930 = FACE_OUTER_BOUND ( 'NONE', #4154, .T. ) ;
#5931 = EDGE_CURVE ( 'NONE', #2623, #2331, #9208, .T. ) ;
#5932 = ORIENTED_EDGE ( 'NONE', *, *, #1144, .F. ) ;
#5933 = EDGE_CURVE ( 'NONE', #2198, #5707, #1054, .T. ) ;
#5934 = VERTEX_POINT ( 'NONE', #2605 ) ;
#5935 = VECTOR ( 'NONE', #1735, 1000.000000000000000 ) ;
#5936 = DIRECTION ( 'NONE',  ( -0.1525555872957280734, 0.9882948916112312965, 0.000000000000000000 ) ) ;
#5937 = EDGE_CURVE ( 'NONE', #4477, #5890, #7623, .T. ) ;
#5938 = DIRECTION ( 'NONE',  ( 0.1889590867097033500, 0.9819849609590948214, 0.000000000000000000 ) ) ;
#5939 = AXIS2_PLACEMENT_3D ( 'NONE', #1381, #7271, #787 ) ;
#5940 = DIRECTION ( 'NONE',  ( -0.9366590624179432778, 0.3502424885566279289, 0.000000000000000000 ) ) ;
#5941 = ORIENTED_EDGE ( 'NONE', *, *, #7788, .F. ) ;
#5942 = CIRCLE ( 'NONE', #1788, 0.4999999999999388822 ) ;
#5943 = ORIENTED_EDGE ( 'NONE', *, *, #1699, .T. ) ;
#5944 = FACE_OUTER_BOUND ( 'NONE', #4772, .T. ) ;
#5945 = CARTESIAN_POINT ( 'NONE',  ( 308.9187751224941962, 1126.947248346222750, 5.999999999999712230 ) ) ;
#5946 = VERTEX_POINT ( 'NONE', #1779 ) ;
#5947 = VECTOR ( 'NONE', #5137, 1000.000000000000000 ) ;
#5948 = VERTEX_POINT ( 'NONE', #3243 ) ;
#5949 = EDGE_CURVE ( 'NONE', #8534, #8612, #7049, .T. ) ;
#5950 = VECTOR ( 'NONE', #9266, 1000.000000000000114 ) ;
#5951 = FACE_OUTER_BOUND ( 'NONE', #8553, .T. ) ;
#5952 = AXIS2_PLACEMENT_3D ( 'NONE', #7838, #3454, #4361 ) ;
#5953 = EDGE_CURVE ( 'NONE', #3505, #315, #8396, .T. ) ;
#5954 = CARTESIAN_POINT ( 'NONE',  ( 291.7601408809391614, 1082.182687899604389, -5.934645059464203065 ) ) ;
#5955 = EDGE_CURVE ( 'NONE', #5934, #9192, #543, .T. ) ;
#5956 = CARTESIAN_POINT ( 'NONE',  ( 320.1688842343519923, 1077.578016037899260, -6.000000000000287770 ) ) ;
#5957 = ORIENTED_EDGE ( 'NONE', *, *, #4896, .F. ) ;
#5958 = LINE ( 'NONE', #2296, #9377 ) ;
#5959 = AXIS2_PLACEMENT_3D ( 'NONE', #7732, #4982, #8644 ) ;
#5960 = ORIENTED_EDGE ( 'NONE', *, *, #6174, .F. ) ;
#5961 = FACE_OUTER_BOUND ( 'NONE', #3591, .T. ) ;
#5962 = DIRECTION ( 'NONE',  ( -0.9904535858622584010, -0.1378466330839964726, 0.000000000000000000 ) ) ;
#5963 = EDGE_LOOP ( 'NONE', ( #8109, #8811, #2805, #5025, #8404, #669 ) ) ;
#5964 = AXIS2_PLACEMENT_3D ( 'NONE', #9087, #6878, #2528 ) ;
#5965 = AXIS2_PLACEMENT_3D ( 'NONE', #9000, #5970, #7429 ) ;
#5966 = CARTESIAN_POINT ( 'NONE',  ( 327.5413952400728590, 1138.830542578913537, 6.299999999999712941 ) ) ;
#5967 = ORIENTED_EDGE ( 'NONE', *, *, #7538, .T. ) ;
#5968 = VERTEX_POINT ( 'NONE', #3971 ) ;
#5969 = CARTESIAN_POINT ( 'NONE',  ( 277.9752806091830166, 955.4753576607306513, 8.999999999999712230 ) ) ;
#5970 = DIRECTION ( 'NONE',  ( -0.8692901189279664820, 0.4943022244884216487, 0.000000000000000000 ) ) ;
#5971 = VERTEX_POINT ( 'NONE', #1003 ) ;
#5972 = CARTESIAN_POINT ( 'NONE',  ( 292.0129897686949221, 1081.748042840140215, 5.499999999999713118 ) ) ;
#5973 = ADVANCED_FACE ( 'NONE', ( #4633 ), #6956, .F. ) ;
#5974 = VECTOR ( 'NONE', #8556, 1000.000000000000114 ) ;
#5975 = CARTESIAN_POINT ( 'NONE',  ( 286.1141019308905697, 1003.311413992819212, 5.499999999999711342 ) ) ;
#5976 = ADVANCED_FACE ( 'NONE', ( #216, #3289 ), #3188, .F. ) ;
#5977 = PLANE ( 'NONE',  #9163 ) ;
#5978 = VECTOR ( 'NONE', #7624, 999.9999999999998863 ) ;
#5979 = VECTOR ( 'NONE', #8587, 1000.000000000000114 ) ;
#5980 = CARTESIAN_POINT ( 'NONE',  ( 285.8441037464766055, 1003.348853829284735, -5.500000000000289546 ) ) ;
#5981 = DIRECTION ( 'NONE',  ( -0.000000000000000000, 0.000000000000000000, 1.000000000000000000 ) ) ;
#5982 = DIRECTION ( 'NONE',  ( -0.9155739129316896596, 0.4021497357439824949, 0.000000000000000000 ) ) ;
#5983 = CARTESIAN_POINT ( 'NONE',  ( 285.2261620020731812, 1045.170396605887845, -6.000000000000287770 ) ) ;
#5984 = EDGE_LOOP ( 'NONE', ( #3749, #2635, #9123, #1331, #8995, #9386 ) ) ;
#5985 = CARTESIAN_POINT ( 'NONE',  ( 293.2180872129446811, 1004.804932188647854, 5.999999999999712230 ) ) ;
#5986 = CIRCLE ( 'NONE', #1832, 0.5000000000000004441 ) ;
#5987 = CARTESIAN_POINT ( 'NONE',  ( 296.6848158921147274, 1025.530173790869640, 5.499999999999713118 ) ) ;
#5988 = ORIENTED_EDGE ( 'NONE', *, *, #5686, .F. ) ;
#5989 = CARTESIAN_POINT ( 'NONE',  ( 277.6325693320683854, 1000.111717654317999, 61.58012167084567778 ) ) ;
#5990 = EDGE_CURVE ( 'NONE', #5532, #7708, #5407, .T. ) ;
#5991 = LINE ( 'NONE', #6135, #2565 ) ;
#5992 = VECTOR ( 'NONE', #3341, 1000.000000000000000 ) ;
#5993 = EDGE_CURVE ( 'NONE', #3866, #8949, #5016, .T. ) ;
#5994 = AXIS2_PLACEMENT_3D ( 'NONE', #8749, #2146, #8027 ) ;
#5995 = DIRECTION ( 'NONE',  ( -0.000000000000000000, -0.000000000000000000, -1.000000000000000000 ) ) ;
#5996 = ORIENTED_EDGE ( 'NONE', *, *, #7943, .F. ) ;
#5997 = EDGE_CURVE ( 'NONE', #6154, #7118, #5475, .T. ) ;
#5998 = ORIENTED_EDGE ( 'NONE', *, *, #8704, .F. ) ;
#5999 = FACE_OUTER_BOUND ( 'NONE', #2767, .T. ) ;
#6000 = CARTESIAN_POINT ( 'NONE',  ( 335.6000266738316782, 1052.908107427124150, 5.999999999999712230 ) ) ;
#6001 = VECTOR ( 'NONE', #1541, 1000.000000000000000 ) ;
#6002 = ORIENTED_EDGE ( 'NONE', *, *, #6144, .F. ) ;
#6003 = VECTOR ( 'NONE', #5487, 1000.000000000000000 ) ;
#6004 = VERTEX_POINT ( 'NONE', #7103 ) ;
#6005 = DIRECTION ( 'NONE',  ( 0.000000000000000000, 0.000000000000000000, -1.000000000000000000 ) ) ;
#6006 = CARTESIAN_POINT ( 'NONE',  ( 292.2637384380225853, 1027.897229808968632, -6.000000000000287770 ) ) ;
#6007 = CARTESIAN_POINT ( 'NONE',  ( 278.4869764753135541, 1006.906831917181648, 5.957786956465572992 ) ) ;
#6008 = DIRECTION ( 'NONE',  ( -1.000000000000000000, 0.000000000000000000, 0.000000000000000000 ) ) ;
#6009 = ORIENTED_EDGE ( 'NONE', *, *, #382, .T. ) ;
#6010 = CARTESIAN_POINT ( 'NONE',  ( 283.0217578369321814, 1032.668599341033996, 5.975082126564918106 ) ) ;
#6011 = CIRCLE ( 'NONE', #3559, 0.5000000000000004441 ) ;
#6012 = ORIENTED_EDGE ( 'NONE', *, *, #2512, .T. ) ;
#6013 = CARTESIAN_POINT ( 'NONE',  ( 278.5987407221348349, 1006.531252087311145, 5.704419198344320208 ) ) ;
#6014 = CC_DESIGN_PERSON_AND_ORGANIZATION_ASSIGNMENT ( #2261, #5879, ( #3171 ) ) ;
#6015 = ORIENTED_EDGE ( 'NONE', *, *, #8073, .T. ) ;
#6016 = CARTESIAN_POINT ( 'NONE',  ( 292.7238929136463526, 1004.231333356398750, 5.499999999999711342 ) ) ;
#6017 = EDGE_LOOP ( 'NONE', ( #794, #2947, #2617, #6733 ) ) ;
#6018 = VERTEX_POINT ( 'NONE', #8674 ) ;
#6019 = DIRECTION ( 'NONE',  ( 1.000000000000000000, 0.000000000000000000, 0.000000000000000000 ) ) ;
#6020 = CARTESIAN_POINT ( 'NONE',  ( 310.3185483074692002, 1050.536967504295035, -6.000000000000287770 ) ) ;
#6021 = ORIENTED_EDGE ( 'NONE', *, *, #5529, .F. ) ;
#6022 = CARTESIAN_POINT ( 'NONE',  ( 307.8995877655559639, 1044.086861071255498, 5.999999999999712230 ) ) ;
#6023 = ADVANCED_FACE ( 'NONE', ( #2062 ), #5591, .F. ) ;
#6024 = CARTESIAN_POINT ( 'NONE',  ( 309.0660086535879714, 1047.187280769597237, -6.000000000000287770 ) ) ;
#6025 = DIRECTION ( 'NONE',  ( -0.000000000000000000, -0.000000000000000000, 1.000000000000000000 ) ) ;
#6026 = EDGE_CURVE ( 'NONE', #5439, #6714, #2829, .T. ) ;
#6027 = SPHERICAL_SURFACE ( 'NONE', #7526, 0.5000000000000000000 ) ;
#6028 = CARTESIAN_POINT ( 'NONE',  ( 287.1047823649813040, 1055.824582116012607, 5.970292013496181660 ) ) ;
#6029 = PLANE ( 'NONE',  #1465 ) ;
#6030 = DIRECTION ( 'NONE',  ( 1.000000000000000000, 0.000000000000000000, 0.000000000000000000 ) ) ;
#6031 = CARTESIAN_POINT ( 'NONE',  ( 288.8682768399858105, 1026.879397165215551, -5.500000000000287770 ) ) ;
#6032 = VERTEX_POINT ( 'NONE', #4161 ) ;
#6033 = CARTESIAN_POINT ( 'NONE',  ( -144.7252658311083735, 959.4528932136947788, -5.500000000000289546 ) ) ;
#6034 = EDGE_CURVE ( 'NONE', #1455, #339, #1250, .T. ) ;
#6035 = CARTESIAN_POINT ( 'NONE',  ( 299.8143838466117472, 1074.436046179389450, 5.999999999999712230 ) ) ;
#6036 = ORIENTED_EDGE ( 'NONE', *, *, #1156, .T. ) ;
#6037 = CARTESIAN_POINT ( 'NONE',  ( 320.3477465192815998, 1077.358211930101334, 5.936131959015391146 ) ) ;
#6038 = DIRECTION ( 'NONE',  ( -1.000000000000000000, 0.000000000000000000, 0.000000000000000000 ) ) ;
#6039 = DIRECTION ( 'NONE',  ( -0.000000000000000000, -0.000000000000000000, -1.000000000000000000 ) ) ;
#6040 = ORIENTED_EDGE ( 'NONE', *, *, #7141, .F. ) ;
#6041 = ORIENTED_EDGE ( 'NONE', *, *, #4344, .F. ) ;
#6042 = CARTESIAN_POINT ( 'NONE',  ( 283.0141617134382841, 1032.581775252200714, 5.940797175597318791 ) ) ;
#6043 = CARTESIAN_POINT ( 'NONE',  ( 291.7260464836525102, 1024.782185821985877, -5.500000000000287770 ) ) ;
#6044 = ORIENTED_EDGE ( 'NONE', *, *, #740, .T. ) ;
#6045 = ADVANCED_FACE ( 'NONE', ( #1975 ), #2110, .T. ) ;
#6046 = ORIENTED_EDGE ( 'NONE', *, *, #1784, .T. ) ;
#6047 = CARTESIAN_POINT ( 'NONE',  ( 304.2601155478187707, 1072.483263060815716, -5.500000000000287770 ) ) ;
#6048 = PLANE ( 'NONE',  #2741 ) ;
#6049 = CARTESIAN_POINT ( 'NONE',  ( 283.0167001943938772, 1032.639916024856575, 5.966002165576830052 ) ) ;
#6050 = ADVANCED_FACE ( 'NONE', ( #512 ), #1343, .F. ) ;
#6051 = CARTESIAN_POINT ( 'NONE',  ( 343.1478800295438418, 1138.332971916348015, 5.999999999999712230 ) ) ;
#6052 = EDGE_LOOP ( 'NONE', ( #2710, #7015, #1904, #8321 ) ) ;
#6053 = CARTESIAN_POINT ( 'NONE',  ( 278.3179316801451932, 1002.226379988849772, 5.999999999999699796 ) ) ;
#6054 = ORIENTED_EDGE ( 'NONE', *, *, #7998, .F. ) ;
#6055 = DIRECTION ( 'NONE',  ( 0.000000000000000000, 0.000000000000000000, 1.000000000000000000 ) ) ;
#6056 = CARTESIAN_POINT ( 'NONE',  ( 294.7647030830465837, 1048.165660112221076, 5.999999999999712230 ) ) ;
#6057 = ORIENTED_EDGE ( 'NONE', *, *, #2201, .T. ) ;
#6058 = ADVANCED_FACE ( 'NONE', ( #3433, #7813 ), #5770, .F. ) ;
#6059 = ORIENTED_EDGE ( 'NONE', *, *, #6587, .F. ) ;
#6060 = ADVANCED_FACE ( 'NONE', ( #3476 ), #7142, .F. ) ;
#6061 = ORIENTED_EDGE ( 'NONE', *, *, #8189, .T. ) ;
#6062 = CYLINDRICAL_SURFACE ( 'NONE', #5965, 0.4999999999999896749 ) ;
#6063 = ORIENTED_EDGE ( 'NONE', *, *, #6760, .F. ) ;
#6064 = CYLINDRICAL_SURFACE ( 'NONE', #6468, 0.5000000000000004441 ) ;
#6065 = LINE ( 'NONE', #1492, #6001 ) ;
#6066 = VECTOR ( 'NONE', #5631, 1000.000000000000000 ) ;
#6067 = CARTESIAN_POINT ( 'NONE',  ( 327.5413952400728590, 1138.830542578913537, -6.000000000000287770 ) ) ;
#6068 = CARTESIAN_POINT ( 'NONE',  ( 299.2484255372075950, 1021.211576643272565, -5.851497882403240425 ) ) ;
#6069 = CARTESIAN_POINT ( 'NONE',  ( 327.5413952400728590, 1138.830542578913537, 5.999999999999712230 ) ) ;
#6070 = ORIENTED_EDGE ( 'NONE', *, *, #1644, .T. ) ;
#6071 = CARTESIAN_POINT ( 'NONE',  ( 321.8232857621647440, 1144.425470996566219, 8.999999999999712230 ) ) ;
#6072 = EDGE_CURVE ( 'NONE', #2505, #5572, #6502, .T. ) ;
#6073 = LINE ( 'NONE', #5361, #1961 ) ;
#6074 = CARTESIAN_POINT ( 'NONE',  ( 319.5183744160598849, 1074.442070548675247, 5.999999999999712230 ) ) ;
#6075 = ORIENTED_EDGE ( 'NONE', *, *, #7828, .T. ) ;
#6077 = DIRECTION ( 'NONE',  ( 1.000000000000000000, 0.000000000000000000, 0.000000000000000000 ) ) ;
#6076 = AXIS2_PLACEMENT_3D ( 'NONE', #1420, #46, #6637 ) ;
#6078 = LINE ( 'NONE', #6132, #7048 ) ;
#6079 = ORIENTED_EDGE ( 'NONE', *, *, #9244, .T. ) ;
#6080 = FACE_OUTER_BOUND ( 'NONE', #903, .T. ) ;
#6081 = VECTOR ( 'NONE', #3041, 1000.000000000000114 ) ;
#6082 = DIRECTION ( 'NONE',  ( -0.000000000000000000, -0.000000000000000000, 1.000000000000000000 ) ) ;
#6083 = EDGE_CURVE ( 'NONE', #8350, #9260, #6408, .T. ) ;
#6084 = DIRECTION ( 'NONE',  ( 0.8673302893362123678, -0.4977330300471954350, 0.000000000000000000 ) ) ;
#6085 = ORIENTED_EDGE ( 'NONE', *, *, #3584, .T. ) ;
#6086 = VERTEX_POINT ( 'NONE', #9349 ) ;
#6087 = DIRECTION ( 'NONE',  ( -0.000000000000000000, 0.000000000000000000, 1.000000000000000000 ) ) ;
#6088 = ADVANCED_FACE ( 'NONE', ( #2744 ), #8715, .F. ) ;
#6089 = DIRECTION ( 'NONE',  ( 1.000000000000000000, 0.000000000000000000, -0.000000000000000000 ) ) ;
#6090 = VECTOR ( 'NONE', #7476, 1000.000000000000114 ) ;
#6091 = EDGE_LOOP ( 'NONE', ( #4991, #1534, #5139 ) ) ;
#6092 = VERTEX_POINT ( 'NONE', #5056 ) ;
#6093 = DIRECTION ( 'NONE',  ( 0.9956305605605084708, 0.09337979908935137296, -0.000000000000000000 ) ) ;
#6094 = CARTESIAN_POINT ( 'NONE',  ( 272.7112994139250759, 957.4437044664329051, -9.000000000000287770 ) ) ;
#6095 = FACE_OUTER_BOUND ( 'NONE', #6775, .T. ) ;
#6096 = FACE_OUTER_BOUND ( 'NONE', #6100, .T. ) ;
#6097 = VECTOR ( 'NONE', #883, 1000.000000000000000 ) ;
#6098 = ORIENTED_EDGE ( 'NONE', *, *, #7852, .F. ) ;
#6099 = CARTESIAN_POINT ( 'NONE',  ( 343.5651130681890209, 1032.601665803697642, -6.000000000000287770 ) ) ;
#6100 = EDGE_LOOP ( 'NONE', ( #4880, #7281, #9299, #7140 ) ) ;
#6101 = DIRECTION ( 'NONE',  ( 0.000000000000000000, 0.000000000000000000, -1.000000000000000000 ) ) ;
#6102 = LINE ( 'NONE', #3276, #4389 ) ;
#6103 = CIRCLE ( 'NONE', #6264, 2.500000000000002220 ) ;
#6104 = VECTOR ( 'NONE', #9516, 999.9999999999998863 ) ;
#6105 = ORIENTED_EDGE ( 'NONE', *, *, #7108, .F. ) ;
#6106 = CARTESIAN_POINT ( 'NONE',  ( 293.1232991283133629, 1004.551438905051555, 5.939718789645576535 ) ) ;
#6107 = ORIENTED_EDGE ( 'NONE', *, *, #888, .T. ) ;
#6108 = VECTOR ( 'NONE', #5419, 1000.000000000000000 ) ;
#6109 = ORIENTED_EDGE ( 'NONE', *, *, #7008, .T. ) ;
#6110 = CARTESIAN_POINT ( 'NONE',  ( 278.5086114740158791, 1007.073274423752764, 5.999999999999712230 ) ) ;
#6111 = EDGE_CURVE ( 'NONE', #3517, #1950, #7867, .T. ) ;
#6112 = CARTESIAN_POINT ( 'NONE',  ( 309.8120245628041971, 1049.987266533683396, 5.499999999999711342 ) ) ;
#6113 = ORIENTED_EDGE ( 'NONE', *, *, #619, .F. ) ;
#6114 = CARTESIAN_POINT ( 'NONE',  ( 299.8143838466119178, 1074.436046179389450, 61.58012167084567778 ) ) ;
#6115 = EDGE_CURVE ( 'NONE', #533, #2282, #1292, .T. ) ;
#6116 = VECTOR ( 'NONE', #800, 1000.000000000000114 ) ;
#6117 = ORIENTED_EDGE ( 'NONE', *, *, #8251, .F. ) ;
#6118 = DIRECTION ( 'NONE',  ( 1.000000000000000000, 0.000000000000000000, -5.204170427930416550E-15 ) ) ;
#6119 = CARTESIAN_POINT ( 'NONE',  ( 344.7912167416586158, 1119.102250538167482, 6.299999999999712941 ) ) ;
#6120 = CARTESIAN_POINT ( 'NONE',  ( 341.7446034872098153, 1142.060568443634111, 8.999999999999712230 ) ) ;
#6121 = ORIENTED_EDGE ( 'NONE', *, *, #3437, .T. ) ;
#6122 = CARTESIAN_POINT ( 'NONE',  ( 323.9675768163803582, 1142.327372839946520, 5.999999999999712230 ) ) ;
#6123 = VECTOR ( 'NONE', #2506, 1000.000000000000114 ) ;
#6124 = AXIS2_PLACEMENT_3D ( 'NONE', #6191, #1712, #8938 ) ;
#6125 = CARTESIAN_POINT ( 'NONE',  ( 296.6848158921147274, 1025.530173790869640, 5.499999999999713118 ) ) ;
#6126 = CARTESIAN_POINT ( 'NONE',  ( 280.3802583216506719, 1003.018224043983309, 5.499999999999711342 ) ) ;
#6127 = ORIENTED_EDGE ( 'NONE', *, *, #2542, .F. ) ;
#6128 = FACE_OUTER_BOUND ( 'NONE', #6017, .T. ) ;
#6129 = EDGE_CURVE ( 'NONE', #1287, #8274, #8707, .T. ) ;
#6130 = CIRCLE ( 'NONE', #8902, 2.500000000000002220 ) ;
#6131 = ADVANCED_FACE ( 'NONE', ( #611 ), #4337, .F. ) ;
#6132 = CARTESIAN_POINT ( 'NONE',  ( 333.2468416259234800, 1107.976817948631151, 5.999999999999712230 ) ) ;
#6133 = ORIENTED_EDGE ( 'NONE', *, *, #5816, .T. ) ;
#6134 = CARTESIAN_POINT ( 'NONE',  ( 293.6468234429216295, 1049.383657031613893, 5.499999999999713118 ) ) ;
#6135 = CARTESIAN_POINT ( 'NONE',  ( 278.7859016074415877, 1006.449044960715696, 61.58012167084567778 ) ) ;
#6136 = DIRECTION ( 'NONE',  ( 0.000000000000000000, 0.000000000000000000, -1.000000000000000000 ) ) ;
#6137 = ORIENTED_EDGE ( 'NONE', *, *, #6960, .F. ) ;
#6138 = AXIS2_PLACEMENT_3D ( 'NONE', #7823, #4071, #1987 ) ;
#6139 = AXIS2_PLACEMENT_3D ( 'NONE', #5583, #6353, #5725 ) ;
#6140 = ORIENTED_EDGE ( 'NONE', *, *, #4788, .T. ) ;
#6141 = CARTESIAN_POINT ( 'NONE',  ( 287.1047823649813040, 1055.824582116012607, 5.970292013496181660 ) ) ;
#6142 = CARTESIAN_POINT ( 'NONE',  ( 492.8418716631749135, 920.5071914575418077, -5.500000000000289546 ) ) ;
#6143 = VERTEX_POINT ( 'NONE', #653 ) ;
#6144 = EDGE_CURVE ( 'NONE', #3239, #2335, #5778, .T. ) ;
#6145 = ORIENTED_EDGE ( 'NONE', *, *, #1966, .T. ) ;
#6146 = DIRECTION ( 'NONE',  ( 0.000000000000000000, 1.000000000000000000, 0.000000000000000000 ) ) ;
#6147 = FACE_OUTER_BOUND ( 'NONE', #7028, .T. ) ;
#6148 = VECTOR ( 'NONE', #4693, 1000.000000000000114 ) ;
#6149 = CARTESIAN_POINT ( 'NONE',  ( 289.6641762742492574, 1070.339626262884849, 5.499999999999713118 ) ) ;
#6150 = ADVANCED_FACE ( 'NONE', ( #3614 ), #8812, .F. ) ;
#6151 = DIRECTION ( 'NONE',  ( -0.8815943511951107592, 0.4720078388553221038, -0.000000000000000000 ) ) ;
#6152 = ORIENTED_EDGE ( 'NONE', *, *, #5500, .T. ) ;
#6153 = DIRECTION ( 'NONE',  ( -0.000000000000000000, 0.000000000000000000, 1.000000000000000000 ) ) ;
#6154 = VERTEX_POINT ( 'NONE', #4481 ) ;
#6155 = DIRECTION ( 'NONE',  ( 0.000000000000000000, 0.000000000000000000, -1.000000000000000000 ) ) ;
#6156 = CIRCLE ( 'NONE', #3240, 0.5000000000000004441 ) ;
#6158 = AXIS2_PLACEMENT_3D ( 'NONE', #6503, #8716, #5057 ) ;
#6157 = DIRECTION ( 'NONE',  ( 1.000000000000000000, 0.000000000000000000, 0.000000000000000000 ) ) ;
#6159 = ORIENTED_EDGE ( 'NONE', *, *, #5288, .T. ) ;
#6160 = AXIS2_PLACEMENT_3D ( 'NONE', #2888, #1259, #524 ) ;
#6161 = CARTESIAN_POINT ( 'NONE',  ( 299.2484255372075950, 1021.211576643272565, 5.851497882402711959 ) ) ;
#6162 = AXIS2_PLACEMENT_3D ( 'NONE', #8339, #4018, #3131 ) ;
#6163 = ORIENTED_EDGE ( 'NONE', *, *, #3955, .F. ) ;
#6164 = VERTEX_POINT ( 'NONE', #8951 ) ;
#6165 = DIRECTION ( 'NONE',  ( -0.000000000000000000, 0.000000000000000000, 1.000000000000000000 ) ) ;
#6166 = LINE ( 'NONE', #5198, #6434 ) ;
#6167 = ORIENTED_EDGE ( 'NONE', *, *, #9347, .F. ) ;
#6168 = DIRECTION ( 'NONE',  ( -0.000000000000000000, -0.000000000000000000, 1.000000000000000000 ) ) ;
#6169 = EDGE_LOOP ( 'NONE', ( #2723, #4856, #4792, #1915 ) ) ;
#6170 = ADVANCED_FACE ( 'NONE', ( #6547 ), #2930, .T. ) ;
#6171 = CARTESIAN_POINT ( 'NONE',  ( 327.5413952400728590, 1138.830542578913537, 5.999999999999712230 ) ) ;
#6172 =( BOUNDED_CURVE ( )  B_SPLINE_CURVE ( 3, ( #7587, #2326, #867, #2423 ),
 .UNSPECIFIED., .F., .F. ) 
 B_SPLINE_CURVE_WITH_KNOTS ( ( 4, 4 ),
 ( 3.275329577635806455, 3.633159555436690891 ),
 .UNSPECIFIED. ) 
 CURVE ( )  GEOMETRIC_REPRESENTATION_ITEM ( )  RATIONAL_B_SPLINE_CURVE ( ( 1.000000000000000000, 0.9893582418065580697, 0.9893582418065580697, 1.000000000000000000 ) ) 
 REPRESENTATION_ITEM ( '' )  );
#6173 = CARTESIAN_POINT ( 'NONE',  ( 327.5413952400728590, 1138.830542578913537, -8.800000000000286704 ) ) ;
#6174 = EDGE_CURVE ( 'NONE', #8503, #354, #1258, .T. ) ;
#6175 = CARTESIAN_POINT ( 'NONE',  ( 293.4446468274427389, 1048.452176606665716, 5.499999999999711342 ) ) ;
#6176 = DIRECTION ( 'NONE',  ( 0.000000000000000000, 0.000000000000000000, -1.000000000000000000 ) ) ;
#6177 = DIRECTION ( 'NONE',  ( -0.000000000000000000, -0.000000000000000000, -1.000000000000000000 ) ) ;
#6178 = LINE ( 'NONE', #5362, #5391 ) ;
#6179 = DIRECTION ( 'NONE',  ( 0.000000000000000000, 0.000000000000000000, -1.000000000000000000 ) ) ;
#6180 = VERTEX_POINT ( 'NONE', #5292 ) ;
#6181 = DIRECTION ( 'NONE',  ( 1.000000000000000000, 0.000000000000000000, 0.000000000000000000 ) ) ;
#6182 = CARTESIAN_POINT ( 'NONE',  ( 296.0435740594679146, 1103.639603700733232, 210.7946508136983255 ) ) ;
#6183 = CARTESIAN_POINT ( 'NONE',  ( 290.4314266824587776, 1072.481748370970308, 5.792893218813166101 ) ) ;
#6184 = ADVANCED_FACE ( 'NONE', ( #3669 ), #6744, .T. ) ;
#6185 = ORIENTED_EDGE ( 'NONE', *, *, #2811, .F. ) ;
#6186 =( BOUNDED_CURVE ( )  B_SPLINE_CURVE ( 3, ( #4386, #3577, #3726, #6508 ),
 .UNSPECIFIED., .F., .F. ) 
 B_SPLINE_CURVE_WITH_KNOTS ( ( 4, 4 ),
 ( 1.570796326794886566, 2.828772766406280947 ),
 .UNSPECIFIED. ) 
 CURVE ( )  GEOMETRIC_REPRESENTATION_ITEM ( )  RATIONAL_B_SPLINE_CURVE ( ( 1.000000000000000000, 0.8724154530797380014, 0.8724154530797380014, 1.000000000000000000 ) ) 
 REPRESENTATION_ITEM ( '' )  );
#6187 = EDGE_LOOP ( 'NONE', ( #4604, #1191, #1751 ) ) ;
#6188 = CARTESIAN_POINT ( 'NONE',  ( 316.2231024750217898, 1067.981508163994476, -5.500000000000289546 ) ) ;
#6189 = VERTEX_POINT ( 'NONE', #7464 ) ;
#6190 = ORIENTED_EDGE ( 'NONE', *, *, #4010, .T. ) ;
#6191 = CARTESIAN_POINT ( 'NONE',  ( 300.8423041959673583, 1116.982560454410759, 8.999999999999712230 ) ) ;
#6192 = DIRECTION ( 'NONE',  ( -0.000000000000000000, -0.000000000000000000, -1.000000000000000000 ) ) ;
#6193 = CARTESIAN_POINT ( 'NONE',  ( 267.0731436892096440, 959.4958253263869210, 13.24999999999971401 ) ) ;
#6194 = CARTESIAN_POINT ( 'NONE',  ( 319.2080604721730310, 1105.380777627560747, 5.999999999999714007 ) ) ;
#6195 = VERTEX_POINT ( 'NONE', #6602 ) ;
#6196 = DIRECTION ( 'NONE',  ( 0.9904535858622688371, 0.1378466330839214771, -0.000000000000000000 ) ) ;
#6197 = ADVANCED_FACE ( 'NONE', ( #8766 ), #795, .T. ) ;
#6198 = VERTEX_POINT ( 'NONE', #755 ) ;
#6199 = CARTESIAN_POINT ( 'NONE',  ( 318.5985410860433262, 1074.806004723765909, 5.499999999999713118 ) ) ;
#6200 = CARTESIAN_POINT ( 'NONE',  ( 281.4231466752555662, 1023.602424923179228, 5.903074221809917255 ) ) ;
#6201 = CARTESIAN_POINT ( 'NONE',  ( 289.6019877403369378, 1069.986937561119021, -5.973394735897446850 ) ) ;
#6202 = ORIENTED_EDGE ( 'NONE', *, *, #318, .F. ) ;
#6203 = CARTESIAN_POINT ( 'NONE',  ( 278.7859016074416445, 1006.449044960715696, -5.500000000000289546 ) ) ;
#6204 = VERTEX_POINT ( 'NONE', #2162 ) ;
#6205 = VERTEX_POINT ( 'NONE', #3027 ) ;
#6206 = CARTESIAN_POINT ( 'NONE',  ( 293.3979569278981216, 1048.949991886945554, 5.499999999999711342 ) ) ;
#6207 = EDGE_CURVE ( 'NONE', #7368, #3949, #850, .T. ) ;
#6208 = CARTESIAN_POINT ( 'NONE',  ( 285.7572053662340750, 1000.737646755076867, 5.999999999999712230 ) ) ;
#6209 = VERTEX_POINT ( 'NONE', #3722 ) ;
#6210 = LINE ( 'NONE', #8482, #8776 ) ;
#6211 = ORIENTED_EDGE ( 'NONE', *, *, #5315, .T. ) ;
#6212 = CARTESIAN_POINT ( 'NONE',  ( 291.9620504030801840, 1025.222982997583358, 61.58012167084567778 ) ) ;
#6213 = DIRECTION ( 'NONE',  ( 1.000000000000000000, 0.000000000000000000, -0.000000000000000000 ) ) ;
#6214 = DIRECTION ( 'NONE',  ( -0.9155739129316935454, 0.4021497357439734466, 5.851868539411179347E-13 ) ) ;
#6215 = ORIENTED_EDGE ( 'NONE', *, *, #565, .T. ) ;
#6216 = DIRECTION ( 'NONE',  ( 0.000000000000000000, 0.000000000000000000, 1.000000000000000000 ) ) ;
#6217 = DIRECTION ( 'NONE',  ( -0.1736481776669271671, -0.9848077530122086864, 0.000000000000000000 ) ) ;
#6218 = DIRECTION ( 'NONE',  ( -0.9956305605605084708, -0.09337979908935137296, -0.000000000000000000 ) ) ;
#6219 = EDGE_CURVE ( 'NONE', #2079, #5946, #2306, .T. ) ;
#6220 = VECTOR ( 'NONE', #8873, 1000.000000000000114 ) ;
#6221 =( BOUNDED_CURVE ( )  B_SPLINE_CURVE ( 3, ( #5708, #6231, #1074, #3493 ),
 .UNSPECIFIED., .F., .T. ) 
 B_SPLINE_CURVE_WITH_KNOTS ( ( 4, 4 ),
 ( 1.570796326794866582, 3.141592653589918349 ),
 .UNSPECIFIED. ) 
 CURVE ( )  GEOMETRIC_REPRESENTATION_ITEM ( )  RATIONAL_B_SPLINE_CURVE ( ( 1.000000000000000000, 0.8047378541243284111, 0.8047378541243284111, 1.000000000000000000 ) ) 
 REPRESENTATION_ITEM ( '' )  );
#6222 = DIRECTION ( 'NONE',  ( -1.000000000000000000, 4.440892098500622123E-13, 0.000000000000000000 ) ) ;
#6223 = ORIENTED_EDGE ( 'NONE', *, *, #8336, .F. ) ;
#6224 = FACE_OUTER_BOUND ( 'NONE', #5096, .T. ) ;
#6225 = PLANE ( 'NONE',  #5036 ) ;
#6226 = LINE ( 'NONE', #2330, #1650 ) ;
#6227 = VECTOR ( 'NONE', #2159, 1000.000000000000000 ) ;
#6228 = ORIENTED_EDGE ( 'NONE', *, *, #3645, .T. ) ;
#6229 = EDGE_CURVE ( 'NONE', #4378, #4907, #7648, .T. ) ;
#6230 = ORIENTED_EDGE ( 'NONE', *, *, #8406, .T. ) ;
#6231 = CARTESIAN_POINT ( 'NONE',  ( 291.6996151874797079, 1079.625508363753397, -5.792893218813763845 ) ) ;
#6232 = EDGE_CURVE ( 'NONE', #8034, #7079, #8855, .T. ) ;
#6233 = ORIENTED_EDGE ( 'NONE', *, *, #6469, .T. ) ;
#6234 = ORIENTED_EDGE ( 'NONE', *, *, #6111, .F. ) ;
#6235 = AXIS2_PLACEMENT_3D ( 'NONE', #7289, #6381, #444 ) ;
#6236 = ADVANCED_FACE ( 'NONE', ( #9540 ), #8229, .F. ) ;
#6237 = CARTESIAN_POINT ( 'NONE',  ( 343.7430501352908436, 1131.359150616601937, -6.300000000000287592 ) ) ;
#6238 = DIRECTION ( 'NONE',  ( 1.000000000000000000, 0.000000000000000000, -0.000000000000000000 ) ) ;
#6239 = CARTESIAN_POINT ( 'NONE',  ( 336.6048510312743360, 1080.115111583732642, 5.999999999999712230 ) ) ;
#6240 =( BOUNDED_CURVE ( )  B_SPLINE_CURVE ( 3, ( #2364, #7480, #128, #1639 ),
 .UNSPECIFIED., .F., .F. ) 
 B_SPLINE_CURVE_WITH_KNOTS ( ( 4, 4 ),
 ( 4.553187005693789757, 4.712388980384689674 ),
 .UNSPECIFIED. ) 
 CURVE ( )  GEOMETRIC_REPRESENTATION_ITEM ( )  RATIONAL_B_SPLINE_CURVE ( ( 1.000000000000000000, 0.9978890092833367920, 0.9978890092833367920, 1.000000000000000000 ) ) 
 REPRESENTATION_ITEM ( '' )  );
#6241 = DIRECTION ( 'NONE',  ( -0.000000000000000000, -0.000000000000000000, -1.000000000000000000 ) ) ;
#6242 = EDGE_CURVE ( 'NONE', #6834, #8141, #5247, .T. ) ;
#6243 = EDGE_LOOP ( 'NONE', ( #8359, #4563, #3937, #157 ) ) ;
#6244 = DIRECTION ( 'NONE',  ( -0.000000000000000000, -0.000000000000000000, 1.000000000000000000 ) ) ;
#6245 = VECTOR ( 'NONE', #4972, 1000.000000000000114 ) ;
#6246 = ORIENTED_EDGE ( 'NONE', *, *, #1644, .F. ) ;
#6247 = FACE_OUTER_BOUND ( 'NONE', #8561, .T. ) ;
#6248 = CARTESIAN_POINT ( 'NONE',  ( 291.2259858034474860, 1000.984956806393598, 5.499999999999713118 ) ) ;
#6249 = EDGE_CURVE ( 'NONE', #3562, #6092, #3246, .T. ) ;
#6250 = LINE ( 'NONE', #7848, #2148 ) ;
#6251 = ORIENTED_EDGE ( 'NONE', *, *, #9308, .T. ) ;
#6252 = EDGE_CURVE ( 'NONE', #4310, #5948, #1575, .T. ) ;
#6253 = AXIS2_PLACEMENT_3D ( 'NONE', #2783, #6350, #5722 ) ;
#6254 = DIRECTION ( 'NONE',  ( 1.000000000000000000, 0.000000000000000000, 0.000000000000000000 ) ) ;
#6255 = CARTESIAN_POINT ( 'NONE',  ( 286.3293394524255291, 1047.784834723583799, -5.500000000000287770 ) ) ;
#6256 = ORIENTED_EDGE ( 'NONE', *, *, #8532, .F. ) ;
#6257 = CARTESIAN_POINT ( 'NONE',  ( 307.9342521520968603, 1044.160606342000847, -6.000000000000287770 ) ) ;
#6259 = VECTOR ( 'NONE', #7751, 1000.000000000000000 ) ;
#6258 = DIRECTION ( 'NONE',  ( 0.000000000000000000, 0.000000000000000000, -1.000000000000000000 ) ) ;
#6260 = VERTEX_POINT ( 'NONE', #7659 ) ;
#6261 = CARTESIAN_POINT ( 'NONE',  ( 328.7864743326773578, 1162.178293110218874, 8.799999999999712941 ) ) ;
#6262 = CIRCLE ( 'NONE', #6571, 0.4999999999999036326 ) ;
#6263 = VERTEX_POINT ( 'NONE', #1091 ) ;
#6264 = AXIS2_PLACEMENT_3D ( 'NONE', #1470, #2343, #3015 ) ;
#6265 = DIRECTION ( 'NONE',  ( 0.000000000000000000, 0.000000000000000000, -1.000000000000000000 ) ) ;
#6266 = LOCAL_TIME ( 16, 5, 37.00000000000000000, #1490 ) ;
#6267 = DIRECTION ( 'NONE',  ( 1.000000000000000000, 0.000000000000000000, -0.000000000000000000 ) ) ;
#6268 = DIRECTION ( 'NONE',  ( 0.000000000000000000, 1.000000000000000000, -0.000000000000000000 ) ) ;
#6269 = CIRCLE ( 'NONE', #7503, 0.5000000000000004441 ) ;
#6270 = CARTESIAN_POINT ( 'NONE',  ( 348.8007357215032016, 1130.385922219802296, -6.300000000000287592 ) ) ;
#6271 = LINE ( 'NONE', #331, #1526 ) ;
#6272 = CIRCLE ( 'NONE', #9348, 0.5000000000000004441 ) ;
#6273 = CARTESIAN_POINT ( 'NONE',  ( 309.0660086535879714, 1047.187280769597237, 210.7946508136983255 ) ) ;
#6274 = ORIENTED_EDGE ( 'NONE', *, *, #58, .F. ) ;
#6275 = AXIS2_PLACEMENT_3D ( 'NONE', #3013, #4919, #785 ) ;
#6276 = CARTESIAN_POINT ( 'NONE',  ( 329.0691737308270604, 1143.597385967914761, 5.999999999999712230 ) ) ;
#6277 = AXIS2_PLACEMENT_3D ( 'NONE', #6466, #9404, #8092 ) ;
#6278 = CARTESIAN_POINT ( 'NONE',  ( 285.7902456763746954, 1048.369474092697374, 5.999999999999712230 ) ) ;
#6279 = CARTESIAN_POINT ( 'NONE',  ( 295.4874931476854272, 1100.485912135505032, 5.999999999999714007 ) ) ;
#6280 = ORIENTED_EDGE ( 'NONE', *, *, #4348, .F. ) ;
#6281 = ORIENTED_EDGE ( 'NONE', *, *, #4575, .F. ) ;
#6282 = LINE ( 'NONE', #340, #7616 ) ;
#6283 =( BOUNDED_CURVE ( )  B_SPLINE_CURVE ( 3, ( #5983, #1640, #4448, #4587 ),
 .UNSPECIFIED., .F., .F. ) 
 B_SPLINE_CURVE_WITH_KNOTS ( ( 4, 4 ),
 ( 4.712388980384689674, 4.980437948619185207 ),
 .UNSPECIFIED. ) 
 CURVE ( )  GEOMETRIC_REPRESENTATION_ITEM ( )  RATIONAL_B_SPLINE_CURVE ( ( 1.000000000000000000, 0.9940214364556556603, 0.9940214364556556603, 1.000000000000000000 ) ) 
 REPRESENTATION_ITEM ( '' )  );
#6284 = AXIS2_PLACEMENT_3D ( 'NONE', #2672, #4946, #390 ) ;
#6285 = ORIENTED_EDGE ( 'NONE', *, *, #9095, .T. ) ;
#6286 = ORIENTED_EDGE ( 'NONE', *, *, #4960, .F. ) ;
#6287 = EDGE_CURVE ( 'NONE', #8957, #505, #5260, .T. ) ;
#6288 = CARTESIAN_POINT ( 'NONE',  ( 291.9554243102296596, 1001.600285474086149, 5.999999999999712230 ) ) ;
#6289 = ADVANCED_FACE ( 'NONE', ( #948 ), #5397, .F. ) ;
#6290 = CARTESIAN_POINT ( 'NONE',  ( 283.0167001943938772, 1032.639916024856575, -5.966002165577404703 ) ) ;
#6291 = DIRECTION ( 'NONE',  ( 0.8815943511951714884, -0.4720078388552089721, 0.000000000000000000 ) ) ;
#6292 = VECTOR ( 'NONE', #718, 1000.000000000000000 ) ;
#6293 = AXIS2_PLACEMENT_3D ( 'NONE', #6206, #995, #4625 ) ;
#6294 = EDGE_CURVE ( 'NONE', #7415, #7752, #9202, .T. ) ;
#6295 = CARTESIAN_POINT ( 'NONE',  ( 277.2481228872860584, 999.9246884179960944, 5.906557710321617805 ) ) ;
#6296 = ORIENTED_EDGE ( 'NONE', *, *, #5112, .F. ) ;
#6297 = CARTESIAN_POINT ( 'NONE',  ( 280.5813331895226952, 1003.476011000449262, -5.500000000000287770 ) ) ;
#6298 = ORIENTED_EDGE ( 'NONE', *, *, #3472, .F. ) ;
#6299 = CARTESIAN_POINT ( 'NONE',  ( 341.7912167416586158, 1119.102250538167482, -6.300000000000287592 ) ) ;
#6300 = LINE ( 'NONE', #4905, #2382 ) ;
#6301 = LINE ( 'NONE', #5480, #1532 ) ;
#6302 = AXIS2_PLACEMENT_3D ( 'NONE', #4756, #4138, #4046 ) ;
#6303 = ORIENTED_EDGE ( 'NONE', *, *, #9096, .T. ) ;
#6304 = CARTESIAN_POINT ( 'NONE',  ( 277.7566044870970927, 1002.808430870614416, 5.999999999999712230 ) ) ;
#6305 = DIRECTION ( 'NONE',  ( 1.000000000000000000, 0.000000000000000000, 0.000000000000000000 ) ) ;
#6306 = ORIENTED_EDGE ( 'NONE', *, *, #9506, .F. ) ;
#6307 = CARTESIAN_POINT ( 'NONE',  ( 337.3835438837261904, 1114.351821815406538, -8.300000000000288480 ) ) ;
#6308 = AXIS2_PLACEMENT_3D ( 'NONE', #3481, #2701, #1254 ) ;
#6309 = PRODUCT_DEFINITION ( '�', '', #3171, #7609 ) ;
#6310 = VECTOR ( 'NONE', #4906, 1000.000000000000000 ) ;
#6311 = ORIENTED_EDGE ( 'NONE', *, *, #3168, .T. ) ;
#6312 = CARTESIAN_POINT ( 'NONE',  ( 323.6105210065555298, 1086.409309232233682, -6.000000000000287770 ) ) ;
#6313 = DIRECTION ( 'NONE',  ( -0.3502424885566302604, -0.9366590624179422786, 0.000000000000000000 ) ) ;
#6314 = VECTOR ( 'NONE', #5880, 1000.000000000000000 ) ;
#6315 = ORIENTED_EDGE ( 'NONE', *, *, #2398, .F. ) ;
#6316 = CIRCLE ( 'NONE', #606, 6.000000000000005329 ) ;
#6317 = LINE ( 'NONE', #8341, #3513 ) ;
#6318 = CARTESIAN_POINT ( 'NONE',  ( 296.6848158921147274, 1025.530173790869640, -5.500000000000287770 ) ) ;
#6319 = DIRECTION ( 'NONE',  ( 1.000000000000000000, 0.000000000000000000, 0.000000000000000000 ) ) ;
#6320 = EDGE_CURVE ( 'NONE', #8547, #4795, #4052, .T. ) ;
#6321 = ORIENTED_EDGE ( 'NONE', *, *, #318, .T. ) ;
#6322 = DIRECTION ( 'NONE',  ( 0.000000000000000000, 0.000000000000000000, 1.000000000000000000 ) ) ;
#6323 = CARTESIAN_POINT ( 'NONE',  ( 269.8466448106040048, 957.9488203634091406, -6.000000000000287770 ) ) ;
#6324 = DIRECTION ( 'NONE',  ( -0.9155739129316218250, 0.4021497357441370379, 0.000000000000000000 ) ) ;
#6325 = EDGE_CURVE ( 'NONE', #2324, #2256, #322, .T. ) ;
#6326 = CARTESIAN_POINT ( 'NONE',  ( 285.9737993014172730, 1003.291887338201946, 5.499999999999713118 ) ) ;
#6327 = ORIENTED_EDGE ( 'NONE', *, *, #7036, .T. ) ;
#6328 = DIRECTION ( 'NONE',  ( -0.8673302893362525579, 0.4977330300471251578, 0.000000000000000000 ) ) ;
#6329 = CARTESIAN_POINT ( 'NONE',  ( 329.0691737308270604, 1143.597385967914761, -6.000000000000287770 ) ) ;
#6330 = CARTESIAN_POINT ( 'NONE',  ( 290.8331880951891435, 998.4269585144542134, 5.999999999999712230 ) ) ;
#6331 = EDGE_LOOP ( 'NONE', ( #8614, #418, #8001, #3396, #3403, #6515, #7863, #8081, #484, #9486, #2181 ) ) ;
#6332 = EDGE_CURVE ( 'NONE', #7694, #8105, #66, .T. ) ;
#6333 = EDGE_LOOP ( 'NONE', ( #5486, #6745, #2806, #8883 ) ) ;
#6334 = CARTESIAN_POINT ( 'NONE',  ( 287.3795460953297152, 1026.654834860702749, -6.000000000000289546 ) ) ;
#6335 = ORIENTED_EDGE ( 'NONE', *, *, #7347, .T. ) ;
#6336 = EDGE_LOOP ( 'NONE', ( #6920, #6202, #9127, #7164 ) ) ;
#6337 = CARTESIAN_POINT ( 'NONE',  ( 292.0277345185951390, 1027.456432633371151, 5.499999999999713118 ) ) ;
#6338 = CARTESIAN_POINT ( 'NONE',  ( 290.1504663149462999, 1072.944300520139222, 5.999999999999712230 ) ) ;
#6339 = FACE_OUTER_BOUND ( 'NONE', #5745, .T. ) ;
#6340 = FACE_OUTER_BOUND ( 'NONE', #60, .T. ) ;
#6341 = VERTEX_POINT ( 'NONE', #9193 ) ;
#6342 = CARTESIAN_POINT ( 'NONE',  ( 272.7112994139250759, 957.4437044664329051, -13.25000000000028955 ) ) ;
#6343 = VERTEX_POINT ( 'NONE', #2594 ) ;
#6344 = LINE ( 'NONE', #7217, #1369 ) ;
#6345 = ADVANCED_FACE ( 'NONE', ( #7516 ), #895, .F. ) ;
#6346 = DIRECTION ( 'NONE',  ( -0.9956305605605085818, -0.09337979908935140072, 0.000000000000000000 ) ) ;
#6347 = CARTESIAN_POINT ( 'NONE',  ( 343.1478800295438418, 1138.332971916348015, 210.7946508136983255 ) ) ;
#6348 = ORIENTED_EDGE ( 'NONE', *, *, #8445, .T. ) ;
#6349 = ADVANCED_FACE ( 'NONE', ( #8475 ), #8996, .F. ) ;
#6350 = DIRECTION ( 'NONE',  ( -0.000000000000000000, -0.000000000000000000, 1.000000000000000000 ) ) ;
#6351 = LINE ( 'NONE', #5760, #700 ) ;
#6352 = EDGE_LOOP ( 'NONE', ( #2640, #4313, #8687, #7968 ) ) ;
#6353 = DIRECTION ( 'NONE',  ( -0.1378466330839395459, 0.9904535858622663946, 0.000000000000000000 ) ) ;
#6354 = CARTESIAN_POINT ( 'NONE',  ( 286.5509301645925007, 1052.683530201192298, 5.999999999999712230 ) ) ;
#6355 = EDGE_LOOP ( 'NONE', ( #3954, #9252, #9273, #5716, #5824, #6298 ) ) ;
#6356 = CARTESIAN_POINT ( 'NONE',  ( 300.8423041959673583, 1116.982560454410759, -9.000000000000287770 ) ) ;
#6357 = DIRECTION ( 'NONE',  ( -0.000000000000000000, 0.000000000000000000, 1.000000000000000000 ) ) ;
#6358 = EDGE_CURVE ( 'NONE', #7642, #2817, #3228, .T. ) ;
#6359 = ORIENTED_EDGE ( 'NONE', *, *, #7628, .T. ) ;
#6360 = CARTESIAN_POINT ( 'NONE',  ( 340.1753839368880676, 1130.383578298623661, -61.25749636645200980 ) ) ;
#6361 = EDGE_CURVE ( 'NONE', #1942, #8353, #2452, .T. ) ;
#6362 = DIRECTION ( 'NONE',  ( 0.000000000000000000, 0.000000000000000000, 1.000000000000000000 ) ) ;
#6363 = CARTESIAN_POINT ( 'NONE',  ( 282.2114651161559777, 1025.875274030944865, -5.792893218813695455 ) ) ;
#6364 = ORIENTED_EDGE ( 'NONE', *, *, #6976, .F. ) ;
#6365 = CARTESIAN_POINT ( 'NONE',  ( 279.5501109898323193, 982.5281748859821391, 5.999999999999712230 ) ) ;
#6366 = CARTESIAN_POINT ( 'NONE',  ( 335.6000266738298592, 1052.908107427123014, 5.999999999999712230 ) ) ;
#6367 = CYLINDRICAL_SURFACE ( 'NONE', #2462, 0.4999999999999982236 ) ;
#6368 = EDGE_CURVE ( 'NONE', #8796, #3277, #158, .T. ) ;
#6369 = EDGE_CURVE ( 'NONE', #7651, #4502, #1816, .T. ) ;
#6370 = LINE ( 'NONE', #7728, #3810 ) ;
#6371 = ORIENTED_EDGE ( 'NONE', *, *, #4732, .F. ) ;
#6372 = ADVANCED_FACE ( 'NONE', ( #9099 ), #4621, .F. ) ;
#6373 = DIRECTION ( 'NONE',  ( 0.9457519005633207021, 0.3248897391129285106, -0.000000000000000000 ) ) ;
#6374 = DIRECTION ( 'NONE',  ( 1.000000000000000000, 0.000000000000000000, 5.204170427930416550E-15 ) ) ;
#6375 = CARTESIAN_POINT ( 'NONE',  ( 266.8922215515673884, 958.4697648964098562, -9.000000000000287770 ) ) ;
#6376 = ORIENTED_EDGE ( 'NONE', *, *, #856, .T. ) ;
#6377 = ORIENTED_EDGE ( 'NONE', *, *, #8551, .F. ) ;
#6378 = DIRECTION ( 'NONE',  ( -1.000000000000000000, 0.000000000000000000, 0.000000000000000000 ) ) ;
#6379 = VERTEX_POINT ( 'NONE', #6839 ) ;
#6380 = EDGE_LOOP ( 'NONE', ( #5380, #4654, #9133 ) ) ;
#6381 = DIRECTION ( 'NONE',  ( 0.9366590624179419455, -0.3502424885566311485, 0.000000000000000000 ) ) ;
#6382 = CARTESIAN_POINT ( 'NONE',  ( 290.8746815250780742, 998.8327686583062359, -5.875579829870801518 ) ) ;
#6383 = ADVANCED_FACE ( 'NONE', ( #203 ), #407, .F. ) ;
#6384 = EDGE_CURVE ( 'NONE', #1842, #1521, #3965, .T. ) ;
#6385 = VECTOR ( 'NONE', #2626, 1000.000000000000000 ) ;
#6386 = CARTESIAN_POINT ( 'NONE',  ( 625.1595048866433899, 214.7581287709959383, -6.000000000000287770 ) ) ;
#6387 = CARTESIAN_POINT ( 'NONE',  ( 277.1810064270668477, 999.5440520573575895, -6.000000000000287770 ) ) ;
#6388 = EDGE_CURVE ( 'NONE', #2503, #8503, #8621, .T. ) ;
#6389 = EDGE_LOOP ( 'NONE', ( #7744, #8456, #7567, #2588 ) ) ;
#6390 = DIRECTION ( 'NONE',  ( -0.000000000000000000, -0.000000000000000000, 1.000000000000000000 ) ) ;
#6391 = EDGE_LOOP ( 'NONE', ( #143, #4497, #451 ) ) ;
#6392 = CARTESIAN_POINT ( 'NONE',  ( 536.4145769565137698, 943.3497732684027142, 5.499999999999713118 ) ) ;
#6393 = DIRECTION ( 'NONE',  ( -0.9888139587632130967, -0.1491541315385616906, 0.000000000000000000 ) ) ;
#6394 = CIRCLE ( 'NONE', #8385, 0.5000000000000004441 ) ;
#6395 = CARTESIAN_POINT ( 'NONE',  ( 291.4941511938676513, 1000.867169875846798, 5.792893218813293998 ) ) ;
#6396 = VERTEX_POINT ( 'NONE', #6304 ) ;
#6397 = DIRECTION ( 'NONE',  ( 0.000000000000000000, 0.000000000000000000, -1.000000000000000000 ) ) ;
#6398 = FACE_OUTER_BOUND ( 'NONE', #9456, .T. ) ;
#6399 = AXIS2_PLACEMENT_3D ( 'NONE', #8358, #145, #3936 ) ;
#6400 = ORIENTED_EDGE ( 'NONE', *, *, #7497, .T. ) ;
#6401 = DIRECTION ( 'NONE',  ( -0.000000000000000000, -0.000000000000000000, 1.000000000000000000 ) ) ;
#6402 = ORIENTED_EDGE ( 'NONE', *, *, #579, .F. ) ;
#6403 = DIRECTION ( 'NONE',  ( -1.000000000000000000, 0.000000000000000000, 5.204170427930416550E-15 ) ) ;
#6404 = CARTESIAN_POINT ( 'NONE',  ( 291.4601975172985249, 1001.531362157544322, 210.7946508136983255 ) ) ;
#6405 = VECTOR ( 'NONE', #6025, 1000.000000000000000 ) ;
#6406 = ORIENTED_EDGE ( 'NONE', *, *, #9270, .T. ) ;
#6407 = ADVANCED_FACE ( 'NONE', ( #9247 ), #4093, .T. ) ;
#6408 = LINE ( 'NONE', #3572, #3956 ) ;
#6409 = CARTESIAN_POINT ( 'NONE',  ( 310.2336641944685880, 1050.309960569685245, -5.949930407077936856 ) ) ;
#6410 = EDGE_CURVE ( 'NONE', #3856, #9017, #4809, .T. ) ;
#6411 = VECTOR ( 'NONE', #6513, 1000.000000000000000 ) ;
#6412 = ORIENTED_EDGE ( 'NONE', *, *, #9374, .T. ) ;
#6413 = LINE ( 'NONE', #8677, #8297 ) ;
#6414 = ADVANCED_FACE ( 'NONE', ( #4232 ), #8663, .F. ) ;
#6415 = ADVANCED_FACE ( 'NONE', ( #2683 ), #7895, .T. ) ;
#6416 = CARTESIAN_POINT ( 'NONE',  ( 281.3750930601331675, 1023.329899329369368, -5.991238625479223145 ) ) ;
#6417 = VECTOR ( 'NONE', #4191, 1000.000000000000000 ) ;
#6418 = DIRECTION ( 'NONE',  ( -0.4021497357442300191, -0.9155739129315808578, 0.000000000000000000 ) ) ;
#6419 = ADVANCED_FACE ( 'NONE', ( #7172 ), #5579, .F. ) ;
#6420 = AXIS2_PLACEMENT_3D ( 'NONE', #250, #4754, #7700 ) ;
#6421 = VECTOR ( 'NONE', #6914, 1000.000000000000000 ) ;
#6422 = LINE ( 'NONE', #6326, #5950 ) ;
#6423 = CARTESIAN_POINT ( 'NONE',  ( 296.4488119726870536, 1025.089376615272158, 5.499999999999713118 ) ) ;
#6424 = CIRCLE ( 'NONE', #559, 8.000000000000007105 ) ;
#6425 = CARTESIAN_POINT ( 'NONE',  ( 338.7165415596875846, 1117.916678719309175, 8.999999999999712230 ) ) ;
#6426 = CARTESIAN_POINT ( 'NONE',  ( 323.7162132831609256, 1092.257574350464893, -6.000000000000287770 ) ) ;
#6427 = FACE_OUTER_BOUND ( 'NONE', #950, .T. ) ;
#6428 = ADVANCED_FACE ( 'NONE', ( #4853 ), #601, .F. ) ;
#6429 = ORIENTED_EDGE ( 'NONE', *, *, #6115, .T. ) ;
#6430 = ORIENTED_CLOSED_SHELL ( 'NONE', *, #9236, .F. );
#6431 = EDGE_LOOP ( 'NONE', ( #4519, #9416, #7498, #9524, #3597 ) ) ;
#6432 = CARTESIAN_POINT ( 'NONE',  ( 304.0129644355745313, 1072.048618001351770, 5.499999999999713118 ) ) ;
#6433 = ORIENTED_EDGE ( 'NONE', *, *, #7539, .F. ) ;
#6434 = VECTOR ( 'NONE', #4523, 1000.000000000000000 ) ;
#6435 = ORIENTED_EDGE ( 'NONE', *, *, #8700, .F. ) ;
#6436 = CARTESIAN_POINT ( 'NONE',  ( 283.0217578369321814, 1032.668599341033996, -5.975082126565473217 ) ) ;
#6437 = CARTESIAN_POINT ( 'NONE',  ( 318.5985410860433262, 1074.806004723765909, 5.499999999999713118 ) ) ;
#6438 = CARTESIAN_POINT ( 'NONE',  ( 278.4945725988074514, 1006.993656006015044, -5.985748428336296278 ) ) ;
#6439 = ORIENTED_EDGE ( 'NONE', *, *, #2104, .T. ) ;
#6440 = CIRCLE ( 'NONE', #5511, 6.000000000000005329 ) ;
#6441 = ORIENTED_EDGE ( 'NONE', *, *, #329, .T. ) ;
#6442 = CARTESIAN_POINT ( 'NONE',  ( 334.0332462475978446, 1119.667891162092246, 8.999999999999712230 ) ) ;
#6443 = EDGE_CURVE ( 'NONE', #2795, #2331, #9387, .T. ) ;
#6444 = CARTESIAN_POINT ( 'NONE',  ( 281.4469333360246424, 1023.737325779948037, 5.499999999999713118 ) ) ;
#6445 = CARTESIAN_POINT ( 'NONE',  ( 291.8848476277852342, 1001.241668894987697, 5.999999999999712230 ) ) ;
#6446 = EDGE_LOOP ( 'NONE', ( #5932, #4009, #4327, #2297, #3910 ) ) ;
#6447 = ADVANCED_FACE ( 'NONE', ( #7133 ), #460, .F. ) ;
#6448 = AXIS2_PLACEMENT_3D ( 'NONE', #2759, #377, #9162 ) ;
#6449 = DIRECTION ( 'NONE',  ( -0.9882948916112389570, -0.1525555872956789460, 0.000000000000000000 ) ) ;
#6450 = CARTESIAN_POINT ( 'NONE',  ( 307.9342521520968603, 1044.160606342000847, 5.999999999999714007 ) ) ;
#6451 = ORIENTED_EDGE ( 'NONE', *, *, #2104, .F. ) ;
#6452 = CARTESIAN_POINT ( 'NONE',  ( 269.8466448106040048, 957.9488203634091406, -6.000000000000287770 ) ) ;
#6453 = VERTEX_POINT ( 'NONE', #8571 ) ;
#6454 = CARTESIAN_POINT ( 'NONE',  ( 345.6013434717312407, 1009.066470099660364, -6.000000000000287770 ) ) ;
#6455 = AXIS2_PLACEMENT_3D ( 'NONE', #4980, #2073, #1354 ) ;
#6456 = AXIS2_PLACEMENT_3D ( 'NONE', #6833, #6153, #3800 ) ;
#6457 = CARTESIAN_POINT ( 'NONE',  ( 290.5757563929499838, 999.0861364164272800, 5.499999999999711342 ) ) ;
#6458 = ORIENTED_EDGE ( 'NONE', *, *, #4960, .T. ) ;
#6459 = CARTESIAN_POINT ( 'NONE',  ( 280.2814245145709151, 1056.477149075004036, -6.000000000000287770 ) ) ;
#6460 = AXIS2_PLACEMENT_3D ( 'NONE', #8638, #9444, #8538 ) ;
#6461 = FACE_OUTER_BOUND ( 'NONE', #9027, .T. ) ;
#6462 = AXIS2_PLACEMENT_3D ( 'NONE', #6821, #1655, #9080 ) ;
#6463 = ADVANCED_FACE ( 'NONE', ( #2053 ), #9289, .F. ) ;
#6464 = ORIENTED_EDGE ( 'NONE', *, *, #6932, .T. ) ;
#6465 = DIRECTION ( 'NONE',  ( 0.000000000000000000, 0.000000000000000000, 1.000000000000000000 ) ) ;
#6466 = CARTESIAN_POINT ( 'NONE',  ( 525.7653314405216634, 916.1782913985271080, 61.58012167084567778 ) ) ;
#6467 = CARTESIAN_POINT ( 'NONE',  ( 280.3802583216506719, 1003.018224043983537, 5.499999999999711342 ) ) ;
#6468 = AXIS2_PLACEMENT_3D ( 'NONE', #6114, #9052, #2460 ) ;
#6469 = EDGE_CURVE ( 'NONE', #4092, #2795, #7853, .T. ) ;
#6470 = AXIS2_PLACEMENT_3D ( 'NONE', #912, #6216, #2469 ) ;
#6471 = COORDINATED_UNIVERSAL_TIME_OFFSET ( 8, 0, .AHEAD. ) ;
#6472 = LINE ( 'NONE', #2939, #6314 ) ;
#6473 = EDGE_CURVE ( 'NONE', #3895, #3914, #4284, .T. ) ;
#6474 = PLANE ( 'NONE',  #9525 ) ;
#6475 = FACE_OUTER_BOUND ( 'NONE', #7833, .T. ) ;
#6476 = AXIS2_PLACEMENT_3D ( 'NONE', #4003, #351, #8947 ) ;
#6477 = DIRECTION ( 'NONE',  ( 1.000000000000000000, 0.000000000000000000, 0.000000000000000000 ) ) ;
#6478 = ORIENTED_EDGE ( 'NONE', *, *, #8251, .T. ) ;
#6479 = EDGE_LOOP ( 'NONE', ( #6842, #5122, #8171, #6676 ) ) ;
#6480 = DIRECTION ( 'NONE',  ( 0.8815943511950998790, -0.4720078388553425319, -0.000000000000000000 ) ) ;
#6481 = VERTEX_POINT ( 'NONE', #9337 ) ;
#6482 = ORIENTED_EDGE ( 'NONE', *, *, #6702, .F. ) ;
#6483 = DIRECTION ( 'NONE',  ( 0.000000000000000000, 0.000000000000000000, 1.000000000000000000 ) ) ;
#6484 = EDGE_CURVE ( 'NONE', #1899, #5187, #7488, .T. ) ;
#6485 = CARTESIAN_POINT ( 'NONE',  ( 279.5501109898323193, 982.5281748859821391, 8.999999999999712230 ) ) ;
#6486 = DIRECTION ( 'NONE',  ( -0.3248897391129401679, 0.9457519005633167053, 0.000000000000000000 ) ) ;
#6487 = ORIENTED_EDGE ( 'NONE', *, *, #5990, .F. ) ;
#6488 = ORIENTED_EDGE ( 'NONE', *, *, #6473, .F. ) ;
#6489 = DIRECTION ( 'NONE',  ( -0.9888139587632027716, -0.1491541315386305799, 0.000000000000000000 ) ) ;
#6490 = FACE_OUTER_BOUND ( 'NONE', #2731, .T. ) ;
#6491 = CARTESIAN_POINT ( 'NONE',  ( 283.2781577940106672, 1032.140978076603005, -5.500000000000289546 ) ) ;
#6492 = ORIENTED_EDGE ( 'NONE', *, *, #8777, .T. ) ;
#6493 = DIRECTION ( 'NONE',  ( -0.000000000000000000, 0.000000000000000000, -1.000000000000000000 ) ) ;
#6494 = EDGE_CURVE ( 'NONE', #1727, #5647, #7270, .T. ) ;
#6495 = DIRECTION ( 'NONE',  ( -0.8673302893359781107, 0.4977330300476037195, -0.000000000000000000 ) ) ;
#6496 = ORIENTED_EDGE ( 'NONE', *, *, #9270, .F. ) ;
#6497 = LINE ( 'NONE', #2869, #3387 ) ;
#6498 = ORIENTED_EDGE ( 'NONE', *, *, #3667, .T. ) ;
#6499 = FACE_OUTER_BOUND ( 'NONE', #5073, .T. ) ;
#6500 = CARTESIAN_POINT ( 'NONE',  ( 266.8922215515673884, 958.4697648964098562, -13.25000000000028955 ) ) ;
#6501 = ORIENTED_EDGE ( 'NONE', *, *, #3521, .T. ) ;
#6502 = LINE ( 'NONE', #7995, #841 ) ;
#6503 = CARTESIAN_POINT ( 'NONE',  ( 275.1653034219292522, 956.5260851264006305, 210.7946508136983255 ) ) ;
#6504 = VERTEX_POINT ( 'NONE', #3654 ) ;
#6505 = EDGE_CURVE ( 'NONE', #131, #7918, #6616, .T. ) ;
#6506 = VERTEX_POINT ( 'NONE', #7454 ) ;
#6507 = CARTESIAN_POINT ( 'NONE',  ( 302.1190034444496177, 1028.878155982714816, 5.686102203007267875 ) ) ;
#6508 = CARTESIAN_POINT ( 'NONE',  ( 277.2090887721042236, 999.7033149502203742, -5.975734776861973963 ) ) ;
#6509 = DIRECTION ( 'NONE',  ( 0.000000000000000000, 0.000000000000000000, 1.000000000000000000 ) ) ;
#6510 = CALENDAR_DATE ( 2026, 5, 8 ) ;
#6511 = DIRECTION ( 'NONE',  ( -0.000000000000000000, -0.000000000000000000, -1.000000000000000000 ) ) ;
#6512 = DIRECTION ( 'NONE',  ( -1.000000000000000000, 0.000000000000000000, 0.000000000000000000 ) ) ;
#6513 = DIRECTION ( 'NONE',  ( 0.000000000000000000, 0.000000000000000000, -1.000000000000000000 ) ) ;
#6514 = CARTESIAN_POINT ( 'NONE',  ( 306.9591563277959381, 1041.552892057188501, 5.951726401846851644 ) ) ;
#6515 = ORIENTED_EDGE ( 'NONE', *, *, #2238, .T. ) ;
#6516 = ORIENTED_EDGE ( 'NONE', *, *, #4301, .T. ) ;
#6517 = DIRECTION ( 'NONE',  ( 0.000000000000000000, 0.000000000000000000, 1.000000000000000000 ) ) ;
#6518 = VERTEX_POINT ( 'NONE', #4471 ) ;
#6519 = EDGE_LOOP ( 'NONE', ( #8465, #6793, #6938, #2402 ) ) ;
#6520 = CARTESIAN_POINT ( 'NONE',  ( -131.2015324121879303, 942.7073069611410574, -5.500000000000289546 ) ) ;
#6521 = CARTESIAN_POINT ( 'NONE',  ( 291.9542243684953746, 1079.480730594156512, 5.499999999999711342 ) ) ;
#6522 = EDGE_CURVE ( 'NONE', #1479, #8164, #4419, .T. ) ;
#6523 = DIRECTION ( 'NONE',  ( 0.000000000000000000, 0.000000000000000000, -1.000000000000000000 ) ) ;
#6524 = VERTEX_POINT ( 'NONE', #6591 ) ;
#6525 = EDGE_CURVE ( 'NONE', #5363, #544, #7183, .T. ) ;
#6526 = ORIENTED_EDGE ( 'NONE', *, *, #9171, .F. ) ;
#6527 = DIRECTION ( 'NONE',  ( 0.000000000000000000, 0.000000000000000000, 1.000000000000000000 ) ) ;
#6528 = CARTESIAN_POINT ( 'NONE',  ( 294.8423041959673014, 1116.982560454410759, 8.999999999999712230 ) ) ;
#6529 = CARTESIAN_POINT ( 'NONE',  ( 267.0731436892096440, 959.4958253263869210, 8.999999999999712230 ) ) ;
#6530 = VERTEX_POINT ( 'NONE', #9528 ) ;
#6531 = AXIS2_PLACEMENT_3D ( 'NONE', #7585, #3196, #4589 ) ;
#6532 =( BOUNDED_CURVE ( )  B_SPLINE_CURVE ( 3, ( #27, #2985, #5492, #4723 ),
 .UNSPECIFIED., .F., .F. ) 
 B_SPLINE_CURVE_WITH_KNOTS ( ( 4, 4 ),
 ( -4.174438572590588592E-14, 1.570796326794852815 ),
 .UNSPECIFIED. ) 
 CURVE ( )  GEOMETRIC_REPRESENTATION_ITEM ( )  RATIONAL_B_SPLINE_CURVE ( ( 1.000000000000000000, 0.8047378541243654926, 0.8047378541243654926, 1.000000000000000000 ) ) 
 REPRESENTATION_ITEM ( '' )  );
#6533 = LINE ( 'NONE', #5135, #5809 ) ;
#6534 = EDGE_CURVE ( 'NONE', #3274, #8586, #3025, .T. ) ;
#6535 = CARTESIAN_POINT ( 'NONE',  ( 291.8528016744899105, 1081.839130187825276, -5.684274606046143319 ) ) ;
#6536 = CARTESIAN_POINT ( 'NONE',  ( 304.0129644355747018, 1072.048618001351770, -5.500000000000287770 ) ) ;
#6537 = ORIENTED_EDGE ( 'NONE', *, *, #5558, .T. ) ;
#6538 = LINE ( 'NONE', #5140, #751 ) ;
#6539 = CIRCLE ( 'NONE', #675, 0.5000000000001046940 ) ;
#6540 = ORIENTED_EDGE ( 'NONE', *, *, #7742, .T. ) ;
#6541 = DIRECTION ( 'NONE',  ( 1.000000000000000000, 0.000000000000000000, -0.000000000000000000 ) ) ;
#6542 = ADVANCED_FACE ( 'NONE', ( #4329 ), #3604, .F. ) ;
#6543 = CARTESIAN_POINT ( 'NONE',  ( 330.3433351485258527, 1146.323815078256985, 8.999999999999712230 ) ) ;
#6544 = EDGE_CURVE ( 'NONE', #834, #55, #7241, .T. ) ;
#6545 = ORIENTED_EDGE ( 'NONE', *, *, #8175, .F. ) ;
#6546 = AXIS2_PLACEMENT_3D ( 'NONE', #685, #4366, #8840 ) ;
#6547 = FACE_OUTER_BOUND ( 'NONE', #2862, .T. ) ;
#6548 = CARTESIAN_POINT ( 'NONE',  ( 327.5413952400728590, 1138.830542578913537, -6.000000000000287770 ) ) ;
#6549 = ORIENTED_EDGE ( 'NONE', *, *, #45, .T. ) ;
#6550 = ORIENTED_EDGE ( 'NONE', *, *, #8068, .F. ) ;
#6551 = CARTESIAN_POINT ( 'NONE',  ( 282.5010820193458017, 1025.918960264630641, 5.999999999999699796 ) ) ;
#6552 = CARTESIAN_POINT ( 'NONE',  ( 304.4919483000152240, 1074.652164459586174, -5.500000000000287770 ) ) ;
#6553 =( BOUNDED_CURVE ( )  B_SPLINE_CURVE ( 3, ( #6028, #8866, #8963, #2361 ),
 .UNSPECIFIED., .F., .F. ) 
 B_SPLINE_CURVE_WITH_KNOTS ( ( 4, 4 ),
 ( 0.3464501510714872445, 1.570796326794869691 ),
 .UNSPECIFIED. ) 
 CURVE ( )  GEOMETRIC_REPRESENTATION_ITEM ( )  RATIONAL_B_SPLINE_CURVE ( ( 1.000000000000000000, 0.8789341281238445269, 0.8789341281238445269, 1.000000000000000000 ) ) 
 REPRESENTATION_ITEM ( '' )  );
#6554 = FACE_OUTER_BOUND ( 'NONE', #5615, .T. ) ;
#6555 = AXIS2_PLACEMENT_3D ( 'NONE', #3771, #1443, #4578 ) ;
#6556 = EDGE_CURVE ( 'NONE', #6834, #2108, #8075, .T. ) ;
#6557 = CARTESIAN_POINT ( 'NONE',  ( 0.000000000000000000, 0.000000000000000000, 0.000000000000000000 ) ) ;
#6558 = AXIS2_PLACEMENT_3D ( 'NONE', #5071, #665, #3628 ) ;
#6559 = CARTESIAN_POINT ( 'NONE',  ( 301.4987990245486458, 1026.256321987905494, 5.999999999999712230 ) ) ;
#6560 = CYLINDRICAL_SURFACE ( 'NONE', #5008, 6.000000000000005329 ) ;
#6561 = ADVANCED_FACE ( 'NONE', ( #8030 ), #51, .F. ) ;
#6562 = CARTESIAN_POINT ( 'NONE',  ( 308.7863256618658738, 1072.785445573195602, 5.499999999999713118 ) ) ;
#6563 = AXIS2_PLACEMENT_3D ( 'NONE', #8804, #2194, #1424 ) ;
#6564 = FACE_OUTER_BOUND ( 'NONE', #9051, .T. ) ;
#6565 = DIRECTION ( 'NONE',  ( 0.000000000000000000, 0.000000000000000000, 1.000000000000000000 ) ) ;
#6566 = FACE_OUTER_BOUND ( 'NONE', #7227, .T. ) ;
#6567 = FACE_OUTER_BOUND ( 'NONE', #7016, .T. ) ;
#6568 = AXIS2_PLACEMENT_3D ( 'NONE', #7602, #983, #3945 ) ;
#6569 = EDGE_LOOP ( 'NONE', ( #6211, #933, #2746, #381 ) ) ;
#6570 = CARTESIAN_POINT ( 'NONE',  ( 272.1043046966008774, 1035.287715857345120, -5.500000000000287770 ) ) ;
#6571 = AXIS2_PLACEMENT_3D ( 'NONE', #1124, #9375, #2044 ) ;
#6572 = ORIENTED_EDGE ( 'NONE', *, *, #2259, .T. ) ;
#6573 = ORIENTED_EDGE ( 'NONE', *, *, #6716, .T. ) ;
#6574 = LINE ( 'NONE', #4270, #7523 ) ;
#6575 = ADVANCED_FACE ( 'NONE', ( #8894 ), #8754, .T. ) ;
#6576 = VECTOR ( 'NONE', #3445, 1000.000000000000000 ) ;
#6577 = CC_DESIGN_APPROVAL ( #4893, ( #6309 ) ) ;
#6578 = LINE ( 'NONE', #7404, #4274 ) ;
#6579 = DIRECTION ( 'NONE',  ( -0.9366590624179422786, 0.3502424885566302049, 0.000000000000000000 ) ) ;
#6580 = VERTEX_POINT ( 'NONE', #103 ) ;
#6581 = ORIENTED_EDGE ( 'NONE', *, *, #7473, .T. ) ;
#6582 = CARTESIAN_POINT ( 'NONE',  ( 295.1215080816895124, 1025.800018465738731, 5.499999999999713118 ) ) ;
#6583 = CARTESIAN_POINT ( 'NONE',  ( 315.8134077600719252, 1065.913743959730709, 5.684274606045588207 ) ) ;
#6584 = AXIS2_PLACEMENT_3D ( 'NONE', #5829, #2207, #4302 ) ;
#6585 = EDGE_CURVE ( 'NONE', #5047, #2685, #10, .T. ) ;
#6586 = CARTESIAN_POINT ( 'NONE',  ( 291.2146693797450894, 1079.132909623525848, -6.000000000000287770 ) ) ;
#6587 = EDGE_CURVE ( 'NONE', #5439, #2725, #8272, .T. ) ;
#6588 = ORIENTED_EDGE ( 'NONE', *, *, #434, .T. ) ;
#6589 = EDGE_CURVE ( 'NONE', #1605, #6737, #3980, .T. ) ;
#6590 = DIRECTION ( 'NONE',  ( 5.734729136543221138E-15, 8.650348595808723727E-16, 1.000000000000000000 ) ) ;
#6591 = CARTESIAN_POINT ( 'NONE',  ( 323.6059745874828764, 1086.071743118399127, -6.000000000000287770 ) ) ;
#6592 = VECTOR ( 'NONE', #4509, 1000.000000000000000 ) ;
#6593 = VECTOR ( 'NONE', #6258, 1000.000000000000000 ) ;
#6594 = FACE_OUTER_BOUND ( 'NONE', #976, .T. ) ;
#6595 = ORIENTED_EDGE ( 'NONE', *, *, #6358, .F. ) ;
#6596 = CARTESIAN_POINT ( 'NONE',  ( 311.2665703128456016, 1129.346733903138556, 5.999999999999712230 ) ) ;
#6597 = ORIENTED_EDGE ( 'NONE', *, *, #7399, .F. ) ;
#6598 = LINE ( 'NONE', #7459, #6940 ) ;
#6599 = CARTESIAN_POINT ( 'NONE',  ( 341.3966675867607137, 1133.649676604258275, 5.999999999999712230 ) ) ;
#6600 = AXIS2_PLACEMENT_3D ( 'NONE', #1595, #8351, #2370 ) ;
#6601 = ORIENTED_EDGE ( 'NONE', *, *, #7771, .T. ) ;
#6602 = CARTESIAN_POINT ( 'NONE',  ( 301.1264495614029215, 1025.954391504948489, -6.000000000000287770 ) ) ;
#6603 = ORIENTED_EDGE ( 'NONE', *, *, #6242, .T. ) ;
#6604 = ADVANCED_FACE ( 'NONE', ( #4370 ), #691, .F. ) ;
#6605 = EDGE_LOOP ( 'NONE', ( #4984, #2901, #1058, #4546 ) ) ;
#6606 = CARTESIAN_POINT ( 'NONE',  ( 285.2906494855116648, 1045.536123298305256, -5.920159308287187727 ) ) ;
#6607 = AXIS2_PLACEMENT_3D ( 'NONE', #3388, #9109, #6319 ) ;
#6608 = AXIS2_PLACEMENT_3D ( 'NONE', #4110, #3525, #9304 ) ;
#6609 = FACE_OUTER_BOUND ( 'NONE', #9543, .T. ) ;
#6610 = CARTESIAN_POINT ( 'NONE',  ( 293.1232991283133629, 1004.551438905051555, -5.939718789646152075 ) ) ;
#6611 = AXIS2_PLACEMENT_3D ( 'NONE', #348, #493, #1176 ) ;
#6612 = AXIS2_PLACEMENT_3D ( 'NONE', #485, #1118, #7735 ) ;
#6613 = CARTESIAN_POINT ( 'NONE',  ( 296.4488119726870536, 1025.089376615272158, 5.999999999999714007 ) ) ;
#6614 = LINE ( 'NONE', #6662, #3010 ) ;
#6615 = DIRECTION ( 'NONE',  ( 1.000000000000000000, 0.000000000000000000, 5.204170427930416550E-15 ) ) ;
#6616 =( BOUNDED_CURVE ( )  B_SPLINE_CURVE ( 3, ( #5234, #832, #2151, #8178 ),
 .UNSPECIFIED., .F., .F. ) 
 B_SPLINE_CURVE_WITH_KNOTS ( ( 4, 4 ),
 ( 1.570796326794930309, 3.141592653589933892 ),
 .UNSPECIFIED. ) 
 CURVE ( )  GEOMETRIC_REPRESENTATION_ITEM ( )  RATIONAL_B_SPLINE_CURVE ( ( 1.000000000000000000, 0.8047378541243397354, 0.8047378541243397354, 1.000000000000000000 ) ) 
 REPRESENTATION_ITEM ( '' )  );
#6617 = DIRECTION ( 'NONE',  ( -1.000000000000000000, 0.000000000000000000, 0.000000000000000000 ) ) ;
#6618 = CARTESIAN_POINT ( 'NONE',  ( 285.2422279838077088, 1045.261511316013411, 5.994012446905259139 ) ) ;
#6619 = EDGE_CURVE ( 'NONE', #544, #3334, #1715, .T. ) ;
#6620 = PLANE ( 'NONE',  #8731 ) ;
#6621 = FACE_OUTER_BOUND ( 'NONE', #8060, .T. ) ;
#6622 = CIRCLE ( 'NONE', #7695, 0.5000000000000004441 ) ;
#6623 = AXIS2_PLACEMENT_3D ( 'NONE', #7219, #596, #3291 ) ;
#6624 = ORIENTED_EDGE ( 'NONE', *, *, #4148, .F. ) ;
#6625 = LINE ( 'NONE', #3544, #3770 ) ;
#6626 = EDGE_LOOP ( 'NONE', ( #621, #5901, #3933, #4715, #1556 ) ) ;
#6627 = AXIS2_PLACEMENT_3D ( 'NONE', #7475, #2465, #5301 ) ;
#6628 = EDGE_LOOP ( 'NONE', ( #9417, #3618, #7305, #843 ) ) ;
#6629 = AXIS2_PLACEMENT_3D ( 'NONE', #2021, #2690, #1192 ) ;
#6630 = DIRECTION ( 'NONE',  ( 0.9366590624179422786, -0.3502424885566302049, 0.000000000000000000 ) ) ;
#6631 = CARTESIAN_POINT ( 'NONE',  ( 348.8007357215032016, 1130.385922219802296, -17.24497290464283950 ) ) ;
#6632 = ADVANCED_FACE ( 'NONE', ( #3216 ), #5281, .F. ) ;
#6633 = CARTESIAN_POINT ( 'NONE',  ( 291.2128997129172490, 1002.001763635157658, -6.000000000000289546 ) ) ;
#6634 = VERTEX_POINT ( 'NONE', #3851 ) ;
#6635 = ORIENTED_EDGE ( 'NONE', *, *, #3745, .T. ) ;
#6636 = CARTESIAN_POINT ( 'NONE',  ( 347.0085846824679834, 1140.092221637931743, 8.999999999999712230 ) ) ;
#6637 = DIRECTION ( 'NONE',  ( -0.9838401286342943752, 0.1790491588610656493, 0.000000000000000000 ) ) ;
#6638 = LINE ( 'NONE', #1375, #2614 ) ;
#6639 = EDGE_LOOP ( 'NONE', ( #1531, #2113, #7178, #1168 ) ) ;
#6640 = DIRECTION ( 'NONE',  ( 0.000000000000000000, 0.000000000000000000, -1.000000000000000000 ) ) ;
#6641 = DIRECTION ( 'NONE',  ( 0.000000000000000000, 0.000000000000000000, -1.000000000000000000 ) ) ;
#6642 = DIRECTION ( 'NONE',  ( 0.000000000000000000, 0.000000000000000000, -1.000000000000000000 ) ) ;
#6643 = ORIENTED_EDGE ( 'NONE', *, *, #3449, .T. ) ;
#6644 = DIRECTION ( 'NONE',  ( -0.000000000000000000, 1.000000000000000000, 0.000000000000000000 ) ) ;
#6645 = EDGE_CURVE ( 'NONE', #1335, #8586, #5942, .T. ) ;
#6646 = EDGE_LOOP ( 'NONE', ( #2254, #3384, #1267, #4115 ) ) ;
#6647 = CARTESIAN_POINT ( 'NONE',  ( 350.7912167416586158, 1119.102250538167482, -8.300000000000288480 ) ) ;
#6648 = DIRECTION ( 'NONE',  ( 0.9904535858622584010, 0.1378466330839964726, -0.000000000000000000 ) ) ;
#6649 = EDGE_CURVE ( 'NONE', #5134, #8736, #7548, .T. ) ;
#6650 = ORIENTED_EDGE ( 'NONE', *, *, #5329, .T. ) ;
#6651 = CARTESIAN_POINT ( 'NONE',  ( 298.0222636449760216, 1046.872732258970245, 5.499999999999713118 ) ) ;
#6652 = EDGE_LOOP ( 'NONE', ( #1472, #5761 ) ) ;
#6653 = ORIENTED_EDGE ( 'NONE', *, *, #8682, .F. ) ;
#6654 = CARTESIAN_POINT ( 'NONE',  ( 297.9109979982563345, 1046.360102390067141, 5.499999999999713118 ) ) ;
#6655 = EDGE_CURVE ( 'NONE', #6506, #7216, #8414, .T. ) ;
#6656 = DIRECTION ( 'NONE',  ( -0.000000000000000000, -0.000000000000000000, 1.000000000000000000 ) ) ;
#6657 = CYLINDRICAL_SURFACE ( 'NONE', #2002, 0.5000000000000340838 ) ;
#6658 = ADVANCED_FACE ( 'NONE', ( #9034 ), #6829, .T. ) ;
#6659 = ADVANCED_FACE ( 'NONE', ( #3898 ), #1756, .F. ) ;
#6660 = DIRECTION ( 'NONE',  ( 0.000000000000000000, 0.000000000000000000, 1.000000000000000000 ) ) ;
#6661 = LINE ( 'NONE', #6360, #5358 ) ;
#6662 = CARTESIAN_POINT ( 'NONE',  ( 304.1850390021103294, 1072.075179847192885, 5.999999999999712230 ) ) ;
#6663 = EDGE_CURVE ( 'NONE', #4070, #482, #8589, .T. ) ;
#6664 = CARTESIAN_POINT ( 'NONE',  ( 316.3488848050657225, 1138.830542578913537, -6.300000000000287592 ) ) ;
#6665 = LINE ( 'NONE', #4352, #2870 ) ;
#6666 = DIRECTION ( 'NONE',  ( -0.000000000000000000, -0.000000000000000000, -1.000000000000000000 ) ) ;
#6667 = ORIENTED_EDGE ( 'NONE', *, *, #2613, .T. ) ;
#6668 = DIRECTION ( 'NONE',  ( 0.4720078388552952364, 0.8815943511951251921, 0.000000000000000000 ) ) ;
#6669 = ADVANCED_FACE ( 'NONE', ( #6095 ), #8941, .F. ) ;
#6670 = ORIENTED_EDGE ( 'NONE', *, *, #1798, .F. ) ;
#6671 = ADVANCED_FACE ( 'NONE', ( #305 ), #7600, .F. ) ;
#6672 = VERTEX_POINT ( 'NONE', #3996 ) ;
#6673 = CARTESIAN_POINT ( 'NONE',  ( 302.3586851272393119, 1029.249778693781082, -5.978531859339223153 ) ) ;
#6674 = CYLINDRICAL_SURFACE ( 'NONE', #8423, 0.5000000000000821565 ) ;
#6675 = PLANE ( 'NONE',  #561 ) ;
#6676 = ORIENTED_EDGE ( 'NONE', *, *, #19, .T. ) ;
#6677 = VERTEX_POINT ( 'NONE', #150 ) ;
#6678 = CARTESIAN_POINT ( 'NONE',  ( 278.9869764753135541, 1006.906831917181648, 210.7946508136983255 ) ) ;
#6679 = CYLINDRICAL_SURFACE ( 'NONE', #5927, 0.5000000000000004441 ) ;
#6680 = ORIENTED_EDGE ( 'NONE', *, *, #3719, .T. ) ;
#6681 = VERTEX_POINT ( 'NONE', #3943 ) ;
#6682 = CARTESIAN_POINT ( 'NONE',  ( 298.1598645132798993, 1046.793767534735252, -5.500000000000289546 ) ) ;
#6683 = EDGE_CURVE ( 'NONE', #2703, #4356, #7601, .T. ) ;
#6684 = CYLINDRICAL_SURFACE ( 'NONE', #9187, 0.5000000000000004441 ) ;
#6685 = ORIENTED_EDGE ( 'NONE', *, *, #1119, .F. ) ;
#6686 = CARTESIAN_POINT ( 'NONE',  ( 293.2180872129446811, 1004.804932188647854, 5.999999999999712230 ) ) ;
#6687 = ORIENTED_EDGE ( 'NONE', *, *, #8088, .T. ) ;
#6688 = CARTESIAN_POINT ( 'NONE',  ( 271.2639873867055940, 965.9869695474244509, -6.000000000000287770 ) ) ;
#6689 = LINE ( 'NONE', #6599, #5153 ) ;
#6690 = CIRCLE ( 'NONE', #2832, 0.4999999999999388822 ) ;
#6691 = ORIENTED_EDGE ( 'NONE', *, *, #9308, .F. ) ;
#6692 = DIRECTION ( 'NONE',  ( 0.9366590624179421676, -0.3502424885566308710, 0.000000000000000000 ) ) ;
#6693 = ORIENTED_EDGE ( 'NONE', *, *, #166, .T. ) ;
#6694 = AXIS2_PLACEMENT_3D ( 'NONE', #4049, #8992, #4617 ) ;
#6695 = ORIENTED_EDGE ( 'NONE', *, *, #4580, .F. ) ;
#6696 = CYLINDRICAL_SURFACE ( 'NONE', #9526, 0.5000000000000257572 ) ;
#6697 = LINE ( 'NONE', #1625, #7515 ) ;
#6698 = ORIENTED_EDGE ( 'NONE', *, *, #8374, .T. ) ;
#6699 = CARTESIAN_POINT ( 'NONE',  ( 287.2922005561222250, 1053.030371257027127, -5.500000000000289546 ) ) ;
#6700 = EDGE_CURVE ( 'NONE', #6154, #1605, #3270, .T. ) ;
#6701 = CIRCLE ( 'NONE', #5317, 0.5000000000000004441 ) ;
#6702 = EDGE_CURVE ( 'NONE', #4281, #1766, #3113, .T. ) ;
#6703 = CARTESIAN_POINT ( 'NONE',  ( 300.2769494994170714, 1023.682559966568419, 5.999999999999712230 ) ) ;
#6704 = CARTESIAN_POINT ( 'NONE',  ( 347.0085846824679834, 1140.092221637931743, 8.799999999999712941 ) ) ;
#6705 = CARTESIAN_POINT ( 'NONE',  ( 285.7424128782480466, 1045.218815572728090, 61.58012167084567778 ) ) ;
#6706 = EDGE_CURVE ( 'NONE', #2725, #5895, #7646, .T. ) ;
#6707 = DIRECTION ( 'NONE',  ( -0.8673302893362123678, 0.4977330300471954350, 0.000000000000000000 ) ) ;
#6708 = DIRECTION ( 'NONE',  ( -0.000000000000000000, -0.000000000000000000, -1.000000000000000000 ) ) ;
#6709 = VECTOR ( 'NONE', #7904, 1000.000000000000227 ) ;
#6710 = CARTESIAN_POINT ( 'NONE',  ( 291.9150499661629965, 1001.890382612934673, -6.000000000000235367 ) ) ;
#6711 = ORIENTED_EDGE ( 'NONE', *, *, #5288, .F. ) ;
#6712 = CARTESIAN_POINT ( 'NONE',  ( 296.6848158921147274, 1025.530173790869640, -5.500000000000289546 ) ) ;
#6713 = DIRECTION ( 'NONE',  ( -0.9833288001032886028, -0.1818363849382925723, 0.000000000000000000 ) ) ;
#6714 = VERTEX_POINT ( 'NONE', #1172 ) ;
#6715 = DIRECTION ( 'NONE',  ( -1.000000000000000000, 0.000000000000000000, 0.000000000000000000 ) ) ;
#6716 = EDGE_CURVE ( 'NONE', #3303, #3787, #4272, .T. ) ;
#6717 = FACE_OUTER_BOUND ( 'NONE', #3236, .T. ) ;
#6718 = VECTOR ( 'NONE', #2054, 1000.000000000000000 ) ;
#6719 = LINE ( 'NONE', #6633, #4414 ) ;
#6720 = ORIENTED_EDGE ( 'NONE', *, *, #219, .T. ) ;
#6721 = AXIS2_PLACEMENT_3D ( 'NONE', #1651, #6867, #6770 ) ;
#6722 = ORIENTED_EDGE ( 'NONE', *, *, #7465, .F. ) ;
#6723 = CARTESIAN_POINT ( 'NONE',  ( 335.8801660710954593, 1049.921215745440804, -6.000000000000287770 ) ) ;
#6724 = CARTESIAN_POINT ( 'NONE',  ( 345.1878035724723759, 1012.037830857242852, 5.499999999999711342 ) ) ;
#6725 = VERTEX_POINT ( 'NONE', #4841 ) ;
#6726 = VECTOR ( 'NONE', #7887, 999.9999999999998863 ) ;
#6727 = EDGE_LOOP ( 'NONE', ( #3764, #7937, #1897, #3366, #2738 ) ) ;
#6728 = AXIS2_PLACEMENT_3D ( 'NONE', #7486, #5414, #7540 ) ;
#6729 = DIRECTION ( 'NONE',  ( -1.000000000000000000, 0.000000000000000000, 0.000000000000000000 ) ) ;
#6730 = PLANE ( 'NONE',  #1194 ) ;
#6731 = AXIS2_PLACEMENT_3D ( 'NONE', #8498, #1844, #4072 ) ;
#6732 = DIRECTION ( 'NONE',  ( -0.9888139587632114313, -0.1491541315385737365, 0.000000000000000000 ) ) ;
#6733 = ORIENTED_EDGE ( 'NONE', *, *, #1325, .F. ) ;
#6734 = DIRECTION ( 'NONE',  ( -0.9888139587632130967, -0.1491541315385616906, 0.000000000000000000 ) ) ;
#6735 = EDGE_CURVE ( 'NONE', #1768, #209, #448, .T. ) ;
#6736 = AXIS2_PLACEMENT_3D ( 'NONE', #5116, #5072, #2269 ) ;
#6737 = VERTEX_POINT ( 'NONE', #4134 ) ;
#6738 = DIRECTION ( 'NONE',  ( 0.1736481776669271393, 0.9848077530122086864, -0.000000000000000000 ) ) ;
#6739 = DIRECTION ( 'NONE',  ( -0.9155739129317258529, 0.4021497357438999498, 0.000000000000000000 ) ) ;
#6740 = ADVANCED_FACE ( 'NONE', ( #1225 ), #9324, .T. ) ;
#6741 = EDGE_LOOP ( 'NONE', ( #2065, #8247, #308, #4547 ) ) ;
#6742 = AXIS2_PLACEMENT_3D ( 'NONE', #8843, #2293, #7360 ) ;
#6743 = VECTOR ( 'NONE', #4534, 1000.000000000000000 ) ;
#6744 = PLANE ( 'NONE',  #1166 ) ;
#6745 = ORIENTED_EDGE ( 'NONE', *, *, #8179, .F. ) ;
#6746 = ORIENTED_EDGE ( 'NONE', *, *, #7715, .T. ) ;
#6747 = DIRECTION ( 'NONE',  ( 0.4977330300471614066, 0.8673302893362317967, 0.000000000000000000 ) ) ;
#6748 = CARTESIAN_POINT ( 'NONE',  ( 279.5501109898323193, 982.5281748859821391, -9.000000000000287770 ) ) ;
#6749 = ORIENTED_EDGE ( 'NONE', *, *, #7263, .F. ) ;
#6750 = DIRECTION ( 'NONE',  ( 1.000000000000000000, 0.000000000000000000, 0.000000000000000000 ) ) ;
#6751 = CIRCLE ( 'NONE', #8603, 0.5000000000000004441 ) ;
#6752 = CARTESIAN_POINT ( 'NONE',  ( 277.6325693320683854, 1000.111717654317999, -5.500000000000289546 ) ) ;
#6753 = CARTESIAN_POINT ( 'NONE',  ( 623.2680010855161754, 214.1083492927691054, 61.58012167084567778 ) ) ;
#6754 = AXIS2_PLACEMENT_3D ( 'NONE', #1691, #4490, #4680 ) ;
#6755 = CIRCLE ( 'NONE', #2601, 0.5000000000000258682 ) ;
#6756 = LINE ( 'NONE', #1634, #5826 ) ;
#6757 = CARTESIAN_POINT ( 'NONE',  ( 296.1344922519369902, 1103.147939300681855, 5.999999999999712230 ) ) ;
#6758 = CARTESIAN_POINT ( 'NONE',  ( 298.0689535445209231, 1046.374916978690180, 5.999999999999712230 ) ) ;
#6759 = CARTESIAN_POINT ( 'NONE',  ( 336.6048510312743360, 1080.115111583732642, 5.499999999999711342 ) ) ;
#6760 = EDGE_CURVE ( 'NONE', #2351, #3856, #8884, .T. ) ;
#6761 = ORIENTED_EDGE ( 'NONE', *, *, #4060, .T. ) ;
#6762 = CARTESIAN_POINT ( 'NONE',  ( 272.7112994139250759, 957.4437044664329051, -13.25000000000028955 ) ) ;
#6763 = AXIS2_PLACEMENT_3D ( 'NONE', #9438, #9350, #654 ) ;
#6764 = AXIS2_PLACEMENT_3D ( 'NONE', #4422, #5048, #7367 ) ;
#6765 = VECTOR ( 'NONE', #9330, 1000.000000000000000 ) ;
#6766 = EDGE_CURVE ( 'NONE', #5196, #6263, #6262, .T. ) ;
#6767 = DIRECTION ( 'NONE',  ( -0.000000000000000000, 0.000000000000000000, 1.000000000000000000 ) ) ;
#6768 = ORIENTED_EDGE ( 'NONE', *, *, #6384, .F. ) ;
#6769 = DIRECTION ( 'NONE',  ( -0.9888139587632113203, -0.1491541315385737365, 0.000000000000000000 ) ) ;
#6770 = DIRECTION ( 'NONE',  ( -0.4943022244883290561, -0.8692901189280191065, 0.000000000000000000 ) ) ;
#6771 = VECTOR ( 'NONE', #1348, 1000.000000000000114 ) ;
#6772 = AXIS2_PLACEMENT_3D ( 'NONE', #6548, #4338, #2878 ) ;
#6773 = CARTESIAN_POINT ( 'NONE',  ( 287.3049690295603682, 1027.149241840084187, -6.000000000000287770 ) ) ;
#6774 = ORIENTED_EDGE ( 'NONE', *, *, #1279, .T. ) ;
#6775 = EDGE_LOOP ( 'NONE', ( #3808, #3520, #2218, #8795 ) ) ;
#6776 = CARTESIAN_POINT ( 'NONE',  ( 294.9668796985255312, 1049.097140537169480, -6.000000000000287770 ) ) ;
#6777 = EDGE_CURVE ( 'NONE', #9272, #747, #4082, .T. ) ;
#6778 = DIRECTION ( 'NONE',  ( 1.000000000000000000, 0.000000000000000000, 0.000000000000000000 ) ) ;
#6779 = VERTEX_POINT ( 'NONE', #4182 ) ;
#6780 = CIRCLE ( 'NONE', #6629, 0.4999999999999706346 ) ;
#6781 = ORIENTED_EDGE ( 'NONE', *, *, #679, .T. ) ;
#6782 = EDGE_CURVE ( 'NONE', #7636, #7234, #392, .T. ) ;
#6783 = CARTESIAN_POINT ( 'NONE',  ( 278.4507477377494524, 1003.865727626677995, 61.58012167084567778 ) ) ;
#6784 = CARTESIAN_POINT ( 'NONE',  ( 343.7430501352908436, 1131.359150616601937, 6.299999999999712941 ) ) ;
#6785 = DIRECTION ( 'NONE',  ( 1.000000000000000000, 0.000000000000000000, -0.000000000000000000 ) ) ;
#6786 = CARTESIAN_POINT ( 'NONE',  ( 309.0954944026592557, 1047.409091913420298, -6.000000000000287770 ) ) ;
#6787 = ORIENTED_EDGE ( 'NONE', *, *, #2907, .T. ) ;
#6788 = CARTESIAN_POINT ( 'NONE',  ( 339.5354375298346099, 1160.300838090886600, 6.299999999999712941 ) ) ;
#6789 = AXIS2_PLACEMENT_3D ( 'NONE', #3119, #3950, #3857 ) ;
#6790 = ORIENTED_EDGE ( 'NONE', *, *, #1775, .F. ) ;
#6791 = DIRECTION ( 'NONE',  ( 0.4021497357439735021, 0.9155739129316936564, 0.000000000000000000 ) ) ;
#6792 = CARTESIAN_POINT ( 'NONE',  ( 282.4734899650515558, 1029.559217726956831, 5.999999999999712230 ) ) ;
#6793 = ORIENTED_EDGE ( 'NONE', *, *, #3264, .F. ) ;
#6794 = EDGE_CURVE ( 'NONE', #3670, #9389, #7784, .T. ) ;
#6795 = DIRECTION ( 'NONE',  ( -0.8673302893362525579, 0.4977330300471251578, -0.000000000000000000 ) ) ;
#6796 = ORIENTED_EDGE ( 'NONE', *, *, #3890, .T. ) ;
#6797 = ORIENTED_EDGE ( 'NONE', *, *, #2299, .F. ) ;
#6798 = CARTESIAN_POINT ( 'NONE',  ( 298.9844294566352119, 1021.463183543108698, 5.499999999999711342 ) ) ;
#6799 = LINE ( 'NONE', #847, #5505 ) ;
#6800 = ORIENTED_EDGE ( 'NONE', *, *, #6368, .T. ) ;
#6801 = FACE_OUTER_BOUND ( 'NONE', #1529, .T. ) ;
#6802 = ADVANCED_FACE ( 'NONE', ( #3410 ), #3501, .F. ) ;
#6803 = DIRECTION ( 'NONE',  ( -0.000000000000000000, -0.000000000000000000, 1.000000000000000000 ) ) ;
#6804 = CARTESIAN_POINT ( 'NONE',  ( 308.5976791223790201, 1047.362402013875453, 210.7946508136983255 ) ) ;
#6805 = FACE_OUTER_BOUND ( 'NONE', #6187, .T. ) ;
#6806 = EDGE_CURVE ( 'NONE', #4336, #43, #1794, .T. ) ;
#6807 = PLANE ( 'NONE',  #7794 ) ;
#6808 = ORIENTED_EDGE ( 'NONE', *, *, #1454, .F. ) ;
#6809 = DIRECTION ( 'NONE',  ( 0.000000000000000000, 0.000000000000000000, 1.000000000000000000 ) ) ;
#6810 = CYLINDRICAL_SURFACE ( 'NONE', #3365, 0.5000000000000004441 ) ;
#6811 = DIRECTION ( 'NONE',  ( 0.4943022244885084127, 0.8692901189279171881, 0.000000000000000000 ) ) ;
#6812 = VERTEX_POINT ( 'NONE', #4800 ) ;
#6813 = DIRECTION ( 'NONE',  ( 0.000000000000000000, 0.000000000000000000, 1.000000000000000000 ) ) ;
#6814 = CYLINDRICAL_SURFACE ( 'NONE', #3970, 0.5000000000000004441 ) ;
#6815 = ORIENTED_EDGE ( 'NONE', *, *, #9116, .T. ) ;
#6816 = DIRECTION ( 'NONE',  ( 1.000000000000000000, 0.000000000000000000, 0.000000000000000000 ) ) ;
#6817 = CARTESIAN_POINT ( 'NONE',  ( 282.1282624564099137, 1003.261502969955245, -6.000000000000287770 ) ) ;
#6818 = CARTESIAN_POINT ( 'NONE',  ( 347.0085846824679834, 1140.092221637931743, 8.799999999999712941 ) ) ;
#6819 = ORIENTED_EDGE ( 'NONE', *, *, #8994, .T. ) ;
#6820 = VERTEX_POINT ( 'NONE', #8509 ) ;
#6821 = CARTESIAN_POINT ( 'NONE',  ( 336.6048510312743360, 1080.115111583732642, -5.500000000000287770 ) ) ;
#6822 = FACE_OUTER_BOUND ( 'NONE', #8495, .T. ) ;
#6823 = ORIENTED_EDGE ( 'NONE', *, *, #8366, .T. ) ;
#6824 = EDGE_LOOP ( 'NONE', ( #5381, #889, #3172, #6901 ) ) ;
#6825 = DIRECTION ( 'NONE',  ( -1.000000000000000000, 0.000000000000000000, 0.000000000000000000 ) ) ;
#6826 = ADVANCED_FACE ( 'NONE', ( #6339 ), #2773, .F. ) ;
#6827 = DIRECTION ( 'NONE',  ( -0.000000000000000000, -0.000000000000000000, -1.000000000000000000 ) ) ;
#6828 = ADVANCED_FACE ( 'NONE', ( #5713 ), #4989, .F. ) ;
#6829 = PLANE ( 'NONE',  #5028 ) ;
#6830 = EDGE_CURVE ( 'NONE', #316, #8979, #2631, .T. ) ;
#6831 = CARTESIAN_POINT ( 'NONE',  ( 336.6048510312743360, 1080.115111583732642, -5.500000000000287770 ) ) ;
#6832 = ORIENTED_EDGE ( 'NONE', *, *, #2613, .F. ) ;
#6833 = CARTESIAN_POINT ( 'NONE',  ( 299.8143838466119178, 1074.436046179389450, -5.500000000000287770 ) ) ;
#6834 = VERTEX_POINT ( 'NONE', #9280 ) ;
#6835 = DIRECTION ( 'NONE',  ( -1.000000000000000000, 0.000000000000000000, 0.000000000000000000 ) ) ;
#6836 = CYLINDRICAL_SURFACE ( 'NONE', #8545, 0.5000000000000535127 ) ;
#6837 = VERTEX_POINT ( 'NONE', #5567 ) ;
#6838 = ADVANCED_FACE ( 'NONE', ( #1895 ), #1947, .F. ) ;
#6839 = CARTESIAN_POINT ( 'NONE',  ( 277.0501109898323193, 982.5281748859821391, 8.999999999999712230 ) ) ;
#6840 = ORIENTED_EDGE ( 'NONE', *, *, #3170, .T. ) ;
#6841 = EDGE_CURVE ( 'NONE', #1648, #6524, #5611, .T. ) ;
#6842 = ORIENTED_EDGE ( 'NONE', *, *, #5649, .F. ) ;
#6843 = FACE_OUTER_BOUND ( 'NONE', #7427, .T. ) ;
#6844 = FACE_OUTER_BOUND ( 'NONE', #3051, .T. ) ;
#6845 = ORIENTED_EDGE ( 'NONE', *, *, #2818, .F. ) ;
#6846 = CARTESIAN_POINT ( 'NONE',  ( 309.7490329151448236, 1126.760010189676677, -6.000000000000287770 ) ) ;
#6847 = EDGE_CURVE ( 'NONE', #5873, #3356, #72, .T. ) ;
#6848 = ORIENTED_EDGE ( 'NONE', *, *, #7870, .T. ) ;
#6849 = CARTESIAN_POINT ( 'NONE',  ( 298.6252817781180511, 1048.938066323205476, 5.999999999999714007 ) ) ;
#6850 = CIRCLE ( 'NONE', #2688, 0.5000000000000004441 ) ;
#6851 =( BOUNDED_CURVE ( )  B_SPLINE_CURVE ( 3, ( #4632, #9056, #7386, #1632 ),
 .UNSPECIFIED., .F., .F. ) 
 B_SPLINE_CURVE_WITH_KNOTS ( ( 4, 4 ),
 ( 1.570796326794833053, 3.141592653589450723 ),
 .UNSPECIFIED. ) 
 CURVE ( )  GEOMETRIC_REPRESENTATION_ITEM ( )  RATIONAL_B_SPLINE_CURVE ( ( 1.000000000000000000, 0.8047378541244306627, 0.8047378541244306627, 1.000000000000000000 ) ) 
 REPRESENTATION_ITEM ( '' )  );
#6852 = DIRECTION ( 'NONE',  ( 1.000000000000000000, 0.000000000000000000, 0.000000000000000000 ) ) ;
#6853 = DIRECTION ( 'NONE',  ( 0.000000000000000000, 1.000000000000000000, 0.000000000000000000 ) ) ;
#6854 = ORIENTED_EDGE ( 'NONE', *, *, #4014, .T. ) ;
#6855 = LINE ( 'NONE', #7724, #1688 ) ;
#6856 = DIRECTION ( 'NONE',  ( -0.4021497357439621223, -0.9155739129316985414, 0.000000000000000000 ) ) ;
#6857 = LINE ( 'NONE', #5452, #3858 ) ;
#6858 = EDGE_CURVE ( 'NONE', #1149, #2685, #3640, .T. ) ;
#6859 = ORIENTED_EDGE ( 'NONE', *, *, #139, .F. ) ;
#6861 = CARTESIAN_POINT ( 'NONE',  ( 282.0501109898323193, 982.5281748859821391, 5.999999999999712230 ) ) ;
#6860 = VECTOR ( 'NONE', #9395, 1000.000000000000114 ) ;
#6862 = EDGE_CURVE ( 'NONE', #7945, #4631, #8167, .T. ) ;
#6863 = CARTESIAN_POINT ( 'NONE',  ( 316.4702535872659155, 1068.416153223458423, 61.58012167084567778 ) ) ;
#6864 = VERTEX_POINT ( 'NONE', #1413 ) ;
#6865 = CYLINDRICAL_SURFACE ( 'NONE', #3997, 0.5000000000000257572 ) ;
#6866 = VECTOR ( 'NONE', #2433, 1000.000000000000000 ) ;
#6867 = DIRECTION ( 'NONE',  ( -0.8692901189279650387, 0.4943022244884240357, 0.000000000000000000 ) ) ;
#6868 = FACE_OUTER_BOUND ( 'NONE', #4433, .T. ) ;
#6869 = ORIENTED_EDGE ( 'NONE', *, *, #540, .F. ) ;
#6870 =( BOUNDED_CURVE ( )  B_SPLINE_CURVE ( 3, ( #839, #7319, #3758, #5100 ),
 .UNSPECIFIED., .F., .F. ) 
 B_SPLINE_CURVE_WITH_KNOTS ( ( 4, 4 ),
 ( 3.300794628280887544, 3.658624606081343433 ),
 .UNSPECIFIED. ) 
 CURVE ( )  GEOMETRIC_REPRESENTATION_ITEM ( )  RATIONAL_B_SPLINE_CURVE ( ( 1.000000000000000000, 0.9893582418065833828, 0.9893582418065833828, 1.000000000000000000 ) ) 
 REPRESENTATION_ITEM ( '' )  );
#6871 = ORIENTED_EDGE ( 'NONE', *, *, #6841, .T. ) ;
#6872 = CARTESIAN_POINT ( 'NONE',  ( 316.7601208771329198, 1067.914392930198346, -6.000000000000319744 ) ) ;
#6873 = DIRECTION ( 'NONE',  ( -0.000000000000000000, -0.000000000000000000, 1.000000000000000000 ) ) ;
#6874 = AXIS2_PLACEMENT_3D ( 'NONE', #6999, #368, #6852 ) ;
#6875 = ORIENTED_EDGE ( 'NONE', *, *, #2772, .F. ) ;
#6876 = ORIENTED_EDGE ( 'NONE', *, *, #7051, .F. ) ;
#6877 = DIRECTION ( 'NONE',  ( 0.000000000000000000, 0.000000000000000000, 1.000000000000000000 ) ) ;
#6878 = DIRECTION ( 'NONE',  ( -0.000000000000000000, -0.000000000000000000, -1.000000000000000000 ) ) ;
#6879 = CIRCLE ( 'NONE', #8095, 0.4999999999999438227 ) ;
#6880 = FACE_OUTER_BOUND ( 'NONE', #2828, .T. ) ;
#6881 = VECTOR ( 'NONE', #2497, 1000.000000000000114 ) ;
#6882 = ORIENTED_EDGE ( 'NONE', *, *, #2168, .T. ) ;
#6883 = DIRECTION ( 'NONE',  ( 1.000000000000000000, 0.000000000000000000, 0.000000000000000000 ) ) ;
#6884 = VERTEX_POINT ( 'NONE', #5893 ) ;
#6885 = DIRECTION ( 'NONE',  ( -0.9155739129317344016, 0.4021497357438803544, 8.901342256059855093E-13 ) ) ;
#6886 = ADVANCED_FACE ( 'NONE', ( #8113 ), #8834, .F. ) ;
#6887 = DIRECTION ( 'NONE',  ( 1.000000000000000000, 0.000000000000000000, 0.000000000000000000 ) ) ;
#6888 = VECTOR ( 'NONE', #8169, 1000.000000000000000 ) ;
#6889 = AXIS2_PLACEMENT_3D ( 'NONE', #5279, #6877, #8219 ) ;
#6890 = VECTOR ( 'NONE', #5471, 1000.000000000000000 ) ;
#6891 = ORIENTED_EDGE ( 'NONE', *, *, #814, .F. ) ;
#6892 = DIRECTION ( 'NONE',  ( -0.9882948916112388460, -0.1525555872956789183, 0.000000000000000000 ) ) ;
#6893 = ORIENTED_EDGE ( 'NONE', *, *, #2378, .T. ) ;
#6894 = AXIS2_PLACEMENT_3D ( 'NONE', #9111, #6910, #4586 ) ;
#6895 = APPROVAL_PERSON_ORGANIZATION ( #2984, #3904, #1397 ) ;
#6896 = ORIENTED_EDGE ( 'NONE', *, *, #7556, .F. ) ;
#6897 = DIRECTION ( 'NONE',  ( -0.1818363849383054509, 0.9833288001032861603, 0.000000000000000000 ) ) ;
#6898 = ORIENTED_EDGE ( 'NONE', *, *, #9071, .T. ) ;
#6899 = DIRECTION ( 'NONE',  ( 1.000000000000000000, -4.440892098500622123E-13, 0.000000000000000000 ) ) ;
#6900 = AXIS2_PLACEMENT_3D ( 'NONE', #1924, #4871, #3438 ) ;
#6901 = ORIENTED_EDGE ( 'NONE', *, *, #5777, .F. ) ;
#6902 = PRODUCT_RELATED_PRODUCT_CATEGORY ( 'detail', '', ( #1385 ) ) ;
#6903 = CARTESIAN_POINT ( 'NONE',  ( -94.91769211852766830, 1012.027825425402511, 61.58012167084567778 ) ) ;
#6904 = EDGE_CURVE ( 'NONE', #7210, #5283, #3696, .T. ) ;
#6905 = CARTESIAN_POINT ( 'NONE',  ( 290.7208915543997136, 1072.526430867981389, 5.999999999999699796 ) ) ;
#6906 = CYLINDRICAL_SURFACE ( 'NONE', #892, 6.000000000000005329 ) ;
#6907 = CARTESIAN_POINT ( 'NONE',  ( 308.7863256618659875, 1072.785445573195602, -5.500000000000287770 ) ) ;
#6908 = CIRCLE ( 'NONE', #4737, 0.5000000000000258682 ) ;
#6909 = CIRCLE ( 'NONE', #3678, 0.5000000000000004441 ) ;
#6910 = DIRECTION ( 'NONE',  ( -0.9956305605605114684, -0.09337979908932003692, 0.000000000000000000 ) ) ;
#6911 = CYLINDRICAL_SURFACE ( 'NONE', #7857, 0.4999999999999621969 ) ;
#6912 =( BOUNDED_CURVE ( )  B_SPLINE_CURVE ( 3, ( #4166, #6507, #9403, #2066 ),
 .UNSPECIFIED., .F., .F. ) 
 B_SPLINE_CURVE_WITH_KNOTS ( ( 4, 4 ),
 ( 4.712388980384675463, 5.775642549324487618 ),
 .UNSPECIFIED. ) 
 CURVE ( )  GEOMETRIC_REPRESENTATION_ITEM ( )  RATIONAL_B_SPLINE_CURVE ( ( 1.000000000000000000, 0.9079890236073231424, 0.9079890236073231424, 1.000000000000000000 ) ) 
 REPRESENTATION_ITEM ( '' )  );
#6913 = VECTOR ( 'NONE', #2276, 1000.000000000000000 ) ;
#6914 = DIRECTION ( 'NONE',  ( 0.000000000000000000, 0.000000000000000000, -1.000000000000000000 ) ) ;
#6915 = ORIENTED_EDGE ( 'NONE', *, *, #1594, .F. ) ;
#6916 = EDGE_CURVE ( 'NONE', #5190, #8534, #2722, .T. ) ;
#6917 = LINE ( 'NONE', #1552, #8441 ) ;
#6918 = CARTESIAN_POINT ( 'NONE',  ( 292.1741231122942963, 1027.378055811138211, 5.499999999999713118 ) ) ;
#6919 = CARTESIAN_POINT ( 'NONE',  ( 278.3836572152011968, 1004.441301513691087, -5.792893218813850886 ) ) ;
#6920 = ORIENTED_EDGE ( 'NONE', *, *, #4660, .T. ) ;
#6921 = CIRCLE ( 'NONE', #2753, 0.4999999999999480416 ) ;
#6922 = VECTOR ( 'NONE', #3163, 1000.000000000000000 ) ;
#6923 = ORIENTED_EDGE ( 'NONE', *, *, #219, .F. ) ;
#6924 = CYLINDRICAL_SURFACE ( 'NONE', #753, 0.5000000000000004441 ) ;
#6925 = DIRECTION ( 'NONE',  ( -5.112897899148092047E-15, 2.737458429031030318E-15, 1.000000000000000000 ) ) ;
#6926 = VERTEX_POINT ( 'NONE', #2085 ) ;
#6927 = ORIENTED_EDGE ( 'NONE', *, *, #7556, .T. ) ;
#6928 = AXIS2_PLACEMENT_3D ( 'NONE', #5886, #5308, #6811 ) ;
#6929 = DIRECTION ( 'NONE',  ( 0.3502424885566279289, 0.9366590624179432778, 0.000000000000000000 ) ) ;
#6930 = DIRECTION ( 'NONE',  ( -0.3468439120604485670, 0.9379228649876300006, -0.000000000000000000 ) ) ;
#6931 = AXIS2_PLACEMENT_3D ( 'NONE', #7117, #532, #7691 ) ;
#6932 = EDGE_CURVE ( 'NONE', #8119, #6260, #6578, .T. ) ;
#6933 = CARTESIAN_POINT ( 'NONE',  ( 368.0656709890653815, 1095.727461864244560, -6.300000000000284928 ) ) ;
#6934 =( BOUNDED_CURVE ( )  B_SPLINE_CURVE ( 3, ( #79, #3048, #8926, #5985 ),
 .UNSPECIFIED., .F., .F. ) 
 B_SPLINE_CURVE_WITH_KNOTS ( ( 4, 4 ),
 ( 1.074679387010116338, 1.570796326794896558 ),
 .UNSPECIFIED. ) 
 CURVE ( )  GEOMETRIC_REPRESENTATION_ITEM ( )  RATIONAL_B_SPLINE_CURVE ( ( 1.000000000000000000, 0.9795939583122781347, 0.9795939583122781347, 1.000000000000000000 ) ) 
 REPRESENTATION_ITEM ( '' )  );
#6935 = CARTESIAN_POINT ( 'NONE',  ( 491.6618520660175591, 918.3032055795696351, 5.499999999999713118 ) ) ;
#6936 = ORIENTED_EDGE ( 'NONE', *, *, #4043, .T. ) ;
#6937 = LINE ( 'NONE', #7563, #3065 ) ;
#6938 = ORIENTED_EDGE ( 'NONE', *, *, #211, .F. ) ;
#6939 = CARTESIAN_POINT ( 'NONE',  ( 309.2761569648633895, 1126.597565320119656, 61.58012167084567778 ) ) ;
#6940 = VECTOR ( 'NONE', #9533, 1000.000000000000000 ) ;
#6942 = AXIS2_PLACEMENT_3D ( 'NONE', #739, #5720, #1421 ) ;
#6941 = DIRECTION ( 'NONE',  ( 0.8692901189279573781, -0.4943022244884375249, 0.000000000000000000 ) ) ;
#6943 = VERTEX_POINT ( 'NONE', #2138 ) ;
#6944 = CLOSED_SHELL ( 'NONE', ( #9214, #3046, #815, #6740, #3852, #6575, #3200, #9165, #3926, #3780, #7727, #4824, #9114, #1550, #3959, #6372 ) ) ;
#6945 = DIRECTION ( 'NONE',  ( -0.1378466330839183684, 0.9904535858622692812, 0.000000000000000000 ) ) ;
#6946 = VECTOR ( 'NONE', #890, 1000.000000000000000 ) ;
#6947 = ADVANCED_FACE ( 'NONE', ( #1553 ), #776, .F. ) ;
#6948 = ORIENTED_EDGE ( 'NONE', *, *, #7808, .F. ) ;
#6949 = ORIENTED_EDGE ( 'NONE', *, *, #1990, .F. ) ;
#6950 = DIRECTION ( 'NONE',  ( 0.000000000000000000, 1.000000000000000000, -0.000000000000000000 ) ) ;
#6951 = CARTESIAN_POINT ( 'NONE',  ( 299.8086199682080633, 1023.857681210846636, 5.999999999999714007 ) ) ;
#6952 = ORIENTED_EDGE ( 'NONE', *, *, #7134, .F. ) ;
#6953 = DIRECTION ( 'NONE',  ( -0.8692901189279664820, 0.4943022244884216487, 0.000000000000000000 ) ) ;
#6954 = ORIENTED_EDGE ( 'NONE', *, *, #7619, .T. ) ;
#6955 = DIRECTION ( 'NONE',  ( -0.8815943511951235267, 0.4720078388552984006, 0.000000000000000000 ) ) ;
#6956 = CYLINDRICAL_SURFACE ( 'NONE', #6874, 0.5000000000000004441 ) ;
#6957 = FACE_OUTER_BOUND ( 'NONE', #5265, .T. ) ;
#6958 = ADVANCED_FACE ( 'NONE', ( #9460 ), #6674, .F. ) ;
#6959 = CARTESIAN_POINT ( 'NONE',  ( 320.4459283793966620, 1077.620781241496843, 5.999999999999712230 ) ) ;
#6960 = EDGE_CURVE ( 'NONE', #251, #6379, #8876, .T. ) ;
#6961 = CARTESIAN_POINT ( 'NONE',  ( -154.6335921669124787, 1001.756749255186833, 61.58012167084567778 ) ) ;
#6962 = CARTESIAN_POINT ( 'NONE',  ( 280.3802583216506719, 1003.018224043983537, 61.58012167084567778 ) ) ;
#6963 = ADVANCED_FACE ( 'NONE', ( #5034 ), #7260, .T. ) ;
#6964 = PERSON ( '未', '未', '未', ('未'), ('未'), ('未') ) ;
#6965 = LINE ( 'NONE', #332, #8874 ) ;
#6966 = ORIENTED_EDGE ( 'NONE', *, *, #3324, .F. ) ;
#6967 = EDGE_CURVE ( 'NONE', #4421, #9148, #2303, .T. ) ;
#6968 = DIRECTION ( 'NONE',  ( -0.3502424885566300938, -0.9366590624179422786, -0.000000000000000000 ) ) ;
#6969 = DIRECTION ( 'NONE',  ( -1.000000000000000000, 0.000000000000000000, 0.000000000000000000 ) ) ;
#6970 = DIRECTION ( 'NONE',  ( -0.3502424885566279289, -0.9366590624179432778, 0.000000000000000000 ) ) ;
#6971 = ADVANCED_FACE ( 'NONE', ( #7350 ), #2184, .F. ) ;
#6972 = ORIENTED_EDGE ( 'NONE', *, *, #8059, .T. ) ;
#6973 = EDGE_LOOP ( 'NONE', ( #4373, #8952, #5665, #9530 ) ) ;
#6974 = CYLINDRICAL_SURFACE ( 'NONE', #1598, 2.500000000000002220 ) ;
#6975 = EDGE_CURVE ( 'NONE', #2366, #3277, #8020, .T. ) ;
#6976 = EDGE_CURVE ( 'NONE', #7131, #1678, #82, .T. ) ;
#6977 = ORIENTED_EDGE ( 'NONE', *, *, #7396, .T. ) ;
#6978 = ORIENTED_EDGE ( 'NONE', *, *, #799, .T. ) ;
#6979 = DIRECTION ( 'NONE',  ( 0.000000000000000000, 0.000000000000000000, 1.000000000000000000 ) ) ;
#6980 = DIRECTION ( 'NONE',  ( 0.000000000000000000, 0.000000000000000000, -1.000000000000000000 ) ) ;
#6981 = CARTESIAN_POINT ( 'NONE',  ( 310.2336641944685880, 1050.309960569685245, 5.949930407077360428 ) ) ;
#6982 = DIRECTION ( 'NONE',  ( 0.000000000000000000, 0.000000000000000000, -1.000000000000000000 ) ) ;
#6983 = ORIENTED_EDGE ( 'NONE', *, *, #2000, .T. ) ;
#6984 = DIRECTION ( 'NONE',  ( -0.8815943511950998790, 0.4720078388553425319, 0.000000000000000000 ) ) ;
#6985 = EDGE_LOOP ( 'NONE', ( #8108, #8131, #8769, #4381, #2524, #8266 ) ) ;
#6986 = FACE_OUTER_BOUND ( 'NONE', #7663, .T. ) ;
#6987 = LINE ( 'NONE', #9186, #5461 ) ;
#6988 = CARTESIAN_POINT ( 'NONE',  ( 338.7165415596875846, 1117.916678719309175, 8.299999999999714717 ) ) ;
#6989 = ORIENTED_EDGE ( 'NONE', *, *, #2704, .F. ) ;
#6990 = EDGE_CURVE ( 'NONE', #7713, #5608, #871, .T. ) ;
#6991 = PLANE ( 'NONE',  #1626 ) ;
#6992 = VERTEX_POINT ( 'NONE', #3203 ) ;
#6993 = CARTESIAN_POINT ( 'NONE',  ( 315.9060685536227311, 1065.510227519351474, 5.964282792388353904 ) ) ;
#6994 = CARTESIAN_POINT ( 'NONE',  ( 293.3979569278980648, 1048.949991886945782, -5.500000000000287770 ) ) ;
#6995 = ORIENTED_EDGE ( 'NONE', *, *, #4136, .F. ) ;
#6996 = CARTESIAN_POINT ( 'NONE',  ( 337.3835438837261904, 1114.351821815406538, -8.300000000000290257 ) ) ;
#6997 = VERTEX_POINT ( 'NONE', #1743 ) ;
#6998 = CARTESIAN_POINT ( 'NONE',  ( 327.5413952400728590, 1138.830542578913537, 5.999999999999712230 ) ) ;
#6999 = CARTESIAN_POINT ( 'NONE',  ( 311.6239521552147949, 1128.997050877035235, 210.7946508136983255 ) ) ;
#7000 = DIRECTION ( 'NONE',  ( 0.9744559494616373829, -0.2245787224089114686, 0.000000000000000000 ) ) ;
#7001 = BREP_WITH_VOIDS ( 'NONE', #1539, ( #1713, #5126, #3128, #1414, #2421, #2014, #2540, #6430, #3004, #7959, #4968, #698, #8548 ) );
#7002 = ORIENTED_EDGE ( 'NONE', *, *, #6083, .F. ) ;
#7003 = LINE ( 'NONE', #8344, #8312 ) ;
#7004 = CARTESIAN_POINT ( 'NONE',  ( 301.1264495614029215, 1025.954391504948489, 210.7946508136983255 ) ) ;
#7005 = EDGE_CURVE ( 'NONE', #5608, #147, #181, .T. ) ;
#7006 = EDGE_CURVE ( 'NONE', #5443, #4322, #969, .T. ) ;
#7007 = AXIS2_PLACEMENT_3D ( 'NONE', #5767, #467, #3428 ) ;
#7008 = EDGE_CURVE ( 'NONE', #3414, #6092, #5318, .T. ) ;
#7009 = CARTESIAN_POINT ( 'NONE',  ( 309.0681440927318135, 1047.700705353051717, -6.000000000000195399 ) ) ;
#7010 = ORIENTED_EDGE ( 'NONE', *, *, #6916, .T. ) ;
#7011 = LINE ( 'NONE', #526, #4005 ) ;
#7012 = CARTESIAN_POINT ( 'NONE',  ( 304.0129644355745882, 1072.048618001351770, -5.500000000000287770 ) ) ;
#7013 = PLANE ( 'NONE',  #4119 ) ;
#7014 = VECTOR ( 'NONE', #7846, 1000.000000000000000 ) ;
#7015 = ORIENTED_EDGE ( 'NONE', *, *, #5120, .T. ) ;
#7016 = EDGE_LOOP ( 'NONE', ( #8813, #8490, #5415, #7690, #4796, #3358 ) ) ;
#7017 = FACE_OUTER_BOUND ( 'NONE', #9256, .T. ) ;
#7018 = ORIENTED_EDGE ( 'NONE', *, *, #4924, .T. ) ;
#7019 = ORIENTED_EDGE ( 'NONE', *, *, #2156, .F. ) ;
#7020 = CIRCLE ( 'NONE', #7169, 0.5000000000000004441 ) ;
#7021 = DIRECTION ( 'NONE',  ( 1.000000000000000000, 0.000000000000000000, -0.000000000000000000 ) ) ;
#7022 = CARTESIAN_POINT ( 'NONE',  ( 285.8179776046322900, 1001.175907056925098, 61.58012167084567778 ) ) ;
#7023 = DIRECTION ( 'NONE',  ( -0.9882948916112388460, -0.1525555872956790016, 0.000000000000000000 ) ) ;
#7024 = PLANE ( 'NONE',  #3184 ) ;
#7025 = ORIENTED_EDGE ( 'NONE', *, *, #2463, .T. ) ;
#7026 = DIRECTION ( 'NONE',  ( -0.9956305605605064724, -0.09337979908937311946, 0.000000000000000000 ) ) ;
#7027 = VECTOR ( 'NONE', #2507, 1000.000000000000114 ) ;
#7028 = EDGE_LOOP ( 'NONE', ( #9346, #441, #7875, #9047, #5050, #5509, #6327, #2356 ) ) ;
#7029 = DIRECTION ( 'NONE',  ( -0.09337979908894861181, 0.9956305605605463294, -3.469446951952960223E-15 ) ) ;
#7030 = DIRECTION ( 'NONE',  ( 0.09337979908916869964, -0.9956305605605255682, 0.000000000000000000 ) ) ;
#7031 = LINE ( 'NONE', #6347, #735 ) ;
#7032 = AXIS2_PLACEMENT_3D ( 'NONE', #1817, #7478, #4094 ) ;
#7033 = EDGE_CURVE ( 'NONE', #505, #6198, #5991, .T. ) ;
#7034 = ORIENTED_EDGE ( 'NONE', *, *, #1432, .T. ) ;
#7035 = DIRECTION ( 'NONE',  ( -0.9882948916112359594, -0.1525555872956985137, 0.000000000000000000 ) ) ;
#7036 = EDGE_CURVE ( 'NONE', #2703, #6943, #7633, .T. ) ;
#7037 = VERTEX_POINT ( 'NONE', #8931 ) ;
#7038 = PLANE ( 'NONE',  #584 ) ;
#7040 = CIRCLE ( 'NONE', #5338, 0.5000000000000004441 ) ;
#7039 = CARTESIAN_POINT ( 'NONE',  ( 320.3779037142266475, 1077.438861796594438, 5.978239748473034076 ) ) ;
#7041 = ORIENTED_EDGE ( 'NONE', *, *, #717, .F. ) ;
#7042 = CARTESIAN_POINT ( 'NONE',  ( 320.2827979233622955, 1077.184518866161397, -5.845445746072983617 ) ) ;
#7043 = FACE_OUTER_BOUND ( 'NONE', #3344, .T. ) ;
#7044 = AXIS2_PLACEMENT_3D ( 'NONE', #7924, #1855, #7162 ) ;
#7045 = ORIENTED_EDGE ( 'NONE', *, *, #4665, .T. ) ;
#7046 = CIRCLE ( 'NONE', #7956, 0.5000000000000004441 ) ;
#7047 = CARTESIAN_POINT ( 'NONE',  ( -131.2015324121879303, 942.7073069611410574, 5.499999999999713118 ) ) ;
#7048 = VECTOR ( 'NONE', #6713, 999.9999999999998863 ) ;
#7049 = LINE ( 'NONE', #2554, #4713 ) ;
#7050 = DIRECTION ( 'NONE',  ( 1.000000000000000000, 0.000000000000000000, 0.000000000000000000 ) ) ;
#7051 = EDGE_CURVE ( 'NONE', #6725, #5753, #3835, .T. ) ;
#7052 = VECTOR ( 'NONE', #4211, 1000.000000000000000 ) ;
#7053 = ORIENTED_EDGE ( 'NONE', *, *, #1629, .F. ) ;
#7054 = CARTESIAN_POINT ( 'NONE',  ( 290.3746815250780173, 998.6283494599614414, 210.7946508136983255 ) ) ;
#7055 = CARTESIAN_POINT ( 'NONE',  ( 291.7881188453527557, 1082.385103152295869, -6.000000000000288658 ) ) ;
#7056 = CYLINDRICAL_SURFACE ( 'NONE', #3393, 0.5000000000000004441 ) ;
#7057 = AXIS2_PLACEMENT_3D ( 'NONE', #667, #3583, #5786 ) ;
#7058 = DIRECTION ( 'NONE',  ( 0.000000000000000000, 0.000000000000000000, 1.000000000000000000 ) ) ;
#7059 = ORIENTED_EDGE ( 'NONE', *, *, #6469, .F. ) ;
#7060 = VECTOR ( 'NONE', #6192, 1000.000000000000000 ) ;
#7061 = DIRECTION ( 'NONE',  ( -0.9888139587632100991, -0.1491541315385826738, -0.000000000000000000 ) ) ;
#7062 = VECTOR ( 'NONE', #3775, 1000.000000000000000 ) ;
#7063 = CARTESIAN_POINT ( 'NONE',  ( 280.8802583216506719, 1003.018224043983537, -5.500000000000287770 ) ) ;
#7064 = EDGE_CURVE ( 'NONE', #3058, #9272, #1949, .T. ) ;
#7065 = LINE ( 'NONE', #578, #6576 ) ;
#7066 = ORIENTED_EDGE ( 'NONE', *, *, #4148, .T. ) ;
#7067 = ORIENTED_EDGE ( 'NONE', *, *, #5164, .T. ) ;
#7068 = DIRECTION ( 'NONE',  ( 0.4021497357438804099, 0.9155739129317345126, 0.000000000000000000 ) ) ;
#7069 = CIRCLE ( 'NONE', #2442, 0.5000000000000004441 ) ;
#7070 = EDGE_CURVE ( 'NONE', #6926, #8024, #6424, .T. ) ;
#7071 = VERTEX_POINT ( 'NONE', #8255 ) ;
#7072 = ORIENTED_EDGE ( 'NONE', *, *, #4677, .T. ) ;
#7073 = DIRECTION ( 'NONE',  ( -0.9155739129316806668, 0.4021497357440028120, 0.000000000000000000 ) ) ;
#7074 = DIRECTION ( 'NONE',  ( 1.000000000000000000, 0.000000000000000000, -0.000000000000000000 ) ) ;
#7075 = CARTESIAN_POINT ( 'NONE',  ( 281.7746236047182151, 1059.079139943007476, 5.999999999999712230 ) ) ;
#7076 = VECTOR ( 'NONE', #7248, 1000.000000000000000 ) ;
#7077 = AXIS2_PLACEMENT_3D ( 'NONE', #424, #9261, #2796 ) ;
#7078 = DIRECTION ( 'NONE',  ( -0.000000000000000000, -0.000000000000000000, 1.000000000000000000 ) ) ;
#7079 = VERTEX_POINT ( 'NONE', #1790 ) ;
#7080 = DIRECTION ( 'NONE',  ( -1.000000000000000000, 0.000000000000000000, 0.000000000000000000 ) ) ;
#7081 = ADVANCED_FACE ( 'NONE', ( #5418 ), #9073, .F. ) ;
#7082 = ORIENTED_EDGE ( 'NONE', *, *, #8445, .F. ) ;
#7083 = CARTESIAN_POINT ( 'NONE',  ( 291.4941511938676513, 1000.867169875846798, -5.792893218813869538 ) ) ;
#7084 = CARTESIAN_POINT ( 'NONE',  ( 341.7912167416586158, 1119.102250538167482, 6.299999999999712941 ) ) ;
#7085 = ADVANCED_FACE ( 'NONE', ( #138 ), #924, .F. ) ;
#7086 = CARTESIAN_POINT ( 'NONE',  ( 344.7912167416586158, 1119.102250538167482, -13.25000000000028955 ) ) ;
#7087 = AXIS2_PLACEMENT_3D ( 'NONE', #4475, #2154, #7274 ) ;
#7088 = ORIENTED_EDGE ( 'NONE', *, *, #6534, .F. ) ;
#7089 = DIRECTION ( 'NONE',  ( 0.000000000000000000, 0.000000000000000000, 1.000000000000000000 ) ) ;
#7090 = ORIENTED_EDGE ( 'NONE', *, *, #67, .T. ) ;
#7091 = CARTESIAN_POINT ( 'NONE',  ( 317.2196533914529937, 1105.013082960928614, 5.999999999999714007 ) ) ;
#7092 = CIRCLE ( 'NONE', #3860, 0.5000000000000004441 ) ;
#7093 = CARTESIAN_POINT ( 'NONE',  ( 316.3488848050657793, 1138.830542578913537, -8.800000000000286704 ) ) ;
#7094 = ORIENTED_EDGE ( 'NONE', *, *, #7005, .F. ) ;
#7095 = DIRECTION ( 'NONE',  ( -0.8815943511951107592, 0.4720078388553221038, 0.000000000000000000 ) ) ;
#7096 = ADVANCED_FACE ( 'NONE', ( #6717 ), #88, .F. ) ;
#7097 = FACE_OUTER_BOUND ( 'NONE', #2289, .T. ) ;
#7098 = EDGE_CURVE ( 'NONE', #4887, #9389, #8726, .T. ) ;
#7099 = CLOSED_SHELL ( 'NONE', ( #4779, #4257, #9258, #6045, #3496, #4227, #6170, #7608, #6669, #2436, #8238, #2522, #6886, #2189, #661, #3295, #8284, #4828, #993, #8507, #4144, #7353, #5417, #5144, #5351, #1282, #6088, #2673 ) ) ;
#7100 = VERTEX_POINT ( 'NONE', #7543 ) ;
#7101 = CIRCLE ( 'NONE', #3401, 0.5000000000000004441 ) ;
#7102 = CARTESIAN_POINT ( 'NONE',  ( 323.9675768163803582, 1142.327372839946520, 5.999999999999712230 ) ) ;
#7103 = CARTESIAN_POINT ( 'NONE',  ( 328.7864743326773578, 1162.178293110218874, 8.799999999999712941 ) ) ;
#7104 = DIRECTION ( 'NONE',  ( 0.9366590624179427227, -0.3502424885566290946, 0.000000000000000000 ) ) ;
#7105 = ORIENTED_EDGE ( 'NONE', *, *, #5955, .F. ) ;
#7106 = LINE ( 'NONE', #4204, #1186 ) ;
#7107 = CARTESIAN_POINT ( 'NONE',  ( 299.1931942579636257, 1020.784256072789958, 5.999999999999712230 ) ) ;
#7108 = EDGE_CURVE ( 'NONE', #3657, #8394, #8397, .T. ) ;
#7109 = CYLINDRICAL_SURFACE ( 'NONE', #4724, 6.000000000000005329 ) ;
#7110 = ORIENTED_EDGE ( 'NONE', *, *, #8511, .F. ) ;
#7111 = EDGE_CURVE ( 'NONE', #179, #4675, #3983, .T. ) ;
#7112 = CARTESIAN_POINT ( 'NONE',  ( 291.7601408809391614, 1082.182687899604389, -5.934645059464203065 ) ) ;
#7113 = DIRECTION ( 'NONE',  ( 0.9838401286342943752, -0.1790491588610656215, -0.000000000000000000 ) ) ;
#7114 = LINE ( 'NONE', #1114, #8582 ) ;
#7115 = VERTEX_POINT ( 'NONE', #7490 ) ;
#7116 = EDGE_LOOP ( 'NONE', ( #6359, #5462, #4131, #1126, #7746 ) ) ;
#7117 = CARTESIAN_POINT ( 'NONE',  ( 328.7864743326773578, 1162.178293110218874, -8.800000000000286704 ) ) ;
#7118 = VERTEX_POINT ( 'NONE', #9120 ) ;
#7119 = ORIENTED_EDGE ( 'NONE', *, *, #5242, .T. ) ;
#7120 = DIRECTION ( 'NONE',  ( -1.000000000000000000, 0.000000000000000000, 0.000000000000000000 ) ) ;
#7121 = LINE ( 'NONE', #7022, #9369 ) ;
#7122 = CARTESIAN_POINT ( 'NONE',  ( 344.7912167416586158, 1119.102250538167482, -13.25000000000028955 ) ) ;
#7123 = CARTESIAN_POINT ( 'NONE',  ( 343.7169217884921864, 1113.199209766361719, -8.300000000000288480 ) ) ;
#7124 = ORIENTED_EDGE ( 'NONE', *, *, #6806, .F. ) ;
#7125 = DIRECTION ( 'NONE',  ( -0.4720078388553815008, -0.8815943511950790068, 0.000000000000000000 ) ) ;
#7126 = ORIENTED_EDGE ( 'NONE', *, *, #6663, .T. ) ;
#7127 = CYLINDRICAL_SURFACE ( 'NONE', #4608, 0.4999999999999896749 ) ;
#7128 = CYLINDRICAL_SURFACE ( 'NONE', #1606, 0.4999999999998887557 ) ;
#7129 = CARTESIAN_POINT ( 'NONE',  ( 277.6372695228943144, 1002.131648657686128, -5.500000000000287770 ) ) ;
#7130 = EDGE_CURVE ( 'NONE', #3351, #5192, #9498, .T. ) ;
#7131 = VERTEX_POINT ( 'NONE', #8209 ) ;
#7132 = EDGE_CURVE ( 'NONE', #1479, #927, #5495, .T. ) ;
#7133 = FACE_OUTER_BOUND ( 'NONE', #7939, .T. ) ;
#7134 = EDGE_CURVE ( 'NONE', #4306, #1436, #9164, .T. ) ;
#7135 = PLANE ( 'NONE',  #9015 ) ;
#7136 = VERTEX_POINT ( 'NONE', #2663 ) ;
#7137 = LINE ( 'NONE', #6307, #7380 ) ;
#7138 = EDGE_LOOP ( 'NONE', ( #6601, #9318, #9277, #9371 ) ) ;
#7139 = CARTESIAN_POINT ( 'NONE',  ( 291.8953902025283469, 1001.267622518581220, 210.7946508136983255 ) ) ;
#7140 = ORIENTED_EDGE ( 'NONE', *, *, #1155, .T. ) ;
#7141 = EDGE_CURVE ( 'NONE', #8796, #6677, #527, .T. ) ;
#7142 = SPHERICAL_SURFACE ( 'NONE', #8560, 0.5000000000000000000 ) ;
#7143 = DIRECTION ( 'NONE',  ( 0.1378466330838880316, -0.9904535858622735001, 0.000000000000000000 ) ) ;
#7144 = ORIENTED_EDGE ( 'NONE', *, *, #8672, .T. ) ;
#7145 = CARTESIAN_POINT ( 'NONE',  ( 310.3185483074692002, 1050.536967504295035, -6.000000000000287770 ) ) ;
#7146 = DIRECTION ( 'NONE',  ( 0.000000000000000000, 0.000000000000000000, -1.000000000000000000 ) ) ;
#7147 = LINE ( 'NONE', #1925, #443 ) ;
#7148 = LINE ( 'NONE', #523, #9495 ) ;
#7149 = VERTEX_POINT ( 'NONE', #3443 ) ;
#7150 = CYLINDRICAL_SURFACE ( 'NONE', #6138, 0.4999999999999431566 ) ;
#7151 = DIRECTION ( 'NONE',  ( -0.4701601434347756348, -0.8825811234812305228, -0.000000000000000000 ) ) ;
#7152 = ADVANCED_FACE ( 'NONE', ( #9312 ), #6225, .T. ) ;
#7153 = DIRECTION ( 'NONE',  ( -0.3502424885566279289, -0.9366590624179432778, 0.000000000000000000 ) ) ;
#7154 = VERTEX_POINT ( 'NONE', #6329 ) ;
#7155 = ORIENTED_EDGE ( 'NONE', *, *, #9365, .T. ) ;
#7156 = DIRECTION ( 'NONE',  ( -1.000000000000000000, 0.000000000000000000, 5.204170427930416550E-15 ) ) ;
#7157 = ADVANCED_FACE ( 'NONE', ( #1068 ), #335, .T. ) ;
#7158 = ORIENTED_EDGE ( 'NONE', *, *, #271, .F. ) ;
#7159 = VERTEX_POINT ( 'NONE', #1211 ) ;
#7160 = CARTESIAN_POINT ( 'NONE',  ( 280.5813331895226952, 1003.476011000449262, 5.999999999999714007 ) ) ;
#7161 = CIRCLE ( 'NONE', #1764, 0.5000000000000004441 ) ;
#7162 = DIRECTION ( 'NONE',  ( -1.000000000000000000, 0.000000000000000000, 2.220446049250311061E-13 ) ) ;
#7163 = CARTESIAN_POINT ( 'NONE',  ( 274.5079291931963894, 965.2393520621260450, 210.7946508136983255 ) ) ;
#7164 = ORIENTED_EDGE ( 'NONE', *, *, #1260, .T. ) ;
#7165 = DIRECTION ( 'NONE',  ( -0.1525555872957280734, 0.9882948916112312965, 0.000000000000000000 ) ) ;
#7166 = VERTEX_POINT ( 'NONE', #7063 ) ;
#7167 = CARTESIAN_POINT ( 'NONE',  ( 291.8848476277851773, 1001.241668894987697, -6.000000000000287770 ) ) ;
#7168 = DIRECTION ( 'NONE',  ( -0.4021497357439621223, -0.9155739129316985414, 0.000000000000000000 ) ) ;
#7169 = AXIS2_PLACEMENT_3D ( 'NONE', #5323, #931, #9082 ) ;
#7170 = DIRECTION ( 'NONE',  ( -0.9904535858622641742, -0.1378466330839548393, -0.000000000000000000 ) ) ;
#7171 = ORIENTED_EDGE ( 'NONE', *, *, #5953, .T. ) ;
#7172 = FACE_OUTER_BOUND ( 'NONE', #2036, .T. ) ;
#7173 = DIRECTION ( 'NONE',  ( -0.9888139587632130967, -0.1491541315385616906, 0.000000000000000000 ) ) ;
#7174 = AXIS2_PLACEMENT_3D ( 'NONE', #6119, #9057, #6213 ) ;
#7175 = ORIENTED_EDGE ( 'NONE', *, *, #5545, .F. ) ;
#7176 = LINE ( 'NONE', #7898, #8604 ) ;
#7177 = ADVANCED_FACE ( 'NONE', ( #1988 ), #9363, .F. ) ;
#7178 = ORIENTED_EDGE ( 'NONE', *, *, #1426, .T. ) ;
#7179 = DIRECTION ( 'NONE',  ( -0.9904535858622584010, -0.1378466330839964726, 0.000000000000000000 ) ) ;
#7180 = EDGE_CURVE ( 'NONE', #5647, #1201, #4118, .T. ) ;
#7181 = DIRECTION ( 'NONE',  ( -0.1818363849382925723, 0.9833288001032886028, 0.000000000000000000 ) ) ;
#7182 = LOCAL_TIME ( 16, 5, 37.00000000000000000, #2121 ) ;
#7183 =( BOUNDED_CURVE ( )  B_SPLINE_CURVE ( 3, ( #5954, #2967, #6535, #5185 ),
 .UNSPECIFIED., .F., .F. ) 
 B_SPLINE_CURVE_WITH_KNOTS ( ( 4, 4 ),
 ( 0.5170319524915243381, 1.570796326795001363 ),
 .UNSPECIFIED. ) 
 CURVE ( )  GEOMETRIC_REPRESENTATION_ITEM ( )  RATIONAL_B_SPLINE_CURVE ( ( 1.000000000000000000, 0.9095860218280670262, 0.9095860218280670262, 1.000000000000000000 ) ) 
 REPRESENTATION_ITEM ( '' )  );
#7184 = ORIENTED_EDGE ( 'NONE', *, *, #2209, .T. ) ;
#7185 = DIRECTION ( 'NONE',  ( -0.4977330300470779179, -0.8673302893362797583, 0.000000000000000000 ) ) ;
#7186 = FACE_OUTER_BOUND ( 'NONE', #4719, .T. ) ;
#7187 = VECTOR ( 'NONE', #8755, 1000.000000000000000 ) ;
#7188 = ORIENTED_EDGE ( 'NONE', *, *, #1491, .T. ) ;
#7189 = CARTESIAN_POINT ( 'NONE',  ( 310.2602370823418028, 1050.381024866720509, -5.983023156106431983 ) ) ;
#7190 = LINE ( 'NONE', #4342, #7357 ) ;
#7191 = VECTOR ( 'NONE', #7280, 999.9999999999998863 ) ;
#7192 = CARTESIAN_POINT ( 'NONE',  ( 299.2167550684165462, 1020.847265123232773, 5.995535269260868994 ) ) ;
#7193 = AXIS2_PLACEMENT_3D ( 'NONE', #3219, #3999, #3853 ) ;
#7194 = EDGE_CURVE ( 'NONE', #8350, #1252, #7731, .T. ) ;
#7195 = CIRCLE ( 'NONE', #4567, 0.4999999999999201750 ) ;
#7196 = PERSON_AND_ORGANIZATION_ROLE ( 'creator' ) ;
#7197 = ORIENTED_EDGE ( 'NONE', *, *, #3063, .F. ) ;
#7198 = AXIS2_PLACEMENT_3D ( 'NONE', #6933, #8324, #4751 ) ;
#7199 = CARTESIAN_POINT ( 'NONE',  ( 285.2500090017418302, 1045.305639661561372, 5.982144731616290123 ) ) ;
#7200 = CYLINDRICAL_SURFACE ( 'NONE', #5330, 0.5000000000000004441 ) ;
#7201 = AXIS2_PLACEMENT_3D ( 'NONE', #5559, #2569, #5601 ) ;
#7202 = CYLINDRICAL_SURFACE ( 'NONE', #5959, 0.5000000000000004441 ) ;
#7203 = ORIENTED_EDGE ( 'NONE', *, *, #2937, .T. ) ;
#7204 = ORIENTED_EDGE ( 'NONE', *, *, #7658, .F. ) ;
#7205 = CYLINDRICAL_SURFACE ( 'NONE', #5148, 8.000000000000007105 ) ;
#7206 = ORIENTED_EDGE ( 'NONE', *, *, #2441, .T. ) ;
#7207 = AXIS2_PLACEMENT_3D ( 'NONE', #7047, #4865, #9300 ) ;
#7208 = EDGE_CURVE ( 'NONE', #4039, #984, #2874, .T. ) ;
#7209 = AXIS2_PLACEMENT_3D ( 'NONE', #3031, #2312, #902 ) ;
#7210 = VERTEX_POINT ( 'NONE', #1113 ) ;
#7211 = DIRECTION ( 'NONE',  ( -0.000000000000000000, -0.000000000000000000, -1.000000000000000000 ) ) ;
#7212 = DIRECTION ( 'NONE',  ( 0.9848077530122086864, -0.1736481776669271393, 0.000000000000000000 ) ) ;
#7213 = CARTESIAN_POINT ( 'NONE',  ( 278.0278345412967269, 1002.186005644783449, -5.792893218813684797 ) ) ;
#7214 = VERTEX_POINT ( 'NONE', #6278 ) ;
#7215 = VECTOR ( 'NONE', #4133, 1000.000000000000000 ) ;
#7216 = VERTEX_POINT ( 'NONE', #2706 ) ;
#7217 = CARTESIAN_POINT ( 'NONE',  ( 271.1149395390783070, 1010.364485667425924, -6.000000000000287770 ) ) ;
#7218 = LINE ( 'NONE', #2011, #4690 ) ;
#7219 = CARTESIAN_POINT ( 'NONE',  ( 304.5877450729033740, 1075.172873751232828, 5.499999999999712230 ) ) ;
#7220 = EDGE_CURVE ( 'NONE', #9243, #703, #6269, .T. ) ;
#7221 = ORIENTED_EDGE ( 'NONE', *, *, #4970, .F. ) ;
#7222 =( BOUNDED_CURVE ( )  B_SPLINE_CURVE ( 3, ( #5070, #2033, #3682, #7199 ),
 .UNSPECIFIED., .F., .T. ) 
 B_SPLINE_CURVE_WITH_KNOTS ( ( 4, 4 ),
 ( 1.570796326794893005, 2.873543685355161248 ),
 .UNSPECIFIED. ) 
 CURVE ( )  GEOMETRIC_REPRESENTATION_ITEM ( )  RATIONAL_B_SPLINE_CURVE ( ( 1.000000000000000000, 0.8635011437876457530, 0.8635011437876457530, 1.000000000000000000 ) ) 
 REPRESENTATION_ITEM ( '' )  );
#7223 = VECTOR ( 'NONE', #6328, 1000.000000000000000 ) ;
#7224 = CIRCLE ( 'NONE', #7681, 0.5000000000000004441 ) ;
#7225 = DIRECTION ( 'NONE',  ( 1.000000000000000000, 0.000000000000000000, -0.000000000000000000 ) ) ;
#7226 = FACE_OUTER_BOUND ( 'NONE', #4408, .T. ) ;
#7227 = EDGE_LOOP ( 'NONE', ( #8382, #9083, #8481, #7105, #515, #2931 ) ) ;
#7228 = FACE_OUTER_BOUND ( 'NONE', #8217, .T. ) ;
#7229 = ORIENTED_EDGE ( 'NONE', *, *, #7946, .F. ) ;
#7230 = LINE ( 'NONE', #4814, #8633 ) ;
#7231 = VECTOR ( 'NONE', #513, 1000.000000000000114 ) ;
#7233 = VECTOR ( 'NONE', #4323, 1000.000000000000114 ) ;
#7232 = CARTESIAN_POINT ( 'NONE',  ( 302.5189506855798527, 1143.242674677152309, 5.999999999999712230 ) ) ;
#7234 = VERTEX_POINT ( 'NONE', #6426 ) ;
#7235 = DIRECTION ( 'NONE',  ( 1.000000000000000000, 0.000000000000000000, 0.000000000000000000 ) ) ;
#7236 = DIRECTION ( 'NONE',  ( 0.9155739129317257419, -0.4021497357438998943, -0.000000000000000000 ) ) ;
#7237 = ORIENTED_EDGE ( 'NONE', *, *, #58, .T. ) ;
#7238 = AXIS2_PLACEMENT_3D ( 'NONE', #5524, #5577, #9138 ) ;
#7239 = VERTEX_POINT ( 'NONE', #5600 ) ;
#7240 = DIRECTION ( 'NONE',  ( 1.000000000000000000, 0.000000000000000000, 0.000000000000000000 ) ) ;
#7241 =( BOUNDED_CURVE ( )  B_SPLINE_CURVE ( 3, ( #2866, #745, #786, #3752 ),
 .UNSPECIFIED., .F., .F. ) 
 B_SPLINE_CURVE_WITH_KNOTS ( ( 4, 4 ),
 ( 4.712388980384275783, 5.040075520370994155 ),
 .UNSPECIFIED. ) 
 CURVE ( )  GEOMETRIC_REPRESENTATION_ITEM ( )  RATIONAL_B_SPLINE_CURVE ( ( 1.000000000000000000, 0.9910717939854000180, 0.9910717939854000180, 1.000000000000000000 ) ) 
 REPRESENTATION_ITEM ( '' )  );
#7242 = FACE_OUTER_BOUND ( 'NONE', #6824, .T. ) ;
#7243 = VECTOR ( 'NONE', #69, 1000.000000000000000 ) ;
#7244 = AXIS2_PLACEMENT_3D ( 'NONE', #2648, #8525, #1912 ) ;
#7245 = EDGE_CURVE ( 'NONE', #3277, #3720, #9220, .T. ) ;
#7246 = LINE ( 'NONE', #6559, #4774 ) ;
#7247 = ADVANCED_FACE ( 'NONE', ( #8543 ), #3301, .F. ) ;
#7248 = DIRECTION ( 'NONE',  ( -0.3248897391129401679, 0.9457519005633167053, 0.000000000000000000 ) ) ;
#7249 = DIRECTION ( 'NONE',  ( 1.000000000000000000, 0.000000000000000000, 0.000000000000000000 ) ) ;
#7250 = AXIS2_PLACEMENT_3D ( 'NONE', #56, #8760, #2158 ) ;
#7251 = CARTESIAN_POINT ( 'NONE',  ( 327.5413952400728590, 1138.830542578913537, -8.800000000000286704 ) ) ;
#7252 = ORIENTED_EDGE ( 'NONE', *, *, #7911, .T. ) ;
#7253 = ORIENTED_EDGE ( 'NONE', *, *, #3278, .T. ) ;
#7254 = CARTESIAN_POINT ( 'NONE',  ( 277.9752806091830166, 955.4753576607306513, 8.999999999999712230 ) ) ;
#7255 = EDGE_CURVE ( 'NONE', #9192, #3880, #2620, .T. ) ;
#7256 = ORIENTED_EDGE ( 'NONE', *, *, #4708, .T. ) ;
#7257 = ORIENTED_EDGE ( 'NONE', *, *, #9510, .F. ) ;
#7258 = DIRECTION ( 'NONE',  ( 0.000000000000000000, 0.000000000000000000, 1.000000000000000000 ) ) ;
#7259 = ADVANCED_FACE ( 'NONE', ( #8598 ), #2760, .F. ) ;
#7260 = CYLINDRICAL_SURFACE ( 'NONE', #3503, 6.000000000000005329 ) ;
#7261 = FACE_OUTER_BOUND ( 'NONE', #3470, .T. ) ;
#7262 = ORIENTED_EDGE ( 'NONE', *, *, #232, .F. ) ;
#7263 = EDGE_CURVE ( 'NONE', #649, #8528, #1161, .T. ) ;
#7264 = ORIENTED_EDGE ( 'NONE', *, *, #242, .T. ) ;
#7265 = CARTESIAN_POINT ( 'NONE',  ( 301.8604059225899050, 1029.344805049629258, 61.58012167084567778 ) ) ;
#7266 = CARTESIAN_POINT ( 'NONE',  ( 315.9060685536227311, 1065.570186247951824, 5.934645059463678152 ) ) ;
#7267 = DIRECTION ( 'NONE',  ( 0.000000000000000000, 0.000000000000000000, -1.000000000000000000 ) ) ;
#7268 = ORIENTED_EDGE ( 'NONE', *, *, #9262, .F. ) ;
#7269 = DIRECTION ( 'NONE',  ( -0.9904535858622688371, -0.1378466330839214771, 0.000000000000000000 ) ) ;
#7270 = LINE ( 'NONE', #5136, #2251 ) ;
#7271 = DIRECTION ( 'NONE',  ( 0.000000000000000000, 0.000000000000000000, 1.000000000000000000 ) ) ;
#7272 = ADVANCED_FACE ( 'NONE', ( #8782 ), #2942, .F. ) ;
#7273 = ORIENTED_EDGE ( 'NONE', *, *, #4325, .F. ) ;
#7274 = DIRECTION ( 'NONE',  ( 0.1491541315386218369, -0.9888139587632041039, 0.000000000000000000 ) ) ;
#7275 = ORIENTED_EDGE ( 'NONE', *, *, #2242, .F. ) ;
#7276 = CARTESIAN_POINT ( 'NONE',  ( 277.9929607812835570, 1004.066802494550075, 5.999999999999712230 ) ) ;
#7277 = DIRECTION ( 'NONE',  ( -1.000000000000000000, 0.000000000000000000, 0.000000000000000000 ) ) ;
#7278 =( BOUNDED_CURVE ( )  B_SPLINE_CURVE ( 3, ( #4867, #6363, #1251, #471 ),
 .UNSPECIFIED., .F., .F. ) 
 B_SPLINE_CURVE_WITH_KNOTS ( ( 4, 4 ),
 ( 1.570796326794875686, 3.141592653589761142 ),
 .UNSPECIFIED. ) 
 CURVE ( )  GEOMETRIC_REPRESENTATION_ITEM ( )  RATIONAL_B_SPLINE_CURVE ( ( 1.000000000000000000, 0.8047378541243676020, 0.8047378541243676020, 1.000000000000000000 ) ) 
 REPRESENTATION_ITEM ( '' )  );
#7279 = ORIENTED_EDGE ( 'NONE', *, *, #6287, .F. ) ;
#7280 = DIRECTION ( 'NONE',  ( -0.8673302893362123678, 0.4977330300471954350, 0.000000000000000000 ) ) ;
#7281 = ORIENTED_EDGE ( 'NONE', *, *, #5653, .T. ) ;
#7282 = ORIENTED_EDGE ( 'NONE', *, *, #5949, .T. ) ;
#7283 = DIRECTION ( 'NONE',  ( -0.000000000000000000, -0.000000000000000000, 1.000000000000000000 ) ) ;
#7284 = FACE_OUTER_BOUND ( 'NONE', #9199, .T. ) ;
#7285 = DIRECTION ( 'NONE',  ( -0.000000000000000000, -0.000000000000000000, 1.000000000000000000 ) ) ;
#7286 = EDGE_CURVE ( 'NONE', #1392, #4429, #2174, .T. ) ;
#7287 = COORDINATED_UNIVERSAL_TIME_OFFSET ( 8, 0, .AHEAD. ) ;
#7288 = ORIENTED_EDGE ( 'NONE', *, *, #8702, .F. ) ;
#7289 = CARTESIAN_POINT ( 'NONE',  ( -74.25833169633264674, 27.76722495189206086, 0.000000000000000000 ) ) ;
#7290 = DIRECTION ( 'NONE',  ( 0.1736481776669271393, 0.9848077530122086864, 0.000000000000000000 ) ) ;
#7291 = DIRECTION ( 'NONE',  ( -1.000000000000000000, 0.000000000000000000, 0.000000000000000000 ) ) ;
#7292 = CARTESIAN_POINT ( 'NONE',  ( 272.7112994139250759, 957.4437044664329051, -9.000000000000287770 ) ) ;
#7293 = CARTESIAN_POINT ( 'NONE',  ( 301.1088407758898029, 1026.493706718185877, -6.000000000000164313 ) ) ;
#7294 = EDGE_CURVE ( 'NONE', #9024, #5891, #1494, .T. ) ;
#7295 = VERTEX_POINT ( 'NONE', #2034 ) ;
#7296 = ADVANCED_FACE ( 'NONE', ( #6475 ), #5114, .F. ) ;
#7297 = ORIENTED_EDGE ( 'NONE', *, *, #274, .F. ) ;
#7298 = CARTESIAN_POINT ( 'NONE',  ( 311.1510762049331333, 1128.834606007478669, 5.999999999999712230 ) ) ;
#7299 = EDGE_CURVE ( 'NONE', #7115, #4039, #1304, .T. ) ;
#7300 = ORIENTED_EDGE ( 'NONE', *, *, #901, .F. ) ;
#7301 = ORIENTED_EDGE ( 'NONE', *, *, #8652, .T. ) ;
#7302 = CARTESIAN_POINT ( 'NONE',  ( 321.8232857621647440, 1144.425470996566219, 8.999999999999712230 ) ) ;
#7303 = DIRECTION ( 'NONE',  ( 0.9155739129316806668, -0.4021497357440028675, 0.000000000000000000 ) ) ;
#7304 = LINE ( 'NONE', #4407, #4574 ) ;
#7305 = ORIENTED_EDGE ( 'NONE', *, *, #8818, .T. ) ;
#7306 = VERTEX_POINT ( 'NONE', #3537 ) ;
#7307 = DIRECTION ( 'NONE',  ( 0.1378466330838880316, -0.9904535858622735001, -1.734723475976459601E-15 ) ) ;
#7308 = CARTESIAN_POINT ( 'NONE',  ( 315.9060685536227311, 1065.754460853997671, 5.843557711778486485 ) ) ;
#7309 = LINE ( 'NONE', #3650, #5230 ) ;
#7310 = ORIENTED_EDGE ( 'NONE', *, *, #3638, .F. ) ;
#7311 = AXIS2_PLACEMENT_3D ( 'NONE', #4496, #4537, #1591 ) ;
#7312 = CARTESIAN_POINT ( 'NONE',  ( -131.2704557286629381, 943.2025337541142562, 61.58012167084567778 ) ) ;
#7313 = CARTESIAN_POINT ( 'NONE',  ( 281.5823829705485082, 1023.757757199251273, -5.722450699545790442 ) ) ;
#7314 = DIRECTION ( 'NONE',  ( -0.000000000000000000, 0.000000000000000000, 1.000000000000000000 ) ) ;
#7315 = ORIENTED_EDGE ( 'NONE', *, *, #232, .T. ) ;
#7316 = CARTESIAN_POINT ( 'NONE',  ( 290.5757563929499838, 999.0861364164272800, 5.999999999999699796 ) ) ;
#7317 = CIRCLE ( 'NONE', #3778, 6.000000000000005329 ) ;
#7318 = EDGE_LOOP ( 'NONE', ( #3458, #9489, #17, #5101 ) ) ;
#7319 = CARTESIAN_POINT ( 'NONE',  ( 315.8953981791474348, 1065.451225890188198, -5.984171777836080786 ) ) ;
#7320 = ORIENTED_EDGE ( 'NONE', *, *, #9538, .T. ) ;
#7321 = ADVANCED_FACE ( 'NONE', ( #5883 ), #7200, .F. ) ;
#7322 = AXIS2_PLACEMENT_3D ( 'NONE', #720, #1545, #8867 ) ;
#7323 = DIRECTION ( 'NONE',  ( 0.9155739129317443936, -0.4021497357438578168, 0.000000000000000000 ) ) ;
#7324 = FACE_OUTER_BOUND ( 'NONE', #848, .T. ) ;
#7325 = ORIENTED_EDGE ( 'NONE', *, *, #5426, .F. ) ;
#7326 = ORIENTED_EDGE ( 'NONE', *, *, #1185, .F. ) ;
#7327 = LINE ( 'NONE', #6551, #3839 ) ;
#7328 = FACE_OUTER_BOUND ( 'NONE', #2327, .T. ) ;
#7329 = DIRECTION ( 'NONE',  ( -0.4977330300471614066, -0.8673302893362317967, 0.000000000000000000 ) ) ;
#7330 = VECTOR ( 'NONE', #4679, 1000.000000000000000 ) ;
#7331 = DATE_AND_TIME ( #6510, #1005 ) ;
#7332 = EDGE_CURVE ( 'NONE', #9118, #5325, #7333, .T. ) ;
#7333 = CIRCLE ( 'NONE', #1163, 6.000000000000005329 ) ;
#7334 = CARTESIAN_POINT ( 'NONE',  ( 324.8875726189783109, 1106.431028527239505, 61.58012167084567778 ) ) ;
#7335 = CYLINDRICAL_SURFACE ( 'NONE', #1160, 8.000000000000007105 ) ;
#7336 = SPHERICAL_SURFACE ( 'NONE', #4761, 0.5000000000000000000 ) ;
#7337 = DIRECTION ( 'NONE',  ( 0.1736481776669271393, 0.9848077530122086864, 0.000000000000000000 ) ) ;
#7338 = CARTESIAN_POINT ( 'NONE',  ( 350.7407595012100501, 1119.878743263355318, 8.299999999999714717 ) ) ;
#7339 = CARTESIAN_POINT ( 'NONE',  ( 306.8693832602310181, 1041.312810513563363, 5.993360015348169867 ) ) ;
#7340 = DIRECTION ( 'NONE',  ( 0.000000000000000000, 0.000000000000000000, -1.000000000000000000 ) ) ;
#7341 = AXIS2_PLACEMENT_3D ( 'NONE', #2006, #4949, #539 ) ;
#7342 = ORIENTED_EDGE ( 'NONE', *, *, #4878, .T. ) ;
#7343 = CARTESIAN_POINT ( 'NONE',  ( 316.3488848050657793, 1138.830542578913537, 8.799999999999712941 ) ) ;
#7344 = AXIS2_PLACEMENT_3D ( 'NONE', #966, #6767, #3254 ) ;
#7345 = ORIENTED_EDGE ( 'NONE', *, *, #8967, .F. ) ;
#7346 = VERTEX_POINT ( 'NONE', #4445 ) ;
#7347 = EDGE_CURVE ( 'NONE', #4691, #9243, #4394, .T. ) ;
#7348 = LINE ( 'NONE', #9458, #3830 ) ;
#7349 = CIRCLE ( 'NONE', #1179, 6.000000000000005329 ) ;
#7350 = FACE_OUTER_BOUND ( 'NONE', #154, .T. ) ;
#7351 = DIRECTION ( 'NONE',  ( -0.9366590624179432778, 0.3502424885566279289, 0.000000000000000000 ) ) ;
#7352 = ORIENTED_EDGE ( 'NONE', *, *, #7485, .T. ) ;
#7353 = ADVANCED_FACE ( 'NONE', ( #3732 ), #2801, .F. ) ;
#7354 = ORIENTED_EDGE ( 'NONE', *, *, #382, .F. ) ;
#7355 = FACE_OUTER_BOUND ( 'NONE', #6605, .T. ) ;
#7356 = DIRECTION ( 'NONE',  ( 0.9956305605605114684, 0.09337979908932034223, -0.000000000000000000 ) ) ;
#7357 = VECTOR ( 'NONE', #3674, 1000.000000000000114 ) ;
#7358 = SPHERICAL_SURFACE ( 'NONE', #6623, 0.5000000000000000000 ) ;
#7359 = VERTEX_POINT ( 'NONE', #2841 ) ;
#7360 = DIRECTION ( 'NONE',  ( 1.000000000000000000, 1.330754012122160166E-13, 0.000000000000000000 ) ) ;
#7361 = DIRECTION ( 'NONE',  ( -1.000000000000000000, 0.000000000000000000, 0.000000000000000000 ) ) ;
#7362 = AXIS2_PLACEMENT_3D ( 'NONE', #1734, #2652, #7621 ) ;
#7363 = ADVANCED_FACE ( 'NONE', ( #9501 ), #5785, .F. ) ;
#7364 = CIRCLE ( 'NONE', #5360, 0.5000000000001078027 ) ;
#7365 = CYLINDRICAL_SURFACE ( 'NONE', #1791, 0.5000000000000004441 ) ;
#7366 = EDGE_LOOP ( 'NONE', ( #1666, #7733, #7605, #7025 ) ) ;
#7367 = DIRECTION ( 'NONE',  ( 1.000000000000000000, 0.000000000000000000, 0.000000000000000000 ) ) ;
#7368 = VERTEX_POINT ( 'NONE', #2990 ) ;
#7369 = DIRECTION ( 'NONE',  ( -1.000000000000000000, 0.000000000000000000, 0.000000000000000000 ) ) ;
#7370 = ADVANCED_FACE ( 'NONE', ( #6564 ), #9408, .T. ) ;
#7371 = FACE_OUTER_BOUND ( 'NONE', #4339, .T. ) ;
#7372 = CIRCLE ( 'NONE', #1508, 0.5000000000000004441 ) ;
#7373 = ORIENTED_EDGE ( 'NONE', *, *, #8655, .T. ) ;
#7374 = DIRECTION ( 'NONE',  ( -0.9882948916112388460, -0.1525555872956789183, 0.000000000000000000 ) ) ;
#7375 = EDGE_LOOP ( 'NONE', ( #2775, #4834, #4925, #2736, #8789 ) ) ;
#7376 = EDGE_CURVE ( 'NONE', #3430, #1569, #5924, .T. ) ;
#7377 = VERTEX_POINT ( 'NONE', #1355 ) ;
#7378 = DIRECTION ( 'NONE',  ( -0.000000000000000000, -0.000000000000000000, 1.000000000000000000 ) ) ;
#7379 = VECTOR ( 'NONE', #6968, 1000.000000000000114 ) ;
#7380 = VECTOR ( 'NONE', #7856, 1000.000000000000000 ) ;
#7381 = LINE ( 'NONE', #5876, #9503 ) ;
#7382 = CARTESIAN_POINT ( 'NONE',  ( 272.1043046965993426, 1035.287715857346029, -5.500000000000287770 ) ) ;
#7383 = ADVANCED_FACE ( 'NONE', ( #9449 ), #8729, .T. ) ;
#7384 = CALENDAR_DATE ( 2026, 5, 8 ) ;
#7385 = AXIS2_PLACEMENT_3D ( 'NONE', #594, #3415, #2778 ) ;
#7386 = CARTESIAN_POINT ( 'NONE',  ( 300.1111692485779372, 1023.363464284209499, -6.000000000000173195 ) ) ;
#7387 = CARTESIAN_POINT ( 'NONE',  ( 299.2167550684165462, 1020.847265123232773, -5.995535269261444533 ) ) ;
#7388 = CARTESIAN_POINT ( 'NONE',  ( 316.0236446574783145, 1065.794197488656437, -5.500000000000287770 ) ) ;
#7389 = DIRECTION ( 'NONE',  ( 0.000000000000000000, 0.000000000000000000, -1.000000000000000000 ) ) ;
#7390 = CARTESIAN_POINT ( 'NONE',  ( 300.1111692485779372, 1023.363464284209726, 5.999999999999627853 ) ) ;
#7391 = DIRECTION ( 'NONE',  ( -0.9833288001032857162, -0.1818363849383071162, 0.000000000000000000 ) ) ;
#7392 = LINE ( 'NONE', #6031, #4311 ) ;
#7393 = AXIS2_PLACEMENT_3D ( 'NONE', #1205, #570, #5596 ) ;
#7394 = VECTOR ( 'NONE', #7170, 1000.000000000000114 ) ;
#7395 = ADVANCED_FACE ( 'NONE', ( #5838 ), #126, .F. ) ;
#7396 = EDGE_CURVE ( 'NONE', #315, #5085, #2595, .T. ) ;
#7397 = ORIENTED_EDGE ( 'NONE', *, *, #2161, .T. ) ;
#7398 = DIRECTION ( 'NONE',  ( 1.000000000000000000, 0.000000000000000000, 0.000000000000000000 ) ) ;
#7399 = EDGE_CURVE ( 'NONE', #5508, #7945, #5789, .T. ) ;
#7400 = VERTEX_POINT ( 'NONE', #4582 ) ;
#7401 = ORIENTED_EDGE ( 'NONE', *, *, #5021, .T. ) ;
#7402 = VECTOR ( 'NONE', #7179, 1000.000000000000114 ) ;
#7403 = DIRECTION ( 'NONE',  ( 0.000000000000000000, 0.000000000000000000, 1.000000000000000000 ) ) ;
#7404 = CARTESIAN_POINT ( 'NONE',  ( 336.1950601088341273, 1158.572179699236813, 2.185281374238132734 ) ) ;
#7405 = PLANE ( 'NONE',  #4279 ) ;
#7406 = ORIENTED_EDGE ( 'NONE', *, *, #8264, .F. ) ;
#7407 = ORIENTED_EDGE ( 'NONE', *, *, #8408, .F. ) ;
#7408 = LINE ( 'NONE', #3747, #7233 ) ;
#7409 = CARTESIAN_POINT ( 'NONE',  ( 283.5141617134382841, 1032.581775252200714, 210.7946508136983255 ) ) ;
#7410 = CARTESIAN_POINT ( 'NONE',  ( 336.3914273614760759, 1144.062267677845057, 6.299999999999712941 ) ) ;
#7411 = ORIENTED_EDGE ( 'NONE', *, *, #445, .F. ) ;
#7412 = CARTESIAN_POINT ( 'NONE',  ( 492.6058677437471829, 920.0663942819442127, -5.500000000000289546 ) ) ;
#7413 = DIRECTION ( 'NONE',  ( 0.000000000000000000, 0.000000000000000000, -1.000000000000000000 ) ) ;
#7414 = DIRECTION ( 'NONE',  ( 0.8673302893362496713, -0.4977330300471301539, -0.000000000000000000 ) ) ;
#7415 = VERTEX_POINT ( 'NONE', #8477 ) ;
#7416 = CARTESIAN_POINT ( 'NONE',  ( 299.8143838466115767, 1074.436046179389450, -5.500000000000287770 ) ) ;
#7417 = EDGE_CURVE ( 'NONE', #7306, #7500, #999, .T. ) ;
#7418 = ORIENTED_EDGE ( 'NONE', *, *, #2962, .T. ) ;
#7419 = DIRECTION ( 'NONE',  ( -1.000000000000000000, 0.000000000000000000, 0.000000000000000000 ) ) ;
#7420 = ADVANCED_FACE ( 'NONE', ( #4532 ), #5531, .F. ) ;
#7421 = LINE ( 'NONE', #8227, #49 ) ;
#7422 = EDGE_CURVE ( 'NONE', #1574, #5443, #68, .T. ) ;
#7423 = ADVANCED_FACE ( 'NONE', ( #1586 ), #6807, .F. ) ;
#7424 = ORIENTED_EDGE ( 'NONE', *, *, #1946, .F. ) ;
#7425 = CARTESIAN_POINT ( 'NONE',  ( 491.6618520660175591, 918.3032055795696351, 61.58012167084567778 ) ) ;
#7426 = EDGE_LOOP ( 'NONE', ( #2977, #9097, #8908, #1874, #4078 ) ) ;
#7427 = EDGE_LOOP ( 'NONE', ( #1935, #1216, #503 ) ) ;
#7428 = CARTESIAN_POINT ( 'NONE',  ( 290.8430110562870254, 998.4532282156831116, 5.999215263539849907 ) ) ;
#7429 = DIRECTION ( 'NONE',  ( -0.4943022244883290561, -0.8692901189280191065, 0.000000000000000000 ) ) ;
#7430 = DIRECTION ( 'NONE',  ( 0.000000000000000000, 0.000000000000000000, 1.000000000000000000 ) ) ;
#7431 = ADVANCED_FACE ( 'NONE', ( #3874 ), #3773, .F. ) ;
#7432 = DIRECTION ( 'NONE',  ( 1.000000000000000000, 0.000000000000000000, 0.000000000000000000 ) ) ;
#7433 = DIRECTION ( 'NONE',  ( -0.4943022244884375249, -0.8692901189279573781, 0.000000000000000000 ) ) ;
#7434 = FACE_OUTER_BOUND ( 'NONE', #6973, .T. ) ;
#7435 = DIRECTION ( 'NONE',  ( 1.000000000000000000, 0.000000000000000000, 2.220446049250311061E-13 ) ) ;
#7436 = CARTESIAN_POINT ( 'NONE',  ( 308.7863256618659307, 1072.785445573195602, -5.500000000000289546 ) ) ;
#7437 = DIRECTION ( 'NONE',  ( -0.4701601434347756348, -0.8825811234812305228, 0.000000000000000000 ) ) ;
#7438 = LINE ( 'NONE', #8827, #291 ) ;
#7439 = VERTEX_POINT ( 'NONE', #9195 ) ;
#7440 = DIRECTION ( 'NONE',  ( -0.9882948916112398452, -0.1525555872956738945, -3.291683231358662889E-13 ) ) ;
#7441 = ORIENTED_EDGE ( 'NONE', *, *, #2201, .F. ) ;
#7442 = FACE_OUTER_BOUND ( 'NONE', #7577, .T. ) ;
#7443 = DIRECTION ( 'NONE',  ( 0.000000000000000000, 0.000000000000000000, 1.000000000000000000 ) ) ;
#7444 = DIRECTION ( 'NONE',  ( -0.3248897391129311751, 0.9457519005633197029, 0.000000000000000000 ) ) ;
#7445 = EDGE_LOOP ( 'NONE', ( #3875, #6412, #8459 ) ) ;
#7446 = ADVANCED_FACE ( 'NONE', ( #5261 ), #6991, .T. ) ;
#7447 = VERTEX_POINT ( 'NONE', #1135 ) ;
#7448 = DIRECTION ( 'NONE',  ( -0.3502424885566279289, -0.9366590624179432778, 0.000000000000000000 ) ) ;
#7449 = CARTESIAN_POINT ( 'NONE',  ( 345.6013434717219184, 1009.066470099654794, -6.000000000000287770 ) ) ;
#7450 = ORIENTED_EDGE ( 'NONE', *, *, #831, .T. ) ;
#7451 = EDGE_LOOP ( 'NONE', ( #7203, #1741, #7827, #7981 ) ) ;
#7452 = CARTESIAN_POINT ( 'NONE',  ( 280.3802583216506719, 1003.018224043983309, 5.499999999999711342 ) ) ;
#7453 = DIRECTION ( 'NONE',  ( -0.09337979908937311946, 0.9956305605605064724, 0.000000000000000000 ) ) ;
#7454 = CARTESIAN_POINT ( 'NONE',  ( 325.5386764865854161, 1082.674904384879028, -6.300000000000284928 ) ) ;
#7455 = DIRECTION ( 'NONE',  ( 0.000000000000000000, -1.000000000000000000, 0.000000000000000000 ) ) ;
#7456 = ORIENTED_EDGE ( 'NONE', *, *, #45, .F. ) ;
#7457 = DIRECTION ( 'NONE',  ( -0.9904535858622663946, -0.1378466330839395737, 0.000000000000000000 ) ) ;
#7458 = VERTEX_POINT ( 'NONE', #5356 ) ;
#7459 = CARTESIAN_POINT ( 'NONE',  ( 269.8466448106040048, 957.9488203634091406, -6.000000000000287770 ) ) ;
#7460 = CARTESIAN_POINT ( 'NONE',  ( 323.6059745874828764, 1086.071743118399127, 5.999999999999712230 ) ) ;
#7461 = EDGE_CURVE ( 'NONE', #6779, #4983, #7645, .T. ) ;
#7462 = AXIS2_PLACEMENT_3D ( 'NONE', #3473, #6357, #8579 ) ;
#7463 = ORIENTED_EDGE ( 'NONE', *, *, #8292, .T. ) ;
#7464 = CARTESIAN_POINT ( 'NONE',  ( 290.8746815250780173, 998.6283494599614414, 5.957786956465572104 ) ) ;
#7465 = EDGE_CURVE ( 'NONE', #1051, #310, #5170, .T. ) ;
#7466 = ORIENTED_EDGE ( 'NONE', *, *, #3186, .F. ) ;
#7467 = CIRCLE ( 'NONE', #5914, 2.500000000000002220 ) ;
#7468 = VERTEX_POINT ( 'NONE', #7711 ) ;
#7469 = PLANE ( 'NONE',  #2284 ) ;
#7470 = PLANE ( 'NONE',  #3043 ) ;
#7471 = ORIENTED_EDGE ( 'NONE', *, *, #2943, .T. ) ;
#7472 = DIRECTION ( 'NONE',  ( 1.000000000000000000, 0.000000000000000000, 0.000000000000000000 ) ) ;
#7473 = EDGE_CURVE ( 'NONE', #657, #5363, #858, .T. ) ;
#7474 = AXIS2_PLACEMENT_3D ( 'NONE', #1169, #6979, #7021 ) ;
#7475 = CARTESIAN_POINT ( 'NONE',  ( 308.7863256618659875, 1072.785445573195375, -5.500000000000289546 ) ) ;
#7476 = DIRECTION ( 'NONE',  ( -0.3502424885566300938, -0.9366590624179422786, 0.000000000000000000 ) ) ;
#7477 = CARTESIAN_POINT ( 'NONE',  ( 304.6640228665512495, 1074.678726305427290, -5.500000000000287770 ) ) ;
#7478 = DIRECTION ( 'NONE',  ( 0.000000000000000000, 0.000000000000000000, -1.000000000000000000 ) ) ;
#7479 = DIRECTION ( 'NONE',  ( 1.000000000000000000, 0.000000000000000000, 0.000000000000000000 ) ) ;
#7480 = CARTESIAN_POINT ( 'NONE',  ( 315.8650950412451834, 1065.370185726121235, -5.997887892856405223 ) ) ;
#7481 = VECTOR ( 'NONE', #5010, 1000.000000000000000 ) ;
#7482 = DIRECTION ( 'NONE',  ( 0.000000000000000000, 0.000000000000000000, -1.000000000000000000 ) ) ;
#7483 = ORIENTED_EDGE ( 'NONE', *, *, #3688, .T. ) ;
#7484 = PLANE ( 'NONE',  #3469 ) ;
#7485 = EDGE_CURVE ( 'NONE', #8258, #116, #6553, .T. ) ;
#7486 = CARTESIAN_POINT ( 'NONE',  ( 304.0129644355746450, 1072.048618001351770, 5.499999999999711342 ) ) ;
#7487 = EDGE_LOOP ( 'NONE', ( #8355, #8228, #5670, #6400, #4290 ) ) ;
#7488 = CIRCLE ( 'NONE', #4410, 44.48499205536726464 ) ;
#7489 = FACE_OUTER_BOUND ( 'NONE', #3633, .T. ) ;
#7490 = CARTESIAN_POINT ( 'NONE',  ( 277.9929607812835570, 1004.066802494550075, 5.999999999999712230 ) ) ;
#7491 = AXIS2_PLACEMENT_3D ( 'NONE', #6069, #357, #7529 ) ;
#7492 = CARTESIAN_POINT ( 'NONE',  ( 304.6640228665512495, 1074.678726305427290, 61.58012167084567778 ) ) ;
#7493 = VERTEX_POINT ( 'NONE', #6757 ) ;
#7494 = AXIS2_PLACEMENT_3D ( 'NONE', #5749, #1366, #8063 ) ;
#7495 = VERTEX_POINT ( 'NONE', #5305 ) ;
#7496 = CARTESIAN_POINT ( 'NONE',  ( 296.6848158921146705, 1025.530173790869640, 5.999999999999712230 ) ) ;
#7497 = EDGE_CURVE ( 'NONE', #2108, #1752, #1936, .T. ) ;
#7498 = ORIENTED_EDGE ( 'NONE', *, *, #7141, .T. ) ;
#7499 = AXIS2_PLACEMENT_3D ( 'NONE', #8695, #2721, #4842 ) ;
#7500 = VERTEX_POINT ( 'NONE', #6255 ) ;
#7501 = DIRECTION ( 'NONE',  ( -0.1378466330832345821, 0.9904535858623645384, 0.000000000000000000 ) ) ;
#7502 = DIRECTION ( 'NONE',  ( 0.9956305605605112463, 0.09337979908932293738, -0.000000000000000000 ) ) ;
#7503 = AXIS2_PLACEMENT_3D ( 'NONE', #7012, #3400, #6374 ) ;
#7504 = DIRECTION ( 'NONE',  ( -0.09337979908932035611, 0.9956305605605114684, 0.000000000000000000 ) ) ;
#7505 = DIRECTION ( 'NONE',  ( -0.9744559494616373829, 0.2245787224089114686, 0.000000000000000000 ) ) ;
#7506 = EDGE_LOOP ( 'NONE', ( #164, #6848, #6995 ) ) ;
#7507 = LINE ( 'NONE', #1719, #6922 ) ;
#7508 = AXIS2_PLACEMENT_3D ( 'NONE', #6279, #1885, #8544 ) ;
#7509 = ORIENTED_EDGE ( 'NONE', *, *, #1255, .T. ) ;
#7510 = CARTESIAN_POINT ( 'NONE',  ( 321.8232857621647440, 1144.425470996566219, -6.300000000000287592 ) ) ;
#7511 = DIRECTION ( 'NONE',  ( 1.000000000000000000, 0.000000000000000000, 0.000000000000000000 ) ) ;
#7512 = EDGE_CURVE ( 'NONE', #2231, #9469, #3179, .T. ) ;
#7513 = ORIENTED_EDGE ( 'NONE', *, *, #7538, .F. ) ;
#7514 = VECTOR ( 'NONE', #2917, 999.9999999999998863 ) ;
#7515 = VECTOR ( 'NONE', #63, 1000.000000000000000 ) ;
#7516 = FACE_OUTER_BOUND ( 'NONE', #8142, .T. ) ;
#7517 = ORIENTED_EDGE ( 'NONE', *, *, #3532, .F. ) ;
#7518 = ORIENTED_EDGE ( 'NONE', *, *, #83, .F. ) ;
#7519 = CARTESIAN_POINT ( 'NONE',  ( 285.8179776046322900, 1001.175907056925098, -5.500000000000287770 ) ) ;
#7520 = DIRECTION ( 'NONE',  ( 1.000000000000000000, 0.000000000000000000, 0.000000000000000000 ) ) ;
#7521 = ORIENTED_EDGE ( 'NONE', *, *, #8980, .T. ) ;
#7522 = DIRECTION ( 'NONE',  ( -0.000000000000000000, -0.000000000000000000, -1.000000000000000000 ) ) ;
#7523 = VECTOR ( 'NONE', #3593, 1000.000000000000000 ) ;
#7524 = DIRECTION ( 'NONE',  ( 0.4977330300470779179, 0.8673302893362797583, 0.000000000000000000 ) ) ;
#7525 = CARTESIAN_POINT ( 'NONE',  ( 277.0501109898323193, 982.5281748859821391, 5.999999999999712230 ) ) ;
#7526 = AXIS2_PLACEMENT_3D ( 'NONE', #8343, #6853, #217 ) ;
#7527 = AXIS2_PLACEMENT_3D ( 'NONE', #5401, #6165, #6019 ) ;
#7528 = LINE ( 'NONE', #4579, #5374 ) ;
#7529 = DIRECTION ( 'NONE',  ( 1.000000000000000000, 0.000000000000000000, -0.000000000000000000 ) ) ;
#7530 = DIRECTION ( 'NONE',  ( -0.9882948916112398452, -0.1525555872956738945, -0.000000000000000000 ) ) ;
#7531 = DIRECTION ( 'NONE',  ( 0.1525555872956738668, -0.9882948916112397342, 0.000000000000000000 ) ) ;
#7532 = LINE ( 'NONE', #8869, #2300 ) ;
#7533 = ORIENTED_EDGE ( 'NONE', *, *, #7134, .T. ) ;
#7534 = CARTESIAN_POINT ( 'NONE',  ( 492.6058677437063125, 920.0663942819784324, -5.500000000000289546 ) ) ;
#7535 = VECTOR ( 'NONE', #3755, 1000.000000000000000 ) ;
#7536 = ADVANCED_FACE ( 'NONE', ( #9338 ), #7135, .F. ) ;
#7537 = AXIS2_PLACEMENT_3D ( 'NONE', #4805, #9185, #2679 ) ;
#7538 = EDGE_CURVE ( 'NONE', #4432, #8212, #8250, .T. ) ;
#7539 = EDGE_CURVE ( 'NONE', #9260, #4614, #8520, .T. ) ;
#7540 = DIRECTION ( 'NONE',  ( 0.4943022244885922345, 0.8692901189278694485, 0.000000000000000000 ) ) ;
#7541 = ORIENTED_EDGE ( 'NONE', *, *, #5719, .T. ) ;
#7542 = CARTESIAN_POINT ( 'NONE',  ( 306.6499202440455747, 1041.921596902509691, -5.500000000000289546 ) ) ;
#7543 = CARTESIAN_POINT ( 'NONE',  ( 291.8848476277852342, 1001.241668894987697, 5.999999999999712230 ) ) ;
#7544 = AXIS2_PLACEMENT_3D ( 'NONE', #1589, #7340, #861 ) ;
#7545 = AXIS2_PLACEMENT_3D ( 'NONE', #8070, #7267, #3561 ) ;
#7546 = DIRECTION ( 'NONE',  ( 0.000000000000000000, 1.000000000000000000, 0.000000000000000000 ) ) ;
#7547 = EDGE_LOOP ( 'NONE', ( #6869, #3141, #4507, #8308 ) ) ;
#7548 =( BOUNDED_CURVE ( )  B_SPLINE_CURVE ( 3, ( #8271, #937, #4042, #6007 ),
 .UNSPECIFIED., .F., .F. ) 
 B_SPLINE_CURVE_WITH_KNOTS ( ( 4, 4 ),
 ( 0.2393306788001585417, 0.4138636039995071680 ),
 .UNSPECIFIED. ) 
 CURVE ( )  GEOMETRIC_REPRESENTATION_ITEM ( )  RATIONAL_B_SPLINE_CURVE ( ( 1.000000000000000000, 0.9974631320611662133, 0.9974631320611662133, 1.000000000000000000 ) ) 
 REPRESENTATION_ITEM ( '' )  );
#7549 = ORIENTED_EDGE ( 'NONE', *, *, #7749, .T. ) ;
#7550 = ADVANCED_FACE ( 'NONE', ( #2017, #5723, #9248 ), #8623, .F. ) ;
#7551 = LINE ( 'NONE', #9026, #6866 ) ;
#7552 = AXIS2_PLACEMENT_3D ( 'NONE', #8820, #2210, #7912 ) ;
#7553 = ORIENTED_EDGE ( 'NONE', *, *, #2538, .F. ) ;
#7554 = VECTOR ( 'NONE', #7095, 1000.000000000000114 ) ;
#7555 = ORIENTED_EDGE ( 'NONE', *, *, #6702, .T. ) ;
#7556 = EDGE_CURVE ( 'NONE', #6379, #251, #8566, .T. ) ;
#7557 = CARTESIAN_POINT ( 'NONE',  ( 280.3802583216506719, 1003.018224043983537, 5.499999999999711342 ) ) ;
#7558 = CYLINDRICAL_SURFACE ( 'NONE', #8595, 0.5000000000000004441 ) ;
#7559 = DIRECTION ( 'NONE',  ( -0.1525555872956738668, 0.9882948916112397342, 0.000000000000000000 ) ) ;
#7560 = EDGE_CURVE ( 'NONE', #1498, #1950, #4221, .T. ) ;
#7561 = CARTESIAN_POINT ( 'NONE',  ( 285.6957229787032588, 1045.716630853008155, 61.58012167084567778 ) ) ;
#7562 = VERTEX_POINT ( 'NONE', #3514 ) ;
#7563 = CARTESIAN_POINT ( 'NONE',  ( -145.0235740941341192, 961.4305211312549773, 5.499999999999713118 ) ) ;
#7564 = ORIENTED_EDGE ( 'NONE', *, *, #7788, .T. ) ;
#7565 = DIRECTION ( 'NONE',  ( 0.000000000000000000, 0.000000000000000000, 1.000000000000000000 ) ) ;
#7566 = DIRECTION ( 'NONE',  ( -1.000000000000000000, 0.000000000000000000, 0.000000000000000000 ) ) ;
#7567 = ORIENTED_EDGE ( 'NONE', *, *, #7712, .F. ) ;
#7568 = CARTESIAN_POINT ( 'NONE',  ( 278.5987407221348349, 1006.531252087311145, -5.704419198344898412 ) ) ;
#7569 = EDGE_CURVE ( 'NONE', #2380, #8944, #3564, .T. ) ;
#7570 = ORIENTED_EDGE ( 'NONE', *, *, #790, .T. ) ;
#7571 = ORIENTED_EDGE ( 'NONE', *, *, #1775, .T. ) ;
#7572 = CARTESIAN_POINT ( 'NONE',  ( 299.8143838466118609, 1074.436046179389450, 5.499999999999711342 ) ) ;
#7573 = CARTESIAN_POINT ( 'NONE',  ( -187.0931137129737181, 1011.755964447909264, 61.58012167084567778 ) ) ;
#7574 = ORIENTED_EDGE ( 'NONE', *, *, #6484, .F. ) ;
#7575 = DIRECTION ( 'NONE',  ( -0.000000000000000000, -0.000000000000000000, -1.000000000000000000 ) ) ;
#7576 = EDGE_CURVE ( 'NONE', #7603, #3701, #6351, .T. ) ;
#7577 = EDGE_LOOP ( 'NONE', ( #3889, #9090, #5638, #8071, #1720 ) ) ;
#7578 = CARTESIAN_POINT ( 'NONE',  ( 287.3483197264637852, 1055.304092882510986, 5.499999999999711342 ) ) ;
#7579 = DIRECTION ( 'NONE',  ( 0.000000000000000000, 0.000000000000000000, -1.000000000000000000 ) ) ;
#7580 = DIRECTION ( 'NONE',  ( -1.000000000000000000, 0.000000000000000000, 0.000000000000000000 ) ) ;
#7581 = CYLINDRICAL_SURFACE ( 'NONE', #4312, 0.4999999999999201750 ) ;
#7582 = DIRECTION ( 'NONE',  ( -0.000000000000000000, -0.000000000000000000, -1.000000000000000000 ) ) ;
#7583 = CARTESIAN_POINT ( 'NONE',  ( 298.4673262318539173, 1048.923251734582664, -5.500000000000287770 ) ) ;
#7584 = ORIENTED_EDGE ( 'NONE', *, *, #2543, .T. ) ;
#7585 = CARTESIAN_POINT ( 'NONE',  ( 300.8423041959673583, 1116.982560454410759, 210.7946508136983255 ) ) ;
#7586 =( BOUNDED_CURVE ( )  B_SPLINE_CURVE ( 3, ( #3632, #3363, #4085, #3316 ),
 .UNSPECIFIED., .F., .T. ) 
 B_SPLINE_CURVE_WITH_KNOTS ( ( 4, 4 ),
 ( 4.656355354185697237, 4.712388980384481840 ),
 .UNSPECIFIED. ) 
 CURVE ( )  GEOMETRIC_REPRESENTATION_ITEM ( )  RATIONAL_B_SPLINE_CURVE ( ( 1.000000000000000000, 0.9997383698422936948, 0.9997383698422936948, 1.000000000000000000 ) ) 
 REPRESENTATION_ITEM ( '' )  );
#7587 = CARTESIAN_POINT ( 'NONE',  ( 299.2167550684165462, 1020.847265123232773, -5.995535269261444533 ) ) ;
#7588 = EDGE_LOOP ( 'NONE', ( #8521, #4710, #3788, #1777 ) ) ;
#7589 = LINE ( 'NONE', #5989, #270 ) ;
#7590 = DIRECTION ( 'NONE',  ( 0.8815943511950998790, -0.4720078388553425319, 0.000000000000000000 ) ) ;
#7591 = EDGE_CURVE ( 'NONE', #4662, #1479, #9290, .T. ) ;
#7592 = CARTESIAN_POINT ( 'NONE',  ( 297.9109979982561640, 1046.360102390067368, 5.999999999999712230 ) ) ;
#7593 = ORIENTED_EDGE ( 'NONE', *, *, #3687, .F. ) ;
#7594 = ORIENTED_EDGE ( 'NONE', *, *, #2279, .T. ) ;
#7595 = CARTESIAN_POINT ( 'NONE',  ( 301.9349829883591951, 1028.850398070247365, 5.499999999999711342 ) ) ;
#7596 = ORIENTED_EDGE ( 'NONE', *, *, #4967, .T. ) ;
#7597 = EDGE_LOOP ( 'NONE', ( #246, #928, #7450, #1674, #1188, #9135, #8340 ) ) ;
#7598 = CARTESIAN_POINT ( 'NONE',  ( 291.2724281967871320, 1079.293236646936521, 5.999999999999712230 ) ) ;
#7599 = CYLINDRICAL_SURFACE ( 'NONE', #7822, 0.4999999999998900324 ) ;
#7600 = CYLINDRICAL_SURFACE ( 'NONE', #2865, 0.5000000000000004441 ) ;
#7601 =( BOUNDED_CURVE ( )  B_SPLINE_CURVE ( 3, ( #5429, #6049, #8984, #249 ),
 .UNSPECIFIED., .F., .F. ) 
 B_SPLINE_CURVE_WITH_KNOTS ( ( 4, 4 ),
 ( 0.3170339766475743781, 0.4915669018469208118 ),
 .UNSPECIFIED. ) 
 CURVE ( )  GEOMETRIC_REPRESENTATION_ITEM ( )  RATIONAL_B_SPLINE_CURVE ( ( 1.000000000000000000, 0.9974631320611662133, 0.9974631320611662133, 1.000000000000000000 ) ) 
 REPRESENTATION_ITEM ( '' )  );
#7602 = CARTESIAN_POINT ( 'NONE',  ( 285.6169027367602666, 1000.718120100459146, -5.500000000000287770 ) ) ;
#7603 = VERTEX_POINT ( 'NONE', #3465 ) ;
#7604 = DIRECTION ( 'NONE',  ( 0.000000000000000000, 0.000000000000000000, 1.000000000000000000 ) ) ;
#7605 = ORIENTED_EDGE ( 'NONE', *, *, #5955, .T. ) ;
#7606 = DIRECTION ( 'NONE',  ( 1.000000000000000000, 0.000000000000000000, -0.000000000000000000 ) ) ;
#7607 = LINE ( 'NONE', #8471, #3475 ) ;
#7608 = ADVANCED_FACE ( 'NONE', ( #6398 ), #8706, .F. ) ;
#7609 = DESIGN_CONTEXT ( 'detailed design', #522, 'design' ) ;
#7610 = ORIENTED_EDGE ( 'NONE', *, *, #5394, .F. ) ;
#7611 = CARTESIAN_POINT ( 'NONE',  ( 277.9752806091830166, 955.4753576607306513, -9.000000000000287770 ) ) ;
#7612 = EDGE_LOOP ( 'NONE', ( #7288, #2376, #812, #6296 ) ) ;
#7613 = ORIENTED_EDGE ( 'NONE', *, *, #1279, .F. ) ;
#7614 = SPHERICAL_SURFACE ( 'NONE', #893, 0.5000000000000000000 ) ;
#7615 = CYLINDRICAL_SURFACE ( 'NONE', #4286, 0.4999999999999621969 ) ;
#7616 = VECTOR ( 'NONE', #1889, 1000.000000000000000 ) ;
#7617 = VERTEX_POINT ( 'NONE', #551 ) ;
#7618 = CARTESIAN_POINT ( 'NONE',  ( 347.0085846824679834, 1140.092221637931743, 8.299999999999714717 ) ) ;
#7619 = EDGE_CURVE ( 'NONE', #3211, #2715, #7984, .T. ) ;
#7620 = EDGE_LOOP ( 'NONE', ( #5856, #8338, #754, #3176, #3672, #6572, #8649, #637 ) ) ;
#7621 = DIRECTION ( 'NONE',  ( 1.000000000000000000, 0.000000000000000000, 0.000000000000000000 ) ) ;
#7622 = AXIS2_PLACEMENT_3D ( 'NONE', #176, #3142, #2272 ) ;
#7623 = LINE ( 'NONE', #1147, #7027 ) ;
#7624 = DIRECTION ( 'NONE',  ( 0.3502424885566279289, 0.9366590624179432778, 0.000000000000000000 ) ) ;
#7625 = CARTESIAN_POINT ( 'NONE',  ( 299.8906616402597365, 1073.941898733583912, -5.500000000000287770 ) ) ;
#7626 = FACE_OUTER_BOUND ( 'NONE', #4524, .T. ) ;
#7627 = DIRECTION ( 'NONE',  ( -1.000000000000000000, 0.000000000000000000, 0.000000000000000000 ) ) ;
#7628 = EDGE_CURVE ( 'NONE', #405, #4795, #6879, .T. ) ;
#7629 = FACE_OUTER_BOUND ( 'NONE', #5248, .T. ) ;
#7630 = ORIENTED_EDGE ( 'NONE', *, *, #5027, .F. ) ;
#7631 = DIRECTION ( 'NONE',  ( 0.000000000000000000, 0.000000000000000000, -1.000000000000000000 ) ) ;
#7632 = CIRCLE ( 'NONE', #3482, 0.5000000000000004441 ) ;
#7633 = LINE ( 'NONE', #8973, #4881 ) ;
#7634 = DIRECTION ( 'NONE',  ( 0.1736481776669271393, 0.9848077530122086864, -0.000000000000000000 ) ) ;
#7635 = EDGE_LOOP ( 'NONE', ( #4076, #5613, #1878, #5721 ) ) ;
#7636 = VERTEX_POINT ( 'NONE', #4911 ) ;
#7637 = CARTESIAN_POINT ( 'NONE',  ( 280.5813331895226952, 1003.476011000449262, 5.499999999999711342 ) ) ;
#7638 = CYLINDRICAL_SURFACE ( 'NONE', #6399, 0.5000000000000004441 ) ;
#7639 = AXIS2_PLACEMENT_3D ( 'NONE', #6804, #168, #8821 ) ;
#7640 = ORIENTED_EDGE ( 'NONE', *, *, #8825, .F. ) ;
#7641 = EDGE_CURVE ( 'NONE', #1851, #4987, #2785, .T. ) ;
#7642 = VERTEX_POINT ( 'NONE', #5001 ) ;
#7643 = CARTESIAN_POINT ( 'NONE',  ( 286.0451786143489699, 1003.806640785750460, 5.499999999999711342 ) ) ;
#7644 = DIRECTION ( 'NONE',  ( -0.1491541315386218369, 0.9888139587632041039, 0.000000000000000000 ) ) ;
#7645 = CIRCLE ( 'NONE', #2851, 0.5000000000000004441 ) ;
#7646 = LINE ( 'NONE', #2530, #6890 ) ;
#7647 = CARTESIAN_POINT ( 'NONE',  ( 272.7112994139250759, 957.4437044664329051, 13.24999999999971401 ) ) ;
#7648 = CIRCLE ( 'NONE', #5173, 0.5000000000000004441 ) ;
#7649 = VERTEX_POINT ( 'NONE', #7935 ) ;
#7650 = DIRECTION ( 'NONE',  ( -0.000000000000000000, -0.000000000000000000, 1.000000000000000000 ) ) ;
#7651 = VERTEX_POINT ( 'NONE', #1330 ) ;
#7652 = CARTESIAN_POINT ( 'NONE',  ( 301.9349829883591951, 1028.850398070247365, -6.000000000000262013 ) ) ;
#7653 = DIRECTION ( 'NONE',  ( 0.000000000000000000, 0.000000000000000000, 1.000000000000000000 ) ) ;
#7654 = AXIS2_PLACEMENT_3D ( 'NONE', #5223, #6523, #732 ) ;
#7655 = VECTOR ( 'NONE', #133, 1000.000000000000000 ) ;
#7656 = ADVANCED_FACE ( 'NONE', ( #2820, #7226 ), #2097, .T. ) ;
#7657 = VERTEX_POINT ( 'NONE', #9473 ) ;
#7658 = EDGE_CURVE ( 'NONE', #3701, #4795, #1785, .T. ) ;
#7659 = CARTESIAN_POINT ( 'NONE',  ( 336.1950601088341273, 1158.572179699236813, -8.800000000000286704 ) ) ;
#7660 = ORIENTED_EDGE ( 'NONE', *, *, #8046, .F. ) ;
#7661 = VECTOR ( 'NONE', #6084, 999.9999999999998863 ) ;
#7662 = EDGE_CURVE ( 'NONE', #9225, #494, #1520, .T. ) ;
#7663 = EDGE_LOOP ( 'NONE', ( #5519, #9222, #2879, #20 ) ) ;
#7664 = CYLINDRICAL_SURFACE ( 'NONE', #4156, 0.5000000000000004441 ) ;
#7665 = DIRECTION ( 'NONE',  ( -0.000000000000000000, -0.000000000000000000, 1.000000000000000000 ) ) ;
#7666 = ORIENTED_EDGE ( 'NONE', *, *, #4943, .F. ) ;
#7667 = FACE_OUTER_BOUND ( 'NONE', #8405, .T. ) ;
#7668 = ADVANCED_FACE ( 'NONE', ( #8180 ), #2195, .F. ) ;
#7669 = VECTOR ( 'NONE', #2965, 1000.000000000000000 ) ;
#7670 = VERTEX_POINT ( 'NONE', #4556 ) ;
#7671 = DIRECTION ( 'NONE',  ( -0.000000000000000000, -0.000000000000000000, -1.000000000000000000 ) ) ;
#7672 = EDGE_CURVE ( 'NONE', #4706, #7468, #2562, .T. ) ;
#7673 = PLANE ( 'NONE',  #5324 ) ;
#7674 = CARTESIAN_POINT ( 'NONE',  ( 293.3979569278979511, 1048.949991886945554, -6.000000000000287770 ) ) ;
#7675 = ADVANCED_FACE ( 'NONE', ( #6594 ), #9529, .F. ) ;
#7676 = CARTESIAN_POINT ( 'NONE',  ( 325.4985270866377505, 1096.843355851571914, 8.999999999999706901 ) ) ;
#7677 = AXIS2_PLACEMENT_3D ( 'NONE', #6171, #420, #7811 ) ;
#7678 = EDGE_CURVE ( 'NONE', #2846, #9243, #3348, .T. ) ;
#7679 = DIRECTION ( 'NONE',  ( -0.000000000000000000, -0.000000000000000000, 1.000000000000000000 ) ) ;
#7680 = AXIS2_PLACEMENT_3D ( 'NONE', #7772, #432, #3300 ) ;
#7681 = AXIS2_PLACEMENT_3D ( 'NONE', #2686, #5627, #4194 ) ;
#7682 = CARTESIAN_POINT ( 'NONE',  ( 315.9060685536227311, 1065.754460853997898, -5.843557711779014952 ) ) ;
#7683 = VERTEX_POINT ( 'NONE', #2968 ) ;
#7684 = CARTESIAN_POINT ( 'NONE',  ( -94.91769211850635202, 1012.027825425412971, 61.58012167084567778 ) ) ;
#7685 = DIRECTION ( 'NONE',  ( -1.000000000000000000, 0.000000000000000000, 5.204170427930416550E-15 ) ) ;
#7686 = PLANE ( 'NONE',  #2416 ) ;
#7687 = ORIENTED_EDGE ( 'NONE', *, *, #7672, .F. ) ;
#7688 = VECTOR ( 'NONE', #4444, 1000.000000000000000 ) ;
#7689 = VECTOR ( 'NONE', #985, 1000.000000000000114 ) ;
#7690 = ORIENTED_EDGE ( 'NONE', *, *, #6683, .F. ) ;
#7691 = DIRECTION ( 'NONE',  ( -0.4701601434347756348, -0.8825811234812305228, 0.000000000000000000 ) ) ;
#7692 = EDGE_CURVE ( 'NONE', #7359, #4039, #7040, .T. ) ;
#7693 = EDGE_LOOP ( 'NONE', ( #3287, #4199, #3195, #4096 ) ) ;
#7694 = VERTEX_POINT ( 'NONE', #5282 ) ;
#7695 = AXIS2_PLACEMENT_3D ( 'NONE', #1152, #6509, #4205 ) ;
#7696 = FACE_BOUND ( 'NONE', #7844, .T. ) ;
#7697 = CARTESIAN_POINT ( 'NONE',  ( 269.8466448106040048, 957.9488203634091406, 210.7946508136983255 ) ) ;
#7698 = VECTOR ( 'NONE', #1463, 1000.000000000000000 ) ;
#7699 = CARTESIAN_POINT ( 'NONE',  ( 282.4265049535765115, 1026.413367244012079, 210.7946508136983255 ) ) ;
#7700 = DIRECTION ( 'NONE',  ( 0.7778181919644202580, 0.6284893477611217527, 0.000000000000000000 ) ) ;
#7701 = ORIENTED_EDGE ( 'NONE', *, *, #3168, .F. ) ;
#7702 = LINE ( 'NONE', #4900, #5215 ) ;
#7703 = AXIS2_PLACEMENT_3D ( 'NONE', #214, #123, #6118 ) ;
#7704 = ORIENTED_EDGE ( 'NONE', *, *, #9071, .F. ) ;
#7705 = DIRECTION ( 'NONE',  ( -0.000000000000000000, -0.000000000000000000, -1.000000000000000000 ) ) ;
#7706 = FACE_OUTER_BOUND ( 'NONE', #4146, .T. ) ;
#7707 = FACE_OUTER_BOUND ( 'NONE', #2313, .T. ) ;
#7708 = VERTEX_POINT ( 'NONE', #5864 ) ;
#7709 = CARTESIAN_POINT ( 'NONE',  ( 278.5015157374441515, 1007.033032501936759, -5.995226719156057094 ) ) ;
#7710 = VECTOR ( 'NONE', #6101, 1000.000000000000000 ) ;
#7711 = CARTESIAN_POINT ( 'NONE',  ( 321.8232857621647440, 1144.425470996566219, 8.999999999999712230 ) ) ;
#7712 = EDGE_CURVE ( 'NONE', #8164, #6634, #1641, .T. ) ;
#7713 = VERTEX_POINT ( 'NONE', #8896 ) ;
#7714 = LINE ( 'NONE', #1046, #1984 ) ;
#7715 = EDGE_CURVE ( 'NONE', #160, #4031, #4473, .T. ) ;
#7716 = DIRECTION ( 'NONE',  ( 0.9904535858622688371, 0.1378466330839214771, -0.000000000000000000 ) ) ;
#7717 = VERTEX_POINT ( 'NONE', #8077 ) ;
#7718 = CARTESIAN_POINT ( 'NONE',  ( 333.6950601088341273, 1158.572179699236813, 8.799999999999712941 ) ) ;
#7719 = EDGE_CURVE ( 'NONE', #6260, #7295, #6103, .T. ) ;
#7720 = ORIENTED_EDGE ( 'NONE', *, *, #3253, .F. ) ;
#7721 = CARTESIAN_POINT ( 'NONE',  ( 297.8423041959673583, 1116.982560454410759, -10.75000000000028777 ) ) ;
#7722 = CARTESIAN_POINT ( 'NONE',  ( 282.9658938415576586, 1029.472393638123322, -6.000000000000289546 ) ) ;
#7723 = DIRECTION ( 'NONE',  ( 0.8692901189279574892, -0.4943022244884375804, 0.000000000000000000 ) ) ;
#7724 = CARTESIAN_POINT ( 'NONE',  ( 286.6745833012594176, 1053.384801987109768, 5.499999999999713118 ) ) ;
#7725 = DIRECTION ( 'NONE',  ( -0.3502424885566290946, -0.9366590624179427227, 0.000000000000000000 ) ) ;
#7726 = CARTESIAN_POINT ( 'NONE',  ( 291.7601408809391614, 1082.211813702168456, 5.949042008461047359 ) ) ;
#7727 = ADVANCED_FACE ( 'NONE', ( #5186 ), #7365, .F. ) ;
#7728 = CARTESIAN_POINT ( 'NONE',  ( 275.1653034219292522, 956.5260851264006305, -6.000000000000287770 ) ) ;
#7729 = ORIENTED_EDGE ( 'NONE', *, *, #8764, .F. ) ;
#7730 = CARTESIAN_POINT ( 'NONE',  ( 277.6325693320683854, 1000.111717654317999, 5.499999999999713118 ) ) ;
#7731 = LINE ( 'NONE', #7773, #7052 ) ;
#7732 = CARTESIAN_POINT ( 'NONE',  ( 281.8769223931648753, 1023.296529660770602, 61.58012167084567778 ) ) ;
#7733 = ORIENTED_EDGE ( 'NONE', *, *, #4613, .F. ) ;
#7734 = ORIENTED_EDGE ( 'NONE', *, *, #7130, .F. ) ;
#7735 = DIRECTION ( 'NONE',  ( 1.000000000000000000, 0.000000000000000000, 0.000000000000000000 ) ) ;
#7736 = ORIENTED_EDGE ( 'NONE', *, *, #7941, .F. ) ;
#7737 = EDGE_CURVE ( 'NONE', #2480, #3744, #3711, .T. ) ;
#7738 = VERTEX_POINT ( 'NONE', #3605 ) ;
#7739 = PLANE ( 'NONE',  #3784 ) ;
#7740 = CARTESIAN_POINT ( 'NONE',  ( 302.1190034444495609, 1028.878155982714816, -5.686102203007839861 ) ) ;
#7741 = CARTESIAN_POINT ( 'NONE',  ( 341.3966675867607137, 1133.649676604258275, 5.999999999999712230 ) ) ;
#7742 = EDGE_CURVE ( 'NONE', #4011, #2503, #8845, .T. ) ;
#7743 = CYLINDRICAL_SURFACE ( 'NONE', #3809, 3.000000000000002665 ) ;
#7744 = ORIENTED_EDGE ( 'NONE', *, *, #7132, .T. ) ;
#7745 = LINE ( 'NONE', #5614, #2139 ) ;
#7746 = ORIENTED_EDGE ( 'NONE', *, *, #8148, .F. ) ;
#7747 = CARTESIAN_POINT ( 'NONE',  ( 319.9556947817204673, 1077.039185728574012, 5.499999999999711342 ) ) ;
#7748 = DIRECTION ( 'NONE',  ( -0.000000000000000000, -0.000000000000000000, 1.000000000000000000 ) ) ;
#7749 = EDGE_CURVE ( 'NONE', #8586, #1648, #1565, .T. ) ;
#7750 = ORIENTED_EDGE ( 'NONE', *, *, #4832, .F. ) ;
#7751 = DIRECTION ( 'NONE',  ( -0.000000000000000000, -0.000000000000000000, 1.000000000000000000 ) ) ;
#7752 = VERTEX_POINT ( 'NONE', #4511 ) ;
#7753 = DIRECTION ( 'NONE',  ( -0.9833782218989826074, -0.1815689199582223023, 0.000000000000000000 ) ) ;
#7754 = FACE_OUTER_BOUND ( 'NONE', #8453, .T. ) ;
#7755 = ORIENTED_EDGE ( 'NONE', *, *, #2727, .F. ) ;
#7756 = DIRECTION ( 'NONE',  ( -0.000000000000000000, 0.000000000000000000, 1.000000000000000000 ) ) ;
#7757 = CARTESIAN_POINT ( 'NONE',  ( 306.6499202440455747, 1041.921596902509691, -5.500000000000289546 ) ) ;
#7758 = ORIENTED_EDGE ( 'NONE', *, *, #5255, .T. ) ;
#7759 = ADVANCED_FACE ( 'NONE', ( #833 ), #6684, .F. ) ;
#7760 = DIRECTION ( 'NONE',  ( 0.000000000000000000, 0.000000000000000000, 1.000000000000000000 ) ) ;
#7761 = FACE_OUTER_BOUND ( 'NONE', #3121, .T. ) ;
#7762 = LINE ( 'NONE', #4107, #5061 ) ;
#7763 = ORIENTED_EDGE ( 'NONE', *, *, #3613, .T. ) ;
#7764 = DIRECTION ( 'NONE',  ( -0.000000000000000000, -0.000000000000000000, 1.000000000000000000 ) ) ;
#7765 = EDGE_CURVE ( 'NONE', #8937, #7717, #8222, .T. ) ;
#7766 = DIRECTION ( 'NONE',  ( 1.000000000000000000, -8.881784197001244245E-13, 0.000000000000000000 ) ) ;
#7767 = CARTESIAN_POINT ( 'NONE',  ( 492.8418716631339294, 920.5071914575760275, -5.500000000000289546 ) ) ;
#7768 = AXIS2_PLACEMENT_3D ( 'NONE', #4334, #8712, #7277 ) ;
#7769 = CARTESIAN_POINT ( 'NONE',  ( 299.1931942579635688, 1020.784256072789958, -6.000000000000287770 ) ) ;
#7770 = ORIENTED_EDGE ( 'NONE', *, *, #93, .F. ) ;
#7771 = EDGE_CURVE ( 'NONE', #6504, #7603, #4044, .T. ) ;
#7772 = CARTESIAN_POINT ( 'NONE',  ( 279.5501109898323193, 982.5281748859821391, -13.25000000000028955 ) ) ;
#7773 = CARTESIAN_POINT ( 'NONE',  ( 325.4759082098976819, 1108.573730761489060, 61.58012167084567778 ) ) ;
#7774 = DIRECTION ( 'NONE',  ( -0.9833288001032857162, -0.1818363849383071162, 0.000000000000000000 ) ) ;
#7775 = VECTOR ( 'NONE', #4993, 1000.000000000000000 ) ;
#7776 = ADVANCED_FACE ( 'NONE', ( #3161 ), #8985, .T. ) ;
#7777 = ORIENTED_EDGE ( 'NONE', *, *, #4609, .T. ) ;
#7778 = VERTEX_POINT ( 'NONE', #2584 ) ;
#7779 = FACE_OUTER_BOUND ( 'NONE', #8645, .T. ) ;
#7780 = VERTEX_POINT ( 'NONE', #5518 ) ;
#7781 = VERTEX_POINT ( 'NONE', #6786 ) ;
#7782 = CARTESIAN_POINT ( 'NONE',  ( 291.7260464836525102, 1024.782185821986104, -5.500000000000289546 ) ) ;
#7783 = DIRECTION ( 'NONE',  ( -0.000000000000000000, -0.000000000000000000, 1.000000000000000000 ) ) ;
#7784 = LINE ( 'NONE', #9179, #4267 ) ;
#7785 = FACE_OUTER_BOUND ( 'NONE', #2518, .T. ) ;
#7786 = ORIENTED_EDGE ( 'NONE', *, *, #758, .F. ) ;
#7787 = DIRECTION ( 'NONE',  ( 0.9882948916112356263, 0.1525555872957001791, -0.000000000000000000 ) ) ;
#7788 = EDGE_CURVE ( 'NONE', #5421, #4887, #8464, .T. ) ;
#7789 = AXIS2_PLACEMENT_3D ( 'NONE', #1493, #4440, #5205 ) ;
#7790 = ORIENTED_EDGE ( 'NONE', *, *, #6960, .T. ) ;
#7791 = CARTESIAN_POINT ( 'NONE',  ( 280.3802583216506719, 1003.018224043983537, 5.999999999999712230 ) ) ;
#7792 = DIRECTION ( 'NONE',  ( -1.000000000000000000, 0.000000000000000000, 5.204170427930416550E-15 ) ) ;
#7793 = CARTESIAN_POINT ( 'NONE',  ( 308.8426026624659926, 1047.887567604083188, 5.792893218813191858 ) ) ;
#7794 = AXIS2_PLACEMENT_3D ( 'NONE', #4767, #807, #73 ) ;
#7795 = ORIENTED_EDGE ( 'NONE', *, *, #7737, .T. ) ;
#7796 = AXIS2_PLACEMENT_3D ( 'NONE', #5966, #842, #8906 ) ;
#7797 = CARTESIAN_POINT ( 'NONE',  ( 206.4775541938253411, 1022.250624440806746, -6.000000000000287770 ) ) ;
#7798 = DIRECTION ( 'NONE',  ( -0.000000000000000000, -0.000000000000000000, 1.000000000000000000 ) ) ;
#7799 = ORIENTED_EDGE ( 'NONE', *, *, #1525, .T. ) ;
#7800 = CARTESIAN_POINT ( 'NONE',  ( 291.8902388751505441, 1024.806952840434633, 5.999999999999712230 ) ) ;
#7801 = ADVANCED_FACE ( 'NONE', ( #6096 ), #3899, .T. ) ;
#7803 = AXIS2_PLACEMENT_3D ( 'NONE', #8943, #6732, #4420 ) ;
#7802 = LINE ( 'NONE', #7093, #7824 ) ;
#7804 = ORIENTED_EDGE ( 'NONE', *, *, #5777, .T. ) ;
#7805 = LINE ( 'NONE', #8629, #2010 ) ;
#7806 = CARTESIAN_POINT ( 'NONE',  ( 341.7446034872098153, 1142.060568443634111, 8.999999999999712230 ) ) ;
#7807 = VECTOR ( 'NONE', #8310, 1000.000000000000000 ) ;
#7808 = EDGE_CURVE ( 'NONE', #6086, #7100, #5032, .T. ) ;
#7809 = VERTEX_POINT ( 'NONE', #3314 ) ;
#7810 = AXIS2_PLACEMENT_3D ( 'NONE', #5885, #7967, #4309 ) ;
#7811 = DIRECTION ( 'NONE',  ( 1.000000000000000000, 0.000000000000000000, -0.000000000000000000 ) ) ;
#7812 = AXIS2_PLACEMENT_3D ( 'NONE', #3794, #6005, #3896 ) ;
#7813 = FACE_OUTER_BOUND ( 'NONE', #3992, .T. ) ;
#7814 = CARTESIAN_POINT ( 'NONE',  ( 282.5250966659601204, 1029.708397557551052, 5.999999999999712230 ) ) ;
#7815 = ORIENTED_EDGE ( 'NONE', *, *, #4799, .T. ) ;
#7816 = CARTESIAN_POINT ( 'NONE',  ( 327.5413952400728590, 1138.830542578913537, -6.300000000000287592 ) ) ;
#7817 = DIRECTION ( 'NONE',  ( -1.000000000000000000, -4.440892098500622123E-13, 6.938893903907222067E-15 ) ) ;
#7818 = CARTESIAN_POINT ( 'NONE',  ( 333.6950601088341273, 1158.572179699236813, 6.299999999999712941 ) ) ;
#7819 = CIRCLE ( 'NONE', #2587, 0.5000000000000004441 ) ;
#7820 = CARTESIAN_POINT ( 'NONE',  ( 343.4356252118062116, 1149.754090469072480, -6.300000000000287592 ) ) ;
#7821 = VERTEX_POINT ( 'NONE', #8413 ) ;
#7822 = AXIS2_PLACEMENT_3D ( 'NONE', #191, #7502, #1754 ) ;
#7823 = CARTESIAN_POINT ( 'NONE',  ( -154.5573143732661947, 1001.262601809380158, -5.500000000000289546 ) ) ;
#7824 = VECTOR ( 'NONE', #7665, 1000.000000000000000 ) ;
#7825 = DIRECTION ( 'NONE',  ( 0.1378466330838880316, -0.9904535858622735001, 0.000000000000000000 ) ) ;
#7826 = LINE ( 'NONE', #8499, #3194 ) ;
#7827 = ORIENTED_EDGE ( 'NONE', *, *, #1869, .T. ) ;
#7828 = EDGE_CURVE ( 'NONE', #8164, #7500, #8325, .T. ) ;
#7829 = EDGE_LOOP ( 'NONE', ( #5431, #5860, #8214, #4816, #4186, #2660 ) ) ;
#7830 = CARTESIAN_POINT ( 'NONE',  ( 277.9583438612434065, 1003.952551715511504, 5.999999999999712230 ) ) ;
#7831 = VECTOR ( 'NONE', #4839, 1000.000000000000000 ) ;
#7832 = ADVANCED_FACE ( 'NONE', ( #1717 ), #9035, .T. ) ;
#7833 = EDGE_LOOP ( 'NONE', ( #9411, #4293, #1418, #2932 ) ) ;
#7834 = VERTEX_POINT ( 'NONE', #6051 ) ;
#7835 = CARTESIAN_POINT ( 'NONE',  ( 291.3912742007565271, 1002.026588950475571, 5.499999999999713118 ) ) ;
#7836 = LINE ( 'NONE', #1223, #1979 ) ;
#7837 =( BOUNDED_CURVE ( )  B_SPLINE_CURVE ( 3, ( #3772, #6068, #2409, #1736 ),
 .UNSPECIFIED., .F., .F. ) 
 B_SPLINE_CURVE_WITH_KNOTS ( ( 4, 4 ),
 ( 3.633159555436690891, 4.712388980384674575 ),
 .UNSPECIFIED. ) 
 CURVE ( )  GEOMETRIC_REPRESENTATION_ITEM ( )  RATIONAL_B_SPLINE_CURVE ( ( 1.000000000000000000, 0.9052711385875089611, 0.9052711385875089611, 1.000000000000000000 ) ) 
 REPRESENTATION_ITEM ( '' )  );
#7838 = CARTESIAN_POINT ( 'NONE',  ( 303.0916329489322152, 1046.845992106606673, -5.500000000000287770 ) ) ;
#7839 = AXIS2_PLACEMENT_3D ( 'NONE', #1833, #6214, #1199 ) ;
#7840 = VECTOR ( 'NONE', #1868, 1000.000000000000000 ) ;
#7841 = CARTESIAN_POINT ( 'NONE',  ( 307.5381531382348044, 1073.495190733691516, 5.999999999999712230 ) ) ;
#7842 = EDGE_LOOP ( 'NONE', ( #1290, #7326, #9143, #2187, #5943 ) ) ;
#7843 = CARTESIAN_POINT ( 'NONE',  ( 287.3483197264637852, 1055.304092882510986, -5.500000000000287770 ) ) ;
#7844 = EDGE_LOOP ( 'NONE', ( #8125, #1220 ) ) ;
#7845 = LINE ( 'NONE', #1860, #6765 ) ;
#7846 = DIRECTION ( 'NONE',  ( -0.000000000000000000, -0.000000000000000000, -1.000000000000000000 ) ) ;
#7847 = EDGE_CURVE ( 'NONE', #5421, #4281, #5644, .T. ) ;
#7848 = CARTESIAN_POINT ( 'NONE',  ( 347.7912167416586158, 1119.102250538167482, -13.25000000000028955 ) ) ;
#7849 = VECTOR ( 'NONE', #4612, 999.9999999999998863 ) ;
#7850 = VECTOR ( 'NONE', #1231, 1000.000000000000114 ) ;
#7851 = ORIENTED_EDGE ( 'NONE', *, *, #1835, .T. ) ;
#7852 = EDGE_CURVE ( 'NONE', #2256, #1973, #1665, .T. ) ;
#7853 = LINE ( 'NONE', #1238, #6417 ) ;
#7854 = DIRECTION ( 'NONE',  ( -0.1491541315385617184, 0.9888139587632132077, 0.000000000000000000 ) ) ;
#7855 = ORIENTED_EDGE ( 'NONE', *, *, #681, .F. ) ;
#7856 = DIRECTION ( 'NONE',  ( -0.000000000000000000, -0.000000000000000000, 1.000000000000000000 ) ) ;
#7857 = AXIS2_PLACEMENT_3D ( 'NONE', #7767, #283, #3193 ) ;
#7858 = VECTOR ( 'NONE', #8440, 1000.000000000000000 ) ;
#7859 = EDGE_LOOP ( 'NONE', ( #8637, #3378, #2020, #440 ) ) ;
#7860 = CARTESIAN_POINT ( 'NONE',  ( 277.0501109898323193, 982.5281748859821391, -13.25000000000028955 ) ) ;
#7861 = DIRECTION ( 'NONE',  ( 1.000000000000000000, 0.000000000000000000, 0.000000000000000000 ) ) ;
#7862 =( BOUNDED_CURVE ( )  B_SPLINE_CURVE ( 3, ( #3339, #372, #7055, #1204 ),
 .UNSPECIFIED., .F., .F. ) 
 B_SPLINE_CURVE_WITH_KNOTS ( ( 4, 4 ),
 ( 4.369889953092747525, 4.712388980384689674 ),
 .UNSPECIFIED. ) 
 CURVE ( )  GEOMETRIC_REPRESENTATION_ITEM ( )  RATIONAL_B_SPLINE_CURVE ( ( 1.000000000000000000, 0.9902484012812102776, 0.9902484012812102776, 1.000000000000000000 ) ) 
 REPRESENTATION_ITEM ( '' )  );
#7863 = ORIENTED_EDGE ( 'NONE', *, *, #2526, .T. ) ;
#7864 = ADVANCED_FACE ( 'NONE', ( #8273 ), #4610, .F. ) ;
#7865 = CIRCLE ( 'NONE', #2155, 2.500000000000002220 ) ;
#7866 = DIRECTION ( 'NONE',  ( 0.8673302893362525579, -0.4977330300471251578, -0.000000000000000000 ) ) ;
#7867 = LINE ( 'NONE', #2025, #6245 ) ;
#7868 = DIRECTION ( 'NONE',  ( 0.000000000000000000, 0.000000000000000000, 1.000000000000000000 ) ) ;
#7869 = ORIENTED_EDGE ( 'NONE', *, *, #2752, .T. ) ;
#7870 = EDGE_CURVE ( 'NONE', #2335, #5118, #4114, .T. ) ;
#7871 = LINE ( 'NONE', #2114, #1361 ) ;
#7872 = CARTESIAN_POINT ( 'NONE',  ( 277.7941559147387238, 1002.362586326390556, 5.999999999999680256 ) ) ;
#7873 = CARTESIAN_POINT ( 'NONE',  ( 291.7601408809389909, 1081.998413293558315, 5.843557711778462505 ) ) ;
#7874 = CARTESIAN_POINT ( 'NONE',  ( 307.4659226208879090, 1044.335727586279063, -6.000000000000289546 ) ) ;
#7875 = ORIENTED_EDGE ( 'NONE', *, *, #7263, .T. ) ;
#7876 = DIRECTION ( 'NONE',  ( -0.9956305605605084708, -0.09337979908935137296, 0.000000000000000000 ) ) ;
#7877 = DIRECTION ( 'NONE',  ( -0.1736481776669272781, -0.9848077530122086864, 0.000000000000000000 ) ) ;
#7878 = DIRECTION ( 'NONE',  ( 1.000000000000000000, 0.000000000000000000, 0.000000000000000000 ) ) ;
#7879 = EDGE_LOOP ( 'NONE', ( #8078, #6581, #9398, #8857 ) ) ;
#7880 = ORIENTED_EDGE ( 'NONE', *, *, #4019, .F. ) ;
#7881 = ORIENTED_EDGE ( 'NONE', *, *, #6585, .F. ) ;
#7882 = ORIENTED_EDGE ( 'NONE', *, *, #6534, .T. ) ;
#7883 = ADVANCED_FACE ( 'NONE', ( #6880 ), #9089, .F. ) ;
#7884 = CARTESIAN_POINT ( 'NONE',  ( 290.5757563929499838, 999.0861364164272800, -5.500000000000287770 ) ) ;
#7885 = DIRECTION ( 'NONE',  ( 0.4720078388552952364, 0.8815943511951251921, 0.000000000000000000 ) ) ;
#7886 = ADVANCED_FACE ( 'NONE', ( #307 ), #2489, .F. ) ;
#7887 = DIRECTION ( 'NONE',  ( -0.3502424885566279289, -0.9366590624179432778, 0.000000000000000000 ) ) ;
#7888 = VERTEX_POINT ( 'NONE', #6194 ) ;
#7889 = DIRECTION ( 'NONE',  ( -0.000000000000000000, -0.000000000000000000, -1.000000000000000000 ) ) ;
#7890 = ORIENTED_EDGE ( 'NONE', *, *, #87, .F. ) ;
#7891 = CYLINDRICAL_SURFACE ( 'NONE', #7385, 0.5000000000001001421 ) ;
#7892 = CARTESIAN_POINT ( 'NONE',  ( 343.7169217884921864, 1113.199209766361719, 6.299999999999712941 ) ) ;
#7893 = CARTESIAN_POINT ( 'NONE',  ( 290.5757563929499838, 999.0861364164272800, -5.500000000000287770 ) ) ;
#7894 = ORIENTED_EDGE ( 'NONE', *, *, #1829, .T. ) ;
#7895 = PLANE ( 'NONE',  #3340 ) ;
#7896 = CARTESIAN_POINT ( 'NONE',  ( 282.6633445611875004, 1029.966610564760231, 5.999999999999767297 ) ) ;
#7897 = ORIENTED_EDGE ( 'NONE', *, *, #8939, .T. ) ;
#7898 = CARTESIAN_POINT ( 'NONE',  ( 328.7864743326773578, 1162.178293110218874, -8.800000000000286704 ) ) ;
#7899 = ORIENTED_EDGE ( 'NONE', *, *, #3688, .F. ) ;
#7900 = PLANE ( 'NONE',  #2307 ) ;
#7901 = EDGE_CURVE ( 'NONE', #1044, #6204, #945, .T. ) ;
#7902 = LINE ( 'NONE', #4917, #3617 ) ;
#7903 = ORIENTED_EDGE ( 'NONE', *, *, #3049, .F. ) ;
#7904 = DIRECTION ( 'NONE',  ( 0.9888139587632130967, 0.1491541315385616906, -0.000000000000000000 ) ) ;
#7905 = DIRECTION ( 'NONE',  ( -1.000000000000000000, 4.440892098500622123E-13, 5.204170427930416550E-15 ) ) ;
#7906 = VERTEX_POINT ( 'NONE', #5472 ) ;
#7907 = LINE ( 'NONE', #5693, #5979 ) ;
#7908 = DIRECTION ( 'NONE',  ( -0.000000000000000000, -0.000000000000000000, -1.000000000000000000 ) ) ;
#7909 =( BOUNDED_CURVE ( )  B_SPLINE_CURVE ( 3, ( #5289, #3718, #793, #8083 ),
 .UNSPECIFIED., .F., .F. ) 
 B_SPLINE_CURVE_WITH_KNOTS ( ( 4, 4 ),
 ( 1.257976439611301123, 1.570796326794914988 ),
 .UNSPECIFIED. ) 
 CURVE ( )  GEOMETRIC_REPRESENTATION_ITEM ( )  RATIONAL_B_SPLINE_CURVE ( ( 1.000000000000000000, 0.9918619210403606390, 0.9918619210403606390, 1.000000000000000000 ) ) 
 REPRESENTATION_ITEM ( '' )  );
#7910 = CARTESIAN_POINT ( 'NONE',  ( 299.2089425194389491, 1020.826371899139303, 5.998509535764834588 ) ) ;
#7911 = EDGE_CURVE ( 'NONE', #1140, #179, #3298, .T. ) ;
#7912 = DIRECTION ( 'NONE',  ( -0.4977330300470779179, -0.8673302893362797583, 0.000000000000000000 ) ) ;
#7913 = SPHERICAL_SURFACE ( 'NONE', #1824, 0.5000000000000000000 ) ;
#7914 = CARTESIAN_POINT ( 'NONE',  ( 323.1376450562738682, 1086.246864362677343, 210.7946508136983255 ) ) ;
#7915 = LINE ( 'NONE', #6375, #9194 ) ;
#7916 = VERTEX_POINT ( 'NONE', #2674 ) ;
#7917 = ADVANCED_FACE ( 'NONE', ( #4222 ), #7024, .F. ) ;
#7918 = VERTEX_POINT ( 'NONE', #7925 ) ;
#7920 = CIRCLE ( 'NONE', #8539, 0.5000000000000598410 ) ;
#7919 = DIRECTION ( 'NONE',  ( -0.000000000000000000, -0.000000000000000000, 1.000000000000000000 ) ) ;
#7921 = EDGE_LOOP ( 'NONE', ( #8032, #2008, #3724, #6653, #478, #6306 ) ) ;
#7922 = EDGE_LOOP ( 'NONE', ( #2041, #5273, #34, #2532 ) ) ;
#7923 = LINE ( 'NONE', #2581, #7831 ) ;
#7924 = CARTESIAN_POINT ( 'NONE',  ( 303.0916329489322152, 1046.845992106606673, -5.500000000000287770 ) ) ;
#7925 = CARTESIAN_POINT ( 'NONE',  ( 286.6096688964304349, 1052.845572627382353, 5.999999999999712230 ) ) ;
#7926 = ORIENTED_EDGE ( 'NONE', *, *, #7376, .T. ) ;
#7927 = ORIENTED_EDGE ( 'NONE', *, *, #677, .T. ) ;
#7928 = CARTESIAN_POINT ( 'NONE',  ( 340.6938760215396087, 1139.250591256380176, -6.000000000000287770 ) ) ;
#7929 = ADVANCED_FACE ( 'NONE', ( #9378 ), #9325, .F. ) ;
#7930 = DIRECTION ( 'NONE',  ( 0.1736481776669272781, 0.9848077530122085754, 0.000000000000000000 ) ) ;
#7931 = AXIS2_PLACEMENT_3D ( 'NONE', #809, #5839, #1587 ) ;
#7932 = CARTESIAN_POINT ( 'NONE',  ( 277.2722590462324206, 1000.061571377423434, 5.499999999999713118 ) ) ;
#7933 = ORIENTED_EDGE ( 'NONE', *, *, #3570, .F. ) ;
#7934 = CARTESIAN_POINT ( 'NONE',  ( 327.5413952400728590, 1138.830542578913537, -6.000000000000287770 ) ) ;
#7935 = CARTESIAN_POINT ( 'NONE',  ( 286.0451786143489699, 1003.806640785750460, 5.999999999999712230 ) ) ;
#7936 = AXIS2_PLACEMENT_3D ( 'NONE', #9437, #6362, #7235 ) ;
#7937 = ORIENTED_EDGE ( 'NONE', *, *, #690, .F. ) ;
#7938 = DIRECTION ( 'NONE',  ( 0.000000000000000000, 0.000000000000000000, 1.000000000000000000 ) ) ;
#7939 = EDGE_LOOP ( 'NONE', ( #6498, #6044, #146, #7999 ) ) ;
#7940 = DIRECTION ( 'NONE',  ( -0.3502424885566279289, -0.9366590624179432778, 0.000000000000000000 ) ) ;
#7941 = EDGE_CURVE ( 'NONE', #3205, #5196, #5714, .T. ) ;
#7942 = SPHERICAL_SURFACE ( 'NONE', #3312, 0.5000000000000000000 ) ;
#7943 = EDGE_CURVE ( 'NONE', #7415, #8957, #1998, .T. ) ;
#7944 = AXIS2_PLACEMENT_3D ( 'NONE', #1329, #6449, #1905 ) ;
#7945 = VERTEX_POINT ( 'NONE', #9233 ) ;
#7946 = EDGE_CURVE ( 'NONE', #1479, #2875, #1631, .T. ) ;
#7947 = DIRECTION ( 'NONE',  ( -0.000000000000000000, -0.000000000000000000, -1.000000000000000000 ) ) ;
#7948 = CARTESIAN_POINT ( 'NONE',  ( 271.1149395390891641, 1010.364485667418990, -6.000000000000287770 ) ) ;
#7949 = EDGE_LOOP ( 'NONE', ( #4802, #2481, #3107 ) ) ;
#7950 = AXIS2_PLACEMENT_3D ( 'NONE', #4372, #7314, #692 ) ;
#7951 = EDGE_LOOP ( 'NONE', ( #5705, #7320, #668, #844, #6109, #7256, #1514, #7253 ) ) ;
#7952 = DIRECTION ( 'NONE',  ( 1.000000000000000000, 0.000000000000000000, 1.110223024625155531E-13 ) ) ;
#7953 = CARTESIAN_POINT ( 'NONE',  ( 321.8232857621647440, 1144.425470996566219, -8.800000000000286704 ) ) ;
#7954 = CARTESIAN_POINT ( 'NONE',  ( 281.7746236047186699, 1059.079139943007249, 5.499999999999711342 ) ) ;
#7955 = EDGE_CURVE ( 'NONE', #672, #8944, #1173, .T. ) ;
#7956 = AXIS2_PLACEMENT_3D ( 'NONE', #3595, #820, #4501 ) ;
#7957 = ADVANCED_FACE ( 'NONE', ( #4083, #8558 ), #393, .F. ) ;
#7958 = VECTOR ( 'NONE', #4508, 1000.000000000000000 ) ;
#7959 = ORIENTED_CLOSED_SHELL ( 'NONE', *, #7099, .F. );
#7960 = DATE_TIME_ROLE ( 'classification_date' ) ;
#7961 = FACE_BOUND ( 'NONE', #9276, .T. ) ;
#7962 = VECTOR ( 'NONE', #8352, 1000.000000000000000 ) ;
#7963 = ADVANCED_FACE ( 'NONE', ( #7785 ), #1271, .F. ) ;
#7964 = LINE ( 'NONE', #2213, #6292 ) ;
#7965 = DIRECTION ( 'NONE',  ( 0.3248897391129313417, -0.9457519005633198139, 0.000000000000000000 ) ) ;
#7966 = VECTOR ( 'NONE', #2141, 1000.000000000000000 ) ;
#7967 = DIRECTION ( 'NONE',  ( 0.000000000000000000, 1.000000000000000000, 0.000000000000000000 ) ) ;
#7968 = ORIENTED_EDGE ( 'NONE', *, *, #7347, .F. ) ;
#7969 = ORIENTED_EDGE ( 'NONE', *, *, #2168, .F. ) ;
#7970 = DIRECTION ( 'NONE',  ( -0.000000000000000000, -0.000000000000000000, -1.000000000000000000 ) ) ;
#7971 = VERTEX_POINT ( 'NONE', #1318 ) ;
#7972 = CIRCLE ( 'NONE', #4140, 0.4999999999998887557 ) ;
#7973 = VERTEX_POINT ( 'NONE', #2086 ) ;
#7974 = CARTESIAN_POINT ( 'NONE',  ( 287.3049690295606524, 1027.149241840084187, 5.999999999999712230 ) ) ;
#7975 = DIRECTION ( 'NONE',  ( 0.9956305605605084708, 0.09337979908935137296, -0.000000000000000000 ) ) ;
#7976 = LINE ( 'NONE', #5127, #9028 ) ;
#7977 = ORIENTED_EDGE ( 'NONE', *, *, #5933, .T. ) ;
#7978 = ORIENTED_EDGE ( 'NONE', *, *, #2732, .F. ) ;
#7979 = DIRECTION ( 'NONE',  ( -0.3248897391129322854, 0.9457519005633193698, 0.000000000000000000 ) ) ;
#7980 = DIRECTION ( 'NONE',  ( -0.000000000000000000, -0.000000000000000000, -1.000000000000000000 ) ) ;
#7981 = ORIENTED_EDGE ( 'NONE', *, *, #6700, .T. ) ;
#7982 = VECTOR ( 'NONE', #5150, 999.9999999999998863 ) ;
#7983 = CARTESIAN_POINT ( 'NONE',  ( 289.6404939573459387, 1070.205317169584532, 5.902024208908764003 ) ) ;
#7984 = LINE ( 'NONE', #9388, #1477 ) ;
#7985 = ORIENTED_EDGE ( 'NONE', *, *, #3002, .T. ) ;
#7986 = DIRECTION ( 'NONE',  ( -0.000000000000000000, -0.000000000000000000, 1.000000000000000000 ) ) ;
#7987 = ORIENTED_EDGE ( 'NONE', *, *, #7286, .T. ) ;
#7988 = DIRECTION ( 'NONE',  ( -0.000000000000000000, 1.000000000000000000, 0.000000000000000000 ) ) ;
#7989 = AXIS2_PLACEMENT_3D ( 'NONE', #5011, #8768, #7905 ) ;
#7990 = CIRCLE ( 'NONE', #4452, 0.4999999999999897304 ) ;
#7992 = CIRCLE ( 'NONE', #3698, 0.5000000000000598410 ) ;
#7991 = CYLINDRICAL_SURFACE ( 'NONE', #2529, 0.5000000000000004441 ) ;
#7993 = ORIENTED_EDGE ( 'NONE', *, *, #6841, .F. ) ;
#7994 = ADVANCED_FACE ( 'NONE', ( #6340 ), #7743, .F. ) ;
#7995 = CARTESIAN_POINT ( 'NONE',  ( 328.7864743326773578, 1162.178293110218874, -6.300000000000287592 ) ) ;
#7996 = CIRCLE ( 'NONE', #4616, 6.090834774869047230 ) ;
#7997 = CARTESIAN_POINT ( 'NONE',  ( 299.8086199682080633, 1023.857681210846636, -6.000000000000289546 ) ) ;
#7998 = EDGE_CURVE ( 'NONE', #1752, #1574, #3411, .T. ) ;
#7999 = ORIENTED_EDGE ( 'NONE', *, *, #8314, .F. ) ;
#8000 = VECTOR ( 'NONE', #3704, 1000.000000000000114 ) ;
#8001 = ORIENTED_EDGE ( 'NONE', *, *, #3887, .F. ) ;
#8002 = CARTESIAN_POINT ( 'NONE',  ( 283.0405475926251597, 1032.775161340890008, 5.999999999999711342 ) ) ;
#8003 = EDGE_CURVE ( 'NONE', #3543, #4432, #3455, .T. ) ;
#8004 = DIRECTION ( 'NONE',  ( 0.000000000000000000, 0.000000000000000000, -1.000000000000000000 ) ) ;
#8005 = CARTESIAN_POINT ( 'NONE',  ( 299.2484255372075950, 1021.022386367511217, 5.940797175597290369 ) ) ;
#8006 = CIRCLE ( 'NONE', #4021, 6.000000000000005329 ) ;
#8007 =( NAMED_UNIT ( * ) PLANE_ANGLE_UNIT ( ) SI_UNIT ( $, .RADIAN. ) );
#8008 = FACE_OUTER_BOUND ( 'NONE', #4837, .T. ) ;
#8009 = LINE ( 'NONE', #1400, #4243 ) ;
#8010 = CARTESIAN_POINT ( 'NONE',  ( -69.57503638424293513, 26.01601250910890784, 0.000000000000000000 ) ) ;
#8011 = DIRECTION ( 'NONE',  ( 0.9848077530122086864, -0.1736481776669271393, 0.000000000000000000 ) ) ;
#8012 = CARTESIAN_POINT ( 'NONE',  ( 278.3179316801451932, 1002.226379988849772, 5.499999999999711342 ) ) ;
#8013 = ORIENTED_EDGE ( 'NONE', *, *, #6443, .T. ) ;
#8014 = CC_DESIGN_PERSON_AND_ORGANIZATION_ASSIGNMENT ( #1301, #8724, ( #1385 ) ) ;
#8015 = ORIENTED_EDGE ( 'NONE', *, *, #3521, .F. ) ;
#8016 = DIRECTION ( 'NONE',  ( 0.000000000000000000, 0.000000000000000000, -1.000000000000000000 ) ) ;
#8017 = EDGE_LOOP ( 'NONE', ( #5446, #2758, #7301, #8690 ) ) ;
#8018 = VERTEX_POINT ( 'NONE', #6387 ) ;
#8019 = CARTESIAN_POINT ( 'NONE',  ( 327.5413952400728590, 1138.830542578913537, 5.999999999999712230 ) ) ;
#8020 = LINE ( 'NONE', #2278, #1174 ) ;
#8021 = ADVANCED_FACE ( 'NONE', ( #5664 ), #8611, .T. ) ;
#8022 = DIRECTION ( 'NONE',  ( 0.7778181919644202580, 0.6284893477611217527, 0.000000000000000000 ) ) ;
#8023 = ORIENTED_EDGE ( 'NONE', *, *, #3890, .F. ) ;
#8024 = VERTEX_POINT ( 'NONE', #3005 ) ;
#8025 = DIRECTION ( 'NONE',  ( 0.9882948916112388460, 0.1525555872956789183, -0.000000000000000000 ) ) ;
#8026 = EDGE_CURVE ( 'NONE', #7166, #2880, #7046, .T. ) ;
#8027 = DIRECTION ( 'NONE',  ( 0.1378466330842754162, -0.9904535858622195432, 0.000000000000000000 ) ) ;
#8028 = ORIENTED_EDGE ( 'NONE', *, *, #5587, .T. ) ;
#8029 = LINE ( 'NONE', #7412, #7514 ) ;
#8030 = FACE_OUTER_BOUND ( 'NONE', #8204, .T. ) ;
#8031 = CARTESIAN_POINT ( 'NONE',  ( 278.7112994139250759, 957.4437044664329051, 8.999999999999712230 ) ) ;
#8032 = ORIENTED_EDGE ( 'NONE', *, *, #8234, .F. ) ;
#8033 = DIRECTION ( 'NONE',  ( -0.9366590624179422786, 0.3502424885566302049, 0.000000000000000000 ) ) ;
#8034 = VERTEX_POINT ( 'NONE', #3786 ) ;
#8035 = LINE ( 'NONE', #3661, #4476 ) ;
#8036 = CYLINDRICAL_SURFACE ( 'NONE', #520, 0.4999999999999582556 ) ;
#8037 = EDGE_CURVE ( 'NONE', #7500, #4662, #3642, .T. ) ;
#8038 = ORIENTED_EDGE ( 'NONE', *, *, #4697, .T. ) ;
#8039 = CARTESIAN_POINT ( 'NONE',  ( -154.9387033414854784, 1003.733339038422173, 61.58012167084567778 ) ) ;
#8040 = LINE ( 'NONE', #2793, #7231 ) ;
#8041 = EDGE_LOOP ( 'NONE', ( #5476, #8380, #2082, #338 ) ) ;
#8042 = ORIENTED_EDGE ( 'NONE', *, *, #1765, .T. ) ;
#8043 = CARTESIAN_POINT ( 'NONE',  ( 290.8746815250780173, 998.6283494599614414, -5.957786956466096129 ) ) ;
#8044 = LINE ( 'NONE', #9545, #4739 ) ;
#8045 = DIRECTION ( 'NONE',  ( 1.000000000000000000, 0.000000000000000000, 0.000000000000000000 ) ) ;
#8046 = EDGE_CURVE ( 'NONE', #3895, #533, #2280, .T. ) ;
#8047 = APPLICATION_PROTOCOL_DEFINITION ( 'international standard', 'config_control_design', 1994, #5828 ) ;
#8048 = ORIENTED_EDGE ( 'NONE', *, *, #104, .F. ) ;
#8049 = CARTESIAN_POINT ( 'NONE',  ( 315.8743980848317392, 1065.395065003673608, 5.993677054483796951 ) ) ;
#8050 = ADVANCED_FACE ( 'NONE', ( #8794 ), #8882, .F. ) ;
#8051 = DIRECTION ( 'NONE',  ( 0.000000000000000000, 1.000000000000000000, -0.000000000000000000 ) ) ;
#8052 = DIRECTION ( 'NONE',  ( -0.000000000000000000, -0.000000000000000000, 1.000000000000000000 ) ) ;
#8053 = DIRECTION ( 'NONE',  ( -0.000000000000000000, 0.000000000000000000, 1.000000000000000000 ) ) ;
#8054 = CARTESIAN_POINT ( 'NONE',  ( 415.8598916624537196, 946.7878116004420690, 5.499999999999713118 ) ) ;
#8055 = DIRECTION ( 'NONE',  ( 1.000000000000000000, 0.000000000000000000, 0.000000000000000000 ) ) ;
#8056 = ORIENTED_EDGE ( 'NONE', *, *, #6794, .T. ) ;
#8057 = LINE ( 'NONE', #7343, #4529 ) ;
#8058 = ORIENTED_EDGE ( 'NONE', *, *, #3611, .F. ) ;
#8059 = EDGE_CURVE ( 'NONE', #4649, #4195, #3499, .T. ) ;
#8060 = EDGE_LOOP ( 'NONE', ( #683, #1892 ) ) ;
#8061 = LINE ( 'NONE', #7302, #5206 ) ;
#8062 = EDGE_CURVE ( 'NONE', #4687, #5806, #4876, .T. ) ;
#8063 = DIRECTION ( 'NONE',  ( 1.000000000000000000, 0.000000000000000000, 0.000000000000000000 ) ) ;
#8064 = DIRECTION ( 'NONE',  ( 0.8815943511950791178, -0.4720078388553815563, -9.787663470762556989E-14 ) ) ;
#8065 = ORIENTED_EDGE ( 'NONE', *, *, #5540, .F. ) ;
#8066 = ORIENTED_EDGE ( 'NONE', *, *, #3611, .T. ) ;
#8067 = DIRECTION ( 'NONE',  ( 0.000000000000000000, 0.000000000000000000, 1.000000000000000000 ) ) ;
#8068 = EDGE_CURVE ( 'NONE', #5196, #5608, #8575, .T. ) ;
#8069 = DIRECTION ( 'NONE',  ( 0.000000000000000000, 0.000000000000000000, 1.000000000000000000 ) ) ;
#8070 = CARTESIAN_POINT ( 'NONE',  ( 299.8086199682080633, 1023.857681210846636, 61.58012167084567778 ) ) ;
#8071 = ORIENTED_EDGE ( 'NONE', *, *, #6026, .F. ) ;
#8072 = CIRCLE ( 'NONE', #9307, 0.5000000000000004441 ) ;
#8073 = EDGE_CURVE ( 'NONE', #187, #1653, #9517, .T. ) ;
#8074 = FACE_OUTER_BOUND ( 'NONE', #4262, .T. ) ;
#8075 = LINE ( 'NONE', #3709, #702 ) ;
#8076 = EDGE_CURVE ( 'NONE', #5190, #1733, #6719, .T. ) ;
#8077 = CARTESIAN_POINT ( 'NONE',  ( 319.9556947817204673, 1077.039185728574012, -5.500000000000287770 ) ) ;
#8078 = ORIENTED_EDGE ( 'NONE', *, *, #3078, .T. ) ;
#8079 = LINE ( 'NONE', #1428, #7535 ) ;
#8080 = VECTOR ( 'NONE', #312, 999.9999999999998863 ) ;
#8081 = ORIENTED_EDGE ( 'NONE', *, *, #5329, .F. ) ;
#8082 = CARTESIAN_POINT ( 'NONE',  ( 287.3049690295604250, 1027.149241840084414, 5.499999999999711342 ) ) ;
#8083 = CARTESIAN_POINT ( 'NONE',  ( 277.1810064270668477, 999.5440520573575895, 5.999999999999712230 ) ) ;
#8084 = ORIENTED_EDGE ( 'NONE', *, *, #2209, .F. ) ;
#8085 = VECTOR ( 'NONE', #5176, 1000.000000000000114 ) ;
#8086 = DIRECTION ( 'NONE',  ( -0.4977330300470779179, -0.8673302893362797583, 0.000000000000000000 ) ) ;
#8087 = ORIENTED_EDGE ( 'NONE', *, *, #6782, .T. ) ;
#8088 = EDGE_CURVE ( 'NONE', #2627, #7649, #89, .T. ) ;
#8089 = EDGE_CURVE ( 'NONE', #4588, #9497, #3054, .T. ) ;
#8090 = ORIENTED_EDGE ( 'NONE', *, *, #4335, .T. ) ;
#8091 = DIRECTION ( 'NONE',  ( 1.000000000000000000, 0.000000000000000000, -0.000000000000000000 ) ) ;
#8092 = DIRECTION ( 'NONE',  ( -0.8673302893362094812, 0.4977330300472003199, 0.000000000000000000 ) ) ;
#8093 = EDGE_CURVE ( 'NONE', #7694, #5890, #5343, .T. ) ;
#8094 = AXIS2_PLACEMENT_3D ( 'NONE', #6173, #9108, #9154 ) ;
#8095 = AXIS2_PLACEMENT_3D ( 'NONE', #603, #6495, #1962 ) ;
#8096 = DIRECTION ( 'NONE',  ( -0.000000000000000000, 0.000000000000000000, 1.000000000000000000 ) ) ;
#8097 = CYLINDRICAL_SURFACE ( 'NONE', #7789, 0.4999999999998939182 ) ;
#8098 = FACE_OUTER_BOUND ( 'NONE', #2048, .T. ) ;
#8099 = VECTOR ( 'NONE', #991, 1000.000000000000000 ) ;
#8100 = DIRECTION ( 'NONE',  ( -0.000000000000000000, 0.000000000000000000, 1.000000000000000000 ) ) ;
#8101 = CARTESIAN_POINT ( 'NONE',  ( 272.7112994139250759, 957.4437044664329051, 13.24999999999971401 ) ) ;
#8102 = CARTESIAN_POINT ( 'NONE',  ( 283.2018977609853323, 1029.913190813720803, -5.500000000000287770 ) ) ;
#8103 = FACE_OUTER_BOUND ( 'NONE', #184, .T. ) ;
#8104 = VECTOR ( 'NONE', #2185, 1000.000000000000114 ) ;
#8105 = VERTEX_POINT ( 'NONE', #2908 ) ;
#8106 = CARTESIAN_POINT ( 'NONE',  ( 341.3966675867607137, 1133.649676604258275, 5.999999999999712230 ) ) ;
#8107 = AXIS2_PLACEMENT_3D ( 'NONE', #6631, #5938, #5083 ) ;
#8108 = ORIENTED_EDGE ( 'NONE', *, *, #5633, .T. ) ;
#8109 = ORIENTED_EDGE ( 'NONE', *, *, #5093, .T. ) ;
#8110 = CARTESIAN_POINT ( 'NONE',  ( 282.9658938415576586, 1029.472393638123322, 5.999999999999714007 ) ) ;
#8111 = CIRCLE ( 'NONE', #7508, 0.5000000000000004441 ) ;
#8112 = EDGE_CURVE ( 'NONE', #2715, #9507, #7976, .T. ) ;
#8113 = FACE_OUTER_BOUND ( 'NONE', #1136, .T. ) ;
#8114 = EDGE_CURVE ( 'NONE', #8439, #3505, #2974, .T. ) ;
#8115 = CARTESIAN_POINT ( 'NONE',  ( 282.6633445611875572, 1029.966610564760231, -6.000000000000335731 ) ) ;
#8116 = ORIENTED_EDGE ( 'NONE', *, *, #7512, .F. ) ;
#8117 = EDGE_CURVE ( 'NONE', #1498, #797, #7304, .T. ) ;
#8118 = ADVANCED_FACE ( 'NONE', ( #7261 ), #7405, .T. ) ;
#8119 = VERTEX_POINT ( 'NONE', #9564 ) ;
#8120 = DIRECTION ( 'NONE',  ( 1.000000000000000000, 0.000000000000000000, 0.000000000000000000 ) ) ;
#8121 = CARTESIAN_POINT ( 'NONE',  ( 335.1673615257996630, 1122.700873703794059, 6.299999999999712941 ) ) ;
#8122 = ADVANCED_FACE ( 'NONE', ( #1506 ), #6675, .T. ) ;
#8123 = AXIS2_PLACEMENT_3D ( 'NONE', #9491, #2797, #1439 ) ;
#8124 = CARTESIAN_POINT ( 'NONE',  ( 301.1264495614029215, 1025.954391504948489, 5.999999999999712230 ) ) ;
#8125 = ORIENTED_EDGE ( 'NONE', *, *, #8062, .F. ) ;
#8126 = DIRECTION ( 'NONE',  ( -0.9956305605605063613, -0.09337979908937310558, 0.000000000000000000 ) ) ;
#8127 = CARTESIAN_POINT ( 'NONE',  ( 281.3845185166587157, 1023.383353749603998, -5.973945654872109046 ) ) ;
#8128 = VECTOR ( 'NONE', #2604, 1000.000000000000000 ) ;
#8129 = AXIS2_PLACEMENT_3D ( 'NONE', #6783, #5327, #1753 ) ;
#8130 = CARTESIAN_POINT ( 'NONE',  ( 526.7607975005523713, 917.9129519772606045, 5.499999999999713118 ) ) ;
#8131 = ORIENTED_EDGE ( 'NONE', *, *, #1185, .T. ) ;
#8132 = CARTESIAN_POINT ( 'NONE',  ( 299.8143838466118609, 1074.436046179389450, 5.499999999999711342 ) ) ;
#8133 = EDGE_LOOP ( 'NONE', ( #6650, #8912, #7401, #5746 ) ) ;
#8134 = DIRECTION ( 'NONE',  ( 0.9833288001032886028, 0.1818363849382925723, 0.000000000000000000 ) ) ;
#8135 = EDGE_CURVE ( 'NONE', #7346, #3205, #4459, .T. ) ;
#8136 = LINE ( 'NONE', #8185, #4698 ) ;
#8137 = AXIS2_PLACEMENT_3D ( 'NONE', #3695, #2137, #5936 ) ;
#8138 = AXIS2_PLACEMENT_3D ( 'NONE', #4964, #2787, #1332 ) ;
#8139 = ORIENTED_EDGE ( 'NONE', *, *, #6777, .F. ) ;
#8140 = DIRECTION ( 'NONE',  ( -0.6993660522065797691, -0.7147636847385179237, 0.000000000000000000 ) ) ;
#8141 = VERTEX_POINT ( 'NONE', #1745 ) ;
#8142 = EDGE_LOOP ( 'NONE', ( #706, #6233, #1848, #6526 ) ) ;
#8143 = CYLINDRICAL_SURFACE ( 'NONE', #4443, 0.4999999999998900324 ) ;
#8144 = VECTOR ( 'NONE', #1976, 999.9999999999998863 ) ;
#8145 = AXIS2_PLACEMENT_3D ( 'NONE', #3566, #4374, #9431 ) ;
#8146 = CARTESIAN_POINT ( 'NONE',  ( 347.0085846824679834, 1140.092221637931743, -8.300000000000288480 ) ) ;
#8147 = CARTESIAN_POINT ( 'NONE',  ( 279.5501109898323193, 982.5281748859821391, -9.000000000000287770 ) ) ;
#8148 = EDGE_CURVE ( 'NONE', #405, #941, #4741, .T. ) ;
#8149 = VECTOR ( 'NONE', #8392, 999.9999999999998863 ) ;
#8150 = CIRCLE ( 'NONE', #4015, 0.5000000000000004441 ) ;
#8151 = DIRECTION ( 'NONE',  ( -0.000000000000000000, -0.000000000000000000, 1.000000000000000000 ) ) ;
#8152 = CARTESIAN_POINT ( 'NONE',  ( 291.2818230294592468, 1001.506536842226637, -6.000000000000287770 ) ) ;
#8153 = ADVANCED_FACE ( 'NONE', ( #1071 ), #8211, .F. ) ;
#8154 = DIRECTION ( 'NONE',  ( -0.000000000000000000, -0.000000000000000000, 1.000000000000000000 ) ) ;
#8155 = CARTESIAN_POINT ( 'NONE',  ( 286.3293394524255291, 1047.784834723583799, -5.500000000000287770 ) ) ;
#8156 = DIRECTION ( 'NONE',  ( 0.000000000000000000, 0.000000000000000000, -1.000000000000000000 ) ) ;
#8157 = CARTESIAN_POINT ( 'NONE',  ( 309.2761569648633895, 1126.597565320119656, -6.000000000000289546 ) ) ;
#8158 = CARTESIAN_POINT ( 'NONE',  ( 291.7260464836525671, 1024.782185821985877, 5.999999999999712230 ) ) ;
#8159 = ORIENTED_EDGE ( 'NONE', *, *, #4493, .F. ) ;
#8160 = CARTESIAN_POINT ( 'NONE',  ( -131.5461489948607152, 945.1834409258204914, 5.499999999999713118 ) ) ;
#8161 =( BOUNDED_CURVE ( )  B_SPLINE_CURVE ( 3, ( #3685, #7293, #3630, #5741 ),
 .UNSPECIFIED., .F., .F. ) 
 B_SPLINE_CURVE_WITH_KNOTS ( ( 4, 4 ),
 ( 4.137044439661521135E-13, 1.570796326794910547 ),
 .UNSPECIFIED. ) 
 CURVE ( )  GEOMETRIC_REPRESENTATION_ITEM ( )  RATIONAL_B_SPLINE_CURVE ( ( 1.000000000000000000, 0.8047378541244591954, 0.8047378541244591954, 1.000000000000000000 ) ) 
 REPRESENTATION_ITEM ( '' )  );
#8162 = VERTEX_POINT ( 'NONE', #5272 ) ;
#8163 = VECTOR ( 'NONE', #6803, 1000.000000000000000 ) ;
#8164 = VERTEX_POINT ( 'NONE', #872 ) ;
#8165 = AXIS2_PLACEMENT_3D ( 'NONE', #6939, #6155, #6835 ) ;
#8166 = LINE ( 'NONE', #1457, #8895 ) ;
#8167 = LINE ( 'NONE', #4404, #9345 ) ;
#8168 = EDGE_CURVE ( 'NONE', #7447, #4175, #713, .T. ) ;
#8169 = DIRECTION ( 'NONE',  ( -0.000000000000000000, -0.000000000000000000, 1.000000000000000000 ) ) ;
#8170 = ORIENTED_EDGE ( 'NONE', *, *, #4576, .F. ) ;
#8171 = ORIENTED_EDGE ( 'NONE', *, *, #6129, .T. ) ;
#8172 = CARTESIAN_POINT ( 'NONE',  ( 275.1653034219292522, 956.5260851264006305, 210.7946508136983255 ) ) ;
#8173 = CARTESIAN_POINT ( 'NONE',  ( 300.2494171438055446, 1023.621677291418791, 5.999999999999712230 ) ) ;
#8174 = VERTEX_POINT ( 'NONE', #6818 ) ;
#8175 = EDGE_CURVE ( 'NONE', #747, #4552, #8265, .T. ) ;
#8176 = EDGE_LOOP ( 'NONE', ( #5037, #1482, #6693, #6746, #5812, #5742 ) ) ;
#8177 = CARTESIAN_POINT ( 'NONE',  ( 307.8995877655560207, 1044.086861071255271, -6.000000000000287770 ) ) ;
#8178 = CARTESIAN_POINT ( 'NONE',  ( 286.6096688964304349, 1052.845572627382353, 5.999999999999712230 ) ) ;
#8179 = EDGE_CURVE ( 'NONE', #1335, #9122, #3931, .T. ) ;
#8180 = FACE_OUTER_BOUND ( 'NONE', #6446, .T. ) ;
#8181 = VERTEX_POINT ( 'NONE', #7592 ) ;
#8182 = DIRECTION ( 'NONE',  ( -0.000000000000000000, -0.000000000000000000, 1.000000000000000000 ) ) ;
#8183 = ORIENTED_EDGE ( 'NONE', *, *, #8742, .T. ) ;
#8184 = LINE ( 'NONE', #1570, #5696 ) ;
#8185 = CARTESIAN_POINT ( 'NONE',  ( 289.4648955781575523, 1001.758484709185836, 5.499999999999713118 ) ) ;
#8186 = VERTEX_POINT ( 'NONE', #6773 ) ;
#8187 = CARTESIAN_POINT ( 'NONE',  ( 319.1431484109002099, 1074.136736033682155, 210.7946508136983255 ) ) ;
#8188 = VERTEX_POINT ( 'NONE', #5319 ) ;
#8189 = EDGE_CURVE ( 'NONE', #747, #7708, #3603, .T. ) ;
#8190 = EDGE_LOOP ( 'NONE', ( #4401, #8654, #7204, #8576, #1604 ) ) ;
#8191 = DIRECTION ( 'NONE',  ( 0.9366590624179427227, -0.3502424885566290946, -0.000000000000000000 ) ) ;
#8192 = CARTESIAN_POINT ( 'NONE',  ( -187.4567864828596271, 1013.722622048108860, 61.58012167084567778 ) ) ;
#8193 = VERTEX_POINT ( 'NONE', #5371 ) ;
#8194 = CARTESIAN_POINT ( 'NONE',  ( 292.9104045658149289, 1004.257291163659147, -5.688309331028806426 ) ) ;
#8195 = CARTESIAN_POINT ( 'NONE',  ( 292.0277345185951390, 1027.456432633371151, -5.500000000000289546 ) ) ;
#8196 =( BOUNDED_CURVE ( )  B_SPLINE_CURVE ( 3, ( #7107, #475, #7910, #618 ),
 .UNSPECIFIED., .F., .T. ) 
 B_SPLINE_CURVE_WITH_KNOTS ( ( 4, 4 ),
 ( 1.570796326794896558, 1.704533250841171910 ),
 .UNSPECIFIED. ) 
 CURVE ( )  GEOMETRIC_REPRESENTATION_ITEM ( )  RATIONAL_B_SPLINE_CURVE ( ( 1.000000000000000000, 0.9985100915499890428, 0.9985100915499890428, 1.000000000000000000 ) ) 
 REPRESENTATION_ITEM ( '' )  );
#8197 = CARTESIAN_POINT ( 'NONE',  ( 287.3795460953297152, 1026.654834860702749, -5.500000000000287770 ) ) ;
#8198 = CARTESIAN_POINT ( 'NONE',  ( 328.7864743326773578, 1162.178293110218874, 6.299999999999712941 ) ) ;
#8199 = CARTESIAN_POINT ( 'NONE',  ( 282.4734899650515558, 1029.559217726956831, 5.999999999999714007 ) ) ;
#8200 = FACE_OUTER_BOUND ( 'NONE', #8667, .T. ) ;
#8201 = ADVANCED_FACE ( 'NONE', ( #6868 ), #8257, .F. ) ;
#8202 = LINE ( 'NONE', #2322, #8738 ) ;
#8203 = CARTESIAN_POINT ( 'NONE',  ( 287.5409729489880419, 1027.590039015682123, -5.500000000000287770 ) ) ;
#8204 = EDGE_LOOP ( 'NONE', ( #2596, #6949, #6923, #7786, #152, #240 ) ) ;
#8205 = CARTESIAN_POINT ( 'NONE',  ( 344.5362189811656890, 1133.480334687038066, -6.300000000000284928 ) ) ;
#8206 = DIRECTION ( 'NONE',  ( 0.1491541315386218369, -0.9888139587632041039, 0.000000000000000000 ) ) ;
#8207 = ORIENTED_EDGE ( 'NONE', *, *, #8037, .F. ) ;
#8208 = DIRECTION ( 'NONE',  ( 0.000000000000000000, 0.000000000000000000, 1.000000000000000000 ) ) ;
#8209 = CARTESIAN_POINT ( 'NONE',  ( 308.2863256618659875, 1072.785445573195602, -5.500000000000289546 ) ) ;
#8210 = EDGE_CURVE ( 'NONE', #7214, #9140, #9076, .T. ) ;
#8211 = CYLINDRICAL_SURFACE ( 'NONE', #1956, 0.5000000000000004441 ) ;
#8212 = VERTEX_POINT ( 'NONE', #3985 ) ;
#8213 =( BOUNDED_CURVE ( )  B_SPLINE_CURVE ( 3, ( #426, #7872, #4167, #9212 ),
 .UNSPECIFIED., .F., .F. ) 
 B_SPLINE_CURVE_WITH_KNOTS ( ( 4, 4 ),
 ( 1.830675368241803014E-13, 1.570796326794884568 ),
 .UNSPECIFIED. ) 
 CURVE ( )  GEOMETRIC_REPRESENTATION_ITEM ( )  RATIONAL_B_SPLINE_CURVE ( ( 1.000000000000000000, 0.8047378541244107897, 0.8047378541244107897, 1.000000000000000000 ) ) 
 REPRESENTATION_ITEM ( '' )  );
#8214 = ORIENTED_EDGE ( 'NONE', *, *, #3170, .F. ) ;
#8215 = CARTESIAN_POINT ( 'NONE',  ( 283.0309718687092300, 1032.720854711936227, -5.991624032887307827 ) ) ;
#8216 = CARTESIAN_POINT ( 'NONE',  ( 303.0449430493875980, 1047.343807386886738, -5.500000000000289546 ) ) ;
#8217 = EDGE_LOOP ( 'NONE', ( #4125, #6972, #3375, #1084, #7171 ) ) ;
#8218 = ORIENTED_EDGE ( 'NONE', *, *, #8179, .T. ) ;
#8219 = DIRECTION ( 'NONE',  ( 1.000000000000000000, 0.000000000000000000, 0.000000000000000000 ) ) ;
#8220 = FACE_OUTER_BOUND ( 'NONE', #5405, .T. ) ;
#8221 = DIRECTION ( 'NONE',  ( 0.000000000000000000, 0.000000000000000000, 1.000000000000000000 ) ) ;
#8222 = LINE ( 'NONE', #194, #2100 ) ;
#8223 = EDGE_LOOP ( 'NONE', ( #197, #1654, #946, #6823, #8739, #6012, #8559 ) ) ;
#8224 = CARTESIAN_POINT ( 'NONE',  ( 324.1344060579146458, 1142.497875086981594, -6.000000000000287770 ) ) ;
#8225 = VERTEX_POINT ( 'NONE', #925 ) ;
#8226 = DIRECTION ( 'NONE',  ( 1.000000000000000000, 0.000000000000000000, 0.000000000000000000 ) ) ;
#8227 = CARTESIAN_POINT ( 'NONE',  ( -154.6335921669124787, 1001.756749255186833, -5.500000000000289546 ) ) ;
#8228 = ORIENTED_EDGE ( 'NONE', *, *, #5372, .T. ) ;
#8229 = PLANE ( 'NONE',  #4259 ) ;
#8230 = EDGE_LOOP ( 'NONE', ( #1706, #5286, #5277, #5424 ) ) ;
#8231 = AXIS2_PLACEMENT_3D ( 'NONE', #1178, #3460, #4228 ) ;
#8232 = ORIENTED_EDGE ( 'NONE', *, *, #5341, .T. ) ;
#8233 = LINE ( 'NONE', #9049, #5062 ) ;
#8234 = EDGE_CURVE ( 'NONE', #1028, #7037, #5199, .T. ) ;
#8235 = PLANE ( 'NONE',  #5202 ) ;
#8236 = ORIENTED_EDGE ( 'NONE', *, *, #1866, .F. ) ;
#8237 = DIRECTION ( 'NONE',  ( 1.000000000000000000, 0.000000000000000000, 0.000000000000000000 ) ) ;
#8238 = ADVANCED_FACE ( 'NONE', ( #3888 ), #2478, .F. ) ;
#8239 = VECTOR ( 'NONE', #2175, 1000.000000000000000 ) ;
#8240 = DIRECTION ( 'NONE',  ( -0.000000000000000000, -0.000000000000000000, -1.000000000000000000 ) ) ;
#8241 = CARTESIAN_POINT ( 'NONE',  ( 315.8557026808504702, 1065.345067587207041, 5.999999999999711342 ) ) ;
#8242 = FACE_OUTER_BOUND ( 'NONE', #4225, .T. ) ;
#8243 = CARTESIAN_POINT ( 'NONE',  ( 316.4702535872659155, 1068.416153223458423, 5.999999999999714007 ) ) ;
#8244 = ADVANCED_FACE ( 'NONE', ( #8398 ), #7686, .T. ) ;
#8245 = PLANE ( 'NONE',  #7322 ) ;
#8246 = CARTESIAN_POINT ( 'NONE',  ( 311.6239521552147949, 1128.997050877035235, 5.999999999999699796 ) ) ;
#8247 = ORIENTED_EDGE ( 'NONE', *, *, #8959, .T. ) ;
#8248 = DIRECTION ( 'NONE',  ( -1.000000000000000000, 0.000000000000000000, 0.000000000000000000 ) ) ;
#8249 = EDGE_CURVE ( 'NONE', #2135, #6189, #8313, .T. ) ;
#8250 = CIRCLE ( 'NONE', #4868, 6.000000000000005329 ) ;
#8251 = EDGE_CURVE ( 'NONE', #1436, #8697, #6226, .T. ) ;
#8252 = LINE ( 'NONE', #4642, #6421 ) ;
#8253 = ORIENTED_EDGE ( 'NONE', *, *, #7180, .T. ) ;
#8254 = CARTESIAN_POINT ( 'NONE',  ( 275.1653034219292522, 956.5260851264006305, -6.000000000000287770 ) ) ;
#8255 = CARTESIAN_POINT ( 'NONE',  ( 334.0332462475978446, 1119.667891162092246, -9.000000000000289546 ) ) ;
#8256 = VECTOR ( 'NONE', #6579, 1000.000000000000000 ) ;
#8257 = SPHERICAL_SURFACE ( 'NONE', #1027, 0.5000000000000000000 ) ;
#8258 = VERTEX_POINT ( 'NONE', #9221 ) ;
#8259 = AXIS2_PLACEMENT_3D ( 'NONE', #2850, #8694, #635 ) ;
#8260 = EDGE_LOOP ( 'NONE', ( #1500, #566, #413, #6402 ) ) ;
#8261 = CARTESIAN_POINT ( 'NONE',  ( 316.9048986467299756, 1068.169002111214240, -6.000000000000287770 ) ) ;
#8262 = DIRECTION ( 'NONE',  ( 0.000000000000000000, 0.000000000000000000, 1.000000000000000000 ) ) ;
#8263 = ORIENTED_EDGE ( 'NONE', *, *, #8406, .F. ) ;
#8264 = EDGE_CURVE ( 'NONE', #3670, #673, #7915, .T. ) ;
#8265 = CIRCLE ( 'NONE', #3978, 0.5000000000000004441 ) ;
#8266 = ORIENTED_EDGE ( 'NONE', *, *, #982, .T. ) ;
#8267 = AXIS2_PLACEMENT_3D ( 'NONE', #7452, #829, #6729 ) ;
#8268 = CARTESIAN_POINT ( 'NONE',  ( 329.0691737308270604, 1143.597385967914761, 210.7946508136983255 ) ) ;
#8269 = CARTESIAN_POINT ( 'NONE',  ( 287.3049690295603682, 1027.149241840084187, -5.500000000000287770 ) ) ;
#8270 = AXIS2_PLACEMENT_3D ( 'NONE', #6182, #1703, #5271 ) ;
#8271 = CARTESIAN_POINT ( 'NONE',  ( 278.4945725988074514, 1006.993656006015044, 5.985748428335712745 ) ) ;
#8272 =( BOUNDED_CURVE ( )  B_SPLINE_CURVE ( 3, ( #3796, #7313, #2241, #8127 ),
 .UNSPECIFIED., .F., .F. ) 
 B_SPLINE_CURVE_WITH_KNOTS ( ( 4, 4 ),
 ( 1.570796326794952957, 2.817346948335796242 ),
 .UNSPECIFIED. ) 
 CURVE ( )  GEOMETRIC_REPRESENTATION_ITEM ( )  RATIONAL_B_SPLINE_CURVE ( ( 1.000000000000000000, 0.8746473492291815255, 0.8746473492291815255, 1.000000000000000000 ) ) 
 REPRESENTATION_ITEM ( '' )  );
#8273 = FACE_OUTER_BOUND ( 'NONE', #4757, .T. ) ;
#8274 = VERTEX_POINT ( 'NONE', #9166 ) ;
#8275 = CARTESIAN_POINT ( 'NONE',  ( -131.2704557286629381, 943.2025337541142562, -5.500000000000289546 ) ) ;
#8276 = CIRCLE ( 'NONE', #5189, 0.5000000000000004441 ) ;
#8277 = ORIENTED_EDGE ( 'NONE', *, *, #4098, .T. ) ;
#8278 = CYLINDRICAL_SURFACE ( 'NONE', #3087, 0.5000000000000004441 ) ;
#8279 = CARTESIAN_POINT ( 'NONE',  ( 347.7912167416586158, 1119.102250538167482, 8.299999999999714717 ) ) ;
#8280 = ORIENTED_EDGE ( 'NONE', *, *, #9096, .F. ) ;
#8281 = AXIS2_PLACEMENT_3D ( 'NONE', #4577, #3037, #7524 ) ;
#8282 = CIRCLE ( 'NONE', #8123, 6.000000000000005329 ) ;
#8283 = DIRECTION ( 'NONE',  ( 0.3502424885566300938, 0.9366590624179422786, 0.000000000000000000 ) ) ;
#8284 = ADVANCED_FACE ( 'NONE', ( #1846 ), #7202, .F. ) ;
#8285 = ORIENTED_EDGE ( 'NONE', *, *, #7737, .F. ) ;
#8286 = ORIENTED_EDGE ( 'NONE', *, *, #3510, .F. ) ;
#8287 = FACE_OUTER_BOUND ( 'NONE', #3446, .T. ) ;
#8288 = CARTESIAN_POINT ( 'NONE',  ( 204.3332631396097554, 1024.348722597426331, 8.999999999999712230 ) ) ;
#8289 = ORIENTED_EDGE ( 'NONE', *, *, #4527, .T. ) ;
#8290 = CARTESIAN_POINT ( 'NONE',  ( 415.8598916623733999, 946.7878116004909543, 5.499999999999713118 ) ) ;
#8291 = AXIS2_PLACEMENT_3D ( 'NONE', #6520, #8832, #2226 ) ;
#8292 = EDGE_CURVE ( 'NONE', #5325, #9118, #7349, .T. ) ;
#8293 = EDGE_CURVE ( 'NONE', #7166, #7359, #7826, .T. ) ;
#8294 = DIRECTION ( 'NONE',  ( 0.000000000000000000, 0.000000000000000000, 1.000000000000000000 ) ) ;
#8295 = CARTESIAN_POINT ( 'NONE',  ( 275.1653034219292522, 956.5260851264006305, 210.7946508136983255 ) ) ;
#8296 = CIRCLE ( 'NONE', #9058, 0.4999999999999097944 ) ;
#8297 = VECTOR ( 'NONE', #8491, 1000.000000000000000 ) ;
#8298 = DIRECTION ( 'NONE',  ( 0.000000000000000000, 0.000000000000000000, -1.000000000000000000 ) ) ;
#8299 = EDGE_CURVE ( 'NONE', #6634, #927, #7065, .T. ) ;
#8300 = DIRECTION ( 'NONE',  ( 5.991312712936045063E-15, 5.619228653450460291E-16, 1.000000000000000000 ) ) ;
#8301 = LINE ( 'NONE', #3191, #5535 ) ;
#8302 = DIRECTION ( 'NONE',  ( 0.000000000000000000, 0.000000000000000000, -1.000000000000000000 ) ) ;
#8303 = CARTESIAN_POINT ( 'NONE',  ( 320.3477465192815998, 1077.358211930101334, -5.936131959015968462 ) ) ;
#8304 = ORIENTED_EDGE ( 'NONE', *, *, #1990, .T. ) ;
#8305 = AXIS2_PLACEMENT_3D ( 'NONE', #1127, #7787, #7165 ) ;
#8306 = AXIS2_PLACEMENT_3D ( 'NONE', #5857, #5087, #7979 ) ;
#8307 = CARTESIAN_POINT ( 'NONE',  ( 267.0731436892096440, 959.4958253263869210, -13.25000000000028955 ) ) ;
#8308 = ORIENTED_EDGE ( 'NONE', *, *, #7070, .T. ) ;
#8309 = DIRECTION ( 'NONE',  ( 0.000000000000000000, 0.000000000000000000, -1.000000000000000000 ) ) ;
#8310 = DIRECTION ( 'NONE',  ( -0.000000000000000000, -0.000000000000000000, 1.000000000000000000 ) ) ;
#8311 = CIRCLE ( 'NONE', #3705, 0.5000000000000004441 ) ;
#8312 = VECTOR ( 'NONE', #1781, 1000.000000000000000 ) ;
#8313 = LINE ( 'NONE', #336, #2109 ) ;
#8314 = EDGE_CURVE ( 'NONE', #310, #5632, #7114, .T. ) ;
#8315 = ORIENTED_EDGE ( 'NONE', *, *, #9441, .F. ) ;
#8316 = ORIENTED_EDGE ( 'NONE', *, *, #4576, .T. ) ;
#8317 = CARTESIAN_POINT ( 'NONE',  ( 287.3049690295604250, 1027.149241840084414, 61.58012167084567778 ) ) ;
#8318 = CLOSED_SHELL ( 'NONE', ( #6828, #1212, #8021, #4206, #1600, #3420, #1582, #6826, #9188, #1417, #6150, #816, #2492, #6838, #5836, #521 ) ) ;
#8319 = EDGE_LOOP ( 'NONE', ( #1072, #585, #280, #5403, #2286 ) ) ;
#8320 = AXIS2_PLACEMENT_3D ( 'NONE', #9149, #4674, #1774 ) ;
#8321 = ORIENTED_EDGE ( 'NONE', *, *, #7006, .T. ) ;
#8322 = DIRECTION ( 'NONE',  ( -0.000000000000000000, -0.000000000000000000, -1.000000000000000000 ) ) ;
#8323 = CARTESIAN_POINT ( 'NONE',  ( 292.2637384380227559, 1027.897229808968632, -5.500000000000287770 ) ) ;
#8324 = DIRECTION ( 'NONE',  ( 0.000000000000000000, 0.000000000000000000, -1.000000000000000000 ) ) ;
#8325 = LINE ( 'NONE', #885, #1171 ) ;
#8326 = ORIENTED_EDGE ( 'NONE', *, *, #9463, .F. ) ;
#8327 = CARTESIAN_POINT ( 'NONE',  ( 291.2259858034474291, 1000.984956806393598, 61.58012167084567778 ) ) ;
#8328 = ADVANCED_FACE ( 'NONE', ( #2664 ), #2035, .F. ) ;
#8329 = ORIENTED_EDGE ( 'NONE', *, *, #5412, .F. ) ;
#8330 = LINE ( 'NONE', #7510, #4324 ) ;
#8331 = DIRECTION ( 'NONE',  ( 1.000000000000000000, 4.440892098500622123E-13, 0.000000000000000000 ) ) ;
#8332 = ORIENTED_EDGE ( 'NONE', *, *, #3278, .F. ) ;
#8333 = ORIENTED_EDGE ( 'NONE', *, *, #5581, .T. ) ;
#8334 = ORIENTED_EDGE ( 'NONE', *, *, #3256, .T. ) ;
#8335 = CARTESIAN_POINT ( 'NONE',  ( 289.5724725835979143, 1069.819548789301734, 5.999999999999712230 ) ) ;
#8336 = EDGE_CURVE ( 'NONE', #9100, #7780, #8111, .T. ) ;
#8337 = CARTESIAN_POINT ( 'NONE',  ( 310.1646563789753941, 1050.125411870223388, 5.863990996576929682 ) ) ;
#8338 = ORIENTED_EDGE ( 'NONE', *, *, #8730, .T. ) ;
#8339 = CARTESIAN_POINT ( 'NONE',  ( 291.2818230294592468, 1001.506536842226410, -5.500000000000289546 ) ) ;
#8340 = ORIENTED_EDGE ( 'NONE', *, *, #8622, .T. ) ;
#8341 = CARTESIAN_POINT ( 'NONE',  ( 350.7407595012100501, 1119.878743263355318, 8.299999999999714717 ) ) ;
#8342 = LINE ( 'NONE', #8488, #7330 ) ;
#8343 = CARTESIAN_POINT ( 'NONE',  ( 286.0451786143486856, 1003.806640785750460, -5.500000000000287770 ) ) ;
#8344 = CARTESIAN_POINT ( 'NONE',  ( 318.5985410860433831, 1074.806004723765909, 61.58012167084567778 ) ) ;
#8345 = CARTESIAN_POINT ( 'NONE',  ( 291.9554243102296596, 1001.600285474086149, 5.999999999999712230 ) ) ;
#8346 = CARTESIAN_POINT ( 'NONE',  ( 300.0615349588561003, 1074.870691238853169, 5.499999999999711342 ) ) ;
#8347 = ADVANCED_FACE ( 'NONE', ( #4831 ), #2622, .F. ) ;
#8348 = EDGE_CURVE ( 'NONE', #8771, #9326, #4959, .T. ) ;
#8349 = LINE ( 'NONE', #1740, #3500 ) ;
#8350 = VERTEX_POINT ( 'NONE', #5703 ) ;
#8351 = DIRECTION ( 'NONE',  ( 0.9155739129316806668, -0.4021497357440028675, 0.000000000000000000 ) ) ;
#8352 = DIRECTION ( 'NONE',  ( 0.1736481776669271393, 0.9848077530122086864, -0.000000000000000000 ) ) ;
#8353 = VERTEX_POINT ( 'NONE', #1213 ) ;
#8354 = ADVANCED_FACE ( 'NONE', ( #1306 ), #7013, .T. ) ;
#8355 = ORIENTED_EDGE ( 'NONE', *, *, #3132, .T. ) ;
#8356 = CARTESIAN_POINT ( 'NONE',  ( 327.5413952400728590, 1138.830542578913537, 8.799999999999712941 ) ) ;
#8357 = EDGE_CURVE ( 'NONE', #8501, #6779, #3402, .T. ) ;
#8358 = CARTESIAN_POINT ( 'NONE',  ( 286.0451786143486288, 1003.806640785750460, 61.58012167084567778 ) ) ;
#8359 = ORIENTED_EDGE ( 'NONE', *, *, #87, .T. ) ;
#8360 = ORIENTED_EDGE ( 'NONE', *, *, #6410, .T. ) ;
#8361 = EDGE_CURVE ( 'NONE', #3274, #1335, #6272, .T. ) ;
#8362 = DIRECTION ( 'NONE',  ( -0.9155739129316895486, 0.4021497357439824394, 0.000000000000000000 ) ) ;
#8363 = CARTESIAN_POINT ( 'NONE',  ( 277.9752806091830166, 955.4753576607306513, 8.999999999999712230 ) ) ;
#8364 = DIRECTION ( 'NONE',  ( -0.9882948916112357374, -0.1525555872957002068, 0.000000000000000000 ) ) ;
#8365 = DIRECTION ( 'NONE',  ( -0.1525555872957002068, 0.9882948916112357374, 0.000000000000000000 ) ) ;
#8366 = EDGE_CURVE ( 'NONE', #187, #7493, #1989, .T. ) ;
#8367 = ORIENTED_EDGE ( 'NONE', *, *, #4241, .F. ) ;
#8368 = CARTESIAN_POINT ( 'NONE',  ( 287.8049690295604250, 1027.149241840084414, 61.58012167084567778 ) ) ;
#8369 = ORIENTED_EDGE ( 'NONE', *, *, #1916, .F. ) ;
#8370 = CARTESIAN_POINT ( 'NONE',  ( 330.1818223987274337, 1095.092143408788843, -6.300000000000287592 ) ) ;
#8371 = CARTESIAN_POINT ( 'NONE',  ( 281.9757842078806220, 1026.049173275052908, 5.999999999999723777 ) ) ;
#8372 = EDGE_CURVE ( 'NONE', #5890, #779, #380, .T. ) ;
#8373 = ORIENTED_EDGE ( 'NONE', *, *, #4896, .T. ) ;
#8374 = EDGE_CURVE ( 'NONE', #1014, #2198, #5923, .T. ) ;
#8375 = CARTESIAN_POINT ( 'NONE',  ( 278.2490083636031954, 1002.721606781781020, 210.7946508136983255 ) ) ;
#8376 = ORIENTED_EDGE ( 'NONE', *, *, #4697, .F. ) ;
#8377 = ORIENTED_EDGE ( 'NONE', *, *, #3429, .T. ) ;
#8378 = DIRECTION ( 'NONE',  ( -1.000000000000000000, 0.000000000000000000, 3.330669073875466592E-13 ) ) ;
#8379 = CARTESIAN_POINT ( 'NONE',  ( 320.3477465192815998, 1077.358211930101334, 5.936131959015391146 ) ) ;
#8380 = ORIENTED_EDGE ( 'NONE', *, *, #2624, .F. ) ;
#8381 = CYLINDRICAL_SURFACE ( 'NONE', #8320, 0.5000000000000535127 ) ;
#8382 = ORIENTED_EDGE ( 'NONE', *, *, #5993, .F. ) ;
#8383 = ADVANCED_FACE ( 'NONE', ( #6427 ), #2216, .F. ) ;
#8384 = FACE_OUTER_BOUND ( 'NONE', #5425, .T. ) ;
#8385 = AXIS2_PLACEMENT_3D ( 'NONE', #989, #7653, #5392 ) ;
#8386 = CARTESIAN_POINT ( 'NONE',  ( 304.3405939606591915, 1074.738228691768882, 5.499999999999713118 ) ) ;
#8387 = DIRECTION ( 'NONE',  ( -0.000000000000000000, -0.000000000000000000, 1.000000000000000000 ) ) ;
#8388 = ADVANCED_FACE ( 'NONE', ( #9409 ), #5022, .T. ) ;
#8389 = ORIENTED_EDGE ( 'NONE', *, *, #3677, .F. ) ;
#8390 = CARTESIAN_POINT ( 'NONE',  ( 285.6169027367602098, 1000.718120100459373, 5.499999999999711342 ) ) ;
#8391 = LINE ( 'NONE', #1738, #878 ) ;
#8392 = DIRECTION ( 'NONE',  ( 0.9882948916112359594, 0.1525555872956985137, -0.000000000000000000 ) ) ;
#8393 = DIRECTION ( 'NONE',  ( 0.4943022244885084127, 0.8692901189279171881, 0.000000000000000000 ) ) ;
#8394 = VERTEX_POINT ( 'NONE', #8732 ) ;
#8395 = CARTESIAN_POINT ( 'NONE',  ( 343.4356252118062116, 1149.754090469072480, 6.299999999999712941 ) ) ;
#8396 = CIRCLE ( 'NONE', #3173, 0.5000000000000004441 ) ;
#8397 = LINE ( 'NONE', #3886, #7962 ) ;
#8398 = FACE_OUTER_BOUND ( 'NONE', #4971, .T. ) ;
#8399 = ORIENTED_EDGE ( 'NONE', *, *, #7591, .F. ) ;
#8400 = ORIENTED_EDGE ( 'NONE', *, *, #2212, .F. ) ;
#8401 = CARTESIAN_POINT ( 'NONE',  ( 350.7407595012100501, 1119.878743263355318, -8.300000000000288480 ) ) ;
#8402 = FACE_OUTER_BOUND ( 'NONE', #837, .T. ) ;
#8403 = VECTOR ( 'NONE', #9045, 999.9999999999998863 ) ;
#8404 = ORIENTED_EDGE ( 'NONE', *, *, #4441, .F. ) ;
#8405 = EDGE_LOOP ( 'NONE', ( #7184, #9029, #7082, #6989, #9335 ) ) ;
#8406 = EDGE_CURVE ( 'NONE', #5192, #3351, #1799, .T. ) ;
#8407 = CARTESIAN_POINT ( 'NONE',  ( 272.7112994139250759, 957.4437044664329051, 13.24999999999971401 ) ) ;
#8408 = EDGE_CURVE ( 'NONE', #4477, #5496, #8161, .T. ) ;
#8409 = DIRECTION ( 'NONE',  ( 1.000000000000000000, 0.000000000000000000, 0.000000000000000000 ) ) ;
#8410 = AXIS2_PLACEMENT_3D ( 'NONE', #2074, #8011, #7337 ) ;
#8411 = DIRECTION ( 'NONE',  ( 1.000000000000000000, 0.000000000000000000, 0.000000000000000000 ) ) ;
#8412 = ADVANCED_FACE ( 'NONE', ( #2993 ), #6620, .T. ) ;
#8413 = CARTESIAN_POINT ( 'NONE',  ( 295.3965749552162947, 1100.977576535556636, -6.000000000000287770 ) ) ;
#8414 = CIRCLE ( 'NONE', #7198, 44.48499205536726464 ) ;
#8415 = EDGE_LOOP ( 'NONE', ( #7262, #2669, #4717, #7059 ) ) ;
#8416 = CARTESIAN_POINT ( 'NONE',  ( 321.8232857621647440, 1144.425470996566219, 6.299999999999712941 ) ) ;
#8417 = ORIENTED_EDGE ( 'NONE', *, *, #3036, .T. ) ;
#8418 = LINE ( 'NONE', #4711, #5553 ) ;
#8419 = LINE ( 'NONE', #6056, #828 ) ;
#8420 = VECTOR ( 'NONE', #8653, 999.9999999999998863 ) ;
#8421 =( GEOMETRIC_REPRESENTATION_CONTEXT ( 3 ) GLOBAL_UNCERTAINTY_ASSIGNED_CONTEXT ( ( #5576 ) ) GLOBAL_UNIT_ASSIGNED_CONTEXT ( ( #9357, #8007, #3623 ) ) REPRESENTATION_CONTEXT ( 'NONE', 'WORKASPACE' ) );
#8422 = CARTESIAN_POINT ( 'NONE',  ( 309.7490329151448805, 1126.760010189676223, 5.999999999999712230 ) ) ;
#8423 = AXIS2_PLACEMENT_3D ( 'NONE', #8881, #7303, #40 ) ;
#8424 = VERTEX_POINT ( 'NONE', #8012 ) ;
#8425 = CARTESIAN_POINT ( 'NONE',  ( 414.8545173231289027, 944.4988768180915031, 5.499999999999713118 ) ) ;
#8426 = AXIS2_PLACEMENT_3D ( 'NONE', #8054, #5982, #6856 ) ;
#8427 = EDGE_CURVE ( 'NONE', #3058, #4421, #770, .T. ) ;
#8428 = ORIENTED_EDGE ( 'NONE', *, *, #619, .T. ) ;
#8429 = CARTESIAN_POINT ( 'NONE',  ( 278.5015157374441515, 1007.033032501936759, 5.995226719155480666 ) ) ;
#8430 = CARTESIAN_POINT ( 'NONE',  ( 306.8423041959673583, 1116.982560454410759, 10.74999999999971223 ) ) ;
#8431 = ORIENTED_EDGE ( 'NONE', *, *, #7847, .T. ) ;
#8432 = DIRECTION ( 'NONE',  ( 1.000000000000000000, 0.000000000000000000, -0.000000000000000000 ) ) ;
#8433 = VECTOR ( 'NONE', #3385, 1000.000000000000000 ) ;
#8434 = CIRCLE ( 'NONE', #6900, 3.000000000000002665 ) ;
#8435 = VERTEX_POINT ( 'NONE', #5210 ) ;
#8436 = CARTESIAN_POINT ( 'NONE',  ( 294.9950892711793244, 1100.572736224338541, -6.000000000000287770 ) ) ;
#8437 = DIRECTION ( 'NONE',  ( -0.3502424885566279289, -0.9366590624179432778, 0.000000000000000000 ) ) ;
#8438 = LINE ( 'NONE', #1920, #1983 ) ;
#8439 = VERTEX_POINT ( 'NONE', #8102 ) ;
#8440 = DIRECTION ( 'NONE',  ( -0.000000000000000000, -0.000000000000000000, -1.000000000000000000 ) ) ;
#8441 = VECTOR ( 'NONE', #4498, 1000.000000000000000 ) ;
#8442 = CARTESIAN_POINT ( 'NONE',  ( 281.3553362426226272, 1023.217852849407564, -6.000000000000287770 ) ) ;
#8443 = DIRECTION ( 'NONE',  ( 0.000000000000000000, 0.000000000000000000, -1.000000000000000000 ) ) ;
#8444 = EDGE_CURVE ( 'NONE', #9226, #6926, #4395, .T. ) ;
#8445 = EDGE_CURVE ( 'NONE', #3284, #2079, #5877, .T. ) ;
#8446 = AXIS2_PLACEMENT_3D ( 'NONE', #2126, #3731, #6615 ) ;
#8447 = AXIS2_PLACEMENT_3D ( 'NONE', #7054, #6465, #3436 ) ;
#8448 = DIRECTION ( 'NONE',  ( 0.000000000000000000, 0.000000000000000000, 1.000000000000000000 ) ) ;
#8449 = EDGE_LOOP ( 'NONE', ( #5231, #6722 ) ) ;
#8450 = CARTESIAN_POINT ( 'NONE',  ( 296.1344922519371607, 1103.147939300681855, -6.000000000000287770 ) ) ;
#8451 = CARTESIAN_POINT ( 'NONE',  ( 266.8922215515673884, 958.4697648964098562, 13.24999999999971401 ) ) ;
#8452 = CARTESIAN_POINT ( 'NONE',  ( 304.5877450729034308, 1075.172873751232828, -5.500000000000289546 ) ) ;
#8453 = EDGE_LOOP ( 'NONE', ( #5682, #1026, #9227 ) ) ;
#8454 = AXIS2_PLACEMENT_3D ( 'NONE', #4922, #7868, #4025 ) ;
#8455 = VECTOR ( 'NONE', #6489, 1000.000000000000114 ) ;
#8456 = ORIENTED_EDGE ( 'NONE', *, *, #8299, .F. ) ;
#8457 = DIRECTION ( 'NONE',  ( -0.8815943511951251921, 0.4720078388552951809, -1.117369534926531885E-13 ) ) ;
#8458 = EDGE_LOOP ( 'NONE', ( #5967, #2337, #9042, #7701 ) ) ;
#8459 = ORIENTED_EDGE ( 'NONE', *, *, #5997, .F. ) ;
#8460 = VECTOR ( 'NONE', #7482, 1000.000000000000000 ) ;
#8461 = LINE ( 'NONE', #1853, #4543 ) ;
#8462 = DIRECTION ( 'NONE',  ( 0.9848077530122086864, -0.1736481776669271393, 0.000000000000000000 ) ) ;
#8463 = CARTESIAN_POINT ( 'NONE',  ( 318.8880059579842623, 1074.850687220776990, 5.792893218813198963 ) ) ;
#8464 = LINE ( 'NONE', #1757, #554 ) ;
#8465 = ORIENTED_EDGE ( 'NONE', *, *, #6174, .T. ) ;
#8466 = CYLINDRICAL_SURFACE ( 'NONE', #8305, 0.4999999999999431566 ) ;
#8467 = ORIENTED_EDGE ( 'NONE', *, *, #8671, .F. ) ;
#8468 = DIRECTION ( 'NONE',  ( -0.000000000000000000, -0.000000000000000000, 1.000000000000000000 ) ) ;
#8469 = VECTOR ( 'NONE', #711, 1000.000000000000000 ) ;
#8470 = EDGE_CURVE ( 'NONE', #1364, #3763, #8685, .T. ) ;
#8471 = CARTESIAN_POINT ( 'NONE',  ( 293.0969220393768069, 1078.255779363895272, 5.999999999999712230 ) ) ;
#8472 = CARTESIAN_POINT ( 'NONE',  ( 290.0181138231952787, 1070.394260918091277, -5.500000000000289546 ) ) ;
#8473 = ORIENTED_EDGE ( 'NONE', *, *, #9159, .F. ) ;
#8474 = EDGE_CURVE ( 'NONE', #3430, #7210, #8276, .T. ) ;
#8475 = FACE_OUTER_BOUND ( 'NONE', #3055, .T. ) ;
#8476 = AXIS2_PLACEMENT_3D ( 'NONE', #942, #3275, #7606 ) ;
#8477 = CARTESIAN_POINT ( 'NONE',  ( 278.4945725988074514, 1006.993656006015044, -5.985748428336296278 ) ) ;
#8478 = ORIENTED_EDGE ( 'NONE', *, *, #8852, .F. ) ;
#8479 = LINE ( 'NONE', #6452, #7840 ) ;
#8480 = DIRECTION ( 'NONE',  ( -0.000000000000000000, -0.000000000000000000, -1.000000000000000000 ) ) ;
#8481 = ORIENTED_EDGE ( 'NONE', *, *, #7255, .F. ) ;
#8482 = CARTESIAN_POINT ( 'NONE',  ( 309.7490329151449373, 1126.760010189676223, 61.58012167084567778 ) ) ;
#8483 = FACE_OUTER_BOUND ( 'NONE', #7547, .T. ) ;
#8484 = ADVANCED_FACE ( 'NONE', ( #1356 ), #722, .F. ) ;
#8485 = ORIENTED_EDGE ( 'NONE', *, *, #99, .T. ) ;
#8486 = CARTESIAN_POINT ( 'NONE',  ( 318.5985410860433262, 1074.806004723765909, -5.500000000000289546 ) ) ;
#8487 = EDGE_CURVE ( 'NONE', #7136, #1313, #6665, .T. ) ;
#8488 = CARTESIAN_POINT ( 'NONE',  ( 278.4869764753135541, 1006.906831917181648, 210.7946508136983255 ) ) ;
#8489 = CARTESIAN_POINT ( 'NONE',  ( 350.7407595012100501, 1119.878743263355318, -6.300000000000287592 ) ) ;
#8490 = ORIENTED_EDGE ( 'NONE', *, *, #6990, .F. ) ;
#8491 = DIRECTION ( 'NONE',  ( 0.000000000000000000, 0.000000000000000000, -1.000000000000000000 ) ) ;
#8492 = PLANE ( 'NONE',  #5659 ) ;
#8493 = LINE ( 'NONE', #1880, #1221 ) ;
#8494 = CARTESIAN_POINT ( 'NONE',  ( 275.1653034219292522, 956.5260851264006305, -6.000000000000287770 ) ) ;
#8495 = EDGE_LOOP ( 'NONE', ( #347, #1308, #7273, #9329, #8042, #2346 ) ) ;
#8496 = ADVANCED_FACE ( 'NONE', ( #6566, #9450 ), #2842, .T. ) ;
#8497 = FACE_OUTER_BOUND ( 'NONE', #1098, .T. ) ;
#8498 = CARTESIAN_POINT ( 'NONE',  ( 343.7169217884921864, 1113.199209766361719, -8.300000000000288480 ) ) ;
#8499 = CARTESIAN_POINT ( 'NONE',  ( 280.8802583216506719, 1003.018224043983537, 61.58012167084567778 ) ) ;
#8500 = ORIENTED_EDGE ( 'NONE', *, *, #956, .F. ) ;
#8501 = VERTEX_POINT ( 'NONE', #2894 ) ;
#8502 = DIRECTION ( 'NONE',  ( -1.000000000000000000, 0.000000000000000000, 1.110223024625155531E-13 ) ) ;
#8503 = VERTEX_POINT ( 'NONE', #625 ) ;
#8504 = EDGE_LOOP ( 'NONE', ( #5162, #7596, #3760, #3231, #4768, #5079, #1758, #8316 ) ) ;
#8505 = CARTESIAN_POINT ( 'NONE',  ( 337.3835438837262473, 1114.351821815406538, 8.299999999999714717 ) ) ;
#8506 = FACE_OUTER_BOUND ( 'NONE', #5216, .T. ) ;
#8507 = ADVANCED_FACE ( 'NONE', ( #5840 ), #8784, .F. ) ;
#8508 =( BOUNDED_CURVE ( )  B_SPLINE_CURVE ( 3, ( #1771, #6110, #8429, #1820 ),
 .UNSPECIFIED., .F., .F. ) 
 B_SPLINE_CURVE_WITH_KNOTS ( ( 4, 4 ),
 ( 1.570796326794896558, 1.810127005595137950 ),
 .UNSPECIFIED. ) 
 CURVE ( )  GEOMETRIC_REPRESENTATION_ITEM ( )  RATIONAL_B_SPLINE_CURVE ( ( 1.000000000000000000, 0.9952324288107151640, 0.9952324288107151640, 1.000000000000000000 ) ) 
 REPRESENTATION_ITEM ( '' )  );
#8509 = CARTESIAN_POINT ( 'NONE',  ( 287.8049690295604250, 1027.149241840084414, 5.499999999999711342 ) ) ;
#8510 = DIRECTION ( 'NONE',  ( -0.9956305605605011433, -0.09337979908943010166, 6.906823604188928860E-14 ) ) ;
#8511 = EDGE_CURVE ( 'NONE', #5190, #2799, #245, .T. ) ;
#8512 = ORIENTED_EDGE ( 'NONE', *, *, #6766, .F. ) ;
#8513 = CARTESIAN_POINT ( 'NONE',  ( 300.6581200301939703, 1026.129512749226706, 5.999999999999699796 ) ) ;
#8514 = ORIENTED_EDGE ( 'NONE', *, *, #7111, .F. ) ;
#8515 = CARTESIAN_POINT ( 'NONE',  ( 277.7566044870970927, 1002.808430870614416, -6.000000000000282441 ) ) ;
#8516 = CARTESIAN_POINT ( 'NONE',  ( 266.8922215515673884, 958.4697648964098562, 13.24999999999971401 ) ) ;
#8517 = CARTESIAN_POINT ( 'NONE',  ( 323.6105210065555298, 1086.409309232233682, 61.58012167084567778 ) ) ;
#8518 = EDGE_LOOP ( 'NONE', ( #6808, #8648, #5326 ) ) ;
#8519 = DIRECTION ( 'NONE',  ( -0.3502424885566302049, -0.9366590624179422786, 0.000000000000000000 ) ) ;
#8520 = LINE ( 'NONE', #3422, #3491 ) ;
#8521 = ORIENTED_EDGE ( 'NONE', *, *, #8662, .T. ) ;
#8522 = CARTESIAN_POINT ( 'NONE',  ( 278.1127761287803537, 964.4085583051373760, -6.000000000000287770 ) ) ;
#8523 = FACE_OUTER_BOUND ( 'NONE', #6639, .T. ) ;
#8524 = ORIENTED_EDGE ( 'NONE', *, *, #6358, .T. ) ;
#8525 = DIRECTION ( 'NONE',  ( 0.9848077530122086864, -0.1736481776669271393, 0.000000000000000000 ) ) ;
#8526 = SPHERICAL_SURFACE ( 'NONE', #3149, 0.5000000000000000000 ) ;
#8527 =( BOUNDED_CURVE ( )  B_SPLINE_CURVE ( 3, ( #3649, #2960, #9466, #2857 ),
 .UNSPECIFIED., .F., .T. ) 
 B_SPLINE_CURVE_WITH_KNOTS ( ( 4, 4 ),
 ( 0.05603362619889636076, 0.4138636039995315374 ),
 .UNSPECIFIED. ) 
 CURVE ( )  GEOMETRIC_REPRESENTATION_ITEM ( )  RATIONAL_B_SPLINE_CURVE ( ( 1.000000000000000000, 0.9893582418065727246, 0.9893582418065727246, 1.000000000000000000 ) ) 
 REPRESENTATION_ITEM ( '' )  );
#8528 = VERTEX_POINT ( 'NONE', #282 ) ;
#8529 = LINE ( 'NONE', #4105, #8128 ) ;
#8530 = DIRECTION ( 'NONE',  ( -0.8673302893362094812, 0.4977330300472003199, -0.000000000000000000 ) ) ;
#8531 = CARTESIAN_POINT ( 'NONE',  ( 302.1511688212739273, 1029.388664146937117, -6.000000000000287770 ) ) ;
#8532 = EDGE_CURVE ( 'NONE', #2335, #1701, #221, .T. ) ;
#8533 = EDGE_CURVE ( 'NONE', #7945, #7778, #1489, .T. ) ;
#8534 = VERTEX_POINT ( 'NONE', #3094 ) ;
#8535 = CARTESIAN_POINT ( 'NONE',  ( 316.9385831184748668, 1068.241031979180207, 5.999999999999712230 ) ) ;
#8536 = EDGE_CURVE ( 'NONE', #4614, #2623, #2260, .T. ) ;
#8537 = DIRECTION ( 'NONE',  ( -0.3248897391129322854, 0.9457519005633193698, 0.000000000000000000 ) ) ;
#8538 = DIRECTION ( 'NONE',  ( 1.000000000000000000, 0.000000000000000000, -0.000000000000000000 ) ) ;
#8539 = AXIS2_PLACEMENT_3D ( 'NONE', #5562, #1266, #7068 ) ;
#8540 = ORIENTED_EDGE ( 'NONE', *, *, #6207, .F. ) ;
#8541 = ADVANCED_FACE ( 'NONE', ( #2510 ), #4730, .F. ) ;
#8542 = CARTESIAN_POINT ( 'NONE',  ( 341.7912167416586158, 1119.102250538167482, -8.300000000000288480 ) ) ;
#8543 = FACE_OUTER_BOUND ( 'NONE', #4804, .T. ) ;
#8544 = DIRECTION ( 'NONE',  ( 1.000000000000000000, 0.000000000000000000, 0.000000000000000000 ) ) ;
#8545 = AXIS2_PLACEMENT_3D ( 'NONE', #1763, #2392, #943 ) ;
#8546 = EDGE_CURVE ( 'NONE', #6992, #43, #5810, .T. ) ;
#8547 = VERTEX_POINT ( 'NONE', #4683 ) ;
#8548 = ORIENTED_CLOSED_SHELL ( 'NONE', *, #1075, .F. );
#8549 = ORIENTED_EDGE ( 'NONE', *, *, #7108, .T. ) ;
#8550 = LINE ( 'NONE', #4794, #4081 ) ;
#8551 = EDGE_CURVE ( 'NONE', #1382, #6343, #9063, .T. ) ;
#8552 = ORIENTED_EDGE ( 'NONE', *, *, #4874, .T. ) ;
#8553 = EDGE_LOOP ( 'NONE', ( #3756, #262, #7119, #7342 ) ) ;
#8554 = VECTOR ( 'NONE', #2123, 1000.000000000000000 ) ;
#8555 = DIRECTION ( 'NONE',  ( -0.3468439120604485670, 0.9379228649876300006, 0.000000000000000000 ) ) ;
#8556 = DIRECTION ( 'NONE',  ( -0.9904535858622661726, -0.1378466330839395182, -0.000000000000000000 ) ) ;
#8557 = DIRECTION ( 'NONE',  ( -0.8673302893362496713, 0.4977330300471301539, 0.000000000000000000 ) ) ;
#8558 = FACE_BOUND ( 'NONE', #1427, .T. ) ;
#8559 = ORIENTED_EDGE ( 'NONE', *, *, #5489, .F. ) ;
#8560 = AXIS2_PLACEMENT_3D ( 'NONE', #6318, #5635, #8584 ) ;
#8561 = EDGE_LOOP ( 'NONE', ( #6588, #2978, #2196, #2868 ) ) ;
#8562 = CARTESIAN_POINT ( 'NONE',  ( 286.5509301645925007, 1052.683530201192298, 210.7946508136983255 ) ) ;
#8563 = EDGE_CURVE ( 'NONE', #147, #2520, #7819, .T. ) ;
#8564 = FACE_OUTER_BOUND ( 'NONE', #6052, .T. ) ;
#8565 = LINE ( 'NONE', #7129, #7394 ) ;
#8566 = CIRCLE ( 'NONE', #548, 2.500000000000002220 ) ;
#8567 = VERTEX_POINT ( 'NONE', #75 ) ;
#8568 =( BOUNDED_CURVE ( )  B_SPLINE_CURVE ( 3, ( #6699, #65, #3675, #8817 ),
 .UNSPECIFIED., .F., .F. ) 
 B_SPLINE_CURVE_WITH_KNOTS ( ( 4, 4 ),
 ( 1.570796326794930309, 3.141592653589933892 ),
 .UNSPECIFIED. ) 
 CURVE ( )  GEOMETRIC_REPRESENTATION_ITEM ( )  RATIONAL_B_SPLINE_CURVE ( ( 1.000000000000000000, 0.8047378541243397354, 0.8047378541243397354, 1.000000000000000000 ) ) 
 REPRESENTATION_ITEM ( '' )  );
#8569 = EDGE_CURVE ( 'NONE', #7670, #5443, #3976, .T. ) ;
#8570 = VECTOR ( 'NONE', #1620, 1000.000000000000000 ) ;
#8571 = CARTESIAN_POINT ( 'NONE',  ( 336.1950601088341273, 1158.572179699236813, 6.299999999999713829 ) ) ;
#8572 = DIRECTION ( 'NONE',  ( 0.9956305605605113573, 0.09337979908932034223, -0.000000000000000000 ) ) ;
#8573 = ORIENTED_EDGE ( 'NONE', *, *, #1081, .F. ) ;
#8574 = FACE_OUTER_BOUND ( 'NONE', #4592, .T. ) ;
#8575 = CIRCLE ( 'NONE', #401, 0.4999999999999883982 ) ;
#8576 = ORIENTED_EDGE ( 'NONE', *, *, #7576, .F. ) ;
#8577 = CARTESIAN_POINT ( 'NONE',  ( 344.7912167416586158, 1119.102250538167482, -8.300000000000288480 ) ) ;
#8578 = AXIS2_PLACEMENT_3D ( 'NONE', #5268, #3832, #8206 ) ;
#8579 = DIRECTION ( 'NONE',  ( 1.000000000000000000, 0.000000000000000000, 0.000000000000000000 ) ) ;
#8580 = VECTOR ( 'NONE', #9131, 1000.000000000000000 ) ;
#8581 = EDGE_LOOP ( 'NONE', ( #6492, #171 ) ) ;
#8582 = VECTOR ( 'NONE', #4791, 1000.000000000000000 ) ;
#8583 = DIRECTION ( 'NONE',  ( 1.000000000000000000, 0.000000000000000000, 0.000000000000000000 ) ) ;
#8584 = DIRECTION ( 'NONE',  ( -1.000000000000000000, 0.000000000000000000, 1.110223024625155531E-13 ) ) ;
#8585 = DIRECTION ( 'NONE',  ( -0.9888139587632113203, -0.1491541315385737365, 0.000000000000000000 ) ) ;
#8586 = VERTEX_POINT ( 'NONE', #3044 ) ;
#8587 = DIRECTION ( 'NONE',  ( 0.8815943511951107592, -0.4720078388553221038, 0.000000000000000000 ) ) ;
#8588 = CARTESIAN_POINT ( 'NONE',  ( 303.0916329489322720, 1046.845992106606673, 5.499999999999713118 ) ) ;
#8589 =( BOUNDED_CURVE ( )  B_SPLINE_CURVE ( 3, ( #6981, #3160, #345, #5385 ),
 .UNSPECIFIED., .F., .F. ) 
 B_SPLINE_CURVE_WITH_KNOTS ( ( 4, 4 ),
 ( 1.119450305958967995, 1.570796326794896558 ),
 .UNSPECIFIED. ) 
 CURVE ( )  GEOMETRIC_REPRESENTATION_ITEM ( )  RATIONAL_B_SPLINE_CURVE ( ( 1.000000000000000000, 0.9830958222741088548, 0.9830958222741088548, 1.000000000000000000 ) ) 
 REPRESENTATION_ITEM ( '' )  );
#8590 = CARTESIAN_POINT ( 'NONE',  ( 307.9768127012050059, 1044.042544157977545, -6.000000000000287770 ) ) ;
#8591 = AXIS2_PLACEMENT_3D ( 'NONE', #2980, #2067, #3620 ) ;
#8592 = EDGE_CURVE ( 'NONE', #7636, #6518, #8202, .T. ) ;
#8593 = LINE ( 'NONE', #1064, #4886 ) ;
#8594 = ORIENTED_EDGE ( 'NONE', *, *, #9113, .T. ) ;
#8595 = AXIS2_PLACEMENT_3D ( 'NONE', #1080, #979, #4701 ) ;
#8596 = CARTESIAN_POINT ( 'NONE',  ( 292.1741231122941826, 1027.378055811137983, -5.500000000000287770 ) ) ;
#8597 = VECTOR ( 'NONE', #6929, 999.9999999999998863 ) ;
#8598 = FACE_OUTER_BOUND ( 'NONE', #4035, .T. ) ;
#8599 = DIRECTION ( 'NONE',  ( -4.855584208969898269E-15, 2.761018471767671160E-15, 1.000000000000000000 ) ) ;
#8600 = ORIENTED_EDGE ( 'NONE', *, *, #8764, .T. ) ;
#8601 = VERTEX_POINT ( 'NONE', #3825 ) ;
#8602 = PLANE ( 'NONE',  #1139 ) ;
#8603 = AXIS2_PLACEMENT_3D ( 'NONE', #8930, #8309, #6715 ) ;
#8604 = VECTOR ( 'NONE', #6401, 1000.000000000000000 ) ;
#8605 = VERTEX_POINT ( 'NONE', #5263 ) ;
#8606 = ORIENTED_EDGE ( 'NONE', *, *, #2224, .T. ) ;
#8607 = CARTESIAN_POINT ( 'NONE',  ( 286.1141019308905129, 1003.311413992819212, 61.58012167084567778 ) ) ;
#8608 = EDGE_CURVE ( 'NONE', #8018, #3744, #3877, .T. ) ;
#8609 = CIRCLE ( 'NONE', #4451, 0.4999999999999727995 ) ;
#8610 = CIRCLE ( 'NONE', #6456, 0.5000000000000004441 ) ;
#8611 = PLANE ( 'NONE',  #7341 ) ;
#8612 = VERTEX_POINT ( 'NONE', #8345 ) ;
#8613 = CARTESIAN_POINT ( 'NONE',  ( 300.8423041959673583, 1116.982560454410759, 10.74999999999971223 ) ) ;
#8614 = ORIENTED_EDGE ( 'NONE', *, *, #500, .F. ) ;
#8615 = CARTESIAN_POINT ( 'NONE',  ( 320.2827979233622955, 1077.184518866161397, 5.845445746072394755 ) ) ;
#8616 = DIRECTION ( 'NONE',  ( -0.9956305605605282327, -0.09337979908914122162, 0.000000000000000000 ) ) ;
#8617 = LINE ( 'NONE', #5619, #5697 ) ;
#8618 = CIRCLE ( 'NONE', #1215, 0.5000000000000004441 ) ;
#8619 = VECTOR ( 'NONE', #5573, 1000.000000000000000 ) ;
#8620 = ORIENTED_EDGE ( 'NONE', *, *, #2285, .F. ) ;
#8621 = LINE ( 'NONE', #3512, #3646 ) ;
#8622 = EDGE_CURVE ( 'NONE', #1116, #1569, #8391, .T. ) ;
#8623 = CYLINDRICAL_SURFACE ( 'NONE', #3342, 44.48499205536726464 ) ;
#8624 = EDGE_LOOP ( 'NONE', ( #9541, #2651, #8872, #6041 ) ) ;
#8625 = CARTESIAN_POINT ( 'NONE',  ( 347.0085846824679834, 1140.092221637931743, 8.299999999999714717 ) ) ;
#8626 = VECTOR ( 'NONE', #2258, 1000.000000000000000 ) ;
#8627 = VECTOR ( 'NONE', #7980, 1000.000000000000000 ) ;
#8628 = ORIENTED_EDGE ( 'NONE', *, *, #9319, .T. ) ;
#8629 = CARTESIAN_POINT ( 'NONE',  ( 269.8466448106040048, 957.9488203634091406, -6.000000000000287770 ) ) ;
#8630 = DIRECTION ( 'NONE',  ( -1.000000000000000000, 0.000000000000000000, -1.110223024625155531E-13 ) ) ;
#8631 = AXIS2_PLACEMENT_3D ( 'NONE', #3872, #8096, #4439 ) ;
#8632 = ORIENTED_EDGE ( 'NONE', *, *, #274, .T. ) ;
#8633 = VECTOR ( 'NONE', #2739, 1000.000000000000000 ) ;
#8634 = DIRECTION ( 'NONE',  ( 0.9882948916112229698, 0.1525555872957823078, -0.000000000000000000 ) ) ;
#8635 = LINE ( 'NONE', #7948, #9075 ) ;
#8636 = EDGE_CURVE ( 'NONE', #8162, #6864, #6240, .T. ) ;
#8637 = ORIENTED_EDGE ( 'NONE', *, *, #9255, .T. ) ;
#8638 = CARTESIAN_POINT ( 'NONE',  ( 327.5413952400728590, 1138.830542578913537, 6.299999999999712941 ) ) ;
#8639 = FACE_OUTER_BOUND ( 'NONE', #8176, .T. ) ;
#8640 = DIRECTION ( 'NONE',  ( 0.9888139587632027716, 0.1491541315386305799, -0.000000000000000000 ) ) ;
#8641 = LINE ( 'NONE', #2264, #2899 ) ;
#8642 = CARTESIAN_POINT ( 'NONE',  ( 350.7407595012100501, 1119.878743263355318, -8.300000000000288480 ) ) ;
#8643 = ADVANCED_FACE ( 'NONE', ( #7626 ), #6810, .F. ) ;
#8644 = DIRECTION ( 'NONE',  ( -1.000000000000000000, 0.000000000000000000, 0.000000000000000000 ) ) ;
#8645 = EDGE_LOOP ( 'NONE', ( #531, #1963, #2786 ) ) ;
#8646 = ORIENTED_EDGE ( 'NONE', *, *, #6589, .F. ) ;
#8647 = CARTESIAN_POINT ( 'NONE',  ( 301.1525270095755786, 1026.204089814996223, -6.000000000000287770 ) ) ;
#8648 = ORIENTED_EDGE ( 'NONE', *, *, #1450, .T. ) ;
#8649 = ORIENTED_EDGE ( 'NONE', *, *, #8953, .T. ) ;
#8650 = DIRECTION ( 'NONE',  ( 0.000000000000000000, 0.000000000000000000, 1.000000000000000000 ) ) ;
#8651 = CARTESIAN_POINT ( 'NONE',  ( 347.0085846824679834, 1140.092221637931743, 8.999999999999712230 ) ) ;
#8652 = EDGE_CURVE ( 'NONE', #673, #4151, #2414, .T. ) ;
#8653 = DIRECTION ( 'NONE',  ( -0.9888139587632100991, -0.1491541315385826738, 0.000000000000000000 ) ) ;
#8654 = ORIENTED_EDGE ( 'NONE', *, *, #166, .F. ) ;
#8655 = EDGE_CURVE ( 'NONE', #9260, #6530, #6073, .T. ) ;
#8656 = ORIENTED_EDGE ( 'NONE', *, *, #4703, .T. ) ;
#8657 = DIRECTION ( 'NONE',  ( 0.9155739129316895486, -0.4021497357439824394, -0.000000000000000000 ) ) ;
#8658 = CARTESIAN_POINT ( 'NONE',  ( 291.3912742007565271, 1002.026588950475571, 61.58012167084567778 ) ) ;
#8659 = EDGE_CURVE ( 'NONE', #5283, #1653, #2885, .T. ) ;
#8660 = SPHERICAL_SURFACE ( 'NONE', #5843, 0.5000000000000000000 ) ;
#8661 = ORIENTED_EDGE ( 'NONE', *, *, #5453, .T. ) ;
#8662 = EDGE_CURVE ( 'NONE', #7136, #134, #253, .T. ) ;
#8663 = SPHERICAL_SURFACE ( 'NONE', #3016, 0.5000000000000000000 ) ;
#8664 = CARTESIAN_POINT ( 'NONE',  ( 291.2146693797450894, 1079.132909623525848, 5.999999999999714007 ) ) ;
#8665 = ORIENTED_EDGE ( 'NONE', *, *, #4348, .T. ) ;
#8666 = CARTESIAN_POINT ( 'NONE',  ( 328.7864743326773578, 1162.178293110218874, -6.300000000000287592 ) ) ;
#8667 = EDGE_LOOP ( 'NONE', ( #7513, #5560, #8573, #6246, #9151, #4299 ) ) ;
#8668 = CARTESIAN_POINT ( 'NONE',  ( 267.0731436892096440, 959.4958253263869210, -9.000000000000287770 ) ) ;
#8669 = EDGE_CURVE ( 'NONE', #3284, #4965, #7106, .T. ) ;
#8670 = DIRECTION ( 'NONE',  ( 1.000000000000000000, 0.000000000000000000, 0.000000000000000000 ) ) ;
#8671 = EDGE_CURVE ( 'NONE', #1392, #384, #9305, .T. ) ;
#8672 = EDGE_CURVE ( 'NONE', #9342, #6681, #7862, .T. ) ;
#8673 = ORIENTED_EDGE ( 'NONE', *, *, #3324, .T. ) ;
#8674 = CARTESIAN_POINT ( 'NONE',  ( 285.7902456763747523, 1048.369474092697374, -6.000000000000287770 ) ) ;
#8675 = CARTESIAN_POINT ( 'NONE',  ( 345.1878035724741380, 1012.037830857244444, 5.499999999999711342 ) ) ;
#8676 = ORIENTED_EDGE ( 'NONE', *, *, #5640, .F. ) ;
#8677 = CARTESIAN_POINT ( 'NONE',  ( 287.2922005561221681, 1053.030371257027127, 61.58012167084567778 ) ) ;
#8678 = FACE_BOUND ( 'NONE', #3715, .T. ) ;
#8679 = CARTESIAN_POINT ( 'NONE',  ( 293.2180872129446811, 1004.804932188647854, -6.000000000000287770 ) ) ;
#8680 = PERSON_AND_ORGANIZATION ( #6964, #9189 ) ;
#8681 = DIRECTION ( 'NONE',  ( 1.000000000000000000, 0.000000000000000000, 0.000000000000000000 ) ) ;
#8682 = EDGE_CURVE ( 'NONE', #4429, #7115, #3982, .T. ) ;
#8683 = CARTESIAN_POINT ( 'NONE',  ( 337.0625177931627263, 1077.150226908898958, -6.000000000000287770 ) ) ;
#8684 = DIRECTION ( 'NONE',  ( 1.000000000000000000, 0.000000000000000000, -5.551115123125777653E-13 ) ) ;
#8685 = LINE ( 'NONE', #9504, #2576 ) ;
#8686 = ORIENTED_EDGE ( 'NONE', *, *, #947, .T. ) ;
#8687 = ORIENTED_EDGE ( 'NONE', *, *, #7220, .F. ) ;
#8689 = CIRCLE ( 'NONE', #514, 3.000000000000002665 ) ;
#8688 = CARTESIAN_POINT ( 'NONE',  ( 315.9060685536227311, 1065.570186247951824, -5.934645059464202177 ) ) ;
#8690 = ORIENTED_EDGE ( 'NONE', *, *, #8803, .T. ) ;
#8691 = ORIENTED_EDGE ( 'NONE', *, *, #3264, .T. ) ;
#8692 = CARTESIAN_POINT ( 'NONE',  ( 289.5724725835978575, 1069.819548789301507, -6.000000000000287770 ) ) ;
#8693 = VECTOR ( 'NONE', #1810, 1000.000000000000114 ) ;
#8694 = DIRECTION ( 'NONE',  ( 0.9904535858622584010, 0.1378466330839970000, -6.597746255080989920E-13 ) ) ;
#8695 = CARTESIAN_POINT ( 'NONE',  ( 327.5413952400728590, 1138.830542578913537, -6.300000000000287592 ) ) ;
#8696 = ORIENTED_EDGE ( 'NONE', *, *, #8076, .F. ) ;
#8697 = VERTEX_POINT ( 'NONE', #6270 ) ;
#8698 = CYLINDRICAL_SURFACE ( 'NONE', #3850, 0.5000000000000004441 ) ;
#8699 = LINE ( 'NONE', #7892, #1458 ) ;
#8700 = EDGE_CURVE ( 'NONE', #9422, #8424, #8213, .T. ) ;
#8701 = LINE ( 'NONE', #8841, #8627 ) ;
#8702 = EDGE_CURVE ( 'NONE', #3787, #4059, #7972, .T. ) ;
#8703 = ORIENTED_EDGE ( 'NONE', *, *, #2120, .F. ) ;
#8704 = EDGE_CURVE ( 'NONE', #1287, #7888, #2700, .T. ) ;
#8705 = CARTESIAN_POINT ( 'NONE',  ( 289.7989609470950541, 1070.360431950639395, 5.721748465928698124 ) ) ;
#8706 = PLANE ( 'NONE',  #2093 ) ;
#8707 = CIRCLE ( 'NONE', #1619, 44.48499205536726464 ) ;
#8708 = EDGE_LOOP ( 'NONE', ( #6439, #6377, #1474, #8023 ) ) ;
#8709 = CARTESIAN_POINT ( 'NONE',  ( 293.1848145592648507, 1004.715950601267309, -6.000000000000285993 ) ) ;
#8710 = ORIENTED_EDGE ( 'NONE', *, *, #2125, .F. ) ;
#8711 = CARTESIAN_POINT ( 'NONE',  ( 321.8232857621647440, 1144.425470996566219, 8.799999999999712941 ) ) ;
#8712 = DIRECTION ( 'NONE',  ( 0.000000000000000000, 0.000000000000000000, -1.000000000000000000 ) ) ;
#8713 = VECTOR ( 'NONE', #1184, 1000.000000000000000 ) ;
#8714 = ORIENTED_EDGE ( 'NONE', *, *, #7941, .T. ) ;
#8715 = CYLINDRICAL_SURFACE ( 'NONE', #7936, 0.5000000000000004441 ) ;
#8716 = DIRECTION ( 'NONE',  ( -0.9366590624179432778, 0.3502424885566279289, 0.000000000000000000 ) ) ;
#8717 = ORIENTED_EDGE ( 'NONE', *, *, #3879, .F. ) ;
#8718 = VECTOR ( 'NONE', #3135, 1000.000000000000000 ) ;
#8719 = ORIENTED_EDGE ( 'NONE', *, *, #1234, .T. ) ;
#8720 = FACE_OUTER_BOUND ( 'NONE', #5345, .T. ) ;
#8721 = DIRECTION ( 'NONE',  ( 0.6993660522065789920, 0.7147636847385188119, 0.000000000000000000 ) ) ;
#8722 = DIRECTION ( 'NONE',  ( 0.8673302893362496713, -0.4977330300471301539, 0.000000000000000000 ) ) ;
#8723 = VECTOR ( 'NONE', #2368, 1000.000000000000114 ) ;
#8724 = PERSON_AND_ORGANIZATION_ROLE ( 'design_owner' ) ;
#8725 = DIRECTION ( 'NONE',  ( 1.000000000000000000, 0.000000000000000000, 0.000000000000000000 ) ) ;
#8726 = CIRCLE ( 'NONE', #5800, 6.000000000000005329 ) ;
#8727 = LINE ( 'NONE', #3626, #8554 ) ;
#8728 = DIRECTION ( 'NONE',  ( -1.000000000000000000, 0.000000000000000000, -3.330669073875466592E-13 ) ) ;
#8729 = PLANE ( 'NONE',  #5024 ) ;
#8730 = EDGE_CURVE ( 'NONE', #6341, #2725, #629, .T. ) ;
#8731 = AXIS2_PLACEMENT_3D ( 'NONE', #5926, #9556, #7391 ) ;
#8732 = CARTESIAN_POINT ( 'NONE',  ( 289.5724725835979143, 1069.819548789301734, 5.999999999999712230 ) ) ;
#8733 = ORIENTED_EDGE ( 'NONE', *, *, #8536, .T. ) ;
#8734 = ORIENTED_EDGE ( 'NONE', *, *, #7955, .T. ) ;
#8735 = CARTESIAN_POINT ( 'NONE',  ( 297.8423041959673583, 1116.982560454410759, -13.25000000000028955 ) ) ;
#8736 = VERTEX_POINT ( 'NONE', #9353 ) ;
#8737 = VECTOR ( 'NONE', #5280, 1000.000000000000114 ) ;
#8738 = VECTOR ( 'NONE', #5410, 1000.000000000000000 ) ;
#8739 = ORIENTED_EDGE ( 'NONE', *, *, #2936, .T. ) ;
#8740 = CARTESIAN_POINT ( 'NONE',  ( 206.4775541938253411, 1022.250624440806746, -6.000000000000287770 ) ) ;
#8741 = CARTESIAN_POINT ( 'NONE',  ( 291.2724281967871320, 1079.293236646936521, 5.999999999999712230 ) ) ;
#8742 = EDGE_CURVE ( 'NONE', #5440, #3744, #5551, .T. ) ;
#8743 = DIRECTION ( 'NONE',  ( 0.000000000000000000, 0.000000000000000000, -1.000000000000000000 ) ) ;
#8744 = ORIENTED_EDGE ( 'NONE', *, *, #8592, .F. ) ;
#8745 = VECTOR ( 'NONE', #3929, 999.9999999999998863 ) ;
#8746 = EDGE_LOOP ( 'NONE', ( #3801, #4728, #2549 ) ) ;
#8747 = LINE ( 'NONE', #2144, #9068 ) ;
#8748 = FACE_OUTER_BOUND ( 'NONE', #5269, .T. ) ;
#8749 = CARTESIAN_POINT ( 'NONE',  ( 280.3802583216505582, 1003.018224043983537, -5.500000000000287770 ) ) ;
#8750 = ORIENTED_EDGE ( 'NONE', *, *, #3677, .T. ) ;
#8751 = CIRCLE ( 'NONE', #8446, 0.5000000000000004441 ) ;
#8752 = CIRCLE ( 'NONE', #1207, 8.000000000000007105 ) ;
#8753 = LINE ( 'NONE', #4369, #3990 ) ;
#8754 = PLANE ( 'NONE',  #6563 ) ;
#8755 = DIRECTION ( 'NONE',  ( -0.000000000000000000, -0.000000000000000000, -1.000000000000000000 ) ) ;
#8756 = EDGE_LOOP ( 'NONE', ( #7553, #244 ) ) ;
#8757 = CARTESIAN_POINT ( 'NONE',  ( 291.9542243684953746, 1079.480730594156512, -5.500000000000287770 ) ) ;
#8758 = ADVANCED_FACE ( 'NONE', ( #5694 ), #8492, .F. ) ;
#8759 = ORIENTED_EDGE ( 'NONE', *, *, #3655, .T. ) ;
#8760 = DIRECTION ( 'NONE',  ( 0.9155739129316737834, -0.4021497357440186882, 0.000000000000000000 ) ) ;
#8761 = AXIS2_PLACEMENT_3D ( 'NONE', #9531, #3713, #605 ) ;
#8763 = CIRCLE ( 'NONE', #8914, 0.5000000000001001421 ) ;
#8762 = CARTESIAN_POINT ( 'NONE',  ( 266.7112994139250759, 957.4437044664329051, -13.25000000000028955 ) ) ;
#8764 = EDGE_CURVE ( 'NONE', #2573, #4415, #1617, .T. ) ;
#8765 = VERTEX_POINT ( 'NONE', #2030 ) ;
#8766 = FACE_OUTER_BOUND ( 'NONE', #358, .T. ) ;
#8767 = CIRCLE ( 'NONE', #2763, 44.48499205536726464 ) ;
#8768 = DIRECTION ( 'NONE',  ( 5.520307852376530601E-15, 8.521280577492807942E-16, 1.000000000000000000 ) ) ;
#8769 = ORIENTED_EDGE ( 'NONE', *, *, #3586, .T. ) ;
#8770 = CIRCLE ( 'NONE', #2464, 0.4999999999999095168 ) ;
#8771 = VERTEX_POINT ( 'NONE', #474 ) ;
#8772 = LINE ( 'NONE', #5251, #5517 ) ;
#8773 = LINE ( 'NONE', #2835, #3202 ) ;
#8774 = CARTESIAN_POINT ( 'NONE',  ( 302.3586851272392551, 1029.249778693781082, 5.978531859338614751 ) ) ;
#8775 = ADVANCED_FACE ( 'NONE', ( #1879 ), #1151, .F. ) ;
#8776 = VECTOR ( 'NONE', #321, 1000.000000000000000 ) ;
#8777 = EDGE_CURVE ( 'NONE', #3736, #224, #8434, .T. ) ;
#8778 = DATE_AND_TIME ( #2838, #3953 ) ;
#8779 = CARTESIAN_POINT ( 'NONE',  ( 290.8746815250780173, 998.6283494599614414, -5.957786956466096129 ) ) ;
#8780 = CARTESIAN_POINT ( 'NONE',  ( 277.9752806091830166, 955.4753576607306513, -9.000000000000287770 ) ) ;
#8781 = CARTESIAN_POINT ( 'NONE',  ( 340.1753839368880676, 1130.383578298623661, -6.000000000000289546 ) ) ;
#8782 = FACE_OUTER_BOUND ( 'NONE', #2353, .T. ) ;
#8783 = LINE ( 'NONE', #6758, #8239 ) ;
#8784 = CYLINDRICAL_SURFACE ( 'NONE', #8426, 0.4999999999999582556 ) ;
#8785 = CARTESIAN_POINT ( 'NONE',  ( 281.3845185166587157, 1023.383353749603998, 5.973945654871526401 ) ) ;
#8786 = ORIENTED_EDGE ( 'NONE', *, *, #7064, .F. ) ;
#8787 = CARTESIAN_POINT ( 'NONE',  ( 327.5413952400728590, 1138.830542578913537, -6.000000000000287770 ) ) ;
#8788 = EDGE_CURVE ( 'NONE', #482, #7778, #5641, .T. ) ;
#8789 = ORIENTED_EDGE ( 'NONE', *, *, #3662, .T. ) ;
#8790 = EDGE_CURVE ( 'NONE', #7738, #2435, #2734, .T. ) ;
#8791 = ORIENTED_EDGE ( 'NONE', *, *, #9077, .T. ) ;
#8792 = DIRECTION ( 'NONE',  ( 0.000000000000000000, 0.000000000000000000, -1.000000000000000000 ) ) ;
#8793 = CARTESIAN_POINT ( 'NONE',  ( 344.7912167416586158, 1119.102250538167482, -8.300000000000288480 ) ) ;
#8794 = FACE_OUTER_BOUND ( 'NONE', #6333, .T. ) ;
#8795 = ORIENTED_EDGE ( 'NONE', *, *, #9561, .T. ) ;
#8796 = VERTEX_POINT ( 'NONE', #5735 ) ;
#8797 = CARTESIAN_POINT ( 'NONE',  ( 327.5413952400728590, 1138.830542578913537, 5.999999999999712230 ) ) ;
#8798 = LINE ( 'NONE', #6000, #3948 ) ;
#8799 = DIRECTION ( 'NONE',  ( 0.000000000000000000, 1.000000000000000000, 0.000000000000000000 ) ) ;
#8800 = ADVANCED_FACE ( 'NONE', ( #5107 ), #4435, .F. ) ;
#8801 = ORIENTED_EDGE ( 'NONE', *, *, #631, .F. ) ;
#8802 = CARTESIAN_POINT ( 'NONE',  ( 330.3433351485258527, 1146.323815078256985, 8.999999999999712230 ) ) ;
#8803 = EDGE_CURVE ( 'NONE', #4151, #8188, #8282, .T. ) ;
#8804 = CARTESIAN_POINT ( 'NONE',  ( -131.5461489948607152, 945.1834409258204914, 61.58012167084567778 ) ) ;
#8805 = DIRECTION ( 'NONE',  ( -0.3502424885566300383, -0.9366590624179423896, 0.000000000000000000 ) ) ;
#8806 = ORIENTED_EDGE ( 'NONE', *, *, #6847, .T. ) ;
#8807 = CARTESIAN_POINT ( 'NONE',  ( 290.0181138231952787, 1070.394260918091277, -5.500000000000289546 ) ) ;
#8808 = ORIENTED_EDGE ( 'NONE', *, *, #104, .T. ) ;
#8809 = CARTESIAN_POINT ( 'NONE',  ( 278.1107477118306406, 1004.334967884970069, 5.999999999999706013 ) ) ;
#8810 = CARTESIAN_POINT ( 'NONE',  ( 285.7848342726005626, 1048.235960104319247, 5.999999999999712230 ) ) ;
#8811 = ORIENTED_EDGE ( 'NONE', *, *, #2224, .F. ) ;
#8812 = CYLINDRICAL_SURFACE ( 'NONE', #222, 0.4999999999999982236 ) ;
#8813 = ORIENTED_EDGE ( 'NONE', *, *, #8068, .T. ) ;
#8814 =( BOUNDED_CURVE ( )  B_SPLINE_CURVE ( 3, ( #3461, #6395, #5042, #6445 ),
 .UNSPECIFIED., .F., .T. ) 
 B_SPLINE_CURVE_WITH_KNOTS ( ( 4, 4 ),
 ( 1.570796326795090403, 3.141592653590119077 ),
 .UNSPECIFIED. ) 
 CURVE ( )  GEOMETRIC_REPRESENTATION_ITEM ( )  RATIONAL_B_SPLINE_CURVE ( ( 1.000000000000000000, 0.8047378541243338512, 0.8047378541243338512, 1.000000000000000000 ) ) 
 REPRESENTATION_ITEM ( '' )  );
#8815 = ORIENTED_EDGE ( 'NONE', *, *, #7497, .F. ) ;
#8816 = CARTESIAN_POINT ( 'NONE',  ( 285.2500090017418302, 1045.305639661561372, -5.982144731616872768 ) ) ;
#8817 = CARTESIAN_POINT ( 'NONE',  ( 286.6096688964305486, 1052.845572627382353, -6.000000000000287770 ) ) ;
#8818 = EDGE_CURVE ( 'NONE', #7708, #886, #7190, .T. ) ;
#8819 = SHAPE_DEFINITION_REPRESENTATION ( #5082, #5222 ) ;
#8820 = CARTESIAN_POINT ( 'NONE',  ( 298.5785918785733202, 1049.435881603485768, 5.499999999999711342 ) ) ;
#8821 = DIRECTION ( 'NONE',  ( -1.000000000000000000, 0.000000000000000000, 0.000000000000000000 ) ) ;
#8822 = EDGE_CURVE ( 'NONE', #7159, #7447, #7381, .T. ) ;
#8823 = DIRECTION ( 'NONE',  ( 0.000000000000000000, 1.000000000000000000, 0.000000000000000000 ) ) ;
#8824 = DIRECTION ( 'NONE',  ( 0.9904535858622661726, 0.1378466330839395182, -0.000000000000000000 ) ) ;
#8825 = EDGE_CURVE ( 'NONE', #5192, #3793, #1486, .T. ) ;
#8826 = DIRECTION ( 'NONE',  ( 0.000000000000000000, 0.000000000000000000, -1.000000000000000000 ) ) ;
#8827 = CARTESIAN_POINT ( 'NONE',  ( 298.9844294566352119, 1021.463183543108698, 5.999999999999755751 ) ) ;
#8828 = VERTEX_POINT ( 'NONE', #8859 ) ;
#8829 = CARTESIAN_POINT ( 'NONE',  ( 306.8693832602310181, 1041.312810513563363, -5.993360015348753400 ) ) ;
#8830 = ORIENTED_EDGE ( 'NONE', *, *, #6388, .T. ) ;
#8831 = EDGE_LOOP ( 'NONE', ( #4859, #387, #1073, #8665 ) ) ;
#8832 = DIRECTION ( 'NONE',  ( 0.9904535858622585121, 0.1378466330839965004, -0.000000000000000000 ) ) ;
#8833 = EDGE_CURVE ( 'NONE', #183, #2223, #6186, .T. ) ;
#8834 = CYLINDRICAL_SURFACE ( 'NONE', #7494, 0.5000000000000004441 ) ;
#8835 = CARTESIAN_POINT ( 'NONE',  ( 315.9060685536227311, 1065.570186247951824, 210.7946508136983255 ) ) ;
#8836 = VECTOR ( 'NONE', #4037, 1000.000000000000000 ) ;
#8837 = ORIENTED_EDGE ( 'NONE', *, *, #496, .T. ) ;
#8838 = ORIENTED_EDGE ( 'NONE', *, *, #6649, .T. ) ;
#8839 = DIRECTION ( 'NONE',  ( 0.4943022244885084127, 0.8692901189279171881, 0.000000000000000000 ) ) ;
#8840 = DIRECTION ( 'NONE',  ( -1.000000000000000000, 8.881784197001244245E-13, 6.938893903907222067E-15 ) ) ;
#8841 = CARTESIAN_POINT ( 'NONE',  ( 328.7864743326773578, 1162.178293110218874, 8.799999999999712941 ) ) ;
#8842 = VERTEX_POINT ( 'NONE', #761 ) ;
#8843 = CARTESIAN_POINT ( 'NONE',  ( 327.5413952400728590, 1138.830542578913537, 5.999999999999717559 ) ) ;
#8844 = CARTESIAN_POINT ( 'NONE',  ( 318.6748188796912018, 1074.311857277960371, 210.7946508136983255 ) ) ;
#8845 = LINE ( 'NONE', #8130, #4722 ) ;
#8846 = ADVANCED_FACE ( 'NONE', ( #6609, #8678 ), #24, .T. ) ;
#8847 = ORIENTED_EDGE ( 'NONE', *, *, #9128, .T. ) ;
#8848 = CARTESIAN_POINT ( 'NONE',  ( 293.2180872129446811, 1004.804932188647854, -6.000000000000287770 ) ) ;
#8849 = ORIENTED_EDGE ( 'NONE', *, *, #5889, .T. ) ;
#8850 = CARTESIAN_POINT ( 'NONE',  ( 344.7912167416586158, 1119.102250538167482, -8.300000000000288480 ) ) ;
#8851 = DIRECTION ( 'NONE',  ( 0.000000000000000000, 0.000000000000000000, 1.000000000000000000 ) ) ;
#8852 = EDGE_CURVE ( 'NONE', #5141, #5968, #8044, .T. ) ;
#8853 = ORIENTED_EDGE ( 'NONE', *, *, #7569, .F. ) ;
#8854 = VECTOR ( 'NONE', #663, 1000.000000000000114 ) ;
#8855 = LINE ( 'NONE', #2877, #5642 ) ;
#8856 = EDGE_LOOP ( 'NONE', ( #2833, #2015 ) ) ;
#8857 = ORIENTED_EDGE ( 'NONE', *, *, #3112, .F. ) ;
#8858 = FACE_OUTER_BOUND ( 'NONE', #3845, .T. ) ;
#8859 = CARTESIAN_POINT ( 'NONE',  ( 336.3914273614760759, 1144.062267677845057, 6.299999999999712941 ) ) ;
#8860 = DIRECTION ( 'NONE',  ( 0.000000000000000000, 0.000000000000000000, 1.000000000000000000 ) ) ;
#8861 = VECTOR ( 'NONE', #5546, 1000.000000000000000 ) ;
#8862 = PERSON_AND_ORGANIZATION ( #6964, #9189 ) ;
#8863 = DIRECTION ( 'NONE',  ( 0.9366590624179433888, -0.3502424885566274293, 0.000000000000000000 ) ) ;
#8864 = DIRECTION ( 'NONE',  ( 0.3502424885566300938, 0.9366590624179422786, 0.000000000000000000 ) ) ;
#8865 = PLANE ( 'NONE',  #3530 ) ;
#8866 = CARTESIAN_POINT ( 'NONE',  ( 287.0669386295580239, 1055.609959627320677, 5.896290329877433400 ) ) ;
#8867 = DIRECTION ( 'NONE',  ( 1.000000000000000000, 0.000000000000000000, 0.000000000000000000 ) ) ;
#8868 = DIRECTION ( 'NONE',  ( -0.8692901189279571561, 0.4943022244884379135, -0.000000000000000000 ) ) ;
#8869 = CARTESIAN_POINT ( 'NONE',  ( 341.3966675867607137, 1133.649676604258275, 5.999999999999712230 ) ) ;
#8870 = ADVANCED_FACE ( 'NONE', ( #7284 ), #3528, .F. ) ;
#8871 = VECTOR ( 'NONE', #491, 1000.000000000000114 ) ;
#8872 = ORIENTED_EDGE ( 'NONE', *, *, #1716, .F. ) ;
#8873 = DIRECTION ( 'NONE',  ( 0.3502424885566300938, 0.9366590624179422786, 0.000000000000000000 ) ) ;
#8874 = VECTOR ( 'NONE', #9217, 1000.000000000000000 ) ;
#8875 = ADVANCED_FACE ( 'NONE', ( #7328 ), #2257, .F. ) ;
#8876 = CIRCLE ( 'NONE', #5184, 2.500000000000002220 ) ;
#8877 = ORIENTED_EDGE ( 'NONE', *, *, #5054, .F. ) ;
#8878 = ORIENTED_EDGE ( 'NONE', *, *, #6252, .T. ) ;
#8879 = CARTESIAN_POINT ( 'NONE',  ( 281.8023453273956420, 1023.790936640152268, 61.58012167084567778 ) ) ;
#8880 = AXIS2_PLACEMENT_3D ( 'NONE', #3192, #8965, #8920 ) ;
#8881 = CARTESIAN_POINT ( 'NONE',  ( 269.9084903318434954, 1007.617763928632144, -5.500000000000287770 ) ) ;
#8882 = CYLINDRICAL_SURFACE ( 'NONE', #7654, 0.5000000000000004441 ) ;
#8883 = ORIENTED_EDGE ( 'NONE', *, *, #9333, .F. ) ;
#8884 =( BOUNDED_CURVE ( )  B_SPLINE_CURVE ( 3, ( #4947, #1270, #8463, #6437 ),
 .UNSPECIFIED., .F., .F. ) 
 B_SPLINE_CURVE_WITH_KNOTS ( ( 4, 4 ),
 ( -4.174438572590588592E-14, 1.570796326794888564 ),
 .UNSPECIFIED. ) 
 CURVE ( )  GEOMETRIC_REPRESENTATION_ITEM ( )  RATIONAL_B_SPLINE_CURVE ( ( 1.000000000000000000, 0.8047378541243569439, 0.8047378541243569439, 1.000000000000000000 ) ) 
 REPRESENTATION_ITEM ( '' )  );
#8885 = ORIENTED_EDGE ( 'NONE', *, *, #6916, .F. ) ;
#8886 = CARTESIAN_POINT ( 'NONE',  ( -94.73093252029990197, 1010.036564304306353, 61.58012167084567778 ) ) ;
#8887 = AXIS2_PLACEMENT_3D ( 'NONE', #8323, #1714, #7644 ) ;
#8888 = CARTESIAN_POINT ( 'NONE',  ( 306.8423041959673583, 1116.982560454410759, 10.74999999999971223 ) ) ;
#8889 = CIRCLE ( 'NONE', #96, 2.500000000000002220 ) ;
#8890 = EDGE_LOOP ( 'NONE', ( #2485, #4038, #4158, #6335 ) ) ;
#8891 = ORIENTED_EDGE ( 'NONE', *, *, #690, .T. ) ;
#8892 = EDGE_CURVE ( 'NONE', #3880, #3866, #5014, .T. ) ;
#8893 = PLANE ( 'NONE',  #5044 ) ;
#8894 = FACE_OUTER_BOUND ( 'NONE', #8831, .T. ) ;
#8895 = VECTOR ( 'NONE', #6630, 1000.000000000000000 ) ;
#8896 = CARTESIAN_POINT ( 'NONE',  ( 283.2781577940106672, 1032.140978076603005, 5.499999999999713118 ) ) ;
#8897 = ORIENTED_EDGE ( 'NONE', *, *, #2962, .F. ) ;
#8898 = DIRECTION ( 'NONE',  ( 1.000000000000000000, 0.000000000000000000, 0.000000000000000000 ) ) ;
#8899 = ORIENTED_EDGE ( 'NONE', *, *, #6232, .T. ) ;
#8900 = LINE ( 'NONE', #838, #135 ) ;
#8901 = CARTESIAN_POINT ( 'NONE',  ( 306.8423041959673583, 1116.982560454410759, 8.999999999999712230 ) ) ;
#8902 = AXIS2_PLACEMENT_3D ( 'NONE', #1894, #2043, #4988 ) ;
#8903 = AXIS2_PLACEMENT_3D ( 'NONE', #5679, #1241, #4152 ) ;
#8904 = ORIENTED_EDGE ( 'NONE', *, *, #9535, .T. ) ;
#8905 = ADVANCED_FACE ( 'NONE', ( #709 ), #5775, .F. ) ;
#8906 = DIRECTION ( 'NONE',  ( 1.000000000000000000, 0.000000000000000000, 0.000000000000000000 ) ) ;
#8907 = ORIENTED_EDGE ( 'NONE', *, *, #4060, .F. ) ;
#8908 = ORIENTED_EDGE ( 'NONE', *, *, #537, .F. ) ;
#8909 = DIRECTION ( 'NONE',  ( -0.09337979908934757045, 0.9956305605605089148, 0.000000000000000000 ) ) ;
#8910 = AXIS2_PLACEMENT_3D ( 'NONE', #2695, #7723, #4819 ) ;
#8911 = DIRECTION ( 'NONE',  ( -0.000000000000000000, 0.000000000000000000, 1.000000000000000000 ) ) ;
#8912 = ORIENTED_EDGE ( 'NONE', *, *, #177, .T. ) ;
#8913 = CARTESIAN_POINT ( 'NONE',  ( 302.3918572120992962, 1029.338491328365762, 5.999999999999678479 ) ) ;
#8914 = AXIS2_PLACEMENT_3D ( 'NONE', #1557, #3558, #7307 ) ;
#8915 = EDGE_CURVE ( 'NONE', #2853, #2061, #8773, .T. ) ;
#8916 = DIRECTION ( 'NONE',  ( -0.3502424885566274293, -0.9366590624179433888, 0.000000000000000000 ) ) ;
#8917 = LINE ( 'NONE', #9007, #1055 ) ;
#8918 = DIRECTION ( 'NONE',  ( 1.000000000000000000, 0.000000000000000000, -5.204170427930416550E-15 ) ) ;
#8919 = CARTESIAN_POINT ( 'NONE',  ( 316.9048986467299187, 1068.169002111214240, 5.999999999999712230 ) ) ;
#8920 = DIRECTION ( 'NONE',  ( -1.000000000000000000, 0.000000000000000000, 0.000000000000000000 ) ) ;
#8921 = VECTOR ( 'NONE', #6511, 1000.000000000000000 ) ;
#8922 = FACE_OUTER_BOUND ( 'NONE', #2245, .T. ) ;
#8923 = CIRCLE ( 'NONE', #3080, 3.000000000000002665 ) ;
#8924 = VECTOR ( 'NONE', #4583, 1000.000000000000114 ) ;
#8925 = ORIENTED_EDGE ( 'NONE', *, *, #3590, .F. ) ;
#8926 = CARTESIAN_POINT ( 'NONE',  ( 293.1848145592648507, 1004.715950601267309, 5.999999999999711342 ) ) ;
#8927 = DIRECTION ( 'NONE',  ( -0.3502424885566279289, -0.9366590624179432778, 0.000000000000000000 ) ) ;
#8928 = ORIENTED_EDGE ( 'NONE', *, *, #5359, .T. ) ;
#8929 = VECTOR ( 'NONE', #15, 1000.000000000000000 ) ;
#8930 = CARTESIAN_POINT ( 'NONE',  ( 287.3049690295604250, 1027.149241840084414, 5.499999999999711342 ) ) ;
#8931 = CARTESIAN_POINT ( 'NONE',  ( 277.9929607812835570, 1004.066802494549847, -6.000000000000287770 ) ) ;
#8932 = ORIENTED_EDGE ( 'NONE', *, *, #7662, .F. ) ;
#8933 = ORIENTED_EDGE ( 'NONE', *, *, #5931, .F. ) ;
#8934 = CARTESIAN_POINT ( 'NONE',  ( 300.2769494994170714, 1023.682559966568419, 210.7946508136983255 ) ) ;
#8935 = LINE ( 'NONE', #4326, #8085 ) ;
#8936 = ORIENTED_EDGE ( 'NONE', *, *, #139, .T. ) ;
#8937 = VERTEX_POINT ( 'NONE', #1394 ) ;
#8938 = DIRECTION ( 'NONE',  ( 1.000000000000000000, 0.000000000000000000, 0.000000000000000000 ) ) ;
#8939 = EDGE_CURVE ( 'NONE', #7717, #1335, #659, .T. ) ;
#8940 = CARTESIAN_POINT ( 'NONE',  ( 282.1971857729517978, 1002.766276177024224, -5.500000000000287770 ) ) ;
#8941 = PLANE ( 'NONE',  #3805 ) ;
#8942 = EDGE_CURVE ( 'NONE', #2573, #2817, #2616, .T. ) ;
#8943 = CARTESIAN_POINT ( 'NONE',  ( 343.1176506735744738, 1035.568107679988316, 5.499999999999711342 ) ) ;
#8944 = VERTEX_POINT ( 'NONE', #9050 ) ;
#8945 = DIRECTION ( 'NONE',  ( 0.6993660522065789920, 0.7147636847385188119, -0.000000000000000000 ) ) ;
#8946 = ORIENTED_EDGE ( 'NONE', *, *, #2543, .F. ) ;
#8947 = DIRECTION ( 'NONE',  ( 1.000000000000000000, 0.000000000000000000, 0.000000000000000000 ) ) ;
#8948 = LINE ( 'NONE', #6543, #2227 ) ;
#8949 = VERTEX_POINT ( 'NONE', #3913 ) ;
#8950 = EDGE_CURVE ( 'NONE', #7468, #955, #1536, .T. ) ;
#8951 = CARTESIAN_POINT ( 'NONE',  ( 277.0501109898323193, 982.5281748859821391, -9.000000000000287770 ) ) ;
#8952 = ORIENTED_EDGE ( 'NONE', *, *, #7619, .F. ) ;
#8953 = EDGE_CURVE ( 'NONE', #5134, #7415, #1729, .T. ) ;
#8954 = ORIENTED_EDGE ( 'NONE', *, *, #188, .F. ) ;
#8955 = CARTESIAN_POINT ( 'NONE',  ( 289.5825343499053588, 1069.876611901634988, 5.999999999999712230 ) ) ;
#8956 = DIRECTION ( 'NONE',  ( 1.000000000000000000, 0.000000000000000000, 0.000000000000000000 ) ) ;
#8957 = VERTEX_POINT ( 'NONE', #3813 ) ;
#8958 = FACE_OUTER_BOUND ( 'NONE', #2514, .T. ) ;
#8959 = EDGE_CURVE ( 'NONE', #1116, #7493, #6166, .T. ) ;
#8960 = CARTESIAN_POINT ( 'NONE',  ( 279.5501109898323193, 982.5281748859821391, -6.000000000000287770 ) ) ;
#8961 = FACE_OUTER_BOUND ( 'NONE', #2496, .T. ) ;
#8962 = CYLINDRICAL_SURFACE ( 'NONE', #3691, 3.000000000000002665 ) ;
#8963 = CARTESIAN_POINT ( 'NONE',  ( 287.1592994992712988, 1055.412565527335346, 5.717933386526685702 ) ) ;
#8964 = FACE_BOUND ( 'NONE', #2964, .T. ) ;
#8965 = DIRECTION ( 'NONE',  ( 0.000000000000000000, -0.000000000000000000, 1.000000000000000000 ) ) ;
#8966 = DIRECTION ( 'NONE',  ( -0.000000000000000000, -0.000000000000000000, -1.000000000000000000 ) ) ;
#8967 = EDGE_CURVE ( 'NONE', #3490, #2112, #6697, .T. ) ;
#8968 = ORIENTED_EDGE ( 'NONE', *, *, #8833, .T. ) ;
#8969 = DIRECTION ( 'NONE',  ( 0.000000000000000000, 0.000000000000000000, 1.000000000000000000 ) ) ;
#8970 = CARTESIAN_POINT ( 'NONE',  ( 291.7101707170568829, 1000.772287100202675, 5.499999999999713118 ) ) ;
#8971 = VERTEX_POINT ( 'NONE', #9103 ) ;
#8972 = CARTESIAN_POINT ( 'NONE',  ( 333.6950601088341273, 1158.572179699236813, 8.799999999999712941 ) ) ;
#8973 = CARTESIAN_POINT ( 'NONE',  ( 283.0217578369321814, 1032.668599341033996, 210.7946508136983255 ) ) ;
#8974 = CARTESIAN_POINT ( 'NONE',  ( 333.6950601088341273, 1158.572179699236813, 8.799999999999712941 ) ) ;
#8975 = VERTEX_POINT ( 'NONE', #2458 ) ;
#8976 = VERTEX_POINT ( 'NONE', #6020 ) ;
#8977 = DIRECTION ( 'NONE',  ( -0.000000000000000000, -0.000000000000000000, -1.000000000000000000 ) ) ;
#8978 = PLANE ( 'NONE',  #2389 ) ;
#8979 = VERTEX_POINT ( 'NONE', #8146 ) ;
#8980 = EDGE_CURVE ( 'NONE', #3720, #8034, #1807, .T. ) ;
#8981 = ORIENTED_EDGE ( 'NONE', *, *, #3049, .T. ) ;
#8982 = FACE_OUTER_BOUND ( 'NONE', #9432, .T. ) ;
#8983 = DIRECTION ( 'NONE',  ( 0.3502424885566300938, 0.9366590624179422786, 0.000000000000000000 ) ) ;
#8984 = CARTESIAN_POINT ( 'NONE',  ( 283.0141617134383409, 1032.610901054764327, 5.954544782720380347 ) ) ;
#8985 = PLANE ( 'NONE',  #9341 ) ;
#8986 = ORIENTED_EDGE ( 'NONE', *, *, #3122, .F. ) ;
#8987 = CARTESIAN_POINT ( 'NONE',  ( 337.3835438837261904, 1114.351821815406538, 8.299999999999714717 ) ) ;
#8988 = ADVANCED_FACE ( 'NONE', ( #6844 ), #7615, .F. ) ;
#8989 = ORIENTED_EDGE ( 'NONE', *, *, #5937, .F. ) ;
#8990 = FACE_OUTER_BOUND ( 'NONE', #6985, .T. ) ;
#8991 = ADVANCED_FACE ( 'NONE', ( #3869 ), #6062, .F. ) ;
#8992 = DIRECTION ( 'NONE',  ( -0.000000000000000000, 0.000000000000000000, 1.000000000000000000 ) ) ;
#8993 = AXIS2_PLACEMENT_3D ( 'NONE', #9170, #8457, #2080 ) ;
#8994 = EDGE_CURVE ( 'NONE', #6164, #3934, #8889, .T. ) ;
#8995 = ORIENTED_EDGE ( 'NONE', *, *, #7396, .F. ) ;
#8996 = CYLINDRICAL_SURFACE ( 'NONE', #9482, 0.4999999999999901745 ) ;
#8997 = ORIENTED_EDGE ( 'NONE', *, *, #3613, .F. ) ;
#8998 = ORIENTED_EDGE ( 'NONE', *, *, #8942, .T. ) ;
#8999 = CARTESIAN_POINT ( 'NONE',  ( 315.8953981791473780, 1065.451225890187970, 5.984171777835555872 ) ) ;
#9000 = CARTESIAN_POINT ( 'NONE',  ( 536.4145769565114961, 943.3497732684048742, -5.500000000000289546 ) ) ;
#9001 = ORIENTED_EDGE ( 'NONE', *, *, #4703, .F. ) ;
#9002 = DIRECTION ( 'NONE',  ( -0.000000000000000000, -0.000000000000000000, 1.000000000000000000 ) ) ;
#9003 = AXIS2_PLACEMENT_3D ( 'NONE', #2215, #6708, #859 ) ;
#9004 = CC_DESIGN_DATE_AND_TIME_ASSIGNMENT ( #5017, #7960, ( #5165 ) ) ;
#9005 = LINE ( 'NONE', #3818, #3862 ) ;
#9006 = DIRECTION ( 'NONE',  ( 0.9904535858622584010, 0.1378466330839964726, -0.000000000000000000 ) ) ;
#9007 = CARTESIAN_POINT ( 'NONE',  ( 299.2484255372075950, 1021.022386367511217, 210.7946508136983255 ) ) ;
#9008 = DIRECTION ( 'NONE',  ( -0.3502424885566279289, -0.9366590624179432778, 0.000000000000000000 ) ) ;
#9009 = FACE_OUTER_BOUND ( 'NONE', #3390, .T. ) ;
#9010 = DIRECTION ( 'NONE',  ( -5.112897899150720532E-15, 2.737458429032438040E-15, 1.000000000000000000 ) ) ;
#9011 = AXIS2_PLACEMENT_3D ( 'NONE', #1690, #4062, #3919 ) ;
#9012 = CARTESIAN_POINT ( 'NONE',  ( 286.1141019308905697, 1003.311413992819212, -5.500000000000287770 ) ) ;
#9013 = EDGE_LOOP ( 'NONE', ( #8549, #6133, #5751, #1953, #1242, #5456 ) ) ;
#9014 = SPHERICAL_SURFACE ( 'NONE', #7311, 0.5000000000000000000 ) ;
#9015 = AXIS2_PLACEMENT_3D ( 'NONE', #502, #2643, #4854 ) ;
#9016 = ADVANCED_FACE ( 'NONE', ( #5252 ), #7470, .T. ) ;
#9017 = VERTEX_POINT ( 'NONE', #2399 ) ;
#9018 = VECTOR ( 'NONE', #7035, 999.9999999999998863 ) ;
#9019 = EDGE_CURVE ( 'NONE', #1048, #4070, #6799, .T. ) ;
#9020 = DIRECTION ( 'NONE',  ( -0.1491541315385737643, 0.9888139587632114313, 0.000000000000000000 ) ) ;
#9021 = DIRECTION ( 'NONE',  ( 0.000000000000000000, 0.000000000000000000, -1.000000000000000000 ) ) ;
#9022 = AXIS2_PLACEMENT_3D ( 'NONE', #2230, #1554, #5171 ) ;
#9023 = ORIENTED_EDGE ( 'NONE', *, *, #1966, .F. ) ;
#9024 = VERTEX_POINT ( 'NONE', #162 ) ;
#9025 = DIRECTION ( 'NONE',  ( 1.000000000000000000, 0.000000000000000000, 0.000000000000000000 ) ) ;
#9026 = CARTESIAN_POINT ( 'NONE',  ( 302.5189506855798527, 1143.242674677152309, 5.999999999999712230 ) ) ;
#9027 = EDGE_LOOP ( 'NONE', ( #2098, #323, #783, #1196 ) ) ;
#9028 = VECTOR ( 'NONE', #8022, 1000.000000000000000 ) ;
#9029 = ORIENTED_EDGE ( 'NONE', *, *, #6219, .F. ) ;
#9030 = CIRCLE ( 'NONE', #5797, 0.5000000000000004441 ) ;
#9031 = DIRECTION ( 'NONE',  ( -0.000000000000000000, -0.000000000000000000, 1.000000000000000000 ) ) ;
#9032 = DIRECTION ( 'NONE',  ( -0.000000000000000000, 0.000000000000000000, 1.000000000000000000 ) ) ;
#9033 = EDGE_CURVE ( 'NONE', #8212, #4306, #3824, .T. ) ;
#9034 = FACE_OUTER_BOUND ( 'NONE', #2810, .T. ) ;
#9035 = PLANE ( 'NONE',  #9487 ) ;
#9036 = VERTEX_POINT ( 'NONE', #2355 ) ;
#9037 = DIRECTION ( 'NONE',  ( -0.000000000000000000, -0.000000000000000000, -1.000000000000000000 ) ) ;
#9038 = AXIS2_PLACEMENT_3D ( 'NONE', #1060, #5498, #517 ) ;
#9039 = ORIENTED_EDGE ( 'NONE', *, *, #3944, .T. ) ;
#9040 = DIRECTION ( 'NONE',  ( 0.7147636847385179237, -0.6993660522065798801, 0.000000000000000000 ) ) ;
#9041 = CARTESIAN_POINT ( 'NONE',  ( 281.9320979741949600, 1026.338790178242789, 5.999999999999712230 ) ) ;
#9042 = ORIENTED_EDGE ( 'NONE', *, *, #3418, .F. ) ;
#9043 = CIRCLE ( 'NONE', #8887, 0.4999999999999201750 ) ;
#9044 = AXIS2_PLACEMENT_3D ( 'NONE', #6994, #5536, #4153 ) ;
#9045 = DIRECTION ( 'NONE',  ( -0.8673302893362123678, 0.4977330300471954350, -0.000000000000000000 ) ) ;
#9046 = ADVANCED_FACE ( 'NONE', ( #5296 ), #8235, .F. ) ;
#9047 = ORIENTED_EDGE ( 'NONE', *, *, #5540, .T. ) ;
#9048 = ORIENTED_EDGE ( 'NONE', *, *, #6847, .F. ) ;
#9049 = CARTESIAN_POINT ( 'NONE',  ( 334.0332462475978446, 1119.667891162092246, -9.000000000000289546 ) ) ;
#9050 = CARTESIAN_POINT ( 'NONE',  ( 307.9342521520968603, 1044.160606342000847, 5.999999999999712230 ) ) ;
#9051 = EDGE_LOOP ( 'NONE', ( #1696, #3108, #8925, #2451 ) ) ;
#9052 = DIRECTION ( 'NONE',  ( 0.000000000000000000, 0.000000000000000000, 1.000000000000000000 ) ) ;
#9053 = VECTOR ( 'NONE', #5081, 1000.000000000000000 ) ;
#9054 = EDGE_CURVE ( 'NONE', #4631, #4070, #9139, .T. ) ;
#9055 = ORIENTED_EDGE ( 'NONE', *, *, #6410, .F. ) ;
#9056 = CARTESIAN_POINT ( 'NONE',  ( 299.8308290559896250, 1023.278636140021717, -5.792893218813630618 ) ) ;
#9057 = DIRECTION ( 'NONE',  ( 0.000000000000000000, 0.000000000000000000, 1.000000000000000000 ) ) ;
#9058 = AXIS2_PLACEMENT_3D ( 'NONE', #1004, #5922, #2608 ) ;
#9059 = AXIS2_PLACEMENT_3D ( 'NONE', #8625, #7753, #1137 ) ;
#9060 = CARTESIAN_POINT ( 'NONE',  ( 302.3287354537989131, 1029.169683805351042, -5.936970720656517209 ) ) ;
#9061 = DIRECTION ( 'NONE',  ( 0.9366590624179422786, -0.3502424885566302049, -0.000000000000000000 ) ) ;
#9062 = EDGE_CURVE ( 'NONE', #7916, #8188, #3178, .T. ) ;
#9063 = LINE ( 'NONE', #2470, #417 ) ;
#9064 = DIRECTION ( 'NONE',  ( -0.9888139587632113203, -0.1491541315385737365, -0.000000000000000000 ) ) ;
#9065 = VERTEX_POINT ( 'NONE', #4016 ) ;
#9066 = EDGE_CURVE ( 'NONE', #5946, #405, #9146, .T. ) ;
#9067 = CIRCLE ( 'NONE', #2754, 0.5000000000000004441 ) ;
#9068 = VECTOR ( 'NONE', #8025, 1000.000000000000114 ) ;
#9069 = LINE ( 'NONE', #4735, #3663 ) ;
#9070 = ORIENTED_EDGE ( 'NONE', *, *, #8292, .F. ) ;
#9071 = EDGE_CURVE ( 'NONE', #990, #1942, #1563, .T. ) ;
#9072 = CYLINDRICAL_SURFACE ( 'NONE', #1814, 0.5000000000000004441 ) ;
#9073 = CYLINDRICAL_SURFACE ( 'NONE', #6721, 0.4999999999999896749 ) ;
#9074 = AXIS2_PLACEMENT_3D ( 'NONE', #2270, #5211, #811 ) ;
#9075 = VECTOR ( 'NONE', #7236, 1000.000000000000114 ) ;
#9076 = LINE ( 'NONE', #3148, #2729 ) ;
#9077 = EDGE_CURVE ( 'NONE', #5873, #1733, #7364, .T. ) ;
#9078 = ORIENTED_EDGE ( 'NONE', *, *, #8511, .T. ) ;
#9079 = ORIENTED_EDGE ( 'NONE', *, *, #8168, .T. ) ;
#9080 = DIRECTION ( 'NONE',  ( 0.1525555872956738668, -0.9882948916112397342, 0.000000000000000000 ) ) ;
#9081 = EDGE_CURVE ( 'NONE', #6992, #8601, #4099, .T. ) ;
#9082 = DIRECTION ( 'NONE',  ( 1.000000000000000000, 0.000000000000000000, 0.000000000000000000 ) ) ;
#9083 = ORIENTED_EDGE ( 'NONE', *, *, #8892, .F. ) ;
#9084 = AXIS2_PLACEMENT_3D ( 'NONE', #3074, #5908, #7419 ) ;
#9085 = EDGE_LOOP ( 'NONE', ( #5086, #90, #7593, #3199, #3061, #5333 ) ) ;
#9086 = CARTESIAN_POINT ( 'NONE',  ( 309.0954944026592557, 1047.409091913420298, 5.999999999999712230 ) ) ;
#9087 = CARTESIAN_POINT ( 'NONE',  ( 333.6950601088341273, 1158.572179699236813, 8.799999999999712941 ) ) ;
#9088 = DIRECTION ( 'NONE',  ( 0.000000000000000000, 0.000000000000000000, 1.000000000000000000 ) ) ;
#9089 = PLANE ( 'NONE',  #6420 ) ;
#9090 = ORIENTED_EDGE ( 'NONE', *, *, #2708, .F. ) ;
#9091 = CARTESIAN_POINT ( 'NONE',  ( 306.8693832602310181, 1041.312810513563363, 5.993360015348169867 ) ) ;
#9092 = ORIENTED_EDGE ( 'NONE', *, *, #7422, .T. ) ;
#9093 = CARTESIAN_POINT ( 'NONE',  ( 321.8232857621647440, 1144.425470996566219, -8.800000000000281375 ) ) ;
#9094 = CARTESIAN_POINT ( 'NONE',  ( 281.8023453273955852, 1023.790936640152268, 5.499999999999713118 ) ) ;
#9095 = EDGE_CURVE ( 'NONE', #5349, #4336, #3329, .T. ) ;
#9096 = EDGE_CURVE ( 'NONE', #6209, #9206, #9251, .T. ) ;
#9097 = ORIENTED_EDGE ( 'NONE', *, *, #1468, .F. ) ;
#9098 = EDGE_CURVE ( 'NONE', #224, #3736, #4902, .T. ) ;
#9099 = FACE_OUTER_BOUND ( 'NONE', #2290, .T. ) ;
#9100 = VERTEX_POINT ( 'NONE', #1772 ) ;
#9101 = ORIENTED_EDGE ( 'NONE', *, *, #7098, .T. ) ;
#9102 = DIRECTION ( 'NONE',  ( 0.3502424885566311485, 0.9366590624179419455, -7.118850142871931276E-17 ) ) ;
#9103 = CARTESIAN_POINT ( 'NONE',  ( 350.7912167416586158, 1119.102250538167482, -6.300000000000287592 ) ) ;
#9104 = ORIENTED_EDGE ( 'NONE', *, *, #2808, .T. ) ;
#9105 = DIRECTION ( 'NONE',  ( -1.000000000000000000, 0.000000000000000000, 0.000000000000000000 ) ) ;
#9106 = ORIENTED_EDGE ( 'NONE', *, *, #5129, .F. ) ;
#9107 = DIRECTION ( 'NONE',  ( 0.000000000000000000, 0.000000000000000000, -1.000000000000000000 ) ) ;
#9108 = DIRECTION ( 'NONE',  ( 0.000000000000000000, 0.000000000000000000, -1.000000000000000000 ) ) ;
#9109 = DIRECTION ( 'NONE',  ( 0.000000000000000000, 0.000000000000000000, 1.000000000000000000 ) ) ;
#9110 = FACE_OUTER_BOUND ( 'NONE', #313, .T. ) ;
#9111 = CARTESIAN_POINT ( 'NONE',  ( 298.5785918785733770, 1049.435881603485768, 5.499999999999711342 ) ) ;
#9112 = DIRECTION ( 'NONE',  ( 0.000000000000000000, 0.000000000000000000, -1.000000000000000000 ) ) ;
#9113 = EDGE_CURVE ( 'NONE', #4039, #9422, #3377, .T. ) ;
#9114 = ADVANCED_FACE ( 'NONE', ( #8523 ), #2598, .F. ) ;
#9115 = ADVANCED_FACE ( 'NONE', ( #7754 ), #4056, .F. ) ;
#9116 = EDGE_CURVE ( 'NONE', #3880, #5572, #7802, .T. ) ;
#9117 = DIRECTION ( 'NONE',  ( 1.000000000000000000, 0.000000000000000000, 0.000000000000000000 ) ) ;
#9118 = VERTEX_POINT ( 'NONE', #3425 ) ;
#9119 = DIRECTION ( 'NONE',  ( 0.000000000000000000, 1.000000000000000000, 0.000000000000000000 ) ) ;
#9120 = CARTESIAN_POINT ( 'NONE',  ( 304.0129644355745882, 1072.048618001351770, 5.999999999999712230 ) ) ;
#9121 = CARTESIAN_POINT ( 'NONE',  ( 290.0943916168430974, 1069.900113472285739, 61.58012167084567778 ) ) ;
#9122 = VERTEX_POINT ( 'NONE', #361 ) ;
#9123 = ORIENTED_EDGE ( 'NONE', *, *, #7560, .F. ) ;
#9124 = DIRECTION ( 'NONE',  ( 1.000000000000000000, 0.000000000000000000, 0.000000000000000000 ) ) ;
#9125 = CARTESIAN_POINT ( 'NONE',  ( 300.8731598676145609, 1026.667605962293692, 5.792893218813166101 ) ) ;
#9126 = ORIENTED_EDGE ( 'NONE', *, *, #5445, .T. ) ;
#9127 = ORIENTED_EDGE ( 'NONE', *, *, #856, .F. ) ;
#9128 = EDGE_CURVE ( 'NONE', #209, #5349, #6909, .T. ) ;
#9129 = LINE ( 'NONE', #2438, #8597 ) ;
#9130 = CARTESIAN_POINT ( 'NONE',  ( 307.2170561058643443, 1043.902062441610951, 5.499999999999711342 ) ) ;
#9131 = DIRECTION ( 'NONE',  ( -0.000000000000000000, -0.000000000000000000, -1.000000000000000000 ) ) ;
#9132 = DIRECTION ( 'NONE',  ( 0.1736481776669271393, 0.9848077530122086864, 0.000000000000000000 ) ) ;
#9133 = ORIENTED_EDGE ( 'NONE', *, *, #211, .T. ) ;
#9134 = LINE ( 'NONE', #3117, #9534 ) ;
#9135 = ORIENTED_EDGE ( 'NONE', *, *, #1401, .T. ) ;
#9136 = DIRECTION ( 'NONE',  ( -0.1815689199582223023, 0.9833782218989826074, -0.000000000000000000 ) ) ;
#9137 = CYLINDRICAL_SURFACE ( 'NONE', #3320, 0.5000000000000004441 ) ;
#9138 = DIRECTION ( 'NONE',  ( 1.000000000000000000, 0.000000000000000000, 0.000000000000000000 ) ) ;
#9139 =( BOUNDED_CURVE ( )  B_SPLINE_CURVE ( 3, ( #6112, #5402, #8337, #267 ),
 .UNSPECIFIED., .F., .F. ) 
 B_SPLINE_CURVE_WITH_KNOTS ( ( 4, 4 ),
 ( 4.712388980384659476, 5.831839286343818429 ),
 .UNSPECIFIED. ) 
 CURVE ( )  GEOMETRIC_REPRESENTATION_ITEM ( )  RATIONAL_B_SPLINE_CURVE ( ( 1.000000000000000000, 0.8982673826361100566, 0.8982673826361100566, 1.000000000000000000 ) ) 
 REPRESENTATION_ITEM ( '' )  );
#9140 = VERTEX_POINT ( 'NONE', #6354 ) ;
#9141 = CARTESIAN_POINT ( 'NONE',  ( 278.4869764753135541, 1006.702412718837081, -5.875579829870827275 ) ) ;
#9142 = ADVANCED_FACE ( 'NONE', ( #9294 ), #2687, .T. ) ;
#9143 = ORIENTED_EDGE ( 'NONE', *, *, #1333, .T. ) ;
#9144 = EDGE_LOOP ( 'NONE', ( #6364, #258, #8936 ) ) ;
#9145 = DIRECTION ( 'NONE',  ( 1.000000000000000000, 0.000000000000000000, 0.000000000000000000 ) ) ;
#9146 = LINE ( 'NONE', #1821, #6593 ) ;
#9147 = AXIS2_PLACEMENT_3D ( 'NONE', #1142, #8969, #6077 ) ;
#9148 = VERTEX_POINT ( 'NONE', #7598 ) ;
#9149 = CARTESIAN_POINT ( 'NONE',  ( 525.5164649254937785, 915.7446262538634301, 5.499999999999713118 ) ) ;
#9150 = EDGE_CURVE ( 'NONE', #4940, #955, #4436, .T. ) ;
#9151 = ORIENTED_EDGE ( 'NONE', *, *, #1784, .F. ) ;
#9152 = DIRECTION ( 'NONE',  ( -0.4720078388552952364, -0.8815943511951251921, 0.000000000000000000 ) ) ;
#9153 = AXIS2_PLACEMENT_3D ( 'NONE', #352, #3319, #8331 ) ;
#9154 = DIRECTION ( 'NONE',  ( 1.000000000000000000, 0.000000000000000000, 0.000000000000000000 ) ) ;
#9155 = CARTESIAN_POINT ( 'NONE',  ( 270.2112994139250759, 957.4437044664329051, -13.25000000000028955 ) ) ;
#9156 = DIRECTION ( 'NONE',  ( -0.8673302893362094812, 0.4977330300472003199, 0.000000000000000000 ) ) ;
#9157 = LINE ( 'NONE', #7004, #5220 ) ;
#9158 = AXIS2_PLACEMENT_3D ( 'NONE', #3408, #2716, #2889 ) ;
#9159 = EDGE_CURVE ( 'NONE', #5790, #8547, #9129, .T. ) ;
#9160 = CARTESIAN_POINT ( 'NONE',  ( 277.7537815706721176, 1002.652683465238965, 5.999999999999712230 ) ) ;
#9161 = EDGE_LOOP ( 'NONE', ( #3212, #975, #6036, #4712 ) ) ;
#9162 = DIRECTION ( 'NONE',  ( 1.000000000000000000, 0.000000000000000000, 0.000000000000000000 ) ) ;
#9163 = AXIS2_PLACEMENT_3D ( 'NONE', #9551, #5881, #2211 ) ;
#9164 = LINE ( 'NONE', #8642, #9191 ) ;
#9165 = ADVANCED_FACE ( 'NONE', ( #2383 ), #1561, .F. ) ;
#9166 = CARTESIAN_POINT ( 'NONE',  ( 324.8875726189783109, 1106.431028527239505, 5.999999999999721112 ) ) ;
#9167 = EDGE_LOOP ( 'NONE', ( #5339, #1907, #5768, #1819, #4057, #1871 ) ) ;
#9168 = LOCAL_TIME ( 16, 5, 37.00000000000000000, #6471 ) ;
#9169 = VERTEX_POINT ( 'NONE', #9086 ) ;
#9170 = CARTESIAN_POINT ( 'NONE',  ( 287.3049690295604250, 1027.149241840084414, -5.500000000000287770 ) ) ;
#9171 = EDGE_CURVE ( 'NONE', #1021, #7154, #5427, .T. ) ;
#9172 = AXIS2_PLACEMENT_3D ( 'NONE', #5094, #5903, #2918 ) ;
#9173 = ORIENTED_EDGE ( 'NONE', *, *, #4704, .F. ) ;
#9174 = EDGE_LOOP ( 'NONE', ( #3867, #7188, #4449, #3666 ) ) ;
#9175 = DIRECTION ( 'NONE',  ( 0.3502424885566308155, 0.9366590624179420566, 0.000000000000000000 ) ) ;
#9176 = CARTESIAN_POINT ( 'NONE',  ( 327.5413952400728590, 1138.830542578913537, 5.999999999999712230 ) ) ;
#9177 = AXIS2_PLACEMENT_3D ( 'NONE', #4350, #767, #7291 ) ;
#9178 =( BOUNDED_CURVE ( )  B_SPLINE_CURVE ( 3, ( #5133, #5756, #5805, #6491 ),
 .UNSPECIFIED., .F., .T. ) 
 B_SPLINE_CURVE_WITH_KNOTS ( ( 4, 4 ),
 ( 0.4915669018469283058, 1.570796326794871245 ),
 .UNSPECIFIED. ) 
 CURVE ( )  GEOMETRIC_REPRESENTATION_ITEM ( )  RATIONAL_B_SPLINE_CURVE ( ( 1.000000000000000000, 0.9052711385875158445, 0.9052711385875158445, 1.000000000000000000 ) ) 
 REPRESENTATION_ITEM ( '' )  );
#9179 = CARTESIAN_POINT ( 'NONE',  ( 267.0731436892096440, 959.4958253263869210, 13.24999999999971401 ) ) ;
#9180 = DIRECTION ( 'NONE',  ( 0.000000000000000000, 0.000000000000000000, -1.000000000000000000 ) ) ;
#9181 = VECTOR ( 'NONE', #7023, 1000.000000000000114 ) ;
#9182 = ORIENTED_EDGE ( 'NONE', *, *, #2949, .F. ) ;
#9183 = DIRECTION ( 'NONE',  ( -0.000000000000000000, -0.000000000000000000, -1.000000000000000000 ) ) ;
#9184 = ORIENTED_EDGE ( 'NONE', *, *, #2336, .T. ) ;
#9185 = DIRECTION ( 'NONE',  ( -0.4720078388553425319, -0.8815943511950998790, 0.000000000000000000 ) ) ;
#9186 = CARTESIAN_POINT ( 'NONE',  ( 343.4356252118062116, 1149.754090469072480, -20.65533834114921063 ) ) ;
#9187 = AXIS2_PLACEMENT_3D ( 'NONE', #3797, #105, #6008 ) ;
#9188 = ADVANCED_FACE ( 'NONE', ( #2338 ), #4656, .F. ) ;
#9189 = ORGANIZATION ( '未', '未', '' ) ;
#9190 = CARTESIAN_POINT ( 'NONE',  ( 291.7260464836525102, 1024.782185821985877, 5.499999999999711342 ) ) ;
#9191 = VECTOR ( 'NONE', #2567, 1000.000000000000000 ) ;
#9192 = VERTEX_POINT ( 'NONE', #148 ) ;
#9193 = CARTESIAN_POINT ( 'NONE',  ( 281.3553362426226272, 1023.217852849407564, -6.000000000000287770 ) ) ;
#9194 = VECTOR ( 'NONE', #2761, 1000.000000000000114 ) ;
#9195 = CARTESIAN_POINT ( 'NONE',  ( 282.5010820193458017, 1025.918960264630641, -5.500000000000287770 ) ) ;
#9196 = ORIENTED_EDGE ( 'NONE', *, *, #3887, .T. ) ;
#9197 = CARTESIAN_POINT ( 'NONE',  ( 315.4060685536227311, 1065.570186247951824, 210.7946508136983255 ) ) ;
#9198 = CARTESIAN_POINT ( 'NONE',  ( 345.1878035724741380, 1012.037830857244444, 5.999999999999712230 ) ) ;
#9199 = EDGE_LOOP ( 'NONE', ( #6787, #9055, #6063, #97 ) ) ;
#9200 = CYLINDRICAL_SURFACE ( 'NONE', #5543, 0.4999999999999582556 ) ;
#9201 = DIRECTION ( 'NONE',  ( 1.000000000000000000, 0.000000000000000000, 0.000000000000000000 ) ) ;
#9202 =( BOUNDED_CURVE ( )  B_SPLINE_CURVE ( 3, ( #1767, #7709, #4714, #5482 ),
 .UNSPECIFIED., .F., .F. ) 
 B_SPLINE_CURVE_WITH_KNOTS ( ( 4, 4 ),
 ( 4.473058301584451613, 4.712388980384689674 ),
 .UNSPECIFIED. ) 
 CURVE ( )  GEOMETRIC_REPRESENTATION_ITEM ( )  RATIONAL_B_SPLINE_CURVE ( ( 1.000000000000000000, 0.9952324288107151640, 0.9952324288107151640, 1.000000000000000000 ) ) 
 REPRESENTATION_ITEM ( '' )  );
#9203 = CIRCLE ( 'NONE', #94, 0.5000000000000004441 ) ;
#9204 = EDGE_CURVE ( 'NONE', #1313, #505, #1607, .T. ) ;
#9205 = AXIS2_PLACEMENT_3D ( 'NONE', #3084, #1682, #8956 ) ;
#9206 = VERTEX_POINT ( 'NONE', #4606 ) ;
#9207 = CARTESIAN_POINT ( 'NONE',  ( 347.7912167416586158, 1119.102250538167482, -8.300000000000288480 ) ) ;
#9208 = LINE ( 'NONE', #4024, #1776 ) ;
#9209 = CARTESIAN_POINT ( 'NONE',  ( 281.3553362426226272, 1023.217852849407564, 5.999999999999712230 ) ) ;
#9210 = VERTEX_POINT ( 'NONE', #3268 ) ;
#9211 = FACE_OUTER_BOUND ( 'NONE', #4230, .T. ) ;
#9212 = CARTESIAN_POINT ( 'NONE',  ( 278.3179316801451932, 1002.226379988849772, 5.499999999999711342 ) ) ;
#9213 = CARTESIAN_POINT ( 'NONE',  ( 311.1510762049331333, 1128.834606007478669, 5.999999999999699796 ) ) ;
#9214 = ADVANCED_FACE ( 'NONE', ( #4699 ), #100, .F. ) ;
#9215 = CIRCLE ( 'NONE', #7839, 0.5000000000000598410 ) ;
#9216 = VECTOR ( 'NONE', #4718, 1000.000000000000114 ) ;
#9217 = DIRECTION ( 'NONE',  ( 0.000000000000000000, 0.000000000000000000, -1.000000000000000000 ) ) ;
#9218 = EDGE_LOOP ( 'NONE', ( #175, #4648 ) ) ;
#9219 = LINE ( 'NONE', #3398, #7379 ) ;
#9220 = LINE ( 'NONE', #4033, #3352 ) ;
#9221 = CARTESIAN_POINT ( 'NONE',  ( 287.1047823649813040, 1055.824582116012607, 5.970292013496181660 ) ) ;
#9222 = ORIENTED_EDGE ( 'NONE', *, *, #6252, .F. ) ;
#9223 = AXIS2_PLACEMENT_3D ( 'NONE', #8613, #9183, #7080 ) ;
#9224 = VECTOR ( 'NONE', #1511, 1000.000000000000000 ) ;
#9225 = VERTEX_POINT ( 'NONE', #977 ) ;
#9226 = VERTEX_POINT ( 'NONE', #3158 ) ;
#9227 = ORIENTED_EDGE ( 'NONE', *, *, #306, .F. ) ;
#9228 = AXIS2_PLACEMENT_3D ( 'NONE', #9557, #2946, #5160 ) ;
#9229 = DIRECTION ( 'NONE',  ( -0.000000000000000000, -0.000000000000000000, 1.000000000000000000 ) ) ;
#9230 = LINE ( 'NONE', #1269, #5974 ) ;
#9231 = VECTOR ( 'NONE', #1902, 1000.000000000000000 ) ;
#9232 = DIRECTION ( 'NONE',  ( -0.8673302893362497823, 0.4977330300471302094, 0.000000000000000000 ) ) ;
#9233 = CARTESIAN_POINT ( 'NONE',  ( 298.6252817781180511, 1048.938066323205476, 5.499999999999711342 ) ) ;
#9234 = ORIENTED_EDGE ( 'NONE', *, *, #6384, .T. ) ;
#9235 = DIRECTION ( 'NONE',  ( 0.9904535858622689481, 0.1378466330839214771, -0.000000000000000000 ) ) ;
#9236 = CLOSED_SHELL ( 'NONE', ( #4655, #233, #4667, #7370, #3692, #8412, #5733, #3846, #7096 ) ) ;
#9237 = ORIENTED_EDGE ( 'NONE', *, *, #3728, .T. ) ;
#9238 = LINE ( 'NONE', #399, #119 ) ;
#9239 = VECTOR ( 'NONE', #5586, 1000.000000000000000 ) ;
#9240 = LINE ( 'NONE', #6444, #2537 ) ;
#9241 = CARTESIAN_POINT ( 'NONE',  ( 289.7989609470949972, 1070.360431950639395, -5.721748465929294980 ) ) ;
#9242 = EDGE_CURVE ( 'NONE', #9413, #8976, #3109, .T. ) ;
#9243 = VERTEX_POINT ( 'NONE', #6047 ) ;
#9244 = EDGE_CURVE ( 'NONE', #134, #7649, #9343, .T. ) ;
#9245 =( BOUNDED_CURVE ( )  B_SPLINE_CURVE ( 3, ( #4807, #1089, #7793, #9332 ),
 .UNSPECIFIED., .F., .F. ) 
 B_SPLINE_CURVE_WITH_KNOTS ( ( 4, 4 ),
 ( -1.341149413747189101E-13, 1.570796326794890785 ),
 .UNSPECIFIED. ) 
 CURVE ( )  GEOMETRIC_REPRESENTATION_ITEM ( )  RATIONAL_B_SPLINE_CURVE ( ( 1.000000000000000000, 0.8047378541243347394, 0.8047378541243347394, 1.000000000000000000 ) ) 
 REPRESENTATION_ITEM ( '' )  );
#9246 = ADVANCED_FACE ( 'NONE', ( #8982 ), #3066, .F. ) ;
#9247 = FACE_OUTER_BOUND ( 'NONE', #5548, .T. ) ;
#9248 = FACE_OUTER_BOUND ( 'NONE', #897, .T. ) ;
#9249 = ORIENTED_EDGE ( 'NONE', *, *, #3719, .F. ) ;
#9250 = DIRECTION ( 'NONE',  ( 1.000000000000000000, 0.000000000000000000, 0.000000000000000000 ) ) ;
#9251 = LINE ( 'NONE', #6208, #5669 ) ;
#9252 = ORIENTED_EDGE ( 'NONE', *, *, #4239, .F. ) ;
#9253 = LINE ( 'NONE', #7860, #9239 ) ;
#9254 = DIRECTION ( 'NONE',  ( 0.000000000000000000, 0.000000000000000000, 1.000000000000000000 ) ) ;
#9255 = EDGE_CURVE ( 'NONE', #5946, #9440, #5645, .T. ) ;
#9256 = EDGE_LOOP ( 'NONE', ( #7993, #8417, #6936, #6898, #8170, #918 ) ) ;
#9257 = CARTESIAN_POINT ( 'NONE',  ( 303.0916329489322152, 1046.845992106606673, -5.500000000000287770 ) ) ;
#9258 = ADVANCED_FACE ( 'NONE', ( #3941 ), #190, .F. ) ;
#9259 = DIRECTION ( 'NONE',  ( 0.1525555872957822801, -0.9882948916112229698, 0.000000000000000000 ) ) ;
#9260 = VERTEX_POINT ( 'NONE', #1029 ) ;
#9261 = DIRECTION ( 'NONE',  ( -0.9956305605605085818, -0.09337979908935140072, 0.000000000000000000 ) ) ;
#9262 = EDGE_CURVE ( 'NONE', #264, #6681, #3994, .T. ) ;
#9263 = DIRECTION ( 'NONE',  ( -0.1525555872956985137, 0.9882948916112359594, 0.000000000000000000 ) ) ;
#9264 =( BOUNDED_CURVE ( )  B_SPLINE_CURVE ( 3, ( #8810, #699, #1572, #16 ),
 .UNSPECIFIED., .F., .F. ) 
 B_SPLINE_CURVE_WITH_KNOTS ( ( 4, 4 ),
 ( 2.575928836553942816E-13, 1.570796326794919207 ),
 .UNSPECIFIED. ) 
 CURVE ( )  GEOMETRIC_REPRESENTATION_ITEM ( )  RATIONAL_B_SPLINE_CURVE ( ( 1.000000000000000000, 0.8047378541244203376, 0.8047378541244203376, 1.000000000000000000 ) ) 
 REPRESENTATION_ITEM ( '' )  );
#9265 = DIRECTION ( 'NONE',  ( 1.000000000000000000, 0.000000000000000000, 0.000000000000000000 ) ) ;
#9266 = DIRECTION ( 'NONE',  ( 0.9155739129316895486, -0.4021497357439824394, 0.000000000000000000 ) ) ;
#9267 = ORIENTED_EDGE ( 'NONE', *, *, #1291, .F. ) ;
#9268 = FACE_OUTER_BOUND ( 'NONE', #9560, .T. ) ;
#9269 = DIRECTION ( 'NONE',  ( -0.9366590624179427227, 0.3502424885566290946, 0.000000000000000000 ) ) ;
#9270 = EDGE_CURVE ( 'NONE', #7359, #984, #2719, .T. ) ;
#9271 = CARTESIAN_POINT ( 'NONE',  ( 290.8364645582725529, 998.4357208118340168, 5.999999999999711342 ) ) ;
#9272 = VERTEX_POINT ( 'NONE', #6035 ) ;
#9273 = ORIENTED_EDGE ( 'NONE', *, *, #3397, .F. ) ;
#9274 = PLANE ( 'NONE',  #6931 ) ;
#9275 = EDGE_CURVE ( 'NONE', #9469, #2231, #5344, .T. ) ;
#9276 = EDGE_LOOP ( 'NONE', ( #5130, #911 ) ) ;
#9277 = ORIENTED_EDGE ( 'NONE', *, *, #5657, .T. ) ;
#9278 = CARTESIAN_POINT ( 'NONE',  ( 291.9150499661630533, 1001.890382612934900, 5.999999999999665157 ) ) ;
#9279 = CARTESIAN_POINT ( 'NONE',  ( 320.3477465192815998, 1077.358211930101334, -5.936131959015968462 ) ) ;
#9280 = CARTESIAN_POINT ( 'NONE',  ( 319.1431484109002099, 1074.136736033682155, 5.999999999999712230 ) ) ;
#9281 = DIRECTION ( 'NONE',  ( 0.9744559494616373829, -0.2245787224089114686, 0.000000000000000000 ) ) ;
#9282 = EDGE_LOOP ( 'NONE', ( #7855, #1852, #3478, #8946 ) ) ;
#9283 = DIRECTION ( 'NONE',  ( 0.3248897391129285106, -0.9457519005633207021, 0.000000000000000000 ) ) ;
#9284 = ORIENTED_EDGE ( 'NONE', *, *, #7765, .T. ) ;
#9285 = CARTESIAN_POINT ( 'NONE',  ( 302.8427664339087073, 1046.412326961938561, 5.499999999999711342 ) ) ;
#9286 = DIRECTION ( 'NONE',  ( 5.219252195202443162E-15, -2.995161406949046610E-15, 1.000000000000000000 ) ) ;
#9287 = LINE ( 'NONE', #353, #4022 ) ;
#9288 = ORIENTED_EDGE ( 'NONE', *, *, #2818, .T. ) ;
#9289 = CYLINDRICAL_SURFACE ( 'NONE', #2088, 0.5000000000000004441 ) ;
#9290 = LINE ( 'NONE', #9429, #5637 ) ;
#9291 = ORIENTED_EDGE ( 'NONE', *, *, #4241, .T. ) ;
#9292 = CYLINDRICAL_SURFACE ( 'NONE', #8903, 0.4999999999998900324 ) ;
#9293 = EDGE_CURVE ( 'NONE', #3490, #6086, #9069, .T. ) ;
#9294 = FACE_OUTER_BOUND ( 'NONE', #108, .T. ) ;
#9295 = ORIENTED_EDGE ( 'NONE', *, *, #4514, .T. ) ;
#9296 = DIRECTION ( 'NONE',  ( 0.1736481776669271393, 0.9848077530122086864, 0.000000000000000000 ) ) ;
#9297 = EDGE_CURVE ( 'NONE', #8105, #5890, #5181, .T. ) ;
#9298 = DIRECTION ( 'NONE',  ( 0.000000000000000000, 0.000000000000000000, -1.000000000000000000 ) ) ;
#9299 = ORIENTED_EDGE ( 'NONE', *, *, #6111, .T. ) ;
#9300 = DIRECTION ( 'NONE',  ( -0.1378466330839728249, 0.9904535858622617317, 0.000000000000000000 ) ) ;
#9301 = DIRECTION ( 'NONE',  ( 0.1736481776669271393, 0.9848077530122086864, 0.000000000000000000 ) ) ;
#9302 = CARTESIAN_POINT ( 'NONE',  ( 304.5877450729034308, 1075.172873751232828, 5.499999999999713118 ) ) ;
#9303 = ORIENTED_EDGE ( 'NONE', *, *, #507, .T. ) ;
#9304 = DIRECTION ( 'NONE',  ( -1.000000000000000000, 0.000000000000000000, -3.330669073875466592E-13 ) ) ;
#9305 = LINE ( 'NONE', #6323, #1496 ) ;
#9306 = DIRECTION ( 'NONE',  ( -0.8673302893362525579, 0.4977330300471251578, 0.000000000000000000 ) ) ;
#9307 = AXIS2_PLACEMENT_3D ( 'NONE', #4265, #7970, #7398 ) ;
#9308 = EDGE_CURVE ( 'NONE', #8258, #2573, #8252, .T. ) ;
#9309 = DIRECTION ( 'NONE',  ( -0.000000000000000000, -0.000000000000000000, 1.000000000000000000 ) ) ;
#9310 = ORIENTED_EDGE ( 'NONE', *, *, #3063, .T. ) ;
#9311 = CARTESIAN_POINT ( 'NONE',  ( 311.1510762049330197, 1128.834606007479124, -6.000000000000287770 ) ) ;
#9312 = FACE_OUTER_BOUND ( 'NONE', #341, .T. ) ;
#9313 = CARTESIAN_POINT ( 'NONE',  ( 275.1653034219292522, 956.5260851264006305, 210.7946508136983255 ) ) ;
#9314 = VECTOR ( 'NONE', #2348, 1000.000000000000000 ) ;
#9315 = ORIENTED_EDGE ( 'NONE', *, *, #3472, .T. ) ;
#9316 = ORIENTED_EDGE ( 'NONE', *, *, #4256, .T. ) ;
#9317 = LINE ( 'NONE', #3448, #2764 ) ;
#9318 = ORIENTED_EDGE ( 'NONE', *, *, #7576, .T. ) ;
#9319 = EDGE_CURVE ( 'NONE', #2799, #5012, #84, .T. ) ;
#9320 = ORIENTED_EDGE ( 'NONE', *, *, #2107, .T. ) ;
#9321 = AXIS2_PLACEMENT_3D ( 'NONE', #8317, #1603, #5379 ) ;
#9322 = FACE_OUTER_BOUND ( 'NONE', #8133, .T. ) ;
#9323 = CARTESIAN_POINT ( 'NONE',  ( 301.9349829883591951, 1028.850398070247365, -5.500000000000287770 ) ) ;
#9324 = PLANE ( 'NONE',  #394 ) ;
#9325 = PLANE ( 'NONE',  #4271 ) ;
#9326 = VERTEX_POINT ( 'NONE', #2474 ) ;
#9327 = DIRECTION ( 'NONE',  ( -0.000000000000000000, -0.000000000000000000, -1.000000000000000000 ) ) ;
#9328 = AXIS2_PLACEMENT_3D ( 'NONE', #3522, #4866, #563 ) ;
#9329 = ORIENTED_EDGE ( 'NONE', *, *, #645, .T. ) ;
#9330 = DIRECTION ( 'NONE',  ( 0.000000000000000000, 0.000000000000000000, -1.000000000000000000 ) ) ;
#9331 = CARTESIAN_POINT ( 'NONE',  ( 278.4945725988074514, 1006.993656006015044, 5.985748428335712745 ) ) ;
#9332 = CARTESIAN_POINT ( 'NONE',  ( 308.5509892228343460, 1047.860217294155518, 5.499999999999713118 ) ) ;
#9333 = EDGE_CURVE ( 'NONE', #5896, #3274, #3781, .T. ) ;
#9334 = AXIS2_PLACEMENT_3D ( 'NONE', #170, #1865, #6707 ) ;
#9335 = ORIENTED_EDGE ( 'NONE', *, *, #1115, .F. ) ;
#9336 = AXIS2_PLACEMENT_3D ( 'NONE', #7934, #7089, #7225 ) ;
#9337 = CARTESIAN_POINT ( 'NONE',  ( 298.6252817781180511, 1048.938066323205476, -5.500000000000287770 ) ) ;
#9338 = FACE_OUTER_BOUND ( 'NONE', #4743, .T. ) ;
#9339 = ORIENTED_EDGE ( 'NONE', *, *, #2117, .T. ) ;
#9340 = CARTESIAN_POINT ( 'NONE',  ( 285.7848342726005626, 1048.235960104319247, 5.999999999999712230 ) ) ;
#9341 = AXIS2_PLACEMENT_3D ( 'NONE', #938, #2386, #1856 ) ;
#9342 = VERTEX_POINT ( 'NONE', #3050 ) ;
#9343 = CIRCLE ( 'NONE', #1020, 0.5000000000000541789 ) ;
#9344 = SPHERICAL_SURFACE ( 'NONE', #200, 0.5000000000000000000 ) ;
#9345 = VECTOR ( 'NONE', #7975, 1000.000000000000000 ) ;
#9346 = ORIENTED_EDGE ( 'NONE', *, *, #7715, .F. ) ;
#9347 = EDGE_CURVE ( 'NONE', #5753, #7617, #6172, .T. ) ;
#9348 = AXIS2_PLACEMENT_3D ( 'NONE', #8452, #8599, #528 ) ;
#9349 = CARTESIAN_POINT ( 'NONE',  ( 291.8953902025283469, 1001.267622518581220, 5.999999999999712230 ) ) ;
#9350 = DIRECTION ( 'NONE',  ( 0.000000000000000000, 0.000000000000000000, 1.000000000000000000 ) ) ;
#9351 = EDGE_LOOP ( 'NONE', ( #3317, #4288, #3767, #2782 ) ) ;
#9352 = DIRECTION ( 'NONE',  ( 0.000000000000000000, 0.000000000000000000, -1.000000000000000000 ) ) ;
#9353 = CARTESIAN_POINT ( 'NONE',  ( 278.4869764753135541, 1006.906831917181648, 5.957786956465572992 ) ) ;
#9354 = FACE_BOUND ( 'NONE', #8856, .T. ) ;
#9355 = VECTOR ( 'NONE', #2750, 1000.000000000000000 ) ;
#9356 = ADVANCED_FACE ( 'NONE', ( #1786 ), #5313, .F. ) ;
#9357 =( LENGTH_UNIT ( ) NAMED_UNIT ( * ) SI_UNIT ( .MILLI., .METRE. ) );
#9358 = DIRECTION ( 'NONE',  ( 0.4977330300471251578, 0.8673302893362525579, -0.000000000000000000 ) ) ;
#9359 = CIRCLE ( 'NONE', #5201, 0.5000000000000004441 ) ;
#9360 = EDGE_CURVE ( 'NONE', #4336, #6992, #7195, .T. ) ;
#9361 = DIRECTION ( 'NONE',  ( -0.000000000000000000, -0.000000000000000000, 1.000000000000000000 ) ) ;
#9362 = AXIS2_PLACEMENT_3D ( 'NONE', #5442, #464, #1095 ) ;
#9363 = SPHERICAL_SURFACE ( 'NONE', #1646, 0.5000000000000000000 ) ;
#9364 = CARTESIAN_POINT ( 'NONE',  ( 290.8397397355237217, 998.4444796704918872, 5.999738352724941493 ) ) ;
#9365 = EDGE_CURVE ( 'NONE', #4588, #7651, #4581, .T. ) ;
#9366 = ORIENTED_EDGE ( 'NONE', *, *, #4820, .F. ) ;
#9367 = ORIENTED_EDGE ( 'NONE', *, *, #4641, .F. ) ;
#9368 = DIRECTION ( 'NONE',  ( 5.520307852376157470E-15, 8.521280577492232074E-16, 1.000000000000000000 ) ) ;
#9369 = VECTOR ( 'NONE', #6980, 1000.000000000000000 ) ;
#9370 = VECTOR ( 'NONE', #2645, 1000.000000000000227 ) ;
#9371 = ORIENTED_EDGE ( 'NONE', *, *, #3535, .T. ) ;
#9372 = ORIENTED_EDGE ( 'NONE', *, *, #3253, .T. ) ;
#9373 = CARTESIAN_POINT ( 'NONE',  ( 302.3287354537989131, 1029.169683805351042, -5.936970720656517209 ) ) ;
#9374 = EDGE_CURVE ( 'NONE', #4691, #7118, #3350, .T. ) ;
#9375 = DIRECTION ( 'NONE',  ( 0.9888139587632369665, 0.1491541315384047606, -0.000000000000000000 ) ) ;
#9376 = CIRCLE ( 'NONE', #6455, 0.4999999999999905631 ) ;
#9377 = VECTOR ( 'NONE', #1567, 999.9999999999998863 ) ;
#9378 = FACE_OUTER_BOUND ( 'NONE', #1986, .T. ) ;
#9379 = ORIENTED_EDGE ( 'NONE', *, *, #9113, .F. ) ;
#9380 = ADVANCED_FACE ( 'NONE', ( #921 ), #6814, .F. ) ;
#9381 = VERTEX_POINT ( 'NONE', #3198 ) ;
#9382 = FACE_OUTER_BOUND ( 'NONE', #4536, .T. ) ;
#9383 = CARTESIAN_POINT ( 'NONE',  ( 337.3835438837261904, 1114.351821815406538, -6.300000000000286704 ) ) ;
#9384 = CARTESIAN_POINT ( 'NONE',  ( 291.2818230294595878, 1001.506536842226410, 5.499999999999711342 ) ) ;
#9385 = AXIS2_PLACEMENT_3D ( 'NONE', #8886, #3702, #4462 ) ;
#9386 = ORIENTED_EDGE ( 'NONE', *, *, #5953, .F. ) ;
#9387 = LINE ( 'NONE', #7797, #8713 ) ;
#9388 = CARTESIAN_POINT ( 'NONE',  ( 347.0085846824679834, 1140.092221637931743, -6.300000000000287592 ) ) ;
#9389 = VERTEX_POINT ( 'NONE', #8307 ) ;
#9390 = CARTESIAN_POINT ( 'NONE',  ( 287.3049690295604250, 1027.149241840084187, 5.499999999999711342 ) ) ;
#9391 = VECTOR ( 'NONE', #6168, 1000.000000000000000 ) ;
#9392 = VECTOR ( 'NONE', #9061, 1000.000000000000000 ) ;
#9393 = ORIENTED_EDGE ( 'NONE', *, *, #3864, .F. ) ;
#9394 = CARTESIAN_POINT ( 'NONE',  ( 292.7238929136463526, 1004.231333356398750, 5.499999999999711342 ) ) ;
#9395 = DIRECTION ( 'NONE',  ( -0.9833288001032879366, -0.1818363849382954867, 0.000000000000000000 ) ) ;
#9396 = EDGE_CURVE ( 'NONE', #2331, #1121, #3197, .T. ) ;
#9397 = CLOSED_SHELL ( 'NONE', ( #920, #4836, #7917, #8347, #8388, #6184, #4466, #562, #6197, #6428, #23, #1873, #4294, #8050, #3432, #8201, #2966, #8991, #7259, #7296 ) ) ;
#9398 = ORIENTED_EDGE ( 'NONE', *, *, #1111, .F. ) ;
#9399 = CIRCLE ( 'NONE', #6789, 0.4999999999999621969 ) ;
#9400 = CARTESIAN_POINT ( 'NONE',  ( 368.0656709890653815, 1095.727461864244560, 5.999999999999706901 ) ) ;
#9401 = DIRECTION ( 'NONE',  ( 1.000000000000000000, 0.000000000000000000, -0.000000000000000000 ) ) ;
#9402 = ORIENTED_EDGE ( 'NONE', *, *, #2949, .T. ) ;
#9403 = CARTESIAN_POINT ( 'NONE',  ( 302.2635545550916731, 1028.995369490368148, 5.846519237903500255 ) ) ;
#9404 = DIRECTION ( 'NONE',  ( 0.4977330300472003199, 0.8673302893362094812, -0.000000000000000000 ) ) ;
#9405 = CYLINDRICAL_SURFACE ( 'NONE', #122, 3.000000000000002665 ) ;
#9406 = DIRECTION ( 'NONE',  ( -0.000000000000000000, -0.000000000000000000, 1.000000000000000000 ) ) ;
#9407 = CARTESIAN_POINT ( 'NONE',  ( 343.7169217884921864, 1113.199209766361719, 8.299999999999714717 ) ) ;
#9408 = PLANE ( 'NONE',  #8410 ) ;
#9409 = FACE_OUTER_BOUND ( 'NONE', #4184, .T. ) ;
#9410 = EDGE_CURVE ( 'NONE', #2493, #7780, #6078, .T. ) ;
#9411 = ORIENTED_EDGE ( 'NONE', *, *, #6229, .F. ) ;
#9412 = EDGE_CURVE ( 'NONE', #3334, #5896, #8349, .T. ) ;
#9413 = VERTEX_POINT ( 'NONE', #2513 ) ;
#9414 = CARTESIAN_POINT ( 'NONE',  ( 270.2112994139250759, 957.4437044664329051, 13.24999999999971401 ) ) ;
#9415 = ADVANCED_FACE ( 'NONE', ( #7629 ), #1013, .F. ) ;
#9416 = ORIENTED_EDGE ( 'NONE', *, *, #142, .T. ) ;
#9417 = ORIENTED_EDGE ( 'NONE', *, *, #215, .T. ) ;
#9418 = CARTESIAN_POINT ( 'NONE',  ( 300.2494171438056014, 1023.621677291418791, -6.000000000000287770 ) ) ;
#9419 = DIRECTION ( 'NONE',  ( -0.000000000000000000, 0.000000000000000000, 1.000000000000000000 ) ) ;
#9420 = CARTESIAN_POINT ( 'NONE',  ( 278.4869764753135541, 1006.935957719745602, -5.969499890270542508 ) ) ;
#9421 = ORIENTED_EDGE ( 'NONE', *, *, #5426, .T. ) ;
#9422 = VERTEX_POINT ( 'NONE', #9160 ) ;
#9423 = CARTESIAN_POINT ( 'NONE',  ( 282.3573510841366669, 1029.798208965083859, -6.000000000000287770 ) ) ;
#9424 = CARTESIAN_POINT ( 'NONE',  ( 303.0916329489322720, 1046.845992106606673, 5.499999999999711342 ) ) ;
#9425 = EDGE_CURVE ( 'NONE', #3900, #3058, #9030, .T. ) ;
#9426 = FACE_OUTER_BOUND ( 'NONE', #1357, .T. ) ;
#9427 = ORIENTED_EDGE ( 'NONE', *, *, #600, .F. ) ;
#9428 = DIRECTION ( 'NONE',  ( 1.000000000000000000, 0.000000000000000000, 0.000000000000000000 ) ) ;
#9429 = CARTESIAN_POINT ( 'NONE',  ( -94.91769211852766830, 1012.027825425402511, 5.499999999999713118 ) ) ;
#9430 = ORIENTED_EDGE ( 'NONE', *, *, #5365, .F. ) ;
#9431 = DIRECTION ( 'NONE',  ( 1.000000000000000000, 0.000000000000000000, 0.000000000000000000 ) ) ;
#9432 = EDGE_LOOP ( 'NONE', ( #8389, #4673, #2046, #7978, #4215, #6948 ) ) ;
#9433 = LINE ( 'NONE', #2824, #7554 ) ;
#9434 = CARTESIAN_POINT ( 'NONE',  ( 291.7260464836525671, 1024.782185821985877, -5.500000000000288658 ) ) ;
#9435 = ORIENTED_EDGE ( 'NONE', *, *, #7332, .T. ) ;
#9436 = EDGE_CURVE ( 'NONE', #3261, #1183, #6370, .T. ) ;
#9437 = CARTESIAN_POINT ( 'NONE',  ( 292.6549695971044116, 1004.726560149329998, 61.58012167084567778 ) ) ;
#9438 = CARTESIAN_POINT ( 'NONE',  ( 287.3049690295604250, 1027.149241840084414, 61.58012167084567778 ) ) ;
#9439 = ORIENTED_EDGE ( 'NONE', *, *, #4820, .T. ) ;
#9440 = VERTEX_POINT ( 'NONE', #2702 ) ;
#9441 = EDGE_CURVE ( 'NONE', #3787, #9169, #8593, .T. ) ;
#9442 = CARTESIAN_POINT ( 'NONE',  ( 290.1522098842457922, 1073.107402402620437, -6.000000000000287770 ) ) ;
#9443 = DIRECTION ( 'NONE',  ( 0.9838401286342943752, -0.1790491588610656215, 0.000000000000000000 ) ) ;
#9444 = DIRECTION ( 'NONE',  ( 0.000000000000000000, 0.000000000000000000, 1.000000000000000000 ) ) ;
#9445 = PERSON_AND_ORGANIZATION_ROLE ( 'design_supplier' ) ;
#9446 = EDGE_CURVE ( 'NONE', #6530, #1252, #2563, .T. ) ;
#9447 = DIRECTION ( 'NONE',  ( 0.000000000000000000, 0.000000000000000000, 1.000000000000000000 ) ) ;
#9448 = FACE_OUTER_BOUND ( 'NONE', #6091, .T. ) ;
#9449 = FACE_OUTER_BOUND ( 'NONE', #3104, .T. ) ;
#9450 = FACE_BOUND ( 'NONE', #9218, .T. ) ;
#9451 = ORIENTED_EDGE ( 'NONE', *, *, #2712, .T. ) ;
#9452 = ORIENTED_EDGE ( 'NONE', *, *, #9374, .F. ) ;
#9454 = DIRECTION ( 'NONE',  ( -0.000000000000000000, -0.000000000000000000, 1.000000000000000000 ) ) ;
#9453 = VECTOR ( 'NONE', #3925, 999.9999999999998863 ) ;
#9455 = ORIENTED_EDGE ( 'NONE', *, *, #4256, .F. ) ;
#9456 = EDGE_LOOP ( 'NONE', ( #6107, #5814, #2557, #487 ) ) ;
#9457 = ADVANCED_FACE ( 'NONE', ( #8639 ), #1926, .T. ) ;
#9458 = CARTESIAN_POINT ( 'NONE',  ( 325.5386764865854161, 1082.674904384879028, -61.25749636645200980 ) ) ;
#9459 = AXIS2_PLACEMENT_3D ( 'NONE', #3416, #2680, #2050 ) ;
#9460 = FACE_OUTER_BOUND ( 'NONE', #3180, .T. ) ;
#9461 = CARTESIAN_POINT ( 'NONE',  ( 279.5501109898323193, 982.5281748859821391, 5.999999999999712230 ) ) ;
#9462 = ORIENTED_EDGE ( 'NONE', *, *, #8135, .F. ) ;
#9463 = EDGE_CURVE ( 'NONE', #672, #195, #5646, .T. ) ;
#9464 = ORIENTED_EDGE ( 'NONE', *, *, #2047, .F. ) ;
#9465 = CARTESIAN_POINT ( 'NONE',  ( 287.0433340410986034, 1052.596706112358788, -6.000000000000289546 ) ) ;
#9466 = CARTESIAN_POINT ( 'NONE',  ( 290.8746815250780173, 998.5683907313612053, 5.981899343327757634 ) ) ;
#9467 = VECTOR ( 'NONE', #7073, 1000.000000000000000 ) ;
#9468 = CARTESIAN_POINT ( 'NONE',  ( 347.0085846824679834, 1140.092221637931743, -8.300000000000288480 ) ) ;
#9469 = VERTEX_POINT ( 'NONE', #1208 ) ;
#9470 = DIRECTION ( 'NONE',  ( -1.000000000000000000, 0.000000000000000000, 5.204170427930416550E-15 ) ) ;
#9471 = CARTESIAN_POINT ( 'NONE',  ( 293.3979569278980648, 1048.949991886945782, 61.58012167084567778 ) ) ;
#9472 = ADVANCED_FACE ( 'NONE', ( #1109 ), #7109, .T. ) ;
#9473 = CARTESIAN_POINT ( 'NONE',  ( 291.2259858034474860, 1000.984956806393598, -5.500000000000289546 ) ) ;
#9474 = VECTOR ( 'NONE', #8864, 1000.000000000000114 ) ;
#9475 = EDGE_LOOP ( 'NONE', ( #3894, #3870, #2768, #8428, #5781, #2178, #6085, #1677, #1730, #953, #106, #4661 ) ) ;
#9476 = CARTESIAN_POINT ( 'NONE',  ( 291.4601975172985249, 1001.531362157544322, -6.000000000000282441 ) ) ;
#9477 = ORIENTED_EDGE ( 'NONE', *, *, #8704, .T. ) ;
#9478 = FACE_OUTER_BOUND ( 'NONE', #7597, .T. ) ;
#9479 = EDGE_CURVE ( 'NONE', #7781, #6997, #9509, .T. ) ;
#9480 = DIRECTION ( 'NONE',  ( -0.3502424885566279289, -0.9366590624179432778, 0.000000000000000000 ) ) ;
#9481 = AXIS2_PLACEMENT_3D ( 'NONE', #2265, #3325, #409 ) ;
#9482 = AXIS2_PLACEMENT_3D ( 'NONE', #3863, #5340, #6945 ) ;
#9483 = ORIENTED_EDGE ( 'NONE', *, *, #4878, .F. ) ;
#9484 = CARTESIAN_POINT ( 'NONE',  ( 307.2170561058643443, 1043.902062441610951, -5.500000000000287770 ) ) ;
#9485 = LINE ( 'NONE', #4246, #9231 ) ;
#9486 = ORIENTED_EDGE ( 'NONE', *, *, #1826, .T. ) ;
#9487 = AXIS2_PLACEMENT_3D ( 'NONE', #151, #3115, #9132 ) ;
#9488 =( BOUNDED_CURVE ( )  B_SPLINE_CURVE ( 3, ( #8848, #8709, #2246, #1383 ),
 .UNSPECIFIED., .F., .T. ) 
 B_SPLINE_CURVE_WITH_KNOTS ( ( 4, 4 ),
 ( 4.712388980384689674, 5.208505920169470116 ),
 .UNSPECIFIED. ) 
 CURVE ( )  GEOMETRIC_REPRESENTATION_ITEM ( )  RATIONAL_B_SPLINE_CURVE ( ( 1.000000000000000000, 0.9795939583122781347, 0.9795939583122781347, 1.000000000000000000 ) ) 
 REPRESENTATION_ITEM ( '' )  );
#9489 = ORIENTED_EDGE ( 'NONE', *, *, #8372, .F. ) ;
#9490 = CARTESIAN_POINT ( 'NONE',  ( 275.1653034219292522, 956.5260851264006305, -6.000000000000287770 ) ) ;
#9491 = CARTESIAN_POINT ( 'NONE',  ( 300.8423041959673583, 1116.982560454410759, -10.75000000000028777 ) ) ;
#9492 = CARTESIAN_POINT ( 'NONE',  ( 298.5785918785733202, 1049.435881603485768, 5.499999999999711342 ) ) ;
#9493 = EDGE_CURVE ( 'NONE', #2380, #195, #4977, .T. ) ;
#9494 = AXIS2_PLACEMENT_3D ( 'NONE', #7251, #810, #6477 ) ;
#9495 = VECTOR ( 'NONE', #2756, 1000.000000000000000 ) ;
#9496 = DIRECTION ( 'NONE',  ( 1.000000000000000000, 0.000000000000000000, 0.000000000000000000 ) ) ;
#9497 = VERTEX_POINT ( 'NONE', #430 ) ;
#9498 = CIRCLE ( 'NONE', #3814, 3.000000000000002665 ) ;
#9499 = CARTESIAN_POINT ( 'NONE',  ( 303.8616100962184419, 1072.134682233534704, -6.000000000000287770 ) ) ;
#9500 = DIRECTION ( 'NONE',  ( -1.000000000000000000, 0.000000000000000000, 0.000000000000000000 ) ) ;
#9501 = FACE_OUTER_BOUND ( 'NONE', #6569, .T. ) ;
#9502 = CARTESIAN_POINT ( 'NONE',  ( 298.3297253635498123, 1049.002216458817429, 5.499999999999711342 ) ) ;
#9503 = VECTOR ( 'NONE', #569, 1000.000000000000000 ) ;
#9504 = CARTESIAN_POINT ( 'NONE',  ( 328.7864743326773578, 1162.178293110218874, 6.299999999999712941 ) ) ;
#9505 = FACE_OUTER_BOUND ( 'NONE', #14, .T. ) ;
#9506 = EDGE_CURVE ( 'NONE', #7037, #1392, #2872, .T. ) ;
#9507 = VERTEX_POINT ( 'NONE', #7820 ) ;
#9508 = DIRECTION ( 'NONE',  ( 0.8815943511951180867, -0.4720078388553086146, 0.000000000000000000 ) ) ;
#9509 =( BOUNDED_CURVE ( )  B_SPLINE_CURVE ( 3, ( #4931, #7009, #2031, #477 ),
 .UNSPECIFIED., .F., .F. ) 
 B_SPLINE_CURVE_WITH_KNOTS ( ( 4, 4 ),
 ( 3.079811796216584031E-13, 1.570796326794891673 ),
 .UNSPECIFIED. ) 
 CURVE ( )  GEOMETRIC_REPRESENTATION_ITEM ( )  RATIONAL_B_SPLINE_CURVE ( ( 1.000000000000000000, 0.8047378541244386563, 0.8047378541244386563, 1.000000000000000000 ) ) 
 REPRESENTATION_ITEM ( '' )  );
#9510 = EDGE_CURVE ( 'NONE', #886, #1995, #6965, .T. ) ;
#9511 = ORIENTED_EDGE ( 'NONE', *, *, #9446, .F. ) ;
#9512 = VECTOR ( 'NONE', #765, 1000.000000000000114 ) ;
#9513 = AXIS2_PLACEMENT_3D ( 'NONE', #5917, #7908, #7240 ) ;
#9514 = EDGE_LOOP ( 'NONE', ( #2142, #9126, #4827, #2844, #2310 ) ) ;
#9515 = CARTESIAN_POINT ( 'NONE',  ( 347.0085846824679834, 1140.092221637931743, 8.999999999999712230 ) ) ;
#9516 = DIRECTION ( 'NONE',  ( -0.3468439120604485670, 0.9379228649876300006, -0.000000000000000000 ) ) ;
#9517 = LINE ( 'NONE', #5799, #2718 ) ;
#9518 = ORIENTED_EDGE ( 'NONE', *, *, #6700, .F. ) ;
#9519 = AXIS2_PLACEMENT_3D ( 'NONE', #136, #9119, #3100 ) ;
#9520 = ORIENTED_EDGE ( 'NONE', *, *, #1432, .F. ) ;
#9521 = DIRECTION ( 'NONE',  ( 0.000000000000000000, 0.000000000000000000, -1.000000000000000000 ) ) ;
#9522 = CARTESIAN_POINT ( 'NONE',  ( 344.5362189811656890, 1133.480334687038066, -61.25749636645200980 ) ) ;
#9523 = CARTESIAN_POINT ( 'NONE',  ( 295.5511701829618119, 1103.726427789566742, -6.000000000000287770 ) ) ;
#9524 = ORIENTED_EDGE ( 'NONE', *, *, #631, .T. ) ;
#9525 = AXIS2_PLACEMENT_3D ( 'NONE', #8010, #5882, #4349 ) ;
#9526 = AXIS2_PLACEMENT_3D ( 'NONE', #1535, #658, #4485 ) ;
#9527 = DIRECTION ( 'NONE',  ( -0.000000000000000000, -0.000000000000000000, -1.000000000000000000 ) ) ;
#9528 = CARTESIAN_POINT ( 'NONE',  ( 318.5510950119549989, 1107.293199775155244, -6.000000000000287770 ) ) ;
#9529 = CYLINDRICAL_SURFACE ( 'NONE', #7803, 0.4999999999999201750 ) ;
#9530 = ORIENTED_EDGE ( 'NONE', *, *, #2156, .T. ) ;
#9531 = CARTESIAN_POINT ( 'NONE',  ( 344.7912167416586158, 1119.102250538167482, 8.299999999999714717 ) ) ;
#9532 = EDGE_LOOP ( 'NONE', ( #3806, #932, #3883 ) ) ;
#9533 = DIRECTION ( 'NONE',  ( -0.1736481776669271671, -0.9848077530122086864, 0.000000000000000000 ) ) ;
#9534 = VECTOR ( 'NONE', #5334, 1000.000000000000114 ) ;
#9535 = EDGE_CURVE ( 'NONE', #1287, #7234, #7148, .T. ) ;
#9537 = AXIS2_PLACEMENT_3D ( 'NONE', #296, #92, #2333 ) ;
#9536 = CARTESIAN_POINT ( 'NONE',  ( 291.3912742007565271, 1002.026588950475571, 5.499999999999713118 ) ) ;
#9538 = EDGE_CURVE ( 'NONE', #5753, #1183, #1928, .T. ) ;
#9539 = ORIENTED_EDGE ( 'NONE', *, *, #8942, .F. ) ;
#9540 = FACE_OUTER_BOUND ( 'NONE', #8230, .T. ) ;
#9541 = ORIENTED_EDGE ( 'NONE', *, *, #7417, .T. ) ;
#9542 = VECTOR ( 'NONE', #5089, 1000.000000000000000 ) ;
#9543 = EDGE_LOOP ( 'NONE', ( #3026, #7483, #6215, #1642, #3750, #586 ) ) ;
#9544 = CARTESIAN_POINT ( 'NONE',  ( 316.2231024750217898, 1067.981508163994476, 61.58012167084567778 ) ) ;
#9545 = CARTESIAN_POINT ( 'NONE',  ( 343.7169217884921864, 1113.199209766361719, -6.300000000000287592 ) ) ;
#9546 = DIRECTION ( 'NONE',  ( 0.9888139587632028826, 0.1491541315386306077, -0.000000000000000000 ) ) ;
#9547 = EDGE_CURVE ( 'NONE', #3322, #2627, #1985, .T. ) ;
#9548 = DATE_AND_TIME ( #3533, #9168 ) ;
#9549 = CARTESIAN_POINT ( 'NONE',  ( 291.3912742007565271, 1002.026588950475571, -5.500000000000289546 ) ) ;
#9550 =( BOUNDED_CURVE ( )  B_SPLINE_CURVE ( 3, ( #7747, #5671, #8615, #4088 ),
 .UNSPECIFIED., .F., .T. ) 
 B_SPLINE_CURVE_WITH_KNOTS ( ( 4, 4 ),
 ( 4.712388980384686121, 5.772201714591917110 ),
 .UNSPECIFIED. ) 
 CURVE ( )  GEOMETRIC_REPRESENTATION_ITEM ( )  RATIONAL_B_SPLINE_CURVE ( ( 1.000000000000000000, 0.9085696008556543024, 0.9085696008556543024, 1.000000000000000000 ) ) 
 REPRESENTATION_ITEM ( '' )  );
#9551 = CARTESIAN_POINT ( 'NONE',  ( 334.0332462475978446, 1119.667891162092246, 8.999999999999712230 ) ) ;
#9552 = EDGE_CURVE ( 'NONE', #354, #2380, #1957, .T. ) ;
#9553 = PLANE ( 'NONE',  #588 ) ;
#9554 = CARTESIAN_POINT ( 'NONE',  ( 304.2601155478187707, 1072.483263060815716, 61.58012167084567778 ) ) ;
#9555 = CARTESIAN_POINT ( 'NONE',  ( 299.8308290559896250, 1023.278636140021717, 5.792893218813100376 ) ) ;
#9556 = DIRECTION ( 'NONE',  ( -0.1818363849383071440, 0.9833288001032858272, 0.000000000000000000 ) ) ;
#9557 = CARTESIAN_POINT ( 'NONE',  ( 272.7112994139250759, 957.4437044664329051, -13.25000000000028955 ) ) ;
#9558 = ORIENTED_EDGE ( 'NONE', *, *, #4638, .T. ) ;
#9559 = ORIENTED_EDGE ( 'NONE', *, *, #1826, .F. ) ;
#9560 = EDGE_LOOP ( 'NONE', ( #3557, #3608, #6433, #7373 ) ) ;
#9561 = EDGE_CURVE ( 'NONE', #6198, #7136, #6422, .T. ) ;
#9562 = CYLINDRICAL_SURFACE ( 'NONE', #2748, 0.5000000000000004441 ) ;
#9563 = DIRECTION ( 'NONE',  ( 0.3502424885566279289, 0.9366590624179432778, 0.000000000000000000 ) ) ;
#9564 = CARTESIAN_POINT ( 'NONE',  ( 336.1950601088341273, 1158.572179699236813, -6.300000000000287592 ) ) ;
ENDSEC;
END-ISO-10303-21;
