ISO-10303-21;
HEADER;
FILE_DESCRIPTION (( 'STEP AP203' ),
    '1' );
FILE_NAME ('bucket_XCGM_V01_0.1_Default_sldprt.STEP',
    '2026-08-05T08:05:43',
    ( '' ),
    ( '' ),
    'SwSTEP 2.0',
    'SolidWorks 2026',
    '' );
FILE_SCHEMA (( 'CONFIG_CONTROL_DESIGN' ));
ENDSEC;

DATA;
#1 = LINE ( 'NONE', #2857, #1454 ) ;
#2 = PLANE ( 'NONE',  #2858 ) ;
#3 = DIRECTION ( 'NONE',  ( -0.000000000000000000, -0.000000000000000000, 1.000000000000000000 ) ) ;
#4 = DIRECTION ( 'NONE',  ( -0.6084315436571356983, -0.7936063612919159738, 0.000000000000000000 ) ) ;
#5 = ORIENTED_EDGE ( 'NONE', *, *, #761, .F. ) ;
#6 = CARTESIAN_POINT ( 'NONE',  ( 484.3677970826660726, 352.4490446990618580, -34.00000000000004974 ) ) ;
#7 = CARTESIAN_POINT ( 'NONE',  ( 497.9370932688833591, 294.1230760041622716, -12.75000000000003908 ) ) ;
#8 = ORIENTED_EDGE ( 'NONE', *, *, #2280, .F. ) ;
#9 = VERTEX_POINT ( 'NONE', #2411 ) ;
#10 = LINE ( 'NONE', #949, #966 ) ;
#11 = EDGE_LOOP ( 'NONE', ( #1062, #2019 ) ) ;
#12 = FACE_OUTER_BOUND ( 'NONE', #401, .T. ) ;
#13 = FACE_OUTER_BOUND ( 'NONE', #2964, .T. ) ;
#14 = ADVANCED_FACE ( 'NONE', ( #2616 ), #287, .F. ) ;
#15 = DIRECTION ( 'NONE',  ( -0.000000000000000000, -0.000000000000000000, 1.000000000000000000 ) ) ;
#16 = LINE ( 'NONE', #2133, #1692 ) ;
#17 = CARTESIAN_POINT ( 'NONE',  ( 563.7275240965377634, 318.0509779275960796, 37.49999999999996447 ) ) ;
#18 = ORIENTED_EDGE ( 'NONE', *, *, #1685, .F. ) ;
#19 = ORIENTED_EDGE ( 'NONE', *, *, #2785, .T. ) ;
#20 = LINE ( 'NONE', #514, #580 ) ;
#21 = CARTESIAN_POINT ( 'NONE',  ( 497.9370932688832454, 297.1230760041622716, -35.25000000000004263 ) ) ;
#22 = ORIENTED_EDGE ( 'NONE', *, *, #1541, .T. ) ;
#23 = ORIENTED_EDGE ( 'NONE', *, *, #1532, .T. ) ;
#24 = LINE ( 'NONE', #2871, #336 ) ;
#25 = EDGE_CURVE ( 'NONE', #2164, #1576, #1656, .T. ) ;
#26 = AXIS2_PLACEMENT_3D ( 'NONE', #2760, #1604, #173 ) ;
#27 = EDGE_CURVE ( 'NONE', #1979, #516, #2643, .T. ) ;
#28 = AXIS2_PLACEMENT_3D ( 'NONE', #1357, #190, #1133 ) ;
#29 = ORIENTED_EDGE ( 'NONE', *, *, #1400, .F. ) ;
#30 = DIRECTION ( 'NONE',  ( -0.000000000000000000, -0.000000000000000000, 1.000000000000000000 ) ) ;
#31 = AXIS2_PLACEMENT_3D ( 'NONE', #2090, #2819, #1646 ) ;
#32 = CIRCLE ( 'NONE', #1754, 7.000000000000006217 ) ;
#33 = FACE_OUTER_BOUND ( 'NONE', #2329, .T. ) ;
#34 = DIRECTION ( 'NONE',  ( -0.000000000000000000, -0.000000000000000000, -1.000000000000000000 ) ) ;
#35 = CARTESIAN_POINT ( 'NONE',  ( 564.6665225174216403, 357.3445753521168058, 15.49999999999996092 ) ) ;
#36 = AXIS2_PLACEMENT_3D ( 'NONE', #2303, #2292, #917 ) ;
#37 = DIRECTION ( 'NONE',  ( -0.000000000000000000, -0.000000000000000000, -1.000000000000000000 ) ) ;
#38 = CARTESIAN_POINT ( 'NONE',  ( 537.1871251762021302, 372.4672861334084928, -37.50000000000004263 ) ) ;
#39 = ORIENTED_EDGE ( 'NONE', *, *, #318, .T. ) ;
#40 = DIRECTION ( 'NONE',  ( 1.000000000000000000, 0.000000000000000000, 0.000000000000000000 ) ) ;
#41 = EDGE_LOOP ( 'NONE', ( #2282, #2281, #2462, #1245, #550, #782, #220 ) ) ;
#42 = VERTEX_POINT ( 'NONE', #226 ) ;
#43 = VERTEX_POINT ( 'NONE', #488 ) ;
#44 = DIRECTION ( 'NONE',  ( -0.6427876096865433597, -0.7660444431189745718, 0.000000000000000000 ) ) ;
#45 = EDGE_CURVE ( 'NONE', #1920, #1276, #3069, .T. ) ;
#46 = DESIGN_CONTEXT ( 'detailed design', #505, 'design' ) ;
#47 = DIRECTION ( 'NONE',  ( -1.000000000000000000, 0.000000000000000000, 0.000000000000000000 ) ) ;
#48 = CARTESIAN_POINT ( 'NONE',  ( 482.9435253070262775, 297.3730760041622148, 19.24999999999996092 ) ) ;
#49 = CARTESIAN_POINT ( 'NONE',  ( 497.9370932688832454, 300.1230760041622148, 35.24999999999996447 ) ) ;
#50 = ORIENTED_EDGE ( 'NONE', *, *, #2517, .F. ) ;
#51 = DIRECTION ( 'NONE',  ( 1.000000000000000000, 0.000000000000000000, 0.000000000000000000 ) ) ;
#52 = PLANE ( 'NONE',  #425 ) ;
#53 = EDGE_CURVE ( 'NONE', #1473, #563, #706, .T. ) ;
#54 = EDGE_CURVE ( 'NONE', #813, #2208, #20, .T. ) ;
#55 = ORIENTED_EDGE ( 'NONE', *, *, #800, .T. ) ;
#56 = PLANE ( 'NONE',  #2962 ) ;
#57 = EDGE_CURVE ( 'NONE', #705, #2756, #2409, .T. ) ;
#58 = ORIENTED_EDGE ( 'NONE', *, *, #1131, .F. ) ;
#59 = ORIENTED_EDGE ( 'NONE', *, *, #1185, .T. ) ;
#60 = LINE ( 'NONE', #2178, #520 ) ;
#61 = FACE_OUTER_BOUND ( 'NONE', #2519, .T. ) ;
#62 = DIRECTION ( 'NONE',  ( 4.625929269271489858E-16, -1.000000000000000000, 0.000000000000000000 ) ) ;
#63 = FACE_OUTER_BOUND ( 'NONE', #1770, .T. ) ;
#64 = CARTESIAN_POINT ( 'NONE',  ( 566.3956512327946484, 337.7202066561644642, 37.49999999999996447 ) ) ;
#65 = DIRECTION ( 'NONE',  ( -4.625929269271489858E-16, 1.000000000000000000, -0.000000000000000000 ) ) ;
#66 = ORIENTED_EDGE ( 'NONE', *, *, #1626, .F. ) ;
#67 = ORIENTED_EDGE ( 'NONE', *, *, #1837, .T. ) ;
#68 = DIRECTION ( 'NONE',  ( -1.000000000000000000, -4.625929269271489858E-16, 0.000000000000000000 ) ) ;
#69 = EDGE_LOOP ( 'NONE', ( #2929, #2381, #2320, #2883 ) ) ;
#70 = VERTEX_POINT ( 'NONE', #1867 ) ;
#71 = EDGE_CURVE ( 'NONE', #2872, #1037, #958, .T. ) ;
#72 = ORIENTED_EDGE ( 'NONE', *, *, #2215, .T. ) ;
#73 = AXIS2_PLACEMENT_3D ( 'NONE', #1134, #951, #698 ) ;
#74 = CARTESIAN_POINT ( 'NONE',  ( 490.6827992885719709, 297.1230760041622716, -28.75000000000004263 ) ) ;
#75 = VECTOR ( 'NONE', #2623, 1000.000000000000114 ) ;
#76 = AXIS2_PLACEMENT_3D ( 'NONE', #1521, #117, #1059 ) ;
#77 = LINE ( 'NONE', #2672, #2152 ) ;
#78 = DIRECTION ( 'NONE',  ( -1.000000000000000000, 0.000000000000000000, 0.000000000000000000 ) ) ;
#79 = VECTOR ( 'NONE', #2821, 1000.000000000000000 ) ;
#80 = LINE ( 'NONE', #297, #141 ) ;
#81 = VERTEX_POINT ( 'NONE', #2822 ) ;
#82 = EDGE_CURVE ( 'NONE', #2444, #105, #2833, .T. ) ;
#83 = VECTOR ( 'NONE', #243, 1000.000000000000000 ) ;
#84 = DIRECTION ( 'NONE',  ( -4.625929269271489858E-16, 1.000000000000000000, -0.000000000000000000 ) ) ;
#85 = DIRECTION ( 'NONE',  ( -1.000000000000000000, 0.000000000000000000, 0.000000000000000000 ) ) ;
#86 = VECTOR ( 'NONE', #2946, 1000.000000000000000 ) ;
#87 = CARTESIAN_POINT ( 'NONE',  ( 547.3067127850209772, 358.2404074842581281, -12.50000000000003908 ) ) ;
#88 = ORIENTED_EDGE ( 'NONE', *, *, #800, .F. ) ;
#89 = ORIENTED_EDGE ( 'NONE', *, *, #1919, .T. ) ;
#90 = ORIENTED_EDGE ( 'NONE', *, *, #1685, .T. ) ;
#91 = DIRECTION ( 'NONE',  ( -1.000000000000000000, 0.000000000000000000, 0.000000000000000000 ) ) ;
#92 = EDGE_LOOP ( 'NONE', ( #2970, #1715, #590, #19 ) ) ;
#93 = ORIENTED_EDGE ( 'NONE', *, *, #2713, .F. ) ;
#94 = CC_DESIGN_PERSON_AND_ORGANIZATION_ASSIGNMENT ( #853, #2073, ( #2469 ) ) ;
#95 = EDGE_CURVE ( 'NONE', #1952, #2137, #2562, .T. ) ;
#96 = DIRECTION ( 'NONE',  ( -0.000000000000000000, -0.000000000000000000, -1.000000000000000000 ) ) ;
#97 = FACE_OUTER_BOUND ( 'NONE', #835, .T. ) ;
#98 = CARTESIAN_POINT ( 'NONE',  ( 497.9370932688832454, 300.1230760041622148, 3.249999999999961364 ) ) ;
#99 = DATE_AND_TIME ( #2702, #1167 ) ;
#100 = ORIENTED_EDGE ( 'NONE', *, *, #2548, .T. ) ;
#101 = CARTESIAN_POINT ( 'NONE',  ( 532.1962631371208090, 330.5653046830636868, -34.00000000000004263 ) ) ;
#102 = DIRECTION ( 'NONE',  ( 0.1804027099608666029, 0.9835928335641610509, -0.000000000000000000 ) ) ;
#103 = DIRECTION ( 'NONE',  ( -0.000000000000000000, -0.000000000000000000, 1.000000000000000000 ) ) ;
#104 = ORIENTED_EDGE ( 'NONE', *, *, #2420, .F. ) ;
#105 = VERTEX_POINT ( 'NONE', #1393 ) ;
#106 = ORIENTED_EDGE ( 'NONE', *, *, #1945, .F. ) ;
#107 = DIRECTION ( 'NONE',  ( 0.9450148549664526554, 0.3270274054154093668, 0.000000000000000000 ) ) ;
#108 = ORIENTED_EDGE ( 'NONE', *, *, #1392, .T. ) ;
#109 = ORIENTED_EDGE ( 'NONE', *, *, #851, .T. ) ;
#110 = DIRECTION ( 'NONE',  ( -0.000000000000000000, -0.000000000000000000, -1.000000000000000000 ) ) ;
#111 = PLANE ( 'NONE',  #186 ) ;
#112 = EDGE_CURVE ( 'NONE', #1767, #491, #2629, .T. ) ;
#113 = FACE_BOUND ( 'NONE', #2615, .T. ) ;
#114 =( NAMED_UNIT ( * ) SI_UNIT ( $, .STERADIAN. ) SOLID_ANGLE_UNIT ( ) );
#115 = EDGE_CURVE ( 'NONE', #1276, #119, #1854, .T. ) ;
#116 = DIRECTION ( 'NONE',  ( 1.000000000000000000, 0.000000000000000000, 0.000000000000000000 ) ) ;
#117 = DIRECTION ( 'NONE',  ( -0.000000000000000000, 0.000000000000000000, -1.000000000000000000 ) ) ;
#118 = CARTESIAN_POINT ( 'NONE',  ( 563.8622693889246875, 364.2982202168839194, -12.50000000000003908 ) ) ;
#119 = VERTEX_POINT ( 'NONE', #1179 ) ;
#120 = VERTEX_POINT ( 'NONE', #502 ) ;
#121 = ORIENTED_EDGE ( 'NONE', *, *, #1876, .T. ) ;
#122 = DIRECTION ( 'NONE',  ( 1.000000000000000000, 0.000000000000000000, 0.000000000000000000 ) ) ;
#123 = VERTEX_POINT ( 'NONE', #1670 ) ;
#124 = ORIENTED_EDGE ( 'NONE', *, *, #1725, .T. ) ;
#125 = EDGE_CURVE ( 'NONE', #3038, #196, #1320, .T. ) ;
#126 = EDGE_CURVE ( 'NONE', #1984, #440, #2848, .T. ) ;
#127 = ORIENTED_EDGE ( 'NONE', *, *, #1626, .T. ) ;
#128 = EDGE_CURVE ( 'NONE', #766, #2740, #1902, .T. ) ;
#129 = DIRECTION ( 'NONE',  ( -0.000000000000000000, -0.000000000000000000, 1.000000000000000000 ) ) ;
#130 = AXIS2_PLACEMENT_3D ( 'NONE', #2424, #1054, #329 ) ;
#131 = FACE_BOUND ( 'NONE', #359, .T. ) ;
#132 = DIRECTION ( 'NONE',  ( -0.000000000000000000, -0.000000000000000000, 1.000000000000000000 ) ) ;
#133 = CIRCLE ( 'NONE', #275, 30.00000000000002842 ) ;
#134 = AXIS2_PLACEMENT_3D ( 'NONE', #1122, #1106, #2064 ) ;
#135 = DIRECTION ( 'NONE',  ( -0.000000000000000000, -0.000000000000000000, -1.000000000000000000 ) ) ;
#136 = EDGE_CURVE ( 'NONE', #1525, #2622, #1917, .T. ) ;
#137 = AXIS2_PLACEMENT_3D ( 'NONE', #1398, #2589, #2841 ) ;
#138 = DIRECTION ( 'NONE',  ( 0.000000000000000000, 0.000000000000000000, -1.000000000000000000 ) ) ;
#139 = DIRECTION ( 'NONE',  ( -0.000000000000000000, -0.000000000000000000, -1.000000000000000000 ) ) ;
#140 = VECTOR ( 'NONE', #397, 1000.000000000000000 ) ;
#141 = VECTOR ( 'NONE', #1774, 1000.000000000000000 ) ;
#142 = ORIENTED_EDGE ( 'NONE', *, *, #2874, .T. ) ;
#143 = AXIS2_PLACEMENT_3D ( 'NONE', #1084, #1782, #617 ) ;
#144 = ORIENTED_EDGE ( 'NONE', *, *, #786, .F. ) ;
#145 = ORIENTED_EDGE ( 'NONE', *, *, #2021, .F. ) ;
#146 = DIRECTION ( 'NONE',  ( 4.625929269271489858E-16, -1.000000000000000000, 0.000000000000000000 ) ) ;
#147 = VERTEX_POINT ( 'NONE', #2909 ) ;
#148 = ORIENTED_EDGE ( 'NONE', *, *, #1243, .F. ) ;
#149 = LINE ( 'NONE', #3019, #1561 ) ;
#150 = CARTESIAN_POINT ( 'NONE',  ( 497.9370932688832454, 298.6127299692428778, 37.49999999999996447 ) ) ;
#151 = EDGE_CURVE ( 'NONE', #2444, #517, #2106, .T. ) ;
#152 = DIRECTION ( 'NONE',  ( -0.000000000000000000, -0.000000000000000000, -1.000000000000000000 ) ) ;
#153 = DIRECTION ( 'NONE',  ( -1.000000000000000000, 0.000000000000000000, 0.000000000000000000 ) ) ;
#154 = DIRECTION ( 'NONE',  ( -1.000000000000000000, 0.000000000000000000, 0.000000000000000000 ) ) ;
#155 = ORIENTED_EDGE ( 'NONE', *, *, #1057, .F. ) ;
#156 = ORIENTED_EDGE ( 'NONE', *, *, #2843, .F. ) ;
#157 = PLANE ( 'NONE',  #1016 ) ;
#158 = ADVANCED_FACE ( 'NONE', ( #63 ), #1693, .F. ) ;
#159 = EDGE_CURVE ( 'NONE', #633, #1506, #531, .T. ) ;
#160 = VERTEX_POINT ( 'NONE', #1236 ) ;
#161 = CARTESIAN_POINT ( 'NONE',  ( 560.8622693889246875, 364.2982202168839194, -9.250000000000039080 ) ) ;
#162 = CARTESIAN_POINT ( 'NONE',  ( 563.8622693889246875, 364.2982202168839194, -15.50000000000003908 ) ) ;
#163 = PERSON_AND_ORGANIZATION ( #804, #2564 ) ;
#164 = CARTESIAN_POINT ( 'NONE',  ( 532.1962631371208090, 330.5653046830636868, -34.00000000000004263 ) ) ;
#165 = DIRECTION ( 'NONE',  ( -0.000000000000000000, -0.000000000000000000, -1.000000000000000000 ) ) ;
#166 = DIRECTION ( 'NONE',  ( -0.000000000000000000, -0.000000000000000000, -1.000000000000000000 ) ) ;
#167 = ORIENTED_EDGE ( 'NONE', *, *, #2339, .T. ) ;
#168 = ORIENTED_EDGE ( 'NONE', *, *, #1022, .F. ) ;
#169 = DIRECTION ( 'NONE',  ( -0.6427876096865433597, -0.7660444431189745718, 0.000000000000000000 ) ) ;
#170 = LINE ( 'NONE', #404, #824 ) ;
#171 = DIRECTION ( 'NONE',  ( 0.000000000000000000, 0.000000000000000000, -1.000000000000000000 ) ) ;
#172 = EDGE_CURVE ( 'NONE', #2996, #2080, #1943, .T. ) ;
#173 = DIRECTION ( 'NONE',  ( 1.000000000000000000, 0.000000000000000000, 0.000000000000000000 ) ) ;
#174 = VERTEX_POINT ( 'NONE', #2477 ) ;
#175 = DATE_AND_TIME ( #2089, #968 ) ;
#176 = CARTESIAN_POINT ( 'NONE',  ( 540.0229908289496734, 366.9156105377654740, -15.50000000000004086 ) ) ;
#177 = LINE ( 'NONE', #198, #1801 ) ;
#178 = VECTOR ( 'NONE', #1579, 1000.000000000000000 ) ;
#179 = CARTESIAN_POINT ( 'NONE',  ( 497.9370932688833591, 294.1230760041622716, -19.25000000000004263 ) ) ;
#180 = EDGE_CURVE ( 'NONE', #1596, #1576, #2426, .T. ) ;
#181 = AXIS2_PLACEMENT_3D ( 'NONE', #1442, #1192, #2630 ) ;
#182 = EDGE_LOOP ( 'NONE', ( #564, #1733, #1456, #2546 ) ) ;
#183 = VECTOR ( 'NONE', #2130, 1000.000000000000000 ) ;
#184 = ORIENTED_EDGE ( 'NONE', *, *, #2488, .F. ) ;
#185 = CARTESIAN_POINT ( 'NONE',  ( 556.7708244657903833, 313.3580115925323071, -34.00000000000004263 ) ) ;
#186 = AXIS2_PLACEMENT_3D ( 'NONE', #1961, #1517, #1219 ) ;
#187 = VECTOR ( 'NONE', #1273, 1000.000000000000000 ) ;
#188 = VECTOR ( 'NONE', #2736, 1000.000000000000000 ) ;
#189 = CARTESIAN_POINT ( 'NONE',  ( 570.8622693889246875, 364.2982202168839194, -15.50000000000003908 ) ) ;
#190 = DIRECTION ( 'NONE',  ( -1.000000000000000000, -4.625929269271489858E-16, 0.000000000000000000 ) ) ;
#191 = AXIS2_PLACEMENT_3D ( 'NONE', #2337, #1172, #3055 ) ;
#192 = EDGE_CURVE ( 'NONE', #1295, #1231, #793, .T. ) ;
#193 = EDGE_CURVE ( 'NONE', #259, #212, #2185, .T. ) ;
#194 = CARTESIAN_POINT ( 'NONE',  ( 482.9435253070262775, 297.3730760041622148, 12.74999999999996270 ) ) ;
#195 = ORIENTED_EDGE ( 'NONE', *, *, #3014, .F. ) ;
#196 = VERTEX_POINT ( 'NONE', #1471 ) ;
#197 = CARTESIAN_POINT ( 'NONE',  ( 490.6827992885719709, 297.1230760041622716, 28.74999999999996092 ) ) ;
#198 = CARTESIAN_POINT ( 'NONE',  ( 482.9435253070262775, 297.3730760041622148, 28.74999999999996092 ) ) ;
#199 = LINE ( 'NONE', #1148, #1457 ) ;
#200 = ORIENTED_EDGE ( 'NONE', *, *, #2902, .T. ) ;
#201 = PLANE ( 'NONE',  #579 ) ;
#202 = CARTESIAN_POINT ( 'NONE',  ( 563.8622693889246875, 364.2982202168839194, -12.50000000000003908 ) ) ;
#203 = LINE ( 'NONE', #2083, #2149 ) ;
#204 = CARTESIAN_POINT ( 'NONE',  ( 482.9435253070262775, 296.8730760041622148, -28.75000000000004263 ) ) ;
#205 = ORIENTED_EDGE ( 'NONE', *, *, #1041, .T. ) ;
#206 = APPROVAL_STATUS ( 'not_yet_approved' ) ;
#207 = LINE ( 'NONE', #221, #2359 ) ;
#208 = CYLINDRICAL_SURFACE ( 'NONE', #691, 7.000000000000006217 ) ;
#209 = CARTESIAN_POINT ( 'NONE',  ( 518.8397970230198553, 323.5236022631673336, 37.49999999999996447 ) ) ;
#210 = EDGE_LOOP ( 'NONE', ( #2802, #1614, #1584, #504, #602, #1216, #1297 ) ) ;
#211 = EDGE_CURVE ( 'NONE', #2899, #2244, #333, .T. ) ;
#212 = VERTEX_POINT ( 'NONE', #993 ) ;
#213 = CARTESIAN_POINT ( 'NONE',  ( 490.6827992885719709, 297.1230760041622716, -37.50000000000004263 ) ) ;
#214 = DIRECTION ( 'NONE',  ( 0.000000000000000000, 0.000000000000000000, -1.000000000000000000 ) ) ;
#215 = CARTESIAN_POINT ( 'NONE',  ( 478.6220505243222760, 353.8644377833080057, -12.50000000000003908 ) ) ;
#216 = EDGE_CURVE ( 'NONE', #1778, #2670, #1929, .T. ) ;
#217 = ADVANCED_FACE ( 'NONE', ( #2923 ), #2238, .F. ) ;
#218 = ADVANCED_FACE ( 'NONE', ( #1271 ), #2439, .T. ) ;
#219 = DIRECTION ( 'NONE',  ( -0.9835928335641610509, 0.1804027099608666029, 0.000000000000000000 ) ) ;
#220 = ORIENTED_EDGE ( 'NONE', *, *, #986, .F. ) ;
#221 = CARTESIAN_POINT ( 'NONE',  ( 560.8622693889246875, 364.2982202168839194, -37.50000000000004263 ) ) ;
#222 = FACE_OUTER_BOUND ( 'NONE', #1912, .T. ) ;
#223 = DIRECTION ( 'NONE',  ( -0.6427876096865434707, -0.7660444431189745718, 0.000000000000000000 ) ) ;
#224 = CC_DESIGN_PERSON_AND_ORGANIZATION_ASSIGNMENT ( #1042, #1004, ( #1820 ) ) ;
#225 = PRODUCT ( 'bucket_XCGM_V01_0.1_Default_sldprt', 'bucket_XCGM_V01_0.1_Default_sldprt', '', ( #577 ) ) ;
#226 = CARTESIAN_POINT ( 'NONE',  ( 569.8622693889246875, 364.2982202168839194, 9.249999999999960920 ) ) ;
#227 = CIRCLE ( 'NONE', #1452, 10.00000000000000888 ) ;
#228 = CARTESIAN_POINT ( 'NONE',  ( 497.9370932688833591, 298.6127299692428778, 28.74999999999996092 ) ) ;
#229 = ORIENTED_EDGE ( 'NONE', *, *, #2386, .F. ) ;
#230 = ORIENTED_EDGE ( 'NONE', *, *, #136, .T. ) ;
#231 = AXIS2_PLACEMENT_3D ( 'NONE', #213, #1625, #2571 ) ;
#232 = CARTESIAN_POINT ( 'NONE',  ( 478.6220505243222760, 353.8644377833080057, 37.49999999999996447 ) ) ;
#233 = AXIS2_PLACEMENT_3D ( 'NONE', #411, #2791, #1810 ) ;
#234 = CARTESIAN_POINT ( 'NONE',  ( 497.9370932688832454, 297.1230760041622716, 28.74999999999996092 ) ) ;
#235 = AXIS2_PLACEMENT_3D ( 'NONE', #2861, #729, #1666 ) ;
#236 = SECURITY_CLASSIFICATION ( '', '', #1551 ) ;
#237 = VECTOR ( 'NONE', #1858, 1000.000000000000000 ) ;
#238 = CARTESIAN_POINT ( 'NONE',  ( 532.3842930868099756, 359.4929644145188377, 37.49999999999996447 ) ) ;
#239 = FACE_OUTER_BOUND ( 'NONE', #1967, .T. ) ;
#240 = LINE ( 'NONE', #456, #568 ) ;
#241 = CARTESIAN_POINT ( 'NONE',  ( 497.9370932688832454, 297.1230760041622716, 37.49999999999996447 ) ) ;
#242 = EDGE_LOOP ( 'NONE', ( #2438, #394, #1932, #2994 ) ) ;
#243 = DIRECTION ( 'NONE',  ( -0.000000000000000000, -0.000000000000000000, -1.000000000000000000 ) ) ;
#244 = CYLINDRICAL_SURFACE ( 'NONE', #521, 6.000000000000005329 ) ;
#245 = VERTEX_POINT ( 'NONE', #315 ) ;
#246 = EDGE_CURVE ( 'NONE', #306, #936, #2892, .T. ) ;
#247 = DIRECTION ( 'NONE',  ( 1.000000000000000000, 0.000000000000000000, 0.000000000000000000 ) ) ;
#248 = CARTESIAN_POINT ( 'NONE',  ( 515.7671445678416831, 291.0342890292347420, 37.49999999999996447 ) ) ;
#249 = LINE ( 'NONE', #1143, #183 ) ;
#250 = CARTESIAN_POINT ( 'NONE',  ( 497.9370932688832454, 300.1230760041622148, 12.74999999999996270 ) ) ;
#251 = DIRECTION ( 'NONE',  ( -0.000000000000000000, -0.000000000000000000, -1.000000000000000000 ) ) ;
#252 = PLANE ( 'NONE',  #2108 ) ;
#253 = EDGE_CURVE ( 'NONE', #2818, #2733, #1251, .T. ) ;
#254 = ORIENTED_EDGE ( 'NONE', *, *, #2838, .T. ) ;
#255 = CARTESIAN_POINT ( 'NONE',  ( 497.9370932688832454, 300.1230760041622148, -12.75000000000003908 ) ) ;
#256 = ADVANCED_FACE ( 'NONE', ( #2688 ), #559, .F. ) ;
#257 = CYLINDRICAL_SURFACE ( 'NONE', #181, 26.00000000000002132 ) ;
#258 = ORIENTED_EDGE ( 'NONE', *, *, #2515, .T. ) ;
#259 = VERTEX_POINT ( 'NONE', #1980 ) ;
#260 = DIRECTION ( 'NONE',  ( -0.000000000000000000, -0.000000000000000000, 1.000000000000000000 ) ) ;
#261 = LINE ( 'NONE', #462, #724 ) ;
#262 = VERTEX_POINT ( 'NONE', #1058 ) ;
#263 = FACE_OUTER_BOUND ( 'NONE', #2431, .T. ) ;
#264 = CARTESIAN_POINT ( 'NONE',  ( 497.9370932688832454, 300.1230760041622148, 35.24999999999996447 ) ) ;
#265 = PLANE ( 'NONE',  #717 ) ;
#266 = LINE ( 'NONE', #49, #2610 ) ;
#267 = CARTESIAN_POINT ( 'NONE',  ( 497.9370932688832454, 297.1230760041622716, 3.249999999999961364 ) ) ;
#268 = CARTESIAN_POINT ( 'NONE',  ( 497.9370932688832454, 297.1230760041622716, 28.74999999999996092 ) ) ;
#269 = ORIENTED_EDGE ( 'NONE', *, *, #578, .T. ) ;
#270 = ORIENTED_EDGE ( 'NONE', *, *, #1785, .T. ) ;
#271 = DIRECTION ( 'NONE',  ( -0.000000000000000000, -0.000000000000000000, -1.000000000000000000 ) ) ;
#272 = PRODUCT_DEFINITION_SHAPE ( 'NONE', 'NONE',  #1820 ) ;
#273 = AXIS2_PLACEMENT_3D ( 'NONE', #3066, #990, #2905 ) ;
#274 = CIRCLE ( 'NONE', #1317, 26.00000000000002132 ) ;
#275 = AXIS2_PLACEMENT_3D ( 'NONE', #1860, #2352, #1008 ) ;
#276 = ORIENTED_EDGE ( 'NONE', *, *, #308, .F. ) ;
#277 = LINE ( 'NONE', #1513, #326 ) ;
#278 = CIRCLE ( 'NONE', #1319, 7.000000000000006217 ) ;
#279 = AXIS2_PLACEMENT_3D ( 'NONE', #118, #1305, #1714 ) ;
#280 = EDGE_CURVE ( 'NONE', #1730, #1384, #1995, .T. ) ;
#281 = AXIS2_PLACEMENT_3D ( 'NONE', #2326, #2351, #1343 ) ;
#282 = AXIS2_PLACEMENT_3D ( 'NONE', #267, #2392, #3049 ) ;
#283 = FACE_BOUND ( 'NONE', #1061, .T. ) ;
#284 = FACE_OUTER_BOUND ( 'NONE', #210, .T. ) ;
#285 = CARTESIAN_POINT ( 'NONE',  ( 497.9370932688832454, 300.1230760041622148, 19.24999999999996092 ) ) ;
#286 = ORIENTED_EDGE ( 'NONE', *, *, #758, .F. ) ;
#287 = PLANE ( 'NONE',  #282 ) ;
#288 = LINE ( 'NONE', #1903, #2954 ) ;
#289 = ORIENTED_EDGE ( 'NONE', *, *, #27, .F. ) ;
#290 = EDGE_LOOP ( 'NONE', ( #1575, #2398, #2407, #2635 ) ) ;
#291 = DIRECTION ( 'NONE',  ( 1.000000000000000000, 0.000000000000000000, -0.000000000000000000 ) ) ;
#292 = ORIENTED_EDGE ( 'NONE', *, *, #1823, .F. ) ;
#293 = ORIENTED_EDGE ( 'NONE', *, *, #927, .T. ) ;
#294 = DIRECTION ( 'NONE',  ( -1.000000000000000000, 0.000000000000000000, 0.000000000000000000 ) ) ;
#295 = CARTESIAN_POINT ( 'NONE',  ( 540.1871251762021302, 372.4672861334084928, 15.49999999999996092 ) ) ;
#296 = CARTESIAN_POINT ( 'NONE',  ( 556.5768399660684054, 361.9907064119708480, 37.49999999999996447 ) ) ;
#297 = CARTESIAN_POINT ( 'NONE',  ( 543.1871251762021302, 372.4672861334084928, -37.50000000000004263 ) ) ;
#298 = DIRECTION ( 'NONE',  ( -0.000000000000000000, -0.000000000000000000, 1.000000000000000000 ) ) ;
#299 = CARTESIAN_POINT ( 'NONE',  ( 496.6871251762024144, 297.1230760041622716, -12.75000000000003375 ) ) ;
#300 = EDGE_CURVE ( 'NONE', #2982, #1765, #367, .T. ) ;
#301 = VERTEX_POINT ( 'NONE', #2075 ) ;
#302 = ORIENTED_EDGE ( 'NONE', *, *, #2921, .F. ) ;
#303 = LINE ( 'NONE', #2396, #3020 ) ;
#304 = ORIENTED_EDGE ( 'NONE', *, *, #2157, .F. ) ;
#305 = ORIENTED_EDGE ( 'NONE', *, *, #2446, .F. ) ;
#306 = VERTEX_POINT ( 'NONE', #2536 ) ;
#307 = CARTESIAN_POINT ( 'NONE',  ( 551.5203941082139636, 366.4595721928116063, -34.00000000000004263 ) ) ;
#308 = EDGE_CURVE ( 'NONE', #1207, #81, #386, .T. ) ;
#309 = EDGE_CURVE ( 'NONE', #2751, #390, #2273, .T. ) ;
#310 = EDGE_CURVE ( 'NONE', #1765, #1825, #2776, .T. ) ;
#311 = DIRECTION ( 'NONE',  ( -1.000000000000000000, 0.000000000000000000, 0.000000000000000000 ) ) ;
#312 = CARTESIAN_POINT ( 'NONE',  ( 545.6054622321162242, 376.8991732651514326, -15.50000000000003908 ) ) ;
#313 = LINE ( 'NONE', #2251, #2414 ) ;
#314 = ORIENTED_EDGE ( 'NONE', *, *, #1814, .F. ) ;
#315 = CARTESIAN_POINT ( 'NONE',  ( 563.7275240965377634, 318.0509779275960796, -37.50000000000004263 ) ) ;
#316 = CARTESIAN_POINT ( 'NONE',  ( 563.8622693889246875, 364.2982202168839194, 12.49999999999996270 ) ) ;
#317 = CARTESIAN_POINT ( 'NONE',  ( 496.6871251762024144, 297.1230760041622716, 35.24999999999996447 ) ) ;
#318 = EDGE_CURVE ( 'NONE', #2670, #1231, #421, .T. ) ;
#319 = ORIENTED_EDGE ( 'NONE', *, *, #180, .F. ) ;
#320 = ORIENTED_EDGE ( 'NONE', *, *, #2995, .T. ) ;
#321 = DIRECTION ( 'NONE',  ( -0.9835928335641609399, -0.1804027099608671025, 0.000000000000000000 ) ) ;
#322 = ORIENTED_EDGE ( 'NONE', *, *, #1837, .F. ) ;
#323 = ORIENTED_EDGE ( 'NONE', *, *, #1540, .F. ) ;
#324 = AXIS2_PLACEMENT_3D ( 'NONE', #1895, #2122, #974 ) ;
#325 = DIRECTION ( 'NONE',  ( 0.1804027099608671303, -0.9835928335641610509, 0.000000000000000000 ) ) ;
#326 = VECTOR ( 'NONE', #110, 1000.000000000000000 ) ;
#327 = VECTOR ( 'NONE', #2777, 1000.000000000000000 ) ;
#328 = LINE ( 'NONE', #2638, #2408 ) ;
#329 = DIRECTION ( 'NONE',  ( -1.000000000000000000, 0.000000000000000000, 0.000000000000000000 ) ) ;
#330 = AXIS2_PLACEMENT_3D ( 'NONE', #248, #2853, #725 ) ;
#331 = APPLICATION_PROTOCOL_DEFINITION ( 'international standard', 'config_control_design', 1994, #505 ) ;
#332 = AXIS2_PLACEMENT_3D ( 'NONE', #1926, #788, #47 ) ;
#333 = CIRCLE ( 'NONE', #2013, 10.00000000000000888 ) ;
#334 = DIRECTION ( 'NONE',  ( -0.2358829884091472318, -0.9717814650317065928, 0.000000000000000000 ) ) ;
#335 = FACE_BOUND ( 'NONE', #1487, .T. ) ;
#336 = VECTOR ( 'NONE', #738, 1000.000000000000000 ) ;
#337 = CARTESIAN_POINT ( 'NONE',  ( 563.8622693889246875, 364.2982202168839194, -9.250000000000039080 ) ) ;
#338 = ORIENTED_EDGE ( 'NONE', *, *, #159, .T. ) ;
#339 = ORIENTED_EDGE ( 'NONE', *, *, #1400, .T. ) ;
#340 = VERTEX_POINT ( 'NONE', #841 ) ;
#341 = LINE ( 'NONE', #1048, #2865 ) ;
#342 = ORIENTED_EDGE ( 'NONE', *, *, #2902, .F. ) ;
#343 = ORIENTED_EDGE ( 'NONE', *, *, #1198, .F. ) ;
#344 = ADVANCED_FACE ( 'NONE', ( #1775 ), #2298, .F. ) ;
#345 = EDGE_LOOP ( 'NONE', ( #901, #982, #355, #1382 ) ) ;
#346 = DIRECTION ( 'NONE',  ( 0.000000000000000000, 0.000000000000000000, 1.000000000000000000 ) ) ;
#347 = DIRECTION ( 'NONE',  ( -0.000000000000000000, -0.000000000000000000, -1.000000000000000000 ) ) ;
#348 = CARTESIAN_POINT ( 'NONE',  ( 494.2062823566398038, 294.1665226612870470, -37.50000000000004263 ) ) ;
#349 = COORDINATED_UNIVERSAL_TIME_OFFSET ( 8, 0, .AHEAD. ) ;
#350 = ORIENTED_EDGE ( 'NONE', *, *, #866, .F. ) ;
#351 = CARTESIAN_POINT ( 'NONE',  ( 497.9370932688832454, 297.1230760041622716, -3.250000000000039524 ) ) ;
#352 = DIRECTION ( 'NONE',  ( -1.000000000000000000, 0.000000000000000000, 0.000000000000000000 ) ) ;
#353 = LINE ( 'NONE', #2459, #678 ) ;
#354 = ADVANCED_FACE ( 'NONE', ( #1552 ), #640, .F. ) ;
#355 = ORIENTED_EDGE ( 'NONE', *, *, #1935, .F. ) ;
#356 = ADVANCED_FACE ( 'NONE', ( #1592 ), #871, .T. ) ;
#357 = EDGE_LOOP ( 'NONE', ( #2103, #1082, #1968, #708 ) ) ;
#358 = LINE ( 'NONE', #1309, #1023 ) ;
#359 = EDGE_LOOP ( 'NONE', ( #2257, #799 ) ) ;
#360 = ORIENTED_EDGE ( 'NONE', *, *, #192, .F. ) ;
#361 = ORIENTED_EDGE ( 'NONE', *, *, #151, .T. ) ;
#362 = DIRECTION ( 'NONE',  ( -0.9961406563796340041, -0.08777125217035475213, 0.000000000000000000 ) ) ;
#363 = UNCERTAINTY_MEASURE_WITH_UNIT (LENGTH_MEASURE( 1.000000000000000082E-05 ), #2675, 'distance_accuracy_value', 'NONE');
#364 = DIRECTION ( 'NONE',  ( -0.9835928335641609399, -0.1804027099608671025, 0.000000000000000000 ) ) ;
#365 = APPROVAL_ROLE ( '' ) ;
#366 = ORIENTED_EDGE ( 'NONE', *, *, #1543, .T. ) ;
#367 = LINE ( 'NONE', #2978, #3058 ) ;
#368 = CARTESIAN_POINT ( 'NONE',  ( 478.6220505243222760, 353.8644377833080057, 37.49999999999996447 ) ) ;
#369 = CYLINDRICAL_SURFACE ( 'NONE', #1901, 10.00000000000000888 ) ;
#370 = ORIENTED_EDGE ( 'NONE', *, *, #2224, .F. ) ;
#371 = ORIENTED_EDGE ( 'NONE', *, *, #437, .F. ) ;
#372 = PLANE ( 'NONE',  #143 ) ;
#373 = ORIENTED_EDGE ( 'NONE', *, *, #1543, .F. ) ;
#374 = EDGE_CURVE ( 'NONE', #2137, #1825, #1364, .T. ) ;
#375 = LINE ( 'NONE', #1563, #2766 ) ;
#376 = VECTOR ( 'NONE', #2973, 1000.000000000000114 ) ;
#377 = DIRECTION ( 'NONE',  ( -1.000000000000000000, 0.000000000000000000, 0.000000000000000000 ) ) ;
#378 = CIRCLE ( 'NONE', #2201, 45.00000000000004263 ) ;
#379 = ADVANCED_FACE ( 'NONE', ( #854 ), #1789, .F. ) ;
#380 = AXIS2_PLACEMENT_3D ( 'NONE', #316, #842, #352 ) ;
#381 = EDGE_CURVE ( 'NONE', #1906, #1295, #2063, .T. ) ;
#382 = CARTESIAN_POINT ( 'NONE',  ( 547.3067127850209772, 358.2404074842581281, 37.49999999999996447 ) ) ;
#383 = CIRCLE ( 'NONE', #1318, 3.000000000000002665 ) ;
#384 = CARTESIAN_POINT ( 'NONE',  ( 482.9435253070262775, 296.8730760041622148, 28.74999999999996092 ) ) ;
#385 = DIRECTION ( 'NONE',  ( -0.000000000000000000, -0.000000000000000000, 1.000000000000000000 ) ) ;
#386 = CIRCLE ( 'NONE', #1363, 30.00000000000002842 ) ;
#387 = VECTOR ( 'NONE', #933, 1000.000000000000114 ) ;
#388 = EDGE_CURVE ( 'NONE', #2242, #1985, #625, .T. ) ;
#389 = APPROVAL_PERSON_ORGANIZATION ( #1269, #2188, #2952 ) ;
#390 = VERTEX_POINT ( 'NONE', #1580 ) ;
#391 = VECTOR ( 'NONE', #2588, 1000.000000000000114 ) ;
#392 = ORIENTED_EDGE ( 'NONE', *, *, #1006, .F. ) ;
#393 = CARTESIAN_POINT ( 'NONE',  ( 497.9370932688832454, 300.1230760041622148, -35.25000000000004263 ) ) ;
#394 = ORIENTED_EDGE ( 'NONE', *, *, #2866, .F. ) ;
#395 = CARTESIAN_POINT ( 'NONE',  ( 482.9435253070262775, 297.3730760041622148, -12.75000000000003908 ) ) ;
#396 = CYLINDRICAL_SURFACE ( 'NONE', #2953, 3.000000000000002665 ) ;
#397 = DIRECTION ( 'NONE',  ( 1.000000000000000000, 0.000000000000000000, 0.000000000000000000 ) ) ;
#398 = CARTESIAN_POINT ( 'NONE',  ( 497.9370932688832454, 300.1230760041622148, 35.24999999999996447 ) ) ;
#399 = CARTESIAN_POINT ( 'NONE',  ( 497.9370932688833591, 294.1230760041622716, 35.24999999999996447 ) ) ;
#400 = VERTEX_POINT ( 'NONE', #176 ) ;
#401 = EDGE_LOOP ( 'NONE', ( #2334, #72, #2793, #1999, #148, #1606, #549, #67, #361, #2694, #1544 ) ) ;
#402 = LINE ( 'NONE', #1341, #2566 ) ;
#403 = EDGE_CURVE ( 'NONE', #748, #120, #667, .T. ) ;
#404 = CARTESIAN_POINT ( 'NONE',  ( 497.9457746229683153, 298.6230760041622716, 37.49999999999996447 ) ) ;
#405 = CARTESIAN_POINT ( 'NONE',  ( 533.7877804354393447, 362.6903888011037793, 37.49999999999996447 ) ) ;
#406 = ADVANCED_FACE ( 'NONE', ( #3023 ), #1336, .F. ) ;
#407 = CARTESIAN_POINT ( 'NONE',  ( 490.6827992885719709, 297.1230760041622716, -35.25000000000004263 ) ) ;
#408 = VERTEX_POINT ( 'NONE', #1608 ) ;
#409 = DIRECTION ( 'NONE',  ( 0.000000000000000000, 0.000000000000000000, 1.000000000000000000 ) ) ;
#410 = CARTESIAN_POINT ( 'NONE',  ( 532.3842930868099756, 359.4929644145188377, -37.50000000000004263 ) ) ;
#411 = CARTESIAN_POINT ( 'NONE',  ( 478.6220505243222760, 353.8644377833080057, 37.49999999999996447 ) ) ;
#412 = ORIENTED_EDGE ( 'NONE', *, *, #1091, .F. ) ;
#413 = ORIENTED_EDGE ( 'NONE', *, *, #126, .T. ) ;
#414 = DIRECTION ( 'NONE',  ( 0.2358829884091472318, 0.9717814650317067038, 0.000000000000000000 ) ) ;
#415 = EDGE_CURVE ( 'NONE', #540, #3072, #2105, .T. ) ;
#416 = EDGE_CURVE ( 'NONE', #720, #2734, #3033, .T. ) ;
#417 = DIRECTION ( 'NONE',  ( -0.000000000000000000, -0.000000000000000000, -1.000000000000000000 ) ) ;
#418 = CARTESIAN_POINT ( 'NONE',  ( 563.8622693889246875, 364.2982202168839194, 9.249999999999960920 ) ) ;
#419 = CARTESIAN_POINT ( 'NONE',  ( 497.9370932688832454, 298.6127299692428778, 37.49999999999996447 ) ) ;
#420 = VERTEX_POINT ( 'NONE', #1078 ) ;
#421 = LINE ( 'NONE', #612, #140 ) ;
#422 = FACE_OUTER_BOUND ( 'NONE', #2535, .T. ) ;
#423 = AXIS2_PLACEMENT_3D ( 'NONE', #1074, #3021, #1817 ) ;
#424 = CARTESIAN_POINT ( 'NONE',  ( 562.6493793798367733, 371.1923407427997859, 15.49999999999996092 ) ) ;
#425 = AXIS2_PLACEMENT_3D ( 'NONE', #1930, #718, #2868 ) ;
#426 = VERTEX_POINT ( 'NONE', #264 ) ;
#427 = AXIS2_PLACEMENT_3D ( 'NONE', #3041, #451, #2796 ) ;
#428 = VERTEX_POINT ( 'NONE', #250 ) ;
#429 = DIRECTION ( 'NONE',  ( -1.000000000000000000, 0.000000000000000000, 0.000000000000000000 ) ) ;
#430 = CIRCLE ( 'NONE', #235, 10.00000000000000888 ) ;
#431 = VECTOR ( 'NONE', #2559, 1000.000000000000000 ) ;
#432 = AXIS2_PLACEMENT_3D ( 'NONE', #2984, #2482, #91 ) ;
#433 = AXIS2_PLACEMENT_3D ( 'NONE', #2184, #2728, #1496 ) ;
#434 = LINE ( 'NONE', #189, #1514 ) ;
#435 = CARTESIAN_POINT ( 'NONE',  ( 497.9370932688832454, 298.6127299692428778, 3.249999999999964473 ) ) ;
#436 = AXIS2_PLACEMENT_3D ( 'NONE', #2823, #1577, #1373 ) ;
#437 = EDGE_CURVE ( 'NONE', #2498, #2455, #207, .T. ) ;
#438 = MANIFOLD_SOLID_BREP ( 'Scale1', #2965 ) ;
#439 = FACE_OUTER_BOUND ( 'NONE', #656, .T. ) ;
#440 = VERTEX_POINT ( 'NONE', #2844 ) ;
#441 = EDGE_CURVE ( 'NONE', #2665, #2967, #2514, .T. ) ;
#442 = LINE ( 'NONE', #973, #918 ) ;
#443 = CARTESIAN_POINT ( 'NONE',  ( 497.9370932688833591, 294.1230760041622716, 19.24999999999996092 ) ) ;
#444 = DIRECTION ( 'NONE',  ( -0.9270127181047534970, -0.3750298927712786834, 0.000000000000000000 ) ) ;
#445 = EDGE_LOOP ( 'NONE', ( #1354, #1969 ) ) ;
#446 = CYLINDRICAL_SURFACE ( 'NONE', #2269, 6.000000000000005329 ) ;
#447 = EDGE_CURVE ( 'NONE', #2851, #428, #3046, .T. ) ;
#448 = EDGE_CURVE ( 'NONE', #1742, #1973, #712, .T. ) ;
#449 = EDGE_CURVE ( 'NONE', #428, #1972, #2625, .T. ) ;
#450 = LINE ( 'NONE', #696, #391 ) ;
#451 = DIRECTION ( 'NONE',  ( -0.000000000000000000, -0.000000000000000000, 1.000000000000000000 ) ) ;
#452 = DIRECTION ( 'NONE',  ( 1.000000000000000000, 0.000000000000000000, -0.000000000000000000 ) ) ;
#453 = ORIENTED_EDGE ( 'NONE', *, *, #3037, .T. ) ;
#454 = ADVANCED_FACE ( 'NONE', ( #930 ), #2, .F. ) ;
#455 = CARTESIAN_POINT ( 'NONE',  ( 496.6871251762024144, 297.1230760041622716, -19.25000000000004263 ) ) ;
#456 = CARTESIAN_POINT ( 'NONE',  ( 490.6827992885719709, 297.1230760041622716, 19.24999999999996092 ) ) ;
#457 = CARTESIAN_POINT ( 'NONE',  ( 563.8622693889246875, 364.2982202168839194, -9.250000000000039080 ) ) ;
#458 = CARTESIAN_POINT ( 'NONE',  ( 496.6871251762024144, 297.1230760041622716, 37.49999999999996447 ) ) ;
#459 = DIRECTION ( 'NONE',  ( -0.9781476007338069101, -0.2079116908177529588, 0.000000000000000000 ) ) ;
#460 = ORIENTED_EDGE ( 'NONE', *, *, #25, .F. ) ;
#461 = DIRECTION ( 'NONE',  ( 0.000000000000000000, 0.000000000000000000, 1.000000000000000000 ) ) ;
#462 = CARTESIAN_POINT ( 'NONE',  ( 494.2062823566398038, 294.1665226612870470, 28.74999999999996092 ) ) ;
#463 = EDGE_CURVE ( 'NONE', #2471, #1313, #442, .T. ) ;
#464 = DIRECTION ( 'NONE',  ( 0.000000000000000000, 0.000000000000000000, 1.000000000000000000 ) ) ;
#465 = VERTEX_POINT ( 'NONE', #1422 ) ;
#466 = DIRECTION ( 'NONE',  ( -0.9835928335641609399, -0.1804027099608671025, 0.000000000000000000 ) ) ;
#467 = CARTESIAN_POINT ( 'NONE',  ( 490.6827992885719709, 297.1230760041622716, 35.24999999999996447 ) ) ;
#468 = DIRECTION ( 'NONE',  ( 1.000000000000000000, 0.000000000000000000, -0.000000000000000000 ) ) ;
#469 = ADVANCED_FACE ( 'NONE', ( #702 ), #1146, .F. ) ;
#470 = VERTEX_POINT ( 'NONE', #2342 ) ;
#471 = DIRECTION ( 'NONE',  ( -0.000000000000000000, 0.000000000000000000, 1.000000000000000000 ) ) ;
#472 = AXIS2_PLACEMENT_3D ( 'NONE', #1200, #1177, #743 ) ;
#473 = FACE_OUTER_BOUND ( 'NONE', #1296, .T. ) ;
#474 = ADVANCED_FACE ( 'NONE', ( #2147 ), #1405, .F. ) ;
#475 = ORIENTED_EDGE ( 'NONE', *, *, #2059, .T. ) ;
#476 = VECTOR ( 'NONE', #2987, 1000.000000000000000 ) ;
#477 = AXIS2_PLACEMENT_3D ( 'NONE', #762, #707, #1681 ) ;
#478 = CARTESIAN_POINT ( 'NONE',  ( 496.6871251762024144, 297.1230760041622716, -37.50000000000004263 ) ) ;
#479 = CIRCLE ( 'NONE', #2960, 45.00000000000004263 ) ;
#480 = CARTESIAN_POINT ( 'NONE',  ( 482.9435253070262775, 296.8730760041622148, -28.75000000000004263 ) ) ;
#481 = VECTOR ( 'NONE', #417, 1000.000000000000000 ) ;
#482 = CIRCLE ( 'NONE', #1170, 3.000000000000002665 ) ;
#483 = PLANE ( 'NONE',  #1208 ) ;
#484 = DIRECTION ( 'NONE',  ( -0.9270127181047534970, -0.3750298927712786834, 0.000000000000000000 ) ) ;
#485 = LINE ( 'NONE', #713, #620 ) ;
#486 = DIRECTION ( 'NONE',  ( 0.000000000000000000, 0.000000000000000000, 1.000000000000000000 ) ) ;
#487 = VERTEX_POINT ( 'NONE', #1621 ) ;
#488 = CARTESIAN_POINT ( 'NONE',  ( 564.6665225174216403, 357.3445753521168058, -12.50000000000003908 ) ) ;
#489 = DIRECTION ( 'NONE',  ( 1.000000000000000000, 0.000000000000000000, 0.000000000000000000 ) ) ;
#490 = ORIENTED_EDGE ( 'NONE', *, *, #924, .F. ) ;
#491 = VERTEX_POINT ( 'NONE', #2830 ) ;
#492 = VERTEX_POINT ( 'NONE', #455 ) ;
#493 = EDGE_CURVE ( 'NONE', #517, #1952, #1187, .T. ) ;
#494 = FACE_OUTER_BOUND ( 'NONE', #2779, .T. ) ;
#495 = DIRECTION ( 'NONE',  ( 0.000000000000000000, 0.000000000000000000, 1.000000000000000000 ) ) ;
#496 = DIRECTION ( 'NONE',  ( 0.000000000000000000, -0.000000000000000000, 1.000000000000000000 ) ) ;
#497 = DIRECTION ( 'NONE',  ( 0.1804027099608666029, 0.9835928335641610509, -0.000000000000000000 ) ) ;
#498 = CARTESIAN_POINT ( 'NONE',  ( 497.9370932688832454, 300.1230760041622148, 28.74999999999996092 ) ) ;
#499 = DIRECTION ( 'NONE',  ( -0.000000000000000000, -0.000000000000000000, -1.000000000000000000 ) ) ;
#500 = ORIENTED_EDGE ( 'NONE', *, *, #608, .F. ) ;
#501 = ORIENTED_EDGE ( 'NONE', *, *, #1787, .T. ) ;
#502 = CARTESIAN_POINT ( 'NONE',  ( 482.9435253070262775, 297.3730760041622148, 19.24999999999996092 ) ) ;
#503 = DIRECTION ( 'NONE',  ( -4.625929269271489858E-16, 1.000000000000000000, -0.000000000000000000 ) ) ;
#504 = ORIENTED_EDGE ( 'NONE', *, *, #2384, .T. ) ;
#505 = APPLICATION_CONTEXT ( 'configuration controlled 3d designs of mechanical parts and assemblies' ) ;
#506 = DIRECTION ( 'NONE',  ( 0.9781476007338069101, 0.2079116908177529588, 0.000000000000000000 ) ) ;
#507 = ADVANCED_FACE ( 'NONE', ( #239 ), #1676, .F. ) ;
#508 = EDGE_CURVE ( 'NONE', #533, #1742, #1863, .T. ) ;
#509 = DIRECTION ( 'NONE',  ( 0.000000000000000000, 1.000000000000000000, 0.000000000000000000 ) ) ;
#510 = CARTESIAN_POINT ( 'NONE',  ( 490.6827992885719709, 297.1230760041622716, 12.74999999999996270 ) ) ;
#511 = CARTESIAN_POINT ( 'NONE',  ( 497.9370932688832454, 297.1230760041622716, -3.250000000000039524 ) ) ;
#512 = DIRECTION ( 'NONE',  ( 0.000000000000000000, -1.000000000000000000, 0.000000000000000000 ) ) ;
#513 = VERTEX_POINT ( 'NONE', #742 ) ;
#514 = CARTESIAN_POINT ( 'NONE',  ( 497.9370932688832454, 300.1230760041622148, -28.75000000000004263 ) ) ;
#515 = CARTESIAN_POINT ( 'NONE',  ( 566.3956512327946484, 337.7202066561644642, 37.49999999999996447 ) ) ;
#516 = VERTEX_POINT ( 'NONE', #2375 ) ;
#517 = VERTEX_POINT ( 'NONE', #2132 ) ;
#518 = VECTOR ( 'NONE', #1025, 1000.000000000000000 ) ;
#519 = DIRECTION ( 'NONE',  ( -0.000000000000000000, -0.000000000000000000, -1.000000000000000000 ) ) ;
#520 = VECTOR ( 'NONE', #2472, 1000.000000000000000 ) ;
#521 = AXIS2_PLACEMENT_3D ( 'NONE', #2849, #2598, #2645 ) ;
#522 = AXIS2_PLACEMENT_3D ( 'NONE', #2826, #2812, #697 ) ;
#523 = CYLINDRICAL_SURFACE ( 'NONE', #1648, 44.99999999999998579 ) ;
#524 = VECTOR ( 'NONE', #2436, 1000.000000000000000 ) ;
#525 = VECTOR ( 'NONE', #512, 1000.000000000000000 ) ;
#526 = CIRCLE ( 'NONE', #1568, 3.000000000000002665 ) ;
#527 = FACE_BOUND ( 'NONE', #1910, .T. ) ;
#528 = DIRECTION ( 'NONE',  ( 0.9835928335641609399, 0.1804027099608671025, 0.000000000000000000 ) ) ;
#529 = ADVANCED_FACE ( 'NONE', ( #33 ), #1176, .F. ) ;
#530 = CARTESIAN_POINT ( 'NONE',  ( 563.8622693889246875, 364.2982202168839194, 9.249999999999960920 ) ) ;
#531 = LINE ( 'NONE', #351, #876 ) ;
#532 = FACE_OUTER_BOUND ( 'NONE', #1109, .T. ) ;
#533 = VERTEX_POINT ( 'NONE', #954 ) ;
#534 = ORIENTED_EDGE ( 'NONE', *, *, #851, .F. ) ;
#535 = EDGE_CURVE ( 'NONE', #400, #1596, #430, .T. ) ;
#536 = CARTESIAN_POINT ( 'NONE',  ( 497.9370932688833591, 294.1230760041622716, -12.75000000000003908 ) ) ;
#537 = ORIENTED_EDGE ( 'NONE', *, *, #2603, .T. ) ;
#538 = ADVANCED_FACE ( 'NONE', ( #527, #283, #1024 ), #111, .F. ) ;
#539 = EDGE_CURVE ( 'NONE', #1830, #604, #572, .T. ) ;
#540 = VERTEX_POINT ( 'NONE', #2919 ) ;
#541 = PLANE ( 'NONE',  #2806 ) ;
#542 = CARTESIAN_POINT ( 'NONE',  ( 497.9370932688832454, 300.1230760041622148, -3.250000000000039524 ) ) ;
#543 = PLANE ( 'NONE',  #1066 ) ;
#544 = EDGE_CURVE ( 'NONE', #604, #2961, #77, .T. ) ;
#545 = LINE ( 'NONE', #1249, #2661 ) ;
#546 = CARTESIAN_POINT ( 'NONE',  ( 496.6871251762024144, 297.1230760041622716, 37.49999999999996447 ) ) ;
#547 = DIRECTION ( 'NONE',  ( 0.9781476007338069101, 0.2079116908177529588, 0.000000000000000000 ) ) ;
#548 = DIRECTION ( 'NONE',  ( -0.000000000000000000, -0.000000000000000000, 1.000000000000000000 ) ) ;
#549 = ORIENTED_EDGE ( 'NONE', *, *, #2595, .T. ) ;
#550 = ORIENTED_EDGE ( 'NONE', *, *, #1600, .F. ) ;
#551 = CARTESIAN_POINT ( 'NONE',  ( 497.9370932688832454, 300.1230760041622148, 28.74999999999996092 ) ) ;
#552 = ORIENTED_EDGE ( 'NONE', *, *, #1270, .F. ) ;
#553 = ORIENTED_EDGE ( 'NONE', *, *, #2576, .T. ) ;
#554 = ORIENTED_EDGE ( 'NONE', *, *, #980, .F. ) ;
#555 = FACE_OUTER_BOUND ( 'NONE', #1331, .T. ) ;
#556 = CARTESIAN_POINT ( 'NONE',  ( 497.9370932688833591, 294.1230760041622716, -3.250000000000039524 ) ) ;
#557 = CARTESIAN_POINT ( 'NONE',  ( 556.5768399660684054, 361.9907064119708480, -12.50000000000003908 ) ) ;
#558 = ORIENTED_EDGE ( 'NONE', *, *, #2976, .F. ) ;
#559 = CYLINDRICAL_SURFACE ( 'NONE', #2463, 30.00000000000002842 ) ;
#560 = CARTESIAN_POINT ( 'NONE',  ( 563.8622693889246875, 364.2982202168839194, -9.250000000000039080 ) ) ;
#561 = DIRECTION ( 'NONE',  ( -0.000000000000000000, 0.000000000000000000, -1.000000000000000000 ) ) ;
#562 = EDGE_CURVE ( 'NONE', #491, #2357, #1566, .T. ) ;
#563 = VERTEX_POINT ( 'NONE', #1039 ) ;
#564 = ORIENTED_EDGE ( 'NONE', *, *, #2116, .F. ) ;
#565 = ORIENTED_EDGE ( 'NONE', *, *, #3067, .T. ) ;
#566 = DIRECTION ( 'NONE',  ( -1.000000000000000000, 0.000000000000000000, 0.000000000000000000 ) ) ;
#567 = ORIENTED_EDGE ( 'NONE', *, *, #924, .T. ) ;
#568 = VECTOR ( 'NONE', #2820, 1000.000000000000000 ) ;
#569 = DIRECTION ( 'NONE',  ( -0.3270274054154094223, 0.9450148549664526554, -0.000000000000000000 ) ) ;
#570 = AXIS2_PLACEMENT_3D ( 'NONE', #1205, #979, #1252 ) ;
#571 = CIRCLE ( 'NONE', #2653, 7.000000000000006217 ) ;
#572 = CIRCLE ( 'NONE', #332, 3.000000000000002665 ) ;
#573 = CYLINDRICAL_SURFACE ( 'NONE', #2008, 7.000000000000006217 ) ;
#574 = LINE ( 'NONE', #348, #959 ) ;
#575 = EDGE_CURVE ( 'NONE', #470, #1730, #820, .T. ) ;
#576 = AXIS2_PLACEMENT_3D ( 'NONE', #2065, #2300, #2034 ) ;
#577 = MECHANICAL_CONTEXT ( 'NONE', #2888, 'mechanical' ) ;
#578 = EDGE_CURVE ( 'NONE', #976, #633, #2402, .T. ) ;
#579 = AXIS2_PLACEMENT_3D ( 'NONE', #2051, #635, #3051 ) ;
#580 = VECTOR ( 'NONE', #2379, 1000.000000000000000 ) ;
#581 = DIRECTION ( 'NONE',  ( 1.000000000000000000, 0.000000000000000000, -0.000000000000000000 ) ) ;
#582 = FACE_OUTER_BOUND ( 'NONE', #1223, .T. ) ;
#583 = VECTOR ( 'NONE', #2805, 1000.000000000000114 ) ;
#584 = CARTESIAN_POINT ( 'NONE',  ( 482.9435253070262775, 296.8730760041622148, 12.74999999999996270 ) ) ;
#585 = ORIENTED_EDGE ( 'NONE', *, *, #2750, .F. ) ;
#586 = ORIENTED_EDGE ( 'NONE', *, *, #988, .F. ) ;
#587 = VERTEX_POINT ( 'NONE', #2423 ) ;
#588 = CARTESIAN_POINT ( 'NONE',  ( 537.4907644560641984, 366.0074379256797101, 15.49999999999996092 ) ) ;
#589 = ORIENTED_EDGE ( 'NONE', *, *, #1942, .T. ) ;
#590 = ORIENTED_EDGE ( 'NONE', *, *, #758, .T. ) ;
#591 = ORIENTED_EDGE ( 'NONE', *, *, #2835, .T. ) ;
#592 = CARTESIAN_POINT ( 'NONE',  ( 482.9435253070262775, 297.3730760041622148, 19.24999999999996092 ) ) ;
#593 = CARTESIAN_POINT ( 'NONE',  ( 482.9435253070262775, 296.8730760041622148, 19.24999999999996092 ) ) ;
#594 = CARTESIAN_POINT ( 'NONE',  ( 496.6871251762024144, 297.1230760041622716, 28.74999999999996092 ) ) ;
#595 = DIRECTION ( 'NONE',  ( -0.000000000000000000, -0.000000000000000000, -1.000000000000000000 ) ) ;
#596 = EDGE_LOOP ( 'NONE', ( #1987, #2553, #2278, #859 ) ) ;
#597 = CARTESIAN_POINT ( 'NONE',  ( 557.8622693889246875, 364.2982202168839194, -9.250000000000039080 ) ) ;
#598 = CARTESIAN_POINT ( 'NONE',  ( 546.4533114917792318, 298.6230760041622716, -34.00000000000004263 ) ) ;
#599 = FACE_OUTER_BOUND ( 'NONE', #2986, .T. ) ;
#600 = ORIENTED_EDGE ( 'NONE', *, *, #2893, .T. ) ;
#601 = ORIENTED_EDGE ( 'NONE', *, *, #694, .T. ) ;
#602 = ORIENTED_EDGE ( 'NONE', *, *, #1848, .T. ) ;
#603 = CARTESIAN_POINT ( 'NONE',  ( 569.8607300588620319, 329.1550970397983633, 15.49999999999996092 ) ) ;
#604 = VERTEX_POINT ( 'NONE', #1002 ) ;
#605 = ORIENTED_EDGE ( 'NONE', *, *, #437, .T. ) ;
#606 = EDGE_LOOP ( 'NONE', ( #2947, #1275, #1443, #1490 ) ) ;
#607 = CARTESIAN_POINT ( 'NONE',  ( 540.1871251762021302, 372.4672861334084928, 12.49999999999996270 ) ) ;
#608 = EDGE_CURVE ( 'NONE', #426, #1719, #1689, .T. ) ;
#609 = LINE ( 'NONE', #2042, #2651 ) ;
#610 = EDGE_CURVE ( 'NONE', #390, #2767, #1736, .T. ) ;
#611 = ORIENTED_EDGE ( 'NONE', *, *, #1890, .T. ) ;
#612 = CARTESIAN_POINT ( 'NONE',  ( 490.6827992885719709, 297.1230760041622716, 35.24999999999996447 ) ) ;
#613 = CARTESIAN_POINT ( 'NONE',  ( 563.8622693889246875, 364.2982202168839194, -15.50000000000003908 ) ) ;
#614 = DIRECTION ( 'NONE',  ( -1.000000000000000000, 0.000000000000000000, 0.000000000000000000 ) ) ;
#615 = ORIENTED_EDGE ( 'NONE', *, *, #1990, .F. ) ;
#616 = ORIENTED_EDGE ( 'NONE', *, *, #2995, .F. ) ;
#617 = DIRECTION ( 'NONE',  ( -0.08777125217035473825, 0.9961406563796338931, 0.000000000000000000 ) ) ;
#618 = ORIENTED_EDGE ( 'NONE', *, *, #2691, .T. ) ;
#619 = CARTESIAN_POINT ( 'NONE',  ( 560.5467087861140953, 340.3761268455260733, -34.00000000000004263 ) ) ;
#620 = VECTOR ( 'NONE', #942, 1000.000000000000000 ) ;
#621 = CARTESIAN_POINT ( 'NONE',  ( 497.9370932688832454, 297.1230760041622716, -28.75000000000004974 ) ) ;
#622 = CIRCLE ( 'NONE', #2856, 6.000000000000005329 ) ;
#623 = VECTOR ( 'NONE', #2045, 1000.000000000000000 ) ;
#624 = ADVANCED_FACE ( 'NONE', ( #2700 ), #573, .T. ) ;
#625 = LINE ( 'NONE', #1570, #875 ) ;
#626 = VECTOR ( 'NONE', #2569, 1000.000000000000000 ) ;
#627 = CARTESIAN_POINT ( 'NONE',  ( 551.5203941082139636, 366.4595721928116063, -34.00000000000004263 ) ) ;
#628 = CARTESIAN_POINT ( 'NONE',  ( 550.6848241205339036, 301.0387605675909413, -37.50000000000004263 ) ) ;
#629 = VECTOR ( 'NONE', #2449, 1000.000000000000000 ) ;
#630 = LOCAL_TIME ( 16, 5, 43.00000000000000000, #2286 ) ;
#631 = ORIENTED_EDGE ( 'NONE', *, *, #1562, .T. ) ;
#632 = VECTOR ( 'NONE', #519, 1000.000000000000000 ) ;
#633 = VERTEX_POINT ( 'NONE', #556 ) ;
#634 = ORIENTED_EDGE ( 'NONE', *, *, #1149, .F. ) ;
#635 = DIRECTION ( 'NONE',  ( -1.000000000000000000, -4.625929269271489858E-16, 0.000000000000000000 ) ) ;
#636 = EDGE_CURVE ( 'NONE', #2228, #1767, #278, .T. ) ;
#637 = DIRECTION ( 'NONE',  ( 0.000000000000000000, 0.000000000000000000, -1.000000000000000000 ) ) ;
#638 = DIRECTION ( 'NONE',  ( 0.000000000000000000, 0.000000000000000000, 1.000000000000000000 ) ) ;
#639 = DATE_AND_TIME ( #2271, #630 ) ;
#640 = PLANE ( 'NONE',  #1699 ) ;
#641 = EDGE_CURVE ( 'NONE', #2529, #2944, #2656, .T. ) ;
#642 = DIRECTION ( 'NONE',  ( -0.000000000000000000, -0.000000000000000000, -1.000000000000000000 ) ) ;
#643 = DIRECTION ( 'NONE',  ( -0.000000000000000000, -0.000000000000000000, -1.000000000000000000 ) ) ;
#644 = ADVANCED_FACE ( 'NONE', ( #1053 ), #2934, .F. ) ;
#645 = ORIENTED_EDGE ( 'NONE', *, *, #1183, .T. ) ;
#646 = ORIENTED_EDGE ( 'NONE', *, *, #128, .F. ) ;
#647 = CARTESIAN_POINT ( 'NONE',  ( 482.9435253070262775, 297.3730760041622148, 3.249999999999961364 ) ) ;
#648 = DIRECTION ( 'NONE',  ( -0.000000000000000000, -0.000000000000000000, 1.000000000000000000 ) ) ;
#649 = DIRECTION ( 'NONE',  ( 0.6084315436571356983, 0.7936063612919159738, 0.000000000000000000 ) ) ;
#650 = DIRECTION ( 'NONE',  ( 1.000000000000000000, 0.000000000000000000, 0.000000000000000000 ) ) ;
#651 = ORIENTED_EDGE ( 'NONE', *, *, #1185, .F. ) ;
#652 = APPROVAL_DATE_TIME ( #175, #2710 ) ;
#653 = DIRECTION ( 'NONE',  ( -0.000000000000000000, -0.000000000000000000, 1.000000000000000000 ) ) ;
#654 = DIRECTION ( 'NONE',  ( -0.000000000000000000, -0.000000000000000000, -1.000000000000000000 ) ) ;
#655 = DIRECTION ( 'NONE',  ( -0.000000000000000000, 0.000000000000000000, -1.000000000000000000 ) ) ;
#656 = EDGE_LOOP ( 'NONE', ( #229, #699 ) ) ;
#657 = ORIENTED_EDGE ( 'NONE', *, *, #1431, .T. ) ;
#658 = CARTESIAN_POINT ( 'NONE',  ( 556.7708244657903833, 313.3580115925323071, -34.00000000000004263 ) ) ;
#659 = EDGE_CURVE ( 'NONE', #120, #996, #1494, .T. ) ;
#660 = EDGE_CURVE ( 'NONE', #2080, #1207, #328, .T. ) ;
#661 = LINE ( 'NONE', #1374, #1705 ) ;
#662 = CARTESIAN_POINT ( 'NONE',  ( 497.9370932688832454, 300.1230760041622148, -12.75000000000003908 ) ) ;
#663 = DIRECTION ( 'NONE',  ( -1.000000000000000000, 0.000000000000000000, 0.000000000000000000 ) ) ;
#664 = ORIENTED_EDGE ( 'NONE', *, *, #2829, .F. ) ;
#665 = VECTOR ( 'NONE', #1468, 1000.000000000000000 ) ;
#666 = ADVANCED_FACE ( 'NONE', ( #61 ), #1937, .F. ) ;
#667 = LINE ( 'NONE', #1348, #2860 ) ;
#668 = EDGE_CURVE ( 'NONE', #813, #2880, #1708, .T. ) ;
#669 = CARTESIAN_POINT ( 'NONE',  ( 532.1962631371208090, 330.5653046830636868, 33.99999999999996447 ) ) ;
#670 = VECTOR ( 'NONE', #3, 1000.000000000000000 ) ;
#671 = ADVANCED_FACE ( 'NONE', ( #97 ), #1385, .F. ) ;
#672 = CARTESIAN_POINT ( 'NONE',  ( 569.8607300588620319, 329.1550970397983633, 37.49999999999996447 ) ) ;
#673 = ORIENTED_EDGE ( 'NONE', *, *, #2451, .T. ) ;
#674 = VECTOR ( 'NONE', #129, 1000.000000000000000 ) ;
#675 = EDGE_LOOP ( 'NONE', ( #338, #1477, #2225, #1703 ) ) ;
#676 = DIRECTION ( 'NONE',  ( -0.000000000000000000, -0.000000000000000000, -1.000000000000000000 ) ) ;
#677 = AXIS2_PLACEMENT_3D ( 'NONE', #805, #1234, #2182 ) ;
#678 = VECTOR ( 'NONE', #1728, 1000.000000000000000 ) ;
#679 = ORIENTED_EDGE ( 'NONE', *, *, #2515, .F. ) ;
#680 = VECTOR ( 'NONE', #2128, 1000.000000000000000 ) ;
#681 = VECTOR ( 'NONE', #1203, 1000.000000000000000 ) ;
#682 = CARTESIAN_POINT ( 'NONE',  ( 560.8622693889246875, 364.2982202168839194, 15.49999999999996092 ) ) ;
#683 = LINE ( 'NONE', #234, #1163 ) ;
#684 = CYLINDRICAL_SURFACE ( 'NONE', #1749, 20.00000000000001776 ) ;
#685 = ORIENTED_EDGE ( 'NONE', *, *, #2417, .F. ) ;
#686 = DIRECTION ( 'NONE',  ( -0.9781476007338055778, -0.2079116908177596201, -0.000000000000000000 ) ) ;
#687 = DIRECTION ( 'NONE',  ( 0.000000000000000000, 0.000000000000000000, 1.000000000000000000 ) ) ;
#688 = CARTESIAN_POINT ( 'NONE',  ( 484.3677970826660726, 352.4490446990618580, -37.50000000000004263 ) ) ;
#689 = ORIENTED_EDGE ( 'NONE', *, *, #2041, .T. ) ;
#690 = DIRECTION ( 'NONE',  ( -0.000000000000000000, 1.000000000000000000, -0.000000000000000000 ) ) ;
#691 = AXIS2_PLACEMENT_3D ( 'NONE', #613, #1553, #2505 ) ;
#692 = LINE ( 'NONE', #658, #1367 ) ;
#693 = EDGE_LOOP ( 'NONE', ( #50, #2002, #1862, #737, #1191, #1169, #616 ) ) ;
#694 = EDGE_CURVE ( 'NONE', #2232, #1049, #1587, .T. ) ;
#695 = ORIENTED_EDGE ( 'NONE', *, *, #136, .F. ) ;
#696 = CARTESIAN_POINT ( 'NONE',  ( 497.9370932688832454, 300.1230760041622148, -28.75000000000004263 ) ) ;
#697 = DIRECTION ( 'NONE',  ( 1.000000000000000000, 0.000000000000000000, 0.000000000000000000 ) ) ;
#698 = DIRECTION ( 'NONE',  ( -0.9835928335641610509, 0.1804027099608666029, 0.000000000000000000 ) ) ;
#699 = ORIENTED_EDGE ( 'NONE', *, *, #2676, .F. ) ;
#700 = EDGE_CURVE ( 'NONE', #996, #2496, #1533, .T. ) ;
#701 = ADVANCED_FACE ( 'NONE', ( #2069 ), #1827, .F. ) ;
#702 = FACE_OUTER_BOUND ( 'NONE', #2882, .T. ) ;
#703 = CARTESIAN_POINT ( 'NONE',  ( 540.1871251762021302, 372.4672861334084928, -15.50000000000003908 ) ) ;
#704 = DIRECTION ( 'NONE',  ( -4.625929269271489858E-16, 1.000000000000000000, -0.000000000000000000 ) ) ;
#705 = VERTEX_POINT ( 'NONE', #3040 ) ;
#706 = LINE ( 'NONE', #734, #681 ) ;
#707 = DIRECTION ( 'NONE',  ( -0.000000000000000000, -0.000000000000000000, 1.000000000000000000 ) ) ;
#708 = ORIENTED_EDGE ( 'NONE', *, *, #759, .T. ) ;
#709 = LINE ( 'NONE', #937, #2715 ) ;
#710 = CARTESIAN_POINT ( 'NONE',  ( 566.8622693889246875, 364.2982202168839194, -37.50000000000004263 ) ) ;
#711 = FACE_OUTER_BOUND ( 'NONE', #3027, .T. ) ;
#712 = LINE ( 'NONE', #1878, #2560 ) ;
#713 = CARTESIAN_POINT ( 'NONE',  ( 497.9370932688832454, 300.1230760041622148, 19.24999999999996092 ) ) ;
#714 = LINE ( 'NONE', #35, #2205 ) ;
#715 = EDGE_CURVE ( 'NONE', #43, #1092, #2522, .T. ) ;
#716 = CARTESIAN_POINT ( 'NONE',  ( 542.1021077371270849, 357.1341345304273887, 37.49999999999996447 ) ) ;
#717 = AXIS2_PLACEMENT_3D ( 'NONE', #48, #1914, #2878 ) ;
#718 = DIRECTION ( 'NONE',  ( 0.000000000000000000, 0.000000000000000000, 1.000000000000000000 ) ) ;
#719 = VECTOR ( 'NONE', #1180, 1000.000000000000000 ) ;
#720 = VERTEX_POINT ( 'NONE', #903 ) ;
#721 = VECTOR ( 'NONE', #2605, 1000.000000000000000 ) ;
#722 = CIRCLE ( 'NONE', #2655, 26.00000000000002132 ) ;
#723 = CARTESIAN_POINT ( 'NONE',  ( 490.6827992885719709, 297.1230760041622716, 3.249999999999958700 ) ) ;
#724 = VECTOR ( 'NONE', #1154, 1000.000000000000114 ) ;
#725 = DIRECTION ( 'NONE',  ( 0.2358829884091472318, 0.9717814650317067038, 0.000000000000000000 ) ) ;
#726 = AXIS2_PLACEMENT_3D ( 'NONE', #1722, #2950, #311 ) ;
#727 = EDGE_CURVE ( 'NONE', #2587, #2996, #170, .T. ) ;
#728 = CARTESIAN_POINT ( 'NONE',  ( 545.6054622321162242, 376.8991732651514326, -12.50000000000003908 ) ) ;
#729 = DIRECTION ( 'NONE',  ( -0.000000000000000000, -0.000000000000000000, 1.000000000000000000 ) ) ;
#730 = CYLINDRICAL_SURFACE ( 'NONE', #324, 7.000000000000006217 ) ;
#731 = CARTESIAN_POINT ( 'NONE',  ( 494.2062823566398038, 294.1665226612870470, 37.49999999999996447 ) ) ;
#732 = VERTEX_POINT ( 'NONE', #1132 ) ;
#733 = EDGE_CURVE ( 'NONE', #262, #1092, #434, .T. ) ;
#734 = CARTESIAN_POINT ( 'NONE',  ( 497.9370932688833591, 294.1230760041622716, -28.75000000000004263 ) ) ;
#735 = ADVANCED_FACE ( 'NONE', ( #1153 ), #1356, .F. ) ;
#736 = DIRECTION ( 'NONE',  ( -0.000000000000000000, -0.000000000000000000, -1.000000000000000000 ) ) ;
#737 = ORIENTED_EDGE ( 'NONE', *, *, #1335, .F. ) ;
#738 = DIRECTION ( 'NONE',  ( 0.9835928335641610509, -0.1804027099608666029, 0.000000000000000000 ) ) ;
#739 = ORIENTED_EDGE ( 'NONE', *, *, #668, .F. ) ;
#740 = FACE_OUTER_BOUND ( 'NONE', #1812, .T. ) ;
#741 = VERTEX_POINT ( 'NONE', #2795 ) ;
#742 = CARTESIAN_POINT ( 'NONE',  ( 497.9370932688833591, 298.6127299692428778, -35.25000000000004263 ) ) ;
#743 = DIRECTION ( 'NONE',  ( 0.9835928335641609399, 0.1804027099608671025, 0.000000000000000000 ) ) ;
#744 = CARTESIAN_POINT ( 'NONE',  ( 482.9435253070262775, 297.3730760041622148, -28.75000000000004263 ) ) ;
#745 = VERTEX_POINT ( 'NONE', #881 ) ;
#746 = ORIENTED_EDGE ( 'NONE', *, *, #2323, .T. ) ;
#747 = DIRECTION ( 'NONE',  ( 0.000000000000000000, -0.000000000000000000, -1.000000000000000000 ) ) ;
#748 = VERTEX_POINT ( 'NONE', #1631 ) ;
#749 = ORIENTED_EDGE ( 'NONE', *, *, #2420, .T. ) ;
#750 = EDGE_LOOP ( 'NONE', ( #1015, #2650, #156, #2246 ) ) ;
#751 = CARTESIAN_POINT ( 'NONE',  ( 497.9370932688832454, 298.6127299692428778, -28.75000000000004974 ) ) ;
#752 = EDGE_CURVE ( 'NONE', #2696, #174, #2294, .T. ) ;
#753 = ORIENTED_EDGE ( 'NONE', *, *, #2421, .T. ) ;
#754 = PLANE ( 'NONE',  #1510 ) ;
#755 = DIRECTION ( 'NONE',  ( 0.5735764363510439390, 0.8191520442889933529, -0.000000000000000000 ) ) ;
#756 = CARTESIAN_POINT ( 'NONE',  ( 497.9370932688832454, 297.1230760041622716, 37.49999999999996447 ) ) ;
#757 = CARTESIAN_POINT ( 'NONE',  ( 497.9370932688832454, 297.1230760041622716, 12.74999999999996270 ) ) ;
#758 = EDGE_CURVE ( 'NONE', #196, #2622, #2726, .T. ) ;
#759 = EDGE_CURVE ( 'NONE', #2961, #783, #1418, .T. ) ;
#760 = DIRECTION ( 'NONE',  ( -0.000000000000000000, -0.000000000000000000, -1.000000000000000000 ) ) ;
#761 = EDGE_CURVE ( 'NONE', #996, #1560, #892, .T. ) ;
#762 = CARTESIAN_POINT ( 'NONE',  ( 540.1871251762021302, 372.4672861334084928, -15.50000000000003908 ) ) ;
#763 = ORIENTED_EDGE ( 'NONE', *, *, #253, .T. ) ;
#764 = AXIS2_PLACEMENT_3D ( 'NONE', #896, #2296, #1550 ) ;
#765 = DIRECTION ( 'NONE',  ( -0.000000000000000000, -0.000000000000000000, -1.000000000000000000 ) ) ;
#766 = VERTEX_POINT ( 'NONE', #2305 ) ;
#767 = VECTOR ( 'NONE', #44, 1000.000000000000114 ) ;
#768 = AXIS2_PLACEMENT_3D ( 'NONE', #2689, #102, #1776 ) ;
#769 = EDGE_CURVE ( 'NONE', #2500, #533, #661, .T. ) ;
#770 = VECTOR ( 'NONE', #643, 1000.000000000000000 ) ;
#771 = ORIENTED_EDGE ( 'NONE', *, *, #2714, .T. ) ;
#772 = CARTESIAN_POINT ( 'NONE',  ( 545.6054622321162242, 376.8991732651514326, 15.49999999999996092 ) ) ;
#773 = AXIS2_PLACEMENT_3D ( 'NONE', #2287, #898, #1105 ) ;
#774 = VECTOR ( 'NONE', #298, 1000.000000000000000 ) ;
#775 = AXIS2_PLACEMENT_3D ( 'NONE', #232, #2082, #1815 ) ;
#776 = DIRECTION ( 'NONE',  ( 1.000000000000000000, 0.000000000000000000, -0.000000000000000000 ) ) ;
#777 = LINE ( 'NONE', #1235, #1892 ) ;
#778 = CARTESIAN_POINT ( 'NONE',  ( 532.1962631371208090, 330.5653046830636868, -34.00000000000004263 ) ) ;
#779 = DIRECTION ( 'NONE',  ( -0.000000000000000000, -0.000000000000000000, 1.000000000000000000 ) ) ;
#780 = FACE_OUTER_BOUND ( 'NONE', #2717, .T. ) ;
#781 = CARTESIAN_POINT ( 'NONE',  ( 518.8397970230198553, 323.5236022631673336, 37.49999999999996447 ) ) ;
#782 = ORIENTED_EDGE ( 'NONE', *, *, #1532, .F. ) ;
#783 = VERTEX_POINT ( 'NONE', #682 ) ;
#784 = CARTESIAN_POINT ( 'NONE',  ( 482.9435253070262775, 296.8730760041622148, 19.24999999999996092 ) ) ;
#785 = ORIENTED_EDGE ( 'NONE', *, *, #2548, .F. ) ;
#786 = EDGE_CURVE ( 'NONE', #1050, #1067, #923, .T. ) ;
#787 = DIRECTION ( 'NONE',  ( 0.9835928335641609399, 0.1804027099608671025, 0.000000000000000000 ) ) ;
#788 = DIRECTION ( 'NONE',  ( 0.000000000000000000, 0.000000000000000000, -1.000000000000000000 ) ) ;
#789 = ADVANCED_FACE ( 'NONE', ( #2574 ), #1111, .F. ) ;
#790 = DIRECTION ( 'NONE',  ( -1.000000000000000000, -4.625929269271489858E-16, 0.000000000000000000 ) ) ;
#791 = LINE ( 'NONE', #2937, #2313 ) ;
#792 = ORIENTED_EDGE ( 'NONE', *, *, #1091, .T. ) ;
#793 = LINE ( 'NONE', #1287, #2516 ) ;
#794 = CYLINDRICAL_SURFACE ( 'NONE', #1162, 7.000000000000006217 ) ;
#795 = CARTESIAN_POINT ( 'NONE',  ( 497.9370932688832454, 297.1230760041622716, 37.49999999999996447 ) ) ;
#796 = ORIENTED_EDGE ( 'NONE', *, *, #1152, .F. ) ;
#797 = ORIENTED_EDGE ( 'NONE', *, *, #2442, .T. ) ;
#798 = LINE ( 'NONE', #1064, #2773 ) ;
#799 = ORIENTED_EDGE ( 'NONE', *, *, #2875, .T. ) ;
#800 = EDGE_CURVE ( 'NONE', #2208, #2737, #450, .T. ) ;
#801 = ORIENTED_EDGE ( 'NONE', *, *, #2119, .F. ) ;
#802 = EDGE_CURVE ( 'NONE', #1526, #301, #2816, .T. ) ;
#803 = DIRECTION ( 'NONE',  ( -0.000000000000000000, -0.000000000000000000, -1.000000000000000000 ) ) ;
#804 = PERSON ( '未', '未', '未', ('未'), ('未'), ('未') ) ;
#805 = CARTESIAN_POINT ( 'NONE',  ( 497.9370932688832454, 297.1230760041622716, -12.75000000000003908 ) ) ;
#806 = CARTESIAN_POINT ( 'NONE',  ( 494.2062823566398038, 294.1665226612870470, -12.75000000000003375 ) ) ;
#807 = CARTESIAN_POINT ( 'NONE',  ( 547.3067127850209772, 358.2404074842581281, 37.49999999999996447 ) ) ;
#808 = DIRECTION ( 'NONE',  ( -0.000000000000000000, -0.000000000000000000, -1.000000000000000000 ) ) ;
#809 = CARTESIAN_POINT ( 'NONE',  ( 494.2062823566398038, 294.1665226612870470, 3.249999999999958700 ) ) ;
#810 = ORIENTED_EDGE ( 'NONE', *, *, #636, .T. ) ;
#811 = ORIENTED_EDGE ( 'NONE', *, *, #3037, .F. ) ;
#812 = LINE ( 'NONE', #603, #86 ) ;
#813 = VERTEX_POINT ( 'NONE', #751 ) ;
#814 = EDGE_LOOP ( 'NONE', ( #1545, #2367, #1254, #969, #862, #339, #2723 ) ) ;
#815 = AXIS2_PLACEMENT_3D ( 'NONE', #883, #638, #377 ) ;
#816 = CARTESIAN_POINT ( 'NONE',  ( 497.9370932688832454, 300.1230760041622148, -19.25000000000004263 ) ) ;
#817 = VECTOR ( 'NONE', #2114, 1000.000000000000000 ) ;
#818 = AXIS2_PLACEMENT_3D ( 'NONE', #1842, #1402, #1675 ) ;
#819 = VECTOR ( 'NONE', #2877, 1000.000000000000000 ) ;
#820 = LINE ( 'NONE', #2234, #2958 ) ;
#821 = CARTESIAN_POINT ( 'NONE',  ( 494.2062823566398038, 294.1665226612870470, -34.00000000000004974 ) ) ;
#822 = CIRCLE ( 'NONE', #137, 20.00000000000001776 ) ;
#823 = DIRECTION ( 'NONE',  ( 1.000000000000000000, 0.000000000000000000, 0.000000000000000000 ) ) ;
#824 = VECTOR ( 'NONE', #214, 1000.000000000000000 ) ;
#825 = CARTESIAN_POINT ( 'NONE',  ( 496.6871251762024144, 297.1230760041622716, 37.49999999999996447 ) ) ;
#826 = PLANE ( 'NONE',  #1070 ) ;
#827 = CIRCLE ( 'NONE', #436, 6.000000000000005329 ) ;
#828 = CARTESIAN_POINT ( 'NONE',  ( 497.9370932688832454, 297.1230760041622716, 35.24999999999996447 ) ) ;
#829 = VERTEX_POINT ( 'NONE', #478 ) ;
#830 = EDGE_CURVE ( 'NONE', #81, #587, #303, .T. ) ;
#831 = ORIENTED_EDGE ( 'NONE', *, *, #761, .T. ) ;
#832 = ORIENTED_EDGE ( 'NONE', *, *, #2876, .F. ) ;
#833 = CARTESIAN_POINT ( 'NONE',  ( 545.6054622321162242, 376.8991732651514326, 12.49999999999996270 ) ) ;
#834 = ORIENTED_EDGE ( 'NONE', *, *, #2725, .F. ) ;
#835 = EDGE_LOOP ( 'NONE', ( #2753, #104, #1734, #3062 ) ) ;
#836 = VERTEX_POINT ( 'NONE', #2191 ) ;
#837 = LINE ( 'NONE', #3000, #2457 ) ;
#838 = DIRECTION ( 'NONE',  ( -0.08777125217035473825, 0.9961406563796338931, 0.000000000000000000 ) ) ;
#839 = APPLICATION_PROTOCOL_DEFINITION ( 'international standard', 'config_control_design', 1994, #2888 ) ;
#840 = EDGE_LOOP ( 'NONE', ( #1595, #276, #792, #2220 ) ) ;
#841 = CARTESIAN_POINT ( 'NONE',  ( 497.9370932688833591, 294.1230760041622716, 28.74999999999996092 ) ) ;
#842 = DIRECTION ( 'NONE',  ( 0.000000000000000000, 0.000000000000000000, -1.000000000000000000 ) ) ;
#843 = FACE_OUTER_BOUND ( 'NONE', #1624, .T. ) ;
#844 = ORIENTED_EDGE ( 'NONE', *, *, #1175, .F. ) ;
#845 = EDGE_LOOP ( 'NONE', ( #1771, #2023, #763, #2037 ) ) ;
#846 = ORIENTED_EDGE ( 'NONE', *, *, #1439, .F. ) ;
#847 = LINE ( 'NONE', #2755, #1077 ) ;
#848 = VERTEX_POINT ( 'NONE', #536 ) ;
#849 = ORIENTED_EDGE ( 'NONE', *, *, #2921, .T. ) ;
#850 = DIRECTION ( 'NONE',  ( -1.000000000000000000, 0.000000000000000000, 0.000000000000000000 ) ) ;
#851 = EDGE_CURVE ( 'NONE', #2080, #1984, #2418, .T. ) ;
#852 = CARTESIAN_POINT ( 'NONE',  ( 497.9370932688832454, 297.1230760041622716, -19.25000000000004263 ) ) ;
#853 = PERSON_AND_ORGANIZATION ( #804, #2564 ) ;
#854 = FACE_OUTER_BOUND ( 'NONE', #693, .T. ) ;
#855 = LINE ( 'NONE', #1380, #327 ) ;
#856 = LINE ( 'NONE', #209, #3015 ) ;
#857 = ADVANCED_FACE ( 'NONE', ( #1242 ), #56, .T. ) ;
#858 = EDGE_CURVE ( 'NONE', #897, #1126, #2852, .T. ) ;
#859 = ORIENTED_EDGE ( 'NONE', *, *, #608, .T. ) ;
#860 = EDGE_CURVE ( 'NONE', #1037, #1126, #1933, .T. ) ;
#861 = ORIENTED_EDGE ( 'NONE', *, *, #1651, .F. ) ;
#862 = ORIENTED_EDGE ( 'NONE', *, *, #952, .T. ) ;
#863 = CARTESIAN_POINT ( 'NONE',  ( 494.2062823566398038, 294.1665226612870470, -35.25000000000004263 ) ) ;
#864 = VERTEX_POINT ( 'NONE', #2633 ) ;
#865 = DIRECTION ( 'NONE',  ( 0.08777125217035473825, -0.9961406563796338931, 0.000000000000000000 ) ) ;
#866 = EDGE_CURVE ( 'NONE', #2415, #2455, #482, .T. ) ;
#867 = AXIS2_PLACEMENT_3D ( 'NONE', #1879, #2831, #1677 ) ;
#868 = LINE ( 'NONE', #2030, #376 ) ;
#869 = VECTOR ( 'NONE', #803, 1000.000000000000000 ) ;
#870 = VECTOR ( 'NONE', #1833, 1000.000000000000114 ) ;
#871 = CYLINDRICAL_SURFACE ( 'NONE', #1124, 10.00000000000000888 ) ;
#872 = VECTOR ( 'NONE', #1662, 1000.000000000000114 ) ;
#873 = FACE_BOUND ( 'NONE', #445, .T. ) ;
#874 = DIRECTION ( 'NONE',  ( 1.000000000000000000, -1.233581138472394929E-15, 0.000000000000000000 ) ) ;
#875 = VECTOR ( 'NONE', #135, 1000.000000000000000 ) ;
#876 = VECTOR ( 'NONE', #84, 1000.000000000000000 ) ;
#877 = EDGE_LOOP ( 'NONE', ( #947, #992, #323, #2314 ) ) ;
#878 = AXIS2_PLACEMENT_3D ( 'NONE', #2211, #107, #1033 ) ;
#879 = EDGE_LOOP ( 'NONE', ( #2840, #1339, #1720, #392, #2720, #1031, #2628, #1881, #2745 ) ) ;
#880 = LINE ( 'NONE', #1813, #1908 ) ;
#881 = CARTESIAN_POINT ( 'NONE',  ( 562.6493793798367733, 371.1923407427997859, -12.50000000000003908 ) ) ;
#882 = LINE ( 'NONE', #1112, #2706 ) ;
#883 = CARTESIAN_POINT ( 'NONE',  ( 540.1871251762021302, 372.4672861334084928, 12.49999999999996270 ) ) ;
#884 = ORIENTED_EDGE ( 'NONE', *, *, #1022, .T. ) ;
#885 = EDGE_CURVE ( 'NONE', #2977, #999, #709, .T. ) ;
#886 = DIRECTION ( 'NONE',  ( -1.000000000000000000, 0.000000000000000000, 0.000000000000000000 ) ) ;
#887 = DIRECTION ( 'NONE',  ( -0.000000000000000000, 0.000000000000000000, -1.000000000000000000 ) ) ;
#888 = DIRECTION ( 'NONE',  ( 1.000000000000000000, 0.000000000000000000, 0.000000000000000000 ) ) ;
#889 = ORIENTED_EDGE ( 'NONE', *, *, #2503, .F. ) ;
#890 = ORIENTED_EDGE ( 'NONE', *, *, #578, .F. ) ;
#891 = CARTESIAN_POINT ( 'NONE',  ( 532.1962631371208090, 330.5653046830636868, 33.99999999999996447 ) ) ;
#892 = LINE ( 'NONE', #593, #237 ) ;
#893 = CARTESIAN_POINT ( 'NONE',  ( 482.9435253070262775, 296.8730760041622148, -12.75000000000003908 ) ) ;
#894 = ADVANCED_FACE ( 'NONE', ( #494 ), #1445, .T. ) ;
#895 = ADVANCED_FACE ( 'NONE', ( #1211 ), #2430, .F. ) ;
#896 = CARTESIAN_POINT ( 'NONE',  ( 563.8622693889246875, 364.2982202168839194, -9.250000000000039080 ) ) ;
#897 = VERTEX_POINT ( 'NONE', #983 ) ;
#898 = DIRECTION ( 'NONE',  ( 0.9717814650317067038, -0.2358829884091472318, 0.000000000000000000 ) ) ;
#899 = LINE ( 'NONE', #2549, #870 ) ;
#900 = FACE_OUTER_BOUND ( 'NONE', #1429, .T. ) ;
#901 = ORIENTED_EDGE ( 'NONE', *, *, #310, .F. ) ;
#902 = CARTESIAN_POINT ( 'NONE',  ( 497.9370932688832454, 300.1230760041622148, -28.75000000000004263 ) ) ;
#903 = CARTESIAN_POINT ( 'NONE',  ( 566.3956512327946484, 337.7202066561644642, -15.50000000000003908 ) ) ;
#904 = CARTESIAN_POINT ( 'NONE',  ( 540.1871251762021302, 372.4672861334084928, 15.49999999999996092 ) ) ;
#905 = CARTESIAN_POINT ( 'NONE',  ( 494.2062823566398038, 294.1665226612870470, 33.99999999999996447 ) ) ;
#906 = VERTEX_POINT ( 'NONE', #1642 ) ;
#907 = APPROVAL_DATE_TIME ( #2788, #1958 ) ;
#908 = VECTOR ( 'NONE', #2935, 1000.000000000000000 ) ;
#909 = DIRECTION ( 'NONE',  ( 0.7660444431189746828, -0.6427876096865434707, 0.000000000000000000 ) ) ;
#910 = DIRECTION ( 'NONE',  ( 1.000000000000000000, 0.000000000000000000, 0.000000000000000000 ) ) ;
#911 = VECTOR ( 'NONE', #2887, 1000.000000000000000 ) ;
#912 = CARTESIAN_POINT ( 'NONE',  ( 482.9435253070262775, 297.3730760041622148, -3.250000000000039524 ) ) ;
#913 = EDGE_CURVE ( 'NONE', #2208, #1026, #1922, .T. ) ;
#914 = AXIS2_PLACEMENT_3D ( 'NONE', #560, #808, #85 ) ;
#915 = CIRCLE ( 'NONE', #2658, 10.00000000000000888 ) ;
#916 = DIRECTION ( 'NONE',  ( 1.000000000000000000, 0.000000000000000000, 0.000000000000000000 ) ) ;
#917 = DIRECTION ( 'NONE',  ( -1.000000000000000000, 0.000000000000000000, 0.000000000000000000 ) ) ;
#918 = VECTOR ( 'NONE', #1894, 1000.000000000000000 ) ;
#919 = VECTOR ( 'NONE', #2584, 1000.000000000000000 ) ;
#920 = AXIS2_PLACEMENT_3D ( 'NONE', #778, #132, #823 ) ;
#921 = ORIENTED_EDGE ( 'NONE', *, *, #1598, .F. ) ;
#922 = EDGE_CURVE ( 'NONE', #465, #1050, #2310, .T. ) ;
#923 = CIRCLE ( 'NONE', #281, 26.00000000000002132 ) ;
#924 = EDGE_CURVE ( 'NONE', #2498, #732, #526, .T. ) ;
#925 = DIRECTION ( 'NONE',  ( 1.000000000000000000, 0.000000000000000000, 0.000000000000000000 ) ) ;
#926 = DIRECTION ( 'NONE',  ( -0.000000000000000000, -0.000000000000000000, 1.000000000000000000 ) ) ;
#927 = EDGE_CURVE ( 'NONE', #1906, #9, #1195, .T. ) ;
#928 = FACE_OUTER_BOUND ( 'NONE', #1512, .T. ) ;
#929 = ORIENTED_EDGE ( 'NONE', *, *, #1870, .T. ) ;
#930 = FACE_OUTER_BOUND ( 'NONE', #2135, .T. ) ;
#931 = CARTESIAN_POINT ( 'NONE',  ( 545.2275958768433384, 368.0218834915961565, 37.49999999999996447 ) ) ;
#932 = PLANE ( 'NONE',  #2410 ) ;
#933 = DIRECTION ( 'NONE',  ( 0.9781476007338069101, 0.2079116908177529588, 0.000000000000000000 ) ) ;
#934 = DIRECTION ( 'NONE',  ( 4.625929269271489858E-16, -1.000000000000000000, 0.000000000000000000 ) ) ;
#935 = ORIENTED_EDGE ( 'NONE', *, *, #802, .T. ) ;
#936 = VERTEX_POINT ( 'NONE', #1460 ) ;
#937 = CARTESIAN_POINT ( 'NONE',  ( 478.6220505243222760, 353.8644377833080057, 15.49999999999996092 ) ) ;
#938 = DIRECTION ( 'NONE',  ( -0.9781476007338069101, -0.2079116908177529588, -0.000000000000000000 ) ) ;
#939 = DIRECTION ( 'NONE',  ( 0.1804027099608666029, 0.9835928335641610509, -0.000000000000000000 ) ) ;
#940 = EDGE_CURVE ( 'NONE', #487, #1556, #2896, .T. ) ;
#941 = DIRECTION ( 'NONE',  ( 1.000000000000000000, 0.000000000000000000, 0.000000000000000000 ) ) ;
#942 = DIRECTION ( 'NONE',  ( -0.000000000000000000, 1.000000000000000000, -0.000000000000000000 ) ) ;
#943 = CARTESIAN_POINT ( 'NONE',  ( 545.2275958768433384, 368.0218834915961565, -15.50000000000004086 ) ) ;
#944 = CARTESIAN_POINT ( 'NONE',  ( 556.7708244657903833, 313.3580115925323071, 33.99999999999996447 ) ) ;
#945 = LINE ( 'NONE', #1882, #1206 ) ;
#946 = EDGE_CURVE ( 'NONE', #147, #1231, #10, .T. ) ;
#947 = ORIENTED_EDGE ( 'NONE', *, *, #786, .T. ) ;
#948 = ORIENTED_EDGE ( 'NONE', *, *, #1665, .F. ) ;
#949 = CARTESIAN_POINT ( 'NONE',  ( 497.9370932688832454, 300.1230760041622148, 35.24999999999996447 ) ) ;
#950 = CARTESIAN_POINT ( 'NONE',  ( 497.9370932688832454, 297.1230760041622716, -35.25000000000004263 ) ) ;
#951 = DIRECTION ( 'NONE',  ( 0.1804027099608666029, 0.9835928335641610509, -0.000000000000000000 ) ) ;
#952 = EDGE_CURVE ( 'NONE', #2394, #848, #24, .T. ) ;
#953 = EDGE_CURVE ( 'NONE', #408, #2244, #2682, .T. ) ;
#954 = CARTESIAN_POINT ( 'NONE',  ( 560.5467087861140953, 340.3761268455260733, 33.99999999999996447 ) ) ;
#955 = LINE ( 'NONE', #511, #1797 ) ;
#956 = LINE ( 'NONE', #2627, #2213 ) ;
#957 = ORIENTED_EDGE ( 'NONE', *, *, #1651, .T. ) ;
#958 = LINE ( 'NONE', #458, #2210 ) ;
#959 = VECTOR ( 'NONE', #1758, 999.9999999999998863 ) ;
#960 = CARTESIAN_POINT ( 'NONE',  ( 482.9435253070262775, 297.3730760041622148, -19.25000000000004263 ) ) ;
#961 = AXIS2_PLACEMENT_3D ( 'NONE', #1936, #2434, #1246 ) ;
#962 = ORIENTED_EDGE ( 'NONE', *, *, #1976, .F. ) ;
#963 = AXIS2_PLACEMENT_3D ( 'NONE', #1120, #653, #2991 ) ;
#964 = CARTESIAN_POINT ( 'NONE',  ( 563.8622693889246875, 364.2982202168839194, 12.49999999999996270 ) ) ;
#965 = VECTOR ( 'NONE', #2925, 1000.000000000000114 ) ;
#966 = VECTOR ( 'NONE', #2139, 1000.000000000000000 ) ;
#967 = AXIS2_PLACEMENT_3D ( 'NONE', #2955, #2705, #2456 ) ;
#968 = LOCAL_TIME ( 16, 5, 43.00000000000000000, #1300 ) ;
#969 = ORIENTED_EDGE ( 'NONE', *, *, #1467, .T. ) ;
#970 = VECTOR ( 'NONE', #414, 1000.000000000000114 ) ;
#971 = PLANE ( 'NONE',  #2604 ) ;
#972 = ORIENTED_EDGE ( 'NONE', *, *, #535, .T. ) ;
#973 = CARTESIAN_POINT ( 'NONE',  ( 482.9435253070262775, 297.3730760041622148, -12.75000000000003908 ) ) ;
#974 = DIRECTION ( 'NONE',  ( 1.000000000000000000, 0.000000000000000000, 0.000000000000000000 ) ) ;
#975 = CARTESIAN_POINT ( 'NONE',  ( 540.0229908289496734, 366.9156105377654740, 15.49999999999996092 ) ) ;
#976 = VERTEX_POINT ( 'NONE', #2511 ) ;
#977 = ADVANCED_FACE ( 'NONE', ( #2445 ), #2915, .F. ) ;
#978 = DIRECTION ( 'NONE',  ( -1.000000000000000000, 0.000000000000000000, 0.000000000000000000 ) ) ;
#979 = DIRECTION ( 'NONE',  ( 0.000000000000000000, 0.000000000000000000, 1.000000000000000000 ) ) ;
#980 = EDGE_CURVE ( 'NONE', #2587, #1984, #358, .T. ) ;
#981 = ORIENTED_EDGE ( 'NONE', *, *, #1665, .T. ) ;
#982 = ORIENTED_EDGE ( 'NONE', *, *, #300, .F. ) ;
#983 = CARTESIAN_POINT ( 'NONE',  ( 497.9370932688833591, 294.1230760041622716, 3.249999999999961364 ) ) ;
#984 = ORIENTED_EDGE ( 'NONE', *, *, #2339, .F. ) ;
#985 = DIRECTION ( 'NONE',  ( -0.000000000000000000, -0.000000000000000000, 1.000000000000000000 ) ) ;
#986 = EDGE_CURVE ( 'NONE', #1719, #2336, #1527, .T. ) ;
#987 = EDGE_CURVE ( 'NONE', #2780, #2020, #798, .T. ) ;
#988 = EDGE_CURVE ( 'NONE', #105, #2465, #812, .T. ) ;
#989 = DIRECTION ( 'NONE',  ( 0.000000000000000000, 0.000000000000000000, 1.000000000000000000 ) ) ;
#990 = DIRECTION ( 'NONE',  ( 1.000000000000000000, 0.000000000000000000, -0.000000000000000000 ) ) ;
#991 = DIRECTION ( 'NONE',  ( 0.9835928335641609399, 0.1804027099608671025, 0.000000000000000000 ) ) ;
#992 = ORIENTED_EDGE ( 'NONE', *, *, #2025, .F. ) ;
#993 = CARTESIAN_POINT ( 'NONE',  ( 557.8622693889246875, 364.2982202168839194, 12.49999999999996270 ) ) ;
#994 = DIRECTION ( 'NONE',  ( -0.000000000000000000, -0.000000000000000000, 1.000000000000000000 ) ) ;
#995 = EDGE_CURVE ( 'NONE', #492, #2395, #847, .T. ) ;
#996 = VERTEX_POINT ( 'NONE', #784 ) ;
#997 = ORIENTED_EDGE ( 'NONE', *, *, #1351, .F. ) ;
#998 = DIRECTION ( 'NONE',  ( -0.000000000000000000, -0.000000000000000000, 1.000000000000000000 ) ) ;
#999 = VERTEX_POINT ( 'NONE', #2719 ) ;
#1000 = ORIENTED_EDGE ( 'NONE', *, *, #2041, .F. ) ;
#1001 = DIRECTION ( 'NONE',  ( 1.000000000000000000, 0.000000000000000000, -0.000000000000000000 ) ) ;
#1002 = CARTESIAN_POINT ( 'NONE',  ( 566.8622693889246875, 364.2982202168839194, 9.249999999999960920 ) ) ;
#1003 = LINE ( 'NONE', #2890, #2854 ) ;
#1004 = PERSON_AND_ORGANIZATION_ROLE ( 'creator' ) ;
#1005 = DIRECTION ( 'NONE',  ( 1.000000000000000000, 0.000000000000000000, -0.000000000000000000 ) ) ;
#1006 = EDGE_CURVE ( 'NONE', #2734, #1793, #1293, .T. ) ;
#1007 = DIRECTION ( 'NONE',  ( 1.000000000000000000, 0.000000000000000000, 0.000000000000000000 ) ) ;
#1008 = DIRECTION ( 'NONE',  ( -1.000000000000000000, 0.000000000000000000, 0.000000000000000000 ) ) ;
#1009 = VERTEX_POINT ( 'NONE', #588 ) ;
#1010 = AXIS2_PLACEMENT_3D ( 'NONE', #467, #687, #2626 ) ;
#1011 = ORIENTED_EDGE ( 'NONE', *, *, #1942, .F. ) ;
#1012 = DIRECTION ( 'NONE',  ( -0.000000000000000000, -0.000000000000000000, 1.000000000000000000 ) ) ;
#1013 = ORIENTED_EDGE ( 'NONE', *, *, #1233, .T. ) ;
#1014 = VECTOR ( 'NONE', #649, 1000.000000000000000 ) ;
#1015 = ORIENTED_EDGE ( 'NONE', *, *, #2057, .T. ) ;
#1016 = AXIS2_PLACEMENT_3D ( 'NONE', #2126, #1394, #934 ) ;
#1017 = ADVANCED_FACE ( 'NONE', ( #2245 ), #1718, .F. ) ;
#1018 = CIRCLE ( 'NONE', #2513, 10.00000000000000888 ) ;
#1019 = ORIENTED_EDGE ( 'NONE', *, *, #2673, .F. ) ;
#1020 = CARTESIAN_POINT ( 'NONE',  ( 569.8622693889246875, 364.2982202168839194, -9.250000000000039080 ) ) ;
#1021 = VECTOR ( 'NONE', #2032, 1000.000000000000000 ) ;
#1022 = EDGE_CURVE ( 'NONE', #1730, #1506, #2467, .T. ) ;
#1023 = VECTOR ( 'NONE', #1558, 1000.000000000000000 ) ;
#1024 = FACE_OUTER_BOUND ( 'NONE', #2001, .T. ) ;
#1025 = DIRECTION ( 'NONE',  ( -0.000000000000000000, -0.000000000000000000, -1.000000000000000000 ) ) ;
#1026 = VERTEX_POINT ( 'NONE', #393 ) ;
#1027 = DIRECTION ( 'NONE',  ( -0.000000000000000000, 0.000000000000000000, -1.000000000000000000 ) ) ;
#1028 = DIRECTION ( 'NONE',  ( -0.000000000000000000, -0.000000000000000000, -1.000000000000000000 ) ) ;
#1029 = CARTESIAN_POINT ( 'NONE',  ( 537.1871251762021302, 372.4672861334084928, -37.50000000000004263 ) ) ;
#1030 = VERTEX_POINT ( 'NONE', #2930 ) ;
#1031 = ORIENTED_EDGE ( 'NONE', *, *, #715, .T. ) ;
#1032 = ORIENTED_EDGE ( 'NONE', *, *, #54, .F. ) ;
#1033 = DIRECTION ( 'NONE',  ( -0.3270274054154093668, 0.9450148549664526554, 0.000000000000000000 ) ) ;
#1034 = ORIENTED_EDGE ( 'NONE', *, *, #447, .F. ) ;
#1035 = ORIENTED_EDGE ( 'NONE', *, *, #1759, .F. ) ;
#1036 = ADVANCED_FACE ( 'NONE', ( #2261 ), #2229, .F. ) ;
#1037 = VERTEX_POINT ( 'NONE', #1731 ) ;
#1038 = CARTESIAN_POINT ( 'NONE',  ( 556.5768399660684054, 361.9907064119708480, 12.49999999999996270 ) ) ;
#1039 = CARTESIAN_POINT ( 'NONE',  ( 497.9370932688833591, 294.1230760041622716, -35.25000000000004263 ) ) ;
#1040 = LINE ( 'NONE', #312, #908 ) ;
#1041 = EDGE_CURVE ( 'NONE', #741, #262, #2156, .T. ) ;
#1042 = PERSON_AND_ORGANIZATION ( #804, #2564 ) ;
#1043 = DIRECTION ( 'NONE',  ( -0.000000000000000000, -0.000000000000000000, 1.000000000000000000 ) ) ;
#1044 = DIRECTION ( 'NONE',  ( -1.000000000000000000, 0.000000000000000000, 0.000000000000000000 ) ) ;
#1045 = DIRECTION ( 'NONE',  ( 0.000000000000000000, 0.000000000000000000, 1.000000000000000000 ) ) ;
#1046 = ORIENTED_EDGE ( 'NONE', *, *, #1870, .F. ) ;
#1047 = ORIENTED_EDGE ( 'NONE', *, *, #126, .F. ) ;
#1048 = CARTESIAN_POINT ( 'NONE',  ( 482.9435253070262775, 296.8730760041622148, -12.75000000000003908 ) ) ;
#1049 = VERTEX_POINT ( 'NONE', #1507 ) ;
#1050 = VERTEX_POINT ( 'NONE', #2499 ) ;
#1051 = ORIENTED_EDGE ( 'NONE', *, *, #733, .T. ) ;
#1052 = DIRECTION ( 'NONE',  ( 0.000000000000000000, 0.000000000000000000, -1.000000000000000000 ) ) ;
#1053 = FACE_OUTER_BOUND ( 'NONE', #1638, .T. ) ;
#1054 = DIRECTION ( 'NONE',  ( 0.000000000000000000, 0.000000000000000000, 1.000000000000000000 ) ) ;
#1055 = CALENDAR_DATE ( 2026, 5, 8 ) ;
#1056 = EDGE_CURVE ( 'NONE', #2394, #1030, #341, .T. ) ;
#1057 = EDGE_CURVE ( 'NONE', #2529, #2899, #1986, .T. ) ;
#1058 = CARTESIAN_POINT ( 'NONE',  ( 570.8622693889246875, 364.2982202168839194, -15.50000000000003908 ) ) ;
#1059 = DIRECTION ( 'NONE',  ( -1.000000000000000000, 0.000000000000000000, 0.000000000000000000 ) ) ;
#1060 = LINE ( 'NONE', #1966, #965 ) ;
#1061 = EDGE_LOOP ( 'NONE', ( #1278, #567 ) ) ;
#1062 = ORIENTED_EDGE ( 'NONE', *, *, #1090, .F. ) ;
#1063 = EDGE_LOOP ( 'NONE', ( #1181, #2573, #2382, #2468 ) ) ;
#1064 = CARTESIAN_POINT ( 'NONE',  ( 497.9370932688832454, 297.1230760041622716, 37.49999999999996447 ) ) ;
#1065 = ORIENTED_EDGE ( 'NONE', *, *, #2446, .T. ) ;
#1066 = AXIS2_PLACEMENT_3D ( 'NONE', #1723, #1927, #78 ) ;
#1067 = VERTEX_POINT ( 'NONE', #833 ) ;
#1068 = AXIS2_PLACEMENT_3D ( 'NONE', #2328, #2387, #2087 ) ;
#1069 = FACE_OUTER_BOUND ( 'NONE', #1227, .T. ) ;
#1070 = AXIS2_PLACEMENT_3D ( 'NONE', #598, #1538, #138 ) ;
#1071 = AXIS2_PLACEMENT_3D ( 'NONE', #1861, #1421, #2873 ) ;
#1072 = AXIS2_PLACEMENT_3D ( 'NONE', #510, #2904, #776 ) ;
#1073 = AXIS2_PLACEMENT_3D ( 'NONE', #6, #2125, #978 ) ;
#1074 = CARTESIAN_POINT ( 'NONE',  ( 542.1021077371270849, 357.1341345304273887, 15.49999999999996092 ) ) ;
#1075 = CIRCLE ( 'NONE', #1461, 3.000000000000002665 ) ;
#1076 =( NAMED_UNIT ( * ) PLANE_ANGLE_UNIT ( ) SI_UNIT ( $, .RADIAN. ) );
#1077 = VECTOR ( 'NONE', #1330, 1000.000000000000000 ) ;
#1078 = CARTESIAN_POINT ( 'NONE',  ( 497.9370932688832454, 297.1230760041622716, -12.75000000000004619 ) ) ;
#1079 = CARTESIAN_POINT ( 'NONE',  ( 547.3067127850209772, 358.2404074842581281, 37.49999999999996447 ) ) ;
#1080 = CARTESIAN_POINT ( 'NONE',  ( 564.6665225174216403, 357.3445753521168058, 15.49999999999996092 ) ) ;
#1081 = ORIENTED_EDGE ( 'NONE', *, *, #2015, .T. ) ;
#1082 = ORIENTED_EDGE ( 'NONE', *, *, #539, .T. ) ;
#1083 = ORIENTED_EDGE ( 'NONE', *, *, #1504, .T. ) ;
#1084 = CARTESIAN_POINT ( 'NONE',  ( 564.6665225174216403, 357.3445753521168058, -15.50000000000003908 ) ) ;
#1085 = ADVANCED_FACE ( 'NONE', ( #1768 ), #372, .T. ) ;
#1086 = ORIENTED_EDGE ( 'NONE', *, *, #995, .T. ) ;
#1087 = CARTESIAN_POINT ( 'NONE',  ( 563.8622693889246875, 364.2982202168839194, -9.250000000000039080 ) ) ;
#1088 = ADVANCED_FACE ( 'NONE', ( #2024 ), #446, .T. ) ;
#1089 = CARTESIAN_POINT ( 'NONE',  ( 546.4533114917792318, 298.6230760041622716, 33.99999999999996447 ) ) ;
#1090 = EDGE_CURVE ( 'NONE', #2733, #2227, #1904, .T. ) ;
#1091 = EDGE_CURVE ( 'NONE', #1207, #440, #692, .T. ) ;
#1092 = VERTEX_POINT ( 'NONE', #2998 ) ;
#1093 = CARTESIAN_POINT ( 'NONE',  ( 532.3842930868099756, 359.4929644145188377, 37.49999999999996447 ) ) ;
#1094 = CARTESIAN_POINT ( 'NONE',  ( 497.9370932688833591, 294.1230760041622716, 19.24999999999996092 ) ) ;
#1095 = PLANE ( 'NONE',  #2263 ) ;
#1096 = ORIENTED_EDGE ( 'NONE', *, *, #946, .F. ) ;
#1097 = ORIENTED_EDGE ( 'NONE', *, *, #216, .T. ) ;
#1098 = ORIENTED_EDGE ( 'NONE', *, *, #1325, .F. ) ;
#1099 = DIRECTION ( 'NONE',  ( 1.000000000000000000, 0.000000000000000000, 0.000000000000000000 ) ) ;
#1100 = ADVANCED_FACE ( 'NONE', ( #1796 ), #201, .F. ) ;
#1101 = ORIENTED_EDGE ( 'NONE', *, *, #2179, .F. ) ;
#1102 = PLANE ( 'NONE',  #28 ) ;
#1103 = DIRECTION ( 'NONE',  ( -0.000000000000000000, -0.000000000000000000, -1.000000000000000000 ) ) ;
#1104 = CALENDAR_DATE ( 2026, 5, 8 ) ;
#1105 = DIRECTION ( 'NONE',  ( 0.2358829884091472318, 0.9717814650317067038, 0.000000000000000000 ) ) ;
#1106 = DIRECTION ( 'NONE',  ( -0.000000000000000000, -0.000000000000000000, -1.000000000000000000 ) ) ;
#1107 = PLANE ( 'NONE',  #1652 ) ;
#1108 = VERTEX_POINT ( 'NONE', #3012 ) ;
#1109 = EDGE_LOOP ( 'NONE', ( #1523, #664, #2983, #2803 ) ) ;
#1110 = DIRECTION ( 'NONE',  ( -0.000000000000000000, -0.000000000000000000, 1.000000000000000000 ) ) ;
#1111 = PLANE ( 'NONE',  #1957 ) ;
#1112 = CARTESIAN_POINT ( 'NONE',  ( 569.8622693889246875, 364.2982202168839194, 9.249999999999960920 ) ) ;
#1113 = EDGE_CURVE ( 'NONE', #1092, #745, #32, .T. ) ;
#1114 = AXIS2_PLACEMENT_3D ( 'NONE', #2951, #790, #62 ) ;
#1115 = CARTESIAN_POINT ( 'NONE',  ( 540.0229908289496734, 366.9156105377654740, 37.49999999999996447 ) ) ;
#1116 = AXIS2_PLACEMENT_3D ( 'NONE', #1713, #2478, #1739 ) ;
#1117 = VERTEX_POINT ( 'NONE', #2554 ) ;
#1118 = AXIS2_PLACEMENT_3D ( 'NONE', #607, #1816, #1333 ) ;
#1119 = VECTOR ( 'NONE', #2253, 1000.000000000000000 ) ;
#1120 = CARTESIAN_POINT ( 'NONE',  ( 563.8622693889246875, 364.2982202168839194, -37.50000000000004263 ) ) ;
#1121 = CIRCLE ( 'NONE', #279, 6.000000000000005329 ) ;
#1122 = CARTESIAN_POINT ( 'NONE',  ( 561.8737408388974472, 397.1807686454992563, 15.49999999999996092 ) ) ;
#1123 = CARTESIAN_POINT ( 'NONE',  ( 497.9370932688832454, 300.1230760041622148, 35.24999999999996447 ) ) ;
#1124 = AXIS2_PLACEMENT_3D ( 'NONE', #382, #152, #886 ) ;
#1125 = AXIS2_PLACEMENT_3D ( 'NONE', #2730, #581, #1027 ) ;
#1126 = VERTEX_POINT ( 'NONE', #2068 ) ;
#1127 = AXIS2_PLACEMENT_3D ( 'NONE', #1397, #2600, #247 ) ;
#1128 = ORIENTED_EDGE ( 'NONE', *, *, #575, .F. ) ;
#1129 = LINE ( 'NONE', #902, #1893 ) ;
#1130 = EDGE_CURVE ( 'NONE', #513, #70, #2769, .T. ) ;
#1131 = EDGE_CURVE ( 'NONE', #259, #42, #2316, .T. ) ;
#1132 = CARTESIAN_POINT ( 'NONE',  ( 566.8622693889246875, 364.2982202168839194, -15.50000000000003908 ) ) ;
#1133 = DIRECTION ( 'NONE',  ( 4.625929269271489858E-16, -1.000000000000000000, 0.000000000000000000 ) ) ;
#1134 = CARTESIAN_POINT ( 'NONE',  ( 482.9435253070262775, 296.8730760041622148, 35.24999999999996447 ) ) ;
#1135 = ORIENTED_EDGE ( 'NONE', *, *, #1171, .F. ) ;
#1136 = DIRECTION ( 'NONE',  ( -1.000000000000000000, 0.000000000000000000, 0.000000000000000000 ) ) ;
#1137 = CARTESIAN_POINT ( 'NONE',  ( 540.0229908289496734, 366.9156105377654740, -12.50000000000003908 ) ) ;
#1138 = DIRECTION ( 'NONE',  ( -0.000000000000000000, -0.000000000000000000, -1.000000000000000000 ) ) ;
#1139 = ORIENTED_EDGE ( 'NONE', *, *, #1549, .F. ) ;
#1140 = CARTESIAN_POINT ( 'NONE',  ( 564.6665225174216403, 357.3445753521168058, 15.49999999999996092 ) ) ;
#1141 = DIRECTION ( 'NONE',  ( -4.625929269271489858E-16, 1.000000000000000000, -0.000000000000000000 ) ) ;
#1142 = LINE ( 'NONE', #2327, #75 ) ;
#1143 = CARTESIAN_POINT ( 'NONE',  ( 490.6827992885719709, 297.1230760041622716, 12.74999999999996270 ) ) ;
#1144 = ORIENTED_EDGE ( 'NONE', *, *, #562, .T. ) ;
#1145 = PERSON_AND_ORGANIZATION ( #804, #2564 ) ;
#1146 = CYLINDRICAL_SURFACE ( 'NONE', #1413, 3.000000000000002665 ) ;
#1147 = DIRECTION ( 'NONE',  ( -0.6427876096865433597, -0.7660444431189745718, 0.000000000000000000 ) ) ;
#1148 = CARTESIAN_POINT ( 'NONE',  ( 556.5768399660684054, 361.9907064119708480, 37.49999999999996447 ) ) ;
#1149 = EDGE_CURVE ( 'NONE', #440, #587, #1755, .T. ) ;
#1150 = EDGE_LOOP ( 'NONE', ( #1591, #2428, #2932, #292 ) ) ;
#1151 = LINE ( 'NONE', #2585, #1843 ) ;
#1152 = EDGE_CURVE ( 'NONE', #2290, #212, #827, .T. ) ;
#1153 = FACE_OUTER_BOUND ( 'NONE', #1150, .T. ) ;
#1154 = DIRECTION ( 'NONE',  ( -0.6427876096865433597, -0.7660444431189745718, 0.000000000000000000 ) ) ;
#1155 = DIRECTION ( 'NONE',  ( -4.625929269271489858E-16, 1.000000000000000000, -0.000000000000000000 ) ) ;
#1156 = ORIENTED_EDGE ( 'NONE', *, *, #700, .F. ) ;
#1157 = CIRCLE ( 'NONE', #815, 7.000000000000006217 ) ;
#1158 = DIRECTION ( 'NONE',  ( -0.000000000000000000, -0.000000000000000000, 1.000000000000000000 ) ) ;
#1159 = PLANE ( 'NONE',  #273 ) ;
#1160 = CIRCLE ( 'NONE', #818, 30.00000000000002842 ) ;
#1161 = CARTESIAN_POINT ( 'NONE',  ( 562.6493793798367733, 371.1923407427997859, 15.49999999999996092 ) ) ;
#1162 = AXIS2_PLACEMENT_3D ( 'NONE', #2458, #1727, #1304 ) ;
#1163 = VECTOR ( 'NONE', #2575, 1000.000000000000000 ) ;
#1164 = CARTESIAN_POINT ( 'NONE',  ( 556.5768399660684054, 361.9907064119708480, 37.49999999999996447 ) ) ;
#1165 = CYLINDRICAL_SURFACE ( 'NONE', #2704, 10.00000000000000888 ) ;
#1166 = VECTOR ( 'NONE', #779, 1000.000000000000000 ) ;
#1167 = LOCAL_TIME ( 16, 5, 43.00000000000000000, #349 ) ;
#1168 = ORIENTED_EDGE ( 'NONE', *, *, #2157, .T. ) ;
#1169 = ORIENTED_EDGE ( 'NONE', *, *, #940, .F. ) ;
#1170 = AXIS2_PLACEMENT_3D ( 'NONE', #1684, #765, #1673 ) ;
#1171 = EDGE_CURVE ( 'NONE', #2665, #465, #2531, .T. ) ;
#1172 = DIRECTION ( 'NONE',  ( 0.8191520442889932418, -0.5735764363510439390, 0.000000000000000000 ) ) ;
#1173 = LINE ( 'NONE', #662, #431 ) ;
#1174 = FACE_OUTER_BOUND ( 'NONE', #41, .T. ) ;
#1175 = EDGE_CURVE ( 'NONE', #306, #2767, #2541, .T. ) ;
#1176 = CYLINDRICAL_SURFACE ( 'NONE', #3017, 3.000000000000002665 ) ;
#1177 = DIRECTION ( 'NONE',  ( 0.1804027099608671303, -0.9835928335641610509, 0.000000000000000000 ) ) ;
#1178 = FACE_BOUND ( 'NONE', #1486, .T. ) ;
#1179 = CARTESIAN_POINT ( 'NONE',  ( 545.2275958768433384, 368.0218834915961565, -12.50000000000003908 ) ) ;
#1180 = DIRECTION ( 'NONE',  ( -0.000000000000000000, -0.000000000000000000, -1.000000000000000000 ) ) ;
#1181 = ORIENTED_EDGE ( 'NONE', *, *, #112, .F. ) ;
#1182 = CARTESIAN_POINT ( 'NONE',  ( 482.9435253070262775, 297.3730760041622148, -35.25000000000004263 ) ) ;
#1183 = EDGE_CURVE ( 'NONE', #2232, #492, #402, .T. ) ;
#1184 = DIRECTION ( 'NONE',  ( 1.000000000000000000, 0.000000000000000000, 0.000000000000000000 ) ) ;
#1185 = EDGE_CURVE ( 'NONE', #720, #864, #880, .T. ) ;
#1186 = CARTESIAN_POINT ( 'NONE',  ( 546.4533114917792318, 298.6230760041622716, -34.00000000000004263 ) ) ;
#1187 = LINE ( 'NONE', #1379, #2060 ) ;
#1188 = CARTESIAN_POINT ( 'NONE',  ( 542.1021077371270849, 357.1341345304273887, 33.99999999999996447 ) ) ;
#1189 = DIRECTION ( 'NONE',  ( 0.1804027099608671303, -0.9835928335641610509, 0.000000000000000000 ) ) ;
#1190 = ORIENTED_EDGE ( 'NONE', *, *, #280, .F. ) ;
#1191 = ORIENTED_EDGE ( 'NONE', *, *, #2057, .F. ) ;
#1192 = DIRECTION ( 'NONE',  ( -0.000000000000000000, -0.000000000000000000, -1.000000000000000000 ) ) ;
#1193 = EDGE_LOOP ( 'NONE', ( #2067, #534, #1907, #1430 ) ) ;
#1194 = EDGE_LOOP ( 'NONE', ( #1019, #2578, #124, #2999 ) ) ;
#1195 = LINE ( 'NONE', #2648, #632 ) ;
#1196 = ORIENTED_EDGE ( 'NONE', *, *, #752, .T. ) ;
#1197 = CYLINDRICAL_SURFACE ( 'NONE', #1407, 3.000000000000002665 ) ;
#1198 = EDGE_CURVE ( 'NONE', #196, #705, #1585, .T. ) ;
#1199 = DIRECTION ( 'NONE',  ( -0.9835928335641610509, 0.1804027099608666029, 0.000000000000000000 ) ) ;
#1200 = CARTESIAN_POINT ( 'NONE',  ( 497.9370932688832454, 300.1230760041622148, 3.249999999999961364 ) ) ;
#1201 = CARTESIAN_POINT ( 'NONE',  ( 540.1871251762021302, 372.4672861334084928, 15.49999999999996092 ) ) ;
#1202 = VERTEX_POINT ( 'NONE', #1355 ) ;
#1203 = DIRECTION ( 'NONE',  ( -0.000000000000000000, -0.000000000000000000, -1.000000000000000000 ) ) ;
#1204 = VECTOR ( 'NONE', #3002, 1000.000000000000000 ) ;
#1205 = CARTESIAN_POINT ( 'NONE',  ( 563.8622693889246875, 364.2982202168839194, 15.49999999999996092 ) ) ;
#1206 = VECTOR ( 'NONE', #1654, 1000.000000000000000 ) ;
#1207 = VERTEX_POINT ( 'NONE', #185 ) ;
#1208 = AXIS2_PLACEMENT_3D ( 'NONE', #2817, #2120, #3042 ) ;
#1209 = VECTOR ( 'NONE', #1247, 1000.000000000000000 ) ;
#1210 = EDGE_CURVE ( 'NONE', #1473, #2020, #1129, .T. ) ;
#1211 = FACE_OUTER_BOUND ( 'NONE', #357, .T. ) ;
#1212 = ADVANCED_FACE ( 'NONE', ( #1836 ), #1615, .F. ) ;
#1213 = AXIS2_PLACEMENT_3D ( 'NONE', #87, #103, #1327 ) ;
#1214 = EDGE_CURVE ( 'NONE', #1202, #1682, #1151, .T. ) ;
#1215 = AXIS2_PLACEMENT_3D ( 'NONE', #2097, #461, #925 ) ;
#1216 = ORIENTED_EDGE ( 'NONE', *, *, #946, .T. ) ;
#1217 = ORIENTED_EDGE ( 'NONE', *, *, #112, .T. ) ;
#1218 = CARTESIAN_POINT ( 'NONE',  ( 497.9370932688832454, 300.1230760041622148, -28.75000000000004263 ) ) ;
#1219 = DIRECTION ( 'NONE',  ( -1.000000000000000000, 0.000000000000000000, 0.000000000000000000 ) ) ;
#1220 = DIRECTION ( 'NONE',  ( -1.000000000000000000, 0.000000000000000000, 0.000000000000000000 ) ) ;
#1221 = ADVANCED_FACE ( 'NONE', ( #2279 ), #157, .F. ) ;
#1222 = DIRECTION ( 'NONE',  ( -0.08777125217035473825, 0.9961406563796338931, -0.000000000000000000 ) ) ;
#1223 = EDGE_LOOP ( 'NONE', ( #1280, #2666, #849, #3053, #2981, #810, #2199, #689, #2433 ) ) ;
#1224 = CARTESIAN_POINT ( 'NONE',  ( 542.1021077371270849, 357.1341345304273887, -34.00000000000004974 ) ) ;
#1225 = DIRECTION ( 'NONE',  ( 1.000000000000000000, 0.000000000000000000, 0.000000000000000000 ) ) ;
#1226 = ORIENTED_EDGE ( 'NONE', *, *, #1243, .T. ) ;
#1227 = EDGE_LOOP ( 'NONE', ( #289, #1256, #601, #2885 ) ) ;
#1228 = DIRECTION ( 'NONE',  ( -0.000000000000000000, -0.000000000000000000, -1.000000000000000000 ) ) ;
#1229 = ORIENTED_EDGE ( 'NONE', *, *, #1056, .F. ) ;
#1230 = ORIENTED_EDGE ( 'NONE', *, *, #2713, .T. ) ;
#1231 = VERTEX_POINT ( 'NONE', #1455 ) ;
#1232 = LINE ( 'NONE', #1707, #869 ) ;
#1233 = EDGE_CURVE ( 'NONE', #705, #1525, #1695, .T. ) ;
#1234 = DIRECTION ( 'NONE',  ( -1.000000000000000000, -4.625929269271489858E-16, 0.000000000000000000 ) ) ;
#1235 = CARTESIAN_POINT ( 'NONE',  ( 497.9370932688832454, 298.6127299692428778, 37.49999999999996447 ) ) ;
#1236 = CARTESIAN_POINT ( 'NONE',  ( 545.6054622321162242, 376.8991732651514326, -15.50000000000003908 ) ) ;
#1237 = PLANE ( 'NONE',  #768 ) ;
#1238 = LINE ( 'NONE', #710, #2815 ) ;
#1239 = EDGE_CURVE ( 'NONE', #745, #2164, #722, .T. ) ;
#1240 = ORIENTED_EDGE ( 'NONE', *, *, #3003, .T. ) ;
#1241 = ORIENTED_EDGE ( 'NONE', *, *, #416, .F. ) ;
#1242 = FACE_OUTER_BOUND ( 'NONE', #814, .T. ) ;
#1243 = EDGE_CURVE ( 'NONE', #2529, #408, #2146, .T. ) ;
#1244 = ORIENTED_EDGE ( 'NONE', *, *, #2085, .T. ) ;
#1245 = ORIENTED_EDGE ( 'NONE', *, *, #2085, .F. ) ;
#1246 = DIRECTION ( 'NONE',  ( 4.625929269271489858E-16, -1.000000000000000000, 0.000000000000000000 ) ) ;
#1247 = DIRECTION ( 'NONE',  ( -0.000000000000000000, -0.000000000000000000, -1.000000000000000000 ) ) ;
#1248 = LINE ( 'NONE', #296, #518 ) ;
#1249 = CARTESIAN_POINT ( 'NONE',  ( 540.0229908289496734, 366.9156105377654740, 37.49999999999996447 ) ) ;
#1250 = ORIENTED_EDGE ( 'NONE', *, *, #2644, .F. ) ;
#1251 = LINE ( 'NONE', #597, #1323 ) ;
#1252 = DIRECTION ( 'NONE',  ( 1.000000000000000000, 0.000000000000000000, 0.000000000000000000 ) ) ;
#1253 = CARTESIAN_POINT ( 'NONE',  ( 482.9435253070262775, 297.3730760041622148, -28.75000000000004263 ) ) ;
#1254 = ORIENTED_EDGE ( 'NONE', *, *, #1569, .T. ) ;
#1255 = ORIENTED_EDGE ( 'NONE', *, *, #2749, .T. ) ;
#1256 = ORIENTED_EDGE ( 'NONE', *, *, #2074, .T. ) ;
#1257 = CARTESIAN_POINT ( 'NONE',  ( 569.8607300588620319, 329.1550970397983633, -12.50000000000003908 ) ) ;
#1258 = ORIENTED_EDGE ( 'NONE', *, *, #2224, .T. ) ;
#1259 = VECTOR ( 'NONE', #1721, 1000.000000000000114 ) ;
#1260 = CIRCLE ( 'NONE', #2204, 10.00000000000000888 ) ;
#1261 = ADVANCED_FACE ( 'NONE', ( #2136 ), #2663, .T. ) ;
#1262 = CIRCLE ( 'NONE', #1802, 10.00000000000000888 ) ;
#1263 = ORIENTED_EDGE ( 'NONE', *, *, #128, .T. ) ;
#1264 = CARTESIAN_POINT ( 'NONE',  ( 569.8622693889246875, 364.2982202168839194, -12.50000000000003908 ) ) ;
#1265 = VECTOR ( 'NONE', #1635, 1000.000000000000000 ) ;
#1266 = AXIS2_PLACEMENT_3D ( 'NONE', #2695, #1012, #566 ) ;
#1267 = CARTESIAN_POINT ( 'NONE',  ( 494.2062823566398038, 294.1665226612870470, -28.75000000000004974 ) ) ;
#1268 = DIRECTION ( 'NONE',  ( 0.6427876096865433597, 0.7660444431189745718, 0.000000000000000000 ) ) ;
#1269 = PERSON_AND_ORGANIZATION ( #804, #2564 ) ;
#1270 = EDGE_CURVE ( 'NONE', #2997, #2734, #2894, .T. ) ;
#1271 = FACE_OUTER_BOUND ( 'NONE', #1583, .T. ) ;
#1272 = CARTESIAN_POINT ( 'NONE',  ( 497.9370932688832454, 300.1230760041622148, -12.75000000000003908 ) ) ;
#1273 = DIRECTION ( 'NONE',  ( -0.000000000000000000, 1.000000000000000000, -0.000000000000000000 ) ) ;
#1274 = ORIENTED_EDGE ( 'NONE', *, *, #1888, .T. ) ;
#1275 = ORIENTED_EDGE ( 'NONE', *, *, #752, .F. ) ;
#1276 = VERTEX_POINT ( 'NONE', #2347 ) ;
#1277 = DIRECTION ( 'NONE',  ( -0.3750298927712786279, 0.9270127181047534970, 0.000000000000000000 ) ) ;
#1278 = ORIENTED_EDGE ( 'NONE', *, *, #1990, .T. ) ;
#1279 = ORIENTED_EDGE ( 'NONE', *, *, #700, .T. ) ;
#1280 = ORIENTED_EDGE ( 'NONE', *, *, #1759, .T. ) ;
#1281 = EDGE_CURVE ( 'NONE', #540, #2619, #2366, .T. ) ;
#1282 = CARTESIAN_POINT ( 'NONE',  ( 494.2062823566398038, 294.1665226612870470, 19.24999999999996092 ) ) ;
#1283 = DIRECTION ( 'NONE',  ( -0.9835928335641609399, -0.1804027099608671025, 0.000000000000000000 ) ) ;
#1284 = FACE_BOUND ( 'NONE', #11, .T. ) ;
#1285 = COORDINATED_UNIVERSAL_TIME_OFFSET ( 8, 0, .AHEAD. ) ;
#1286 = ORIENTED_EDGE ( 'NONE', *, *, #562, .F. ) ;
#1287 = CARTESIAN_POINT ( 'NONE',  ( 497.9370932688832454, 297.1230760041622716, 37.49999999999996447 ) ) ;
#1288 = FACE_OUTER_BOUND ( 'NONE', #2945, .T. ) ;
#1289 = CARTESIAN_POINT ( 'NONE',  ( 566.3956512327946484, 337.7202066561644642, -12.50000000000003908 ) ) ;
#1290 = ORIENTED_EDGE ( 'NONE', *, *, #2875, .F. ) ;
#1291 = ORIENTED_EDGE ( 'NONE', *, *, #216, .F. ) ;
#1292 = ORIENTED_EDGE ( 'NONE', *, *, #2308, .F. ) ;
#1293 = LINE ( 'NONE', #1257, #1806 ) ;
#1294 = ORIENTED_EDGE ( 'NONE', *, *, #3063, .T. ) ;
#1295 = VERTEX_POINT ( 'NONE', #268 ) ;
#1296 = EDGE_LOOP ( 'NONE', ( #1542, #1388, #929, #1641, #591, #2005, #1732 ) ) ;
#1297 = ORIENTED_EDGE ( 'NONE', *, *, #318, .F. ) ;
#1298 = CARTESIAN_POINT ( 'NONE',  ( 543.1871251762021302, 372.4672861334084928, -37.50000000000004263 ) ) ;
#1299 = DIRECTION ( 'NONE',  ( -0.000000000000000000, -0.000000000000000000, 1.000000000000000000 ) ) ;
#1300 = COORDINATED_UNIVERSAL_TIME_OFFSET ( 8, 0, .AHEAD. ) ;
#1301 = VERTEX_POINT ( 'NONE', #228 ) ;
#1302 = ADVANCED_FACE ( 'NONE', ( #2834 ), #1165, .T. ) ;
#1303 = DIRECTION ( 'NONE',  ( -0.000000000000000000, -0.000000000000000000, -1.000000000000000000 ) ) ;
#1304 = DIRECTION ( 'NONE',  ( -1.000000000000000000, 0.000000000000000000, 0.000000000000000000 ) ) ;
#1305 = DIRECTION ( 'NONE',  ( -0.000000000000000000, -0.000000000000000000, 1.000000000000000000 ) ) ;
#1306 = ORIENTED_EDGE ( 'NONE', *, *, #381, .F. ) ;
#1307 = VERTEX_POINT ( 'NONE', #1868 ) ;
#1308 = ORIENTED_EDGE ( 'NONE', *, *, #2404, .F. ) ;
#1309 = CARTESIAN_POINT ( 'NONE',  ( 546.4533114917792318, 298.6230760041622716, 33.99999999999996447 ) ) ;
#1310 = VECTOR ( 'NONE', #2797, 1000.000000000000000 ) ;
#1311 = ADVANCED_FACE ( 'NONE', ( #1640 ), #244, .T. ) ;
#1312 = ADVANCED_FACE ( 'NONE', ( #473 ), #52, .T. ) ;
#1313 = VERTEX_POINT ( 'NONE', #960 ) ;
#1314 = VECTOR ( 'NONE', #96, 1000.000000000000000 ) ;
#1315 = EDGE_CURVE ( 'NONE', #848, #2895, #2412, .T. ) ;
#1316 = DIRECTION ( 'NONE',  ( 0.000000000000000000, -1.000000000000000000, 0.000000000000000000 ) ) ;
#1317 = AXIS2_PLACEMENT_3D ( 'NONE', #1981, #2202, #1007 ) ;
#1318 = AXIS2_PLACEMENT_3D ( 'NONE', #457, #1391, #2289 ) ;
#1319 = AXIS2_PLACEMENT_3D ( 'NONE', #2167, #989, #1479 ) ;
#1320 = CIRCLE ( 'NONE', #1073, 44.99999999999998579 ) ;
#1321 = DIRECTION ( 'NONE',  ( -0.000000000000000000, -0.000000000000000000, 1.000000000000000000 ) ) ;
#1322 = PERSON_AND_ORGANIZATION ( #804, #2564 ) ;
#1323 = VECTOR ( 'NONE', #760, 1000.000000000000000 ) ;
#1324 = CARTESIAN_POINT ( 'NONE',  ( 569.8607300588620319, 329.1550970397983633, 37.49999999999996447 ) ) ;
#1325 = EDGE_CURVE ( 'NONE', #1009, #2357, #945, .T. ) ;
#1326 = FACE_BOUND ( 'NONE', #2481, .T. ) ;
#1327 = DIRECTION ( 'NONE',  ( 1.000000000000000000, 0.000000000000000000, 0.000000000000000000 ) ) ;
#1328 = VERTEX_POINT ( 'NONE', #1671 ) ;
#1329 = ORIENTED_EDGE ( 'NONE', *, *, #575, .T. ) ;
#1330 = DIRECTION ( 'NONE',  ( 1.000000000000000000, 0.000000000000000000, 0.000000000000000000 ) ) ;
#1331 = EDGE_LOOP ( 'NONE', ( #739, #2565, #55, #1240, #1835, #1378, #2739 ) ) ;
#1332 = ORIENTED_EDGE ( 'NONE', *, *, #180, .T. ) ;
#1333 = DIRECTION ( 'NONE',  ( -1.000000000000000000, 0.000000000000000000, 0.000000000000000000 ) ) ;
#1334 = DIRECTION ( 'NONE',  ( 0.9835928335641610509, -0.1804027099608666029, 0.000000000000000000 ) ) ;
#1335 = EDGE_CURVE ( 'NONE', #563, #2780, #2618, .T. ) ;
#1336 = PLANE ( 'NONE',  #773 ) ;
#1337 = DIRECTION ( 'NONE',  ( -0.9835928335641609399, -0.1804027099608671025, 0.000000000000000000 ) ) ;
#1338 = DIRECTION ( 'NONE',  ( 0.9835928335641610509, -0.1804027099608666029, 0.000000000000000000 ) ) ;
#1339 = ORIENTED_EDGE ( 'NONE', *, *, #2603, .F. ) ;
#1340 = ORIENTED_EDGE ( 'NONE', *, *, #211, .F. ) ;
#1341 = CARTESIAN_POINT ( 'NONE',  ( 494.2062823566398038, 294.1665226612870470, -19.25000000000004263 ) ) ;
#1342 = EDGE_CURVE ( 'NONE', #1384, #420, #288, .T. ) ;
#1343 = DIRECTION ( 'NONE',  ( 1.000000000000000000, 0.000000000000000000, 0.000000000000000000 ) ) ;
#1344 = CARTESIAN_POINT ( 'NONE',  ( 526.5820295195026119, 269.6003328271153805, -37.50000000000004263 ) ) ;
#1345 = LINE ( 'NONE', #852, #1204 ) ;
#1346 = ORIENTED_EDGE ( 'NONE', *, *, #2595, .F. ) ;
#1347 = COORDINATED_UNIVERSAL_TIME_OFFSET ( 8, 0, .AHEAD. ) ;
#1348 = CARTESIAN_POINT ( 'NONE',  ( 497.9370932688832454, 300.1230760041622148, 19.24999999999996092 ) ) ;
#1349 = ADVANCED_FACE ( 'NONE', ( #2380 ), #257, .F. ) ;
#1350 = FACE_OUTER_BOUND ( 'NONE', #1783, .T. ) ;
#1351 = EDGE_CURVE ( 'NONE', #783, #2961, #1360, .T. ) ;
#1352 = LINE ( 'NONE', #2319, #1511 ) ;
#1353 = ORIENTED_EDGE ( 'NONE', *, *, #1465, .F. ) ;
#1354 = ORIENTED_EDGE ( 'NONE', *, *, #2435, .F. ) ;
#1355 = CARTESIAN_POINT ( 'NONE',  ( 545.2275958768433384, 368.0218834915961565, -37.50000000000004263 ) ) ;
#1356 = PLANE ( 'NONE',  #775 ) ;
#1357 = CARTESIAN_POINT ( 'NONE',  ( 497.9370932688832454, 297.1230760041622716, -12.75000000000003908 ) ) ;
#1358 = CIRCLE ( 'NONE', #26, 20.00000000000001776 ) ;
#1359 = FACE_OUTER_BOUND ( 'NONE', #242, .T. ) ;
#1360 = CIRCLE ( 'NONE', #570, 3.000000000000002665 ) ;
#1361 = ORIENTED_EDGE ( 'NONE', *, *, #860, .T. ) ;
#1362 = VECTOR ( 'NONE', #2758, 1000.000000000000000 ) ;
#1363 = AXIS2_PLACEMENT_3D ( 'NONE', #164, #409, #2746 ) ;
#1364 = LINE ( 'NONE', #1093, #1021 ) ;
#1365 = DIRECTION ( 'NONE',  ( -0.9781476007338055778, -0.2079116908177596201, -0.000000000000000000 ) ) ;
#1366 = CARTESIAN_POINT ( 'NONE',  ( 496.6871251762024144, 297.1230760041622716, 12.74999999999996270 ) ) ;
#1367 = VECTOR ( 'NONE', #1855, 1000.000000000000000 ) ;
#1368 = AXIS2_PLACEMENT_3D ( 'NONE', #2200, #1762, #1005 ) ;
#1369 = CC_DESIGN_APPROVAL ( #2188, ( #1820 ) ) ;
#1370 = ORIENTED_EDGE ( 'NONE', *, *, #727, .T. ) ;
#1371 = VECTOR ( 'NONE', #2322, 1000.000000000000000 ) ;
#1372 = ORIENTED_EDGE ( 'NONE', *, *, #2442, .F. ) ;
#1373 = DIRECTION ( 'NONE',  ( -1.000000000000000000, 0.000000000000000000, 0.000000000000000000 ) ) ;
#1374 = CARTESIAN_POINT ( 'NONE',  ( 560.5467087861140953, 340.3761268455260733, -34.00000000000004263 ) ) ;
#1375 = DIRECTION ( 'NONE',  ( -0.000000000000000000, -0.000000000000000000, -1.000000000000000000 ) ) ;
#1376 = ADVANCED_FACE ( 'NONE', ( #1288 ), #2427, .F. ) ;
#1377 = CARTESIAN_POINT ( 'NONE',  ( 482.9435253070262775, 296.8730760041622148, 28.74999999999996092 ) ) ;
#1378 = ORIENTED_EDGE ( 'NONE', *, *, #1210, .T. ) ;
#1379 = CARTESIAN_POINT ( 'NONE',  ( 478.6220505243222760, 353.8644377833080057, 37.49999999999996447 ) ) ;
#1380 = CARTESIAN_POINT ( 'NONE',  ( 482.9435253070262775, 297.3730760041622148, -19.25000000000004263 ) ) ;
#1381 = CARTESIAN_POINT ( 'NONE',  ( 532.1962631371208090, 330.5653046830636868, -34.00000000000004263 ) ) ;
#1382 = ORIENTED_EDGE ( 'NONE', *, *, #374, .T. ) ;
#1383 = DIRECTION ( 'NONE',  ( 0.000000000000000000, 0.000000000000000000, 1.000000000000000000 ) ) ;
#1384 = VERTEX_POINT ( 'NONE', #299 ) ;
#1385 = CYLINDRICAL_SURFACE ( 'NONE', #1845, 26.00000000000002132 ) ;
#1386 = CARTESIAN_POINT ( 'NONE',  ( 497.9457746229683153, 298.6230760041622716, 33.99999999999996447 ) ) ;
#1387 = CARTESIAN_POINT ( 'NONE',  ( 563.8622693889246875, 364.2982202168839194, -15.50000000000003908 ) ) ;
#1388 = ORIENTED_EDGE ( 'NONE', *, *, #2673, .T. ) ;
#1389 = CARTESIAN_POINT ( 'NONE',  ( 497.9370932688832454, 300.1230760041622148, 12.74999999999996270 ) ) ;
#1390 = CARTESIAN_POINT ( 'NONE',  ( 533.1871251762021302, 372.4672861334084928, 15.49999999999996092 ) ) ;
#1391 = DIRECTION ( 'NONE',  ( -0.000000000000000000, -0.000000000000000000, -1.000000000000000000 ) ) ;
#1392 = EDGE_CURVE ( 'NONE', #212, #2290, #2102, .T. ) ;
#1393 = CARTESIAN_POINT ( 'NONE',  ( 556.5768399660684054, 361.9907064119708480, 15.49999999999996092 ) ) ;
#1394 = DIRECTION ( 'NONE',  ( -1.000000000000000000, -4.625929269271489858E-16, 0.000000000000000000 ) ) ;
#1395 = ORIENTED_EDGE ( 'NONE', *, *, #2179, .T. ) ;
#1396 = ORIENTED_EDGE ( 'NONE', *, *, #694, .F. ) ;
#1397 = CARTESIAN_POINT ( 'NONE',  ( 540.1871251762021302, 372.4672861334084928, -12.50000000000003908 ) ) ;
#1398 = CARTESIAN_POINT ( 'NONE',  ( 547.8553968706995647, 330.2196088007388539, 37.49999999999996447 ) ) ;
#1399 = ADVANCED_FACE ( 'NONE', ( #2254 ), #1237, .F. ) ;
#1400 = EDGE_CURVE ( 'NONE', #848, #420, #1483, .T. ) ;
#1401 = ADVANCED_FACE ( 'NONE', ( #532 ), #2440, .T. ) ;
#1402 = DIRECTION ( 'NONE',  ( 0.000000000000000000, 0.000000000000000000, 1.000000000000000000 ) ) ;
#1403 = ORIENTED_EDGE ( 'NONE', *, *, #1941, .F. ) ;
#1404 = AXIS2_PLACEMENT_3D ( 'NONE', #1188, #34, #1220 ) ;
#1405 = PLANE ( 'NONE',  #1459 ) ;
#1406 = FACE_OUTER_BOUND ( 'NONE', #2036, .T. ) ;
#1407 = AXIS2_PLACEMENT_3D ( 'NONE', #2141, #30, #1618 ) ;
#1408 = CARTESIAN_POINT ( 'NONE',  ( 496.6871251762024144, 297.1230760041622716, 37.49999999999996447 ) ) ;
#1409 = ADVANCED_FACE ( 'NONE', ( #1472 ), #2186, .T. ) ;
#1410 = AXIS2_PLACEMENT_3D ( 'NONE', #2863, #1897, #2406 ) ;
#1411 = CARTESIAN_POINT ( 'NONE',  ( 533.1871251762021302, 372.4672861334084928, 15.49999999999996092 ) ) ;
#1412 = DIRECTION ( 'NONE',  ( 0.000000000000000000, 0.000000000000000000, -1.000000000000000000 ) ) ;
#1413 = AXIS2_PLACEMENT_3D ( 'NONE', #2581, #2609, #941 ) ;
#1414 = VECTOR ( 'NONE', #690, 1000.000000000000000 ) ;
#1415 = APPROVAL_PERSON_ORGANIZATION ( #1760, #2710, #365 ) ;
#1416 = ORIENTED_EDGE ( 'NONE', *, *, #802, .F. ) ;
#1417 = ORIENTED_EDGE ( 'NONE', *, *, #1757, .F. ) ;
#1418 = CIRCLE ( 'NONE', #1215, 3.000000000000002665 ) ;
#1419 = DIRECTION ( 'NONE',  ( -0.000000000000000000, -0.000000000000000000, 1.000000000000000000 ) ) ;
#1420 = LINE ( 'NONE', #950, #2400 ) ;
#1421 = DIRECTION ( 'NONE',  ( 0.1804027099608666029, 0.9835928335641610509, -0.000000000000000000 ) ) ;
#1422 = CARTESIAN_POINT ( 'NONE',  ( 564.6665225174216403, 357.3445753521168058, 12.49999999999996270 ) ) ;
#1423 = FACE_OUTER_BOUND ( 'NONE', #1630, .T. ) ;
#1424 = FACE_OUTER_BOUND ( 'NONE', #1438, .T. ) ;
#1425 = ORIENTED_EDGE ( 'NONE', *, *, #2488, .T. ) ;
#1426 = CARTESIAN_POINT ( 'NONE',  ( 478.6220505243222760, 353.8644377833080057, 12.49999999999996270 ) ) ;
#1427 = CARTESIAN_POINT ( 'NONE',  ( 561.8737408388974472, 397.1807686454992563, -12.50000000000003908 ) ) ;
#1428 = ORIENTED_EDGE ( 'NONE', *, *, #913, .F. ) ;
#1429 = EDGE_LOOP ( 'NONE', ( #2943, #1795, #2276, #771 ) ) ;
#1430 = ORIENTED_EDGE ( 'NONE', *, *, #727, .F. ) ;
#1431 = EDGE_CURVE ( 'NONE', #720, #766, #1499, .T. ) ;
#1432 = DIRECTION ( 'NONE',  ( -1.000000000000000000, 0.000000000000000000, 0.000000000000000000 ) ) ;
#1433 = CARTESIAN_POINT ( 'NONE',  ( 547.3067127850209772, 358.2404074842581281, 12.49999999999996270 ) ) ;
#1434 = PLANE ( 'NONE',  #1071 ) ;
#1435 = CARTESIAN_POINT ( 'NONE',  ( 497.9370932688832454, 297.1230760041622716, 12.74999999999996270 ) ) ;
#1436 = DIRECTION ( 'NONE',  ( -1.000000000000000000, 0.000000000000000000, 0.000000000000000000 ) ) ;
#1437 = FACE_OUTER_BOUND ( 'NONE', #1657, .T. ) ;
#1438 = EDGE_LOOP ( 'NONE', ( #2302, #2231, #2173, #366 ) ) ;
#1439 = EDGE_CURVE ( 'NONE', #906, #160, #274, .T. ) ;
#1440 = DIRECTION ( 'NONE',  ( -0.3750298927712786279, 0.9270127181047534970, 0.000000000000000000 ) ) ;
#1441 = EDGE_CURVE ( 'NONE', #1778, #408, #1965, .T. ) ;
#1442 = CARTESIAN_POINT ( 'NONE',  ( 561.8737408388974472, 397.1807686454992563, 15.49999999999996092 ) ) ;
#1443 = ORIENTED_EDGE ( 'NONE', *, *, #2215, .F. ) ;
#1444 = ORIENTED_EDGE ( 'NONE', *, *, #2386, .T. ) ;
#1445 = CYLINDRICAL_SURFACE ( 'NONE', #2911, 6.000000000000005329 ) ;
#1446 = LINE ( 'NONE', #816, #1259 ) ;
#1447 = EDGE_LOOP ( 'NONE', ( #1417, #753, #2570, #373 ) ) ;
#1448 = DIRECTION ( 'NONE',  ( -0.000000000000000000, -0.000000000000000000, 1.000000000000000000 ) ) ;
#1449 = DIRECTION ( 'NONE',  ( -4.625929269271489858E-16, 1.000000000000000000, -0.000000000000000000 ) ) ;
#1450 = FACE_OUTER_BOUND ( 'NONE', #1590, .T. ) ;
#1451 = ORIENTED_EDGE ( 'NONE', *, *, #1890, .F. ) ;
#1452 = AXIS2_PLACEMENT_3D ( 'NONE', #2534, #2743, #2502 ) ;
#1453 = DIRECTION ( 'NONE',  ( -0.000000000000000000, -0.000000000000000000, 1.000000000000000000 ) ) ;
#1454 = VECTOR ( 'NONE', #1155, 1000.000000000000000 ) ;
#1455 = CARTESIAN_POINT ( 'NONE',  ( 497.9370932688832454, 297.1230760041622716, 35.24999999999995737 ) ) ;
#1456 = ORIENTED_EDGE ( 'NONE', *, *, #2542, .T. ) ;
#1457 = VECTOR ( 'NONE', #1138, 1000.000000000000000 ) ;
#1458 = ORIENTED_EDGE ( 'NONE', *, *, #125, .F. ) ;
#1459 = AXIS2_PLACEMENT_3D ( 'NONE', #1847, #497, #1199 ) ;
#1460 = CARTESIAN_POINT ( 'NONE',  ( 482.9435253070262775, 296.8730760041622148, 3.249999999999961364 ) ) ;
#1461 = AXIS2_PLACEMENT_3D ( 'NONE', #1201, #1880, #1637 ) ;
#1462 = ADVANCED_FACE ( 'NONE', ( #780 ), #794, .T. ) ;
#1463 = VECTOR ( 'NONE', #122, 1000.000000000000000 ) ;
#1464 = CARTESIAN_POINT ( 'NONE',  ( 484.3677970826660726, 352.4490446990618580, 37.49999999999996447 ) ) ;
#1465 = EDGE_CURVE ( 'NONE', #1767, #1009, #2401, .T. ) ;
#1466 = DIRECTION ( 'NONE',  ( -0.6427876096865433597, -0.7660444431189745718, 0.000000000000000000 ) ) ;
#1467 = EDGE_CURVE ( 'NONE', #2471, #2394, #2731, .T. ) ;
#1468 = DIRECTION ( 'NONE',  ( 0.000000000000000000, 0.000000000000000000, 1.000000000000000000 ) ) ;
#1469 = LINE ( 'NONE', #731, #2358 ) ;
#1470 = ADVANCED_FACE ( 'NONE', ( #335, #2222, #582 ), #2017, .F. ) ;
#1471 = CARTESIAN_POINT ( 'NONE',  ( 528.0979630090929504, 341.8343102206504796, -34.00000000000004974 ) ) ;
#1472 = FACE_OUTER_BOUND ( 'NONE', #845, .T. ) ;
#1473 = VERTEX_POINT ( 'NONE', #1996 ) ;
#1474 = ORIENTED_EDGE ( 'NONE', *, *, #641, .F. ) ;
#1475 = DIRECTION ( 'NONE',  ( 1.000000000000000000, 0.000000000000000000, 0.000000000000000000 ) ) ;
#1476 = ORIENTED_EDGE ( 'NONE', *, *, #2634, .F. ) ;
#1477 = ORIENTED_EDGE ( 'NONE', *, *, #3014, .T. ) ;
#1478 = CARTESIAN_POINT ( 'NONE',  ( 569.8622693889246875, 364.2982202168839194, 12.49999999999996270 ) ) ;
#1479 = DIRECTION ( 'NONE',  ( -1.000000000000000000, 0.000000000000000000, 0.000000000000000000 ) ) ;
#1480 = CARTESIAN_POINT ( 'NONE',  ( 497.9370932688832454, 300.1230760041622148, -12.75000000000003908 ) ) ;
#1481 = ORIENTED_EDGE ( 'NONE', *, *, #1785, .F. ) ;
#1482 = CARTESIAN_POINT ( 'NONE',  ( 546.4533114917792318, 298.6230760041622716, -34.00000000000004263 ) ) ;
#1483 = LINE ( 'NONE', #1272, #1605 ) ;
#1484 = DIRECTION ( 'NONE',  ( 1.000000000000000000, 0.000000000000000000, 0.000000000000000000 ) ) ;
#1485 = ADVANCED_FACE ( 'NONE', ( #2956 ), #826, .F. ) ;
#1486 = EDGE_LOOP ( 'NONE', ( #370, #1781 ) ) ;
#1487 = EDGE_LOOP ( 'NONE', ( #1683, #785 ) ) ;
#1488 = CARTESIAN_POINT ( 'NONE',  ( 542.7487605076146338, 297.1230760041622716, 37.49999999999996447 ) ) ;
#1489 = ORIENTED_EDGE ( 'NONE', *, *, #1152, .T. ) ;
#1490 = ORIENTED_EDGE ( 'NONE', *, *, #300, .T. ) ;
#1491 = ORIENTED_EDGE ( 'NONE', *, *, #2972, .T. ) ;
#1492 = LINE ( 'NONE', #2448, #1314 ) ;
#1493 = ADVANCED_FACE ( 'NONE', ( #2494 ), #2979, .T. ) ;
#1494 = LINE ( 'NONE', #1992, #629 ) ;
#1495 = CARTESIAN_POINT ( 'NONE',  ( 482.9435253070262775, 296.8730760041622148, 35.24999999999996447 ) ) ;
#1496 = DIRECTION ( 'NONE',  ( 1.000000000000000000, 0.000000000000000000, 0.000000000000000000 ) ) ;
#1497 = ORIENTED_EDGE ( 'NONE', *, *, #610, .F. ) ;
#1498 = DIRECTION ( 'NONE',  ( -0.000000000000000000, -0.000000000000000000, -1.000000000000000000 ) ) ;
#1499 = LINE ( 'NONE', #64, #2512 ) ;
#1500 = DIRECTION ( 'NONE',  ( 0.9835928335641610509, -0.1804027099608666029, 0.000000000000000000 ) ) ;
#1501 = PRODUCT_RELATED_PRODUCT_CATEGORY ( 'detail', '', ( #225 ) ) ;
#1502 = ORIENTED_EDGE ( 'NONE', *, *, #211, .T. ) ;
#1503 = CIRCLE ( 'NONE', #130, 44.99999999999998579 ) ;
#1504 = EDGE_CURVE ( 'NONE', #836, #2756, #2076, .T. ) ;
#1505 = ORIENTED_EDGE ( 'NONE', *, *, #2835, .F. ) ;
#1506 = VERTEX_POINT ( 'NONE', #3034 ) ;
#1507 = CARTESIAN_POINT ( 'NONE',  ( 497.9370932688832454, 300.1230760041622148, -19.25000000000004263 ) ) ;
#1508 = VECTOR ( 'NONE', #1790, 1000.000000000000000 ) ;
#1509 = ORIENTED_EDGE ( 'NONE', *, *, #309, .T. ) ;
#1510 = AXIS2_PLACEMENT_3D ( 'NONE', #74, #346, #1001 ) ;
#1511 = VECTOR ( 'NONE', #1338, 1000.000000000000000 ) ;
#1512 = EDGE_LOOP ( 'NONE', ( #2684, #2166, #5, #1279 ) ) ;
#1513 = CARTESIAN_POINT ( 'NONE',  ( 496.6871251762024144, 297.1230760041622716, 37.49999999999996447 ) ) ;
#1514 = VECTOR ( 'NONE', #1616, 1000.000000000000000 ) ;
#1515 = VECTOR ( 'NONE', #2221, 1000.000000000000000 ) ;
#1516 = CC_DESIGN_APPROVAL ( #1958, ( #236 ) ) ;
#1517 = DIRECTION ( 'NONE',  ( 0.000000000000000000, -0.000000000000000000, 1.000000000000000000 ) ) ;
#1518 = LINE ( 'NONE', #98, #1840 ) ;
#1519 = ORIENTED_EDGE ( 'NONE', *, *, #82, .T. ) ;
#1520 = DIRECTION ( 'NONE',  ( 1.000000000000000000, -0.000000000000000000, -0.000000000000000000 ) ) ;
#1521 = CARTESIAN_POINT ( 'NONE',  ( 540.1871251762021302, 372.4672861334084928, 15.49999999999996092 ) ) ;
#1522 = PLANE ( 'NONE',  #2009 ) ;
#1523 = ORIENTED_EDGE ( 'NONE', *, *, #922, .T. ) ;
#1524 = ORIENTED_EDGE ( 'NONE', *, *, #1315, .T. ) ;
#1525 = VERTEX_POINT ( 'NONE', #410 ) ;
#1526 = VERTEX_POINT ( 'NONE', #1571 ) ;
#1527 = LINE ( 'NONE', #551, #2470 ) ;
#1528 = ORIENTED_EDGE ( 'NONE', *, *, #95, .F. ) ;
#1529 = ADVANCED_FACE ( 'NONE', ( #1350, #873, #1326 ), #2274, .T. ) ;
#1530 = ORIENTED_EDGE ( 'NONE', *, *, #2714, .F. ) ;
#1531 = LINE ( 'NONE', #2011, #1694 ) ;
#1532 = EDGE_CURVE ( 'NONE', #2336, #1985, #177, .T. ) ;
#1533 = LINE ( 'NONE', #2543, #481 ) ;
#1534 = CARTESIAN_POINT ( 'NONE',  ( 543.1871251762021302, 372.4672861334084928, -15.50000000000003908 ) ) ;
#1535 = DATE_AND_TIME ( #1055, #2159 ) ;
#1536 = ORIENTED_EDGE ( 'NONE', *, *, #1976, .T. ) ;
#1537 = CARTESIAN_POINT ( 'NONE',  ( 482.9435253070262775, 297.3730760041622148, 3.249999999999961364 ) ) ;
#1538 = DIRECTION ( 'NONE',  ( 0.000000000000000000, -1.000000000000000000, -0.000000000000000000 ) ) ;
#1539 = CARTESIAN_POINT ( 'NONE',  ( 497.9370932688832454, 300.1230760041622148, 3.249999999999961364 ) ) ;
#1540 = EDGE_CURVE ( 'NONE', #2967, #2228, #2460, .T. ) ;
#1541 = EDGE_CURVE ( 'NONE', #2596, #2670, #3024, .T. ) ;
#1542 = ORIENTED_EDGE ( 'NONE', *, *, #2691, .F. ) ;
#1543 = EDGE_CURVE ( 'NONE', #748, #428, #1821, .T. ) ;
#1544 = ORIENTED_EDGE ( 'NONE', *, *, #95, .T. ) ;
#1545 = ORIENTED_EDGE ( 'NONE', *, *, #1888, .F. ) ;
#1546 = DIRECTION ( 'NONE',  ( -0.000000000000000000, -0.000000000000000000, -1.000000000000000000 ) ) ;
#1547 = VERTEX_POINT ( 'NONE', #1137 ) ;
#1548 = DIRECTION ( 'NONE',  ( -0.000000000000000000, 1.000000000000000000, -0.000000000000000000 ) ) ;
#1549 = EDGE_CURVE ( 'NONE', #836, #1742, #2568, .T. ) ;
#1550 = DIRECTION ( 'NONE',  ( -1.000000000000000000, 0.000000000000000000, 0.000000000000000000 ) ) ;
#1551 = SECURITY_CLASSIFICATION_LEVEL ( 'unclassified' ) ;
#1552 = FACE_OUTER_BOUND ( 'NONE', #1674, .T. ) ;
#1553 = DIRECTION ( 'NONE',  ( -0.000000000000000000, -0.000000000000000000, 1.000000000000000000 ) ) ;
#1554 = CARTESIAN_POINT ( 'NONE',  ( 533.7877804354393447, 362.6903888011037793, -34.00000000000004974 ) ) ;
#1555 = ORIENTED_EDGE ( 'NONE', *, *, #922, .F. ) ;
#1556 = VERTEX_POINT ( 'NONE', #2992 ) ;
#1557 = ORIENTED_EDGE ( 'NONE', *, *, #2027, .F. ) ;
#1558 = DIRECTION ( 'NONE',  ( 1.000000000000000000, -0.000000000000000000, -0.000000000000000000 ) ) ;
#1559 = ORIENTED_EDGE ( 'NONE', *, *, #2404, .T. ) ;
#1560 = VERTEX_POINT ( 'NONE', #1094 ) ;
#1561 = VECTOR ( 'NONE', #2741, 1000.000000000000000 ) ;
#1562 = EDGE_CURVE ( 'NONE', #2740, #1202, #1260, .T. ) ;
#1563 = CARTESIAN_POINT ( 'NONE',  ( 497.9370932688833591, 294.1230760041622716, 3.249999999999961364 ) ) ;
#1564 = VECTOR ( 'NONE', #1147, 1000.000000000000114 ) ;
#1565 = CIRCLE ( 'NONE', #1213, 10.00000000000000888 ) ;
#1566 = CIRCLE ( 'NONE', #726, 7.000000000000006217 ) ;
#1567 = FACE_OUTER_BOUND ( 'NONE', #2757, .T. ) ;
#1568 = AXIS2_PLACEMENT_3D ( 'NONE', #2383, #1909, #1886 ) ;
#1569 = EDGE_CURVE ( 'NONE', #516, #2471, #899, .T. ) ;
#1570 = CARTESIAN_POINT ( 'NONE',  ( 482.9435253070262775, 296.8730760041622148, 35.24999999999996447 ) ) ;
#1571 = CARTESIAN_POINT ( 'NONE',  ( 537.1871251762021302, 372.4672861334084928, -12.50000000000003908 ) ) ;
#1572 = CARTESIAN_POINT ( 'NONE',  ( 490.6827992885719709, 297.1230760041622716, -37.50000000000004263 ) ) ;
#1573 = ADVANCED_FACE ( 'NONE', ( #422 ), #2800, .T. ) ;
#1574 = EDGE_LOOP ( 'NONE', ( #2768, #1716, #184, #2243 ) ) ;
#1575 = ORIENTED_EDGE ( 'NONE', *, *, #1335, .T. ) ;
#1576 = VERTEX_POINT ( 'NONE', #3006 ) ;
#1577 = DIRECTION ( 'NONE',  ( 0.000000000000000000, 0.000000000000000000, -1.000000000000000000 ) ) ;
#1578 = DIRECTION ( 'NONE',  ( -1.000000000000000000, 0.000000000000000000, 0.000000000000000000 ) ) ;
#1579 = DIRECTION ( 'NONE',  ( 0.000000000000000000, 0.000000000000000000, -1.000000000000000000 ) ) ;
#1580 = CARTESIAN_POINT ( 'NONE',  ( 497.9370932688832454, 300.1230760041622148, -3.250000000000039524 ) ) ;
#1581 = LINE ( 'NONE', #384, #1508 ) ;
#1582 = LINE ( 'NONE', #2993, #79 ) ;
#1583 = EDGE_LOOP ( 'NONE', ( #145, #89, #631, #8 ) ) ;
#1584 = ORIENTED_EDGE ( 'NONE', *, *, #1620, .T. ) ;
#1585 = LINE ( 'NONE', #3039, #970 ) ;
#1586 = EDGE_CURVE ( 'NONE', #1560, #1117, #1809, .T. ) ;
#1587 = LINE ( 'NONE', #3073, #1803 ) ;
#1588 = DIRECTION ( 'NONE',  ( 0.000000000000000000, 0.000000000000000000, 1.000000000000000000 ) ) ;
#1589 = CARTESIAN_POINT ( 'NONE',  ( 482.9435253070262775, 296.8730760041622148, -35.25000000000004263 ) ) ;
#1590 = EDGE_LOOP ( 'NONE', ( #2368, #1476, #2539, #127 ) ) ;
#1591 = ORIENTED_EDGE ( 'NONE', *, *, #2550, .F. ) ;
#1592 = FACE_OUTER_BOUND ( 'NONE', #1687, .T. ) ;
#1593 = CARTESIAN_POINT ( 'NONE',  ( 547.3067127850209772, 358.2404074842581281, -37.50000000000004263 ) ) ;
#1594 = CARTESIAN_POINT ( 'NONE',  ( 542.1021077371270849, 357.1341345304273887, -12.50000000000003908 ) ) ;
#1595 = ORIENTED_EDGE ( 'NONE', *, *, #830, .F. ) ;
#1596 = VERTEX_POINT ( 'NONE', #2091 ) ;
#1597 = DIRECTION ( 'NONE',  ( 1.000000000000000000, 0.000000000000000000, 0.000000000000000000 ) ) ;
#1598 = EDGE_CURVE ( 'NONE', #1313, #1030, #855, .T. ) ;
#1599 = ADVANCED_FACE ( 'NONE', ( #2331 ), #208, .T. ) ;
#1600 = EDGE_CURVE ( 'NONE', #1985, #340, #1581, .T. ) ;
#1601 = DIRECTION ( 'NONE',  ( 1.000000000000000000, 0.000000000000000000, 0.000000000000000000 ) ) ;
#1602 = DIRECTION ( 'NONE',  ( 0.000000000000000000, -1.000000000000000000, 0.000000000000000000 ) ) ;
#1603 = VECTOR ( 'NONE', #2250, 1000.000000000000000 ) ;
#1604 = DIRECTION ( 'NONE',  ( -0.000000000000000000, 0.000000000000000000, 1.000000000000000000 ) ) ;
#1605 = VECTOR ( 'NONE', #2239, 1000.000000000000000 ) ;
#1606 = ORIENTED_EDGE ( 'NONE', *, *, #641, .T. ) ;
#1607 = CIRCLE ( 'NONE', #427, 3.000000000000002665 ) ;
#1608 = CARTESIAN_POINT ( 'NONE',  ( 542.7487605076146338, 297.1230760041622716, 37.49999999999996447 ) ) ;
#1609 = VECTOR ( 'NONE', #166, 1000.000000000000000 ) ;
#1610 = DIRECTION ( 'NONE',  ( -0.000000000000000000, 0.000000000000000000, -1.000000000000000000 ) ) ;
#1611 = LINE ( 'NONE', #2077, #626 ) ;
#1612 = VECTOR ( 'NONE', #1838, 1000.000000000000000 ) ;
#1613 = LOCAL_TIME ( 16, 5, 43.00000000000000000, #1347 ) ;
#1614 = ORIENTED_EDGE ( 'NONE', *, *, #2976, .T. ) ;
#1615 = PLANE ( 'NONE',  #231 ) ;
#1616 = DIRECTION ( 'NONE',  ( -0.000000000000000000, -0.000000000000000000, 1.000000000000000000 ) ) ;
#1617 = CARTESIAN_POINT ( 'NONE',  ( 497.9370932688832454, 297.1230760041622716, 12.74999999999996270 ) ) ;
#1618 = DIRECTION ( 'NONE',  ( 1.000000000000000000, 0.000000000000000000, 0.000000000000000000 ) ) ;
#1619 = ORIENTED_EDGE ( 'NONE', *, *, #544, .F. ) ;
#1620 = EDGE_CURVE ( 'NONE', #426, #1108, #2762, .T. ) ;
#1621 = CARTESIAN_POINT ( 'NONE',  ( 482.9435253070262775, 297.3730760041622148, -35.25000000000004263 ) ) ;
#1622 = FACE_OUTER_BOUND ( 'NONE', #2212, .T. ) ;
#1623 = DIRECTION ( 'NONE',  ( -0.000000000000000000, -0.000000000000000000, -1.000000000000000000 ) ) ;
#1624 = EDGE_LOOP ( 'NONE', ( #490, #605, #350, #1752 ) ) ;
#1625 = DIRECTION ( 'NONE',  ( -0.000000000000000000, 0.000000000000000000, 1.000000000000000000 ) ) ;
#1626 = EDGE_CURVE ( 'NONE', #2737, #487, #2288, .T. ) ;
#1627 = ADVANCED_FACE ( 'NONE', ( #2109 ), #1864, .F. ) ;
#1628 = ORIENTED_EDGE ( 'NONE', *, *, #448, .T. ) ;
#1629 = EDGE_CURVE ( 'NONE', #160, #1596, #2602, .T. ) ;
#1630 = EDGE_LOOP ( 'NONE', ( #205, #1051, #2697, #861 ) ) ;
#1631 = CARTESIAN_POINT ( 'NONE',  ( 497.9370932688832454, 300.1230760041622148, 19.24999999999996092 ) ) ;
#1632 = FACE_OUTER_BOUND ( 'NONE', #345, .T. ) ;
#1633 = CARTESIAN_POINT ( 'NONE',  ( 490.6827992885719709, 297.1230760041622716, 37.49999999999996447 ) ) ;
#1634 = CC_DESIGN_DATE_AND_TIME_ASSIGNMENT ( #1535, #1994, ( #1820 ) ) ;
#1635 = DIRECTION ( 'NONE',  ( -0.3270274054154094223, 0.9450148549664526554, -0.000000000000000000 ) ) ;
#1636 = CARTESIAN_POINT ( 'NONE',  ( 482.9435253070262775, 297.3730760041622148, -28.75000000000004263 ) ) ;
#1637 = DIRECTION ( 'NONE',  ( 1.000000000000000000, 0.000000000000000000, 0.000000000000000000 ) ) ;
#1638 = EDGE_LOOP ( 'NONE', ( #2917, #1230, #29, #1524 ) ) ;
#1639 = DIRECTION ( 'NONE',  ( -0.000000000000000000, -0.000000000000000000, -1.000000000000000000 ) ) ;
#1640 = FACE_OUTER_BOUND ( 'NONE', #2864, .T. ) ;
#1641 = ORIENTED_EDGE ( 'NONE', *, *, #246, .T. ) ;
#1642 = CARTESIAN_POINT ( 'NONE',  ( 562.6493793798367733, 371.1923407427997859, -15.50000000000003908 ) ) ;
#1643 = CARTESIAN_POINT ( 'NONE',  ( 550.6848241205339036, 301.0387605675909413, 37.49999999999996447 ) ) ;
#1644 = PLANE ( 'NONE',  #2258 ) ;
#1645 = VECTOR ( 'NONE', #1337, 1000.000000000000114 ) ;
#1646 = DIRECTION ( 'NONE',  ( -1.000000000000000000, 0.000000000000000000, 0.000000000000000000 ) ) ;
#1647 = CARTESIAN_POINT ( 'NONE',  ( 564.6665225174216403, 357.3445753521168058, -15.50000000000003908 ) ) ;
#1648 = AXIS2_PLACEMENT_3D ( 'NONE', #1464, #1735, #2194 ) ;
#1649 = DIRECTION ( 'NONE',  ( -1.000000000000000000, 0.000000000000000000, -0.000000000000000000 ) ) ;
#1650 = VECTOR ( 'NONE', #642, 1000.000000000000000 ) ;
#1651 = EDGE_CURVE ( 'NONE', #741, #43, #1850, .T. ) ;
#1652 = AXIS2_PLACEMENT_3D ( 'NONE', #1123, #3008, #1852 ) ;
#1653 = DIRECTION ( 'NONE',  ( 0.5735764363510439390, 0.8191520442889933529, -0.000000000000000000 ) ) ;
#1654 = DIRECTION ( 'NONE',  ( -0.000000000000000000, -0.000000000000000000, -1.000000000000000000 ) ) ;
#1655 = VECTOR ( 'NONE', #2799, 1000.000000000000000 ) ;
#1656 = CIRCLE ( 'NONE', #2718, 7.000000000000006217 ) ;
#1657 = EDGE_LOOP ( 'NONE', ( #673, #1292, #1474, #1925 ) ) ;
#1658 = ORIENTED_EDGE ( 'NONE', *, *, #2750, .T. ) ;
#1659 = VECTOR ( 'NONE', #1419, 1000.000000000000000 ) ;
#1660 = CARTESIAN_POINT ( 'NONE',  ( 490.6827992885719709, 297.1230760041622716, -12.75000000000003908 ) ) ;
#1661 = ORIENTED_EDGE ( 'NONE', *, *, #2421, .F. ) ;
#1662 = DIRECTION ( 'NONE',  ( -0.9781476007338069101, -0.2079116908177529588, -0.000000000000000000 ) ) ;
#1663 = LINE ( 'NONE', #905, #1896 ) ;
#1664 = ADVANCED_FACE ( 'NONE', ( #284 ), #2376, .T. ) ;
#1665 = EDGE_CURVE ( 'NONE', #517, #999, #2639, .T. ) ;
#1666 = DIRECTION ( 'NONE',  ( 1.000000000000000000, 0.000000000000000000, 0.000000000000000000 ) ) ;
#1667 = PLANE ( 'NONE',  #472 ) ;
#1668 = DIRECTION ( 'NONE',  ( 0.000000000000000000, 0.000000000000000000, -1.000000000000000000 ) ) ;
#1669 = ORIENTED_EDGE ( 'NONE', *, *, #2579, .T. ) ;
#1670 = CARTESIAN_POINT ( 'NONE',  ( 518.8397970230198553, 323.5236022631673336, -37.50000000000004263 ) ) ;
#1671 = CARTESIAN_POINT ( 'NONE',  ( 497.9370932688832454, 298.6127299692428778, 19.24999999999996092 ) ) ;
#1672 = EDGE_LOOP ( 'NONE', ( #1923, #1372, #2716, #1489 ) ) ;
#1673 = DIRECTION ( 'NONE',  ( -1.000000000000000000, 0.000000000000000000, 0.000000000000000000 ) ) ;
#1674 = EDGE_LOOP ( 'NONE', ( #651, #657, #1263, #2485 ) ) ;
#1675 = DIRECTION ( 'NONE',  ( -1.000000000000000000, 0.000000000000000000, 0.000000000000000000 ) ) ;
#1676 = PLANE ( 'NONE',  #2771 ) ;
#1677 = DIRECTION ( 'NONE',  ( 4.625929269271489858E-16, -1.000000000000000000, 0.000000000000000000 ) ) ;
#1678 = LINE ( 'NONE', #241, #1955 ) ;
#1679 = ORIENTED_EDGE ( 'NONE', *, *, #57, .T. ) ;
#1680 = DIRECTION ( 'NONE',  ( -1.000000000000000000, 0.000000000000000000, 0.000000000000000000 ) ) ;
#1681 = DIRECTION ( 'NONE',  ( 1.000000000000000000, 0.000000000000000000, 0.000000000000000000 ) ) ;
#1682 = VERTEX_POINT ( 'NONE', #2168 ) ;
#1683 = ORIENTED_EDGE ( 'NONE', *, *, #2972, .F. ) ;
#1684 = CARTESIAN_POINT ( 'NONE',  ( 563.8622693889246875, 364.2982202168839194, -9.250000000000039080 ) ) ;
#1685 = EDGE_CURVE ( 'NONE', #9, #2637, #240, .T. ) ;
#1686 = ORIENTED_EDGE ( 'NONE', *, *, #2542, .F. ) ;
#1687 = EDGE_LOOP ( 'NONE', ( #1035, #948, #1857, #1519 ) ) ;
#1688 = CARTESIAN_POINT ( 'NONE',  ( 497.9370932688833591, 298.6127299692428778, -19.25000000000004263 ) ) ;
#1689 = LINE ( 'NONE', #2686, #1209 ) ;
#1690 = FACE_OUTER_BOUND ( 'NONE', #879, .T. ) ;
#1691 = FACE_OUTER_BOUND ( 'NONE', #2189, .T. ) ;
#1692 = VECTOR ( 'NONE', #2611, 1000.000000000000000 ) ;
#1693 = PLANE ( 'NONE',  #1368 ) ;
#1694 = VECTOR ( 'NONE', #1548, 1000.000000000000000 ) ;
#1695 = LINE ( 'NONE', #2393, #817 ) ;
#1696 = VECTOR ( 'NONE', #994, 1000.000000000000000 ) ;
#1697 = VECTOR ( 'NONE', #2679, 1000.000000000000114 ) ;
#1698 = EDGE_LOOP ( 'NONE', ( #320, #66, #88, #2419 ) ) ;
#1699 = AXIS2_PLACEMENT_3D ( 'NONE', #1324, #2504, #1819 ) ;
#1700 = ORIENTED_EDGE ( 'NONE', *, *, #2451, .F. ) ;
#1701 = AXIS2_PLACEMENT_3D ( 'NONE', #716, #471, #916 ) ;
#1702 = DIRECTION ( 'NONE',  ( 0.000000000000000000, 0.000000000000000000, 1.000000000000000000 ) ) ;
#1703 = ORIENTED_EDGE ( 'NONE', *, *, #2503, .T. ) ;
#1704 = VECTOR ( 'NONE', #1865, 1000.000000000000114 ) ;
#1705 = VECTOR ( 'NONE', #2489, 1000.000000000000000 ) ;
#1706 = ORIENTED_EDGE ( 'NONE', *, *, #2866, .T. ) ;
#1707 = CARTESIAN_POINT ( 'NONE',  ( 545.2275958768433384, 368.0218834915961565, 37.49999999999996447 ) ) ;
#1708 = LINE ( 'NONE', #1267, #2813 ) ;
#1709 = LINE ( 'NONE', #756, #665 ) ;
#1710 = ADVANCED_FACE ( 'NONE', ( #1406 ), #1667, .F. ) ;
#1711 = DIRECTION ( 'NONE',  ( -0.6427876096865433597, -0.7660444431189745718, 0.000000000000000000 ) ) ;
#1712 = CARTESIAN_POINT ( 'NONE',  ( 542.7487605076147474, 307.1230760041622716, -37.50000000000004263 ) ) ;
#1713 = CARTESIAN_POINT ( 'NONE',  ( 540.1871251762021302, 372.4672861334084928, 15.49999999999996092 ) ) ;
#1714 = DIRECTION ( 'NONE',  ( 1.000000000000000000, 0.000000000000000000, 0.000000000000000000 ) ) ;
#1715 = ORIENTED_EDGE ( 'NONE', *, *, #125, .T. ) ;
#1716 = ORIENTED_EDGE ( 'NONE', *, *, #1814, .T. ) ;
#1717 = EDGE_CURVE ( 'NONE', #1825, #1973, #1997, .T. ) ;
#1718 = PLANE ( 'NONE',  #878 ) ;
#1719 = VERTEX_POINT ( 'NONE', #498 ) ;
#1720 = ORIENTED_EDGE ( 'NONE', *, *, #2742, .F. ) ;
#1721 = DIRECTION ( 'NONE',  ( -0.9835928335641609399, -0.1804027099608671025, 0.000000000000000000 ) ) ;
#1722 = CARTESIAN_POINT ( 'NONE',  ( 540.1871251762021302, 372.4672861334084928, 12.49999999999996270 ) ) ;
#1723 = CARTESIAN_POINT ( 'NONE',  ( 540.1871251762021302, 372.4672861334084928, -12.50000000000003908 ) ) ;
#1724 = EDGE_CURVE ( 'NONE', #1830, #783, #16, .T. ) ;
#1725 = EDGE_CURVE ( 'NONE', #470, #390, #955, .T. ) ;
#1726 = DIRECTION ( 'NONE',  ( 1.000000000000000000, 5.551115123125777969E-15, 0.000000000000000000 ) ) ;
#1727 = DIRECTION ( 'NONE',  ( -0.000000000000000000, -0.000000000000000000, -1.000000000000000000 ) ) ;
#1728 = DIRECTION ( 'NONE',  ( 0.3750298927712786279, -0.9270127181047534970, 0.000000000000000000 ) ) ;
#1729 = ORIENTED_EDGE ( 'NONE', *, *, #403, .T. ) ;
#1730 = VERTEX_POINT ( 'NONE', #2845 ) ;
#1731 = CARTESIAN_POINT ( 'NONE',  ( 496.6871251762024144, 297.1230760041622716, 3.249999999999958700 ) ) ;
#1732 = ORIENTED_EDGE ( 'NONE', *, *, #860, .F. ) ;
#1733 = ORIENTED_EDGE ( 'NONE', *, *, #830, .T. ) ;
#1734 = ORIENTED_EDGE ( 'NONE', *, *, #1439, .T. ) ;
#1735 = DIRECTION ( 'NONE',  ( -0.000000000000000000, -0.000000000000000000, -1.000000000000000000 ) ) ;
#1736 = LINE ( 'NONE', #542, #1899 ) ;
#1737 = DIRECTION ( 'NONE',  ( -0.6427876096865433597, -0.7660444431189745718, 0.000000000000000000 ) ) ;
#1738 = CARTESIAN_POINT ( 'NONE',  ( 537.4907644560641984, 366.0074379256797101, -15.50000000000003908 ) ) ;
#1739 = DIRECTION ( 'NONE',  ( -1.000000000000000000, 0.000000000000000000, 0.000000000000000000 ) ) ;
#1740 = CARTESIAN_POINT ( 'NONE',  ( 482.9435253070262775, 297.3730760041622148, 3.249999999999961364 ) ) ;
#1741 = ADVANCED_FACE ( 'NONE', ( #1423 ), #730, .T. ) ;
#1742 = VERTEX_POINT ( 'NONE', #2389 ) ;
#1743 = CIRCLE ( 'NONE', #423, 10.00000000000000888 ) ;
#1744 = ORIENTED_EDGE ( 'NONE', *, *, #1562, .F. ) ;
#1745 = ORIENTED_EDGE ( 'NONE', *, *, #1877, .F. ) ;
#1746 = DIRECTION ( 'NONE',  ( 0.000000000000000000, 0.000000000000000000, 1.000000000000000000 ) ) ;
#1747 = AXIS2_PLACEMENT_3D ( 'NONE', #368, #2941, #547 ) ;
#1748 = EDGE_LOOP ( 'NONE', ( #142, #1983, #2735, #3011 ) ) ;
#1749 = AXIS2_PLACEMENT_3D ( 'NONE', #2842, #2636, #2373 ) ;
#1750 = VECTOR ( 'NONE', #2493, 1000.000000000000000 ) ;
#1751 = AXIS2_PLACEMENT_3D ( 'NONE', #2507, #385, #888 ) ;
#1752 = ORIENTED_EDGE ( 'NONE', *, *, #2632, .F. ) ;
#1753 = LINE ( 'NONE', #307, #2306 ) ;
#1754 = AXIS2_PLACEMENT_3D ( 'NONE', #3028, #1826, #2081 ) ;
#1755 = CIRCLE ( 'NONE', #2722, 30.00000000000002842 ) ;
#1756 = CARTESIAN_POINT ( 'NONE',  ( 518.8397970230198553, 323.5236022631673336, 37.49999999999996447 ) ) ;
#1757 = EDGE_CURVE ( 'NONE', #1328, #748, #485, .T. ) ;
#1758 = DIRECTION ( 'NONE',  ( -0.6427876096865434707, -0.7660444431189745718, 0.000000000000000000 ) ) ;
#1759 = EDGE_CURVE ( 'NONE', #999, #105, #2099, .T. ) ;
#1760 = PERSON_AND_ORGANIZATION ( #804, #2564 ) ;
#1761 = ADVANCED_FACE ( 'NONE', ( #1622 ), #265, .F. ) ;
#1762 = DIRECTION ( 'NONE',  ( 0.000000000000000000, 0.000000000000000000, 1.000000000000000000 ) ) ;
#1763 = DIRECTION ( 'NONE',  ( -0.000000000000000000, -0.000000000000000000, -1.000000000000000000 ) ) ;
#1764 = LINE ( 'NONE', #1777, #2561 ) ;
#1765 = VERTEX_POINT ( 'NONE', #2582 ) ;
#1766 = ORIENTED_EDGE ( 'NONE', *, *, #995, .F. ) ;
#1767 = VERTEX_POINT ( 'NONE', #1390 ) ;
#1768 = FACE_OUTER_BOUND ( 'NONE', #2177, .T. ) ;
#1769 = EDGE_LOOP ( 'NONE', ( #1032, #2028, #1811, #1428 ) ) ;
#1770 = EDGE_LOOP ( 'NONE', ( #2738, #1329, #884, #1831, #890, #2654, #1497 ) ) ;
#1771 = ORIENTED_EDGE ( 'NONE', *, *, #2893, .F. ) ;
#1772 = DIRECTION ( 'NONE',  ( -0.000000000000000000, -0.000000000000000000, -1.000000000000000000 ) ) ;
#1773 = CARTESIAN_POINT ( 'NONE',  ( 497.9370932688832454, 298.6127299692428778, -12.75000000000004619 ) ) ;
#1774 = DIRECTION ( 'NONE',  ( -0.000000000000000000, -0.000000000000000000, 1.000000000000000000 ) ) ;
#1775 = FACE_OUTER_BOUND ( 'NONE', #2870, .T. ) ;
#1776 = DIRECTION ( 'NONE',  ( -0.9835928335641610509, 0.1804027099608666029, 0.000000000000000000 ) ) ;
#1777 = CARTESIAN_POINT ( 'NONE',  ( 566.3956512327946484, 337.7202066561644642, 15.49999999999996092 ) ) ;
#1778 = VERTEX_POINT ( 'NONE', #2343 ) ;
#1779 = ADVANCED_FACE ( 'NONE', ( #222 ), #1159, .F. ) ;
#1780 = ORIENTED_EDGE ( 'NONE', *, *, #927, .F. ) ;
#1781 = ORIENTED_EDGE ( 'NONE', *, *, #539, .F. ) ;
#1782 = DIRECTION ( 'NONE',  ( 0.9961406563796340041, 0.08777125217035475213, 0.000000000000000000 ) ) ;
#1783 = EDGE_LOOP ( 'NONE', ( #1530, #1798, #1824, #2647, #1286, #1557, #144, #1555, #585 ) ) ;
#1784 = LINE ( 'NONE', #592, #1362 ) ;
#1785 = EDGE_CURVE ( 'NONE', #301, #1526, #2453, .T. ) ;
#1786 = DIRECTION ( 'NONE',  ( -0.000000000000000000, -0.000000000000000000, 1.000000000000000000 ) ) ;
#1787 = EDGE_CURVE ( 'NONE', #2996, #3038, #2657, .T. ) ;
#1788 = PERSON_AND_ORGANIZATION_ROLE ( 'classification_officer' ) ;
#1789 = PLANE ( 'NONE',  #2907 ) ;
#1790 = DIRECTION ( 'NONE',  ( 0.9835928335641610509, -0.1804027099608666029, 0.000000000000000000 ) ) ;
#1791 = LINE ( 'NONE', #399, #1609 ) ;
#1792 = ADVANCED_BREP_SHAPE_REPRESENTATION ( 'bucket_XCGM_V01_0.1_Default_sldprt', ( #438, #433 ), #2721 ) ;
#1793 = VERTEX_POINT ( 'NONE', #557 ) ;
#1794 = ORIENTED_EDGE ( 'NONE', *, *, #953, .T. ) ;
#1795 = ORIENTED_EDGE ( 'NONE', *, *, #1006, .T. ) ;
#1796 = FACE_OUTER_BOUND ( 'NONE', #1769, .T. ) ;
#1797 = VECTOR ( 'NONE', #1449, 1000.000000000000000 ) ;
#1798 = ORIENTED_EDGE ( 'NONE', *, *, #2580, .F. ) ;
#1799 = VECTOR ( 'NONE', #1588, 1000.000000000000000 ) ;
#1800 = DIRECTION ( 'NONE',  ( -0.000000000000000000, -0.000000000000000000, 1.000000000000000000 ) ) ;
#1801 = VECTOR ( 'NONE', #2537, 1000.000000000000000 ) ;
#1802 = AXIS2_PLACEMENT_3D ( 'NONE', #2275, #2942, #1484 ) ;
#1803 = VECTOR ( 'NONE', #1141, 1000.000000000000000 ) ;
#1804 = VECTOR ( 'NONE', #334, 1000.000000000000114 ) ;
#1805 = DIRECTION ( 'NONE',  ( 1.000000000000000000, 0.000000000000000000, 0.000000000000000000 ) ) ;
#1806 = VECTOR ( 'NONE', #1277, 1000.000000000000000 ) ;
#1807 = ADVANCED_FACE ( 'NONE', ( #2196 ), #1938, .F. ) ;
#1808 = CARTESIAN_POINT ( 'NONE',  ( 540.1871251762021302, 372.4672861334084928, 12.49999999999996270 ) ) ;
#1809 = LINE ( 'NONE', #443, #1650 ) ;
#1810 = DIRECTION ( 'NONE',  ( 0.9781476007338069101, 0.2079116908177529588, 0.000000000000000000 ) ) ;
#1811 = ORIENTED_EDGE ( 'NONE', *, *, #2517, .T. ) ;
#1812 = EDGE_LOOP ( 'NONE', ( #1081, #2837, #2416, #552, #1250, #801, #1346, #1898 ) ) ;
#1813 = CARTESIAN_POINT ( 'NONE',  ( 569.8607300588620319, 329.1550970397983633, -15.50000000000004086 ) ) ;
#1814 = EDGE_CURVE ( 'NONE', #2540, #2637, #1709, .T. ) ;
#1815 = DIRECTION ( 'NONE',  ( 0.9781476007338069101, 0.2079116908177529588, 0.000000000000000000 ) ) ;
#1816 = DIRECTION ( 'NONE',  ( -0.000000000000000000, -0.000000000000000000, -1.000000000000000000 ) ) ;
#1817 = DIRECTION ( 'NONE',  ( -1.000000000000000000, 0.000000000000000000, 0.000000000000000000 ) ) ;
#1818 = ORIENTED_EDGE ( 'NONE', *, *, #885, .F. ) ;
#1819 = DIRECTION ( 'NONE',  ( 0.3750298927712786834, -0.9270127181047534970, 0.000000000000000000 ) ) ;
#1820 = PRODUCT_DEFINITION ( '�', '', #2469, #46 ) ;
#1821 = LINE ( 'NONE', #2790, #1948 ) ;
#1822 = PLANE ( 'NONE',  #233 ) ;
#1823 = EDGE_CURVE ( 'NONE', #400, #1682, #2701, .T. ) ;
#1824 = ORIENTED_EDGE ( 'NONE', *, *, #45, .F. ) ;
#1825 = VERTEX_POINT ( 'NONE', #2437 ) ;
#1826 = DIRECTION ( 'NONE',  ( -0.000000000000000000, -0.000000000000000000, 1.000000000000000000 ) ) ;
#1827 = PLANE ( 'NONE',  #191 ) ;
#1828 = DIRECTION ( 'NONE',  ( -0.000000000000000000, -0.000000000000000000, -1.000000000000000000 ) ) ;
#1829 = DIRECTION ( 'NONE',  ( 1.000000000000000000, 0.000000000000000000, 0.000000000000000000 ) ) ;
#1830 = VERTEX_POINT ( 'NONE', #2218 ) ;
#1831 = ORIENTED_EDGE ( 'NONE', *, *, #159, .F. ) ;
#1832 = CARTESIAN_POINT ( 'NONE',  ( 566.3956512327946484, 337.7202066561644642, -15.50000000000003908 ) ) ;
#1833 = DIRECTION ( 'NONE',  ( -0.9835928335641609399, -0.1804027099608671025, 0.000000000000000000 ) ) ;
#1834 = PLANE ( 'NONE',  #2104 ) ;
#1835 = ORIENTED_EDGE ( 'NONE', *, *, #2843, .T. ) ;
#1836 = FACE_OUTER_BOUND ( 'NONE', #2824, .T. ) ;
#1837 = EDGE_CURVE ( 'NONE', #2264, #2444, #1003, .T. ) ;
#1838 = DIRECTION ( 'NONE',  ( -0.000000000000000000, -0.000000000000000000, -1.000000000000000000 ) ) ;
#1839 = PLANE ( 'NONE',  #522 ) ;
#1840 = VECTOR ( 'NONE', #364, 1000.000000000000114 ) ;
#1841 = CIRCLE ( 'NONE', #2100, 3.000000000000002665 ) ;
#1842 = CARTESIAN_POINT ( 'NONE',  ( 532.1962631371208090, 330.5653046830636868, -34.00000000000004263 ) ) ;
#1843 = VECTOR ( 'NONE', #459, 1000.000000000000114 ) ;
#1844 = VECTOR ( 'NONE', #548, 1000.000000000000000 ) ;
#1845 = AXIS2_PLACEMENT_3D ( 'NONE', #2557, #648, #1601 ) ;
#1846 = EDGE_CURVE ( 'NONE', #2631, #470, #777, .T. ) ;
#1847 = CARTESIAN_POINT ( 'NONE',  ( 482.9435253070262775, 296.8730760041622148, 3.249999999999961364 ) ) ;
#1848 = EDGE_CURVE ( 'NONE', #2242, #147, #2727, .T. ) ;
#1849 = VECTOR ( 'NONE', #704, 1000.000000000000000 ) ;
#1850 = LINE ( 'NONE', #1647, #670 ) ;
#1851 = ADVANCED_FACE ( 'NONE', ( #2474 ), #2183, .F. ) ;
#1852 = DIRECTION ( 'NONE',  ( 0.9835928335641609399, 0.1804027099608671025, 0.000000000000000000 ) ) ;
#1853 = VECTOR ( 'NONE', #2667, 1000.000000000000000 ) ;
#1854 = LINE ( 'NONE', #2113, #83 ) ;
#1855 = DIRECTION ( 'NONE',  ( -0.000000000000000000, -0.000000000000000000, 1.000000000000000000 ) ) ;
#1856 = ORIENTED_EDGE ( 'NONE', *, *, #668, .T. ) ;
#1857 = ORIENTED_EDGE ( 'NONE', *, *, #151, .F. ) ;
#1858 = DIRECTION ( 'NONE',  ( 0.9835928335641610509, -0.1804027099608666029, 0.000000000000000000 ) ) ;
#1859 = ADVANCED_FACE ( 'NONE', ( #1284, #113, #1690 ), #543, .T. ) ;
#1860 = CARTESIAN_POINT ( 'NONE',  ( 532.1962631371208090, 330.5653046830636868, 33.99999999999996447 ) ) ;
#1861 = CARTESIAN_POINT ( 'NONE',  ( 482.9435253070262775, 296.8730760041622148, 19.24999999999996092 ) ) ;
#1862 = ORIENTED_EDGE ( 'NONE', *, *, #1941, .T. ) ;
#1863 = LINE ( 'NONE', #2360, #1265 ) ;
#1864 = PLANE ( 'NONE',  #867 ) ;
#1865 = DIRECTION ( 'NONE',  ( -0.9835928335641609399, -0.1804027099608671025, 0.000000000000000000 ) ) ;
#1866 = ORIENTED_EDGE ( 'NONE', *, *, #1823, .T. ) ;
#1867 = CARTESIAN_POINT ( 'NONE',  ( 496.6871251762024144, 297.1230760041622716, -35.25000000000004263 ) ) ;
#1868 = CARTESIAN_POINT ( 'NONE',  ( 537.1871251762021302, 372.4672861334084928, -15.50000000000003908 ) ) ;
#1869 = ORIENTED_EDGE ( 'NONE', *, *, #2617, .F. ) ;
#1870 = EDGE_CURVE ( 'NONE', #2751, #306, #1518, .T. ) ;
#1871 = ORIENTED_EDGE ( 'NONE', *, *, #2785, .F. ) ;
#1872 = CARTESIAN_POINT ( 'NONE',  ( 563.8622693889246875, 364.2982202168839194, -37.50000000000004263 ) ) ;
#1873 = ORIENTED_EDGE ( 'NONE', *, *, #388, .F. ) ;
#1874 = DIRECTION ( 'NONE',  ( -1.000000000000000000, 0.000000000000000000, 0.000000000000000000 ) ) ;
#1875 = LINE ( 'NONE', #1911, #721 ) ;
#1876 = EDGE_CURVE ( 'NONE', #174, #1765, #1503, .T. ) ;
#1877 = EDGE_CURVE ( 'NONE', #160, #2164, #1040, .T. ) ;
#1878 = CARTESIAN_POINT ( 'NONE',  ( 531.1187835694558999, 362.1230760041622716, 33.99999999999996447 ) ) ;
#1879 = CARTESIAN_POINT ( 'NONE',  ( 497.9370932688832454, 297.1230760041622716, 3.249999999999961364 ) ) ;
#1880 = DIRECTION ( 'NONE',  ( 0.000000000000000000, 0.000000000000000000, 1.000000000000000000 ) ) ;
#1881 = ORIENTED_EDGE ( 'NONE', *, *, #1239, .T. ) ;
#1882 = CARTESIAN_POINT ( 'NONE',  ( 537.4907644560641984, 366.0074379256797101, 15.49999999999996092 ) ) ;
#1883 = ORIENTED_EDGE ( 'NONE', *, *, #1757, .T. ) ;
#1884 = ORIENTED_EDGE ( 'NONE', *, *, #1325, .T. ) ;
#1885 = ORIENTED_EDGE ( 'NONE', *, *, #71, .F. ) ;
#1886 = DIRECTION ( 'NONE',  ( 1.000000000000000000, 0.000000000000000000, 0.000000000000000000 ) ) ;
#1887 = ORIENTED_EDGE ( 'NONE', *, *, #2649, .F. ) ;
#1888 = EDGE_CURVE ( 'NONE', #1979, #1384, #1993, .T. ) ;
#1889 = CARTESIAN_POINT ( 'NONE',  ( 497.9370932688832454, 297.1230760041622716, 19.24999999999996092 ) ) ;
#1890 = EDGE_CURVE ( 'NONE', #123, #829, #574, .T. ) ;
#1891 = PLANE ( 'NONE',  #1068 ) ;
#1892 = VECTOR ( 'NONE', #2674, 1000.000000000000000 ) ;
#1893 = VECTOR ( 'NONE', #2335, 1000.000000000000000 ) ;
#1894 = DIRECTION ( 'NONE',  ( -0.000000000000000000, -0.000000000000000000, -1.000000000000000000 ) ) ;
#1895 = CARTESIAN_POINT ( 'NONE',  ( 563.8622693889246875, 364.2982202168839194, -15.50000000000003908 ) ) ;
#1896 = VECTOR ( 'NONE', #2624, 1000.000000000000114 ) ;
#1897 = DIRECTION ( 'NONE',  ( -0.000000000000000000, -0.000000000000000000, 1.000000000000000000 ) ) ;
#1898 = ORIENTED_EDGE ( 'NONE', *, *, #2308, .T. ) ;
#1899 = VECTOR ( 'NONE', #1283, 1000.000000000000114 ) ;
#1900 = ORIENTED_EDGE ( 'NONE', *, *, #2384, .F. ) ;
#1901 = AXIS2_PLACEMENT_3D ( 'NONE', #2223, #2495, #154 ) ;
#1902 = LINE ( 'NONE', #2867, #2814 ) ;
#1903 = CARTESIAN_POINT ( 'NONE',  ( 490.6827992885719709, 297.1230760041622716, -12.75000000000003375 ) ) ;
#1904 = CIRCLE ( 'NONE', #2664, 6.000000000000005329 ) ;
#1905 = VECTOR ( 'NONE', #1639, 1000.000000000000000 ) ;
#1906 = VERTEX_POINT ( 'NONE', #594 ) ;
#1907 = ORIENTED_EDGE ( 'NONE', *, *, #172, .F. ) ;
#1908 = VECTOR ( 'NONE', #2781, 1000.000000000000000 ) ;
#1909 = DIRECTION ( 'NONE',  ( -0.000000000000000000, -0.000000000000000000, 1.000000000000000000 ) ) ;
#1910 = EDGE_LOOP ( 'NONE', ( #258, #3022 ) ) ;
#1911 = CARTESIAN_POINT ( 'NONE',  ( 566.3956512327946484, 337.7202066561644642, 37.49999999999996447 ) ) ;
#1912 = EDGE_LOOP ( 'NONE', ( #23, #1873, #1900, #2007 ) ) ;
#1913 = CARTESIAN_POINT ( 'NONE',  ( 569.8607300588620319, 329.1550970397983633, 37.49999999999996447 ) ) ;
#1914 = DIRECTION ( 'NONE',  ( 1.000000000000000000, 0.000000000000000000, -0.000000000000000000 ) ) ;
#1915 = LINE ( 'NONE', #2363, #525 ) ;
#1916 = VERTEX_POINT ( 'NONE', #1534 ) ;
#1917 = LINE ( 'NONE', #2940, #1804 ) ;
#1918 = CARTESIAN_POINT ( 'NONE',  ( 542.7487605076147474, 307.1230760041622716, 37.49999999999996447 ) ) ;
#1919 = EDGE_CURVE ( 'NONE', #864, #2740, #1248, .T. ) ;
#1920 = VERTEX_POINT ( 'NONE', #1962 ) ;
#1921 = EDGE_LOOP ( 'NONE', ( #2140, #1679, #2668, #3043, #2683, #1528, #167, #1000, #1884, #475, #1294, #2193, #319, #2897, #1866, #2138 ) ) ;
#1922 = LINE ( 'NONE', #2370, #3060 ) ;
#1923 = ORIENTED_EDGE ( 'NONE', *, *, #193, .F. ) ;
#1924 = CARTESIAN_POINT ( 'NONE',  ( 563.8622693889246875, 364.2982202168839194, 9.249999999999960920 ) ) ;
#1925 = ORIENTED_EDGE ( 'NONE', *, *, #1057, .T. ) ;
#1926 = CARTESIAN_POINT ( 'NONE',  ( 563.8622693889246875, 364.2982202168839194, 9.249999999999960920 ) ) ;
#1927 = DIRECTION ( 'NONE',  ( 0.000000000000000000, -0.000000000000000000, 1.000000000000000000 ) ) ;
#1928 = CARTESIAN_POINT ( 'NONE',  ( 526.5820295195026119, 269.6003328271153805, 37.49999999999996447 ) ) ;
#1929 = LINE ( 'NONE', #546, #2466 ) ;
#1930 = CARTESIAN_POINT ( 'NONE',  ( 490.6827992885719709, 297.1230760041622716, 3.249999999999961364 ) ) ;
#1931 = ORIENTED_EDGE ( 'NONE', *, *, #733, .F. ) ;
#1932 = ORIENTED_EDGE ( 'NONE', *, *, #1848, .F. ) ;
#1933 = LINE ( 'NONE', #723, #2364 ) ;
#1934 = ORIENTED_EDGE ( 'NONE', *, *, #2111, .T. ) ;
#1935 = EDGE_CURVE ( 'NONE', #2137, #2982, #868, .T. ) ;
#1936 = CARTESIAN_POINT ( 'NONE',  ( 497.9370932688832454, 297.1230760041622716, 35.24999999999996447 ) ) ;
#1937 = PLANE ( 'NONE',  #1072 ) ;
#1938 = PLANE ( 'NONE',  #2143 ) ;
#1939 = CARTESIAN_POINT ( 'NONE',  ( 543.1871251762021302, 372.4672861334084928, 12.49999999999996270 ) ) ;
#1940 = VECTOR ( 'NONE', #1334, 1000.000000000000000 ) ;
#1941 = EDGE_CURVE ( 'NONE', #70, #2780, #2270, .T. ) ;
#1942 = EDGE_CURVE ( 'NONE', #720, #741, #609, .T. ) ;
#1943 = LINE ( 'NONE', #1482, #2608 ) ;
#1944 = AXIS2_PLACEMENT_3D ( 'NONE', #1087, #1772, #850 ) ;
#1945 = EDGE_CURVE ( 'NONE', #2895, #2395, #1345, .T. ) ;
#1946 = CARTESIAN_POINT ( 'NONE',  ( 490.6827992885719709, 297.1230760041622716, 37.49999999999996447 ) ) ;
#1947 = LINE ( 'NONE', #795, #2859 ) ;
#1948 = VECTOR ( 'NONE', #654, 1000.000000000000000 ) ;
#1949 = CIRCLE ( 'NONE', #576, 3.000000000000002665 ) ;
#1950 = ORIENTED_EDGE ( 'NONE', *, *, #1130, .F. ) ;
#1951 = VECTOR ( 'NONE', #2195, 1000.000000000000000 ) ;
#1952 = VERTEX_POINT ( 'NONE', #1115 ) ;
#1953 = DIRECTION ( 'NONE',  ( -0.000000000000000000, -0.000000000000000000, -1.000000000000000000 ) ) ;
#1954 = ORIENTED_EDGE ( 'NONE', *, *, #2252, .F. ) ;
#1955 = VECTOR ( 'NONE', #486, 1000.000000000000000 ) ;
#1956 = EDGE_LOOP ( 'NONE', ( #1396, #645, #1086, #106, #2291, #921, #1954 ) ) ;
#1957 = AXIS2_PLACEMENT_3D ( 'NONE', #2825, #2053, #3018 ) ;
#1958 = APPROVAL ( #206, '未' ) ;
#1959 = EDGE_LOOP ( 'NONE', ( #1818, #984, #2798, #981 ) ) ;
#1960 = CARTESIAN_POINT ( 'NONE',  ( 537.4907644560641984, 366.0074379256797101, 12.49999999999996270 ) ) ;
#1961 = CARTESIAN_POINT ( 'NONE',  ( 540.1871251762021302, 372.4672861334084928, -15.50000000000003908 ) ) ;
#1962 = CARTESIAN_POINT ( 'NONE',  ( 540.0229908289496734, 366.9156105377654740, 12.49999999999996270 ) ) ;
#1963 = CARTESIAN_POINT ( 'NONE',  ( 518.8397970230198553, 323.5236022631673336, -34.00000000000004974 ) ) ;
#1964 = DIRECTION ( 'NONE',  ( 0.000000000000000000, 0.000000000000000000, 1.000000000000000000 ) ) ;
#1965 = LINE ( 'NONE', #1946, #2356 ) ;
#1966 = CARTESIAN_POINT ( 'NONE',  ( 564.6665225174216403, 357.3445753521168058, 12.49999999999996270 ) ) ;
#1967 = EDGE_LOOP ( 'NONE', ( #586, #2192, #322, #2599 ) ) ;
#1968 = ORIENTED_EDGE ( 'NONE', *, *, #544, .T. ) ;
#1969 = ORIENTED_EDGE ( 'NONE', *, *, #415, .F. ) ;
#1970 = CARTESIAN_POINT ( 'NONE',  ( 490.6827992885719709, 297.1230760041622716, -3.250000000000036415 ) ) ;
#1971 = ORIENTED_EDGE ( 'NONE', *, *, #449, .F. ) ;
#1972 = VERTEX_POINT ( 'NONE', #194 ) ;
#1973 = VERTEX_POINT ( 'NONE', #2988 ) ;
#1974 = DIRECTION ( 'NONE',  ( -1.000000000000000000, 0.000000000000000000, 0.000000000000000000 ) ) ;
#1975 = DIRECTION ( 'NONE',  ( -1.000000000000000000, 0.000000000000000000, 0.000000000000000000 ) ) ;
#1976 = EDGE_CURVE ( 'NONE', #2596, #1301, #3031, .T. ) ;
#1977 = DIRECTION ( 'NONE',  ( 1.000000000000000000, 0.000000000000000000, 0.000000000000000000 ) ) ;
#1978 = DIRECTION ( 'NONE',  ( -0.000000000000000000, -0.000000000000000000, -1.000000000000000000 ) ) ;
#1979 = VERTEX_POINT ( 'NONE', #1773 ) ;
#1980 = CARTESIAN_POINT ( 'NONE',  ( 557.8622693889246875, 364.2982202168839194, 9.249999999999960920 ) ) ;
#1981 = CARTESIAN_POINT ( 'NONE',  ( 561.8737408388974472, 397.1807686454992563, -15.50000000000003908 ) ) ;
#1982 = LINE ( 'NONE', #584, #2153 ) ;
#1983 = ORIENTED_EDGE ( 'NONE', *, *, #2742, .T. ) ;
#1984 = VERTEX_POINT ( 'NONE', #1089 ) ;
#1985 = VERTEX_POINT ( 'NONE', #1377 ) ;
#1986 = LINE ( 'NONE', #2966, #188 ) ;
#1987 = ORIENTED_EDGE ( 'NONE', *, *, #986, .T. ) ;
#1988 = ADVANCED_FACE ( 'NONE', ( #131, #439 ), #2523, .T. ) ;
#1989 = ORIENTED_EDGE ( 'NONE', *, *, #2116, .T. ) ;
#1990 = EDGE_CURVE ( 'NONE', #732, #2498, #2506, .T. ) ;
#1991 = FACE_OUTER_BOUND ( 'NONE', #2066, .T. ) ;
#1992 = CARTESIAN_POINT ( 'NONE',  ( 482.9435253070262775, 297.3730760041622148, 19.24999999999996092 ) ) ;
#1993 = LINE ( 'NONE', #806, #2804 ) ;
#1994 = DATE_TIME_ROLE ( 'creation_date' ) ;
#1995 = LINE ( 'NONE', #825, #1750 ) ;
#1996 = CARTESIAN_POINT ( 'NONE',  ( 497.9370932688833591, 294.1230760041622716, -28.75000000000004263 ) ) ;
#1997 = CIRCLE ( 'NONE', #1404, 10.00000000000000888 ) ;
#1998 = FACE_OUTER_BOUND ( 'NONE', #2432, .T. ) ;
#1999 = ORIENTED_EDGE ( 'NONE', *, *, #1441, .T. ) ;
#2000 = VECTOR ( 'NONE', #2362, 1000.000000000000000 ) ;
#2001 = EDGE_LOOP ( 'NONE', ( #2050, #972, #2035, #846, #2078, #2586, #1011, #59, #2926 ) ) ;
#2002 = ORIENTED_EDGE ( 'NONE', *, *, #1130, .T. ) ;
#2003 = CARTESIAN_POINT ( 'NONE',  ( 497.9370932688832454, 297.1230760041622716, 19.24999999999996092 ) ) ;
#2004 = AXIS2_PLACEMENT_3D ( 'NONE', #1918, #747, #2881 ) ;
#2005 = ORIENTED_EDGE ( 'NONE', *, *, #858, .T. ) ;
#2006 = CIRCLE ( 'NONE', #3010, 3.000000000000002665 ) ;
#2007 = ORIENTED_EDGE ( 'NONE', *, *, #3065, .T. ) ;
#2008 = AXIS2_PLACEMENT_3D ( 'NONE', #295, #347, #1975 ) ;
#2009 = AXIS2_PLACEMENT_3D ( 'NONE', #1740, #2240, #561 ) ;
#2010 = ORIENTED_EDGE ( 'NONE', *, *, #610, .T. ) ;
#2011 = CARTESIAN_POINT ( 'NONE',  ( 497.9370932688832454, 300.1230760041622148, 19.24999999999996092 ) ) ;
#2012 = AXIS2_PLACEMENT_3D ( 'NONE', #1872, #260, #40 ) ;
#2013 = AXIS2_PLACEMENT_3D ( 'NONE', #1712, #2677, #1726 ) ;
#2014 = LINE ( 'NONE', #1589, #1940 ) ;
#2015 = EDGE_CURVE ( 'NONE', #245, #766, #1358, .T. ) ;
#2016 = DIRECTION ( 'NONE',  ( 0.2358829884091472318, 0.9717814650317067038, 0.000000000000000000 ) ) ;
#2017 = PLANE ( 'NONE',  #76 ) ;
#2018 = DIRECTION ( 'NONE',  ( -1.000000000000000000, -4.625929269271489858E-16, 0.000000000000000000 ) ) ;
#2019 = ORIENTED_EDGE ( 'NONE', *, *, #2642, .F. ) ;
#2020 = VERTEX_POINT ( 'NONE', #621 ) ;
#2021 = EDGE_CURVE ( 'NONE', #864, #2913, #227, .T. ) ;
#2022 = VERTEX_POINT ( 'NONE', #2774 ) ;
#2023 = ORIENTED_EDGE ( 'NONE', *, *, #2676, .T. ) ;
#2024 = FACE_OUTER_BOUND ( 'NONE', #1672, .T. ) ;
#2025 = EDGE_CURVE ( 'NONE', #2228, #1067, #2563, .T. ) ;
#2026 = ORIENTED_EDGE ( 'NONE', *, *, #1504, .F. ) ;
#2027 = EDGE_CURVE ( 'NONE', #1067, #491, #1157, .T. ) ;
#2028 = ORIENTED_EDGE ( 'NONE', *, *, #2425, .T. ) ;
#2029 = LINE ( 'NONE', #405, #1799 ) ;
#2030 = CARTESIAN_POINT ( 'NONE',  ( 515.7671445678416831, 291.0342890292347420, 37.49999999999996447 ) ) ;
#2031 = ORIENTED_EDGE ( 'NONE', *, *, #308, .T. ) ;
#2032 = DIRECTION ( 'NONE',  ( -0.000000000000000000, -0.000000000000000000, -1.000000000000000000 ) ) ;
#2033 = CARTESIAN_POINT ( 'NONE',  ( 540.1871251762021302, 372.4672861334084928, 12.49999999999996270 ) ) ;
#2034 = DIRECTION ( 'NONE',  ( 1.000000000000000000, 0.000000000000000000, 0.000000000000000000 ) ) ;
#2035 = ORIENTED_EDGE ( 'NONE', *, *, #1629, .F. ) ;
#2036 = EDGE_LOOP ( 'NONE', ( #2010, #844, #1046, #1509 ) ) ;
#2037 = ORIENTED_EDGE ( 'NONE', *, *, #1090, .T. ) ;
#2038 = CARTESIAN_POINT ( 'NONE',  ( 563.8622693889246875, 364.2982202168839194, -12.50000000000003908 ) ) ;
#2039 = ORIENTED_EDGE ( 'NONE', *, *, #2644, .T. ) ;
#2040 = CARTESIAN_POINT ( 'NONE',  ( 482.9435253070262775, 296.8730760041622148, 12.74999999999996270 ) ) ;
#2041 = EDGE_CURVE ( 'NONE', #1009, #2977, #1743, .T. ) ;
#2042 = CARTESIAN_POINT ( 'NONE',  ( 564.6665225174216403, 357.3445753521168058, -15.50000000000003908 ) ) ;
#2043 = APPROVAL_ROLE ( '' ) ;
#2044 = DIRECTION ( 'NONE',  ( -0.000000000000000000, -0.000000000000000000, -1.000000000000000000 ) ) ;
#2045 = DIRECTION ( 'NONE',  ( -0.000000000000000000, -0.000000000000000000, 1.000000000000000000 ) ) ;
#2046 = DIRECTION ( 'NONE',  ( -1.000000000000000000, 0.000000000000000000, 0.000000000000000000 ) ) ;
#2047 = ADVANCED_FACE ( 'NONE', ( #1567 ), #396, .F. ) ;
#2048 = ORIENTED_EDGE ( 'NONE', *, *, #115, .T. ) ;
#2049 = EDGE_LOOP ( 'NONE', ( #1931, #2094, #749, #3026 ) ) ;
#2050 = ORIENTED_EDGE ( 'NONE', *, *, #2550, .T. ) ;
#2051 = CARTESIAN_POINT ( 'NONE',  ( 497.9370932688832454, 297.1230760041622716, -28.75000000000004263 ) ) ;
#2052 = AXIS2_PLACEMENT_3D ( 'NONE', #2862, #2403, #1436 ) ;
#2053 = DIRECTION ( 'NONE',  ( 0.000000000000000000, 0.000000000000000000, 1.000000000000000000 ) ) ;
#2054 = AXIS2_PLACEMENT_3D ( 'NONE', #2055, #362, #865 ) ;
#2055 = CARTESIAN_POINT ( 'NONE',  ( 564.6665225174216403, 357.3445753521168058, 15.49999999999996092 ) ) ;
#2056 = AXIS2_PLACEMENT_3D ( 'NONE', #2924, #1763, #1044 ) ;
#2057 = EDGE_CURVE ( 'NONE', #1556, #563, #2014, .T. ) ;
#2058 = AXIS2_PLACEMENT_3D ( 'NONE', #828, #2018, #2980 ) ;
#2059 = EDGE_CURVE ( 'NONE', #2357, #1920, #2353, .T. ) ;
#2060 = VECTOR ( 'NONE', #3064, 1000.000000000000114 ) ;
#2061 = CARTESIAN_POINT ( 'NONE',  ( 545.6054622321162242, 376.8991732651514326, 15.49999999999996092 ) ) ;
#2062 = AXIS2_PLACEMENT_3D ( 'NONE', #2003, #68, #146 ) ;
#2063 = LINE ( 'NONE', #197, #1119 ) ;
#2064 = DIRECTION ( 'NONE',  ( 1.000000000000000000, 0.000000000000000000, 0.000000000000000000 ) ) ;
#2065 = CARTESIAN_POINT ( 'NONE',  ( 540.1871251762021302, 372.4672861334084928, -15.50000000000003908 ) ) ;
#2066 = EDGE_LOOP ( 'NONE', ( #1244, #2990, #1096, #1706 ) ) ;
#2067 = ORIENTED_EDGE ( 'NONE', *, *, #980, .T. ) ;
#2068 = CARTESIAN_POINT ( 'NONE',  ( 497.9370932688832454, 297.1230760041622716, 3.249999999999964473 ) ) ;
#2069 = FACE_OUTER_BOUND ( 'NONE', #2124, .T. ) ;
#2070 = FACE_OUTER_BOUND ( 'NONE', #2712, .T. ) ;
#2071 = DIRECTION ( 'NONE',  ( 0.000000000000000000, 0.000000000000000000, -1.000000000000000000 ) ) ;
#2072 = ORIENTED_EDGE ( 'NONE', *, *, #463, .F. ) ;
#2073 = PERSON_AND_ORGANIZATION_ROLE ( 'creator' ) ;
#2074 = EDGE_CURVE ( 'NONE', #1979, #2232, #2545, .T. ) ;
#2075 = CARTESIAN_POINT ( 'NONE',  ( 543.1871251762021302, 372.4672861334084928, -12.50000000000003908 ) ) ;
#2076 = LINE ( 'NONE', #3047, #2903 ) ;
#2077 = CARTESIAN_POINT ( 'NONE',  ( 569.8622693889246875, 364.2982202168839194, -9.250000000000039080 ) ) ;
#2078 = ORIENTED_EDGE ( 'NONE', *, *, #2181, .F. ) ;
#2079 = ADVANCED_FACE ( 'NONE', ( #1359 ), #2312, .F. ) ;
#2080 = VERTEX_POINT ( 'NONE', #1186 ) ;
#2081 = DIRECTION ( 'NONE',  ( -1.000000000000000000, 0.000000000000000000, 0.000000000000000000 ) ) ;
#2082 = DIRECTION ( 'NONE',  ( 0.2079116908177529865, -0.9781476007338070211, 0.000000000000000000 ) ) ;
#2083 = CARTESIAN_POINT ( 'NONE',  ( 482.9435253070262775, 297.3730760041622148, 12.74999999999996270 ) ) ;
#2084 = ADVANCED_FACE ( 'NONE', ( #711 ), #2340, .F. ) ;
#2085 = EDGE_CURVE ( 'NONE', #340, #1295, #1, .T. ) ;
#2086 = ADVANCED_FACE ( 'NONE', ( #2355 ), #1644, .T. ) ;
#2087 = DIRECTION ( 'NONE',  ( -0.9781476007338055778, -0.2079116908177596201, 0.000000000000000000 ) ) ;
#2088 = EDGE_LOOP ( 'NONE', ( #343, #1458, #2916, #2847, #3032, #2031, #1989, #746, #1083, #2301 ) ) ;
#2089 = CALENDAR_DATE ( 2026, 5, 8 ) ;
#2090 = CARTESIAN_POINT ( 'NONE',  ( 563.8622693889246875, 364.2982202168839194, 15.49999999999996092 ) ) ;
#2091 = CARTESIAN_POINT ( 'NONE',  ( 537.4907644560641984, 366.0074379256797101, -15.50000000000003908 ) ) ;
#2092 = DIRECTION ( 'NONE',  ( 0.3750298927712786834, -0.9270127181047534970, 0.000000000000000000 ) ) ;
#2093 = ADVANCED_FACE ( 'NONE', ( #2101 ), #971, .F. ) ;
#2094 = ORIENTED_EDGE ( 'NONE', *, *, #2181, .T. ) ;
#2095 = DIRECTION ( 'NONE',  ( -0.000000000000000000, -0.000000000000000000, 1.000000000000000000 ) ) ;
#2096 = EDGE_LOOP ( 'NONE', ( #286, #2792, #1013, #230 ) ) ;
#2097 = CARTESIAN_POINT ( 'NONE',  ( 563.8622693889246875, 364.2982202168839194, 15.49999999999996092 ) ) ;
#2098 = DIRECTION ( 'NONE',  ( -0.000000000000000000, -0.000000000000000000, -1.000000000000000000 ) ) ;
#2099 = CIRCLE ( 'NONE', #2052, 10.00000000000000888 ) ;
#2100 = AXIS2_PLACEMENT_3D ( 'NONE', #904, #495, #1184 ) ;
#2101 = FACE_OUTER_BOUND ( 'NONE', #750, .T. ) ;
#2102 = CIRCLE ( 'NONE', #380, 6.000000000000005329 ) ;
#2103 = ORIENTED_EDGE ( 'NONE', *, *, #1724, .F. ) ;
#2104 = AXIS2_PLACEMENT_3D ( 'NONE', #672, #444, #2092 ) ;
#2105 = CIRCLE ( 'NONE', #2660, 3.000000000000002665 ) ;
#2106 = CIRCLE ( 'NONE', #3059, 10.00000000000000888 ) ;
#2107 = CARTESIAN_POINT ( 'NONE',  ( 494.2062823566398038, 294.1665226612870470, 37.49999999999996447 ) ) ;
#2108 = AXIS2_PLACEMENT_3D ( 'NONE', #285, #1189, #991 ) ;
#2109 = FACE_OUTER_BOUND ( 'NONE', #675, .T. ) ;
#2110 = PLANE ( 'NONE',  #2711 ) ;
#2111 = EDGE_CURVE ( 'NONE', #2880, #2020, #3061, .T. ) ;
#2112 = AXIS2_PLACEMENT_3D ( 'NONE', #964, #2884, #1432 ) ;
#2113 = CARTESIAN_POINT ( 'NONE',  ( 545.2275958768433384, 368.0218834915961565, 37.49999999999996447 ) ) ;
#2114 = DIRECTION ( 'NONE',  ( -0.000000000000000000, -0.000000000000000000, -1.000000000000000000 ) ) ;
#2115 = ORIENTED_EDGE ( 'NONE', *, *, #2015, .F. ) ;
#2116 = EDGE_CURVE ( 'NONE', #81, #2500, #1160, .T. ) ;
#2117 = DIRECTION ( 'NONE',  ( -0.000000000000000000, -0.000000000000000000, 1.000000000000000000 ) ) ;
#2118 = CARTESIAN_POINT ( 'NONE',  ( 478.6220505243222760, 353.8644377833080057, -15.50000000000004086 ) ) ;
#2119 = EDGE_CURVE ( 'NONE', #2264, #2465, #1875, .T. ) ;
#2120 = DIRECTION ( 'NONE',  ( 0.000000000000000000, 0.000000000000000000, 1.000000000000000000 ) ) ;
#2121 = DIRECTION ( 'NONE',  ( 0.6427876096865433597, 0.7660444431189745718, 0.000000000000000000 ) ) ;
#2122 = DIRECTION ( 'NONE',  ( -0.000000000000000000, -0.000000000000000000, 1.000000000000000000 ) ) ;
#2123 = FACE_OUTER_BOUND ( 'NONE', #2272, .T. ) ;
#2124 = EDGE_LOOP ( 'NONE', ( #413, #412, #2492, #109 ) ) ;
#2125 = DIRECTION ( 'NONE',  ( 0.000000000000000000, 0.000000000000000000, 1.000000000000000000 ) ) ;
#2126 = CARTESIAN_POINT ( 'NONE',  ( 497.9370932688832454, 297.1230760041622716, -28.75000000000004263 ) ) ;
#2127 = ORIENTED_EDGE ( 'NONE', *, *, #1717, .T. ) ;
#2128 = DIRECTION ( 'NONE',  ( 0.000000000000000000, -1.000000000000000000, 0.000000000000000000 ) ) ;
#2129 = LINE ( 'NONE', #215, #872 ) ;
#2130 = DIRECTION ( 'NONE',  ( 1.000000000000000000, 0.000000000000000000, 0.000000000000000000 ) ) ;
#2131 = ADVANCED_FACE ( 'NONE', ( #928 ), #1434, .F. ) ;
#2132 = CARTESIAN_POINT ( 'NONE',  ( 545.2275958768433384, 368.0218834915961565, 37.49999999999996447 ) ) ;
#2133 = CARTESIAN_POINT ( 'NONE',  ( 560.8622693889246875, 364.2982202168839194, -37.50000000000004263 ) ) ;
#2134 = CARTESIAN_POINT ( 'NONE',  ( 497.9457746229683721, 298.6230760041622716, -34.00000000000004974 ) ) ;
#2135 = EDGE_LOOP ( 'NONE', ( #962, #22, #1291, #2163, #1196, #1101, #1370, #501, #254, #611, #2914, #1950, #2447, #1856, #2680, #2209, #2530, #1274, #1190, #1128, #3009, #618, #1885, #811, #1661, #2321, #1780, #1869 ) ) ;
#2136 = FACE_OUTER_BOUND ( 'NONE', #2620, .T. ) ;
#2137 = VERTEX_POINT ( 'NONE', #238 ) ;
#2138 = ORIENTED_EDGE ( 'NONE', *, *, #2725, .T. ) ;
#2139 = DIRECTION ( 'NONE',  ( -0.000000000000000000, 1.000000000000000000, -0.000000000000000000 ) ) ;
#2140 = ORIENTED_EDGE ( 'NONE', *, *, #1233, .F. ) ;
#2141 = CARTESIAN_POINT ( 'NONE',  ( 540.1871251762021302, 372.4672861334084928, -37.50000000000004263 ) ) ;
#2142 = CC_DESIGN_PERSON_AND_ORGANIZATION_ASSIGNMENT ( #2219, #2452, ( #225 ) ) ;
#2143 = AXIS2_PLACEMENT_3D ( 'NONE', #1480, #2490, #528 ) ;
#2144 = ADVANCED_FACE ( 'NONE', ( #1174 ), #483, .F. ) ;
#2145 = ADVANCED_FACE ( 'NONE', ( #740 ), #684, .T. ) ;
#2146 = CIRCLE ( 'NONE', #2004, 10.00000000000000888 ) ;
#2147 = FACE_OUTER_BOUND ( 'NONE', #2259, .T. ) ;
#2148 = DIRECTION ( 'NONE',  ( -0.000000000000000000, -0.000000000000000000, 1.000000000000000000 ) ) ;
#2149 = VECTOR ( 'NONE', #1602, 1000.000000000000000 ) ;
#2150 = LINE ( 'NONE', #1408, #2518 ) ;
#2151 = ORIENTED_EDGE ( 'NONE', *, *, #1441, .F. ) ;
#2152 = VECTOR ( 'NONE', #1448, 1000.000000000000000 ) ;
#2153 = VECTOR ( 'NONE', #1500, 1000.000000000000000 ) ;
#2154 = DIRECTION ( 'NONE',  ( -1.000000000000000000, 0.000000000000000000, 0.000000000000000000 ) ) ;
#2155 = DIRECTION ( 'NONE',  ( -0.000000000000000000, -0.000000000000000000, -1.000000000000000000 ) ) ;
#2156 = CIRCLE ( 'NONE', #1266, 7.000000000000006217 ) ;
#2157 = EDGE_CURVE ( 'NONE', #2872, #2540, #249, .T. ) ;
#2158 = AXIS2_PLACEMENT_3D ( 'NONE', #1224, #2346, #2154 ) ;
#2159 = LOCAL_TIME ( 16, 5, 43.00000000000000000, #1285 ) ;
#2160 = ORIENTED_EDGE ( 'NONE', *, *, #2520, .F. ) ;
#2161 = VECTOR ( 'NONE', #676, 1000.000000000000000 ) ;
#2162 = DIRECTION ( 'NONE',  ( -1.000000000000000000, 0.000000000000000000, 0.000000000000000000 ) ) ;
#2163 = ORIENTED_EDGE ( 'NONE', *, *, #2959, .F. ) ;
#2164 = VERTEX_POINT ( 'NONE', #728 ) ;
#2165 = CARTESIAN_POINT ( 'NONE',  ( 563.7275240965377634, 318.0509779275960796, 37.49999999999996447 ) ) ;
#2166 = ORIENTED_EDGE ( 'NONE', *, *, #1586, .F. ) ;
#2167 = CARTESIAN_POINT ( 'NONE',  ( 540.1871251762021302, 372.4672861334084928, 15.49999999999996092 ) ) ;
#2168 = CARTESIAN_POINT ( 'NONE',  ( 540.0229908289496734, 366.9156105377654740, -37.50000000000004263 ) ) ;
#2169 = DIRECTION ( 'NONE',  ( 1.000000000000000000, 0.000000000000000000, 0.000000000000000000 ) ) ;
#2170 = DIRECTION ( 'NONE',  ( -0.000000000000000000, 0.000000000000000000, 1.000000000000000000 ) ) ;
#2171 = CARTESIAN_POINT ( 'NONE',  ( 542.1021077371270849, 357.1341345304273887, 37.49999999999996447 ) ) ;
#2172 = ADVANCED_FACE ( 'NONE', ( #13 ), #1891, .F. ) ;
#2173 = ORIENTED_EDGE ( 'NONE', *, *, #403, .F. ) ;
#2174 = ORIENTED_EDGE ( 'NONE', *, *, #193, .T. ) ;
#2175 = CARTESIAN_POINT ( 'NONE',  ( 563.8622693889246875, 364.2982202168839194, -9.250000000000039080 ) ) ;
#2176 = EDGE_LOOP ( 'NONE', ( #2341, #1883, #1729, #2206, #831, #1425, #18 ) ) ;
#2177 = EDGE_LOOP ( 'NONE', ( #2160, #1241, #589, #957 ) ) ;
#2178 = CARTESIAN_POINT ( 'NONE',  ( 482.9435253070262775, 297.3730760041622148, -3.250000000000039524 ) ) ;
#2179 = EDGE_CURVE ( 'NONE', #2587, #174, #1663, .T. ) ;
#2180 = ADVANCED_FACE ( 'NONE', ( #263 ), #1197, .F. ) ;
#2181 = EDGE_CURVE ( 'NONE', #262, #906, #571, .T. ) ;
#2182 = DIRECTION ( 'NONE',  ( 4.625929269271489858E-16, -1.000000000000000000, 0.000000000000000000 ) ) ;
#2183 = PLANE ( 'NONE',  #1114 ) ;
#2184 = CARTESIAN_POINT ( 'NONE',  ( 0.000000000000000000, 0.000000000000000000, 0.000000000000000000 ) ) ;
#2185 = LINE ( 'NONE', #2662, #1166 ) ;
#2186 = CYLINDRICAL_SURFACE ( 'NONE', #914, 6.000000000000005329 ) ;
#2187 = LINE ( 'NONE', #480, #2811 ) ;
#2188 = APPROVAL ( #2975, '未' ) ;
#2189 = EDGE_LOOP ( 'NONE', ( #832, #1255, #935, #1308 ) ) ;
#2190 = ORIENTED_EDGE ( 'NONE', *, *, #1598, .T. ) ;
#2191 = CARTESIAN_POINT ( 'NONE',  ( 551.5203941082139636, 366.4595721928116063, -34.00000000000004263 ) ) ;
#2192 = ORIENTED_EDGE ( 'NONE', *, *, #82, .F. ) ;
#2193 = ORIENTED_EDGE ( 'NONE', *, *, #2836, .T. ) ;
#2194 = DIRECTION ( 'NONE',  ( -1.000000000000000000, 0.000000000000000000, 0.000000000000000000 ) ) ;
#2195 = DIRECTION ( 'NONE',  ( 0.6084315436571356983, 0.7936063612919159738, 0.000000000000000000 ) ) ;
#2196 = FACE_OUTER_BOUND ( 'NONE', #2510, .T. ) ;
#2197 = CYLINDRICAL_SURFACE ( 'NONE', #920, 30.00000000000002842 ) ;
#2198 = AXIS2_PLACEMENT_3D ( 'NONE', #1633, #509, #496 ) ;
#2199 = ORIENTED_EDGE ( 'NONE', *, *, #1465, .T. ) ;
#2200 = CARTESIAN_POINT ( 'NONE',  ( 490.6827992885719709, 297.1230760041622716, -3.250000000000039524 ) ) ;
#2201 = AXIS2_PLACEMENT_3D ( 'NONE', #2901, #2724, #2698 ) ;
#2202 = DIRECTION ( 'NONE',  ( 0.000000000000000000, 0.000000000000000000, -1.000000000000000000 ) ) ;
#2203 = FACE_OUTER_BOUND ( 'NONE', #2922, .T. ) ;
#2204 = AXIS2_PLACEMENT_3D ( 'NONE', #1593, #2526, #910 ) ;
#2205 = VECTOR ( 'NONE', #1222, 1000.000000000000114 ) ;
#2206 = ORIENTED_EDGE ( 'NONE', *, *, #659, .T. ) ;
#2207 = VECTOR ( 'NONE', #2016, 1000.000000000000114 ) ;
#2208 = VERTEX_POINT ( 'NONE', #1218 ) ;
#2209 = ORIENTED_EDGE ( 'NONE', *, *, #1183, .F. ) ;
#2210 = VECTOR ( 'NONE', #37, 1000.000000000000000 ) ;
#2211 = CARTESIAN_POINT ( 'NONE',  ( 551.5203941082139636, 366.4595721928116063, -34.00000000000004263 ) ) ;
#2212 = EDGE_LOOP ( 'NONE', ( #2681, #1156, #2443, #2528 ) ) ;
#2213 = VECTOR ( 'NONE', #2744, 1000.000000000000000 ) ;
#2214 = VECTOR ( 'NONE', #2782, 1000.000000000000000 ) ;
#2215 = EDGE_CURVE ( 'NONE', #2982, #2696, #378, .T. ) ;
#2216 = LINE ( 'NONE', #1282, #767 ) ;
#2217 = DIRECTION ( 'NONE',  ( -0.6427876096865433597, -0.7660444431189745718, 0.000000000000000000 ) ) ;
#2218 = CARTESIAN_POINT ( 'NONE',  ( 560.8622693889246875, 364.2982202168839194, 9.249999999999960920 ) ) ;
#2219 = PERSON_AND_ORGANIZATION ( #804, #2564 ) ;
#2220 = ORIENTED_EDGE ( 'NONE', *, *, #1149, .T. ) ;
#2221 = DIRECTION ( 'NONE',  ( 0.000000000000000000, -1.000000000000000000, 0.000000000000000000 ) ) ;
#2222 = FACE_BOUND ( 'NONE', #2365, .T. ) ;
#2223 = CARTESIAN_POINT ( 'NONE',  ( 542.7487605076147474, 307.1230760041622716, 37.49999999999996447 ) ) ;
#2224 = EDGE_CURVE ( 'NONE', #604, #1830, #2006, .T. ) ;
#2225 = ORIENTED_EDGE ( 'NONE', *, *, #858, .F. ) ;
#2226 = EDGE_CURVE ( 'NONE', #2767, #976, #60, .T. ) ;
#2227 = VERTEX_POINT ( 'NONE', #1264 ) ;
#2228 = VERTEX_POINT ( 'NONE', #772 ) ;
#2229 = PLANE ( 'NONE',  #2062 ) ;
#2230 = ORIENTED_EDGE ( 'NONE', *, *, #280, .T. ) ;
#2231 = ORIENTED_EDGE ( 'NONE', *, *, #2454, .F. ) ;
#2232 = VERTEX_POINT ( 'NONE', #1688 ) ;
#2233 = CARTESIAN_POINT ( 'NONE',  ( 482.9435253070262775, 296.8730760041622148, 35.24999999999996447 ) ) ;
#2234 = CARTESIAN_POINT ( 'NONE',  ( 494.2062823566398038, 294.1665226612870470, -3.250000000000036415 ) ) ;
#2235 = CARTESIAN_POINT ( 'NONE',  ( 540.0229908289496734, 366.9156105377654740, 37.49999999999996447 ) ) ;
#2236 = FACE_OUTER_BOUND ( 'NONE', #182, .T. ) ;
#2237 = ORIENTED_EDGE ( 'NONE', *, *, #1131, .T. ) ;
#2238 = PLANE ( 'NONE',  #1125 ) ;
#2239 = DIRECTION ( 'NONE',  ( -0.000000000000000000, 1.000000000000000000, -0.000000000000000000 ) ) ;
#2240 = DIRECTION ( 'NONE',  ( 1.000000000000000000, 0.000000000000000000, -0.000000000000000000 ) ) ;
#2241 = ORIENTED_EDGE ( 'NONE', *, *, #2435, .T. ) ;
#2242 = VERTEX_POINT ( 'NONE', #2233 ) ;
#2243 = ORIENTED_EDGE ( 'NONE', *, *, #1586, .T. ) ;
#2244 = VERTEX_POINT ( 'NONE', #2685 ) ;
#2245 = FACE_OUTER_BOUND ( 'NONE', #2963, .T. ) ;
#2246 = ORIENTED_EDGE ( 'NONE', *, *, #2634, .T. ) ;
#2247 = ORIENTED_EDGE ( 'NONE', *, *, #3001, .F. ) ;
#2248 = ORIENTED_EDGE ( 'NONE', *, *, #953, .F. ) ;
#2249 = CARTESIAN_POINT ( 'NONE',  ( 566.3956512327946484, 337.7202066561644642, 15.49999999999996092 ) ) ;
#2250 = DIRECTION ( 'NONE',  ( -0.000000000000000000, -0.000000000000000000, -1.000000000000000000 ) ) ;
#2251 = CARTESIAN_POINT ( 'NONE',  ( 494.2062823566398038, 294.1665226612870470, 12.74999999999996270 ) ) ;
#2252 = EDGE_CURVE ( 'NONE', #1049, #1313, #1446, .T. ) ;
#2253 = DIRECTION ( 'NONE',  ( 1.000000000000000000, 0.000000000000000000, 0.000000000000000000 ) ) ;
#2254 = FACE_OUTER_BOUND ( 'NONE', #69, .T. ) ;
#2255 = VECTOR ( 'NONE', #1805, 1000.000000000000000 ) ;
#2256 = LINE ( 'NONE', #1539, #187 ) ;
#2257 = ORIENTED_EDGE ( 'NONE', *, *, #866, .T. ) ;
#2258 = AXIS2_PLACEMENT_3D ( 'NONE', #2577, #464, #452 ) ;
#2259 = EDGE_LOOP ( 'NONE', ( #269, #889, #1505, #1065 ) ) ;
#2260 = ORIENTED_EDGE ( 'NONE', *, *, #415, .T. ) ;
#2261 = FACE_OUTER_BOUND ( 'NONE', #1447, .T. ) ;
#2262 = VECTOR ( 'NONE', #503, 1000.000000000000000 ) ;
#2263 = AXIS2_PLACEMENT_3D ( 'NONE', #1381, #655, #2046 ) ;
#2264 = VERTEX_POINT ( 'NONE', #2918 ) ;
#2265 = VECTOR ( 'NONE', #466, 1000.000000000000114 ) ;
#2266 = CC_DESIGN_SECURITY_CLASSIFICATION ( #236, ( #2469 ) ) ;
#2267 = VERTEX_POINT ( 'NONE', #1038 ) ;
#2268 = LINE ( 'NONE', #1298, #674 ) ;
#2269 = AXIS2_PLACEMENT_3D ( 'NONE', #2794, #1110, #1099 ) ;
#2270 = LINE ( 'NONE', #407, #2255 ) ;
#2271 = CALENDAR_DATE ( 2026, 5, 8 ) ;
#2272 = EDGE_LOOP ( 'NONE', ( #797, #2237 ) ) ;
#2273 = LINE ( 'NONE', #2789, #1655 ) ;
#2274 = PLANE ( 'NONE',  #3013 ) ;
#2275 = CARTESIAN_POINT ( 'NONE',  ( 542.1021077371270849, 357.1341345304273887, -37.50000000000004263 ) ) ;
#2276 = ORIENTED_EDGE ( 'NONE', *, *, #2874, .F. ) ;
#2277 = ORIENTED_EDGE ( 'NONE', *, *, #508, .T. ) ;
#2278 = ORIENTED_EDGE ( 'NONE', *, *, #1620, .F. ) ;
#2279 = FACE_OUTER_BOUND ( 'NONE', #290, .T. ) ;
#2280 = EDGE_CURVE ( 'NONE', #2913, #1202, #1232, .T. ) ;
#2281 = ORIENTED_EDGE ( 'NONE', *, *, #2617, .T. ) ;
#2282 = ORIENTED_EDGE ( 'NONE', *, *, #2576, .F. ) ;
#2283 = LINE ( 'NONE', #1344, #1014 ) ;
#2284 = ADVANCED_FACE ( 'NONE', ( #2671 ), #541, .F. ) ;
#2285 = CARTESIAN_POINT ( 'NONE',  ( 542.1021077371270849, 357.1341345304273887, 12.49999999999996270 ) ) ;
#2286 = COORDINATED_UNIVERSAL_TIME_OFFSET ( 8, 0, .AHEAD. ) ;
#2287 = CARTESIAN_POINT ( 'NONE',  ( 515.7671445678416831, 291.0342890292347420, 37.49999999999996447 ) ) ;
#2288 = LINE ( 'NONE', #1636, #2000 ) ;
#2289 = DIRECTION ( 'NONE',  ( -1.000000000000000000, 0.000000000000000000, 0.000000000000000000 ) ) ;
#2290 = VERTEX_POINT ( 'NONE', #1478 ) ;
#2291 = ORIENTED_EDGE ( 'NONE', *, *, #3036, .F. ) ;
#2292 = DIRECTION ( 'NONE',  ( 0.000000000000000000, 0.000000000000000000, -1.000000000000000000 ) ) ;
#2293 = ADVANCED_FACE ( 'NONE', ( #2933 ), #523, .F. ) ;
#2294 = LINE ( 'NONE', #1756, #1612 ) ;
#2295 = LINE ( 'NONE', #2783, #2405 ) ;
#2296 = DIRECTION ( 'NONE',  ( 0.000000000000000000, 0.000000000000000000, 1.000000000000000000 ) ) ;
#2297 = ORIENTED_EDGE ( 'NONE', *, *, #3063, .F. ) ;
#2298 = CYLINDRICAL_SURFACE ( 'NONE', #963, 3.000000000000002665 ) ;
#2299 = DIRECTION ( 'NONE',  ( -1.000000000000000000, 0.000000000000000000, 0.000000000000000000 ) ) ;
#2300 = DIRECTION ( 'NONE',  ( -0.000000000000000000, -0.000000000000000000, 1.000000000000000000 ) ) ;
#2301 = ORIENTED_EDGE ( 'NONE', *, *, #57, .F. ) ;
#2302 = ORIENTED_EDGE ( 'NONE', *, *, #449, .T. ) ;
#2303 = CARTESIAN_POINT ( 'NONE',  ( 563.8622693889246875, 364.2982202168839194, 9.249999999999960920 ) ) ;
#2304 = VECTOR ( 'NONE', #1268, 1000.000000000000114 ) ;
#2305 = CARTESIAN_POINT ( 'NONE',  ( 566.3956512327946484, 337.7202066561644642, -37.50000000000004263 ) ) ;
#2306 = VECTOR ( 'NONE', #569, 1000.000000000000000 ) ;
#2307 = LINE ( 'NONE', #3030, #2509 ) ;
#2308 = EDGE_CURVE ( 'NONE', #2944, #245, #2422, .T. ) ;
#2309 = VECTOR ( 'NONE', #2169, 1000.000000000000000 ) ;
#2310 = CIRCLE ( 'NONE', #2112, 7.000000000000006217 ) ;
#2311 = VECTOR ( 'NONE', #1653, 1000.000000000000114 ) ;
#2312 = PLANE ( 'NONE',  #73 ) ;
#2313 = VECTOR ( 'NONE', #595, 1000.000000000000000 ) ;
#2314 = ORIENTED_EDGE ( 'NONE', *, *, #2829, .T. ) ;
#2315 = ORIENTED_EDGE ( 'NONE', *, *, #2749, .F. ) ;
#2316 = CIRCLE ( 'NONE', #36, 6.000000000000005329 ) ;
#2317 = DIRECTION ( 'NONE',  ( 1.000000000000000000, 0.000000000000000000, -0.000000000000000000 ) ) ;
#2318 = CARTESIAN_POINT ( 'NONE',  ( 494.2062823566398038, 294.1665226612870470, 35.24999999999996447 ) ) ;
#2319 = CARTESIAN_POINT ( 'NONE',  ( 482.9435253070262775, 296.8730760041622148, -28.75000000000004263 ) ) ;
#2320 = ORIENTED_EDGE ( 'NONE', *, *, #952, .F. ) ;
#2321 = ORIENTED_EDGE ( 'NONE', *, *, #2345, .T. ) ;
#2322 = DIRECTION ( 'NONE',  ( -0.000000000000000000, -0.000000000000000000, -1.000000000000000000 ) ) ;
#2323 = EDGE_CURVE ( 'NONE', #2500, #836, #1753, .T. ) ;
#2324 = EDGE_CURVE ( 'NONE', #492, #2880, #277, .T. ) ;
#2325 = ADVANCED_FACE ( 'NONE', ( #555 ), #754, .T. ) ;
#2326 = CARTESIAN_POINT ( 'NONE',  ( 561.8737408388974472, 397.1807686454992563, 12.49999999999996270 ) ) ;
#2327 = CARTESIAN_POINT ( 'NONE',  ( 564.6665225174216403, 357.3445753521168058, -12.50000000000003908 ) ) ;
#2328 = CARTESIAN_POINT ( 'NONE',  ( 531.1187835694558999, 362.1230760041622716, -34.00000000000004263 ) ) ;
#2329 = EDGE_LOOP ( 'NONE', ( #1258, #2371, #2484, #1619 ) ) ;
#2330 = DIRECTION ( 'NONE',  ( 1.000000000000000000, 0.000000000000000000, 0.000000000000000000 ) ) ;
#2331 = FACE_OUTER_BOUND ( 'NONE', #2049, .T. ) ;
#2332 = DIRECTION ( 'NONE',  ( 1.000000000000000000, 0.000000000000000000, 0.000000000000000000 ) ) ;
#2333 = ORIENTED_EDGE ( 'NONE', *, *, #253, .F. ) ;
#2334 = ORIENTED_EDGE ( 'NONE', *, *, #1935, .T. ) ;
#2335 = DIRECTION ( 'NONE',  ( -0.000000000000000000, 1.000000000000000000, -0.000000000000000000 ) ) ;
#2336 = VERTEX_POINT ( 'NONE', #2399 ) ;
#2337 = CARTESIAN_POINT ( 'NONE',  ( 556.7708244657903833, 313.3580115925323071, -34.00000000000004263 ) ) ;
#2338 = LINE ( 'NONE', #2118, #2461 ) ;
#2339 = EDGE_CURVE ( 'NONE', #1952, #2977, #1492, .T. ) ;
#2340 = PLANE ( 'NONE',  #2198 ) ;
#2341 = ORIENTED_EDGE ( 'NONE', *, *, #2345, .F. ) ;
#2342 = CARTESIAN_POINT ( 'NONE',  ( 497.9370932688833591, 298.6127299692428778, -3.250000000000036415 ) ) ;
#2343 = CARTESIAN_POINT ( 'NONE',  ( 496.6871251762024144, 297.1230760041622716, 37.49999999999996447 ) ) ;
#2344 = FACE_OUTER_BOUND ( 'NONE', #2088, .T. ) ;
#2345 = EDGE_CURVE ( 'NONE', #1328, #9, #2216, .T. ) ;
#2346 = DIRECTION ( 'NONE',  ( -0.000000000000000000, -0.000000000000000000, -1.000000000000000000 ) ) ;
#2347 = CARTESIAN_POINT ( 'NONE',  ( 545.2275958768433384, 368.0218834915961565, 12.49999999999996270 ) ) ;
#2348 = ADVANCED_FACE ( 'NONE', ( #1991 ), #2949, .F. ) ;
#2349 = ORIENTED_EDGE ( 'NONE', *, *, #463, .T. ) ;
#2350 = VERTEX_POINT ( 'NONE', #1020 ) ;
#2351 = DIRECTION ( 'NONE',  ( -0.000000000000000000, -0.000000000000000000, -1.000000000000000000 ) ) ;
#2352 = DIRECTION ( 'NONE',  ( 0.000000000000000000, 0.000000000000000000, 1.000000000000000000 ) ) ;
#2353 = CIRCLE ( 'NONE', #2763, 10.00000000000000888 ) ;
#2354 = CIRCLE ( 'NONE', #1944, 6.000000000000005329 ) ;
#2355 = FACE_OUTER_BOUND ( 'NONE', #2176, .T. ) ;
#2356 = VECTOR ( 'NONE', #2910, 1000.000000000000000 ) ;
#2357 = VERTEX_POINT ( 'NONE', #1960 ) ;
#2358 = VECTOR ( 'NONE', #223, 999.9999999999998863 ) ;
#2359 = VECTOR ( 'NONE', #1158, 1000.000000000000000 ) ;
#2360 = CARTESIAN_POINT ( 'NONE',  ( 551.5203941082139636, 366.4595721928116063, 33.99999999999996447 ) ) ;
#2361 = APPROVAL_PERSON_ORGANIZATION ( #1145, #1958, #2043 ) ;
#2362 = DIRECTION ( 'NONE',  ( -0.000000000000000000, -0.000000000000000000, -1.000000000000000000 ) ) ;
#2363 = CARTESIAN_POINT ( 'NONE',  ( 482.9435253070262775, 297.3730760041622148, -28.75000000000004263 ) ) ;
#2364 = VECTOR ( 'NONE', #1475, 1000.000000000000000 ) ;
#2365 = EDGE_LOOP ( 'NONE', ( #2692, #997 ) ) ;
#2366 = LINE ( 'NONE', #38, #1696 ) ;
#2367 = ORIENTED_EDGE ( 'NONE', *, *, #27, .T. ) ;
#2368 = ORIENTED_EDGE ( 'NONE', *, *, #940, .T. ) ;
#2369 = EDGE_CURVE ( 'NONE', #42, #2290, #882, .T. ) ;
#2370 = CARTESIAN_POINT ( 'NONE',  ( 497.9370932688832454, 300.1230760041622148, -28.75000000000004263 ) ) ;
#2371 = ORIENTED_EDGE ( 'NONE', *, *, #1724, .T. ) ;
#2372 = PLANE ( 'NONE',  #330 ) ;
#2373 = DIRECTION ( 'NONE',  ( -1.000000000000000000, 0.000000000000000000, 0.000000000000000000 ) ) ;
#2374 = ADVANCED_FACE ( 'NONE', ( #2070 ), #2971, .F. ) ;
#2375 = CARTESIAN_POINT ( 'NONE',  ( 497.9370932688832454, 300.1230760041622148, -12.75000000000003908 ) ) ;
#2376 = PLANE ( 'NONE',  #1010 ) ;
#2377 = LINE ( 'NONE', #757, #1849 ) ;
#2378 = ORIENTED_EDGE ( 'NONE', *, *, #3067, .F. ) ;
#2379 = DIRECTION ( 'NONE',  ( -0.000000000000000000, 1.000000000000000000, -0.000000000000000000 ) ) ;
#2380 = FACE_OUTER_BOUND ( 'NONE', #877, .T. ) ;
#2381 = ORIENTED_EDGE ( 'NONE', *, *, #1315, .F. ) ;
#2382 = ORIENTED_EDGE ( 'NONE', *, *, #2025, .T. ) ;
#2383 = CARTESIAN_POINT ( 'NONE',  ( 563.8622693889246875, 364.2982202168839194, -15.50000000000003908 ) ) ;
#2384 = EDGE_CURVE ( 'NONE', #1108, #2242, #2307, .T. ) ;
#2385 = CARTESIAN_POINT ( 'NONE',  ( 497.9370932688832454, 298.6127299692428778, 35.24999999999995737 ) ) ;
#2386 = EDGE_CURVE ( 'NONE', #2818, #2350, #2354, .T. ) ;
#2387 = DIRECTION ( 'NONE',  ( -0.2079116908177596201, 0.9781476007338055778, 0.000000000000000000 ) ) ;
#2388 = DIRECTION ( 'NONE',  ( 0.3750298927712786834, -0.9270127181047534970, 0.000000000000000000 ) ) ;
#2389 = CARTESIAN_POINT ( 'NONE',  ( 551.5203941082139636, 366.4595721928116063, 33.99999999999996447 ) ) ;
#2390 = DIRECTION ( 'NONE',  ( -0.7936063612919159738, 0.6084315436571356983, 0.000000000000000000 ) ) ;
#2391 = ORIENTED_EDGE ( 'NONE', *, *, #1214, .F. ) ;
#2392 = DIRECTION ( 'NONE',  ( -1.000000000000000000, -4.625929269271489858E-16, 0.000000000000000000 ) ) ;
#2393 = CARTESIAN_POINT ( 'NONE',  ( 532.3842930868099756, 359.4929644145188377, 37.49999999999996447 ) ) ;
#2394 = VERTEX_POINT ( 'NONE', #893 ) ;
#2395 = VERTEX_POINT ( 'NONE', #2521 ) ;
#2396 = CARTESIAN_POINT ( 'NONE',  ( 562.1962631371208090, 330.5653046830636868, -34.00000000000004263 ) ) ;
#2397 = VECTOR ( 'NONE', #2687, 1000.000000000000000 ) ;
#2398 = ORIENTED_EDGE ( 'NONE', *, *, #987, .T. ) ;
#2399 = CARTESIAN_POINT ( 'NONE',  ( 482.9435253070262775, 297.3730760041622148, 28.74999999999996092 ) ) ;
#2400 = VECTOR ( 'NONE', #65, 1000.000000000000000 ) ;
#2401 = CIRCLE ( 'NONE', #1116, 7.000000000000006217 ) ;
#2402 = LINE ( 'NONE', #2473, #524 ) ;
#2403 = DIRECTION ( 'NONE',  ( -0.000000000000000000, -0.000000000000000000, -1.000000000000000000 ) ) ;
#2404 = EDGE_CURVE ( 'NONE', #1916, #301, #2268, .T. ) ;
#2405 = VECTOR ( 'NONE', #1828, 1000.000000000000000 ) ;
#2406 = DIRECTION ( 'NONE',  ( 1.000000000000000000, 0.000000000000000000, 0.000000000000000000 ) ) ;
#2407 = ORIENTED_EDGE ( 'NONE', *, *, #1210, .F. ) ;
#2408 = VECTOR ( 'NONE', #755, 1000.000000000000114 ) ;
#2409 = CIRCLE ( 'NONE', #2158, 10.00000000000000888 ) ;
#2410 = AXIS2_PLACEMENT_3D ( 'NONE', #530, #1668, #1649 ) ;
#2411 = CARTESIAN_POINT ( 'NONE',  ( 496.6871251762024144, 297.1230760041622716, 19.24999999999996092 ) ) ;
#2412 = LINE ( 'NONE', #7, #719 ) ;
#2413 = AXIS2_PLACEMENT_3D ( 'NONE', #202, #2117, #2810 ) ;
#2414 = VECTOR ( 'NONE', #1711, 1000.000000000000114 ) ;
#2415 = VERTEX_POINT ( 'NONE', #2487 ) ;
#2416 = ORIENTED_EDGE ( 'NONE', *, *, #416, .T. ) ;
#2417 = EDGE_CURVE ( 'NONE', #2756, #1973, #2029, .T. ) ;
#2418 = LINE ( 'NONE', #2621, #1659 ) ;
#2419 = ORIENTED_EDGE ( 'NONE', *, *, #913, .T. ) ;
#2420 = EDGE_CURVE ( 'NONE', #906, #745, #149, .T. ) ;
#2421 = EDGE_CURVE ( 'NONE', #1328, #2851, #837, .T. ) ;
#2422 = LINE ( 'NONE', #2165, #911 ) ;
#2423 = CARTESIAN_POINT ( 'NONE',  ( 562.1962631371208090, 330.5653046830636868, 33.99999999999996447 ) ) ;
#2424 = CARTESIAN_POINT ( 'NONE',  ( 484.3677970826660726, 352.4490446990618580, 33.99999999999996447 ) ) ;
#2425 = EDGE_CURVE ( 'NONE', #813, #513, #2772, .T. ) ;
#2426 = LINE ( 'NONE', #1738, #774 ) ;
#2427 = PLANE ( 'NONE',  #1747 ) ;
#2428 = ORIENTED_EDGE ( 'NONE', *, *, #2280, .T. ) ;
#2429 = ORIENTED_EDGE ( 'NONE', *, *, #2974, .T. ) ;
#2430 = CYLINDRICAL_SURFACE ( 'NONE', #2012, 3.000000000000002665 ) ;
#2431 = EDGE_LOOP ( 'NONE', ( #2241, #2969, #100, #2378 ) ) ;
#2432 = EDGE_LOOP ( 'NONE', ( #558, #1536, #553, #500 ) ) ;
#2433 = ORIENTED_EDGE ( 'NONE', *, *, #885, .T. ) ;
#2434 = DIRECTION ( 'NONE',  ( -1.000000000000000000, -4.625929269271489858E-16, 0.000000000000000000 ) ) ;
#2435 = EDGE_CURVE ( 'NONE', #3072, #540, #3052, .T. ) ;
#2436 = DIRECTION ( 'NONE',  ( 0.9835928335641610509, -0.1804027099608666029, 0.000000000000000000 ) ) ;
#2437 = CARTESIAN_POINT ( 'NONE',  ( 532.3842930868099756, 359.4929644145188377, 33.99999999999996447 ) ) ;
#2438 = ORIENTED_EDGE ( 'NONE', *, *, #1600, .T. ) ;
#2439 = CYLINDRICAL_SURFACE ( 'NONE', #967, 10.00000000000000888 ) ;
#2440 = CYLINDRICAL_SURFACE ( 'NONE', #2056, 7.000000000000006217 ) ;
#2441 = LINE ( 'NONE', #809, #1697 ) ;
#2442 = EDGE_CURVE ( 'NONE', #42, #259, #622, .T. ) ;
#2443 = ORIENTED_EDGE ( 'NONE', *, *, #659, .F. ) ;
#2444 = VERTEX_POINT ( 'NONE', #2533 ) ;
#2445 = FACE_OUTER_BOUND ( 'NONE', #92, .T. ) ;
#2446 = EDGE_CURVE ( 'NONE', #936, #976, #2295, .T. ) ;
#2447 = ORIENTED_EDGE ( 'NONE', *, *, #2425, .F. ) ;
#2448 = CARTESIAN_POINT ( 'NONE',  ( 540.0229908289496734, 366.9156105377654740, 37.49999999999996447 ) ) ;
#2449 = DIRECTION ( 'NONE',  ( 0.000000000000000000, -1.000000000000000000, 0.000000000000000000 ) ) ;
#2450 = CARTESIAN_POINT ( 'NONE',  ( 540.1871251762021302, 372.4672861334084928, -12.50000000000003908 ) ) ;
#2451 = EDGE_CURVE ( 'NONE', #2899, #245, #2283, .T. ) ;
#2452 = PERSON_AND_ORGANIZATION_ROLE ( 'design_owner' ) ;
#2453 = CIRCLE ( 'NONE', #2900, 3.000000000000002665 ) ;
#2454 = EDGE_CURVE ( 'NONE', #120, #1972, #1784, .T. ) ;
#2455 = VERTEX_POINT ( 'NONE', #161 ) ;
#2456 = DIRECTION ( 'NONE',  ( -1.000000000000000000, 0.000000000000000000, 0.000000000000000000 ) ) ;
#2457 = VECTOR ( 'NONE', #171, 1000.000000000000000 ) ;
#2458 = CARTESIAN_POINT ( 'NONE',  ( 540.1871251762021302, 372.4672861334084928, 15.49999999999996092 ) ) ;
#2459 = CARTESIAN_POINT ( 'NONE',  ( 569.8607300588620319, 329.1550970397983633, 12.49999999999996270 ) ) ;
#2460 = CIRCLE ( 'NONE', #134, 26.00000000000002132 ) ;
#2461 = VECTOR ( 'NONE', #938, 1000.000000000000114 ) ;
#2462 = ORIENTED_EDGE ( 'NONE', *, *, #381, .T. ) ;
#2463 = AXIS2_PLACEMENT_3D ( 'NONE', #101, #1043, #116 ) ;
#2464 = ORIENTED_EDGE ( 'NONE', *, *, #1392, .F. ) ;
#2465 = VERTEX_POINT ( 'NONE', #2249 ) ;
#2466 = VECTOR ( 'NONE', #1498, 1000.000000000000000 ) ;
#2467 = LINE ( 'NONE', #1970, #1463 ) ;
#2468 = ORIENTED_EDGE ( 'NONE', *, *, #2027, .T. ) ;
#2469 = PRODUCT_DEFINITION_FORMATION_WITH_SPECIFIED_SOURCE ( '�', '', #225, .NOT_KNOWN. ) ;
#2470 = VECTOR ( 'NONE', #321, 1000.000000000000114 ) ;
#2471 = VERTEX_POINT ( 'NONE', #395 ) ;
#2472 = DIRECTION ( 'NONE',  ( 0.000000000000000000, -1.000000000000000000, 0.000000000000000000 ) ) ;
#2473 = CARTESIAN_POINT ( 'NONE',  ( 482.9435253070262775, 296.8730760041622148, -3.250000000000039524 ) ) ;
#2474 = FACE_OUTER_BOUND ( 'NONE', #1574, .T. ) ;
#2475 = APPROVAL_DATE_TIME ( #99, #2188 ) ;
#2476 = ORIENTED_EDGE ( 'NONE', *, *, #1549, .T. ) ;
#2477 = CARTESIAN_POINT ( 'NONE',  ( 518.8397970230198553, 323.5236022631673336, 33.99999999999996447 ) ) ;
#2478 = DIRECTION ( 'NONE',  ( 0.000000000000000000, 0.000000000000000000, 1.000000000000000000 ) ) ;
#2479 = CARTESIAN_POINT ( 'NONE',  ( 497.9370932688832454, 300.1230760041622148, 3.249999999999961364 ) ) ;
#2480 = ORIENTED_EDGE ( 'NONE', *, *, #2324, .T. ) ;
#2481 = EDGE_LOOP ( 'NONE', ( #796, #2464 ) ) ;
#2482 = DIRECTION ( 'NONE',  ( -0.000000000000000000, -0.000000000000000000, -1.000000000000000000 ) ) ;
#2483 = ORIENTED_EDGE ( 'NONE', *, *, #2525, .F. ) ;
#2484 = ORIENTED_EDGE ( 'NONE', *, *, #1351, .T. ) ;
#2485 = ORIENTED_EDGE ( 'NONE', *, *, #1919, .F. ) ;
#2486 = ADVANCED_FACE ( 'NONE', ( #1069 ), #1102, .F. ) ;
#2487 = CARTESIAN_POINT ( 'NONE',  ( 566.8622693889246875, 364.2982202168839194, -9.250000000000039080 ) ) ;
#2488 = EDGE_CURVE ( 'NONE', #1560, #2637, #1531, .T. ) ;
#2489 = DIRECTION ( 'NONE',  ( -0.000000000000000000, -0.000000000000000000, 1.000000000000000000 ) ) ;
#2490 = DIRECTION ( 'NONE',  ( 0.1804027099608671303, -0.9835928335641610509, 0.000000000000000000 ) ) ;
#2491 = APPROVAL_STATUS ( 'not_yet_approved' ) ;
#2492 = ORIENTED_EDGE ( 'NONE', *, *, #660, .F. ) ;
#2493 = DIRECTION ( 'NONE',  ( -0.000000000000000000, -0.000000000000000000, -1.000000000000000000 ) ) ;
#2494 = FACE_OUTER_BOUND ( 'NONE', #1748, .T. ) ;
#2495 = DIRECTION ( 'NONE',  ( -0.000000000000000000, -0.000000000000000000, -1.000000000000000000 ) ) ;
#2496 = VERTEX_POINT ( 'NONE', #2040 ) ;
#2497 = ORIENTED_EDGE ( 'NONE', *, *, #448, .F. ) ;
#2498 = VERTEX_POINT ( 'NONE', #2501 ) ;
#2499 = CARTESIAN_POINT ( 'NONE',  ( 562.6493793798367733, 371.1923407427997859, 12.49999999999996270 ) ) ;
#2500 = VERTEX_POINT ( 'NONE', #619 ) ;
#2501 = CARTESIAN_POINT ( 'NONE',  ( 560.8622693889246875, 364.2982202168839194, -15.50000000000003908 ) ) ;
#2502 = DIRECTION ( 'NONE',  ( 1.000000000000000000, 0.000000000000000000, 0.000000000000000000 ) ) ;
#2503 = EDGE_CURVE ( 'NONE', #897, #633, #375, .T. ) ;
#2504 = DIRECTION ( 'NONE',  ( -0.9270127181047534970, -0.3750298927712786834, 0.000000000000000000 ) ) ;
#2505 = DIRECTION ( 'NONE',  ( 1.000000000000000000, 0.000000000000000000, 0.000000000000000000 ) ) ;
#2506 = CIRCLE ( 'NONE', #2703, 3.000000000000002665 ) ;
#2507 = CARTESIAN_POINT ( 'NONE',  ( 563.8622693889246875, 364.2982202168839194, -37.50000000000004263 ) ) ;
#2508 = ORIENTED_EDGE ( 'NONE', *, *, #1467, .F. ) ;
#2509 = VECTOR ( 'NONE', #1316, 1000.000000000000000 ) ;
#2510 = EDGE_LOOP ( 'NONE', ( #2591, #2072, #2869, #1669 ) ) ;
#2511 = CARTESIAN_POINT ( 'NONE',  ( 482.9435253070262775, 296.8730760041622148, -3.250000000000039524 ) ) ;
#2512 = VECTOR ( 'NONE', #1028, 1000.000000000000000 ) ;
#2513 = AXIS2_PLACEMENT_3D ( 'NONE', #1433, #2098, #1874 ) ;
#2514 = CIRCLE ( 'NONE', #31, 7.000000000000006217 ) ;
#2515 = EDGE_CURVE ( 'NONE', #1916, #1307, #1607, .T. ) ;
#2516 = VECTOR ( 'NONE', #1964, 1000.000000000000000 ) ;
#2517 = EDGE_CURVE ( 'NONE', #513, #1026, #1420, .T. ) ;
#2518 = VECTOR ( 'NONE', #499, 1000.000000000000000 ) ;
#2519 = EDGE_LOOP ( 'NONE', ( #1034, #453, #1168, #2247, #1887, #2483, #1971 ) ) ;
#2520 = EDGE_CURVE ( 'NONE', #2734, #43, #1142, .T. ) ;
#2521 = CARTESIAN_POINT ( 'NONE',  ( 497.9370932688832454, 297.1230760041622716, -19.25000000000004263 ) ) ;
#2522 = CIRCLE ( 'NONE', #2413, 7.000000000000006217 ) ;
#2523 = PLANE ( 'NONE',  #764 ) ;
#2524 = DIRECTION ( 'NONE',  ( -0.9835928335641609399, -0.1804027099608671025, 0.000000000000000000 ) ) ;
#2525 = EDGE_CURVE ( 'NONE', #1972, #2496, #203, .T. ) ;
#2526 = DIRECTION ( 'NONE',  ( -0.000000000000000000, 0.000000000000000000, 1.000000000000000000 ) ) ;
#2527 = FACE_OUTER_BOUND ( 'NONE', #596, .T. ) ;
#2528 = ORIENTED_EDGE ( 'NONE', *, *, #2454, .T. ) ;
#2529 = VERTEX_POINT ( 'NONE', #1643 ) ;
#2530 = ORIENTED_EDGE ( 'NONE', *, *, #2074, .F. ) ;
#2531 = LINE ( 'NONE', #1140, #1371 ) ;
#2532 = ORIENTED_EDGE ( 'NONE', *, *, #2369, .F. ) ;
#2533 = CARTESIAN_POINT ( 'NONE',  ( 556.5768399660684054, 361.9907064119708480, 37.49999999999996447 ) ) ;
#2534 = CARTESIAN_POINT ( 'NONE',  ( 547.3067127850209772, 358.2404074842581281, -15.50000000000004086 ) ) ;
#2535 = EDGE_LOOP ( 'NONE', ( #2127, #2497, #2931, #1686, #634, #1047, #554, #1395, #121, #2927 ) ) ;
#2536 = CARTESIAN_POINT ( 'NONE',  ( 482.9435253070262775, 297.3730760041622148, 3.249999999999961364 ) ) ;
#2537 = DIRECTION ( 'NONE',  ( 0.000000000000000000, -1.000000000000000000, 0.000000000000000000 ) ) ;
#2538 = CARTESIAN_POINT ( 'NONE',  ( 497.9370932688832454, 297.1230760041622716, -35.25000000000004263 ) ) ;
#2539 = ORIENTED_EDGE ( 'NONE', *, *, #3003, .F. ) ;
#2540 = VERTEX_POINT ( 'NONE', #1617 ) ;
#2541 = LINE ( 'NONE', #647, #2161 ) ;
#2542 = EDGE_CURVE ( 'NONE', #587, #533, #133, .T. ) ;
#2543 = CARTESIAN_POINT ( 'NONE',  ( 482.9435253070262775, 296.8730760041622148, 19.24999999999996092 ) ) ;
#2544 = CARTESIAN_POINT ( 'NONE',  ( 497.9370932688832454, 298.6127299692428778, 37.49999999999996447 ) ) ;
#2545 = LINE ( 'NONE', #419, #2555 ) ;
#2546 = ORIENTED_EDGE ( 'NONE', *, *, #769, .F. ) ;
#2547 = CARTESIAN_POINT ( 'NONE',  ( 515.7671445678416831, 291.0342890292347420, 33.99999999999996447 ) ) ;
#2548 = EDGE_CURVE ( 'NONE', #2619, #3071, #1841, .T. ) ;
#2549 = CARTESIAN_POINT ( 'NONE',  ( 497.9370932688832454, 300.1230760041622148, -12.75000000000003908 ) ) ;
#2550 = EDGE_CURVE ( 'NONE', #2913, #400, #2338, .T. ) ;
#2551 = DIRECTION ( 'NONE',  ( -0.000000000000000000, -0.000000000000000000, 1.000000000000000000 ) ) ;
#2552 = ORIENTED_EDGE ( 'NONE', *, *, #1342, .T. ) ;
#2553 = ORIENTED_EDGE ( 'NONE', *, *, #3065, .F. ) ;
#2554 = CARTESIAN_POINT ( 'NONE',  ( 497.9370932688833591, 294.1230760041622716, 12.74999999999996270 ) ) ;
#2555 = VECTOR ( 'NONE', #2071, 1000.000000000000000 ) ;
#2556 = VECTOR ( 'NONE', #2155, 1000.000000000000000 ) ;
#2557 = CARTESIAN_POINT ( 'NONE',  ( 561.8737408388974472, 397.1807686454992563, -15.50000000000003908 ) ) ;
#2558 = VECTOR ( 'NONE', #2827, 1000.000000000000000 ) ;
#2559 = DIRECTION ( 'NONE',  ( -0.000000000000000000, -0.000000000000000000, -1.000000000000000000 ) ) ;
#2560 = VECTOR ( 'NONE', #686, 1000.000000000000114 ) ;
#2561 = VECTOR ( 'NONE', #2732, 1000.000000000000000 ) ;
#2562 = CIRCLE ( 'NONE', #1701, 10.00000000000000888 ) ;
#2563 = LINE ( 'NONE', #2061, #1310 ) ;
#2564 = ORGANIZATION ( '未', '未', '' ) ;
#2565 = ORIENTED_EDGE ( 'NONE', *, *, #54, .T. ) ;
#2566 = VECTOR ( 'NONE', #169, 1000.000000000000114 ) ;
#2567 = DIRECTION ( 'NONE',  ( -0.000000000000000000, -0.000000000000000000, 1.000000000000000000 ) ) ;
#2568 = LINE ( 'NONE', #627, #623 ) ;
#2569 = DIRECTION ( 'NONE',  ( -0.000000000000000000, -0.000000000000000000, -1.000000000000000000 ) ) ;
#2570 = ORIENTED_EDGE ( 'NONE', *, *, #447, .T. ) ;
#2571 = DIRECTION ( 'NONE',  ( 1.000000000000000000, 0.000000000000000000, 0.000000000000000000 ) ) ;
#2572 = ADVANCED_FACE ( 'NONE', ( #12 ), #1839, .T. ) ;
#2573 = ORIENTED_EDGE ( 'NONE', *, *, #636, .F. ) ;
#2574 = FACE_OUTER_BOUND ( 'NONE', #1956, .T. ) ;
#2575 = DIRECTION ( 'NONE',  ( -4.625929269271489858E-16, 1.000000000000000000, -0.000000000000000000 ) ) ;
#2576 = EDGE_CURVE ( 'NONE', #1301, #1719, #683, .T. ) ;
#2577 = CARTESIAN_POINT ( 'NONE',  ( 490.6827992885719709, 297.1230760041622716, 19.24999999999996092 ) ) ;
#2578 = ORIENTED_EDGE ( 'NONE', *, *, #1846, .T. ) ;
#2579 = EDGE_CURVE ( 'NONE', #516, #1049, #1173, .T. ) ;
#2580 = EDGE_CURVE ( 'NONE', #1276, #2267, #1018, .T. ) ;
#2581 = CARTESIAN_POINT ( 'NONE',  ( 540.1871251762021302, 372.4672861334084928, -37.50000000000004263 ) ) ;
#2582 = CARTESIAN_POINT ( 'NONE',  ( 528.0979630090929504, 341.8343102206504796, 33.99999999999996447 ) ) ;
#2583 = CARTESIAN_POINT ( 'NONE',  ( 497.9370932688833591, 298.6127299692428778, 12.74999999999996270 ) ) ;
#2584 = DIRECTION ( 'NONE',  ( -0.000000000000000000, -0.000000000000000000, -1.000000000000000000 ) ) ;
#2585 = CARTESIAN_POINT ( 'NONE',  ( 478.6220505243222760, 353.8644377833080057, -37.50000000000004263 ) ) ;
#2586 = ORIENTED_EDGE ( 'NONE', *, *, #1041, .F. ) ;
#2587 = VERTEX_POINT ( 'NONE', #1386 ) ;
#2588 = DIRECTION ( 'NONE',  ( -0.9835928335641609399, -0.1804027099608671025, 0.000000000000000000 ) ) ;
#2589 = DIRECTION ( 'NONE',  ( -0.000000000000000000, 0.000000000000000000, 1.000000000000000000 ) ) ;
#2590 = CARTESIAN_POINT ( 'NONE',  ( 490.6827992885719709, 297.1230760041622716, -28.75000000000004974 ) ) ;
#2591 = ORIENTED_EDGE ( 'NONE', *, *, #2252, .T. ) ;
#2592 = CARTESIAN_POINT ( 'NONE',  ( 563.8622693889246875, 364.2982202168839194, -37.50000000000004263 ) ) ;
#2593 = DIRECTION ( 'NONE',  ( -1.000000000000000000, 0.000000000000000000, 0.000000000000000000 ) ) ;
#2594 = CARTESIAN_POINT ( 'NONE',  ( 528.0979630090929504, 341.8343102206504796, 37.49999999999996447 ) ) ;
#2595 = EDGE_CURVE ( 'NONE', #2944, #2264, #822, .T. ) ;
#2596 = VERTEX_POINT ( 'NONE', #2385 ) ;
#2597 = CARTESIAN_POINT ( 'NONE',  ( 540.1871251762021302, 372.4672861334084928, -12.50000000000003908 ) ) ;
#2598 = DIRECTION ( 'NONE',  ( -0.000000000000000000, -0.000000000000000000, 1.000000000000000000 ) ) ;
#2599 = ORIENTED_EDGE ( 'NONE', *, *, #2119, .T. ) ;
#2600 = DIRECTION ( 'NONE',  ( -0.000000000000000000, -0.000000000000000000, 1.000000000000000000 ) ) ;
#2601 = CARTESIAN_POINT ( 'NONE',  ( 537.1871251762021302, 372.4672861334084928, 15.49999999999996092 ) ) ;
#2602 = CIRCLE ( 'NONE', #3050, 7.000000000000006217 ) ;
#2603 = EDGE_CURVE ( 'NONE', #119, #1547, #2129, .T. ) ;
#2604 = AXIS2_PLACEMENT_3D ( 'NONE', #204, #939, #219 ) ;
#2605 = DIRECTION ( 'NONE',  ( -0.000000000000000000, -0.000000000000000000, -1.000000000000000000 ) ) ;
#2606 = AXIS2_PLACEMENT_3D ( 'NONE', #669, #1610, #2747 ) ;
#2607 = CIRCLE ( 'NONE', #2770, 6.000000000000005329 ) ;
#2608 = VECTOR ( 'NONE', #1520, 1000.000000000000000 ) ;
#2609 = DIRECTION ( 'NONE',  ( -0.000000000000000000, -0.000000000000000000, 1.000000000000000000 ) ) ;
#2610 = VECTOR ( 'NONE', #2846, 1000.000000000000000 ) ;
#2611 = DIRECTION ( 'NONE',  ( -0.000000000000000000, -0.000000000000000000, 1.000000000000000000 ) ) ;
#2612 = CARTESIAN_POINT ( 'NONE',  ( 497.9370932688832454, 300.1230760041622148, -35.25000000000004263 ) ) ;
#2613 = VECTOR ( 'NONE', #1953, 1000.000000000000000 ) ;
#2614 = CC_DESIGN_PERSON_AND_ORGANIZATION_ASSIGNMENT ( #1322, #1788, ( #236 ) ) ;
#2615 = EDGE_LOOP ( 'NONE', ( #1481, #1416 ) ) ;
#2616 = FACE_OUTER_BOUND ( 'NONE', #1194, .T. ) ;
#2617 = EDGE_CURVE ( 'NONE', #1301, #1906, #261, .T. ) ;
#2618 = LINE ( 'NONE', #21, #2262 ) ;
#2619 = VERTEX_POINT ( 'NONE', #2601 ) ;
#2620 = EDGE_LOOP ( 'NONE', ( #460, #1745, #2729, #1332 ) ) ;
#2621 = CARTESIAN_POINT ( 'NONE',  ( 546.4533114917792318, 298.6230760041622716, -34.00000000000004263 ) ) ;
#2622 = VERTEX_POINT ( 'NONE', #3057 ) ;
#2623 = DIRECTION ( 'NONE',  ( -0.08777125217035473825, 0.9961406563796338931, 0.000000000000000000 ) ) ;
#2624 = DIRECTION ( 'NONE',  ( 0.6427876096865433597, 0.7660444431189745718, 0.000000000000000000 ) ) ;
#2625 = LINE ( 'NONE', #1389, #2265 ) ;
#2626 = DIRECTION ( 'NONE',  ( 1.000000000000000000, 0.000000000000000000, -0.000000000000000000 ) ) ;
#2627 = CARTESIAN_POINT ( 'NONE',  ( 482.9435253070262775, 296.8730760041622148, -19.25000000000004263 ) ) ;
#2628 = ORIENTED_EDGE ( 'NONE', *, *, #1113, .T. ) ;
#2629 = LINE ( 'NONE', #1411, #919 ) ;
#2630 = DIRECTION ( 'NONE',  ( -1.000000000000000000, 0.000000000000000000, 0.000000000000000000 ) ) ;
#2631 = VERTEX_POINT ( 'NONE', #435 ) ;
#2632 = EDGE_CURVE ( 'NONE', #732, #2415, #1238, .T. ) ;
#2633 = CARTESIAN_POINT ( 'NONE',  ( 556.5768399660684054, 361.9907064119708480, -15.50000000000004086 ) ) ;
#2634 = EDGE_CURVE ( 'NONE', #2022, #1556, #2187, .T. ) ;
#2635 = ORIENTED_EDGE ( 'NONE', *, *, #53, .T. ) ;
#2636 = DIRECTION ( 'NONE',  ( -0.000000000000000000, -0.000000000000000000, -1.000000000000000000 ) ) ;
#2637 = VERTEX_POINT ( 'NONE', #1889 ) ;
#2638 = CARTESIAN_POINT ( 'NONE',  ( 556.7708244657903833, 313.3580115925323071, -34.00000000000004263 ) ) ;
#2639 = LINE ( 'NONE', #931, #3007 ) ;
#2640 = CARTESIAN_POINT ( 'NONE',  ( 566.8622693889246875, 364.2982202168839194, 15.49999999999996092 ) ) ;
#2641 = ADVANCED_FACE ( 'NONE', ( #1632 ), #2372, .F. ) ;
#2642 = EDGE_CURVE ( 'NONE', #2227, #2733, #1121, .T. ) ;
#2643 = LINE ( 'NONE', #255, #1414 ) ;
#2644 = EDGE_CURVE ( 'NONE', #2465, #2997, #1764, .T. ) ;
#2645 = DIRECTION ( 'NONE',  ( 1.000000000000000000, 0.000000000000000000, 0.000000000000000000 ) ) ;
#2646 = EDGE_LOOP ( 'NONE', ( #2190, #1229, #2508, #2349 ) ) ;
#2647 = ORIENTED_EDGE ( 'NONE', *, *, #2059, .F. ) ;
#2648 = CARTESIAN_POINT ( 'NONE',  ( 496.6871251762024144, 297.1230760041622716, 37.49999999999996447 ) ) ;
#2649 = EDGE_CURVE ( 'NONE', #2496, #1117, #1982, .T. ) ;
#2650 = ORIENTED_EDGE ( 'NONE', *, *, #53, .F. ) ;
#2651 = VECTOR ( 'NONE', #838, 1000.000000000000114 ) ;
#2652 = CARTESIAN_POINT ( 'NONE',  ( 497.9370932688832454, 300.1230760041622148, -28.75000000000004263 ) ) ;
#2653 = AXIS2_PLACEMENT_3D ( 'NONE', #1387, #985, #294 ) ;
#2654 = ORIENTED_EDGE ( 'NONE', *, *, #2226, .F. ) ;
#2655 = AXIS2_PLACEMENT_3D ( 'NONE', #1427, #1412, #1225 ) ;
#2656 = LINE ( 'NONE', #2889, #1951 ) ;
#2657 = LINE ( 'NONE', #821, #2304 ) ;
#2658 = AXIS2_PLACEMENT_3D ( 'NONE', #1594, #2551, #2332 ) ;
#2659 = DIRECTION ( 'NONE',  ( -0.000000000000000000, 0.000000000000000000, -1.000000000000000000 ) ) ;
#2660 = AXIS2_PLACEMENT_3D ( 'NONE', #1808, #2044, #1136 ) ;
#2661 = VECTOR ( 'NONE', #1978, 1000.000000000000000 ) ;
#2662 = CARTESIAN_POINT ( 'NONE',  ( 557.8622693889246875, 364.2982202168839194, 9.249999999999960920 ) ) ;
#2663 = CYLINDRICAL_SURFACE ( 'NONE', #477, 7.000000000000006217 ) ;
#2664 = AXIS2_PLACEMENT_3D ( 'NONE', #2038, #2095, #1597 ) ;
#2665 = VERTEX_POINT ( 'NONE', #1080 ) ;
#2666 = ORIENTED_EDGE ( 'NONE', *, *, #988, .T. ) ;
#2667 = DIRECTION ( 'NONE',  ( -0.000000000000000000, 1.000000000000000000, -0.000000000000000000 ) ) ;
#2668 = ORIENTED_EDGE ( 'NONE', *, *, #2417, .T. ) ;
#2669 = ADVANCED_FACE ( 'NONE', ( #2203 ), #1522, .F. ) ;
#2670 = VERTEX_POINT ( 'NONE', #317 ) ;
#2671 = FACE_OUTER_BOUND ( 'NONE', #1698, .T. ) ;
#2672 = CARTESIAN_POINT ( 'NONE',  ( 566.8622693889246875, 364.2982202168839194, -37.50000000000004263 ) ) ;
#2673 = EDGE_CURVE ( 'NONE', #2631, #2751, #2256, .T. ) ;
#2674 = DIRECTION ( 'NONE',  ( 0.000000000000000000, 0.000000000000000000, -1.000000000000000000 ) ) ;
#2675 =( LENGTH_UNIT ( ) NAMED_UNIT ( * ) SI_UNIT ( .MILLI., .METRE. ) );
#2676 = EDGE_CURVE ( 'NONE', #2350, #2818, #2607, .T. ) ;
#2677 = DIRECTION ( 'NONE',  ( 0.000000000000000000, -0.000000000000000000, -1.000000000000000000 ) ) ;
#2678 = CARTESIAN_POINT ( 'NONE',  ( 482.9435253070262775, 297.3730760041622148, -12.75000000000003908 ) ) ;
#2679 = DIRECTION ( 'NONE',  ( -0.6427876096865433597, -0.7660444431189745718, 0.000000000000000000 ) ) ;
#2680 = ORIENTED_EDGE ( 'NONE', *, *, #2324, .F. ) ;
#2681 = ORIENTED_EDGE ( 'NONE', *, *, #2525, .T. ) ;
#2682 = LINE ( 'NONE', #1488, #2613 ) ;
#2683 = ORIENTED_EDGE ( 'NONE', *, *, #374, .F. ) ;
#2684 = ORIENTED_EDGE ( 'NONE', *, *, #2649, .T. ) ;
#2685 = CARTESIAN_POINT ( 'NONE',  ( 542.7487605076146338, 297.1230760041622716, -37.50000000000004263 ) ) ;
#2686 = CARTESIAN_POINT ( 'NONE',  ( 497.9370932688832454, 300.1230760041622148, 35.24999999999996447 ) ) ;
#2687 = DIRECTION ( 'NONE',  ( 0.9835928335641610509, -0.1804027099608666029, 0.000000000000000000 ) ) ;
#2688 = FACE_OUTER_BOUND ( 'NONE', #840, .T. ) ;
#2689 = CARTESIAN_POINT ( 'NONE',  ( 482.9435253070262775, 296.8730760041622148, -12.75000000000003908 ) ) ;
#2690 = CARTESIAN_POINT ( 'NONE',  ( 557.8622693889246875, 364.2982202168839194, -12.50000000000003908 ) ) ;
#2691 = EDGE_CURVE ( 'NONE', #2631, #1037, #2441, .T. ) ;
#2692 = ORIENTED_EDGE ( 'NONE', *, *, #759, .F. ) ;
#2693 = ORIENTED_EDGE ( 'NONE', *, *, #2323, .F. ) ;
#2694 = ORIENTED_EDGE ( 'NONE', *, *, #493, .T. ) ;
#2695 = CARTESIAN_POINT ( 'NONE',  ( 563.8622693889246875, 364.2982202168839194, -15.50000000000003908 ) ) ;
#2696 = VERTEX_POINT ( 'NONE', #781 ) ;
#2697 = ORIENTED_EDGE ( 'NONE', *, *, #715, .F. ) ;
#2698 = DIRECTION ( 'NONE',  ( 1.000000000000000000, -1.233581138472394929E-15, 0.000000000000000000 ) ) ;
#2699 = ADVANCED_FACE ( 'NONE', ( #599 ), #369, .T. ) ;
#2700 = FACE_OUTER_BOUND ( 'NONE', #1063, .T. ) ;
#2701 = LINE ( 'NONE', #2235, #1603 ) ;
#2702 = CALENDAR_DATE ( 2026, 5, 8 ) ;
#2703 = AXIS2_PLACEMENT_3D ( 'NONE', #162, #1786, #1829 ) ;
#2704 = AXIS2_PLACEMENT_3D ( 'NONE', #2171, #736, #3070 ) ;
#2705 = DIRECTION ( 'NONE',  ( -0.000000000000000000, -0.000000000000000000, -1.000000000000000000 ) ) ;
#2706 = VECTOR ( 'NONE', #1800, 1000.000000000000000 ) ;
#2707 = DIRECTION ( 'NONE',  ( 0.000000000000000000, -1.000000000000000000, 0.000000000000000000 ) ) ;
#2708 = LINE ( 'NONE', #1029, #1844 ) ;
#2709 = VECTOR ( 'NONE', #2567, 1000.000000000000000 ) ;
#2710 = APPROVAL ( #2491, '未' ) ;
#2711 = AXIS2_PLACEMENT_3D ( 'NONE', #1928, #2390, #4 ) ;
#2712 = EDGE_LOOP ( 'NONE', ( #1658, #1135, #302, #2039 ) ) ;
#2713 = EDGE_CURVE ( 'NONE', #2395, #420, #1947, .T. ) ;
#2714 = EDGE_CURVE ( 'NONE', #2267, #2997, #353, .T. ) ;
#2715 = VECTOR ( 'NONE', #506, 1000.000000000000114 ) ;
#2716 = ORIENTED_EDGE ( 'NONE', *, *, #2369, .T. ) ;
#2717 = EDGE_LOOP ( 'NONE', ( #1353, #1217, #1144, #1098 ) ) ;
#2718 = AXIS2_PLACEMENT_3D ( 'NONE', #2597, #1453, #1680 ) ;
#2719 = CARTESIAN_POINT ( 'NONE',  ( 545.2275958768433384, 368.0218834915961565, 15.49999999999996092 ) ) ;
#2720 = ORIENTED_EDGE ( 'NONE', *, *, #2520, .T. ) ;
#2721 =( GEOMETRIC_REPRESENTATION_CONTEXT ( 3 ) GLOBAL_UNCERTAINTY_ASSIGNED_CONTEXT ( ( #363 ) ) GLOBAL_UNIT_ASSIGNED_CONTEXT ( ( #2675, #1076, #114 ) ) REPRESENTATION_CONTEXT ( 'NONE', 'WORKASPACE' ) );
#2722 = AXIS2_PLACEMENT_3D ( 'NONE', #891, #1383, #429 ) ;
#2723 = ORIENTED_EDGE ( 'NONE', *, *, #1342, .F. ) ;
#2724 = DIRECTION ( 'NONE',  ( 0.000000000000000000, -0.000000000000000000, -1.000000000000000000 ) ) ;
#2725 = EDGE_CURVE ( 'NONE', #1682, #1525, #1262, .T. ) ;
#2726 = LINE ( 'NONE', #3029, #2214 ) ;
#2727 = LINE ( 'NONE', #1495, #2397 ) ;
#2728 = DIRECTION ( 'NONE',  ( 0.000000000000000000, 0.000000000000000000, 1.000000000000000000 ) ) ;
#2729 = ORIENTED_EDGE ( 'NONE', *, *, #1629, .T. ) ;
#2730 = CARTESIAN_POINT ( 'NONE',  ( 482.9435253070262775, 297.3730760041622148, -12.75000000000003908 ) ) ;
#2731 = LINE ( 'NONE', #2678, #2855 ) ;
#2732 = DIRECTION ( 'NONE',  ( -0.000000000000000000, -0.000000000000000000, -1.000000000000000000 ) ) ;
#2733 = VERTEX_POINT ( 'NONE', #2690 ) ;
#2734 = VERTEX_POINT ( 'NONE', #1289 ) ;
#2735 = ORIENTED_EDGE ( 'NONE', *, *, #115, .F. ) ;
#2736 = DIRECTION ( 'NONE',  ( -0.000000000000000000, -0.000000000000000000, -1.000000000000000000 ) ) ;
#2737 = VERTEX_POINT ( 'NONE', #1253 ) ;
#2738 = ORIENTED_EDGE ( 'NONE', *, *, #1725, .F. ) ;
#2739 = ORIENTED_EDGE ( 'NONE', *, *, #2111, .F. ) ;
#2740 = VERTEX_POINT ( 'NONE', #2748 ) ;
#2741 = DIRECTION ( 'NONE',  ( -0.000000000000000000, -0.000000000000000000, 1.000000000000000000 ) ) ;
#2742 = EDGE_CURVE ( 'NONE', #1793, #119, #1565, .T. ) ;
#2743 = DIRECTION ( 'NONE',  ( -0.000000000000000000, -0.000000000000000000, 1.000000000000000000 ) ) ;
#2744 = DIRECTION ( 'NONE',  ( 0.9835928335641610509, -0.1804027099608666029, 0.000000000000000000 ) ) ;
#2745 = ORIENTED_EDGE ( 'NONE', *, *, #25, .T. ) ;
#2746 = DIRECTION ( 'NONE',  ( -1.000000000000000000, 0.000000000000000000, 0.000000000000000000 ) ) ;
#2747 = DIRECTION ( 'NONE',  ( -1.000000000000000000, 0.000000000000000000, 0.000000000000000000 ) ) ;
#2748 = CARTESIAN_POINT ( 'NONE',  ( 556.5768399660684054, 361.9907064119708480, -37.50000000000004263 ) ) ;
#2749 = EDGE_CURVE ( 'NONE', #1307, #1526, #2708, .T. ) ;
#2750 = EDGE_CURVE ( 'NONE', #2997, #465, #1060, .T. ) ;
#2751 = VERTEX_POINT ( 'NONE', #2479 ) ;
#2752 = ADVANCED_FACE ( 'NONE', ( #1998 ), #2957, .F. ) ;
#2753 = ORIENTED_EDGE ( 'NONE', *, *, #1239, .F. ) ;
#2754 = ORIENTED_EDGE ( 'NONE', *, *, #246, .F. ) ;
#2755 = CARTESIAN_POINT ( 'NONE',  ( 490.6827992885719709, 297.1230760041622716, -19.25000000000004263 ) ) ;
#2756 = VERTEX_POINT ( 'NONE', #1554 ) ;
#2757 = EDGE_LOOP ( 'NONE', ( #2315, #679, #1559, #270 ) ) ;
#2758 = DIRECTION ( 'NONE',  ( -0.000000000000000000, -0.000000000000000000, -1.000000000000000000 ) ) ;
#2759 = ADVANCED_FACE ( 'NONE', ( #843 ), #2912, .F. ) ;
#2760 = CARTESIAN_POINT ( 'NONE',  ( 547.8553968706995647, 330.2196088007388539, -37.50000000000004263 ) ) ;
#2761 = CARTESIAN_POINT ( 'NONE',  ( 490.6827992885719709, 297.1230760041622716, -35.25000000000004263 ) ) ;
#2762 = LINE ( 'NONE', #398, #1645 ) ;
#2763 = AXIS2_PLACEMENT_3D ( 'NONE', #2285, #1103, #663 ) ;
#2764 = CARTESIAN_POINT ( 'NONE',  ( 496.6871251762024144, 297.1230760041622716, -28.75000000000004974 ) ) ;
#2765 = ORIENTED_EDGE ( 'NONE', *, *, #2642, .T. ) ;
#2766 = VECTOR ( 'NONE', #3075, 1000.000000000000000 ) ;
#2767 = VERTEX_POINT ( 'NONE', #912 ) ;
#2768 = ORIENTED_EDGE ( 'NONE', *, *, #3001, .T. ) ;
#2769 = LINE ( 'NONE', #863, #583 ) ;
#2770 = AXIS2_PLACEMENT_3D ( 'NONE', #337, #139, #614 ) ;
#2771 = AXIS2_PLACEMENT_3D ( 'NONE', #1913, #484, #2388 ) ;
#2772 = LINE ( 'NONE', #2544, #476 ) ;
#2773 = VECTOR ( 'NONE', #1746, 1000.000000000000000 ) ;
#2774 = CARTESIAN_POINT ( 'NONE',  ( 482.9435253070262775, 296.8730760041622148, -28.75000000000004263 ) ) ;
#2775 = ADVANCED_FACE ( 'NONE', ( #2801 ), #1822, .F. ) ;
#2776 = LINE ( 'NONE', #2547, #2207 ) ;
#2777 = DIRECTION ( 'NONE',  ( 0.000000000000000000, -1.000000000000000000, 0.000000000000000000 ) ) ;
#2778 = DIRECTION ( 'NONE',  ( 0.000000000000000000, -0.000000000000000000, -1.000000000000000000 ) ) ;
#2779 = EDGE_LOOP ( 'NONE', ( #1444, #600, #2765, #2333 ) ) ;
#2780 = VERTEX_POINT ( 'NONE', #2538 ) ;
#2781 = DIRECTION ( 'NONE',  ( -0.3750298927712786279, 0.9270127181047534970, 0.000000000000000000 ) ) ;
#2782 = DIRECTION ( 'NONE',  ( -0.000000000000000000, -0.000000000000000000, -1.000000000000000000 ) ) ;
#2783 = CARTESIAN_POINT ( 'NONE',  ( 482.9435253070262775, 296.8730760041622148, 3.249999999999961364 ) ) ;
#2784 = ADVANCED_FACE ( 'NONE', ( #2344 ), #1095, .F. ) ;
#2785 = EDGE_CURVE ( 'NONE', #2622, #123, #479, .T. ) ;
#2786 = CARTESIAN_POINT ( 'NONE',  ( 540.1871251762021302, 372.4672861334084928, -37.50000000000004263 ) ) ;
#2787 = ORIENTED_EDGE ( 'NONE', *, *, #2632, .T. ) ;
#2788 = DATE_AND_TIME ( #1104, #1613 ) ;
#2789 = CARTESIAN_POINT ( 'NONE',  ( 497.9370932688832454, 300.1230760041622148, 3.249999999999961364 ) ) ;
#2790 = CARTESIAN_POINT ( 'NONE',  ( 497.9370932688832454, 300.1230760041622148, 19.24999999999996092 ) ) ;
#2791 = DIRECTION ( 'NONE',  ( 0.2079116908177529865, -0.9781476007338070211, 0.000000000000000000 ) ) ;
#2792 = ORIENTED_EDGE ( 'NONE', *, *, #1198, .T. ) ;
#2793 = ORIENTED_EDGE ( 'NONE', *, *, #2959, .T. ) ;
#2794 = CARTESIAN_POINT ( 'NONE',  ( 563.8622693889246875, 364.2982202168839194, 9.249999999999960920 ) ) ;
#2795 = CARTESIAN_POINT ( 'NONE',  ( 564.6665225174216403, 357.3445753521168058, -15.50000000000003908 ) ) ;
#2796 = DIRECTION ( 'NONE',  ( 1.000000000000000000, 0.000000000000000000, 0.000000000000000000 ) ) ;
#2797 = DIRECTION ( 'NONE',  ( -0.000000000000000000, -0.000000000000000000, -1.000000000000000000 ) ) ;
#2798 = ORIENTED_EDGE ( 'NONE', *, *, #493, .F. ) ;
#2799 = DIRECTION ( 'NONE',  ( -0.000000000000000000, -0.000000000000000000, -1.000000000000000000 ) ) ;
#2800 = PLANE ( 'NONE',  #2606 ) ;
#2801 = FACE_OUTER_BOUND ( 'NONE', #1959, .T. ) ;
#2802 = ORIENTED_EDGE ( 'NONE', *, *, #1541, .F. ) ;
#2803 = ORIENTED_EDGE ( 'NONE', *, *, #1171, .T. ) ;
#2804 = VECTOR ( 'NONE', #1737, 1000.000000000000114 ) ;
#2805 = DIRECTION ( 'NONE',  ( -0.6427876096865433597, -0.7660444431189745718, 0.000000000000000000 ) ) ;
#2806 = AXIS2_PLACEMENT_3D ( 'NONE', #2652, #325, #787 ) ;
#2807 = ORIENTED_EDGE ( 'NONE', *, *, #987, .F. ) ;
#2808 = ADVANCED_FACE ( 'NONE', ( #2527 ), #1107, .F. ) ;
#2809 = AXIS2_PLACEMENT_3D ( 'NONE', #1079, #165, #2299 ) ;
#2810 = DIRECTION ( 'NONE',  ( -1.000000000000000000, 0.000000000000000000, 0.000000000000000000 ) ) ;
#2811 = VECTOR ( 'NONE', #1375, 1000.000000000000000 ) ;
#2812 = DIRECTION ( 'NONE',  ( -0.000000000000000000, 0.000000000000000000, 1.000000000000000000 ) ) ;
#2813 = VECTOR ( 'NONE', #2217, 1000.000000000000114 ) ;
#2814 = VECTOR ( 'NONE', #1440, 1000.000000000000114 ) ;
#2815 = VECTOR ( 'NONE', #926, 1000.000000000000000 ) ;
#2816 = CIRCLE ( 'NONE', #1127, 3.000000000000002665 ) ;
#2817 = CARTESIAN_POINT ( 'NONE',  ( 490.6827992885719709, 297.1230760041622716, 28.74999999999996092 ) ) ;
#2818 = VERTEX_POINT ( 'NONE', #3025 ) ;
#2819 = DIRECTION ( 'NONE',  ( 0.000000000000000000, 0.000000000000000000, 1.000000000000000000 ) ) ;
#2820 = DIRECTION ( 'NONE',  ( 1.000000000000000000, 0.000000000000000000, 0.000000000000000000 ) ) ;
#2821 = DIRECTION ( 'NONE',  ( 0.9835928335641610509, -0.1804027099608666029, 0.000000000000000000 ) ) ;
#2822 = CARTESIAN_POINT ( 'NONE',  ( 562.1962631371208090, 330.5653046830636868, -34.00000000000004263 ) ) ;
#2823 = CARTESIAN_POINT ( 'NONE',  ( 563.8622693889246875, 364.2982202168839194, 12.49999999999996270 ) ) ;
#2824 = EDGE_LOOP ( 'NONE', ( #695, #834, #2391, #1744, #646, #2115, #1700, #1502, #342, #1451, #1871 ) ) ;
#2825 = CARTESIAN_POINT ( 'NONE',  ( 490.6827992885719709, 297.1230760041622716, -19.25000000000004263 ) ) ;
#2826 = CARTESIAN_POINT ( 'NONE',  ( 490.6827992885719709, 297.1230760041622716, 37.49999999999996447 ) ) ;
#2827 = DIRECTION ( 'NONE',  ( 1.000000000000000000, 0.000000000000000000, 0.000000000000000000 ) ) ;
#2828 = ORIENTED_EDGE ( 'NONE', *, *, #2226, .T. ) ;
#2829 = EDGE_CURVE ( 'NONE', #2967, #1050, #3035, .T. ) ;
#2830 = CARTESIAN_POINT ( 'NONE',  ( 533.1871251762021302, 372.4672861334084928, 12.49999999999996270 ) ) ;
#2831 = DIRECTION ( 'NONE',  ( -1.000000000000000000, -4.625929269271489858E-16, 0.000000000000000000 ) ) ;
#2832 = CARTESIAN_POINT ( 'NONE',  ( 566.3956512327946484, 337.7202066561644642, 12.49999999999996270 ) ) ;
#2833 = LINE ( 'NONE', #1164, #1905 ) ;
#2834 = FACE_OUTER_BOUND ( 'NONE', #1921, .T. ) ;
#2835 = EDGE_CURVE ( 'NONE', #936, #897, #1582, .T. ) ;
#2836 = EDGE_CURVE ( 'NONE', #1547, #1576, #915, .T. ) ;
#2837 = ORIENTED_EDGE ( 'NONE', *, *, #1431, .F. ) ;
#2838 = EDGE_CURVE ( 'NONE', #3038, #123, #856, .T. ) ;
#2839 = CARTESIAN_POINT ( 'NONE',  ( 497.9370932688832454, 300.1230760041622148, 3.249999999999961364 ) ) ;
#2840 = ORIENTED_EDGE ( 'NONE', *, *, #2836, .F. ) ;
#2841 = DIRECTION ( 'NONE',  ( 1.000000000000000000, 0.000000000000000000, 0.000000000000000000 ) ) ;
#2842 = CARTESIAN_POINT ( 'NONE',  ( 547.8553968706995647, 330.2196088007388539, 37.49999999999996447 ) ) ;
#2843 = EDGE_CURVE ( 'NONE', #2022, #1473, #1352, .T. ) ;
#2844 = CARTESIAN_POINT ( 'NONE',  ( 556.7708244657903833, 313.3580115925323071, 33.99999999999996447 ) ) ;
#2845 = CARTESIAN_POINT ( 'NONE',  ( 496.6871251762024144, 297.1230760041622716, -3.250000000000036415 ) ) ;
#2846 = DIRECTION ( 'NONE',  ( -0.000000000000000000, 1.000000000000000000, -0.000000000000000000 ) ) ;
#2847 = ORIENTED_EDGE ( 'NONE', *, *, #172, .T. ) ;
#2848 = LINE ( 'NONE', #944, #2311 ) ;
#2849 = CARTESIAN_POINT ( 'NONE',  ( 563.8622693889246875, 364.2982202168839194, 9.249999999999960920 ) ) ;
#2850 = ORIENTED_EDGE ( 'NONE', *, *, #45, .T. ) ;
#2851 = VERTEX_POINT ( 'NONE', #2583 ) ;
#2852 = LINE ( 'NONE', #2839, #1853 ) ;
#2853 = DIRECTION ( 'NONE',  ( 0.9717814650317067038, -0.2358829884091472318, 0.000000000000000000 ) ) ;
#2854 = VECTOR ( 'NONE', #2920, 1000.000000000000114 ) ;
#2855 = VECTOR ( 'NONE', #2707, 1000.000000000000000 ) ;
#2856 = AXIS2_PLACEMENT_3D ( 'NONE', #418, #637, #1578 ) ;
#2857 = CARTESIAN_POINT ( 'NONE',  ( 497.9370932688832454, 297.1230760041622716, 28.74999999999996092 ) ) ;
#2858 = AXIS2_PLACEMENT_3D ( 'NONE', #2107, #909, #2121 ) ;
#2859 = VECTOR ( 'NONE', #1045, 1000.000000000000000 ) ;
#2860 = VECTOR ( 'NONE', #2524, 1000.000000000000114 ) ;
#2861 = CARTESIAN_POINT ( 'NONE',  ( 542.1021077371270849, 357.1341345304273887, -15.50000000000004086 ) ) ;
#2862 = CARTESIAN_POINT ( 'NONE',  ( 547.3067127850209772, 358.2404074842581281, 15.49999999999996092 ) ) ;
#2863 = CARTESIAN_POINT ( 'NONE',  ( 540.1871251762021302, 372.4672861334084928, -37.50000000000004263 ) ) ;
#2864 = EDGE_LOOP ( 'NONE', ( #58, #2174, #108, #2532 ) ) ;
#2865 = VECTOR ( 'NONE', #1546, 1000.000000000000000 ) ;
#2866 = EDGE_CURVE ( 'NONE', #147, #340, #1791, .T. ) ;
#2867 = CARTESIAN_POINT ( 'NONE',  ( 569.8607300588620319, 329.1550970397983633, -37.50000000000004263 ) ) ;
#2868 = DIRECTION ( 'NONE',  ( 1.000000000000000000, 0.000000000000000000, -0.000000000000000000 ) ) ;
#2869 = ORIENTED_EDGE ( 'NONE', *, *, #1569, .F. ) ;
#2870 = EDGE_LOOP ( 'NONE', ( #371, #615, #2787, #1290 ) ) ;
#2871 = CARTESIAN_POINT ( 'NONE',  ( 482.9435253070262775, 296.8730760041622148, -12.75000000000003908 ) ) ;
#2872 = VERTEX_POINT ( 'NONE', #1366 ) ;
#2873 = DIRECTION ( 'NONE',  ( -0.9835928335641610509, 0.1804027099608666029, 0.000000000000000000 ) ) ;
#2874 = EDGE_CURVE ( 'NONE', #2267, #1793, #199, .T. ) ;
#2875 = EDGE_CURVE ( 'NONE', #2455, #2415, #383, .T. ) ;
#2876 = EDGE_CURVE ( 'NONE', #1307, #1916, #1949, .T. ) ;
#2877 = DIRECTION ( 'NONE',  ( -4.625929269271489858E-16, 1.000000000000000000, -0.000000000000000000 ) ) ;
#2878 = DIRECTION ( 'NONE',  ( -0.000000000000000000, 0.000000000000000000, -1.000000000000000000 ) ) ;
#2879 = LINE ( 'NONE', #2612, #1704 ) ;
#2880 = VERTEX_POINT ( 'NONE', #2764 ) ;
#2881 = DIRECTION ( 'NONE',  ( 1.000000000000000000, 5.551115123125777969E-15, 0.000000000000000000 ) ) ;
#2882 = EDGE_LOOP ( 'NONE', ( #2886, #2260, #565, #1491 ) ) ;
#2883 = ORIENTED_EDGE ( 'NONE', *, *, #1056, .T. ) ;
#2884 = DIRECTION ( 'NONE',  ( 0.000000000000000000, 0.000000000000000000, 1.000000000000000000 ) ) ;
#2885 = ORIENTED_EDGE ( 'NONE', *, *, #2579, .F. ) ;
#2886 = ORIENTED_EDGE ( 'NONE', *, *, #1281, .F. ) ;
#2887 = DIRECTION ( 'NONE',  ( -0.000000000000000000, -0.000000000000000000, -1.000000000000000000 ) ) ;
#2888 = APPLICATION_CONTEXT ( 'configuration controlled 3d designs of mechanical parts and assemblies' ) ;
#2889 = CARTESIAN_POINT ( 'NONE',  ( 526.5820295195026119, 269.6003328271153805, 37.49999999999996447 ) ) ;
#2890 = CARTESIAN_POINT ( 'NONE',  ( 569.8607300588620319, 329.1550970397983633, 37.49999999999996447 ) ) ;
#2891 = PLANE ( 'NONE',  #3056 ) ;
#2892 = LINE ( 'NONE', #1537, #1515 ) ;
#2893 = EDGE_CURVE ( 'NONE', #2350, #2227, #1611, .T. ) ;
#2894 = LINE ( 'NONE', #515, #2556 ) ;
#2895 = VERTEX_POINT ( 'NONE', #179 ) ;
#2896 = LINE ( 'NONE', #1182, #680 ) ;
#2897 = ORIENTED_EDGE ( 'NONE', *, *, #535, .F. ) ;
#2898 = ADVANCED_FACE ( 'NONE', ( #900 ), #1834, .F. ) ;
#2899 = VERTEX_POINT ( 'NONE', #628 ) ;
#2900 = AXIS2_PLACEMENT_3D ( 'NONE', #2450, #1299, #1977 ) ;
#2901 = CARTESIAN_POINT ( 'NONE',  ( 484.3677970826660726, 352.4490446990618580, 37.49999999999996447 ) ) ;
#2902 = EDGE_CURVE ( 'NONE', #829, #2244, #3048, .T. ) ;
#2903 = VECTOR ( 'NONE', #1365, 1000.000000000000114 ) ;
#2904 = DIRECTION ( 'NONE',  ( 0.000000000000000000, 0.000000000000000000, 1.000000000000000000 ) ) ;
#2905 = DIRECTION ( 'NONE',  ( -0.000000000000000000, 0.000000000000000000, -1.000000000000000000 ) ) ;
#2906 = CARTESIAN_POINT ( 'NONE',  ( 543.1871251762021302, 372.4672861334084928, 15.49999999999996092 ) ) ;
#2907 = AXIS2_PLACEMENT_3D ( 'NONE', #2761, #3005, #2317 ) ;
#2908 = CC_DESIGN_APPROVAL ( #2710, ( #2469 ) ) ;
#2909 = CARTESIAN_POINT ( 'NONE',  ( 497.9370932688833591, 294.1230760041622716, 35.24999999999996447 ) ) ;
#2910 = DIRECTION ( 'NONE',  ( 1.000000000000000000, 0.000000000000000000, 0.000000000000000000 ) ) ;
#2911 = AXIS2_PLACEMENT_3D ( 'NONE', #2175, #271, #2162 ) ;
#2912 = CYLINDRICAL_SURFACE ( 'NONE', #1751, 3.000000000000002665 ) ;
#2913 = VERTEX_POINT ( 'NONE', #943 ) ;
#2914 = ORIENTED_EDGE ( 'NONE', *, *, #2974, .F. ) ;
#2915 = CYLINDRICAL_SURFACE ( 'NONE', #432, 44.99999999999998579 ) ;
#2916 = ORIENTED_EDGE ( 'NONE', *, *, #1787, .F. ) ;
#2917 = ORIENTED_EDGE ( 'NONE', *, *, #1945, .T. ) ;
#2918 = CARTESIAN_POINT ( 'NONE',  ( 566.3956512327946484, 337.7202066561644642, 37.49999999999996447 ) ) ;
#2919 = CARTESIAN_POINT ( 'NONE',  ( 537.1871251762021302, 372.4672861334084928, 12.49999999999996270 ) ) ;
#2920 = DIRECTION ( 'NONE',  ( -0.3750298927712786279, 0.9270127181047534970, 0.000000000000000000 ) ) ;
#2921 = EDGE_CURVE ( 'NONE', #2465, #2665, #714, .T. ) ;
#2922 = EDGE_LOOP ( 'NONE', ( #2828, #305, #2754, #3045 ) ) ;
#2923 = FACE_OUTER_BOUND ( 'NONE', #2646, .T. ) ;
#2924 = CARTESIAN_POINT ( 'NONE',  ( 563.8622693889246875, 364.2982202168839194, 15.49999999999996092 ) ) ;
#2925 = DIRECTION ( 'NONE',  ( -0.08777125217035473825, 0.9961406563796338931, -0.000000000000000000 ) ) ;
#2926 = ORIENTED_EDGE ( 'NONE', *, *, #2021, .T. ) ;
#2927 = ORIENTED_EDGE ( 'NONE', *, *, #310, .T. ) ;
#2928 = ADVANCED_FACE ( 'NONE', ( #1450 ), #2891, .F. ) ;
#2929 = ORIENTED_EDGE ( 'NONE', *, *, #3036, .T. ) ;
#2930 = CARTESIAN_POINT ( 'NONE',  ( 482.9435253070262775, 296.8730760041622148, -19.25000000000004263 ) ) ;
#2931 = ORIENTED_EDGE ( 'NONE', *, *, #508, .F. ) ;
#2932 = ORIENTED_EDGE ( 'NONE', *, *, #1214, .T. ) ;
#2933 = FACE_OUTER_BOUND ( 'NONE', #606, .T. ) ;
#2934 = PLANE ( 'NONE',  #677 ) ;
#2935 = DIRECTION ( 'NONE',  ( -0.000000000000000000, -0.000000000000000000, 1.000000000000000000 ) ) ;
#2936 = ADVANCED_FACE ( 'NONE', ( #1437 ), #2110, .F. ) ;
#2937 = CARTESIAN_POINT ( 'NONE',  ( 482.9435253070262775, 297.3730760041622148, 35.24999999999996447 ) ) ;
#2938 = ADVANCED_FACE ( 'NONE', ( #1691 ), #3068, .F. ) ;
#2939 = ORIENTED_EDGE ( 'NONE', *, *, #769, .T. ) ;
#2940 = CARTESIAN_POINT ( 'NONE',  ( 515.7671445678416831, 291.0342890292347420, -37.50000000000004263 ) ) ;
#2941 = DIRECTION ( 'NONE',  ( 0.2079116908177529865, -0.9781476007338070211, 0.000000000000000000 ) ) ;
#2942 = DIRECTION ( 'NONE',  ( -0.000000000000000000, 0.000000000000000000, 1.000000000000000000 ) ) ;
#2943 = ORIENTED_EDGE ( 'NONE', *, *, #1270, .T. ) ;
#2944 = VERTEX_POINT ( 'NONE', #17 ) ;
#2945 = EDGE_LOOP ( 'NONE', ( #2048, #537, #2297, #2850 ) ) ;
#2946 = DIRECTION ( 'NONE',  ( 0.3750298927712786279, -0.9270127181047534970, 0.000000000000000000 ) ) ;
#2947 = ORIENTED_EDGE ( 'NONE', *, *, #1876, .F. ) ;
#2948 = ORIENTED_EDGE ( 'NONE', *, *, #71, .T. ) ;
#2949 = PLANE ( 'NONE',  #961 ) ;
#2950 = DIRECTION ( 'NONE',  ( 0.000000000000000000, 0.000000000000000000, 1.000000000000000000 ) ) ;
#2951 = CARTESIAN_POINT ( 'NONE',  ( 497.9370932688832454, 297.1230760041622716, 19.24999999999996092 ) ) ;
#2952 = APPROVAL_ROLE ( '' ) ;
#2953 = AXIS2_PLACEMENT_3D ( 'NONE', #2786, #1321, #650 ) ;
#2954 = VECTOR ( 'NONE', #489, 1000.000000000000000 ) ;
#2955 = CARTESIAN_POINT ( 'NONE',  ( 547.3067127850209772, 358.2404074842581281, 37.49999999999996447 ) ) ;
#2956 = FACE_OUTER_BOUND ( 'NONE', #1193, .T. ) ;
#2957 = PLANE ( 'NONE',  #2058 ) ;
#2958 = VECTOR ( 'NONE', #1466, 1000.000000000000114 ) ;
#2959 = EDGE_CURVE ( 'NONE', #2696, #1778, #1469, .T. ) ;
#2960 = AXIS2_PLACEMENT_3D ( 'NONE', #688, #2778, #874 ) ;
#2961 = VERTEX_POINT ( 'NONE', #2640 ) ;
#2962 = AXIS2_PLACEMENT_3D ( 'NONE', #1660, #1702, #291 ) ;
#2963 = EDGE_LOOP ( 'NONE', ( #2277, #1139, #2693, #2939 ) ) ;
#2964 = EDGE_LOOP ( 'NONE', ( #2026, #2476, #1628, #685 ) ) ;
#2965 = CLOSED_SHELL ( 'NONE', ( #894, #1311, #2180, #529, #2938, #2759, #3054, #1741, #1462, #1529, #2641, #2293, #1302, #354, #218, #735, #507, #356, #2775, #406, #977, #454, #2084, #2699, #2936, #2145, #2898, #1493, #1376, #2572, #1212, #624, #2374, #1401, #1349, #1470, #538, #1859, #1261, #671, #1599, #1085, #2172, #1485, #2784, #1573, #1017, #256, #701, #14, #1627, #1312, #158, #1710, #2669, #474, #2486, #644, #857, #789, #1807, #217, #1399, #1100, #1221, #2325, #379, #2284, #2928, #2093, #1036, #1851, #2086, #666, #3016, #1761, #2131, #2752, #2348, #1664, #2144, #2808, #1779, #2079, #344, #2047, #895, #469, #2968, #1088, #1409, #1988 ) ) ;
#2966 = CARTESIAN_POINT ( 'NONE',  ( 550.6848241205339036, 301.0387605675909413, 37.49999999999996447 ) ) ;
#2967 = VERTEX_POINT ( 'NONE', #1161 ) ;
#2968 = ADVANCED_FACE ( 'NONE', ( #2123, #1178 ), #932, .T. ) ;
#2969 = ORIENTED_EDGE ( 'NONE', *, *, #1281, .T. ) ;
#2970 = ORIENTED_EDGE ( 'NONE', *, *, #2838, .F. ) ;
#2971 = PLANE ( 'NONE',  #2054 ) ;
#2972 = EDGE_CURVE ( 'NONE', #3071, #2619, #1075, .T. ) ;
#2973 = DIRECTION ( 'NONE',  ( -0.2358829884091472318, -0.9717814650317065928, 0.000000000000000000 ) ) ;
#2974 = EDGE_CURVE ( 'NONE', #70, #829, #2150, .T. ) ;
#2975 = APPROVAL_STATUS ( 'not_yet_approved' ) ;
#2976 = EDGE_CURVE ( 'NONE', #2596, #426, #266, .T. ) ;
#2977 = VERTEX_POINT ( 'NONE', #975 ) ;
#2978 = CARTESIAN_POINT ( 'NONE',  ( 528.0979630090929504, 341.8343102206504796, 37.49999999999996447 ) ) ;
#2979 = CYLINDRICAL_SURFACE ( 'NONE', #2809, 10.00000000000000888 ) ;
#2980 = DIRECTION ( 'NONE',  ( 4.625929269271489858E-16, -1.000000000000000000, 0.000000000000000000 ) ) ;
#2981 = ORIENTED_EDGE ( 'NONE', *, *, #1540, .T. ) ;
#2982 = VERTEX_POINT ( 'NONE', #2594 ) ;
#2983 = ORIENTED_EDGE ( 'NONE', *, *, #441, .F. ) ;
#2984 = CARTESIAN_POINT ( 'NONE',  ( 484.3677970826660726, 352.4490446990618580, 37.49999999999996447 ) ) ;
#2985 = CC_DESIGN_DATE_AND_TIME_ASSIGNMENT ( #639, #2989, ( #236 ) ) ;
#2986 = EDGE_LOOP ( 'NONE', ( #1340, #155, #1226, #1794 ) ) ;
#2987 = DIRECTION ( 'NONE',  ( 0.000000000000000000, 0.000000000000000000, -1.000000000000000000 ) ) ;
#2988 = CARTESIAN_POINT ( 'NONE',  ( 533.7877804354393447, 362.6903888011037793, 33.99999999999996447 ) ) ;
#2989 = DATE_TIME_ROLE ( 'classification_date' ) ;
#2990 = ORIENTED_EDGE ( 'NONE', *, *, #192, .T. ) ;
#2991 = DIRECTION ( 'NONE',  ( 1.000000000000000000, 0.000000000000000000, 0.000000000000000000 ) ) ;
#2992 = CARTESIAN_POINT ( 'NONE',  ( 482.9435253070262775, 296.8730760041622148, -35.25000000000004263 ) ) ;
#2993 = CARTESIAN_POINT ( 'NONE',  ( 482.9435253070262775, 296.8730760041622148, 3.249999999999961364 ) ) ;
#2994 = ORIENTED_EDGE ( 'NONE', *, *, #388, .T. ) ;
#2995 = EDGE_CURVE ( 'NONE', #1026, #487, #2879, .T. ) ;
#2996 = VERTEX_POINT ( 'NONE', #2134 ) ;
#2997 = VERTEX_POINT ( 'NONE', #2832 ) ;
#2998 = CARTESIAN_POINT ( 'NONE',  ( 570.8622693889246875, 364.2982202168839194, -12.50000000000003908 ) ) ;
#2999 = ORIENTED_EDGE ( 'NONE', *, *, #309, .F. ) ;
#3000 = CARTESIAN_POINT ( 'NONE',  ( 497.9370932688832454, 298.6127299692428778, 37.49999999999996447 ) ) ;
#3001 = EDGE_CURVE ( 'NONE', #1117, #2540, #2377, .T. ) ;
#3002 = DIRECTION ( 'NONE',  ( -4.625929269271489858E-16, 1.000000000000000000, -0.000000000000000000 ) ) ;
#3003 = EDGE_CURVE ( 'NONE', #2737, #2022, #1915, .T. ) ;
#3004 = SHAPE_DEFINITION_REPRESENTATION ( #272, #1792 ) ;
#3005 = DIRECTION ( 'NONE',  ( 0.000000000000000000, 0.000000000000000000, 1.000000000000000000 ) ) ;
#3006 = CARTESIAN_POINT ( 'NONE',  ( 537.4907644560641984, 366.0074379256797101, -12.50000000000003908 ) ) ;
#3007 = VECTOR ( 'NONE', #251, 1000.000000000000000 ) ;
#3008 = DIRECTION ( 'NONE',  ( 0.1804027099608671303, -0.9835928335641610509, 0.000000000000000000 ) ) ;
#3009 = ORIENTED_EDGE ( 'NONE', *, *, #1846, .F. ) ;
#3010 = AXIS2_PLACEMENT_3D ( 'NONE', #1924, #1052, #1974 ) ;
#3011 = ORIENTED_EDGE ( 'NONE', *, *, #2580, .T. ) ;
#3012 = CARTESIAN_POINT ( 'NONE',  ( 482.9435253070262775, 297.3730760041622148, 35.24999999999996447 ) ) ;
#3013 = AXIS2_PLACEMENT_3D ( 'NONE', #2033, #887, #153 ) ;
#3014 = EDGE_CURVE ( 'NONE', #1506, #1126, #1678, .T. ) ;
#3015 = VECTOR ( 'NONE', #1623, 1000.000000000000000 ) ;
#3016 = ADVANCED_FACE ( 'NONE', ( #1424 ), #252, .F. ) ;
#3017 = AXIS2_PLACEMENT_3D ( 'NONE', #2592, #15, #2330 ) ;
#3018 = DIRECTION ( 'NONE',  ( 1.000000000000000000, 0.000000000000000000, -0.000000000000000000 ) ) ;
#3019 = CARTESIAN_POINT ( 'NONE',  ( 562.6493793798367733, 371.1923407427997859, -15.50000000000003908 ) ) ;
#3020 = VECTOR ( 'NONE', #998, 1000.000000000000000 ) ;
#3021 = DIRECTION ( 'NONE',  ( -0.000000000000000000, -0.000000000000000000, -1.000000000000000000 ) ) ;
#3022 = ORIENTED_EDGE ( 'NONE', *, *, #2876, .T. ) ;
#3023 = FACE_OUTER_BOUND ( 'NONE', #2096, .T. ) ;
#3024 = LINE ( 'NONE', #2318, #1564 ) ;
#3025 = CARTESIAN_POINT ( 'NONE',  ( 557.8622693889246875, 364.2982202168839194, -9.250000000000039080 ) ) ;
#3026 = ORIENTED_EDGE ( 'NONE', *, *, #1113, .F. ) ;
#3027 = EDGE_LOOP ( 'NONE', ( #1097, #39, #360, #1306, #293, #90, #314, #304, #2948, #1361, #195, #168, #2230, #2552, #93, #1766, #2480, #1934, #2807, #1403, #2429, #200, #2248, #2151 ) ) ;
#3028 = CARTESIAN_POINT ( 'NONE',  ( 563.8622693889246875, 364.2982202168839194, -12.50000000000003908 ) ) ;
#3029 = CARTESIAN_POINT ( 'NONE',  ( 528.0979630090929504, 341.8343102206504796, 37.49999999999996447 ) ) ;
#3030 = CARTESIAN_POINT ( 'NONE',  ( 482.9435253070262775, 297.3730760041622148, 35.24999999999996447 ) ) ;
#3031 = LINE ( 'NONE', #150, #178 ) ;
#3032 = ORIENTED_EDGE ( 'NONE', *, *, #660, .T. ) ;
#3033 = LINE ( 'NONE', #1832, #2709 ) ;
#3034 = CARTESIAN_POINT ( 'NONE',  ( 497.9370932688832454, 297.1230760041622716, -3.250000000000039524 ) ) ;
#3035 = LINE ( 'NONE', #424, #770 ) ;
#3036 = EDGE_CURVE ( 'NONE', #1030, #2895, #956, .T. ) ;
#3037 = EDGE_CURVE ( 'NONE', #2851, #2872, #313, .T. ) ;
#3038 = VERTEX_POINT ( 'NONE', #1963 ) ;
#3039 = CARTESIAN_POINT ( 'NONE',  ( 515.7671445678416831, 291.0342890292347420, -34.00000000000004974 ) ) ;
#3040 = CARTESIAN_POINT ( 'NONE',  ( 532.3842930868099756, 359.4929644145188377, -34.00000000000004974 ) ) ;
#3041 = CARTESIAN_POINT ( 'NONE',  ( 540.1871251762021302, 372.4672861334084928, -15.50000000000003908 ) ) ;
#3042 = DIRECTION ( 'NONE',  ( 1.000000000000000000, 0.000000000000000000, -0.000000000000000000 ) ) ;
#3043 = ORIENTED_EDGE ( 'NONE', *, *, #1717, .F. ) ;
#3044 = PERSON_AND_ORGANIZATION_ROLE ( 'design_supplier' ) ;
#3045 = ORIENTED_EDGE ( 'NONE', *, *, #1175, .T. ) ;
#3046 = LINE ( 'NONE', #1435, #819 ) ;
#3047 = CARTESIAN_POINT ( 'NONE',  ( 531.1187835694558999, 362.1230760041622716, -34.00000000000004263 ) ) ;
#3048 = LINE ( 'NONE', #1572, #2309 ) ;
#3049 = DIRECTION ( 'NONE',  ( 4.625929269271489858E-16, -1.000000000000000000, 0.000000000000000000 ) ) ;
#3050 = AXIS2_PLACEMENT_3D ( 'NONE', #703, #2148, #2593 ) ;
#3051 = DIRECTION ( 'NONE',  ( 4.625929269271489858E-16, -1.000000000000000000, 0.000000000000000000 ) ) ;
#3052 = CIRCLE ( 'NONE', #1118, 3.000000000000002665 ) ;
#3053 = ORIENTED_EDGE ( 'NONE', *, *, #441, .T. ) ;
#3054 = ADVANCED_FACE ( 'NONE', ( #2236 ), #2197, .F. ) ;
#3055 = DIRECTION ( 'NONE',  ( 0.5735764363510439390, 0.8191520442889932418, 0.000000000000000000 ) ) ;
#3056 = AXIS2_PLACEMENT_3D ( 'NONE', #744, #468, #2659 ) ;
#3057 = CARTESIAN_POINT ( 'NONE',  ( 528.0979630090929504, 341.8343102206504796, -37.50000000000004263 ) ) ;
#3058 = VECTOR ( 'NONE', #1303, 1000.000000000000000 ) ;
#3059 = AXIS2_PLACEMENT_3D ( 'NONE', #807, #2170, #51 ) ;
#3060 = VECTOR ( 'NONE', #1228, 1000.000000000000000 ) ;
#3061 = LINE ( 'NONE', #2590, #2558 ) ;
#3062 = ORIENTED_EDGE ( 'NONE', *, *, #1877, .T. ) ;
#3063 = EDGE_CURVE ( 'NONE', #1920, #1547, #545, .T. ) ;
#3064 = DIRECTION ( 'NONE',  ( -0.9781476007338069101, -0.2079116908177529588, 0.000000000000000000 ) ) ;
#3065 = EDGE_CURVE ( 'NONE', #1108, #2336, #791, .T. ) ;
#3066 = CARTESIAN_POINT ( 'NONE',  ( 482.9435253070262775, 297.3730760041622148, 35.24999999999996447 ) ) ;
#3067 = EDGE_CURVE ( 'NONE', #3072, #3071, #80, .T. ) ;
#3068 = CYLINDRICAL_SURFACE ( 'NONE', #1410, 3.000000000000002665 ) ;
#3069 = LINE ( 'NONE', #1426, #387 ) ;
#3070 = DIRECTION ( 'NONE',  ( -1.000000000000000000, 0.000000000000000000, 0.000000000000000000 ) ) ;
#3071 = VERTEX_POINT ( 'NONE', #2906 ) ;
#3072 = VERTEX_POINT ( 'NONE', #1939 ) ;
#3073 = CARTESIAN_POINT ( 'NONE',  ( 497.9370932688832454, 297.1230760041622716, -19.25000000000004263 ) ) ;
#3074 = CC_DESIGN_PERSON_AND_ORGANIZATION_ASSIGNMENT ( #163, #3044, ( #2469 ) ) ;
#3075 = DIRECTION ( 'NONE',  ( -0.000000000000000000, -0.000000000000000000, -1.000000000000000000 ) ) ;
ENDSEC;
END-ISO-10303-21;
