ISO-10303-21;
HEADER;
FILE_DESCRIPTION (( 'STEP AP203' ),
    '1' );
FILE_NAME ('arm_XCGM_Default_sldprt.STEP',
    '2026-08-25T02:56:51',
    ( '' ),
    ( '' ),
    'SwSTEP 2.0',
    'SolidWorks 2026',
    '' );
FILE_SCHEMA (( 'CONFIG_CONTROL_DESIGN' ));
ENDSEC;

DATA;
#1 = DIRECTION ( 'NONE',  ( 1.000000000000000000, 0.000000000000000000, 0.000000000000000000 ) ) ;
#2 = CARTESIAN_POINT ( 'NONE',  ( -57.77305039141960918, 70.21736365978394190, -77.50000000000001421 ) ) ;
#3 = EDGE_CURVE ( 'NONE', #576, #1338, #1227, .T. ) ;
#4 = AXIS2_PLACEMENT_3D ( 'NONE', #380, #2153, #2379 ) ;
#5 = EDGE_LOOP ( 'NONE', ( #2001, #2253, #1054, #1447 ) ) ;
#6 = EDGE_LOOP ( 'NONE', ( #1549, #2486 ) ) ;
#7 = AXIS2_PLACEMENT_3D ( 'NONE', #958, #1843, #97 ) ;
#8 = CARTESIAN_POINT ( 'NONE',  ( 500.2412902493246065, 1864.841250757022863, -89.00000000000000000 ) ) ;
#9 = PLANE ( 'NONE',  #2223 ) ;
#10 = EDGE_CURVE ( 'NONE', #1928, #2485, #111, .T. ) ;
#11 = VERTEX_POINT ( 'NONE', #1229 ) ;
#12 = DIRECTION ( 'NONE',  ( 0.000000000000000000, 0.000000000000000000, 1.000000000000000000 ) ) ;
#13 = DIRECTION ( 'NONE',  ( -0.000000000000000000, 0.000000000000000000, 1.000000000000000000 ) ) ;
#14 = ORIENTED_EDGE ( 'NONE', *, *, #990, .F. ) ;
#15 = ORIENTED_EDGE ( 'NONE', *, *, #1650, .T. ) ;
#16 = CARTESIAN_POINT ( 'NONE',  ( 491.1198634823963403, 1869.817665301333363, 90.00000000000000000 ) ) ;
#17 = DIRECTION ( 'NONE',  ( -0.4701601434347756348, -0.8825811234812305228, -0.000000000000000000 ) ) ;
#18 = ORIENTED_EDGE ( 'NONE', *, *, #2311, .T. ) ;
#19 = EDGE_LOOP ( 'NONE', ( #1539, #2384, #1696, #2197 ) ) ;
#20 = DIRECTION ( 'NONE',  ( -0.4865142723515116230, -0.8736726290769781800, 0.000000000000000000 ) ) ;
#21 = AXIS2_PLACEMENT_3D ( 'NONE', #250, #262, #1129 ) ;
#22 = DIRECTION ( 'NONE',  ( -0.000000000000000000, -0.000000000000000000, -1.000000000000000000 ) ) ;
#23 = CARTESIAN_POINT ( 'NONE',  ( 281.3100478204223691, 1655.388559879777858, -90.00000000000000000 ) ) ;
#24 = DIRECTION ( 'NONE',  ( 1.000000000000000000, 0.000000000000000000, 0.000000000000000000 ) ) ;
#25 = DIRECTION ( 'NONE',  ( -0.000000000000000000, 0.000000000000000000, 1.000000000000000000 ) ) ;
#26 = EDGE_LOOP ( 'NONE', ( #2671, #2727, #2598, #2854 ) ) ;
#27 = ORIENTED_EDGE ( 'NONE', *, *, #989, .F. ) ;
#28 = CARTESIAN_POINT ( 'NONE',  ( 93.38811575907260476, 250.8447041954916017, 89.00000000000000000 ) ) ;
#29 = DIRECTION ( 'NONE',  ( -0.000000000000000000, -0.000000000000000000, 1.000000000000000000 ) ) ;
#30 = ORIENTED_EDGE ( 'NONE', *, *, #1596, .T. ) ;
#31 = ORIENTED_EDGE ( 'NONE', *, *, #2655, .T. ) ;
#32 = CARTESIAN_POINT ( 'NONE',  ( -38.07689533117545011, 66.74440010644539711, -77.50000000000001421 ) ) ;
#33 = ADVANCED_FACE ( 'NONE', ( #2705 ), #932, .F. ) ;
#34 = ADVANCED_FACE ( 'NONE', ( #785 ), #2313, .F. ) ;
#35 = CARTESIAN_POINT ( 'NONE',  ( -58.07689533117543590, 66.74440010644539711, 77.50000000000000000 ) ) ;
#36 = DIRECTION ( 'NONE',  ( -0.3468439120604485670, 0.9379228649876300006, -0.000000000000000000 ) ) ;
#37 = DIRECTION ( 'NONE',  ( -1.000000000000000000, 0.000000000000000000, 0.000000000000000000 ) ) ;
#38 = EDGE_CURVE ( 'NONE', #201, #2325, #2013, .T. ) ;
#39 = EDGE_LOOP ( 'NONE', ( #410, #1574, #2343, #2554, #281, #2544, #2620 ) ) ;
#40 = CYLINDRICAL_SURFACE ( 'NONE', #421, 19.99999999999998934 ) ;
#41 = EDGE_CURVE ( 'NONE', #635, #1913, #585, .T. ) ;
#42 = VECTOR ( 'NONE', #2088, 1000.000000000000114 ) ;
#43 = EDGE_CURVE ( 'NONE', #641, #1491, #318, .T. ) ;
#44 = EDGE_LOOP ( 'NONE', ( #781, #2064, #1790, #923 ) ) ;
#45 = VERTEX_POINT ( 'NONE', #2084 ) ;
#46 = VECTOR ( 'NONE', #1092, 1000.000000000000000 ) ;
#47 = CARTESIAN_POINT ( 'NONE',  ( -57.77305039141960918, 70.21736365978394190, 7.500000000000000000 ) ) ;
#48 = PLANE ( 'NONE',  #1631 ) ;
#49 = ORIENTED_EDGE ( 'NONE', *, *, #2035, .T. ) ;
#50 = VECTOR ( 'NONE', #284, 1000.000000000000114 ) ;
#51 = EDGE_LOOP ( 'NONE', ( #1858, #610, #561, #1909 ) ) ;
#52 = DIRECTION ( 'NONE',  ( 1.000000000000000000, 0.000000000000000000, 0.000000000000000000 ) ) ;
#53 = VECTOR ( 'NONE', #1761, 1000.000000000000000 ) ;
#54 = VECTOR ( 'NONE', #1938, 1000.000000000000000 ) ;
#55 = CARTESIAN_POINT ( 'NONE',  ( -52.81544661460818446, 40.74562699664585352, -62.50000000000001421 ) ) ;
#56 = CARTESIAN_POINT ( 'NONE',  ( 0.000000000000000000, 0.000000000000000000, -132.5000000000000000 ) ) ;
#57 = DIRECTION ( 'NONE',  ( 1.000000000000000000, 0.000000000000000000, 0.000000000000000000 ) ) ;
#58 = ORIENTED_EDGE ( 'NONE', *, *, #697, .T. ) ;
#59 = ORIENTED_EDGE ( 'NONE', *, *, #2656, .T. ) ;
#60 = CARTESIAN_POINT ( 'NONE',  ( -52.81544661460818446, 40.74562699664585352, -62.50000000000001421 ) ) ;
#61 = FACE_OUTER_BOUND ( 'NONE', #756, .T. ) ;
#62 = ORIENTED_EDGE ( 'NONE', *, *, #1245, .F. ) ;
#63 = DIRECTION ( 'NONE',  ( 0.2157203820041648790, -0.9764551790983430068, -0.000000000000000000 ) ) ;
#64 = LINE ( 'NONE', #1854, #2148 ) ;
#65 = DIRECTION ( 'NONE',  ( -0.000000000000000000, -0.000000000000000000, -1.000000000000000000 ) ) ;
#66 = AXIS2_PLACEMENT_3D ( 'NONE', #2015, #2789, #803 ) ;
#67 = AXIS2_PLACEMENT_3D ( 'NONE', #1060, #594, #1071 ) ;
#68 = DIRECTION ( 'NONE',  ( 1.000000000000000000, 0.000000000000000000, 0.000000000000000000 ) ) ;
#69 = ADVANCED_FACE ( 'NONE', ( #1132, #2775 ), #1418, .T. ) ;
#70 = PLANE ( 'NONE',  #1912 ) ;
#71 = EDGE_CURVE ( 'NONE', #1711, #2008, #1463, .T. ) ;
#72 = EDGE_CURVE ( 'NONE', #2244, #2642, #987, .T. ) ;
#73 = ORIENTED_EDGE ( 'NONE', *, *, #2059, .F. ) ;
#74 = DIRECTION ( 'NONE',  ( 0.9366590624179423896, -0.3502424885566300938, 0.000000000000000000 ) ) ;
#75 = CARTESIAN_POINT ( 'NONE',  ( -25.00000000000000000, 3.061616997868383043E-15, -132.5000000000000000 ) ) ;
#76 = VERTEX_POINT ( 'NONE', #1587 ) ;
#77 = VERTEX_POINT ( 'NONE', #2100 ) ;
#78 = CARTESIAN_POINT ( 'NONE',  ( 560.7517491875224778, 2047.345886437859008, 65.00000000000000000 ) ) ;
#79 = ADVANCED_FACE ( 'NONE', ( #1657, #1002 ), #1868, .F. ) ;
#80 = CARTESIAN_POINT ( 'NONE',  ( 548.3009582614776036, 1813.868381124807229, 65.00000000000000000 ) ) ;
#81 = ADVANCED_FACE ( 'NONE', ( #2463 ), #570, .F. ) ;
#82 = CARTESIAN_POINT ( 'NONE',  ( 0.000000000000000000, 0.000000000000000000, 132.5000000000000000 ) ) ;
#83 = VERTEX_POINT ( 'NONE', #917 ) ;
#84 = CARTESIAN_POINT ( 'NONE',  ( 341.3100478204222554, 1595.388559879777858, -90.00000000000000000 ) ) ;
#85 = DIRECTION ( 'NONE',  ( -0.000000000000000000, 0.000000000000000000, -1.000000000000000000 ) ) ;
#86 = EDGE_LOOP ( 'NONE', ( #860, #2145, #1521, #311 ) ) ;
#87 = VERTEX_POINT ( 'NONE', #252 ) ;
#88 = VERTEX_POINT ( 'NONE', #2329 ) ;
#89 = DIRECTION ( 'NONE',  ( 0.6993660522065789920, 0.7147636847385188119, -0.000000000000000000 ) ) ;
#90 = DIRECTION ( 'NONE',  ( 0.000000000000000000, 0.000000000000000000, 1.000000000000000000 ) ) ;
#91 = CIRCLE ( 'NONE', #1673, 30.00000000000008171 ) ;
#92 = VERTEX_POINT ( 'NONE', #1016 ) ;
#93 = VECTOR ( 'NONE', #1171, 1000.000000000000000 ) ;
#94 = ORIENTED_EDGE ( 'NONE', *, *, #2829, .F. ) ;
#95 = DIRECTION ( 'NONE',  ( 1.000000000000000000, 0.000000000000000000, 0.000000000000000000 ) ) ;
#96 = VECTOR ( 'NONE', #2297, 1000.000000000000000 ) ;
#97 = DIRECTION ( 'NONE',  ( -1.000000000000000000, 0.000000000000000000, 0.000000000000000000 ) ) ;
#98 = CIRCLE ( 'NONE', #149, 60.00000000000000000 ) ;
#99 = CARTESIAN_POINT ( 'NONE',  ( 742.9728526854286201, 1826.485171714987700, -50.00000000000000000 ) ) ;
#100 = CARTESIAN_POINT ( 'NONE',  ( -57.60599891314230092, 62.42999246636210842, -77.50000000000001421 ) ) ;
#101 = EDGE_CURVE ( 'NONE', #1594, #2443, #670, .T. ) ;
#102 = CARTESIAN_POINT ( 'NONE',  ( 59.96272178968664690, 680.3424031177195275, -7.500000000000007105 ) ) ;
#103 = CYLINDRICAL_SURFACE ( 'NONE', #1817, 59.99999999999994316 ) ;
#104 = EDGE_LOOP ( 'NONE', ( #2139, #2532 ) ) ;
#105 = DIRECTION ( 'NONE',  ( 0.3502424885566300383, 0.9366590624179422786, 0.000000000000000000 ) ) ;
#106 = DIRECTION ( 'NONE',  ( 1.000000000000000000, 0.000000000000000000, 0.000000000000000000 ) ) ;
#107 = VERTEX_POINT ( 'NONE', #461 ) ;
#108 = ORIENTED_EDGE ( 'NONE', *, *, #71, .T. ) ;
#109 = PLANE ( 'NONE',  #492 ) ;
#110 =( LENGTH_UNIT ( ) NAMED_UNIT ( * ) SI_UNIT ( .MILLI., .METRE. ) );
#111 = LINE ( 'NONE', #99, #164 ) ;
#112 = LINE ( 'NONE', #2377, #373 ) ;
#113 = ORIENTED_EDGE ( 'NONE', *, *, #567, .T. ) ;
#114 = VERTEX_POINT ( 'NONE', #2235 ) ;
#115 = CARTESIAN_POINT ( 'NONE',  ( 44.51864624957529770, 650.3424031177195275, 7.500000000000000000 ) ) ;
#116 = CARTESIAN_POINT ( 'NONE',  ( -683.7803627431533187, 669.0501813099344872, 90.00000000000000000 ) ) ;
#117 = VECTOR ( 'NONE', #2487, 1000.000000000000000 ) ;
#118 = VERTEX_POINT ( 'NONE', #1351 ) ;
#119 = DIRECTION ( 'NONE',  ( 1.000000000000000000, 0.000000000000000000, 0.000000000000000000 ) ) ;
#120 = LINE ( 'NONE', #2724, #2227 ) ;
#121 = ORIENTED_EDGE ( 'NONE', *, *, #1223, .F. ) ;
#122 = VERTEX_POINT ( 'NONE', #23 ) ;
#123 = CARTESIAN_POINT ( 'NONE',  ( -57.77305039141960918, 70.21736365978394190, -62.50000000000001421 ) ) ;
#124 = DIRECTION ( 'NONE',  ( 1.000000000000000000, 0.000000000000000000, 0.000000000000000000 ) ) ;
#125 = CARTESIAN_POINT ( 'NONE',  ( 68.38811575907259055, 250.8447041954916017, -132.5000000000000000 ) ) ;
#126 = AXIS2_PLACEMENT_3D ( 'NONE', #2683, #910, #2468 ) ;
#127 = VERTEX_POINT ( 'NONE', #267 ) ;
#128 = ORIENTED_EDGE ( 'NONE', *, *, #1377, .F. ) ;
#129 = DIRECTION ( 'NONE',  ( -0.000000000000000000, -0.000000000000000000, 1.000000000000000000 ) ) ;
#130 = CARTESIAN_POINT ( 'NONE',  ( 281.3100478204222554, 1595.388559879777858, 90.00000000000000000 ) ) ;
#131 = ORIENTED_EDGE ( 'NONE', *, *, #1886, .T. ) ;
#132 = ORIENTED_EDGE ( 'NONE', *, *, #2438, .F. ) ;
#133 = EDGE_CURVE ( 'NONE', #927, #2520, #2689, .T. ) ;
#134 = CARTESIAN_POINT ( 'NONE',  ( 59.96272178968664690, 680.3424031177195275, -7.500000000000000000 ) ) ;
#135 = CARTESIAN_POINT ( 'NONE',  ( -38.07689533117545011, 66.74440010644539711, 7.500000000000000000 ) ) ;
#136 = EDGE_CURVE ( 'NONE', #1225, #905, #1263, .T. ) ;
#137 = EDGE_LOOP ( 'NONE', ( #2460, #1218, #2079, #411 ) ) ;
#138 = AXIS2_PLACEMENT_3D ( 'NONE', #1067, #2338, #2812 ) ;
#139 = ORIENTED_EDGE ( 'NONE', *, *, #1260, .F. ) ;
#140 = PLANE ( 'NONE',  #67 ) ;
#141 = AXIS2_PLACEMENT_3D ( 'NONE', #2492, #277, #508 ) ;
#142 = AXIS2_PLACEMENT_3D ( 'NONE', #229, #1358, #1563 ) ;
#143 = FACE_BOUND ( 'NONE', #1312, .T. ) ;
#144 = AXIS2_PLACEMENT_3D ( 'NONE', #586, #129, #1244 ) ;
#145 = LINE ( 'NONE', #319, #888 ) ;
#146 = AXIS2_PLACEMENT_3D ( 'NONE', #2470, #230, #1275 ) ;
#147 = DIRECTION ( 'NONE',  ( 1.000000000000000000, 0.000000000000000000, 0.000000000000000000 ) ) ;
#148 = CARTESIAN_POINT ( 'NONE',  ( 742.9728526854286201, 1826.485171714987700, -65.00000000000000000 ) ) ;
#149 = AXIS2_PLACEMENT_3D ( 'NONE', #2393, #2782, #2590 ) ;
#150 = VECTOR ( 'NONE', #523, 1000.000000000000000 ) ;
#151 = ORIENTED_EDGE ( 'NONE', *, *, #1894, .F. ) ;
#152 = CARTESIAN_POINT ( 'NONE',  ( 742.9728526854286201, 1826.485171714987700, 50.00000000000000000 ) ) ;
#153 = DIRECTION ( 'NONE',  ( 0.000000000000000000, 0.000000000000000000, 1.000000000000000000 ) ) ;
#154 = ORIENTED_EDGE ( 'NONE', *, *, #2136, .T. ) ;
#155 = ORIENTED_EDGE ( 'NONE', *, *, #1925, .F. ) ;
#156 = CARTESIAN_POINT ( 'NONE',  ( -58.07689533117543590, 66.74440010644539711, 7.500000000000000000 ) ) ;
#157 = PERSON_AND_ORGANIZATION ( #1630, #2189 ) ;
#158 = CARTESIAN_POINT ( 'NONE',  ( 720.7991732773352851, 1616.585460717344858, 65.00000000000000000 ) ) ;
#159 = DIRECTION ( 'NONE',  ( -0.000000000000000000, -0.000000000000000000, 1.000000000000000000 ) ) ;
#160 = ORIENTED_EDGE ( 'NONE', *, *, #896, .T. ) ;
#161 = CIRCLE ( 'NONE', #626, 25.00000000000002132 ) ;
#162 = CARTESIAN_POINT ( 'NONE',  ( 576.3203573460079951, 1888.801106118242387, -64.99999999999994316 ) ) ;
#163 = CARTESIAN_POINT ( 'NONE',  ( 745.7991732773353988, 1616.585460717344858, 65.00000000000000000 ) ) ;
#164 = VECTOR ( 'NONE', #1818, 1000.000000000000114 ) ;
#165 = ORIENTED_EDGE ( 'NONE', *, *, #1289, .F. ) ;
#166 = LINE ( 'NONE', #851, #2427 ) ;
#167 = DIRECTION ( 'NONE',  ( -0.000000000000000000, -0.000000000000000000, -1.000000000000000000 ) ) ;
#168 = EDGE_CURVE ( 'NONE', #2545, #1619, #350, .T. ) ;
#169 = EDGE_CURVE ( 'NONE', #759, #1841, #2162, .T. ) ;
#170 = CIRCLE ( 'NONE', #588, 60.00000000000005684 ) ;
#171 = EDGE_CURVE ( 'NONE', #270, #720, #2128, .T. ) ;
#172 = VECTOR ( 'NONE', #1808, 1000.000000000000000 ) ;
#173 = EDGE_LOOP ( 'NONE', ( #2674, #1094, #676, #1862 ) ) ;
#174 = DIRECTION ( 'NONE',  ( 1.000000000000000000, 0.000000000000000000, 0.000000000000000000 ) ) ;
#175 = COORDINATED_UNIVERSAL_TIME_OFFSET ( 8, 0, .AHEAD. ) ;
#176 = DIRECTION ( 'NONE',  ( -1.000000000000000000, 0.000000000000000000, 0.000000000000000000 ) ) ;
#177 = ADVANCED_FACE ( 'NONE', ( #1047, #143, #372, #1959 ), #2173, .T. ) ;
#178 = LINE ( 'NONE', #2453, #2366 ) ;
#179 = EDGE_CURVE ( 'NONE', #2739, #580, #395, .T. ) ;
#180 = ORIENTED_EDGE ( 'NONE', *, *, #405, .T. ) ;
#181 = DIRECTION ( 'NONE',  ( 0.9764551790983431179, 0.2157203820041649067, -0.000000000000000000 ) ) ;
#182 = ORIENTED_EDGE ( 'NONE', *, *, #405, .F. ) ;
#183 = ORIENTED_EDGE ( 'NONE', *, *, #1316, .F. ) ;
#184 = CARTESIAN_POINT ( 'NONE',  ( -42.35165629337825521, 42.50102597829322804, -89.00000000000000000 ) ) ;
#185 = LINE ( 'NONE', #1039, #569 ) ;
#186 = ORIENTED_EDGE ( 'NONE', *, *, #1196, .T. ) ;
#187 = EDGE_CURVE ( 'NONE', #1379, #816, #2431, .T. ) ;
#188 = CARTESIAN_POINT ( 'NONE',  ( 0.000000000000000000, 0.000000000000000000, -107.5000000000000000 ) ) ;
#189 = PERSON_AND_ORGANIZATION_ROLE ( 'creator' ) ;
#190 = CARTESIAN_POINT ( 'NONE',  ( 668.2413811590949990, 2028.571336244536951, -65.00000000000000000 ) ) ;
#191 = CIRCLE ( 'NONE', #970, 25.00000000000002132 ) ;
#192 = VECTOR ( 'NONE', #1960, 1000.000000000000114 ) ;
#193 = LINE ( 'NONE', #872, #1488 ) ;
#194 = VECTOR ( 'NONE', #1864, 1000.000000000000000 ) ;
#195 = CC_DESIGN_DATE_AND_TIME_ASSIGNMENT ( #1046, #1717, ( #1217 ) ) ;
#196 = ORIENTED_EDGE ( 'NONE', *, *, #1161, .T. ) ;
#197 = AXIS2_PLACEMENT_3D ( 'NONE', #2864, #13, #1086 ) ;
#198 = CARTESIAN_POINT ( 'NONE',  ( 720.7991732773352851, 1616.585460717344858, 49.99999999999998579 ) ) ;
#199 = PLANE ( 'NONE',  #750 ) ;
#200 = AXIS2_PLACEMENT_3D ( 'NONE', #968, #943, #2514 ) ;
#201 = VERTEX_POINT ( 'NONE', #844 ) ;
#202 = EDGE_CURVE ( 'NONE', #2605, #1928, #628, .T. ) ;
#203 = EDGE_LOOP ( 'NONE', ( #2200, #2218, #30, #1255, #301, #2134, #310, #482, #2865, #2824, #59, #1674 ) ) ;
#204 = CYLINDRICAL_SURFACE ( 'NONE', #2397, 19.99999999999998934 ) ;
#205 = ORIENTED_EDGE ( 'NONE', *, *, #2065, .F. ) ;
#206 = CARTESIAN_POINT ( 'NONE',  ( 341.3100478204222554, 1595.388559879777858, 90.00000000000000000 ) ) ;
#207 = DIRECTION ( 'NONE',  ( 1.000000000000000000, 0.000000000000000000, 0.000000000000000000 ) ) ;
#208 = DIRECTION ( 'NONE',  ( 0.000000000000000000, 0.000000000000000000, 1.000000000000000000 ) ) ;
#209 = DIRECTION ( 'NONE',  ( 0.000000000000000000, 0.000000000000000000, 1.000000000000000000 ) ) ;
#210 = CARTESIAN_POINT ( 'NONE',  ( -57.77305039141960918, 70.21736365978394190, 77.50000000000000000 ) ) ;
#211 = ORIENTED_EDGE ( 'NONE', *, *, #72, .T. ) ;
#212 = VERTEX_POINT ( 'NONE', #1736 ) ;
#213 = DIRECTION ( 'NONE',  ( -1.000000000000000000, 0.000000000000000000, 0.000000000000000000 ) ) ;
#214 = VECTOR ( 'NONE', #583, 1000.000000000000000 ) ;
#216 = EDGE_CURVE ( 'NONE', #1486, #118, #1465, .T. ) ;
#215 = AXIS2_PLACEMENT_3D ( 'NONE', #2754, #2722, #1191 ) ;
#217 = AXIS2_PLACEMENT_3D ( 'NONE', #315, #1415, #2715 ) ;
#218 = VERTEX_POINT ( 'NONE', #1932 ) ;
#219 = DIRECTION ( 'NONE',  ( 1.000000000000000000, 0.000000000000000000, 0.000000000000000000 ) ) ;
#220 = ORIENTED_EDGE ( 'NONE', *, *, #771, .F. ) ;
#221 = DIRECTION ( 'NONE',  ( -0.000000000000000000, -0.000000000000000000, 1.000000000000000000 ) ) ;
#222 = EDGE_CURVE ( 'NONE', #1205, #927, #2632, .T. ) ;
#223 = ORIENTED_EDGE ( 'NONE', *, *, #234, .F. ) ;
#224 = DIRECTION ( 'NONE',  ( 1.000000000000000000, 0.000000000000000000, 0.000000000000000000 ) ) ;
#225 = DIRECTION ( 'NONE',  ( -0.000000000000000000, 0.000000000000000000, 1.000000000000000000 ) ) ;
#226 = ORIENTED_EDGE ( 'NONE', *, *, #2052, .F. ) ;
#227 = ADVANCED_FACE ( 'NONE', ( #856 ), #1288, .F. ) ;
#228 = EDGE_LOOP ( 'NONE', ( #667, #2578, #954, #223 ) ) ;
#229 = CARTESIAN_POINT ( 'NONE',  ( 609.8376069490901727, 2011.284752328037030, -65.00000000000000000 ) ) ;
#230 = DIRECTION ( 'NONE',  ( 0.000000000000000000, 0.000000000000000000, 1.000000000000000000 ) ) ;
#231 = ORIENTED_EDGE ( 'NONE', *, *, #2656, .F. ) ;
#232 = VERTEX_POINT ( 'NONE', #2190 ) ;
#233 = DIRECTION ( 'NONE',  ( -0.4865142723515116230, -0.8736726290769781800, 0.000000000000000000 ) ) ;
#234 = EDGE_CURVE ( 'NONE', #2862, #1763, #818, .T. ) ;
#235 = EDGE_CURVE ( 'NONE', #2577, #2647, #765, .T. ) ;
#236 = AXIS2_PLACEMENT_3D ( 'NONE', #56, #701, #1846 ) ;
#237 = CARTESIAN_POINT ( 'NONE',  ( -52.81544661460818446, 40.74562699664585352, -62.50000000000001421 ) ) ;
#238 = VECTOR ( 'NONE', #1871, 1000.000000000000000 ) ;
#239 = ORIENTED_EDGE ( 'NONE', *, *, #1501, .F. ) ;
#240 = CARTESIAN_POINT ( 'NONE',  ( 639.8376069490901727, 2011.284752328037030, -132.5000000000000000 ) ) ;
#241 = LINE ( 'NONE', #1804, #375 ) ;
#242 = AXIS2_PLACEMENT_3D ( 'NONE', #1840, #762, #1412 ) ;
#243 = ORIENTED_EDGE ( 'NONE', *, *, #595, .T. ) ;
#244 = CIRCLE ( 'NONE', #1584, 30.00000000000002842 ) ;
#245 = ORIENTED_EDGE ( 'NONE', *, *, #222, .T. ) ;
#246 = LINE ( 'NONE', #2452, #913 ) ;
#247 = DIRECTION ( 'NONE',  ( 1.000000000000000000, 0.000000000000000000, 0.000000000000000000 ) ) ;
#248 = VERTEX_POINT ( 'NONE', #206 ) ;
#249 = ORIENTED_EDGE ( 'NONE', *, *, #1774, .F. ) ;
#250 = CARTESIAN_POINT ( 'NONE',  ( 0.000000000000000000, 0.000000000000000000, -89.00000000000000000 ) ) ;
#251 = FACE_OUTER_BOUND ( 'NONE', #1870, .T. ) ;
#252 = CARTESIAN_POINT ( 'NONE',  ( -60.00000000000000000, 1.734723475976807094E-15, 132.5000000000000000 ) ) ;
#253 = DIRECTION ( 'NONE',  ( 0.6993660522065789920, 0.7147636847385188119, 0.000000000000000000 ) ) ;
#254 = DIRECTION ( 'NONE',  ( -0.000000000000000000, -0.000000000000000000, 1.000000000000000000 ) ) ;
#255 = ORIENTED_EDGE ( 'NONE', *, *, #1689, .T. ) ;
#256 = CARTESIAN_POINT ( 'NONE',  ( -42.35165629337825521, 42.50102597829322804, 89.00000000000000000 ) ) ;
#257 = EDGE_CURVE ( 'NONE', #927, #2605, #599, .T. ) ;
#258 = LINE ( 'NONE', #897, #1253 ) ;
#259 = ADVANCED_FACE ( 'NONE', ( #1748 ), #391, .T. ) ;
#260 = ORIENTED_EDGE ( 'NONE', *, *, #290, .F. ) ;
#261 = VERTEX_POINT ( 'NONE', #1478 ) ;
#262 = DIRECTION ( 'NONE',  ( -0.000000000000000000, -0.000000000000000000, -1.000000000000000000 ) ) ;
#263 = CIRCLE ( 'NONE', #2387, 19.99999999999998934 ) ;
#264 = ADVANCED_FACE ( 'NONE', ( #2359 ), #1946, .T. ) ;
#265 = EDGE_CURVE ( 'NONE', #1740, #1225, #928, .T. ) ;
#266 = DIRECTION ( 'NONE',  ( -1.000000000000000000, 0.000000000000000000, 0.000000000000000000 ) ) ;
#267 = CARTESIAN_POINT ( 'NONE',  ( -56.38155724715463890, 20.52120859953978638, -90.00000000000000000 ) ) ;
#268 = DIRECTION ( 'NONE',  ( 1.000000000000000000, 0.000000000000000000, 0.000000000000000000 ) ) ;
#269 = DIRECTION ( 'NONE',  ( -1.000000000000000000, 0.000000000000000000, 0.000000000000000000 ) ) ;
#270 = VERTEX_POINT ( 'NONE', #2444 ) ;
#271 = DIRECTION ( 'NONE',  ( -1.000000000000000000, 0.000000000000000000, 0.000000000000000000 ) ) ;
#272 = CARTESIAN_POINT ( 'NONE',  ( 43.38811575907258344, 250.8447041954916017, 90.00000000000000000 ) ) ;
#273 = ORIENTED_EDGE ( 'NONE', *, *, #1746, .F. ) ;
#274 = ORIENTED_EDGE ( 'NONE', *, *, #1806, .T. ) ;
#275 = DIRECTION ( 'NONE',  ( 0.000000000000000000, 0.000000000000000000, -1.000000000000000000 ) ) ;
#276 = DIRECTION ( 'NONE',  ( -1.000000000000000000, 0.000000000000000000, 0.000000000000000000 ) ) ;
#277 = DIRECTION ( 'NONE',  ( -0.000000000000000000, -0.000000000000000000, 1.000000000000000000 ) ) ;
#278 = DIRECTION ( 'NONE',  ( 1.000000000000000000, 0.000000000000000000, 0.000000000000000000 ) ) ;
#279 = AXIS2_PLACEMENT_3D ( 'NONE', #1859, #479, #268 ) ;
#280 = EDGE_CURVE ( 'NONE', #751, #905, #1362, .T. ) ;
#281 = ORIENTED_EDGE ( 'NONE', *, *, #379, .T. ) ;
#282 = AXIS2_PLACEMENT_3D ( 'NONE', #1065, #2836, #858 ) ;
#283 = LINE ( 'NONE', #1663, #1425 ) ;
#284 = DIRECTION ( 'NONE',  ( 0.3502424885566300383, 0.9366590624179422786, 0.000000000000000000 ) ) ;
#285 = AXIS2_PLACEMENT_3D ( 'NONE', #125, #1048, #804 ) ;
#286 = ORIENTED_EDGE ( 'NONE', *, *, #257, .T. ) ;
#287 = CARTESIAN_POINT ( 'NONE',  ( 281.3100478204222554, 1595.388559879777858, 107.5000000000000000 ) ) ;
#288 = VECTOR ( 'NONE', #1237, 1000.000000000000114 ) ;
#289 = AXIS2_PLACEMENT_3D ( 'NONE', #2744, #2083, #1432 ) ;
#290 = EDGE_CURVE ( 'NONE', #691, #1125, #770, .T. ) ;
#291 = DIRECTION ( 'NONE',  ( 0.8736726290769781800, -0.4865142723515116230, 0.000000000000000000 ) ) ;
#292 = LINE ( 'NONE', #1392, #514 ) ;
#293 = EDGE_CURVE ( 'NONE', #936, #1841, #263, .T. ) ;
#294 = EDGE_CURVE ( 'NONE', #1763, #1679, #2203, .T. ) ;
#295 = CARTESIAN_POINT ( 'NONE',  ( 221.3100478204222270, 1595.388559879777858, -107.5000000000000000 ) ) ;
#296 = LINE ( 'NONE', #1847, #1995 ) ;
#297 = VERTEX_POINT ( 'NONE', #648 ) ;
#298 = LINE ( 'NONE', #2263, #1317 ) ;
#299 = DIRECTION ( 'NONE',  ( 1.000000000000000000, 0.000000000000000000, 0.000000000000000000 ) ) ;
#300 = ORIENTED_EDGE ( 'NONE', *, *, #865, .F. ) ;
#301 = ORIENTED_EDGE ( 'NONE', *, *, #202, .F. ) ;
#302 = CARTESIAN_POINT ( 'NONE',  ( -38.07689533117545011, 66.74440010644539711, -62.50000000000001421 ) ) ;
#303 = VECTOR ( 'NONE', #414, 1000.000000000000000 ) ;
#304 = DIRECTION ( 'NONE',  ( -1.000000000000000000, 0.000000000000000000, 0.000000000000000000 ) ) ;
#305 = LINE ( 'NONE', #2041, #1393 ) ;
#306 = AXIS2_PLACEMENT_3D ( 'NONE', #2567, #1917, #2820 ) ;
#307 = AXIS2_PLACEMENT_3D ( 'NONE', #188, #1686, #1462 ) ;
#308 = DIRECTION ( 'NONE',  ( 0.000000000000000000, 0.000000000000000000, 1.000000000000000000 ) ) ;
#309 = LINE ( 'NONE', #2057, #2881 ) ;
#310 = ORIENTED_EDGE ( 'NONE', *, *, #1689, .F. ) ;
#311 = ORIENTED_EDGE ( 'NONE', *, *, #1585, .F. ) ;
#312 = CARTESIAN_POINT ( 'NONE',  ( 59.96272178968664690, 680.3424031177195275, 7.500000000000000000 ) ) ;
#313 = DIRECTION ( 'NONE',  ( 0.6993660522065789920, 0.7147636847385188119, -0.000000000000000000 ) ) ;
#314 = ORIENTED_EDGE ( 'NONE', *, *, #688, .F. ) ;
#315 = CARTESIAN_POINT ( 'NONE',  ( 0.000000000000000000, 0.000000000000000000, -132.5000000000000000 ) ) ;
#316 = ADVANCED_FACE ( 'NONE', ( #2038 ), #2230, .T. ) ;
#317 = FACE_OUTER_BOUND ( 'NONE', #1410, .T. ) ;
#318 = LINE ( 'NONE', #1671, #2519 ) ;
#319 = CARTESIAN_POINT ( 'NONE',  ( 59.96272178968664690, 680.3424031177195275, -77.50000000000001421 ) ) ;
#320 = EDGE_LOOP ( 'NONE', ( #1136, #454 ) ) ;
#321 = CARTESIAN_POINT ( 'NONE',  ( 730.1038371756828838, 1820.621005976374590, -89.00000000000000000 ) ) ;
#322 = FACE_OUTER_BOUND ( 'NONE', #376, .T. ) ;
#323 = VERTEX_POINT ( 'NONE', #1769 ) ;
#324 = DIRECTION ( 'NONE',  ( 1.000000000000000000, 0.000000000000000000, 0.000000000000000000 ) ) ;
#325 = PLANE ( 'NONE',  #1301 ) ;
#326 = AXIS2_PLACEMENT_3D ( 'NONE', #1236, #1518, #224 ) ;
#327 = VECTOR ( 'NONE', #1660, 1000.000000000000000 ) ;
#328 = ORIENTED_EDGE ( 'NONE', *, *, #1052, .F. ) ;
#329 = CARTESIAN_POINT ( 'NONE',  ( 668.2413811590949990, 2028.571336244536951, -65.00000000000000000 ) ) ;
#330 = VECTOR ( 'NONE', #786, 1000.000000000000000 ) ;
#331 = CARTESIAN_POINT ( 'NONE',  ( 710.0562237456707635, 1557.555052999287227, -65.00000000000000000 ) ) ;
#332 = VECTOR ( 'NONE', #1220, 999.9999999999998863 ) ;
#333 = DIRECTION ( 'NONE',  ( 1.000000000000000000, 0.000000000000000000, -0.000000000000000000 ) ) ;
#334 = CARTESIAN_POINT ( 'NONE',  ( 668.2413811590949990, 2028.571336244536951, 65.00000000000000000 ) ) ;
#335 = AXIS2_PLACEMENT_3D ( 'NONE', #2779, #790, #575 ) ;
#336 = CYLINDRICAL_SURFACE ( 'NONE', #1767, 25.00000000000000711 ) ;
#337 = DIRECTION ( 'NONE',  ( 1.000000000000000000, 0.000000000000000000, -0.000000000000000000 ) ) ;
#338 = ORIENTED_EDGE ( 'NONE', *, *, #1289, .T. ) ;
#339 = DIRECTION ( 'NONE',  ( -0.1736481776669271671, -0.9848077530122086864, 0.000000000000000000 ) ) ;
#340 = DIRECTION ( 'NONE',  ( -0.000000000000000000, -0.000000000000000000, -1.000000000000000000 ) ) ;
#341 = EDGE_CURVE ( 'NONE', #1637, #1099, #1879, .T. ) ;
#342 = ORIENTED_EDGE ( 'NONE', *, *, #101, .F. ) ;
#343 = EDGE_CURVE ( 'NONE', #2443, #982, #1994, .T. ) ;
#344 = DIRECTION ( 'NONE',  ( 1.000000000000000000, 0.000000000000000000, 0.000000000000000000 ) ) ;
#345 = DIRECTION ( 'NONE',  ( 0.9848077530122086864, -0.1736481776669271115, 0.000000000000000000 ) ) ;
#346 = PLANE ( 'NONE',  #2743 ) ;
#347 = EDGE_CURVE ( 'NONE', #1367, #1330, #2111, .T. ) ;
#348 = EDGE_CURVE ( 'NONE', #562, #232, #634, .T. ) ;
#349 = ADVANCED_FACE ( 'NONE', ( #1756 ), #2473, .T. ) ;
#350 = CIRCLE ( 'NONE', #1093, 59.99999999999994316 ) ;
#351 = DIRECTION ( 'NONE',  ( -0.000000000000000000, -0.000000000000000000, 1.000000000000000000 ) ) ;
#352 = DIRECTION ( 'NONE',  ( 0.000000000000000000, 0.000000000000000000, -1.000000000000000000 ) ) ;
#353 = VERTEX_POINT ( 'NONE', #2458 ) ;
#354 = DIRECTION ( 'NONE',  ( 0.000000000000000000, 0.000000000000000000, 1.000000000000000000 ) ) ;
#355 = CARTESIAN_POINT ( 'NONE',  ( 609.8376069490901727, 2011.284752328037030, 65.00000000000000000 ) ) ;
#356 = ORIENTED_EDGE ( 'NONE', *, *, #2787, .F. ) ;
#357 = ORIENTED_EDGE ( 'NONE', *, *, #2102, .F. ) ;
#358 = CARTESIAN_POINT ( 'NONE',  ( 341.3100478204221986, 1595.388559879777858, 89.00000000000000000 ) ) ;
#359 = APPLICATION_PROTOCOL_DEFINITION ( 'international standard', 'config_control_design', 1994, #1724 ) ;
#360 = DIRECTION ( 'NONE',  ( -0.000000000000000000, -0.000000000000000000, -1.000000000000000000 ) ) ;
#361 = CARTESIAN_POINT ( 'NONE',  ( 742.9728526854286201, 1826.485171714987700, -50.00000000000000000 ) ) ;
#362 = FACE_OUTER_BOUND ( 'NONE', #2587, .T. ) ;
#363 = FACE_OUTER_BOUND ( 'NONE', #2424, .T. ) ;
#364 = EDGE_LOOP ( 'NONE', ( #1598, #948, #1812, #1807, #664, #617, #866, #1414, #1329, #1453 ) ) ;
#365 = DIRECTION ( 'NONE',  ( -0.9366590624179431668, 0.3502424885566282065, 0.000000000000000000 ) ) ;
#366 = CARTESIAN_POINT ( 'NONE',  ( 46.74134872827989540, 656.5997250114111239, 77.50000000000000000 ) ) ;
#367 = EDGE_LOOP ( 'NONE', ( #1889, #2174, #528, #286 ) ) ;
#368 = ORIENTED_EDGE ( 'NONE', *, *, #2011, .F. ) ;
#369 = FACE_OUTER_BOUND ( 'NONE', #491, .T. ) ;
#370 = CIRCLE ( 'NONE', #1906, 60.90834774869058066 ) ;
#371 = DATE_TIME_ROLE ( 'classification_date' ) ;
#372 = FACE_BOUND ( 'NONE', #2852, .T. ) ;
#373 = VECTOR ( 'NONE', #674, 1000.000000000000000 ) ;
#374 = LINE ( 'NONE', #2151, #1992 ) ;
#375 = VECTOR ( 'NONE', #254, 1000.000000000000000 ) ;
#376 = EDGE_LOOP ( 'NONE', ( #645, #2112, #465, #180, #1100, #1759, #1069 ) ) ;
#377 = EDGE_CURVE ( 'NONE', #941, #1928, #1550, .T. ) ;
#378 = CYLINDRICAL_SURFACE ( 'NONE', #144, 30.00000000000008171 ) ;
#379 = EDGE_CURVE ( 'NONE', #76, #908, #1324, .T. ) ;
#380 = CARTESIAN_POINT ( 'NONE',  ( 609.8376069490901727, 2011.284752328037030, 50.00000000000000000 ) ) ;
#381 = LOCAL_TIME ( 10, 56, 51.00000000000000000, #1477 ) ;
#382 = VERTEX_POINT ( 'NONE', #1331 ) ;
#383 = DIRECTION ( 'NONE',  ( -1.000000000000000000, 0.000000000000000000, 0.000000000000000000 ) ) ;
#384 = DIRECTION ( 'NONE',  ( -0.8825811234812306338, 0.4701601434347756903, 0.000000000000000000 ) ) ;
#385 = ORIENTED_EDGE ( 'NONE', *, *, #1049, .F. ) ;
#386 = ORIENTED_EDGE ( 'NONE', *, *, #1525, .F. ) ;
#387 = ADVANCED_FACE ( 'NONE', ( #2643, #1580 ), #445, .T. ) ;
#388 = DIRECTION ( 'NONE',  ( -0.000000000000000000, 0.000000000000000000, 1.000000000000000000 ) ) ;
#389 = ADVANCED_FACE ( 'NONE', ( #490 ), #475, .F. ) ;
#390 = PERSON_AND_ORGANIZATION ( #1630, #2189 ) ;
#391 = PLANE ( 'NONE',  #1513 ) ;
#392 = CARTESIAN_POINT ( 'NONE',  ( 579.8376069490901727, 2011.284752328037030, 65.00000000000000000 ) ) ;
#393 = CARTESIAN_POINT ( 'NONE',  ( 500.2412902493246065, 1864.841250757022863, -89.00000000000000000 ) ) ;
#394 = LINE ( 'NONE', #1706, #1350 ) ;
#395 = CIRCLE ( 'NONE', #1553, 25.00000000000002132 ) ;
#396 = ORIENTED_EDGE ( 'NONE', *, *, #983, .T. ) ;
#397 = DIRECTION ( 'NONE',  ( -0.000000000000000000, -0.000000000000000000, 1.000000000000000000 ) ) ;
#398 = CARTESIAN_POINT ( 'NONE',  ( 68.38811575907259055, 250.8447041954916017, 89.00000000000000000 ) ) ;
#399 = AXIS2_PLACEMENT_3D ( 'NONE', #2171, #2147, #1956 ) ;
#400 = ORIENTED_EDGE ( 'NONE', *, *, #688, .T. ) ;
#401 = DIRECTION ( 'NONE',  ( -0.000000000000000000, -0.000000000000000000, 1.000000000000000000 ) ) ;
#402 = VERTEX_POINT ( 'NONE', #1142 ) ;
#403 = DIRECTION ( 'NONE',  ( -0.3468439120604485670, 0.9379228649876300006, 0.000000000000000000 ) ) ;
#404 = LINE ( 'NONE', #2530, #935 ) ;
#405 = EDGE_CURVE ( 'NONE', #1338, #640, #1813, .T. ) ;
#406 = LINE ( 'NONE', #1787, #1535 ) ;
#407 = ORIENTED_EDGE ( 'NONE', *, *, #1543, .T. ) ;
#408 = DIRECTION ( 'NONE',  ( 0.000000000000000000, 0.000000000000000000, 1.000000000000000000 ) ) ;
#409 = LINE ( 'NONE', #366, #2321 ) ;
#410 = ORIENTED_EDGE ( 'NONE', *, *, #1890, .T. ) ;
#411 = ORIENTED_EDGE ( 'NONE', *, *, #1723, .F. ) ;
#412 = LINE ( 'NONE', #123, #1279 ) ;
#413 = ORIENTED_EDGE ( 'NONE', *, *, #377, .F. ) ;
#414 = DIRECTION ( 'NONE',  ( -0.000000000000000000, -0.000000000000000000, -1.000000000000000000 ) ) ;
#415 = VECTOR ( 'NONE', #2607, 1000.000000000000000 ) ;
#416 = AXIS2_PLACEMENT_3D ( 'NONE', #1019, #552, #2585 ) ;
#417 = LINE ( 'NONE', #1739, #46 ) ;
#418 = AXIS2_PLACEMENT_3D ( 'NONE', #731, #749, #299 ) ;
#419 = ADVANCED_FACE ( 'NONE', ( #1655 ), #1611, .T. ) ;
#420 = EDGE_LOOP ( 'NONE', ( #2592, #2850, #1335, #62 ) ) ;
#421 = AXIS2_PLACEMENT_3D ( 'NONE', #741, #992, #728 ) ;
#422 = LINE ( 'NONE', #2286, #42 ) ;
#423 = FACE_OUTER_BOUND ( 'NONE', #5, .T. ) ;
#424 = LOCAL_TIME ( 10, 56, 51.00000000000000000, #1273 ) ;
#425 = ORIENTED_EDGE ( 'NONE', *, *, #680, .T. ) ;
#426 = ORIENTED_EDGE ( 'NONE', *, *, #71, .F. ) ;
#427 = ORIENTED_EDGE ( 'NONE', *, *, #41, .F. ) ;
#428 = DIRECTION ( 'NONE',  ( -0.000000000000000000, -0.000000000000000000, -1.000000000000000000 ) ) ;
#429 = PRODUCT ( 'arm_XCGM_Default_sldprt', 'arm_XCGM_Default_sldprt', '', ( #2566 ) ) ;
#430 = ORIENTED_EDGE ( 'NONE', *, *, #652, .F. ) ;
#431 = CARTESIAN_POINT ( 'NONE',  ( 710.0562237456707635, 1557.555052999287227, -65.00000000000000000 ) ) ;
#432 = DIRECTION ( 'NONE',  ( -0.000000000000000000, -0.000000000000000000, -1.000000000000000000 ) ) ;
#433 = ORIENTED_EDGE ( 'NONE', *, *, #202, .T. ) ;
#434 = EDGE_CURVE ( 'NONE', #127, #88, #1194, .T. ) ;
#435 = ORIENTED_EDGE ( 'NONE', *, *, #1516, .F. ) ;
#436 = CARTESIAN_POINT ( 'NONE',  ( 720.7991732773352851, 1616.585460717344858, 65.00000000000000000 ) ) ;
#437 = ORIENTED_EDGE ( 'NONE', *, *, #2439, .F. ) ;
#438 = LINE ( 'NONE', #862, #2559 ) ;
#439 = ORIENTED_EDGE ( 'NONE', *, *, #2282, .F. ) ;
#440 = FACE_OUTER_BOUND ( 'NONE', #1354, .T. ) ;
#441 = VECTOR ( 'NONE', #2249, 1000.000000000000000 ) ;
#442 = ADVANCED_FACE ( 'NONE', ( #955 ), #942, .T. ) ;
#443 = CIRCLE ( 'NONE', #1050, 60.00000000000000711 ) ;
#444 = EDGE_LOOP ( 'NONE', ( #273, #2308 ) ) ;
#445 = PLANE ( 'NONE',  #2433 ) ;
#446 = DIRECTION ( 'NONE',  ( -0.000000000000000000, -0.000000000000000000, -1.000000000000000000 ) ) ;
#447 = ORIENTED_EDGE ( 'NONE', *, *, #1325, .T. ) ;
#448 = DIRECTION ( 'NONE',  ( -0.6993660522065797691, -0.7147636847385179237, 0.000000000000000000 ) ) ;
#449 = CARTESIAN_POINT ( 'NONE',  ( 609.8376069490901727, 2011.284752328037030, -132.5000000000000000 ) ) ;
#450 = ORIENTED_EDGE ( 'NONE', *, *, #2489, .F. ) ;
#451 = DIRECTION ( 'NONE',  ( 0.000000000000000000, 0.000000000000000000, 1.000000000000000000 ) ) ;
#452 = DIRECTION ( 'NONE',  ( -0.000000000000000000, -0.000000000000000000, -1.000000000000000000 ) ) ;
#453 = ORIENTED_EDGE ( 'NONE', *, *, #690, .T. ) ;
#454 = ORIENTED_EDGE ( 'NONE', *, *, #1585, .T. ) ;
#455 = DIRECTION ( 'NONE',  ( -0.6993660522065798801, -0.7147636847385179237, 0.000000000000000000 ) ) ;
#456 = VECTOR ( 'NONE', #1681, 1000.000000000000000 ) ;
#457 = DIRECTION ( 'NONE',  ( 1.000000000000000000, 0.000000000000000000, 0.000000000000000000 ) ) ;
#458 = ADVANCED_FACE ( 'NONE', ( #752 ), #2099, .F. ) ;
#459 = EDGE_CURVE ( 'NONE', #1308, #1973, #1624, .T. ) ;
#460 = ADVANCED_FACE ( 'NONE', ( #2309 ), #109, .F. ) ;
#461 = CARTESIAN_POINT ( 'NONE',  ( 59.96272178968664690, 680.3424031177195275, 77.50000000000000000 ) ) ;
#462 = CARTESIAN_POINT ( 'NONE',  ( 491.1198634823961697, 1869.817665301333363, -65.00000000000000000 ) ) ;
#463 = LINE ( 'NONE', #2017, #2503 ) ;
#464 = AXIS2_PLACEMENT_3D ( 'NONE', #2101, #2129, #1216 ) ;
#465 = ORIENTED_EDGE ( 'NONE', *, *, #3, .T. ) ;
#466 = CIRCLE ( 'NONE', #1258, 25.00000000000000711 ) ;
#467 = ORIENTED_EDGE ( 'NONE', *, *, #1103, .F. ) ;
#468 = DIRECTION ( 'NONE',  ( 0.000000000000000000, 0.000000000000000000, 1.000000000000000000 ) ) ;
#469 = DIRECTION ( 'NONE',  ( -0.000000000000000000, -0.000000000000000000, 1.000000000000000000 ) ) ;
#470 = CIRCLE ( 'NONE', #2844, 60.00000000000000000 ) ;
#471 = VERTEX_POINT ( 'NONE', #2327 ) ;
#472 = EDGE_CURVE ( 'NONE', #1986, #487, #1004, .T. ) ;
#473 = EDGE_CURVE ( 'NONE', #620, #382, #984, .T. ) ;
#474 = EDGE_LOOP ( 'NONE', ( #810, #386, #2868, #2421 ) ) ;
#475 = PLANE ( 'NONE',  #724 ) ;
#476 = ORIENTED_EDGE ( 'NONE', *, *, #2738, .T. ) ;
#477 = DIRECTION ( 'NONE',  ( -0.000000000000000000, -0.000000000000000000, -1.000000000000000000 ) ) ;
#478 = DIRECTION ( 'NONE',  ( 0.000000000000000000, 0.000000000000000000, 1.000000000000000000 ) ) ;
#479 = DIRECTION ( 'NONE',  ( 0.000000000000000000, 0.000000000000000000, 1.000000000000000000 ) ) ;
#480 = CARTESIAN_POINT ( 'NONE',  ( 64.21480130981946388, 646.8694395643809685, -62.50000000000001421 ) ) ;
#481 = EDGE_CURVE ( 'NONE', #2605, #485, #1641, .T. ) ;
#482 = ORIENTED_EDGE ( 'NONE', *, *, #712, .F. ) ;
#483 = ORIENTED_EDGE ( 'NONE', *, *, #2663, .F. ) ;
#484 = CARTESIAN_POINT ( 'NONE',  ( 68.38811575907259055, 250.8447041954916017, -132.5000000000000000 ) ) ;
#485 = VERTEX_POINT ( 'NONE', #1881 ) ;
#486 = DIRECTION ( 'NONE',  ( -0.000000000000000000, -0.000000000000000000, 1.000000000000000000 ) ) ;
#487 = VERTEX_POINT ( 'NONE', #2773 ) ;
#488 = AXIS2_PLACEMENT_3D ( 'NONE', #1883, #714, #1215 ) ;
#489 = ORIENTED_EDGE ( 'NONE', *, *, #2394, .F. ) ;
#490 = FACE_OUTER_BOUND ( 'NONE', #51, .T. ) ;
#491 = EDGE_LOOP ( 'NONE', ( #338, #1970, #2342, #889 ) ) ;
#492 = AXIS2_PLACEMENT_3D ( 'NONE', #2294, #1842, #2741 ) ;
#493 = DIRECTION ( 'NONE',  ( 0.000000000000000000, 0.000000000000000000, -1.000000000000000000 ) ) ;
#494 = ADVANCED_FACE ( 'NONE', ( #723 ), #782, .F. ) ;
#495 = CARTESIAN_POINT ( 'NONE',  ( 0.000000000000000000, 0.000000000000000000, 89.00000000000000000 ) ) ;
#496 = LINE ( 'NONE', #1661, #1635 ) ;
#497 = EDGE_CURVE ( 'NONE', #487, #248, #2726, .T. ) ;
#498 = EDGE_LOOP ( 'NONE', ( #1873, #834, #2188, #1164 ) ) ;
#499 = EDGE_LOOP ( 'NONE', ( #2526, #1983, #2522, #2467 ) ) ;
#500 = DIRECTION ( 'NONE',  ( -0.000000000000000000, -0.000000000000000000, -1.000000000000000000 ) ) ;
#501 = DIRECTION ( 'NONE',  ( -0.000000000000000000, 0.000000000000000000, 1.000000000000000000 ) ) ;
#502 = ORIENTED_EDGE ( 'NONE', *, *, #2193, .F. ) ;
#503 = EDGE_LOOP ( 'NONE', ( #590, #2326, #1536, #1059 ) ) ;
#504 = CARTESIAN_POINT ( 'NONE',  ( -58.19077862357731590, 10.26060429976988786, -90.00000000000000000 ) ) ;
#505 =( NAMED_UNIT ( * ) SI_UNIT ( $, .STERADIAN. ) SOLID_ANGLE_UNIT ( ) );
#506 = DIRECTION ( 'NONE',  ( 1.000000000000000000, 0.000000000000000000, 0.000000000000000000 ) ) ;
#507 = AXIS2_PLACEMENT_3D ( 'NONE', #2073, #1173, #2273 ) ;
#508 = DIRECTION ( 'NONE',  ( 1.000000000000000000, 0.000000000000000000, 0.000000000000000000 ) ) ;
#509 = FACE_OUTER_BOUND ( 'NONE', #516, .T. ) ;
#510 = VECTOR ( 'NONE', #1033, 1000.000000000000000 ) ;
#511 = ORIENTED_EDGE ( 'NONE', *, *, #2070, .T. ) ;
#512 = CIRCLE ( 'NONE', #745, 59.99999999999994316 ) ;
#513 = ORIENTED_EDGE ( 'NONE', *, *, #1586, .T. ) ;
#514 = VECTOR ( 'NONE', #713, 1000.000000000000000 ) ;
#515 = DIRECTION ( 'NONE',  ( -0.000000000000000000, -0.000000000000000000, -1.000000000000000000 ) ) ;
#516 = EDGE_LOOP ( 'NONE', ( #2693, #685, #1361, #511, #2697, #274 ) ) ;
#517 = CARTESIAN_POINT ( 'NONE',  ( 68.38811575907259055, 250.8447041954916017, -90.00000000000000000 ) ) ;
#518 = AXIS2_PLACEMENT_3D ( 'NONE', #2116, #2776, #1230 ) ;
#519 = ORIENTED_EDGE ( 'NONE', *, *, #990, .T. ) ;
#520 = DIRECTION ( 'NONE',  ( -0.3502424885566300938, -0.9366590624179422786, 0.000000000000000000 ) ) ;
#521 = VECTOR ( 'NONE', #2423, 1000.000000000000114 ) ;
#522 = CIRCLE ( 'NONE', #4, 60.90834774869058066 ) ;
#523 = DIRECTION ( 'NONE',  ( -0.000000000000000000, -0.000000000000000000, -1.000000000000000000 ) ) ;
#524 = CYLINDRICAL_SURFACE ( 'NONE', #886, 19.99999999999998934 ) ;
#525 = ADVANCED_FACE ( 'NONE', ( #2281 ), #2758, .F. ) ;
#526 = DIRECTION ( 'NONE',  ( -0.000000000000000000, -0.000000000000000000, 1.000000000000000000 ) ) ;
#527 = CARTESIAN_POINT ( 'NONE',  ( -38.07689533117545011, 66.74440010644539711, -7.500000000000000000 ) ) ;
#528 = ORIENTED_EDGE ( 'NONE', *, *, #133, .F. ) ;
#529 = VERTEX_POINT ( 'NONE', #1852 ) ;
#530 = CARTESIAN_POINT ( 'NONE',  ( 560.7517491875224778, 2047.345886437859008, -65.00000000000000000 ) ) ;
#531 = DIRECTION ( 'NONE',  ( -0.3468439120604485670, 0.9379228649876300006, -0.000000000000000000 ) ) ;
#532 = ADVANCED_FACE ( 'NONE', ( #764 ), #2501, .F. ) ;
#533 = EDGE_LOOP ( 'NONE', ( #2177, #2682, #2307, #2027, #243 ) ) ;
#534 = DIRECTION ( 'NONE',  ( 0.9379228649876300006, 0.3468439120604485670, 0.000000000000000000 ) ) ;
#535 = AXIS2_PLACEMENT_3D ( 'NONE', #2550, #345, #550 ) ;
#536 = AXIS2_PLACEMENT_3D ( 'NONE', #995, #1368, #1617 ) ;
#537 = DIRECTION ( 'NONE',  ( -0.000000000000000000, -0.000000000000000000, -1.000000000000000000 ) ) ;
#538 = DIRECTION ( 'NONE',  ( -0.000000000000000000, 0.000000000000000000, 1.000000000000000000 ) ) ;
#539 = FACE_BOUND ( 'NONE', #2494, .T. ) ;
#540 = AXIS2_PLACEMENT_3D ( 'NONE', #2224, #879, #1548 ) ;
#541 = DIRECTION ( 'NONE',  ( 0.2157203820041648790, -0.9764551790983430068, -0.000000000000000000 ) ) ;
#542 = DIRECTION ( 'NONE',  ( -0.1815689199582223023, 0.9833782218989826074, 0.000000000000000000 ) ) ;
#543 = ORIENTED_EDGE ( 'NONE', *, *, #280, .T. ) ;
#544 = FACE_OUTER_BOUND ( 'NONE', #137, .T. ) ;
#545 = LINE ( 'NONE', #2306, #1489 ) ;
#546 = ORIENTED_EDGE ( 'NONE', *, *, #280, .F. ) ;
#547 = DIRECTION ( 'NONE',  ( 1.000000000000000000, 0.000000000000000000, 0.000000000000000000 ) ) ;
#548 = ORIENTED_EDGE ( 'NONE', *, *, #625, .T. ) ;
#549 = DIRECTION ( 'NONE',  ( -0.000000000000000000, 0.000000000000000000, 1.000000000000000000 ) ) ;
#550 = DIRECTION ( 'NONE',  ( 0.1736481776669271115, 0.9848077530122086864, 0.000000000000000000 ) ) ;
#551 = CARTESIAN_POINT ( 'NONE',  ( 668.2413811590949990, 2028.571336244536951, 50.00000000000000000 ) ) ;
#552 = DIRECTION ( 'NONE',  ( 0.000000000000000000, 0.000000000000000000, 1.000000000000000000 ) ) ;
#553 = DIRECTION ( 'NONE',  ( -0.000000000000000000, 0.000000000000000000, -1.000000000000000000 ) ) ;
#554 = EDGE_CURVE ( 'NONE', #720, #2670, #1829, .T. ) ;
#555 = ADVANCED_FACE ( 'NONE', ( #1181 ), #2067, .F. ) ;
#556 = ORIENTED_EDGE ( 'NONE', *, *, #1187, .F. ) ;
#557 = CARTESIAN_POINT ( 'NONE',  ( 690.3330407328470528, 1846.168639772010920, 90.00000000000000000 ) ) ;
#558 = LINE ( 'NONE', #1444, #194 ) ;
#559 = CIRCLE ( 'NONE', #1578, 20.00000000000001776 ) ;
#560 = CIRCLE ( 'NONE', #416, 30.00000000000002842 ) ;
#561 = ORIENTED_EDGE ( 'NONE', *, *, #999, .F. ) ;
#562 = VERTEX_POINT ( 'NONE', #2158 ) ;
#563 = DIRECTION ( 'NONE',  ( -0.000000000000000000, -0.000000000000000000, 1.000000000000000000 ) ) ;
#564 = ADVANCED_FACE ( 'NONE', ( #841, #2801 ), #1914, .F. ) ;
#565 = AXIS2_PLACEMENT_3D ( 'NONE', #2762, #2552, #1658 ) ;
#566 = EDGE_CURVE ( 'NONE', #2293, #1993, #170, .T. ) ;
#567 = EDGE_CURVE ( 'NONE', #2563, #1733, #2818, .T. ) ;
#568 = DIRECTION ( 'NONE',  ( 0.4865142723515116230, 0.8736726290769781800, 0.000000000000000000 ) ) ;
#569 = VECTOR ( 'NONE', #1068, 1000.000000000000000 ) ;
#570 = PLANE ( 'NONE',  #2814 ) ;
#571 = CARTESIAN_POINT ( 'NONE',  ( -52.81544661460821999, 40.74562699664600984, 7.500000000000007105 ) ) ;
#572 =( GEOMETRIC_REPRESENTATION_CONTEXT ( 3 ) GLOBAL_UNCERTAINTY_ASSIGNED_CONTEXT ( ( #2124 ) ) GLOBAL_UNIT_ASSIGNED_CONTEXT ( ( #110, #2716, #505 ) ) REPRESENTATION_CONTEXT ( 'NONE', 'WORKASPACE' ) );
#573 = ORIENTED_EDGE ( 'NONE', *, *, #2759, .F. ) ;
#574 = CARTESIAN_POINT ( 'NONE',  ( 0.000000000000000000, 0.000000000000000000, 132.5000000000000000 ) ) ;
#575 = DIRECTION ( 'NONE',  ( 1.000000000000000000, 0.000000000000000000, -0.000000000000000000 ) ) ;
#576 = VERTEX_POINT ( 'NONE', #798 ) ;
#577 = ORIENTED_EDGE ( 'NONE', *, *, #41, .T. ) ;
#578 = DIRECTION ( 'NONE',  ( 0.000000000000000000, 0.000000000000000000, -1.000000000000000000 ) ) ;
#579 = DIRECTION ( 'NONE',  ( -1.000000000000000000, 0.000000000000000000, 0.000000000000000000 ) ) ;
#580 = VERTEX_POINT ( 'NONE', #1929 ) ;
#581 = CARTESIAN_POINT ( 'NONE',  ( 745.7991732773353988, 1616.585460717344858, 49.99999999999998579 ) ) ;
#582 = DATE_AND_TIME ( #2358, #424 ) ;
#583 = DIRECTION ( 'NONE',  ( -0.000000000000000000, -0.000000000000000000, -1.000000000000000000 ) ) ;
#584 = CARTESIAN_POINT ( 'NONE',  ( -57.77305039141960918, 70.21736365978394190, 62.50000000000000000 ) ) ;
#585 = CIRCLE ( 'NONE', #2629, 19.99999999999998934 ) ;
#586 = CARTESIAN_POINT ( 'NONE',  ( 281.3100478204222554, 1595.388559879777858, -132.5000000000000000 ) ) ;
#587 = DIRECTION ( 'NONE',  ( -0.000000000000000000, -0.000000000000000000, -1.000000000000000000 ) ) ;
#588 = AXIS2_PLACEMENT_3D ( 'NONE', #611, #1043, #174 ) ;
#589 = ORIENTED_EDGE ( 'NONE', *, *, #1894, .T. ) ;
#590 = ORIENTED_EDGE ( 'NONE', *, *, #1223, .T. ) ;
#591 = DIRECTION ( 'NONE',  ( -0.4865142723515116230, -0.8736726290769781800, 0.000000000000000000 ) ) ;
#592 = LINE ( 'NONE', #1023, #288 ) ;
#593 = ORIENTED_EDGE ( 'NONE', *, *, #216, .T. ) ;
#594 = DIRECTION ( 'NONE',  ( 0.9848077530122086864, -0.1736481776669271115, 0.000000000000000000 ) ) ;
#595 = EDGE_CURVE ( 'NONE', #2485, #1763, #828, .T. ) ;
#596 = ADVANCED_FACE ( 'NONE', ( #2565 ), #140, .F. ) ;
#597 = ADVANCED_FACE ( 'NONE', ( #2628 ), #817, .T. ) ;
#598 = PERSON_AND_ORGANIZATION ( #1630, #2189 ) ;
#599 = LINE ( 'NONE', #1969, #2763 ) ;
#600 = CYLINDRICAL_SURFACE ( 'NONE', #1396, 79.99999999999984368 ) ;
#601 = FACE_OUTER_BOUND ( 'NONE', #1907, .T. ) ;
#602 = CARTESIAN_POINT ( 'NONE',  ( 281.3100478204222554, 1595.388559879777858, 90.00000000000000000 ) ) ;
#603 = ORIENTED_EDGE ( 'NONE', *, *, #290, .T. ) ;
#604 = EDGE_CURVE ( 'NONE', #1243, #2280, #1476, .T. ) ;
#605 = VERTEX_POINT ( 'NONE', #581 ) ;
#606 = DIRECTION ( 'NONE',  ( 1.000000000000000000, 0.000000000000000000, 0.000000000000000000 ) ) ;
#607 = CARTESIAN_POINT ( 'NONE',  ( 25.00000000000000000, 0.000000000000000000, 132.5000000000000000 ) ) ;
#608 = VERTEX_POINT ( 'NONE', #358 ) ;
#609 = CIRCLE ( 'NONE', #326, 79.99999999999984368 ) ;
#610 = ORIENTED_EDGE ( 'NONE', *, *, #1831, .F. ) ;
#611 = CARTESIAN_POINT ( 'NONE',  ( 720.7991732773352851, 1616.585460717344858, 50.00000000000000000 ) ) ;
#612 = AXIS2_PLACEMENT_3D ( 'NONE', #991, #351, #1454 ) ;
#613 = PERSON_AND_ORGANIZATION_ROLE ( 'classification_officer' ) ;
#614 = CARTESIAN_POINT ( 'NONE',  ( 710.0562237456707635, 1557.555052999287227, -65.00000000000000000 ) ) ;
#615 = AXIS2_PLACEMENT_3D ( 'NONE', #2770, #1207, #2063 ) ;
#616 = CARTESIAN_POINT ( 'NONE',  ( 742.9728526854286201, 1826.485171714987700, -65.00000000000000000 ) ) ;
#617 = ORIENTED_EDGE ( 'NONE', *, *, #459, .T. ) ;
#618 = DIRECTION ( 'NONE',  ( -0.9838401286342943752, 0.1790491588610656215, 0.000000000000000000 ) ) ;
#619 = CARTESIAN_POINT ( 'NONE',  ( 311.3100478204223123, 1595.388559879777858, 107.4999999999999858 ) ) ;
#620 = VERTEX_POINT ( 'NONE', #2373 ) ;
#621 = DIRECTION ( 'NONE',  ( 0.3502424885566300383, 0.9366590624179422786, 0.000000000000000000 ) ) ;
#622 = DIRECTION ( 'NONE',  ( 1.000000000000000000, 0.000000000000000000, 0.000000000000000000 ) ) ;
#623 = ORIENTED_EDGE ( 'NONE', *, *, #2518, .F. ) ;
#624 = FACE_OUTER_BOUND ( 'NONE', #498, .T. ) ;
#625 = EDGE_CURVE ( 'NONE', #1484, #2105, #443, .T. ) ;
#626 = AXIS2_PLACEMENT_3D ( 'NONE', #1485, #578, #383 ) ;
#627 = CALENDAR_DATE ( 2026, 25, 8 ) ;
#628 = LINE ( 'NONE', #1077, #303 ) ;
#629 = CARTESIAN_POINT ( 'NONE',  ( 59.96272178968664690, 680.3424031177195275, 77.50000000000000000 ) ) ;
#630 = FACE_OUTER_BOUND ( 'NONE', #2564, .T. ) ;
#631 = EDGE_LOOP ( 'NONE', ( #1504, #1821 ) ) ;
#632 = LINE ( 'NONE', #2408, #840 ) ;
#633 = DIRECTION ( 'NONE',  ( -1.000000000000000000, 0.000000000000000000, 0.000000000000000000 ) ) ;
#634 = CIRCLE ( 'NONE', #21, 60.00000000000001421 ) ;
#635 = VERTEX_POINT ( 'NONE', #2357 ) ;
#636 = CARTESIAN_POINT ( 'NONE',  ( 560.7517491875224778, 2047.345886437859008, -50.00000000000000000 ) ) ;
#637 = EDGE_LOOP ( 'NONE', ( #2239, #328, #661, #2827 ) ) ;
#638 = DIRECTION ( 'NONE',  ( -0.000000000000000000, -0.000000000000000000, -1.000000000000000000 ) ) ;
#639 = CARTESIAN_POINT ( 'NONE',  ( 226.9763019268898177, 1569.935778947686458, -89.00000000000000000 ) ) ;
#640 = VERTEX_POINT ( 'NONE', #2612 ) ;
#641 = VERTEX_POINT ( 'NONE', #1944 ) ;
#642 = DIRECTION ( 'NONE',  ( 1.000000000000000000, 0.000000000000000000, 0.000000000000000000 ) ) ;
#643 = DIRECTION ( 'NONE',  ( 0.3502424885566300938, 0.9366590624179422786, 0.000000000000000000 ) ) ;
#644 = ADVANCED_FACE ( 'NONE', ( #369 ), #2828, .T. ) ;
#645 = ORIENTED_EDGE ( 'NONE', *, *, #1501, .T. ) ;
#646 = CARTESIAN_POINT ( 'NONE',  ( 251.3100478204221417, 1595.388559879777858, -132.5000000000000000 ) ) ;
#647 = VERTEX_POINT ( 'NONE', #1240 ) ;
#648 = CARTESIAN_POINT ( 'NONE',  ( -57.77305039141960918, 70.21736365978394190, 62.50000000000000000 ) ) ;
#649 = ORIENTED_EDGE ( 'NONE', *, *, #864, .T. ) ;
#650 = ADVANCED_FACE ( 'NONE', ( #624 ), #1286, .F. ) ;
#651 = AXIS2_PLACEMENT_3D ( 'NONE', #495, #1156, #37 ) ;
#652 = EDGE_CURVE ( 'NONE', #908, #114, #2846, .T. ) ;
#653 = AXIS2_PLACEMENT_3D ( 'NONE', #2848, #181, #2214 ) ;
#654 = DIRECTION ( 'NONE',  ( -0.000000000000000000, 0.000000000000000000, 1.000000000000000000 ) ) ;
#655 = VECTOR ( 'NONE', #1783, 1000.000000000000000 ) ;
#656 = ORIENTED_EDGE ( 'NONE', *, *, #2589, .F. ) ;
#657 = VECTOR ( 'NONE', #2354, 1000.000000000000000 ) ;
#658 = CARTESIAN_POINT ( 'NONE',  ( 560.7517491875224778, 2047.345886437859008, 65.00000000000000000 ) ) ;
#659 = CARTESIAN_POINT ( 'NONE',  ( 68.38811575907259055, 250.8447041954916017, -90.00000000000000000 ) ) ;
#660 = CC_DESIGN_APPROVAL ( #1560, ( #2416 ) ) ;
#661 = ORIENTED_EDGE ( 'NONE', *, *, #604, .T. ) ;
#662 = VERTEX_POINT ( 'NONE', #636 ) ;
#663 = DIRECTION ( 'NONE',  ( -0.000000000000000000, -0.000000000000000000, -1.000000000000000000 ) ) ;
#664 = ORIENTED_EDGE ( 'NONE', *, *, #2232, .F. ) ;
#665 = DIRECTION ( 'NONE',  ( 0.000000000000000000, 0.000000000000000000, 1.000000000000000000 ) ) ;
#666 = CARTESIAN_POINT ( 'NONE',  ( 59.96272178968664690, 680.3424031177195275, 62.50000000000000000 ) ) ;
#667 = ORIENTED_EDGE ( 'NONE', *, *, #989, .T. ) ;
#668 = DIRECTION ( 'NONE',  ( -0.4865142723515116230, -0.8736726290769781800, 0.000000000000000000 ) ) ;
#669 = DIRECTION ( 'NONE',  ( -0.000000000000000000, -0.000000000000000000, -1.000000000000000000 ) ) ;
#670 = CIRCLE ( 'NONE', #66, 70.05687066934417828 ) ;
#671 = EDGE_LOOP ( 'NONE', ( #922, #2121, #1422, #1448 ) ) ;
#672 = LINE ( 'NONE', #16, #2876 ) ;
#673 = AXIS2_PLACEMENT_3D ( 'NONE', #1712, #1700, #1492 ) ;
#674 = DIRECTION ( 'NONE',  ( -0.000000000000000000, -0.000000000000000000, 1.000000000000000000 ) ) ;
#675 = ORIENTED_EDGE ( 'NONE', *, *, #1977, .F. ) ;
#676 = ORIENTED_EDGE ( 'NONE', *, *, #1714, .F. ) ;
#677 = EDGE_LOOP ( 'NONE', ( #1922, #2170, #1292, #2500, #155, #2524, #1435 ) ) ;
#678 = CARTESIAN_POINT ( 'NONE',  ( 64.21480130981946388, 646.8694395643809685, -7.500000000000000000 ) ) ;
#679 = EDGE_CURVE ( 'NONE', #1338, #323, #1522, .T. ) ;
#680 = EDGE_CURVE ( 'NONE', #635, #2060, #412, .T. ) ;
#681 = EDGE_CURVE ( 'NONE', #2563, #529, #2675, .T. ) ;
#682 = FACE_OUTER_BOUND ( 'NONE', #474, .T. ) ;
#683 = ORIENTED_EDGE ( 'NONE', *, *, #2538, .T. ) ;
#684 = ORIENTED_EDGE ( 'NONE', *, *, #1015, .F. ) ;
#685 = ORIENTED_EDGE ( 'NONE', *, *, #377, .T. ) ;
#686 = LINE ( 'NONE', #240, #1297 ) ;
#687 = CARTESIAN_POINT ( 'NONE',  ( -57.77305039141960918, 70.21736365978394190, -62.50000000000001421 ) ) ;
#688 = EDGE_CURVE ( 'NONE', #2325, #2577, #1989, .T. ) ;
#689 = ADVANCED_FACE ( 'NONE', ( #2003 ), #1110, .F. ) ;
#690 = EDGE_CURVE ( 'NONE', #2060, #936, #2291, .T. ) ;
#691 = VERTEX_POINT ( 'NONE', #2199 ) ;
#692 = CARTESIAN_POINT ( 'NONE',  ( 64.21480130981946388, 646.8694395643809685, 77.50000000000000000 ) ) ;
#693 = CARTESIAN_POINT ( 'NONE',  ( 742.9728526854286201, 1826.485171714987473, 90.00000000000000000 ) ) ;
#694 = ORIENTED_EDGE ( 'NONE', *, *, #814, .T. ) ;
#695 = DIRECTION ( 'NONE',  ( 1.000000000000000000, 0.000000000000000000, 0.000000000000000000 ) ) ;
#696 = AXIS2_PLACEMENT_3D ( 'NONE', #198, #12, #24 ) ;
#697 = EDGE_CURVE ( 'NONE', #1008, #647, #1793, .T. ) ;
#698 = DIRECTION ( 'NONE',  ( 0.000000000000000000, 0.000000000000000000, 1.000000000000000000 ) ) ;
#699 = AXIS2_PLACEMENT_3D ( 'NONE', #2363, #1265, #1438 ) ;
#700 = DIRECTION ( 'NONE',  ( 1.000000000000000000, 0.000000000000000000, 0.000000000000000000 ) ) ;
#701 = DIRECTION ( 'NONE',  ( 0.000000000000000000, 0.000000000000000000, 1.000000000000000000 ) ) ;
#702 = DIRECTION ( 'NONE',  ( 0.1736481776669271115, 0.9848077530122086864, 0.000000000000000000 ) ) ;
#703 = AXIS2_PLACEMENT_3D ( 'NONE', #846, #29, #247 ) ;
#704 = CIRCLE ( 'NONE', #1302, 60.00000000000000000 ) ;
#705 = ORIENTED_EDGE ( 'NONE', *, *, #2490, .F. ) ;
#706 = DIRECTION ( 'NONE',  ( -0.000000000000000000, -0.000000000000000000, -1.000000000000000000 ) ) ;
#707 = FACE_OUTER_BOUND ( 'NONE', #1622, .T. ) ;
#708 = LOCAL_TIME ( 10, 56, 51.00000000000000000, #2613 ) ;
#709 = APPROVAL ( #1228, '未' ) ;
#710 = ORIENTED_EDGE ( 'NONE', *, *, #2065, .T. ) ;
#711 = DIRECTION ( 'NONE',  ( 1.000000000000000000, 0.000000000000000000, 0.000000000000000000 ) ) ;
#712 = EDGE_CURVE ( 'NONE', #927, #1461, #2654, .T. ) ;
#713 = DIRECTION ( 'NONE',  ( -0.000000000000000000, -0.000000000000000000, -1.000000000000000000 ) ) ;
#714 = DIRECTION ( 'NONE',  ( -0.000000000000000000, 0.000000000000000000, 1.000000000000000000 ) ) ;
#715 = CARTESIAN_POINT ( 'NONE',  ( 59.96272178968664690, 680.3424031177195275, 77.50000000000000000 ) ) ;
#716 = DIRECTION ( 'NONE',  ( 1.000000000000000000, 0.000000000000000000, 0.000000000000000000 ) ) ;
#717 = EDGE_LOOP ( 'NONE', ( #2800, #1471 ) ) ;
#718 = CYLINDRICAL_SURFACE ( 'NONE', #2638, 30.00000000000008171 ) ;
#719 = CYLINDRICAL_SURFACE ( 'NONE', #615, 60.00000000000000000 ) ;
#720 = VERTEX_POINT ( 'NONE', #2668 ) ;
#721 = AXIS2_PLACEMENT_3D ( 'NONE', #2875, #208, #1777 ) ;
#722 = ORIENTED_EDGE ( 'NONE', *, *, #2403, .F. ) ;
#723 = FACE_OUTER_BOUND ( 'NONE', #2749, .T. ) ;
#724 = AXIS2_PLACEMENT_3D ( 'NONE', #2245, #2429, #901 ) ;
#725 = LINE ( 'NONE', #1143, #2873 ) ;
#726 = EDGE_CURVE ( 'NONE', #2045, #927, #246, .T. ) ;
#727 = FACE_OUTER_BOUND ( 'NONE', #1903, .T. ) ;
#728 = DIRECTION ( 'NONE',  ( -1.000000000000000000, 0.000000000000000000, 0.000000000000000000 ) ) ;
#729 = ORIENTED_EDGE ( 'NONE', *, *, #681, .F. ) ;
#730 = CARTESIAN_POINT ( 'NONE',  ( 745.7991732773353988, 1616.585460717344858, -50.00000000000000000 ) ) ;
#731 = CARTESIAN_POINT ( 'NONE',  ( 68.38811575907259055, 250.8447041954916017, -89.00000000000000000 ) ) ;
#732 = ORIENTED_EDGE ( 'NONE', *, *, #742, .F. ) ;
#733 = ORIENTED_EDGE ( 'NONE', *, *, #1259, .T. ) ;
#734 = ADVANCED_FACE ( 'NONE', ( #440 ), #2209, .T. ) ;
#735 = CARTESIAN_POINT ( 'NONE',  ( -52.81544661460818446, 40.74562699664585352, -7.500000000000000000 ) ) ;
#736 = PLANE ( 'NONE',  #1080 ) ;
#737 = EDGE_CURVE ( 'NONE', #875, #402, #672, .T. ) ;
#738 = LINE ( 'NONE', #1816, #93 ) ;
#739 = CIRCLE ( 'NONE', #2871, 30.00000000000002842 ) ;
#740 = CARTESIAN_POINT ( 'NONE',  ( 500.2412902493246065, 1864.841250757022863, 89.00000000000000000 ) ) ;
#741 = CARTESIAN_POINT ( 'NONE',  ( -38.07689533117545011, 66.74440010644539711, 77.50000000000000000 ) ) ;
#742 = EDGE_CURVE ( 'NONE', #956, #608, #512, .T. ) ;
#743 = VECTOR ( 'NONE', #2390, 1000.000000000000114 ) ;
#744 = EDGE_CURVE ( 'NONE', #640, #77, #1629, .T. ) ;
#745 = AXIS2_PLACEMENT_3D ( 'NONE', #1534, #1795, #1575 ) ;
#746 = ORIENTED_EDGE ( 'NONE', *, *, #2136, .F. ) ;
#747 = AXIS2_PLACEMENT_3D ( 'NONE', #1564, #1593, #1576 ) ;
#748 = FACE_OUTER_BOUND ( 'NONE', #2024, .T. ) ;
#749 = DIRECTION ( 'NONE',  ( -0.000000000000000000, -0.000000000000000000, -1.000000000000000000 ) ) ;
#750 = AXIS2_PLACEMENT_3D ( 'NONE', #2813, #2843, #2826 ) ;
#751 = VERTEX_POINT ( 'NONE', #2020 ) ;
#752 = FACE_OUTER_BOUND ( 'NONE', #2653, .T. ) ;
#753 = AXIS2_PLACEMENT_3D ( 'NONE', #2295, #1612, #2312 ) ;
#754 = LINE ( 'NONE', #2283, #939 ) ;
#755 = CARTESIAN_POINT ( 'NONE',  ( -58.19077862357731590, 10.26060429976988786, 132.5000000000000000 ) ) ;
#756 = EDGE_LOOP ( 'NONE', ( #413, #912, #1209, #433 ) ) ;
#757 = CYLINDRICAL_SURFACE ( 'NONE', #2361, 60.90834774869058066 ) ;
#758 = CARTESIAN_POINT ( 'NONE',  ( 281.3100478204223691, 1655.388559879777858, 90.00000000000000000 ) ) ;
#759 = VERTEX_POINT ( 'NONE', #2695 ) ;
#760 = VERTEX_POINT ( 'NONE', #2855 ) ;
#761 = CARTESIAN_POINT ( 'NONE',  ( 576.3203573460079951, 1888.801106118242387, -49.99999999999996447 ) ) ;
#762 = DIRECTION ( 'NONE',  ( 0.000000000000000000, 0.000000000000000000, 1.000000000000000000 ) ) ;
#763 = ORIENTED_EDGE ( 'NONE', *, *, #2591, .F. ) ;
#764 = FACE_OUTER_BOUND ( 'NONE', #1386, .T. ) ;
#765 = CIRCLE ( 'NONE', #1135, 30.00000000000008171 ) ;
#766 = DIRECTION ( 'NONE',  ( -0.000000000000000000, -0.000000000000000000, -1.000000000000000000 ) ) ;
#767 = CARTESIAN_POINT ( 'NONE',  ( -683.7803627431533187, 669.0501813099344872, 90.00000000000000000 ) ) ;
#768 = DIRECTION ( 'NONE',  ( -0.9379228649876300006, -0.3468439120604485670, 0.000000000000000000 ) ) ;
#769 = EDGE_CURVE ( 'NONE', #118, #909, #2602, .T. ) ;
#770 = CIRCLE ( 'NONE', #2767, 20.00000000000001776 ) ;
#771 = EDGE_CURVE ( 'NONE', #261, #2446, #2241, .T. ) ;
#772 = DIRECTION ( 'NONE',  ( -0.000000000000000000, -0.000000000000000000, -1.000000000000000000 ) ) ;
#773 = FACE_OUTER_BOUND ( 'NONE', #499, .T. ) ;
#774 = VERTEX_POINT ( 'NONE', #28 ) ;
#775 = ORIENTED_EDGE ( 'NONE', *, *, #72, .F. ) ;
#776 = EDGE_CURVE ( 'NONE', #2569, #1205, #2441, .T. ) ;
#777 = DIRECTION ( 'NONE',  ( -0.000000000000000000, -0.000000000000000000, -1.000000000000000000 ) ) ;
#778 = PLANE ( 'NONE',  #1119 ) ;
#779 = EDGE_CURVE ( 'NONE', #1785, #92, #2639, .T. ) ;
#780 = ORIENTED_EDGE ( 'NONE', *, *, #216, .F. ) ;
#781 = ORIENTED_EDGE ( 'NONE', *, *, #1260, .T. ) ;
#782 = CYLINDRICAL_SURFACE ( 'NONE', #1559, 30.00000000000002842 ) ;
#783 = VECTOR ( 'NONE', #1177, 1000.000000000000000 ) ;
#784 = LINE ( 'NONE', #2549, #150 ) ;
#785 = FACE_OUTER_BOUND ( 'NONE', #836, .T. ) ;
#786 = DIRECTION ( 'NONE',  ( 0.1736481776669271948, 0.9848077530122086864, -0.000000000000000000 ) ) ;
#787 = ORIENTED_EDGE ( 'NONE', *, *, #1950, .T. ) ;
#788 = ORIENTED_EDGE ( 'NONE', *, *, #1623, .F. ) ;
#789 = PLANE ( 'NONE',  #699 ) ;
#790 = DIRECTION ( 'NONE',  ( 0.000000000000000000, 0.000000000000000000, 1.000000000000000000 ) ) ;
#791 = ORIENTED_EDGE ( 'NONE', *, *, #293, .F. ) ;
#792 = DIRECTION ( 'NONE',  ( -0.3468439120604485670, 0.9379228649876300006, 0.000000000000000000 ) ) ;
#793 = FACE_BOUND ( 'NONE', #1662, .T. ) ;
#794 = VECTOR ( 'NONE', #1589, 1000.000000000000000 ) ;
#795 = VECTOR ( 'NONE', #772, 1000.000000000000000 ) ;
#796 = ORIENTED_EDGE ( 'NONE', *, *, #293, .T. ) ;
#797 = ORIENTED_EDGE ( 'NONE', *, *, #1152, .T. ) ;
#798 = CARTESIAN_POINT ( 'NONE',  ( 46.74134872827989540, 656.5997250114111239, 77.50000000000000000 ) ) ;
#799 = VECTOR ( 'NONE', #2049, 1000.000000000000000 ) ;
#800 = ADVANCED_FACE ( 'NONE', ( #868 ), #1765, .T. ) ;
#801 = COORDINATED_UNIVERSAL_TIME_OFFSET ( 8, 0, .AHEAD. ) ;
#802 = CIRCLE ( 'NONE', #2699, 25.00000000000000711 ) ;
#803 = DIRECTION ( 'NONE',  ( 1.000000000000000000, 0.000000000000000000, 0.000000000000000000 ) ) ;
#804 = DIRECTION ( 'NONE',  ( 1.000000000000000000, 0.000000000000000000, 0.000000000000000000 ) ) ;
#805 = CC_DESIGN_APPROVAL ( #2548, ( #1958 ) ) ;
#806 = ORIENTED_EDGE ( 'NONE', *, *, #2713, .F. ) ;
#807 = FACE_OUTER_BOUND ( 'NONE', #899, .T. ) ;
#808 = DIRECTION ( 'NONE',  ( -0.4701601434347756348, -0.8825811234812305228, 0.000000000000000000 ) ) ;
#809 = ADVANCED_FACE ( 'NONE', ( #1311 ), #204, .T. ) ;
#810 = ORIENTED_EDGE ( 'NONE', *, *, #1376, .T. ) ;
#811 = CARTESIAN_POINT ( 'NONE',  ( 668.2413811590949990, 2028.571336244536951, -65.00000000000000000 ) ) ;
#812 = ORIENTED_EDGE ( 'NONE', *, *, #1716, .T. ) ;
#813 = CARTESIAN_POINT ( 'NONE',  ( 579.8376069490901727, 2011.284752328037030, -132.5000000000000000 ) ) ;
#814 = EDGE_CURVE ( 'NONE', #1497, #1326, #2867, .T. ) ;
#815 = ADVANCED_FACE ( 'NONE', ( #2033 ), #1384, .F. ) ;
#816 = VERTEX_POINT ( 'NONE', #730 ) ;
#817 = CYLINDRICAL_SURFACE ( 'NONE', #673, 79.99999999999984368 ) ;
#818 = LINE ( 'NONE', #614, #1276 ) ;
#819 = LINE ( 'NONE', #1003, #1347 ) ;
#820 = VECTOR ( 'NONE', #638, 1000.000000000000000 ) ;
#821 = LINE ( 'NONE', #1278, #795 ) ;
#822 = AXIS2_PLACEMENT_3D ( 'NONE', #1399, #2305, #2290 ) ;
#823 = CARTESIAN_POINT ( 'NONE',  ( 436.3758539114068071, 1813.868381124807229, 65.00000000000000000 ) ) ;
#824 = ORIENTED_EDGE ( 'NONE', *, *, #902, .F. ) ;
#825 = LINE ( 'NONE', #1038, #873 ) ;
#826 = CARTESIAN_POINT ( 'NONE',  ( 548.3009582614776036, 1813.868381124807229, 90.00000000000000000 ) ) ;
#827 = ORIENTED_EDGE ( 'NONE', *, *, #1259, .F. ) ;
#828 = LINE ( 'NONE', #1027, #2576 ) ;
#829 = APPROVAL_DATE_TIME ( #1747, #709 ) ;
#830 = CARTESIAN_POINT ( 'NONE',  ( 742.9728526854286201, 1826.485171714987700, 65.00000000000000000 ) ) ;
#831 = CARTESIAN_POINT ( 'NONE',  ( 745.7991732773353988, 1616.585460717344858, -65.00000000000000000 ) ) ;
#832 = FACE_OUTER_BOUND ( 'NONE', #839, .T. ) ;
#833 = CARTESIAN_POINT ( 'NONE',  ( 609.8376069490901727, 2011.284752328037030, -50.00000000000000000 ) ) ;
#834 = ORIENTED_EDGE ( 'NONE', *, *, #1188, .F. ) ;
#835 = CC_DESIGN_DATE_AND_TIME_ASSIGNMENT ( #2375, #371, ( #2416 ) ) ;
#836 = EDGE_LOOP ( 'NONE', ( #1441, #1315, #186, #183 ) ) ;
#837 = DIRECTION ( 'NONE',  ( 0.000000000000000000, 0.000000000000000000, 1.000000000000000000 ) ) ;
#838 = CYLINDRICAL_SURFACE ( 'NONE', #1446, 60.00000000000000000 ) ;
#839 = EDGE_LOOP ( 'NONE', ( #396, #1401, #1966, #1665 ) ) ;
#840 = VECTOR ( 'NONE', #1353, 1000.000000000000000 ) ;
#841 = FACE_BOUND ( 'NONE', #631, .T. ) ;
#842 = CIRCLE ( 'NONE', #2039, 25.00000000000000000 ) ;
#843 = SECURITY_CLASSIFICATION_LEVEL ( 'unclassified' ) ;
#844 = CARTESIAN_POINT ( 'NONE',  ( 311.3100478204223123, 1595.388559879777858, -107.5000000000000000 ) ) ;
#845 = CIRCLE ( 'NONE', #703, 60.90834774869058066 ) ;
#846 = CARTESIAN_POINT ( 'NONE',  ( 609.8376069490901727, 2011.284752328037030, -50.00000000000000000 ) ) ;
#847 = VECTOR ( 'NONE', #1530, 1000.000000000000000 ) ;
#848 = DIRECTION ( 'NONE',  ( 1.000000000000000000, 0.000000000000000000, 0.000000000000000000 ) ) ;
#849 = VECTOR ( 'NONE', #2603, 1000.000000000000114 ) ;
#850 = ORIENTED_EDGE ( 'NONE', *, *, #1746, .T. ) ;
#851 = CARTESIAN_POINT ( 'NONE',  ( 56.68161887354653317, 19.67724782265078787, 89.00000000000000000 ) ) ;
#852 = CARTESIAN_POINT ( 'NONE',  ( 560.7517491875224778, 2047.345886437859008, -65.00000000000000000 ) ) ;
#853 = ORIENTED_EDGE ( 'NONE', *, *, #2133, .F. ) ;
#854 = DIRECTION ( 'NONE',  ( -0.000000000000000000, -0.000000000000000000, -1.000000000000000000 ) ) ;
#855 = PERSON_AND_ORGANIZATION ( #1630, #2189 ) ;
#856 = FACE_OUTER_BOUND ( 'NONE', #1940, .T. ) ;
#857 = ADVANCED_FACE ( 'NONE', ( #544 ), #2061, .T. ) ;
#858 = DIRECTION ( 'NONE',  ( -0.2157203820041648790, 0.9764551790983430068, 0.000000000000000000 ) ) ;
#859 = ADVANCED_FACE ( 'NONE', ( #748 ), #2542, .T. ) ;
#860 = ORIENTED_EDGE ( 'NONE', *, *, #43, .F. ) ;
#861 = DIRECTION ( 'NONE',  ( 0.000000000000000000, 0.000000000000000000, -1.000000000000000000 ) ) ;
#862 = CARTESIAN_POINT ( 'NONE',  ( 59.96272178968664690, 680.3424031177195275, -62.50000000000001421 ) ) ;
#863 = VECTOR ( 'NONE', #2081, 1000.000000000000000 ) ;
#864 = EDGE_CURVE ( 'NONE', #2642, #1978, #2810, .T. ) ;
#865 = EDGE_CURVE ( 'NONE', #87, #1711, #2077, .T. ) ;
#866 = ORIENTED_EDGE ( 'NONE', *, *, #2808, .T. ) ;
#867 = EDGE_CURVE ( 'NONE', #1637, #647, #298, .T. ) ;
#868 = FACE_OUTER_BOUND ( 'NONE', #671, .T. ) ;
#869 = ORIENTED_EDGE ( 'NONE', *, *, #1131, .T. ) ;
#870 = CARTESIAN_POINT ( 'NONE',  ( 742.9728526854286201, 1826.485171714987700, -65.00000000000000000 ) ) ;
#871 = ORIENTED_EDGE ( 'NONE', *, *, #2010, .T. ) ;
#872 = CARTESIAN_POINT ( 'NONE',  ( 646.7224446980110315, 1569.081173489734510, -65.00000000000000000 ) ) ;
#873 = VECTOR ( 'NONE', #2561, 1000.000000000000000 ) ;
#874 = ORIENTED_EDGE ( 'NONE', *, *, #1507, .F. ) ;
#875 = VERTEX_POINT ( 'NONE', #2510 ) ;
#876 = LINE ( 'NONE', #1751, #2130 ) ;
#877 = DIRECTION ( 'NONE',  ( -1.000000000000000000, 0.000000000000000000, 0.000000000000000000 ) ) ;
#878 = ORIENTED_EDGE ( 'NONE', *, *, #983, .F. ) ;
#879 = DIRECTION ( 'NONE',  ( 0.000000000000000000, 0.000000000000000000, -1.000000000000000000 ) ) ;
#880 = VERTEX_POINT ( 'NONE', #1605 ) ;
#881 = AXIS2_PLACEMENT_3D ( 'NONE', #1833, #308, #971 ) ;
#882 = EDGE_LOOP ( 'NONE', ( #1012, #427, #425, #453 ) ) ;
#883 = DIRECTION ( 'NONE',  ( 0.000000000000000000, 0.000000000000000000, -1.000000000000000000 ) ) ;
#884 = CIRCLE ( 'NONE', #1581, 25.00000000000000000 ) ;
#885 = VECTOR ( 'NONE', #1754, 1000.000000000000000 ) ;
#886 = AXIS2_PLACEMENT_3D ( 'NONE', #2055, #65, #266 ) ;
#887 = CARTESIAN_POINT ( 'NONE',  ( 609.8376069490901727, 2011.284752328037030, 65.00000000000000000 ) ) ;
#888 = VECTOR ( 'NONE', #988, 1000.000000000000000 ) ;
#889 = ORIENTED_EDGE ( 'NONE', *, *, #1623, .T. ) ;
#890 = VECTOR ( 'NONE', #1835, 1000.000000000000000 ) ;
#891 = DIRECTION ( 'NONE',  ( -0.000000000000000000, -0.000000000000000000, 1.000000000000000000 ) ) ;
#892 = DIRECTION ( 'NONE',  ( 0.1736481776669271948, 0.9848077530122086864, -0.000000000000000000 ) ) ;
#893 = AXIS2_PLACEMENT_3D ( 'NONE', #602, #1482, #2119 ) ;
#894 = ORIENTED_EDGE ( 'NONE', *, *, #554, .T. ) ;
#895 = DIRECTION ( 'NONE',  ( -0.3502424885566300938, -0.9366590624179422786, 0.000000000000000000 ) ) ;
#896 = EDGE_CURVE ( 'NONE', #76, #1532, #2495, .T. ) ;
#897 = CARTESIAN_POINT ( 'NONE',  ( 710.0562237456707635, 1557.555052999287227, 65.00000000000000000 ) ) ;
#898 = ADVANCED_FACE ( 'NONE', ( #963 ), #2277, .T. ) ;
#899 = EDGE_LOOP ( 'NONE', ( #314, #1021, #447, #1823 ) ) ;
#900 = ORIENTED_EDGE ( 'NONE', *, *, #2395, .F. ) ;
#901 = DIRECTION ( 'NONE',  ( -0.9366590624179430558, 0.3502424885566282065, 0.000000000000000000 ) ) ;
#902 = EDGE_CURVE ( 'NONE', #353, #471, #283, .T. ) ;
#903 = DIRECTION ( 'NONE',  ( 0.9838401286342943752, -0.1790491588610656215, -0.000000000000000000 ) ) ;
#904 = EDGE_CURVE ( 'NONE', #982, #2545, #2488, .T. ) ;
#905 = VERTEX_POINT ( 'NONE', #2734 ) ;
#906 = CARTESIAN_POINT ( 'NONE',  ( 609.8376069490901727, 2011.284752328037030, 49.99999999999998579 ) ) ;
#907 = DIRECTION ( 'NONE',  ( 0.9848077530122086864, -0.1736481776669271115, 0.000000000000000000 ) ) ;
#908 = VERTEX_POINT ( 'NONE', #2093 ) ;
#909 = VERTEX_POINT ( 'NONE', #530 ) ;
#910 = DIRECTION ( 'NONE',  ( 0.000000000000000000, 0.000000000000000000, 1.000000000000000000 ) ) ;
#911 = LINE ( 'NONE', #2242, #1770 ) ;
#912 = ORIENTED_EDGE ( 'NONE', *, *, #2345, .F. ) ;
#913 = VECTOR ( 'NONE', #1089, 1000.000000000000000 ) ;
#914 = ORIENTED_EDGE ( 'NONE', *, *, #1950, .F. ) ;
#915 = DIRECTION ( 'NONE',  ( -1.000000000000000000, 0.000000000000000000, 0.000000000000000000 ) ) ;
#916 = DIRECTION ( 'NONE',  ( 1.000000000000000000, 0.000000000000000000, 0.000000000000000000 ) ) ;
#917 = CARTESIAN_POINT ( 'NONE',  ( 560.7517491875224778, 2047.345886437859008, 65.00000000000000000 ) ) ;
#918 = CIRCLE ( 'NONE', #2623, 60.00000000000005684 ) ;
#919 = FACE_OUTER_BOUND ( 'NONE', #1547, .T. ) ;
#920 = LINE ( 'NONE', #1779, #1957 ) ;
#921 = EDGE_CURVE ( 'NONE', #2381, #774, #947, .T. ) ;
#922 = ORIENTED_EDGE ( 'NONE', *, *, #1314, .F. ) ;
#923 = ORIENTED_EDGE ( 'NONE', *, *, #136, .T. ) ;
#924 = DIRECTION ( 'NONE',  ( -0.000000000000000000, -0.000000000000000000, 1.000000000000000000 ) ) ;
#925 = DIRECTION ( 'NONE',  ( 1.000000000000000000, 0.000000000000000000, 0.000000000000000000 ) ) ;
#926 = EDGE_LOOP ( 'NONE', ( #1961, #1874, #812, #850 ) ) ;
#927 = VERTEX_POINT ( 'NONE', #977 ) ;
#928 = LINE ( 'NONE', #1374, #1877 ) ;
#929 = VECTOR ( 'NONE', #668, 1000.000000000000000 ) ;
#930 = DIRECTION ( 'NONE',  ( -0.000000000000000000, -0.000000000000000000, 1.000000000000000000 ) ) ;
#931 = VECTOR ( 'NONE', #541, 1000.000000000000114 ) ;
#932 = PLANE ( 'NONE',  #535 ) ;
#933 = CARTESIAN_POINT ( 'NONE',  ( 281.3100478204222554, 1655.388559879777858, 90.00000000000000000 ) ) ;
#934 = FACE_OUTER_BOUND ( 'NONE', #2118, .T. ) ;
#935 = VECTOR ( 'NONE', #2755, 1000.000000000000000 ) ;
#936 = VERTEX_POINT ( 'NONE', #950 ) ;
#937 = DIRECTION ( 'NONE',  ( -0.000000000000000000, -0.000000000000000000, -1.000000000000000000 ) ) ;
#938 = CARTESIAN_POINT ( 'NONE',  ( 690.3330407328470528, 1846.168639772010920, 90.00000000000000000 ) ) ;
#939 = VECTOR ( 'NONE', #537, 1000.000000000000000 ) ;
#940 = EDGE_LOOP ( 'NONE', ( #1828, #1901 ) ) ;
#941 = VERTEX_POINT ( 'NONE', #761 ) ;
#942 = CYLINDRICAL_SURFACE ( 'NONE', #2630, 19.99999999999998934 ) ;
#943 = DIRECTION ( 'NONE',  ( -0.000000000000000000, 0.000000000000000000, 1.000000000000000000 ) ) ;
#944 = DIRECTION ( 'NONE',  ( -0.000000000000000000, -0.000000000000000000, -1.000000000000000000 ) ) ;
#945 = LINE ( 'NONE', #2750, #1625 ) ;
#946 = LINE ( 'NONE', #961, #890 ) ;
#947 = CIRCLE ( 'NONE', #1175, 25.00000000000000711 ) ;
#948 = ORIENTED_EDGE ( 'NONE', *, *, #497, .T. ) ;
#949 = ORIENTED_EDGE ( 'NONE', *, *, #348, .T. ) ;
#950 = CARTESIAN_POINT ( 'NONE',  ( -58.07689533117543590, 66.74440010644539711, -77.50000000000001421 ) ) ;
#951 = CARTESIAN_POINT ( 'NONE',  ( 690.3330407328470528, 1846.168639772010920, 90.00000000000000000 ) ) ;
#952 = ADVANCED_FACE ( 'NONE', ( #1863 ), #1648, .F. ) ;
#953 = AXIS2_PLACEMENT_3D ( 'NONE', #1144, #478, #333 ) ;
#954 = ORIENTED_EDGE ( 'NONE', *, *, #294, .F. ) ;
#955 = FACE_OUTER_BOUND ( 'NONE', #2094, .T. ) ;
#956 = VERTEX_POINT ( 'NONE', #2528 ) ;
#957 = AXIS2_PLACEMENT_3D ( 'NONE', #1569, #2213, #711 ) ;
#958 = CARTESIAN_POINT ( 'NONE',  ( 548.3009582614776036, 1813.868381124807229, 90.00000000000000000 ) ) ;
#959 = FACE_OUTER_BOUND ( 'NONE', #2391, .T. ) ;
#960 = DIRECTION ( 'NONE',  ( -0.000000000000000000, -0.000000000000000000, 1.000000000000000000 ) ) ;
#961 = CARTESIAN_POINT ( 'NONE',  ( 43.38811575907259055, 250.8447041954916017, -132.5000000000000000 ) ) ;
#962 = ORIENTED_EDGE ( 'NONE', *, *, #2131, .T. ) ;
#963 = FACE_OUTER_BOUND ( 'NONE', #2316, .T. ) ;
#964 = DIRECTION ( 'NONE',  ( 1.000000000000000000, 0.000000000000000000, -0.000000000000000000 ) ) ;
#965 = ORIENTED_EDGE ( 'NONE', *, *, #681, .T. ) ;
#966 = ORIENTED_EDGE ( 'NONE', *, *, #2589, .T. ) ;
#967 = DIRECTION ( 'NONE',  ( 0.8825811234812306338, -0.4701601434347756903, 0.000000000000000000 ) ) ;
#968 = CARTESIAN_POINT ( 'NONE',  ( 548.3009582614776036, 1813.868381124807229, -90.00000000000000000 ) ) ;
#969 = DIRECTION ( 'NONE',  ( -0.3502424885566300383, -0.9366590624179423896, 0.000000000000000000 ) ) ;
#970 = AXIS2_PLACEMENT_3D ( 'NONE', #436, #2206, #2621 ) ;
#971 = DIRECTION ( 'NONE',  ( -1.000000000000000000, 0.000000000000000000, 0.000000000000000000 ) ) ;
#972 = CARTESIAN_POINT ( 'NONE',  ( 548.3009582614776036, 1813.868381124807229, -50.00000000000000000 ) ) ;
#973 = VECTOR ( 'NONE', #2717, 1000.000000000000114 ) ;
#974 = AXIS2_PLACEMENT_3D ( 'NONE', #1137, #468, #213 ) ;
#975 = ORIENTED_EDGE ( 'NONE', *, *, #2374, .T. ) ;
#976 = VECTOR ( 'NONE', #1672, 1000.000000000000000 ) ;
#977 = CARTESIAN_POINT ( 'NONE',  ( 742.9728526854286201, 1826.485171714987700, 65.00000000000000000 ) ) ;
#978 = CARTESIAN_POINT ( 'NONE',  ( -56.38155724715463890, 20.52120859953978638, 90.00000000000000000 ) ) ;
#979 = AXIS2_PLACEMENT_3D ( 'NONE', #2558, #1246, #337 ) ;
#980 = EDGE_CURVE ( 'NONE', #2002, #1993, #1423, .T. ) ;
#981 = ADVANCED_FACE ( 'NONE', ( #2709 ), #718, .F. ) ;
#982 = VERTEX_POINT ( 'NONE', #2574 ) ;
#983 = EDGE_CURVE ( 'NONE', #1330, #956, #825, .T. ) ;
#984 = LINE ( 'NONE', #1866, #117 ) ;
#985 = CIRCLE ( 'NONE', #2700, 79.99999999999984368 ) ;
#986 = CARTESIAN_POINT ( 'NONE',  ( 720.7991732773352851, 1616.585460717344858, 65.00000000000000000 ) ) ;
#987 = LINE ( 'NONE', #1364, #441 ) ;
#988 = DIRECTION ( 'NONE',  ( 0.1736481776669271948, 0.9848077530122086864, -0.000000000000000000 ) ) ;
#989 = EDGE_CURVE ( 'NONE', #2862, #1271, #918, .T. ) ;
#990 = EDGE_CURVE ( 'NONE', #1280, #2811, #166, .T. ) ;
#991 = CARTESIAN_POINT ( 'NONE',  ( 720.7991732773352851, 1616.585460717344858, -65.00000000000000000 ) ) ;
#992 = DIRECTION ( 'NONE',  ( -0.000000000000000000, -0.000000000000000000, -1.000000000000000000 ) ) ;
#993 = ORIENTED_EDGE ( 'NONE', *, *, #2432, .F. ) ;
#994 = ORIENTED_EDGE ( 'NONE', *, *, #1621, .F. ) ;
#995 = CARTESIAN_POINT ( 'NONE',  ( -38.07689533117545011, 66.74440010644539711, 77.50000000000000000 ) ) ;
#996 = DIRECTION ( 'NONE',  ( -0.000000000000000000, -0.000000000000000000, 1.000000000000000000 ) ) ;
#997 = ORIENTED_EDGE ( 'NONE', *, *, #1597, .F. ) ;
#998 = CARTESIAN_POINT ( 'NONE',  ( 742.9728526854286201, 1826.485171714987700, 50.00000000000000000 ) ) ;
#999 = EDGE_CURVE ( 'NONE', #1356, #1594, #1741, .T. ) ;
#1000 = AXIS2_PLACEMENT_3D ( 'NONE', #1524, #2401, #1031 ) ;
#1001 = FACE_OUTER_BOUND ( 'NONE', #26, .T. ) ;
#1002 = FACE_OUTER_BOUND ( 'NONE', #1306, .T. ) ;
#1003 = CARTESIAN_POINT ( 'NONE',  ( 491.1198634823961697, 1869.817665301333363, -50.00000000000000000 ) ) ;
#1004 = CIRCLE ( 'NONE', #2525, 60.00000000000000000 ) ;
#1005 = ORIENTED_EDGE ( 'NONE', *, *, #1081, .F. ) ;
#1006 = DIRECTION ( 'NONE',  ( 0.000000000000000000, 0.000000000000000000, 1.000000000000000000 ) ) ;
#1007 = FACE_OUTER_BOUND ( 'NONE', #2019, .T. ) ;
#1008 = VERTEX_POINT ( 'NONE', #1697 ) ;
#1009 = DIRECTION ( 'NONE',  ( -0.000000000000000000, -0.000000000000000000, 1.000000000000000000 ) ) ;
#1010 = CARTESIAN_POINT ( 'NONE',  ( 548.3009582614776036, 1813.868381124807229, 50.00000000000000000 ) ) ;
#1011 = EDGE_CURVE ( 'NONE', #816, #1379, #161, .T. ) ;
#1012 = ORIENTED_EDGE ( 'NONE', *, *, #1886, .F. ) ;
#1013 = ORIENTED_EDGE ( 'NONE', *, *, #1114, .T. ) ;
#1014 = DIRECTION ( 'NONE',  ( -0.000000000000000000, -0.000000000000000000, -1.000000000000000000 ) ) ;
#1015 = EDGE_CURVE ( 'NONE', #2032, #2420, #2874, .T. ) ;
#1016 = CARTESIAN_POINT ( 'NONE',  ( -57.60599891314230092, 62.42999246636210842, 62.50000000000000000 ) ) ;
#1017 = CARTESIAN_POINT ( 'NONE',  ( 548.3009582614776036, 1813.868381124807229, 90.00000000000000000 ) ) ;
#1018 = EDGE_LOOP ( 'NONE', ( #196, #2076, #385, #694 ) ) ;
#1019 = CARTESIAN_POINT ( 'NONE',  ( 609.8376069490901727, 2011.284752328037030, 49.99999999999998579 ) ) ;
#1020 = LINE ( 'NONE', #1905, #2233 ) ;
#1021 = ORIENTED_EDGE ( 'NONE', *, *, #38, .F. ) ;
#1022 = FACE_OUTER_BOUND ( 'NONE', #1750, .T. ) ;
#1023 = CARTESIAN_POINT ( 'NONE',  ( -57.77305039141960918, 70.21736365978394190, -62.50000000000001421 ) ) ;
#1024 = AXIS2_PLACEMENT_3D ( 'NONE', #1458, #354, #1941 ) ;
#1025 = AXIS2_PLACEMENT_3D ( 'NONE', #1675, #2334, #2557 ) ;
#1026 = ORIENTED_EDGE ( 'NONE', *, *, #2806, .F. ) ;
#1027 = CARTESIAN_POINT ( 'NONE',  ( 710.0562237456707635, 1557.555052999287227, -50.00000000000000000 ) ) ;
#1028 = AXIS2_PLACEMENT_3D ( 'NONE', #517, #501, #2078 ) ;
#1029 = ADVANCED_FACE ( 'NONE', ( #1022 ), #1268, .F. ) ;
#1030 = VECTOR ( 'NONE', #2301, 1000.000000000000227 ) ;
#1031 = DIRECTION ( 'NONE',  ( -0.1736481776669272781, -0.9848077530122086864, 0.000000000000000000 ) ) ;
#1032 = FACE_OUTER_BOUND ( 'NONE', #367, .T. ) ;
#1033 = DIRECTION ( 'NONE',  ( -0.000000000000000000, -0.000000000000000000, 1.000000000000000000 ) ) ;
#1034 = CARTESIAN_POINT ( 'NONE',  ( 646.7224446980111452, 1569.081173489734510, -65.00000000000000000 ) ) ;
#1035 = ORIENTED_EDGE ( 'NONE', *, *, #1726, .F. ) ;
#1036 = ORIENTED_EDGE ( 'NONE', *, *, #341, .F. ) ;
#1037 = EDGE_LOOP ( 'NONE', ( #1005, #1693, #593, #2372 ) ) ;
#1038 = CARTESIAN_POINT ( 'NONE',  ( 500.2412902493246065, 1864.841250757022863, 89.00000000000000000 ) ) ;
#1039 = CARTESIAN_POINT ( 'NONE',  ( 742.9728526854286201, 1826.485171714987473, 90.00000000000000000 ) ) ;
#1040 = EDGE_CURVE ( 'NONE', #529, #2605, #2155, .T. ) ;
#1041 = VERTEX_POINT ( 'NONE', #1910 ) ;
#1042 = ORIENTED_EDGE ( 'NONE', *, *, #1831, .T. ) ;
#1043 = DIRECTION ( 'NONE',  ( 0.000000000000000000, 0.000000000000000000, 1.000000000000000000 ) ) ;
#1044 = EDGE_CURVE ( 'NONE', #1225, #620, #559, .T. ) ;
#1045 = VECTOR ( 'NONE', #515, 1000.000000000000000 ) ;
#1046 = DATE_AND_TIME ( #627, #1588 ) ;
#1047 = FACE_OUTER_BOUND ( 'NONE', #1320, .T. ) ;
#1048 = DIRECTION ( 'NONE',  ( -0.000000000000000000, -0.000000000000000000, 1.000000000000000000 ) ) ;
#1049 = EDGE_CURVE ( 'NONE', #1497, #1604, #2122, .T. ) ;
#1050 = AXIS2_PLACEMENT_3D ( 'NONE', #1510, #388, #1272 ) ;
#1051 = PLANE ( 'NONE',  #1440 ) ;
#1052 = EDGE_CURVE ( 'NONE', #1243, #880, #2176, .T. ) ;
#1053 = LINE ( 'NONE', #2586, #54 ) ;
#1054 = ORIENTED_EDGE ( 'NONE', *, *, #2364, .F. ) ;
#1055 = AXIS2_PLACEMENT_3D ( 'NONE', #1782, #451, #1967 ) ;
#1056 = ORIENTED_EDGE ( 'NONE', *, *, #2571, .T. ) ;
#1057 = DIRECTION ( 'NONE',  ( 1.000000000000000000, 0.000000000000000000, 0.000000000000000000 ) ) ;
#1058 = CARTESIAN_POINT ( 'NONE',  ( 59.96272178968664690, 680.3424031177195275, -62.50000000000001421 ) ) ;
#1059 = ORIENTED_EDGE ( 'NONE', *, *, #1632, .T. ) ;
#1060 = CARTESIAN_POINT ( 'NONE',  ( -57.77305039141960918, 70.21736365978394190, 7.500000000000000000 ) ) ;
#1061 = PERSON_AND_ORGANIZATION ( #1630, #2189 ) ;
#1062 = DIRECTION ( 'NONE',  ( 0.9833782218989826074, 0.1815689199582223023, 0.000000000000000000 ) ) ;
#1063 = CARTESIAN_POINT ( 'NONE',  ( 576.3203573460079951, 1888.801106118242387, 90.00000000000000000 ) ) ;
#1064 = AXIS2_PLACEMENT_3D ( 'NONE', #2483, #777, #1838 ) ;
#1065 = CARTESIAN_POINT ( 'NONE',  ( -52.81544661460818446, 40.74562699664585352, 77.50000000000000000 ) ) ;
#1066 = ORIENTED_EDGE ( 'NONE', *, *, #769, .T. ) ;
#1067 = CARTESIAN_POINT ( 'NONE',  ( 68.38811575907259055, 250.8447041954916017, 90.00000000000000000 ) ) ;
#1068 = DIRECTION ( 'NONE',  ( -0.000000000000000000, -0.000000000000000000, -1.000000000000000000 ) ) ;
#1069 = ORIENTED_EDGE ( 'NONE', *, *, #1775, .T. ) ;
#1070 = VECTOR ( 'NONE', #792, 999.9999999999998863 ) ;
#1071 = DIRECTION ( 'NONE',  ( 0.1736481776669271115, 0.9848077530122086864, 0.000000000000000000 ) ) ;
#1072 = APPLICATION_CONTEXT ( 'configuration controlled 3d designs of mechanical parts and assemblies' ) ;
#1073 = VECTOR ( 'NONE', #1602, 1000.000000000000000 ) ;
#1074 = EDGE_CURVE ( 'NONE', #1619, #261, #1250, .T. ) ;
#1075 = EDGE_CURVE ( 'NONE', #2670, #1326, #1505, .T. ) ;
#1076 = DATE_AND_TIME ( #1931, #708 ) ;
#1077 = CARTESIAN_POINT ( 'NONE',  ( 742.9728526854286201, 1826.485171714987473, 90.00000000000000000 ) ) ;
#1078 = VECTOR ( 'NONE', #1792, 1000.000000000000000 ) ;
#1079 = CARTESIAN_POINT ( 'NONE',  ( 0.000000000000000000, 0.000000000000000000, 132.5000000000000000 ) ) ;
#1080 = AXIS2_PLACEMENT_3D ( 'NONE', #1403, #291, #568 ) ;
#1081 = EDGE_CURVE ( 'NONE', #1928, #1998, #1472, .T. ) ;
#1082 = EDGE_CURVE ( 'NONE', #1484, #2045, #1281, .T. ) ;
#1083 = EDGE_CURVE ( 'NONE', #2045, #2569, #2798, .T. ) ;
#1084 = ORIENTED_EDGE ( 'NONE', *, *, #222, .F. ) ;
#1085 = DIRECTION ( 'NONE',  ( 1.000000000000000000, 0.000000000000000000, 0.000000000000000000 ) ) ;
#1086 = DIRECTION ( 'NONE',  ( 1.000000000000000000, 0.000000000000000000, 0.000000000000000000 ) ) ;
#1087 = DESIGN_CONTEXT ( 'detailed design', #1072, 'design' ) ;
#1088 = ORIENTED_EDGE ( 'NONE', *, *, #2232, .T. ) ;
#1089 = DIRECTION ( 'NONE',  ( -0.000000000000000000, -0.000000000000000000, -1.000000000000000000 ) ) ;
#1090 = ORIENTED_EDGE ( 'NONE', *, *, #1597, .T. ) ;
#1091 = DIRECTION ( 'NONE',  ( -0.000000000000000000, -0.000000000000000000, 1.000000000000000000 ) ) ;
#1092 = DIRECTION ( 'NONE',  ( -0.000000000000000000, -0.000000000000000000, 1.000000000000000000 ) ) ;
#1093 = AXIS2_PLACEMENT_3D ( 'NONE', #1274, #360, #176 ) ;
#1094 = ORIENTED_EDGE ( 'NONE', *, *, #896, .F. ) ;
#1095 = CARTESIAN_POINT ( 'NONE',  ( 64.21480130981946388, 646.8694395643809685, 7.500000000000000000 ) ) ;
#1096 = CARTESIAN_POINT ( 'NONE',  ( -42.35165629337825521, 42.50102597829322804, 89.00000000000000000 ) ) ;
#1097 = VERTEX_POINT ( 'NONE', #1443 ) ;
#1098 = CARTESIAN_POINT ( 'NONE',  ( -38.07689533117545011, 66.74440010644539711, 7.500000000000000000 ) ) ;
#1099 = VERTEX_POINT ( 'NONE', #1222 ) ;
#1100 = ORIENTED_EDGE ( 'NONE', *, *, #744, .T. ) ;
#1101 = DIRECTION ( 'NONE',  ( -1.000000000000000000, 0.000000000000000000, 0.000000000000000000 ) ) ;
#1102 = CARTESIAN_POINT ( 'NONE',  ( 59.96272178968664690, 680.3424031177195275, 62.50000000000000000 ) ) ;
#1103 = EDGE_CURVE ( 'NONE', #118, #1998, #2109, .T. ) ;
#1104 = EDGE_CURVE ( 'NONE', #2304, #2880, #1892, .T. ) ;
#1105 = EDGE_CURVE ( 'NONE', #1733, #941, #609, .T. ) ;
#1106 = EDGE_LOOP ( 'NONE', ( #2229, #483, #14, #165, #220, #1296, #732, #878 ) ) ;
#1107 = CARTESIAN_POINT ( 'NONE',  ( 281.3100478204222554, 1595.388559879777858, 107.4999999999999858 ) ) ;
#1108 = CARTESIAN_POINT ( 'NONE',  ( 710.0562237456707635, 1557.555052999287227, 65.00000000000000000 ) ) ;
#1109 = EDGE_LOOP ( 'NONE', ( #543, #2817, #1725, #1568 ) ) ;
#1110 = CYLINDRICAL_SURFACE ( 'NONE', #1416, 25.00000000000000711 ) ;
#1111 = DIRECTION ( 'NONE',  ( 1.000000000000000000, 0.000000000000000000, 0.000000000000000000 ) ) ;
#1112 = ORIENTED_EDGE ( 'NONE', *, *, #1413, .F. ) ;
#1113 = CIRCLE ( 'NONE', #236, 25.00000000000000000 ) ;
#1114 = EDGE_CURVE ( 'NONE', #1490, #605, #1391, .T. ) ;
#1115 = ORIENTED_EDGE ( 'NONE', *, *, #1290, .F. ) ;
#1116 = DIRECTION ( 'NONE',  ( -1.000000000000000000, 0.000000000000000000, 0.000000000000000000 ) ) ;
#1117 = EDGE_CURVE ( 'NONE', #1851, #1097, #1853, .T. ) ;
#1118 = CIRCLE ( 'NONE', #2451, 30.00000000000002842 ) ;
#1119 = AXIS2_PLACEMENT_3D ( 'NONE', #1010, #2735, #1666 ) ;
#1120 = DIRECTION ( 'NONE',  ( -0.4865142723515116230, -0.8736726290769781800, 0.000000000000000000 ) ) ;
#1121 = AXIS2_PLACEMENT_3D ( 'NONE', #135, #1942, #1459 ) ;
#1122 = ORIENTED_EDGE ( 'NONE', *, *, #168, .T. ) ;
#1123 = CARTESIAN_POINT ( 'NONE',  ( -57.77305039141960918, 70.21736365978394190, -77.50000000000001421 ) ) ;
#1124 = CARTESIAN_POINT ( 'NONE',  ( 560.7517491875224778, 2047.345886437859008, 50.00000000000000000 ) ) ;
#1125 = VERTEX_POINT ( 'NONE', #1321 ) ;
#1126 = DIRECTION ( 'NONE',  ( -1.000000000000000000, 0.000000000000000000, 0.000000000000000000 ) ) ;
#1127 = CARTESIAN_POINT ( 'NONE',  ( 0.000000000000000000, 0.000000000000000000, 90.00000000000000000 ) ) ;
#1128 = ORIENTED_EDGE ( 'NONE', *, *, #921, .F. ) ;
#1129 = DIRECTION ( 'NONE',  ( -1.000000000000000000, 0.000000000000000000, 0.000000000000000000 ) ) ;
#1130 = DIRECTION ( 'NONE',  ( -0.000000000000000000, 0.000000000000000000, 1.000000000000000000 ) ) ;
#1131 = EDGE_CURVE ( 'NONE', #402, #122, #876, .T. ) ;
#1132 = FACE_BOUND ( 'NONE', #6, .T. ) ;
#1133 = DIRECTION ( 'NONE',  ( -1.000000000000000000, 0.000000000000000000, 0.000000000000000000 ) ) ;
#1134 = DIRECTION ( 'NONE',  ( 1.000000000000000000, 0.000000000000000000, 0.000000000000000000 ) ) ;
#1135 = AXIS2_PLACEMENT_3D ( 'NONE', #1702, #2847, #2859 ) ;
#1136 = ORIENTED_EDGE ( 'NONE', *, *, #2215, .T. ) ;
#1137 = CARTESIAN_POINT ( 'NONE',  ( -38.07689533117545011, 66.74440010644539711, 77.50000000000000000 ) ) ;
#1138 = VECTOR ( 'NONE', #2009, 1000.000000000000000 ) ;
#1139 = CARTESIAN_POINT ( 'NONE',  ( 780.2946008728494007, 1624.350387969222766, 50.00000000000000000 ) ) ;
#1140 = ORIENTED_EDGE ( 'NONE', *, *, #742, .T. ) ;
#1141 = ORIENTED_EDGE ( 'NONE', *, *, #2133, .T. ) ;
#1142 = CARTESIAN_POINT ( 'NONE',  ( 491.1198634823963403, 1869.817665301333363, -90.00000000000000000 ) ) ;
#1143 = CARTESIAN_POINT ( 'NONE',  ( 710.0562237456707635, 1557.555052999287227, -65.00000000000000000 ) ) ;
#1144 = CARTESIAN_POINT ( 'NONE',  ( 720.7991732773352851, 1616.585460717344858, 65.00000000000000000 ) ) ;
#1145 = LINE ( 'NONE', #1407, #931 ) ;
#1146 = DIRECTION ( 'NONE',  ( -1.000000000000000000, 0.000000000000000000, 0.000000000000000000 ) ) ;
#1147 = ORIENTED_EDGE ( 'NONE', *, *, #2103, .T. ) ;
#1148 = DIRECTION ( 'NONE',  ( -0.2157203820041648790, 0.9764551790983430068, 0.000000000000000000 ) ) ;
#1149 = DIRECTION ( 'NONE',  ( -0.000000000000000000, -0.000000000000000000, -1.000000000000000000 ) ) ;
#1150 = ORIENTED_EDGE ( 'NONE', *, *, #1152, .F. ) ;
#1151 = CARTESIAN_POINT ( 'NONE',  ( 742.9728526854286201, 1826.485171714987700, -50.00000000000000000 ) ) ;
#1152 = EDGE_CURVE ( 'NONE', #1097, #1851, #2221, .T. ) ;
#1153 = VECTOR ( 'NONE', #2588, 1000.000000000000000 ) ;
#1154 = LINE ( 'NONE', #55, #2600 ) ;
#1155 = VECTOR ( 'NONE', #1120, 1000.000000000000000 ) ;
#1156 = DIRECTION ( 'NONE',  ( -0.000000000000000000, -0.000000000000000000, -1.000000000000000000 ) ) ;
#1157 = ORIENTED_EDGE ( 'NONE', *, *, #1620, .F. ) ;
#1158 = DIRECTION ( 'NONE',  ( 0.000000000000000000, 0.000000000000000000, -1.000000000000000000 ) ) ;
#1159 = AXIS2_PLACEMENT_3D ( 'NONE', #2511, #1649, #106 ) ;
#1160 = EDGE_CURVE ( 'NONE', #2244, #2657, #739, .T. ) ;
#1161 = EDGE_CURVE ( 'NONE', #1326, #691, #2648, .T. ) ;
#1162 = ORIENTED_EDGE ( 'NONE', *, *, #2010, .F. ) ;
#1163 = AXIS2_PLACEMENT_3D ( 'NONE', #1603, #2479, #57 ) ;
#1164 = ORIENTED_EDGE ( 'NONE', *, *, #179, .T. ) ;
#1165 = DIRECTION ( 'NONE',  ( -0.000000000000000000, -0.000000000000000000, -1.000000000000000000 ) ) ;
#1166 = LINE ( 'NONE', #75, #799 ) ;
#1167 = LOCAL_TIME ( 10, 56, 51.00000000000000000, #175 ) ;
#1168 = ORIENTED_EDGE ( 'NONE', *, *, #1925, .T. ) ;
#1169 = DIRECTION ( 'NONE',  ( -0.000000000000000000, -0.000000000000000000, 1.000000000000000000 ) ) ;
#1170 = DIRECTION ( 'NONE',  ( 1.000000000000000000, 0.000000000000000000, 0.000000000000000000 ) ) ;
#1171 = DIRECTION ( 'NONE',  ( -0.1815689199582223023, 0.9833782218989826074, -0.000000000000000000 ) ) ;
#1172 = ORIENTED_EDGE ( 'NONE', *, *, #2068, .F. ) ;
#1173 = DIRECTION ( 'NONE',  ( 0.000000000000000000, 0.000000000000000000, 1.000000000000000000 ) ) ;
#1174 = FACE_OUTER_BOUND ( 'NONE', #2208, .T. ) ;
#1175 = AXIS2_PLACEMENT_3D ( 'NONE', #1411, #1165, #324 ) ;
#1176 = ORIENTED_EDGE ( 'NONE', *, *, #904, .T. ) ;
#1177 = DIRECTION ( 'NONE',  ( -0.000000000000000000, -0.000000000000000000, -1.000000000000000000 ) ) ;
#1178 = CARTESIAN_POINT ( 'NONE',  ( 720.7991732773352851, 1616.585460717344858, 50.00000000000000000 ) ) ;
#1179 = VERTEX_POINT ( 'NONE', #2236 ) ;
#1180 = EDGE_LOOP ( 'NONE', ( #1480, #1270, #211, #649 ) ) ;
#1181 = FACE_OUTER_BOUND ( 'NONE', #1610, .T. ) ;
#1182 = AXIS2_PLACEMENT_3D ( 'NONE', #1537, #2417, #915 ) ;
#1183 = DIRECTION ( 'NONE',  ( -0.000000000000000000, -0.000000000000000000, 1.000000000000000000 ) ) ;
#1184 = LINE ( 'NONE', #2071, #1764 ) ;
#1185 = CYLINDRICAL_SURFACE ( 'NONE', #141, 60.00000000000005684 ) ;
#1186 = CARTESIAN_POINT ( 'NONE',  ( 251.3100478204221417, 1595.388559879777858, 107.4999999999999858 ) ) ;
#1187 = EDGE_CURVE ( 'NONE', #83, #2481, #2178, .T. ) ;
#1188 = EDGE_CURVE ( 'NONE', #605, #1490, #1949, .T. ) ;
#1189 = ADVANCED_FACE ( 'NONE', ( #919 ), #2422, .T. ) ;
#1190 = ORIENTED_EDGE ( 'NONE', *, *, #2661, .F. ) ;
#1191 = DIRECTION ( 'NONE',  ( 1.000000000000000000, 0.000000000000000000, 0.000000000000000000 ) ) ;
#1192 = LINE ( 'NONE', #1385, #2040 ) ;
#1193 = ORIENTED_EDGE ( 'NONE', *, *, #341, .T. ) ;
#1194 = LINE ( 'NONE', #504, #2673 ) ;
#1195 = ADVANCED_FACE ( 'NONE', ( #1529 ), #1760, .F. ) ;
#1196 = EDGE_CURVE ( 'NONE', #580, #2739, #191, .T. ) ;
#1197 = FACE_OUTER_BOUND ( 'NONE', #2279, .T. ) ;
#1198 = EDGE_CURVE ( 'NONE', #2647, #2577, #91, .T. ) ;
#1199 = DIRECTION ( 'NONE',  ( -0.000000000000000000, -0.000000000000000000, 1.000000000000000000 ) ) ;
#1200 = DIRECTION ( 'NONE',  ( -1.000000000000000000, 0.000000000000000000, 0.000000000000000000 ) ) ;
#1201 = AXIS2_PLACEMENT_3D ( 'NONE', #1974, #861, #1133 ) ;
#1202 = LINE ( 'NONE', #1803, #1814 ) ;
#1203 = PLANE ( 'NONE',  #1493 ) ;
#1204 = VECTOR ( 'NONE', #477, 1000.000000000000000 ) ;
#1205 = VERTEX_POINT ( 'NONE', #1307 ) ;
#1206 = CARTESIAN_POINT ( 'NONE',  ( 780.2946008728494007, 1624.350387969222766, 65.00000000000000000 ) ) ;
#1207 = DIRECTION ( 'NONE',  ( -0.000000000000000000, -0.000000000000000000, -1.000000000000000000 ) ) ;
#1208 = EDGE_CURVE ( 'NONE', #1475, #1125, #632, .T. ) ;
#1209 = ORIENTED_EDGE ( 'NONE', *, *, #1040, .T. ) ;
#1210 = AXIS2_PLACEMENT_3D ( 'NONE', #1590, #2237, #1134 ) ;
#1211 = EDGE_LOOP ( 'NONE', ( #2858, #684 ) ) ;
#1212 = DIRECTION ( 'NONE',  ( -0.3468439120604485670, 0.9379228649876300006, 0.000000000000000000 ) ) ;
#1213 = CIRCLE ( 'NONE', #289, 60.00000000000000000 ) ;
#1214 = DIRECTION ( 'NONE',  ( -1.000000000000000000, 0.000000000000000000, 0.000000000000000000 ) ) ;
#1215 = DIRECTION ( 'NONE',  ( 1.000000000000000000, 0.000000000000000000, 0.000000000000000000 ) ) ;
#1216 = DIRECTION ( 'NONE',  ( 0.9366590624179427227, -0.3502424885566290946, 0.000000000000000000 ) ) ;
#1217 = PRODUCT_DEFINITION ( '�', '', #1958, #1087 ) ;
#1218 = ORIENTED_EDGE ( 'NONE', *, *, #1766, .T. ) ;
#1219 = CARTESIAN_POINT ( 'NONE',  ( 500.2412902493246065, 1864.841250757022863, -89.00000000000000000 ) ) ;
#1220 = DIRECTION ( 'NONE',  ( -0.9366590624179431668, 0.3502424885566282065, 0.000000000000000000 ) ) ;
#1221 = EDGE_LOOP ( 'NONE', ( #426, #962 ) ) ;
#1222 = CARTESIAN_POINT ( 'NONE',  ( 639.8376069490901727, 2011.284752328037030, -65.00000000000000000 ) ) ;
#1223 = EDGE_CURVE ( 'NONE', #2396, #2002, #1811, .T. ) ;
#1224 = LINE ( 'NONE', #2110, #50 ) ;
#1225 = VERTEX_POINT ( 'NONE', #1334 ) ;
#1226 = DIRECTION ( 'NONE',  ( -0.000000000000000000, -0.000000000000000000, -1.000000000000000000 ) ) ;
#1227 = CIRCLE ( 'NONE', #721, 20.00000000000001776 ) ;
#1228 = APPROVAL_STATUS ( 'not_yet_approved' ) ;
#1229 = CARTESIAN_POINT ( 'NONE',  ( 436.3758539114066366, 1813.868381124807001, -50.00000000000001421 ) ) ;
#1230 = DIRECTION ( 'NONE',  ( 1.000000000000000000, 0.000000000000000000, 0.000000000000000000 ) ) ;
#1231 = AXIS2_PLACEMENT_3D ( 'NONE', #2268, #1449, #344 ) ;
#1232 = ORIENTED_EDGE ( 'NONE', *, *, #1011, .F. ) ;
#1233 = CARTESIAN_POINT ( 'NONE',  ( 646.7224446980110315, 1569.081173489734510, 65.00000000000000000 ) ) ;
#1234 = DIRECTION ( 'NONE',  ( -1.000000000000000000, 0.000000000000000000, 0.000000000000000000 ) ) ;
#1235 = ORIENTED_EDGE ( 'NONE', *, *, #1620, .T. ) ;
#1236 = CARTESIAN_POINT ( 'NONE',  ( 548.3009582614776036, 1813.868381124807229, -50.00000000000000000 ) ) ;
#1237 = DIRECTION ( 'NONE',  ( -0.1736481776669271115, -0.9848077530122086864, -0.000000000000000000 ) ) ;
#1238 = EDGE_CURVE ( 'NONE', #382, #2060, #1293, .T. ) ;
#1239 = ORIENTED_EDGE ( 'NONE', *, *, #904, .F. ) ;
#1240 = CARTESIAN_POINT ( 'NONE',  ( 579.8376069490901727, 2011.284752328037030, -50.00000000000000000 ) ) ;
#1241 = CARTESIAN_POINT ( 'NONE',  ( -57.60599891314230092, 62.42999246636210842, -62.50000000000001421 ) ) ;
#1242 = PLANE ( 'NONE',  #464 ) ;
#1243 = VERTEX_POINT ( 'NONE', #1962 ) ;
#1244 = DIRECTION ( 'NONE',  ( 1.000000000000000000, 0.000000000000000000, 0.000000000000000000 ) ) ;
#1245 = EDGE_CURVE ( 'NONE', #1099, #1008, #686, .T. ) ;
#1246 = DIRECTION ( 'NONE',  ( 0.000000000000000000, 0.000000000000000000, 1.000000000000000000 ) ) ;
#1247 = VECTOR ( 'NONE', #1820, 1000.000000000000000 ) ;
#1248 = ORIENTED_EDGE ( 'NONE', *, *, #2703, .T. ) ;
#1249 = EDGE_CURVE ( 'NONE', #1707, #875, #2851, .T. ) ;
#1250 = LINE ( 'NONE', #1708, #415 ) ;
#1251 = DIRECTION ( 'NONE',  ( -0.000000000000000000, -0.000000000000000000, -1.000000000000000000 ) ) ;
#1252 = CIRCLE ( 'NONE', #2551, 19.99999999999998934 ) ;
#1253 = VECTOR ( 'NONE', #1149, 1000.000000000000000 ) ;
#1254 = VERTEX_POINT ( 'NONE', #2392 ) ;
#1255 = ORIENTED_EDGE ( 'NONE', *, *, #10, .F. ) ;
#1256 = CARTESIAN_POINT ( 'NONE',  ( 0.000000000000000000, 0.000000000000000000, -89.00000000000000000 ) ) ;
#1257 = CC_DESIGN_PERSON_AND_ORGANIZATION_ASSIGNMENT ( #1287, #2581, ( #429 ) ) ;
#1258 = AXIS2_PLACEMENT_3D ( 'NONE', #659, #225, #2679 ) ;
#1259 = EDGE_CURVE ( 'NONE', #2105, #212, #422, .T. ) ;
#1260 = EDGE_CURVE ( 'NONE', #905, #382, #2736, .T. ) ;
#1261 = APPROVAL_STATUS ( 'not_yet_approved' ) ;
#1262 = CIRCLE ( 'NONE', #2369, 79.99999999999984368 ) ;
#1263 = LINE ( 'NONE', #1300, #214 ) ;
#1264 = DIRECTION ( 'NONE',  ( -0.1736481776669271671, -0.9848077530122086864, -0.000000000000000000 ) ) ;
#1265 = DIRECTION ( 'NONE',  ( -0.000000000000000000, 0.000000000000000000, -1.000000000000000000 ) ) ;
#1266 = CARTESIAN_POINT ( 'NONE',  ( -56.38155724715463890, 20.52120859953978638, 132.5000000000000000 ) ) ;
#1267 = ORIENTED_EDGE ( 'NONE', *, *, #1375, .T. ) ;
#1268 = PLANE ( 'NONE',  #1342 ) ;
#1269 = CARTESIAN_POINT ( 'NONE',  ( 46.74134872827989540, 656.5997250114111239, 62.50000000000000000 ) ) ;
#1270 = ORIENTED_EDGE ( 'NONE', *, *, #1160, .F. ) ;
#1271 = VERTEX_POINT ( 'NONE', #1614 ) ;
#1272 = DIRECTION ( 'NONE',  ( 1.000000000000000000, 0.000000000000000000, 0.000000000000000000 ) ) ;
#1273 = COORDINATED_UNIVERSAL_TIME_OFFSET ( 8, 0, .AHEAD. ) ;
#1274 = CARTESIAN_POINT ( 'NONE',  ( 281.3100478204222554, 1595.388559879777858, -89.00000000000000000 ) ) ;
#1275 = DIRECTION ( 'NONE',  ( -1.000000000000000000, 0.000000000000000000, 0.000000000000000000 ) ) ;
#1276 = VECTOR ( 'NONE', #2388, 1000.000000000000000 ) ;
#1277 = VECTOR ( 'NONE', #2344, 1000.000000000000000 ) ;
#1278 = CARTESIAN_POINT ( 'NONE',  ( 59.96272178968664690, 680.3424031177195275, -62.50000000000001421 ) ) ;
#1279 = VECTOR ( 'NONE', #1014, 1000.000000000000000 ) ;
#1280 = VERTEX_POINT ( 'NONE', #2478 ) ;
#1281 = LINE ( 'NONE', #2842, #2449 ) ;
#1282 = CARTESIAN_POINT ( 'NONE',  ( 576.3203573460079951, 1888.801106118242387, 90.00000000000000000 ) ) ;
#1283 = ADVANCED_FACE ( 'NONE', ( #727 ), #1185, .T. ) ;
#1284 = EDGE_CURVE ( 'NONE', #1993, #2605, #1394, .T. ) ;
#1285 = ORIENTED_EDGE ( 'NONE', *, *, #2831, .F. ) ;
#1286 = CYLINDRICAL_SURFACE ( 'NONE', #399, 25.00000000000002132 ) ;
#1287 = PERSON_AND_ORGANIZATION ( #1630, #2189 ) ;
#1288 = CYLINDRICAL_SURFACE ( 'NONE', #1651, 30.00000000000002842 ) ;
#1289 = EDGE_CURVE ( 'NONE', #2446, #1280, #2406, .T. ) ;
#1290 = EDGE_CURVE ( 'NONE', #1604, #1475, #2266, .T. ) ;
#1291 = DIRECTION ( 'NONE',  ( 0.1736481776669271948, 0.9848077530122086864, -0.000000000000000000 ) ) ;
#1292 = ORIENTED_EDGE ( 'NONE', *, *, #779, .F. ) ;
#1293 = LINE ( 'NONE', #1123, #1722 ) ;
#1294 = CARTESIAN_POINT ( 'NONE',  ( 710.0562237456707635, 1557.555052999287227, 50.00000000000000000 ) ) ;
#1295 = ORIENTED_EDGE ( 'NONE', *, *, #867, .F. ) ;
#1296 = ORIENTED_EDGE ( 'NONE', *, *, #2247, .F. ) ;
#1297 = VECTOR ( 'NONE', #2447, 1000.000000000000000 ) ;
#1298 = DIRECTION ( 'NONE',  ( 0.4701601434347756348, 0.8825811234812305228, 0.000000000000000000 ) ) ;
#1299 = ORIENTED_EDGE ( 'NONE', *, *, #1890, .F. ) ;
#1300 = CARTESIAN_POINT ( 'NONE',  ( 46.74134872827989540, 656.5997250114111239, -62.50000000000001421 ) ) ;
#1301 = AXIS2_PLACEMENT_3D ( 'NONE', #1178, #90, #964 ) ;
#1302 = AXIS2_PLACEMENT_3D ( 'NONE', #1546, #25, #1355 ) ;
#1303 = DIRECTION ( 'NONE',  ( 1.000000000000000000, 0.000000000000000000, 0.000000000000000000 ) ) ;
#1304 = APPROVAL_PERSON_ORGANIZATION ( #157, #2548, #2161 ) ;
#1305 = PRODUCT_RELATED_PRODUCT_CATEGORY ( 'detail', '', ( #429 ) ) ;
#1306 = EDGE_LOOP ( 'NONE', ( #450, #489, #1322, #1878, #1566, #1088, #2322, #1285 ) ) ;
#1307 = CARTESIAN_POINT ( 'NONE',  ( 576.3203573460079951, 1888.801106118242387, 65.00000000000000000 ) ) ;
#1308 = VERTEX_POINT ( 'NONE', #84 ) ;
#1309 = DIRECTION ( 'NONE',  ( -0.000000000000000000, -0.000000000000000000, 1.000000000000000000 ) ) ;
#1310 = ORIENTED_EDGE ( 'NONE', *, *, #2439, .T. ) ;
#1311 = FACE_OUTER_BOUND ( 'NONE', #2211, .T. ) ;
#1312 = EDGE_LOOP ( 'NONE', ( #2619, #1299, #1880, #2356 ) ) ;
#1313 = DIRECTION ( 'NONE',  ( 0.000000000000000000, 0.000000000000000000, 1.000000000000000000 ) ) ;
#1314 = EDGE_CURVE ( 'NONE', #908, #270, #1389, .T. ) ;
#1315 = ORIENTED_EDGE ( 'NONE', *, *, #2802, .T. ) ;
#1316 = EDGE_CURVE ( 'NONE', #605, #2739, #2464, .T. ) ;
#1317 = VECTOR ( 'NONE', #1875, 1000.000000000000000 ) ;
#1318 = FACE_OUTER_BOUND ( 'NONE', #940, .T. ) ;
#1319 = AXIS2_PLACEMENT_3D ( 'NONE', #1899, #2761, #124 ) ;
#1320 = EDGE_LOOP ( 'NONE', ( #2092, #300, #2435, #31, #733, #1955, #2120, #1141 ) ) ;
#1321 = CARTESIAN_POINT ( 'NONE',  ( 44.51864624957529770, 650.3424031177195275, -7.500000000000000000 ) ) ;
#1322 = ORIENTED_EDGE ( 'NONE', *, *, #2005, .T. ) ;
#1323 = CARTESIAN_POINT ( 'NONE',  ( 742.9728526854286201, 1826.485171714987700, -65.00000000000000000 ) ) ;
#1324 = CIRCLE ( 'NONE', #2815, 19.99999999999998934 ) ;
#1325 = EDGE_CURVE ( 'NONE', #201, #2647, #945, .T. ) ;
#1326 = VERTEX_POINT ( 'NONE', #102 ) ;
#1327 = DIRECTION ( 'NONE',  ( -0.000000000000000000, -0.000000000000000000, -1.000000000000000000 ) ) ;
#1328 = LINE ( 'NONE', #616, #2087 ) ;
#1329 = ORIENTED_EDGE ( 'NONE', *, *, #2838, .F. ) ;
#1330 = VERTEX_POINT ( 'NONE', #740 ) ;
#1331 = CARTESIAN_POINT ( 'NONE',  ( 44.51864624957529770, 650.3424031177195275, -77.50000000000001421 ) ) ;
#1332 = PLANE ( 'NONE',  #653 ) ;
#1333 = EDGE_LOOP ( 'NONE', ( #1445, #73, #871, #49 ) ) ;
#1334 = CARTESIAN_POINT ( 'NONE',  ( 46.74134872827989540, 656.5997250114111239, -62.50000000000001421 ) ) ;
#1335 = ORIENTED_EDGE ( 'NONE', *, *, #697, .F. ) ;
#1336 = LINE ( 'NONE', #2448, #847 ) ;
#1337 = ORIENTED_EDGE ( 'NONE', *, *, #1117, .F. ) ;
#1338 = VERTEX_POINT ( 'NONE', #2044 ) ;
#1339 = CARTESIAN_POINT ( 'NONE',  ( 576.3203573460079951, 1888.801106118242387, 90.00000000000000000 ) ) ;
#1340 = FACE_BOUND ( 'NONE', #2509, .T. ) ;
#1341 = EDGE_LOOP ( 'NONE', ( #1517, #18, #1579, #806, #2610, #827, #1531, #1608 ) ) ;
#1342 = AXIS2_PLACEMENT_3D ( 'NONE', #184, #2168, #339 ) ;
#1343 = ADVANCED_FACE ( 'NONE', ( #2300 ), #757, .T. ) ;
#1344 = ORIENTED_EDGE ( 'NONE', *, *, #2704, .T. ) ;
#1345 = CARTESIAN_POINT ( 'NONE',  ( 59.96272178968664690, 680.3424031177195275, -77.50000000000001421 ) ) ;
#1346 = VECTOR ( 'NONE', #1628, 1000.000000000000114 ) ;
#1347 = VECTOR ( 'NONE', #2596, 1000.000000000000000 ) ;
#1348 = DIRECTION ( 'NONE',  ( 1.000000000000000000, 0.000000000000000000, 0.000000000000000000 ) ) ;
#1349 = ORIENTED_EDGE ( 'NONE', *, *, #2238, .T. ) ;
#1350 = VECTOR ( 'NONE', #587, 1000.000000000000000 ) ;
#1351 = CARTESIAN_POINT ( 'NONE',  ( 668.2413811590949990, 2028.571336244536951, -65.00000000000000000 ) ) ;
#1352 = CC_DESIGN_SECURITY_CLASSIFICATION ( #2416, ( #1958 ) ) ;
#1353 = DIRECTION ( 'NONE',  ( -0.000000000000000000, -0.000000000000000000, -1.000000000000000000 ) ) ;
#1354 = EDGE_LOOP ( 'NONE', ( #2240, #1577, #2205, #1896 ) ) ;
#1355 = DIRECTION ( 'NONE',  ( 1.000000000000000000, 0.000000000000000000, 0.000000000000000000 ) ) ;
#1356 = VERTEX_POINT ( 'NONE', #321 ) ;
#1357 = ORIENTED_EDGE ( 'NONE', *, *, #2193, .T. ) ;
#1358 = DIRECTION ( 'NONE',  ( -0.000000000000000000, -0.000000000000000000, 1.000000000000000000 ) ) ;
#1359 = PLANE ( 'NONE',  #1442 ) ;
#1360 = VERTEX_POINT ( 'NONE', #295 ) ;
#1361 = ORIENTED_EDGE ( 'NONE', *, *, #1081, .T. ) ;
#1362 = LINE ( 'NONE', #1345, #1789 ) ;
#1363 = DIRECTION ( 'NONE',  ( -0.9366590624179423896, 0.3502424885566300383, 0.000000000000000000 ) ) ;
#1364 = CARTESIAN_POINT ( 'NONE',  ( 639.8376069490901727, 2011.284752328037030, -132.5000000000000000 ) ) ;
#1365 = DIRECTION ( 'NONE',  ( -0.000000000000000000, -0.000000000000000000, 1.000000000000000000 ) ) ;
#1366 = LINE ( 'NONE', #210, #53 ) ;
#1367 = VERTEX_POINT ( 'NONE', #2056 ) ;
#1368 = DIRECTION ( 'NONE',  ( -0.000000000000000000, -0.000000000000000000, -1.000000000000000000 ) ) ;
#1369 = ADVANCED_FACE ( 'NONE', ( #1380 ), #1645, .F. ) ;
#1370 = DIRECTION ( 'NONE',  ( -0.000000000000000000, -0.000000000000000000, 1.000000000000000000 ) ) ;
#1371 = EDGE_CURVE ( 'NONE', #880, #1243, #1113, .T. ) ;
#1372 = ORIENTED_EDGE ( 'NONE', *, *, #2217, .T. ) ;
#1373 = ORIENTED_EDGE ( 'NONE', *, *, #101, .T. ) ;
#1374 = CARTESIAN_POINT ( 'NONE',  ( 59.96272178968664690, 680.3424031177195275, -62.50000000000001421 ) ) ;
#1375 = EDGE_CURVE ( 'NONE', #1851, #816, #2521, .T. ) ;
#1376 = EDGE_CURVE ( 'NONE', #92, #1409, #1145, .T. ) ;
#1377 = EDGE_CURVE ( 'NONE', #2545, #608, #1202, .T. ) ;
#1378 = LINE ( 'NONE', #35, #1204 ) ;
#1379 = VERTEX_POINT ( 'NONE', #2029 ) ;
#1380 = FACE_OUTER_BOUND ( 'NONE', #637, .T. ) ;
#1381 = CARTESIAN_POINT ( 'NONE',  ( 576.3203573460079951, 1888.801106118242387, 90.00000000000000000 ) ) ;
#1382 = ORIENTED_EDGE ( 'NONE', *, *, #1015, .T. ) ;
#1383 = ORIENTED_EDGE ( 'NONE', *, *, #2748, .F. ) ;
#1384 = PLANE ( 'NONE',  #1788 ) ;
#1385 = CARTESIAN_POINT ( 'NONE',  ( 668.2413811590949990, 2028.571336244536951, 65.00000000000000000 ) ) ;
#1386 = EDGE_LOOP ( 'NONE', ( #656, #2407, #1561, #2686 ) ) ;
#1387 = ORIENTED_EDGE ( 'NONE', *, *, #472, .F. ) ;
#1388 = CARTESIAN_POINT ( 'NONE',  ( 609.8376069490901727, 2011.284752328037030, -132.5000000000000000 ) ) ;
#1389 = CIRCLE ( 'NONE', #881, 19.99999999999998934 ) ;
#1390 = ORIENTED_EDGE ( 'NONE', *, *, #2035, .F. ) ;
#1391 = CIRCLE ( 'NONE', #2692, 25.00000000000002132 ) ;
#1392 = CARTESIAN_POINT ( 'NONE',  ( 221.3100478204222270, 1595.388559879777858, 107.5000000000000000 ) ) ;
#1393 = VECTOR ( 'NONE', #2688, 1000.000000000000114 ) ;
#1394 = LINE ( 'NONE', #1420, #794 ) ;
#1395 = DIRECTION ( 'NONE',  ( 0.9838401286342943752, -0.1790491588610656215, -0.000000000000000000 ) ) ;
#1396 = AXIS2_PLACEMENT_3D ( 'NONE', #1017, #2568, #1200 ) ;
#1397 = CIRCLE ( 'NONE', #1772, 59.99999999999994316 ) ;
#1398 = VERTEX_POINT ( 'NONE', #933 ) ;
#1399 = CARTESIAN_POINT ( 'NONE',  ( 0.000000000000000000, 0.000000000000000000, 132.5000000000000000 ) ) ;
#1400 = FACE_OUTER_BOUND ( 'NONE', #2793, .T. ) ;
#1401 = ORIENTED_EDGE ( 'NONE', *, *, #2098, .F. ) ;
#1402 = DIRECTION ( 'NONE',  ( -0.000000000000000000, -0.000000000000000000, -1.000000000000000000 ) ) ;
#1403 = CARTESIAN_POINT ( 'NONE',  ( 59.96272178968664690, 680.3424031177195275, 7.500000000000000000 ) ) ;
#1404 = FACE_OUTER_BOUND ( 'NONE', #203, .T. ) ;
#1405 = EDGE_CURVE ( 'NONE', #107, #576, #2706, .T. ) ;
#1406 = ADVANCED_FACE ( 'NONE', ( #832 ), #1051, .F. ) ;
#1407 = CARTESIAN_POINT ( 'NONE',  ( -52.81544661460818446, 40.74562699664585352, 62.50000000000000000 ) ) ;
#1408 = FACE_BOUND ( 'NONE', #2633, .T. ) ;
#1409 = VERTEX_POINT ( 'NONE', #1720 ) ;
#1410 = EDGE_LOOP ( 'NONE', ( #2533, #1781, #965, #1916 ) ) ;
#1411 = CARTESIAN_POINT ( 'NONE',  ( 68.38811575907259055, 250.8447041954916017, 89.00000000000000000 ) ) ;
#1412 = DIRECTION ( 'NONE',  ( -1.000000000000000000, 0.000000000000000000, 0.000000000000000000 ) ) ;
#1413 = EDGE_CURVE ( 'NONE', #1271, #1921, #2269, .T. ) ;
#1414 = ORIENTED_EDGE ( 'NONE', *, *, #1716, .F. ) ;
#1415 = DIRECTION ( 'NONE',  ( -0.000000000000000000, -0.000000000000000000, 1.000000000000000000 ) ) ;
#1416 = AXIS2_PLACEMENT_3D ( 'NONE', #484, #924, #1 ) ;
#1417 = CYLINDRICAL_SURFACE ( 'NONE', #753, 59.99999999999994316 ) ;
#1418 = PLANE ( 'NONE',  #953 ) ;
#1419 = LINE ( 'NONE', #584, #1815 ) ;
#1420 = CARTESIAN_POINT ( 'NONE',  ( 742.9728526854286201, 1826.485171714987700, 50.00000000000000000 ) ) ;
#1421 = CARTESIAN_POINT ( 'NONE',  ( 560.7517491875224778, 2047.345886437859008, -50.00000000000000000 ) ) ;
#1422 = ORIENTED_EDGE ( 'NONE', *, *, #1836, .T. ) ;
#1423 = LINE ( 'NONE', #1206, #2036 ) ;
#1424 = FACE_BOUND ( 'NONE', #2644, .T. ) ;
#1425 = VECTOR ( 'NONE', #89, 1000.000000000000000 ) ;
#1426 = MANIFOLD_SOLID_BREP ( 'LPattern1', #2475 ) ;
#1427 = VERTEX_POINT ( 'NONE', #162 ) ;
#1428 = ORIENTED_EDGE ( 'NONE', *, *, #1249, .F. ) ;
#1429 = CARTESIAN_POINT ( 'NONE',  ( 341.3100478204222554, 1595.388559879777858, 107.5000000000000000 ) ) ;
#1430 = ADVANCED_FACE ( 'NONE', ( #362 ), #1904, .F. ) ;
#1431 = ORIENTED_EDGE ( 'NONE', *, *, #2004, .F. ) ;
#1432 = DIRECTION ( 'NONE',  ( 1.000000000000000000, 0.000000000000000000, 0.000000000000000000 ) ) ;
#1433 = CARTESIAN_POINT ( 'NONE',  ( -38.07689533117545011, 66.74440010644539711, -62.50000000000001421 ) ) ;
#1434 = CARTESIAN_POINT ( 'NONE',  ( 570.1744409589366569, 1880.422989400006145, -89.00000000000000000 ) ) ;
#1435 = ORIENTED_EDGE ( 'NONE', *, *, #1595, .F. ) ;
#1436 = AXIS2_PLACEMENT_3D ( 'NONE', #1095, #1572, #1791 ) ;
#1437 = EDGE_LOOP ( 'NONE', ( #519, #2352, #2498, #1147 ) ) ;
#1438 = DIRECTION ( 'NONE',  ( -1.000000000000000000, 0.000000000000000000, 0.000000000000000000 ) ) ;
#1439 = FACE_OUTER_BOUND ( 'NONE', #104, .T. ) ;
#1440 = AXIS2_PLACEMENT_3D ( 'NONE', #1219, #2106, #2350 ) ;
#1441 = ORIENTED_EDGE ( 'NONE', *, *, #1114, .F. ) ;
#1442 = AXIS2_PLACEMENT_3D ( 'NONE', #1796, #2034, #1111 ) ;
#1443 = CARTESIAN_POINT ( 'NONE',  ( 695.7991732773352851, 1616.585460717344858, -65.00000000000000000 ) ) ;
#1444 = CARTESIAN_POINT ( 'NONE',  ( -56.38155724715463890, 20.52120859953978638, 132.5000000000000000 ) ) ;
#1445 = ORIENTED_EDGE ( 'NONE', *, *, #2625, .F. ) ;
#1446 = AXIS2_PLACEMENT_3D ( 'NONE', #1698, #1953, #579 ) ;
#1447 = ORIENTED_EDGE ( 'NONE', *, *, #473, .T. ) ;
#1448 = ORIENTED_EDGE ( 'NONE', *, *, #171, .F. ) ;
#1449 = DIRECTION ( 'NONE',  ( -0.000000000000000000, -0.000000000000000000, 1.000000000000000000 ) ) ;
#1450 = CARTESIAN_POINT ( 'NONE',  ( 695.7991732773352851, 1616.585460717344858, -132.5000000000000000 ) ) ;
#1451 = DIRECTION ( 'NONE',  ( 0.6993660522065797691, 0.7147636847385179237, 0.000000000000000000 ) ) ;
#1452 = CARTESIAN_POINT ( 'NONE',  ( -58.07689533117543590, 66.74440010644539711, -62.50000000000001421 ) ) ;
#1453 = ORIENTED_EDGE ( 'NONE', *, *, #2571, .F. ) ;
#1454 = DIRECTION ( 'NONE',  ( 1.000000000000000000, 0.000000000000000000, 0.000000000000000000 ) ) ;
#1455 = LINE ( 'NONE', #2320, #332 ) ;
#1456 = ORIENTED_EDGE ( 'NONE', *, *, #2703, .F. ) ;
#1457 = ORIENTED_EDGE ( 'NONE', *, *, #1525, .T. ) ;
#1458 = CARTESIAN_POINT ( 'NONE',  ( 0.000000000000000000, 0.000000000000000000, -132.5000000000000000 ) ) ;
#1459 = DIRECTION ( 'NONE',  ( -1.000000000000000000, 0.000000000000000000, 0.000000000000000000 ) ) ;
#1460 = ORIENTED_EDGE ( 'NONE', *, *, #595, .F. ) ;
#1461 = VERTEX_POINT ( 'NONE', #1233 ) ;
#1462 = DIRECTION ( 'NONE',  ( 1.000000000000000000, 0.000000000000000000, 0.000000000000000000 ) ) ;
#1463 = CIRCLE ( 'NONE', #488, 60.00000000000000711 ) ;
#1464 = CALENDAR_DATE ( 2026, 25, 8 ) ;
#1465 = LINE ( 'NONE', #190, #2285 ) ;
#1466 = FACE_OUTER_BOUND ( 'NONE', #1810, .T. ) ;
#1467 = VECTOR ( 'NONE', #63, 1000.000000000000114 ) ;
#1468 = EDGE_CURVE ( 'NONE', #2472, #2280, #842, .T. ) ;
#1469 = CARTESIAN_POINT ( 'NONE',  ( 281.3100478204222554, 1595.388559879777858, -90.00000000000000000 ) ) ;
#1470 = DIRECTION ( 'NONE',  ( 0.9366590624179427227, -0.3502424885566290946, 0.000000000000000000 ) ) ;
#1471 = ORIENTED_EDGE ( 'NONE', *, *, #235, .F. ) ;
#1472 = LINE ( 'NONE', #2382, #1070 ) ;
#1473 = CARTESIAN_POINT ( 'NONE',  ( 43.38811575907258344, 250.8447041954916017, 89.00000000000000000 ) ) ;
#1474 = ORIENTED_EDGE ( 'NONE', *, *, #2070, .F. ) ;
#1475 = VERTEX_POINT ( 'NONE', #115 ) ;
#1476 = LINE ( 'NONE', #2593, #1277 ) ;
#1477 = COORDINATED_UNIVERSAL_TIME_OFFSET ( 8, 0, .AHEAD. ) ;
#1478 = CARTESIAN_POINT ( 'NONE',  ( 226.9763019268898177, 1569.935778947686458, 89.00000000000000000 ) ) ;
#1479 = CARTESIAN_POINT ( 'NONE',  ( -52.81544661460821999, 40.74562699664600984, 77.50000000000000000 ) ) ;
#1480 = ORIENTED_EDGE ( 'NONE', *, *, #2238, .F. ) ;
#1481 = CARTESIAN_POINT ( 'NONE',  ( 60.00000000000000711, -3.469446951953614189E-15, 90.00000000000000000 ) ) ;
#1482 = DIRECTION ( 'NONE',  ( -0.000000000000000000, 0.000000000000000000, 1.000000000000000000 ) ) ;
#1483 = AXIS2_PLACEMENT_3D ( 'NONE', #2251, #960, #2259 ) ;
#1484 = VERTEX_POINT ( 'NONE', #1481 ) ;
#1485 = CARTESIAN_POINT ( 'NONE',  ( 720.7991732773352851, 1616.585460717344858, -50.00000000000000000 ) ) ;
#1486 = VERTEX_POINT ( 'NONE', #2152 ) ;
#1487 = PLANE ( 'NONE',  #2505 ) ;
#1488 = VECTOR ( 'NONE', #1972, 1000.000000000000000 ) ;
#1489 = VECTOR ( 'NONE', #996, 1000.000000000000000 ) ;
#1490 = VERTEX_POINT ( 'NONE', #2135 ) ;
#1491 = VERTEX_POINT ( 'NONE', #1694 ) ;
#1492 = DIRECTION ( 'NONE',  ( -1.000000000000000000, 0.000000000000000000, 0.000000000000000000 ) ) ;
#1493 = AXIS2_PLACEMENT_3D ( 'NONE', #2089, #553, #1146 ) ;
#1494 = APPROVAL_DATE_TIME ( #582, #2548 ) ;
#1495 = DIRECTION ( 'NONE',  ( 1.000000000000000000, 0.000000000000000000, 0.000000000000000000 ) ) ;
#1496 = CARTESIAN_POINT ( 'NONE',  ( 742.9728526854286201, 1826.485171714987473, -90.00000000000000000 ) ) ;
#1497 = VERTEX_POINT ( 'NONE', #2807 ) ;
#1498 = ADVANCED_FACE ( 'NONE', ( #2570 ), #2601, .F. ) ;
#1499 = EDGE_CURVE ( 'NONE', #88, #1308, #2499, .T. ) ;
#1500 = CARTESIAN_POINT ( 'NONE',  ( 59.96272178968664690, 680.3424031177195275, 77.50000000000000000 ) ) ;
#1501 = EDGE_CURVE ( 'NONE', #1826, #107, #2822, .T. ) ;
#1502 = FACE_BOUND ( 'NONE', #320, .T. ) ;
#1503 = ORIENTED_EDGE ( 'NONE', *, *, #2489, .T. ) ;
#1504 = ORIENTED_EDGE ( 'NONE', *, *, #38, .T. ) ;
#1505 = LINE ( 'NONE', #134, #1153 ) ;
#1506 = DIRECTION ( 'NONE',  ( 0.4865142723515116230, 0.8736726290769781800, 0.000000000000000000 ) ) ;
#1507 = EDGE_CURVE ( 'NONE', #2443, #1330, #2378, .T. ) ;
#1508 = EDGE_LOOP ( 'NONE', ( #1035, #2144 ) ) ;
#1509 = ADVANCED_FACE ( 'NONE', ( #807 ), #378, .F. ) ;
#1510 = CARTESIAN_POINT ( 'NONE',  ( 0.000000000000000000, 0.000000000000000000, 90.00000000000000000 ) ) ;
#1511 = DIRECTION ( 'NONE',  ( -0.000000000000000000, -0.000000000000000000, 1.000000000000000000 ) ) ;
#1512 = FACE_OUTER_BOUND ( 'NONE', #1341, .T. ) ;
#1513 = AXIS2_PLACEMENT_3D ( 'NONE', #870, #1062, #2348 ) ;
#1514 = VECTOR ( 'NONE', #455, 1000.000000000000000 ) ;
#1515 = CARTESIAN_POINT ( 'NONE',  ( 570.1744409589366569, 1880.422989400006145, -89.00000000000000000 ) ) ;
#1516 = EDGE_CURVE ( 'NONE', #1740, #751, #821, .T. ) ;
#1517 = ORIENTED_EDGE ( 'NONE', *, *, #1083, .T. ) ;
#1518 = DIRECTION ( 'NONE',  ( 0.000000000000000000, 0.000000000000000000, -1.000000000000000000 ) ) ;
#1519 = CARTESIAN_POINT ( 'NONE',  ( 60.00000000000000711, -3.469446951953614189E-15, -90.00000000000000000 ) ) ;
#1520 = ORIENTED_EDGE ( 'NONE', *, *, #1738, .F. ) ;
#1521 = ORIENTED_EDGE ( 'NONE', *, *, #1104, .T. ) ;
#1522 = LINE ( 'NONE', #2399, #2014 ) ;
#1523 = PERSON_AND_ORGANIZATION_ROLE ( 'creator' ) ;
#1524 = CARTESIAN_POINT ( 'NONE',  ( -58.19077862357731590, 10.26060429976988786, 132.5000000000000000 ) ) ;
#1525 = EDGE_CURVE ( 'NONE', #1826, #1409, #1887, .T. ) ;
#1526 = CARTESIAN_POINT ( 'NONE',  ( 68.38811575907259055, 250.8447041954916017, -89.00000000000000000 ) ) ;
#1527 = EDGE_CURVE ( 'NONE', #297, #1785, #1252, .T. ) ;
#1528 = ORIENTED_EDGE ( 'NONE', *, *, #257, .F. ) ;
#1529 = FACE_OUTER_BOUND ( 'NONE', #2553, .T. ) ;
#1530 = DIRECTION ( 'NONE',  ( -0.000000000000000000, -0.000000000000000000, 1.000000000000000000 ) ) ;
#1531 = ORIENTED_EDGE ( 'NONE', *, *, #625, .F. ) ;
#1532 = VERTEX_POINT ( 'NONE', #2539 ) ;
#1533 = VECTOR ( 'NONE', #2436, 1000.000000000000000 ) ;
#1534 = CARTESIAN_POINT ( 'NONE',  ( 281.3100478204222554, 1595.388559879777858, 89.00000000000000000 ) ) ;
#1535 = VECTOR ( 'NONE', #903, 1000.000000000000114 ) ;
#1536 = ORIENTED_EDGE ( 'NONE', *, *, #712, .T. ) ;
#1537 = CARTESIAN_POINT ( 'NONE',  ( -38.07689533117545011, 66.74440010644539711, -77.50000000000001421 ) ) ;
#1538 = AXIS2_PLACEMENT_3D ( 'NONE', #951, #1618, #2496 ) ;
#1539 = ORIENTED_EDGE ( 'NONE', *, *, #737, .F. ) ;
#1540 = AXIS2_PLACEMENT_3D ( 'NONE', #687, #907, #702 ) ;
#1541 = LINE ( 'NONE', #2418, #2835 ) ;
#1542 = AXIS2_PLACEMENT_3D ( 'NONE', #833, #352, #1234 ) ;
#1543 = EDGE_CURVE ( 'NONE', #2657, #2244, #560, .T. ) ;
#1544 = ORIENTED_EDGE ( 'NONE', *, *, #2655, .F. ) ;
#1545 = CARTESIAN_POINT ( 'NONE',  ( 59.96272178968664690, 680.3424031177195275, -7.500000000000000000 ) ) ;
#1546 = CARTESIAN_POINT ( 'NONE',  ( 281.3100478204222554, 1595.388559879777858, 107.5000000000000000 ) ) ;
#1547 = EDGE_LOOP ( 'NONE', ( #603, #2757, #1115, #513 ) ) ;
#1548 = DIRECTION ( 'NONE',  ( -1.000000000000000000, 0.000000000000000000, 0.000000000000000000 ) ) ;
#1549 = ORIENTED_EDGE ( 'NONE', *, *, #179, .F. ) ;
#1550 = LINE ( 'NONE', #1151, #1138 ) ;
#1551 = ADVANCED_FACE ( 'NONE', ( #601 ), #789, .F. ) ;
#1552 = CARTESIAN_POINT ( 'NONE',  ( 780.7991732773353988, 1616.585460717344858, -50.00000000000000000 ) ) ;
#1553 = AXIS2_PLACEMENT_3D ( 'NONE', #158, #2150, #1495 ) ;
#1554 = ADVANCED_FACE ( 'NONE', ( #2319 ), #336, .F. ) ;
#1555 = VECTOR ( 'NONE', #36, 999.9999999999998863 ) ;
#1556 = ORIENTED_EDGE ( 'NONE', *, *, #169, .F. ) ;
#1557 = CARTESIAN_POINT ( 'NONE',  ( 720.7991732773352851, 1616.585460717344858, -132.5000000000000000 ) ) ;
#1558 = PLANE ( 'NONE',  #2090 ) ;
#1559 = AXIS2_PLACEMENT_3D ( 'NONE', #1388, #1169, #547 ) ;
#1560 = APPROVAL ( #1261, '未' ) ;
#1561 = ORIENTED_EDGE ( 'NONE', *, *, #2712, .T. ) ;
#1562 = ADVANCED_FACE ( 'NONE', ( #1997, #1318 ), #9, .T. ) ;
#1563 = DIRECTION ( 'NONE',  ( 1.000000000000000000, 0.000000000000000000, 0.000000000000000000 ) ) ;
#1564 = CARTESIAN_POINT ( 'NONE',  ( 0.000000000000000000, 0.000000000000000000, -90.00000000000000000 ) ) ;
#1565 = ADVANCED_FACE ( 'NONE', ( #630 ), #2646, .F. ) ;
#1566 = ORIENTED_EDGE ( 'NONE', *, *, #1499, .T. ) ;
#1567 = ORIENTED_EDGE ( 'NONE', *, *, #235, .T. ) ;
#1568 = ORIENTED_EDGE ( 'NONE', *, *, #1516, .T. ) ;
#1569 = CARTESIAN_POINT ( 'NONE',  ( 720.7991732773352851, 1616.585460717344858, -50.00000000000000000 ) ) ;
#1570 = PLANE ( 'NONE',  #282 ) ;
#1571 = ORIENTED_EDGE ( 'NONE', *, *, #2216, .T. ) ;
#1572 = DIRECTION ( 'NONE',  ( -0.000000000000000000, -0.000000000000000000, -1.000000000000000000 ) ) ;
#1573 = LINE ( 'NONE', #1963, #1078 ) ;
#1574 = ORIENTED_EDGE ( 'NONE', *, *, #1049, .T. ) ;
#1575 = DIRECTION ( 'NONE',  ( -1.000000000000000000, 0.000000000000000000, 0.000000000000000000 ) ) ;
#1576 = DIRECTION ( 'NONE',  ( 1.000000000000000000, 0.000000000000000000, 0.000000000000000000 ) ) ;
#1577 = ORIENTED_EDGE ( 'NONE', *, *, #679, .F. ) ;
#1578 = AXIS2_PLACEMENT_3D ( 'NONE', #1952, #837, #1057 ) ;
#1579 = ORIENTED_EDGE ( 'NONE', *, *, #2748, .T. ) ;
#1580 = FACE_OUTER_BOUND ( 'NONE', #2882, .T. ) ;
#1581 = AXIS2_PLACEMENT_3D ( 'NONE', #82, #698, #506 ) ;
#1582 = AXIS2_PLACEMENT_3D ( 'NONE', #2026, #930, #1933 ) ;
#1583 = CYLINDRICAL_SURFACE ( 'NONE', #1582, 70.05687066934417828 ) ;
#1584 = AXIS2_PLACEMENT_3D ( 'NONE', #355, #153, #2169 ) ;
#1585 = EDGE_CURVE ( 'NONE', #1491, #2880, #2180, .T. ) ;
#1586 = EDGE_CURVE ( 'NONE', #1604, #691, #1541, .T. ) ;
#1587 = CARTESIAN_POINT ( 'NONE',  ( -57.77305039141960918, 70.21736365978394190, 7.500000000000000000 ) ) ;
#1588 = LOCAL_TIME ( 10, 56, 51.00000000000000000, #801 ) ;
#1589 = DIRECTION ( 'NONE',  ( -0.1815689199582223023, 0.9833782218989826074, -0.000000000000000000 ) ) ;
#1590 = CARTESIAN_POINT ( 'NONE',  ( 720.7991732773352851, 1616.585460717344858, -50.00000000000000000 ) ) ;
#1591 = ORIENTED_EDGE ( 'NONE', *, *, #737, .T. ) ;
#1592 = DIRECTION ( 'NONE',  ( -0.000000000000000000, -0.000000000000000000, -1.000000000000000000 ) ) ;
#1593 = DIRECTION ( 'NONE',  ( -0.000000000000000000, 0.000000000000000000, 1.000000000000000000 ) ) ;
#1594 = VERTEX_POINT ( 'NONE', #1515 ) ;
#1595 = EDGE_CURVE ( 'NONE', #760, #2256, #2204, .T. ) ;
#1596 = EDGE_CURVE ( 'NONE', #2650, #2485, #193, .T. ) ;
#1597 = EDGE_CURVE ( 'NONE', #759, #45, #1982, .T. ) ;
#1598 = ORIENTED_EDGE ( 'NONE', *, *, #2404, .F. ) ;
#1599 = DIRECTION ( 'NONE',  ( 1.000000000000000000, 0.000000000000000000, 0.000000000000000000 ) ) ;
#1600 = DIRECTION ( 'NONE',  ( 0.9838401286342943752, -0.1790491588610656215, 0.000000000000000000 ) ) ;
#1601 = DIRECTION ( 'NONE',  ( -0.000000000000000000, -0.000000000000000000, 1.000000000000000000 ) ) ;
#1602 = DIRECTION ( 'NONE',  ( -0.4865142723515116230, -0.8736726290769781800, 0.000000000000000000 ) ) ;
#1603 = CARTESIAN_POINT ( 'NONE',  ( 0.000000000000000000, 0.000000000000000000, 132.5000000000000000 ) ) ;
#1604 = VERTEX_POINT ( 'NONE', #2872 ) ;
#1605 = CARTESIAN_POINT ( 'NONE',  ( -25.00000000000000000, 3.061616997868383043E-15, -132.5000000000000000 ) ) ;
#1606 = AXIS2_PLACEMENT_3D ( 'NONE', #2869, #275, #1116 ) ;
#1607 = LINE ( 'NONE', #2484, #1680 ) ;
#1608 = ORIENTED_EDGE ( 'NONE', *, *, #1082, .T. ) ;
#1609 = ORIENTED_EDGE ( 'NONE', *, *, #1543, .F. ) ;
#1610 = EDGE_LOOP ( 'NONE', ( #1684, #2226, #437, #2194 ) ) ;
#1611 = PLANE ( 'NONE',  #2248 ) ;
#1612 = DIRECTION ( 'NONE',  ( -0.000000000000000000, -0.000000000000000000, 1.000000000000000000 ) ) ;
#1613 = CARTESIAN_POINT ( 'NONE',  ( 281.3100478204222554, 1595.388559879777858, -107.5000000000000000 ) ) ;
#1614 = CARTESIAN_POINT ( 'NONE',  ( 780.7991732773353988, 1616.585460717344858, -65.00000000000000000 ) ) ;
#1615 = LINE ( 'NONE', #2707, #2042 ) ;
#1616 = EDGE_LOOP ( 'NONE', ( #357, #2482, #2454, #2573 ) ) ;
#1617 = DIRECTION ( 'NONE',  ( -1.000000000000000000, 0.000000000000000000, 0.000000000000000000 ) ) ;
#1618 = DIRECTION ( 'NONE',  ( -0.3502424885566290946, -0.9366590624179427227, 0.000000000000000000 ) ) ;
#1619 = VERTEX_POINT ( 'NONE', #639 ) ;
#1620 = EDGE_CURVE ( 'NONE', #2520, #83, #370, .T. ) ;
#1621 = EDGE_CURVE ( 'NONE', #270, #1865, #2405, .T. ) ;
#1622 = EDGE_LOOP ( 'NONE', ( #2723, #1084, #2471, #1685 ) ) ;
#1623 = EDGE_CURVE ( 'NONE', #562, #2446, #417, .T. ) ;
#1624 = LINE ( 'NONE', #2513, #863 ) ;
#1625 = VECTOR ( 'NONE', #1365, 1000.000000000000000 ) ;
#1626 = DIRECTION ( 'NONE',  ( -0.000000000000000000, -0.000000000000000000, -1.000000000000000000 ) ) ;
#1627 = VECTOR ( 'NONE', #1291, 1000.000000000000000 ) ;
#1628 = DIRECTION ( 'NONE',  ( 0.2157203820041648790, -0.9764551790983430068, -0.000000000000000000 ) ) ;
#1629 = CIRCLE ( 'NONE', #974, 19.99999999999998934 ) ;
#1630 = PERSON ( '未', '未', '未', ('未'), ('未'), ('未') ) ;
#1631 = AXIS2_PLACEMENT_3D ( 'NONE', #938, #2389, #1825 ) ;
#1632 = EDGE_CURVE ( 'NONE', #1461, #2396, #406, .T. ) ;
#1633 = CARTESIAN_POINT ( 'NONE',  ( 745.7991732773353988, 1616.585460717344858, -132.5000000000000000 ) ) ;
#1634 = PLANE ( 'NONE',  #2658 ) ;
#1635 = VECTOR ( 'NONE', #542, 1000.000000000000000 ) ;
#1636 = EDGE_CURVE ( 'NONE', #87, #1179, #2132, .T. ) ;
#1637 = VERTEX_POINT ( 'NONE', #2662 ) ;
#1638 = CARTESIAN_POINT ( 'NONE',  ( 56.68161887354653317, 19.67724782265078787, -89.00000000000000000 ) ) ;
#1639 = FACE_BOUND ( 'NONE', #2181, .T. ) ;
#1640 = ORIENTED_EDGE ( 'NONE', *, *, #171, .T. ) ;
#1641 = LINE ( 'NONE', #998, #1934 ) ;
#1642 = FACE_OUTER_BOUND ( 'NONE', #2018, .T. ) ;
#1643 = CARTESIAN_POINT ( 'NONE',  ( 609.8376069490901727, 2011.284752328037030, -65.00000000000000000 ) ) ;
#1644 = ORIENTED_EDGE ( 'NONE', *, *, #2282, .T. ) ;
#1645 = CYLINDRICAL_SURFACE ( 'NONE', #1483, 25.00000000000000000 ) ;
#1646 = DIRECTION ( 'NONE',  ( -0.000000000000000000, -0.000000000000000000, -1.000000000000000000 ) ) ;
#1647 = ORIENTED_EDGE ( 'NONE', *, *, #1249, .T. ) ;
#1648 = PLANE ( 'NONE',  #2380 ) ;
#1649 = DIRECTION ( 'NONE',  ( 0.000000000000000000, 0.000000000000000000, -1.000000000000000000 ) ) ;
#1650 = EDGE_CURVE ( 'NONE', #1409, #760, #2676, .T. ) ;
#1651 = AXIS2_PLACEMENT_3D ( 'NONE', #2614, #1091, #1718 ) ;
#1652 = ORIENTED_EDGE ( 'NONE', *, *, #980, .T. ) ;
#1653 = VECTOR ( 'NONE', #854, 1000.000000000000000 ) ;
#1654 = ORIENTED_EDGE ( 'NONE', *, *, #1636, .F. ) ;
#1655 = FACE_OUTER_BOUND ( 'NONE', #1037, .T. ) ;
#1656 = CARTESIAN_POINT ( 'NONE',  ( 576.3203573460079951, 1888.801106118242387, -90.00000000000000000 ) ) ;
#1657 = FACE_BOUND ( 'NONE', #2645, .T. ) ;
#1658 = DIRECTION ( 'NONE',  ( -1.000000000000000000, 0.000000000000000000, 0.000000000000000000 ) ) ;
#1659 = EDGE_LOOP ( 'NONE', ( #2611, #1036 ) ) ;
#1660 = DIRECTION ( 'NONE',  ( 0.1736481776669271948, 0.9848077530122086864, -0.000000000000000000 ) ) ;
#1661 = CARTESIAN_POINT ( 'NONE',  ( 742.9728526854286201, 1826.485171714987700, -50.00000000000000000 ) ) ;
#1662 = EDGE_LOOP ( 'NONE', ( #439, #1128 ) ) ;
#1663 = CARTESIAN_POINT ( 'NONE',  ( 491.1198634823961697, 1869.817665301333363, 65.00000000000000000 ) ) ;
#1664 = AXIS2_PLACEMENT_3D ( 'NONE', #2413, #428, #2184 ) ;
#1665 = ORIENTED_EDGE ( 'NONE', *, *, #1507, .T. ) ;
#1666 = DIRECTION ( 'NONE',  ( 1.000000000000000000, 0.000000000000000000, -0.000000000000000000 ) ) ;
#1667 = ORIENTED_EDGE ( 'NONE', *, *, #1836, .F. ) ;
#1668 = ORIENTED_EDGE ( 'NONE', *, *, #2068, .T. ) ;
#1669 = CARTESIAN_POINT ( 'NONE',  ( 609.8376069490901727, 2011.284752328037030, -132.5000000000000000 ) ) ;
#1670 = CARTESIAN_POINT ( 'NONE',  ( 730.1038371756828838, 1820.621005976374590, 89.00000000000000000 ) ) ;
#1671 = CARTESIAN_POINT ( 'NONE',  ( 43.38811575907259055, 250.8447041954916017, -132.5000000000000000 ) ) ;
#1672 = DIRECTION ( 'NONE',  ( -0.000000000000000000, -0.000000000000000000, -1.000000000000000000 ) ) ;
#1673 = AXIS2_PLACEMENT_3D ( 'NONE', #1107, #2665, #2678 ) ;
#1674 = ORIENTED_EDGE ( 'NONE', *, *, #2394, .T. ) ;
#1675 = CARTESIAN_POINT ( 'NONE',  ( 59.96272178968664690, 680.3424031177195275, 77.50000000000000000 ) ) ;
#1676 = PLANE ( 'NONE',  #979 ) ;
#1677 = AXIS2_PLACEMENT_3D ( 'NONE', #1079, #1773, #457 ) ;
#1678 = ADVANCED_FACE ( 'NONE', ( #2175 ), #1332, .F. ) ;
#1679 = VERTEX_POINT ( 'NONE', #1552 ) ;
#1680 = VECTOR ( 'NONE', #313, 1000.000000000000000 ) ;
#1681 = DIRECTION ( 'NONE',  ( -0.000000000000000000, -0.000000000000000000, 1.000000000000000000 ) ) ;
#1682 = DIRECTION ( 'NONE',  ( 0.8736726290769781800, -0.4865142723515116230, 0.000000000000000000 ) ) ;
#1683 = CIRCLE ( 'NONE', #197, 30.00000000000008171 ) ;
#1684 = ORIENTED_EDGE ( 'NONE', *, *, #2759, .T. ) ;
#1685 = ORIENTED_EDGE ( 'NONE', *, *, #1083, .F. ) ;
#1686 = DIRECTION ( 'NONE',  ( -0.000000000000000000, 0.000000000000000000, 1.000000000000000000 ) ) ;
#1687 = AXIS2_PLACEMENT_3D ( 'NONE', #986, #766, #1214 ) ;
#1688 = ADVANCED_FACE ( 'NONE', ( #682 ), #1570, .F. ) ;
#1689 = EDGE_CURVE ( 'NONE', #1461, #485, #1749, .T. ) ;
#1690 = APPROVAL_ROLE ( '' ) ;
#1691 = DIRECTION ( 'NONE',  ( 1.000000000000000000, 0.000000000000000000, 0.000000000000000000 ) ) ;
#1692 = CARTESIAN_POINT ( 'NONE',  ( 780.2946008728494007, 1624.350387969222766, -65.00000000000000000 ) ) ;
#1693 = ORIENTED_EDGE ( 'NONE', *, *, #2456, .F. ) ;
#1694 = CARTESIAN_POINT ( 'NONE',  ( 43.38811575907258344, 250.8447041954916017, -89.00000000000000000 ) ) ;
#1695 = CARTESIAN_POINT ( 'NONE',  ( 579.8376069490901727, 2011.284752328037030, 49.99999999999998579 ) ) ;
#1696 = ORIENTED_EDGE ( 'NONE', *, *, #2011, .T. ) ;
#1697 = CARTESIAN_POINT ( 'NONE',  ( 639.8376069490901727, 2011.284752328037030, -50.00000000000000000 ) ) ;
#1698 = CARTESIAN_POINT ( 'NONE',  ( 281.3100478204222554, 1595.388559879777858, 107.5000000000000000 ) ) ;
#1699 = VERTEX_POINT ( 'NONE', #1832 ) ;
#1700 = DIRECTION ( 'NONE',  ( -0.000000000000000000, -0.000000000000000000, -1.000000000000000000 ) ) ;
#1701 = CARTESIAN_POINT ( 'NONE',  ( 0.000000000000000000, 0.000000000000000000, 0.000000000000000000 ) ) ;
#1702 = CARTESIAN_POINT ( 'NONE',  ( 281.3100478204222554, 1595.388559879777858, 107.4999999999999858 ) ) ;
#1703 = CARTESIAN_POINT ( 'NONE',  ( -38.07689533117545011, 66.74440010644539711, -7.500000000000000000 ) ) ;
#1704 = ORIENTED_EDGE ( 'NONE', *, *, #347, .T. ) ;
#1705 = CARTESIAN_POINT ( 'NONE',  ( -38.07689533117545011, 66.74440010644539711, 62.50000000000000000 ) ) ;
#1706 = CARTESIAN_POINT ( 'NONE',  ( 60.00000000000000711, -3.469446951953614189E-15, 90.00000000000000000 ) ) ;
#1707 = VERTEX_POINT ( 'NONE', #2258 ) ;
#1708 = CARTESIAN_POINT ( 'NONE',  ( 226.9763019268898177, 1569.935778947686458, -89.00000000000000000 ) ) ;
#1709 = LINE ( 'NONE', #1282, #2459 ) ;
#1710 = EDGE_LOOP ( 'NONE', ( #2816, #1528, #1951, #1652 ) ) ;
#1711 = VERTEX_POINT ( 'NONE', #2284 ) ;
#1712 = CARTESIAN_POINT ( 'NONE',  ( 548.3009582614776036, 1813.868381124807229, 90.00000000000000000 ) ) ;
#1713 = AXIS2_PLACEMENT_3D ( 'NONE', #1824, #1849, #271 ) ;
#1714 = EDGE_CURVE ( 'NONE', #1475, #76, #305, .T. ) ;
#1715 = EDGE_CURVE ( 'NONE', #87, #1179, #2246, .T. ) ;
#1716 = EDGE_CURVE ( 'NONE', #88, #1360, #292, .T. ) ;
#1717 = DATE_TIME_ROLE ( 'creation_date' ) ;
#1718 = DIRECTION ( 'NONE',  ( 1.000000000000000000, 0.000000000000000000, 0.000000000000000000 ) ) ;
#1719 = CARTESIAN_POINT ( 'NONE',  ( -58.07689533117543590, 66.74440010644539711, -62.50000000000001421 ) ) ;
#1720 = CARTESIAN_POINT ( 'NONE',  ( -52.81544661460818446, 40.74562699664585352, 62.50000000000000000 ) ) ;
#1721 = LINE ( 'NONE', #116, #849 ) ;
#1722 = VECTOR ( 'NONE', #2195, 1000.000000000000114 ) ;
#1723 = EDGE_CURVE ( 'NONE', #218, #92, #1184, .T. ) ;
#1724 = APPLICATION_CONTEXT ( 'configuration controlled 3d designs of mechanical parts and assemblies' ) ;
#1725 = ORIENTED_EDGE ( 'NONE', *, *, #265, .F. ) ;
#1726 = EDGE_CURVE ( 'NONE', #2280, #2472, #884, .T. ) ;
#1727 = CARTESIAN_POINT ( 'NONE',  ( 59.96272178968664690, 680.3424031177195275, 7.500000000000000000 ) ) ;
#1728 = EDGE_LOOP ( 'NONE', ( #205, #239, #1457, #15 ) ) ;
#1729 = DIRECTION ( 'NONE',  ( 1.000000000000000000, 0.000000000000000000, 0.000000000000000000 ) ) ;
#1730 = VECTOR ( 'NONE', #2462, 1000.000000000000000 ) ;
#1731 = AXIS2_PLACEMENT_3D ( 'NONE', #692, #1327, #1126 ) ;
#1732 = VECTOR ( 'NONE', #2710, 1000.000000000000114 ) ;
#1733 = VERTEX_POINT ( 'NONE', #2701 ) ;
#1734 = DIRECTION ( 'NONE',  ( 1.000000000000000000, 0.000000000000000000, 0.000000000000000000 ) ) ;
#1735 = VECTOR ( 'NONE', #2107, 1000.000000000000000 ) ;
#1736 = CARTESIAN_POINT ( 'NONE',  ( 221.3100478204222270, 1595.388559879778086, 90.00000000000000000 ) ) ;
#1737 = CARTESIAN_POINT ( 'NONE',  ( -52.81544661460818446, 40.74562699664585352, -77.50000000000001421 ) ) ;
#1738 = EDGE_CURVE ( 'NONE', #2650, #2862, #725, .T. ) ;
#1739 = CARTESIAN_POINT ( 'NONE',  ( -42.35165629337825521, 42.50102597829322804, -89.00000000000000000 ) ) ;
#1740 = VERTEX_POINT ( 'NONE', #2474 ) ;
#1741 = LINE ( 'NONE', #2370, #2331 ) ;
#1742 = DIRECTION ( 'NONE',  ( -0.000000000000000000, 0.000000000000000000, 1.000000000000000000 ) ) ;
#1743 = ORIENTED_EDGE ( 'NONE', *, *, #169, .T. ) ;
#1744 = ORIENTED_EDGE ( 'NONE', *, *, #2102, .T. ) ;
#1745 = DIRECTION ( 'NONE',  ( 0.9838401286342943752, -0.1790491588610656215, 0.000000000000000000 ) ) ;
#1746 = EDGE_CURVE ( 'NONE', #1360, #1973, #1988, .T. ) ;
#1747 = DATE_AND_TIME ( #2788, #381 ) ;
#1748 = FACE_OUTER_BOUND ( 'NONE', #2780, .T. ) ;
#1749 = LINE ( 'NONE', #2634, #1730 ) ;
#1750 = EDGE_LOOP ( 'NONE', ( #1964, #788, #914, #2317 ) ) ;
#1751 = CARTESIAN_POINT ( 'NONE',  ( -683.7803627431533187, 669.0501813099344872, -90.00000000000000000 ) ) ;
#1752 = CARTESIAN_POINT ( 'NONE',  ( -38.07689533117545011, 66.74440010644539711, 62.50000000000000000 ) ) ;
#1753 = ORIENTED_EDGE ( 'NONE', *, *, #2740, .T. ) ;
#1754 = DIRECTION ( 'NONE',  ( -0.1736481776669271671, -0.9848077530122086864, -0.000000000000000000 ) ) ;
#1755 = ORIENTED_EDGE ( 'NONE', *, *, #1040, .F. ) ;
#1756 = FACE_OUTER_BOUND ( 'NONE', #2262, .T. ) ;
#1757 = EDGE_CURVE ( 'NONE', #1099, #1637, #1118, .T. ) ;
#1758 = CARTESIAN_POINT ( 'NONE',  ( 0.000000000000000000, 0.000000000000000000, 107.5000000000000000 ) ) ;
#1759 = ORIENTED_EDGE ( 'NONE', *, *, #2007, .T. ) ;
#1760 = CYLINDRICAL_SURFACE ( 'NONE', #2082, 25.00000000000002132 ) ;
#1761 = DIRECTION ( 'NONE',  ( -0.000000000000000000, -0.000000000000000000, -1.000000000000000000 ) ) ;
#1762 = VECTOR ( 'NONE', #2825, 1000.000000000000000 ) ;
#1763 = VERTEX_POINT ( 'NONE', #2515 ) ;
#1764 = VECTOR ( 'NONE', #22, 1000.000000000000000 ) ;
#1765 = CYLINDRICAL_SURFACE ( 'NONE', #1664, 19.99999999999998934 ) ;
#1766 = EDGE_CURVE ( 'NONE', #77, #1785, #1378, .T. ) ;
#1767 = AXIS2_PLACEMENT_3D ( 'NONE', #2191, #2445, #848 ) ;
#1768 = EDGE_LOOP ( 'NONE', ( #1168, #132, #182, #2051 ) ) ;
#1769 = CARTESIAN_POINT ( 'NONE',  ( 44.51864624957529770, 650.3424031177195275, 62.50000000000000000 ) ) ;
#1770 = VECTOR ( 'NONE', #486, 1000.000000000000000 ) ;
#1771 = ADVANCED_FACE ( 'NONE', ( #1404 ), #2729, .F. ) ;
#1772 = AXIS2_PLACEMENT_3D ( 'NONE', #2340, #167, #633 ) ;
#1773 = DIRECTION ( 'NONE',  ( -0.000000000000000000, 0.000000000000000000, 1.000000000000000000 ) ) ;
#1774 = EDGE_CURVE ( 'NONE', #45, #1987, #1154, .T. ) ;
#1775 = EDGE_CURVE ( 'NONE', #218, #1826, #2491, .T. ) ;
#1776 = EDGE_CURVE ( 'NONE', #2002, #927, #738, .T. ) ;
#1777 = DIRECTION ( 'NONE',  ( 1.000000000000000000, 0.000000000000000000, 0.000000000000000000 ) ) ;
#1778 = DIRECTION ( 'NONE',  ( 1.000000000000000000, 0.000000000000000000, 0.000000000000000000 ) ) ;
#1779 = CARTESIAN_POINT ( 'NONE',  ( 560.7517491875224778, 2047.345886437859008, 65.00000000000000000 ) ) ;
#1780 = ORIENTED_EDGE ( 'NONE', *, *, #1405, .F. ) ;
#1781 = ORIENTED_EDGE ( 'NONE', *, *, #567, .F. ) ;
#1782 = CARTESIAN_POINT ( 'NONE',  ( -38.07689533117545011, 66.74440010644539711, -77.50000000000001421 ) ) ;
#1783 = DIRECTION ( 'NONE',  ( -0.000000000000000000, -0.000000000000000000, -1.000000000000000000 ) ) ;
#1784 = ORIENTED_EDGE ( 'NONE', *, *, #2346, .T. ) ;
#1785 = VERTEX_POINT ( 'NONE', #1801 ) ;
#1786 = CARTESIAN_POINT ( 'NONE',  ( -57.77305039141960918, 70.21736365978394190, 77.50000000000000000 ) ) ;
#1787 = CARTESIAN_POINT ( 'NONE',  ( 710.0562237456707635, 1557.555052999287227, 65.00000000000000000 ) ) ;
#1788 = AXIS2_PLACEMENT_3D ( 'NONE', #1638, #74, #105 ) ;
#1789 = VECTOR ( 'NONE', #233, 1000.000000000000000 ) ;
#1790 = ORIENTED_EDGE ( 'NONE', *, *, #1044, .F. ) ;
#1791 = DIRECTION ( 'NONE',  ( -1.000000000000000000, 0.000000000000000000, 0.000000000000000000 ) ) ;
#1792 = DIRECTION ( 'NONE',  ( -0.9366590624179427227, 0.3502424885566290946, 0.000000000000000000 ) ) ;
#1793 = CIRCLE ( 'NONE', #540, 30.00000000000002842 ) ;
#1794 = ORIENTED_EDGE ( 'NONE', *, *, #902, .T. ) ;
#1795 = DIRECTION ( 'NONE',  ( -0.000000000000000000, -0.000000000000000000, -1.000000000000000000 ) ) ;
#1796 = CARTESIAN_POINT ( 'NONE',  ( 720.7991732773352851, 1616.585460717344858, -50.00000000000000000 ) ) ;
#1797 = ORIENTED_EDGE ( 'NONE', *, *, #2456, .T. ) ;
#1798 = CARTESIAN_POINT ( 'NONE',  ( -38.07689533117545011, 66.74440010644539711, 7.500000000000000000 ) ) ;
#1799 = ADVANCED_FACE ( 'NONE', ( #2504 ), #524, .T. ) ;
#1800 = ADVANCED_FACE ( 'NONE', ( #539, #959 ), #1856, .T. ) ;
#1801 = CARTESIAN_POINT ( 'NONE',  ( -58.07689533117543590, 66.74440010644539711, 62.50000000000000000 ) ) ;
#1802 = CARTESIAN_POINT ( 'NONE',  ( 720.7991732773352851, 1616.585460717344858, -132.5000000000000000 ) ) ;
#1803 = CARTESIAN_POINT ( 'NONE',  ( 341.3100478204221986, 1595.388559879777858, -89.00000000000000000 ) ) ;
#1804 = CARTESIAN_POINT ( 'NONE',  ( 742.9728526854286201, 1826.485171714987700, -65.00000000000000000 ) ) ;
#1805 = ADVANCED_FACE ( 'NONE', ( #251 ), #1583, .F. ) ;
#1806 = EDGE_CURVE ( 'NONE', #11, #1733, #819, .T. ) ;
#1807 = ORIENTED_EDGE ( 'NONE', *, *, #2624, .T. ) ;
#1808 = DIRECTION ( 'NONE',  ( -0.000000000000000000, -0.000000000000000000, 1.000000000000000000 ) ) ;
#1809 = CARTESIAN_POINT ( 'NONE',  ( 668.2413811590949990, 2028.571336244536951, -50.00000000000000000 ) ) ;
#1810 = EDGE_LOOP ( 'NONE', ( #2866, #1026, #94, #2512 ) ) ;
#1811 = CIRCLE ( 'NONE', #2547, 60.00000000000005684 ) ;
#1812 = ORIENTED_EDGE ( 'NONE', *, *, #2713, .T. ) ;
#1813 = LINE ( 'NONE', #1786, #2718 ) ;
#1814 = VECTOR ( 'NONE', #2690, 1000.000000000000000 ) ;
#1815 = VECTOR ( 'NONE', #1918, 1000.000000000000114 ) ;
#1816 = CARTESIAN_POINT ( 'NONE',  ( 742.9728526854286201, 1826.485171714987700, 65.00000000000000000 ) ) ;
#1817 = AXIS2_PLACEMENT_3D ( 'NONE', #1822, #2030, #278 ) ;
#1818 = DIRECTION ( 'NONE',  ( -0.3502424885566300938, -0.9366590624179422786, -0.000000000000000000 ) ) ;
#1819 = AXIS2_PLACEMENT_3D ( 'NONE', #1830, #1882, #304 ) ;
#1820 = DIRECTION ( 'NONE',  ( -0.000000000000000000, -0.000000000000000000, 1.000000000000000000 ) ) ;
#1821 = ORIENTED_EDGE ( 'NONE', *, *, #2490, .T. ) ;
#1822 = CARTESIAN_POINT ( 'NONE',  ( 281.3100478204222554, 1595.388559879777858, -89.00000000000000000 ) ) ;
#1823 = ORIENTED_EDGE ( 'NONE', *, *, #1198, .T. ) ;
#1824 = CARTESIAN_POINT ( 'NONE',  ( 281.3100478204222554, 1595.388559879777858, -89.00000000000000000 ) ) ;
#1825 = DIRECTION ( 'NONE',  ( 0.9366590624179427227, -0.3502424885566290946, 0.000000000000000000 ) ) ;
#1826 = VERTEX_POINT ( 'NONE', #1479 ) ;
#1827 = CC_DESIGN_PERSON_AND_ORGANIZATION_ASSIGNMENT ( #1061, #613, ( #2416 ) ) ;
#1828 = ORIENTED_EDGE ( 'NONE', *, *, #472, .T. ) ;
#1829 = LINE ( 'NONE', #735, #1467 ) ;
#1830 = CARTESIAN_POINT ( 'NONE',  ( 609.8376069490901727, 2011.284752328037030, 65.00000000000000000 ) ) ;
#1831 = EDGE_CURVE ( 'NONE', #1594, #1367, #2821, .T. ) ;
#1832 = CARTESIAN_POINT ( 'NONE',  ( 436.3758539114066366, 1813.868381124807001, 50.00000000000000000 ) ) ;
#1833 = CARTESIAN_POINT ( 'NONE',  ( -38.07689533117545011, 66.74440010644539711, 7.500000000000000000 ) ) ;
#1834 = EDGE_CURVE ( 'NONE', #2256, #323, #2411, .T. ) ;
#1835 = DIRECTION ( 'NONE',  ( -0.000000000000000000, -0.000000000000000000, 1.000000000000000000 ) ) ;
#1836 = EDGE_CURVE ( 'NONE', #114, #720, #2555, .T. ) ;
#1837 = ORIENTED_EDGE ( 'NONE', *, *, #1632, .F. ) ;
#1838 = DIRECTION ( 'NONE',  ( -1.000000000000000000, 0.000000000000000000, 0.000000000000000000 ) ) ;
#1839 = VECTOR ( 'NONE', #1226, 1000.000000000000000 ) ;
#1840 = CARTESIAN_POINT ( 'NONE',  ( -38.07689533117545011, 66.74440010644539711, -62.50000000000001421 ) ) ;
#1841 = VERTEX_POINT ( 'NONE', #100 ) ;
#1842 = DIRECTION ( 'NONE',  ( -0.9833782218989826074, -0.1815689199582223023, 0.000000000000000000 ) ) ;
#1843 = DIRECTION ( 'NONE',  ( -0.000000000000000000, -0.000000000000000000, -1.000000000000000000 ) ) ;
#1844 = ADVANCED_FACE ( 'NONE', ( #2086 ), #2583, .F. ) ;
#1845 = CARTESIAN_POINT ( 'NONE',  ( 52.63981195257953516, -19.68346805702280733, 90.00000000000000000 ) ) ;
#1846 = DIRECTION ( 'NONE',  ( 1.000000000000000000, 0.000000000000000000, 0.000000000000000000 ) ) ;
#1847 = CARTESIAN_POINT ( 'NONE',  ( -52.81544661460818446, 40.74562699664585352, -77.50000000000001421 ) ) ;
#1848 = ORIENTED_EDGE ( 'NONE', *, *, #2738, .F. ) ;
#1849 = DIRECTION ( 'NONE',  ( -0.000000000000000000, -0.000000000000000000, -1.000000000000000000 ) ) ;
#1850 = PLANE ( 'NONE',  #1538 ) ;
#1851 = VERTEX_POINT ( 'NONE', #831 ) ;
#1852 = CARTESIAN_POINT ( 'NONE',  ( 576.3203573460079951, 1888.801106118242387, 50.00000000000001421 ) ) ;
#1853 = CIRCLE ( 'NONE', #1201, 25.00000000000002132 ) ;
#1854 = CARTESIAN_POINT ( 'NONE',  ( -57.77305039141960918, 70.21736365978394190, -7.500000000000000000 ) ) ;
#1855 = AXIS2_PLACEMENT_3D ( 'NONE', #1845, #1363, #969 ) ;
#1856 = PLANE ( 'NONE',  #2085 ) ;
#1857 = CIRCLE ( 'NONE', #242, 19.99999999999998934 ) ;
#1858 = ORIENTED_EDGE ( 'NONE', *, *, #2663, .T. ) ;
#1859 = CARTESIAN_POINT ( 'NONE',  ( 64.21480130981946388, 646.8694395643809685, -77.50000000000001421 ) ) ;
#1860 = LINE ( 'NONE', #758, #2745 ) ;
#1861 = CIRCLE ( 'NONE', #893, 60.00000000000000000 ) ;
#1862 = ORIENTED_EDGE ( 'NONE', *, *, #1208, .T. ) ;
#1863 = FACE_OUTER_BOUND ( 'NONE', #2333, .T. ) ;
#1864 = DIRECTION ( 'NONE',  ( -0.000000000000000000, -0.000000000000000000, -1.000000000000000000 ) ) ;
#1865 = VERTEX_POINT ( 'NONE', #571 ) ;
#1866 = CARTESIAN_POINT ( 'NONE',  ( 44.51864624957529770, 650.3424031177195275, -62.50000000000001421 ) ) ;
#1867 = CYLINDRICAL_SURFACE ( 'NONE', #1687, 60.00000000000005684 ) ;
#1868 = PLANE ( 'NONE',  #1319 ) ;
#1869 = DIRECTION ( 'NONE',  ( 0.3468439120604485670, -0.9379228649876300006, 0.000000000000000000 ) ) ;
#1870 = EDGE_LOOP ( 'NONE', ( #1704, #874, #342, #1042 ) ) ;
#1871 = DIRECTION ( 'NONE',  ( -0.000000000000000000, -0.000000000000000000, -1.000000000000000000 ) ) ;
#1872 = CARTESIAN_POINT ( 'NONE',  ( 341.3100478204221986, 1595.388559879777858, -89.00000000000000000 ) ) ;
#1873 = ORIENTED_EDGE ( 'NONE', *, *, #2802, .F. ) ;
#1874 = ORIENTED_EDGE ( 'NONE', *, *, #1499, .F. ) ;
#1875 = DIRECTION ( 'NONE',  ( -0.000000000000000000, -0.000000000000000000, 1.000000000000000000 ) ) ;
#1876 = FACE_OUTER_BOUND ( 'NONE', #926, .T. ) ;
#1877 = VECTOR ( 'NONE', #20, 1000.000000000000000 ) ;
#1878 = ORIENTED_EDGE ( 'NONE', *, *, #434, .T. ) ;
#1879 = CIRCLE ( 'NONE', #1606, 30.00000000000002842 ) ;
#1880 = ORIENTED_EDGE ( 'NONE', *, *, #2187, .T. ) ;
#1881 = CARTESIAN_POINT ( 'NONE',  ( 646.7224446980110315, 1569.081173489734510, 50.00000000000000000 ) ) ;
#1882 = DIRECTION ( 'NONE',  ( -0.000000000000000000, -0.000000000000000000, -1.000000000000000000 ) ) ;
#1883 = CARTESIAN_POINT ( 'NONE',  ( 0.000000000000000000, 0.000000000000000000, -132.5000000000000000 ) ) ;
#1884 = CARTESIAN_POINT ( 'NONE',  ( 730.1038371756828838, 1820.621005976374590, -89.00000000000000000 ) ) ;
#1885 = ADVANCED_FACE ( 'NONE', ( #1466 ), #600, .T. ) ;
#1886 = EDGE_CURVE ( 'NONE', #1913, #936, #2537, .T. ) ;
#1887 = LINE ( 'NONE', #2166, #238 ) ;
#1888 = PLANE ( 'NONE',  #335 ) ;
#1889 = ORIENTED_EDGE ( 'NONE', *, *, #2165, .T. ) ;
#1890 = EDGE_CURVE ( 'NONE', #1865, #1497, #2349, .T. ) ;
#1891 = ADVANCED_FACE ( 'NONE', ( #1032 ), #346, .F. ) ;
#1892 = LINE ( 'NONE', #2781, #456 ) ;
#1893 = CARTESIAN_POINT ( 'NONE',  ( 251.3100478204221417, 1595.388559879777858, -107.5000000000000000 ) ) ;
#1894 = EDGE_CURVE ( 'NONE', #1532, #114, #2140, .T. ) ;
#1895 = ORIENTED_EDGE ( 'NONE', *, *, #1075, .F. ) ;
#1896 = ORIENTED_EDGE ( 'NONE', *, *, #2275, .T. ) ;
#1897 = CARTESIAN_POINT ( 'NONE',  ( 548.3009582614776036, 1813.868381124807229, 50.00000000000000000 ) ) ;
#1898 = DIRECTION ( 'NONE',  ( 1.000000000000000000, 0.000000000000000000, 0.000000000000000000 ) ) ;
#1899 = CARTESIAN_POINT ( 'NONE',  ( 0.000000000000000000, 0.000000000000000000, -90.00000000000000000 ) ) ;
#1900 = CARTESIAN_POINT ( 'NONE',  ( 59.96272178968664690, 680.3424031177195275, 7.500000000000000000 ) ) ;
#1901 = ORIENTED_EDGE ( 'NONE', *, *, #2404, .T. ) ;
#1902 = VECTOR ( 'NONE', #253, 1000.000000000000000 ) ;
#1903 = EDGE_LOOP ( 'NONE', ( #993, #2398, #2125, #623 ) ) ;
#1904 = PLANE ( 'NONE',  #1025 ) ;
#1905 = CARTESIAN_POINT ( 'NONE',  ( 560.7517491875224778, 2047.345886437859008, 50.00000000000000000 ) ) ;
#1906 = AXIS2_PLACEMENT_3D ( 'NONE', #887, #2861, #1348 ) ;
#1907 = EDGE_LOOP ( 'NONE', ( #2702, #2243, #2440, #1991, #577, #154, #1090 ) ) ;
#1908 = VECTOR ( 'NONE', #469, 1000.000000000000000 ) ;
#1909 = ORIENTED_EDGE ( 'NONE', *, *, #1926, .T. ) ;
#1910 = CARTESIAN_POINT ( 'NONE',  ( 491.1198634823963403, 1869.817665301333363, 90.00000000000000000 ) ) ;
#1911 = FACE_OUTER_BOUND ( 'NONE', #1106, .T. ) ;
#1912 = AXIS2_PLACEMENT_3D ( 'NONE', #2720, #2274, #716 ) ;
#1913 = VERTEX_POINT ( 'NONE', #1719 ) ;
#1914 = PLANE ( 'NONE',  #307 ) ;
#1915 = APPROVAL_PERSON_ORGANIZATION ( #2803, #1560, #1945 ) ;
#1916 = ORIENTED_EDGE ( 'NONE', *, *, #2345, .T. ) ;
#1917 = DIRECTION ( 'NONE',  ( 0.000000000000000000, 0.000000000000000000, -1.000000000000000000 ) ) ;
#1918 = DIRECTION ( 'NONE',  ( -0.1736481776669271115, -0.9848077530122086864, -0.000000000000000000 ) ) ;
#1919 = DIRECTION ( 'NONE',  ( 1.000000000000000000, 0.000000000000000000, 0.000000000000000000 ) ) ;
#1920 = DIRECTION ( 'NONE',  ( -0.000000000000000000, -0.000000000000000000, -1.000000000000000000 ) ) ;
#1921 = VERTEX_POINT ( 'NONE', #1692 ) ;
#1922 = ORIENTED_EDGE ( 'NONE', *, *, #1650, .F. ) ;
#1923 = DIRECTION ( 'NONE',  ( -0.000000000000000000, -0.000000000000000000, 1.000000000000000000 ) ) ;
#1924 = CARTESIAN_POINT ( 'NONE',  ( 639.8376069490901727, 2011.284752328037030, 49.99999999999998579 ) ) ;
#1925 = EDGE_CURVE ( 'NONE', #323, #297, #1419, .T. ) ;
#1926 = EDGE_CURVE ( 'NONE', #1356, #2811, #2360, .T. ) ;
#1927 = ORIENTED_EDGE ( 'NONE', *, *, #2661, .T. ) ;
#1928 = VERTEX_POINT ( 'NONE', #361 ) ;
#1929 = CARTESIAN_POINT ( 'NONE',  ( 695.7991732773352851, 1616.585460717344858, 65.00000000000000000 ) ) ;
#1930 = VECTOR ( 'NONE', #2579, 1000.000000000000000 ) ;
#1931 = CALENDAR_DATE ( 2026, 25, 8 ) ;
#1932 = CARTESIAN_POINT ( 'NONE',  ( -57.60599891314230092, 62.42999246636210842, 77.50000000000000000 ) ) ;
#1933 = DIRECTION ( 'NONE',  ( 1.000000000000000000, 0.000000000000000000, 0.000000000000000000 ) ) ;
#1934 = VECTOR ( 'NONE', #520, 1000.000000000000114 ) ;
#1935 = ADVANCED_FACE ( 'NONE', ( #2805 ), #1242, .F. ) ;
#1936 = EDGE_CURVE ( 'NONE', #1987, #751, #145, .T. ) ;
#1937 = DIRECTION ( 'NONE',  ( 0.1790491588610656215, 0.9838401286342943752, -0.000000000000000000 ) ) ;
#1938 = DIRECTION ( 'NONE',  ( -0.000000000000000000, -0.000000000000000000, 1.000000000000000000 ) ) ;
#1939 = EDGE_LOOP ( 'NONE', ( #894, #2725, #994, #1640 ) ) ;
#1940 = EDGE_LOOP ( 'NONE', ( #1295, #1193, #2768, #1456 ) ) ;
#1941 = DIRECTION ( 'NONE',  ( 1.000000000000000000, 0.000000000000000000, 0.000000000000000000 ) ) ;
#1942 = DIRECTION ( 'NONE',  ( -0.000000000000000000, 0.000000000000000000, -1.000000000000000000 ) ) ;
#1943 = ORIENTED_EDGE ( 'NONE', *, *, #999, .T. ) ;
#1944 = CARTESIAN_POINT ( 'NONE',  ( 43.38811575907258344, 250.8447041954916017, -90.00000000000000000 ) ) ;
#1945 = APPROVAL_ROLE ( '' ) ;
#1946 = CYLINDRICAL_SURFACE ( 'NONE', #2288, 60.00000000000005684 ) ;
#1947 = LINE ( 'NONE', #2442, #1908 ) ;
#1948 = CARTESIAN_POINT ( 'NONE',  ( -52.81544661460818446, 40.74562699664585352, 7.500000000000000000 ) ) ;
#1949 = CIRCLE ( 'NONE', #696, 25.00000000000002132 ) ;
#1950 = EDGE_CURVE ( 'NONE', #1619, #562, #374, .T. ) ;
#1951 = ORIENTED_EDGE ( 'NONE', *, *, #1776, .F. ) ;
#1952 = CARTESIAN_POINT ( 'NONE',  ( 64.21480130981946388, 646.8694395643809685, -62.50000000000001421 ) ) ;
#1953 = DIRECTION ( 'NONE',  ( -0.000000000000000000, -0.000000000000000000, -1.000000000000000000 ) ) ;
#1954 = VECTOR ( 'NONE', #1370, 1000.000000000000000 ) ;
#1955 = ORIENTED_EDGE ( 'NONE', *, *, #2838, .T. ) ;
#1956 = DIRECTION ( 'NONE',  ( 1.000000000000000000, 0.000000000000000000, 0.000000000000000000 ) ) ;
#1957 = VECTOR ( 'NONE', #1975, 1000.000000000000227 ) ;
#1958 = PRODUCT_DEFINITION_FORMATION_WITH_SPECIFIED_SOURCE ( '�', '', #429, .NOT_KNOWN. ) ;
#1959 = FACE_BOUND ( 'NONE', #1728, .T. ) ;
#1960 = DIRECTION ( 'NONE',  ( 0.2157203820041648790, -0.9764551790983430068, -0.000000000000000000 ) ) ;
#1961 = ORIENTED_EDGE ( 'NONE', *, *, #459, .F. ) ;
#1962 = CARTESIAN_POINT ( 'NONE',  ( 25.00000000000000000, 0.000000000000000000, -132.5000000000000000 ) ) ;
#1963 = CARTESIAN_POINT ( 'NONE',  ( 690.3330407328470528, 1846.168639772010920, -90.00000000000000000 ) ) ;
#1964 = ORIENTED_EDGE ( 'NONE', *, *, #771, .T. ) ;
#1965 = PRODUCT_DEFINITION_SHAPE ( 'NONE', 'NONE',  #1217 ) ;
#1966 = ORIENTED_EDGE ( 'NONE', *, *, #343, .F. ) ;
#1967 = DIRECTION ( 'NONE',  ( -1.000000000000000000, 0.000000000000000000, 0.000000000000000000 ) ) ;
#1968 = VERTEX_POINT ( 'NONE', #551 ) ;
#1969 = CARTESIAN_POINT ( 'NONE',  ( 742.9728526854286201, 1826.485171714987700, 65.00000000000000000 ) ) ;
#1970 = ORIENTED_EDGE ( 'NONE', *, *, #2103, .F. ) ;
#1971 = AXIS2_PLACEMENT_3D ( 'NONE', #2025, #2698, #52 ) ;
#1972 = DIRECTION ( 'NONE',  ( -0.000000000000000000, -0.000000000000000000, 1.000000000000000000 ) ) ;
#1973 = VERTEX_POINT ( 'NONE', #2315 ) ;
#1974 = CARTESIAN_POINT ( 'NONE',  ( 720.7991732773352851, 1616.585460717344858, -65.00000000000000000 ) ) ;
#1975 = DIRECTION ( 'NONE',  ( -0.4701601434347756348, -0.8825811234812305228, 0.000000000000000000 ) ) ;
#1976 = EDGE_LOOP ( 'NONE', ( #683, #1172, #1837, #255 ) ) ;
#1977 = EDGE_CURVE ( 'NONE', #1097, #1379, #112, .T. ) ;
#1978 = VERTEX_POINT ( 'NONE', #392 ) ;
#1979 = DIRECTION ( 'NONE',  ( -1.000000000000000000, 0.000000000000000000, 0.000000000000000000 ) ) ;
#1980 = ORIENTED_EDGE ( 'NONE', *, *, #2275, .F. ) ;
#1981 = DIRECTION ( 'NONE',  ( -1.000000000000000000, 0.000000000000000000, 0.000000000000000000 ) ) ;
#1982 = LINE ( 'NONE', #237, #743 ) ;
#1983 = ORIENTED_EDGE ( 'NONE', *, *, #744, .F. ) ;
#1984 = DIRECTION ( 'NONE',  ( 1.000000000000000000, 0.000000000000000000, 0.000000000000000000 ) ) ;
#1985 = DIRECTION ( 'NONE',  ( -1.000000000000000000, 0.000000000000000000, 0.000000000000000000 ) ) ;
#1986 = VERTEX_POINT ( 'NONE', #2669 ) ;
#1987 = VERTEX_POINT ( 'NONE', #1737 ) ;
#1988 = CIRCLE ( 'NONE', #2362, 60.00000000000000000 ) ;
#1989 = LINE ( 'NONE', #646, #172 ) ;
#1990 = LINE ( 'NONE', #1063, #2182 ) ;
#1991 = ORIENTED_EDGE ( 'NONE', *, *, #2364, .T. ) ;
#1992 = VECTOR ( 'NONE', #1264, 1000.000000000000000 ) ;
#1993 = VERTEX_POINT ( 'NONE', #1139 ) ;
#1994 = LINE ( 'NONE', #8, #1514 ) ;
#1995 = VECTOR ( 'NONE', #2540, 1000.000000000000114 ) ;
#1996 = CC_DESIGN_APPROVAL ( #709, ( #1217 ) ) ;
#1997 = FACE_BOUND ( 'NONE', #717, .T. ) ;
#1998 = VERTEX_POINT ( 'NONE', #1809 ) ;
#1999 = DIRECTION ( 'NONE',  ( 0.000000000000000000, 0.000000000000000000, 1.000000000000000000 ) ) ;
#2000 = FACE_OUTER_BOUND ( 'NONE', #1180, .T. ) ;
#2001 = ORIENTED_EDGE ( 'NONE', *, *, #1238, .T. ) ;
#2002 = VERTEX_POINT ( 'NONE', #2684 ) ;
#2003 = FACE_OUTER_BOUND ( 'NONE', #86, .T. ) ;
#2004 = EDGE_CURVE ( 'NONE', #1921, #1486, #1328, .T. ) ;
#2005 = EDGE_CURVE ( 'NONE', #2267, #127, #2138, .T. ) ;
#2006 = PLANE ( 'NONE',  #2879 ) ;
#2007 = EDGE_CURVE ( 'NONE', #77, #218, #2652, .T. ) ;
#2008 = VERTEX_POINT ( 'NONE', #2163 ) ;
#2009 = DIRECTION ( 'NONE',  ( 0.9366590624179427227, -0.3502424885566290946, 0.000000000000000000 ) ) ;
#2010 = EDGE_CURVE ( 'NONE', #909, #1707, #178, .T. ) ;
#2011 = EDGE_CURVE ( 'NONE', #1427, #2777, #1990, .T. ) ;
#2012 = DIRECTION ( 'NONE',  ( 1.000000000000000000, 0.000000000000000000, 0.000000000000000000 ) ) ;
#2013 = CIRCLE ( 'NONE', #2202, 30.00000000000008171 ) ;
#2014 = VECTOR ( 'NONE', #2126, 1000.000000000000000 ) ;
#2015 = CARTESIAN_POINT ( 'NONE',  ( 548.3009582614776036, 1813.868381124807229, -89.00000000000000000 ) ) ;
#2016 = DIRECTION ( 'NONE',  ( -1.000000000000000000, 0.000000000000000000, 0.000000000000000000 ) ) ;
#2017 = CARTESIAN_POINT ( 'NONE',  ( 52.63981195257953516, -19.68346805702280733, -90.00000000000000000 ) ) ;
#2018 = EDGE_LOOP ( 'NONE', ( #476, #556, #1157, #1571 ) ) ;
#2019 = EDGE_LOOP ( 'NONE', ( #1373, #2457, #1176, #1122, #787, #949, #2050, #1943 ) ) ;
#2020 = CARTESIAN_POINT ( 'NONE',  ( 59.96272178968664690, 680.3424031177195275, -77.50000000000001421 ) ) ;
#2021 = DIRECTION ( 'NONE',  ( -0.000000000000000000, 0.000000000000000000, 1.000000000000000000 ) ) ;
#2022 = EDGE_LOOP ( 'NONE', ( #2386, #2659 ) ) ;
#2023 = ADVANCED_FACE ( 'NONE', ( #1340, #2255 ), #1359, .F. ) ;
#2024 = EDGE_LOOP ( 'NONE', ( #231, #548, #1544, #1654, #2708, #108, #853, #2756 ) ) ;
#2025 = CARTESIAN_POINT ( 'NONE',  ( 548.3009582614776036, 1813.868381124807229, 89.00000000000000000 ) ) ;
#2026 = CARTESIAN_POINT ( 'NONE',  ( 548.3009582614776036, 1813.868381124807229, -89.00000000000000000 ) ) ;
#2027 = ORIENTED_EDGE ( 'NONE', *, *, #10, .T. ) ;
#2028 = CARTESIAN_POINT ( 'NONE',  ( 668.2413811590949990, 2028.571336244536951, 65.00000000000000000 ) ) ;
#2029 = CARTESIAN_POINT ( 'NONE',  ( 695.7991732773352851, 1616.585460717344858, -50.00000000000000000 ) ) ;
#2030 = DIRECTION ( 'NONE',  ( -0.000000000000000000, -0.000000000000000000, 1.000000000000000000 ) ) ;
#2031 = CC_DESIGN_PERSON_AND_ORGANIZATION_ASSIGNMENT ( #390, #189, ( #1958 ) ) ;
#2032 = VERTEX_POINT ( 'NONE', #272 ) ;
#2033 = FACE_OUTER_BOUND ( 'NONE', #1437, .T. ) ;
#2034 = DIRECTION ( 'NONE',  ( 0.000000000000000000, 0.000000000000000000, -1.000000000000000000 ) ) ;
#2035 = EDGE_CURVE ( 'NONE', #1707, #11, #1947, .T. ) ;
#2036 = VECTOR ( 'NONE', #937, 1000.000000000000000 ) ;
#2037 = ORIENTED_EDGE ( 'NONE', *, *, #2517, .T. ) ;
#2038 = FACE_OUTER_BOUND ( 'NONE', #2108, .T. ) ;
#2039 = AXIS2_PLACEMENT_3D ( 'NONE', #574, #1006, #1919 ) ;
#2040 = VECTOR ( 'NONE', #2264, 1000.000000000000000 ) ;
#2041 = CARTESIAN_POINT ( 'NONE',  ( -57.77305039141960918, 70.21736365978394190, 7.500000000000000000 ) ) ;
#2042 = VECTOR ( 'NONE', #1395, 1000.000000000000114 ) ;
#2043 = APPROVAL_PERSON_ORGANIZATION ( #855, #709, #1690 ) ;
#2044 = CARTESIAN_POINT ( 'NONE',  ( 44.51864624957529770, 650.3424031177195275, 77.50000000000000000 ) ) ;
#2045 = VERTEX_POINT ( 'NONE', #693 ) ;
#2046 = CARTESIAN_POINT ( 'NONE',  ( 491.1198634823963403, 1869.817665301333363, 50.00000000000001421 ) ) ;
#2047 = EDGE_LOOP ( 'NONE', ( #705, #400, #1567, #2764 ) ) ;
#2048 = CARTESIAN_POINT ( 'NONE',  ( 281.3100478204222554, 1595.388559879777858, -132.5000000000000000 ) ) ;
#2049 = DIRECTION ( 'NONE',  ( -0.000000000000000000, -0.000000000000000000, 1.000000000000000000 ) ) ;
#2050 = ORIENTED_EDGE ( 'NONE', *, *, #2192, .T. ) ;
#2051 = ORIENTED_EDGE ( 'NONE', *, *, #679, .T. ) ;
#2052 = EDGE_CURVE ( 'NONE', #1921, #1254, #2615, .T. ) ;
#2053 = DIRECTION ( 'NONE',  ( -1.000000000000000000, 0.000000000000000000, 0.000000000000000000 ) ) ;
#2054 = FACE_OUTER_BOUND ( 'NONE', #1018, .T. ) ;
#2055 = CARTESIAN_POINT ( 'NONE',  ( -38.07689533117545011, 66.74440010644539711, -62.50000000000001421 ) ) ;
#2056 = CARTESIAN_POINT ( 'NONE',  ( 570.1744409589366569, 1880.422989400006145, 89.00000000000000000 ) ) ;
#2057 = CARTESIAN_POINT ( 'NONE',  ( 221.3100478204222270, 1595.388559879777858, 107.5000000000000000 ) ) ;
#2058 = VECTOR ( 'NONE', #2582, 1000.000000000000000 ) ;
#2059 = EDGE_CURVE ( 'NONE', #909, #662, #911, .T. ) ;
#2060 = VERTEX_POINT ( 'NONE', #2 ) ;
#2061 = CYLINDRICAL_SURFACE ( 'NONE', #536, 19.99999999999998934 ) ;
#2062 = AXIS2_PLACEMENT_3D ( 'NONE', #78, #967, #1298 ) ;
#2063 = DIRECTION ( 'NONE',  ( -1.000000000000000000, 0.000000000000000000, 0.000000000000000000 ) ) ;
#2064 = ORIENTED_EDGE ( 'NONE', *, *, #473, .F. ) ;
#2065 = EDGE_CURVE ( 'NONE', #107, #760, #2225, .T. ) ;
#2066 = ORIENTED_EDGE ( 'NONE', *, *, #1052, .T. ) ;
#2067 = PLANE ( 'NONE',  #2062 ) ;
#2068 = EDGE_CURVE ( 'NONE', #2396, #2293, #258, .T. ) ;
#2069 = LINE ( 'NONE', #1450, #2461 ) ;
#2070 = EDGE_CURVE ( 'NONE', #1998, #662, #845, .T. ) ;
#2071 = CARTESIAN_POINT ( 'NONE',  ( -57.60599891314230092, 62.42999246636210842, 77.50000000000000000 ) ) ;
#2072 = ADVANCED_FACE ( 'NONE', ( #2833, #1512 ), #2006, .T. ) ;
#2073 = CARTESIAN_POINT ( 'NONE',  ( 64.21480130981946388, 646.8694395643809685, 7.500000000000000000 ) ) ;
#2074 = DIRECTION ( 'NONE',  ( -0.000000000000000000, -0.000000000000000000, -1.000000000000000000 ) ) ;
#2075 = ORIENTED_EDGE ( 'NONE', *, *, #604, .F. ) ;
#2076 = ORIENTED_EDGE ( 'NONE', *, *, #1586, .F. ) ;
#2077 = LINE ( 'NONE', #2769, #2849 ) ;
#2078 = DIRECTION ( 'NONE',  ( 1.000000000000000000, 0.000000000000000000, 0.000000000000000000 ) ) ;
#2079 = ORIENTED_EDGE ( 'NONE', *, *, #779, .T. ) ;
#2080 = ORIENTED_EDGE ( 'NONE', *, *, #1738, .T. ) ;
#2081 = DIRECTION ( 'NONE',  ( -0.000000000000000000, -0.000000000000000000, -1.000000000000000000 ) ) ;
#2082 = AXIS2_PLACEMENT_3D ( 'NONE', #1557, #891, #1085 ) ;
#2083 = DIRECTION ( 'NONE',  ( -0.000000000000000000, 0.000000000000000000, 1.000000000000000000 ) ) ;
#2084 = CARTESIAN_POINT ( 'NONE',  ( -52.81544661460821999, 40.74562699664600984, -62.50000000000002842 ) ) ;
#2085 = AXIS2_PLACEMENT_3D ( 'NONE', #2746, #2234, #916 ) ;
#2086 = FACE_OUTER_BOUND ( 'NONE', #1616, .T. ) ;
#2087 = VECTOR ( 'NONE', #2210, 1000.000000000000000 ) ;
#2088 = DIRECTION ( 'NONE',  ( 0.1736481776669272781, 0.9848077530122085754, 0.000000000000000000 ) ) ;
#2089 = CARTESIAN_POINT ( 'NONE',  ( -38.07689533117545011, 66.74440010644539711, 77.50000000000000000 ) ) ;
#2090 = AXIS2_PLACEMENT_3D ( 'NONE', #1752, #2437, #1985 ) ;
#2091 = CIRCLE ( 'NONE', #200, 79.99999999999984368 ) ;
#2092 = ORIENTED_EDGE ( 'NONE', *, *, #2131, .F. ) ;
#2093 = CARTESIAN_POINT ( 'NONE',  ( -58.07689533117543590, 66.74440010644539711, 7.500000000000000000 ) ) ;
#2094 = EDGE_LOOP ( 'NONE', ( #746, #131, #796, #1556 ) ) ;
#2095 = LINE ( 'NONE', #2278, #1732 ) ;
#2096 = ADVANCED_FACE ( 'NONE', ( #707 ), #48, .F. ) ;
#2097 = VERTEX_POINT ( 'NONE', #1496 ) ;
#2098 = EDGE_CURVE ( 'NONE', #982, #956, #404, .T. ) ;
#2099 = CYLINDRICAL_SURFACE ( 'NONE', #217, 25.00000000000000000 ) ;
#2100 = CARTESIAN_POINT ( 'NONE',  ( -58.07689533117543590, 66.74440010644539711, 77.50000000000000000 ) ) ;
#2101 = CARTESIAN_POINT ( 'NONE',  ( 690.3330407328470528, 1846.168639772010920, 90.00000000000000000 ) ) ;
#2102 = EDGE_CURVE ( 'NONE', #641, #2304, #2270, .T. ) ;
#2103 = EDGE_CURVE ( 'NONE', #232, #1280, #545, .T. ) ;
#2104 = ADVANCED_FACE ( 'NONE', ( #1639, #1400 ), #778, .F. ) ;
#2105 = VERTEX_POINT ( 'NONE', #978 ) ;
#2106 = DIRECTION ( 'NONE',  ( -0.7147636847385179237, 0.6993660522065798801, 0.000000000000000000 ) ) ;
#2107 = DIRECTION ( 'NONE',  ( -0.000000000000000000, -0.000000000000000000, -1.000000000000000000 ) ) ;
#2108 = EDGE_LOOP ( 'NONE', ( #2742, #2783, #791, #2250, #2840, #139, #546 ) ) ;
#2109 = LINE ( 'NONE', #811, #2786 ) ;
#2110 = CARTESIAN_POINT ( 'NONE',  ( 56.68161887354653317, 19.67724782265078787, -89.00000000000000000 ) ) ;
#2111 = CIRCLE ( 'NONE', #1971, 70.05687066934417828 ) ;
#2112 = ORIENTED_EDGE ( 'NONE', *, *, #1405, .T. ) ;
#2113 = ORIENTED_EDGE ( 'NONE', *, *, #566, .T. ) ;
#2114 = DIRECTION ( 'NONE',  ( 1.000000000000000000, 0.000000000000000000, 0.000000000000000000 ) ) ;
#2115 = CARTESIAN_POINT ( 'NONE',  ( 281.3100478204222554, 1595.388559879777858, -107.5000000000000000 ) ) ;
#2116 = CARTESIAN_POINT ( 'NONE',  ( 64.21480130981946388, 646.8694395643809685, 62.50000000000000000 ) ) ;
#2117 = CARTESIAN_POINT ( 'NONE',  ( 710.0562237456707635, 1557.555052999287227, 65.00000000000000000 ) ) ;
#2118 = EDGE_LOOP ( 'NONE', ( #128, #1239, #2667, #1140 ) ) ;
#2119 = DIRECTION ( 'NONE',  ( 1.000000000000000000, 0.000000000000000000, 0.000000000000000000 ) ) ;
#2120 = ORIENTED_EDGE ( 'NONE', *, *, #434, .F. ) ;
#2121 = ORIENTED_EDGE ( 'NONE', *, *, #652, .T. ) ;
#2122 = LINE ( 'NONE', #1727, #2497 ) ;
#2123 = PLANE ( 'NONE',  #1121 ) ;
#2124 = UNCERTAINTY_MEASURE_WITH_UNIT (LENGTH_MEASURE( 1.000000000000000082E-05 ), #110, 'distance_accuracy_value', 'NONE');
#2125 = ORIENTED_EDGE ( 'NONE', *, *, #2052, .T. ) ;
#2126 = DIRECTION ( 'NONE',  ( -0.000000000000000000, -0.000000000000000000, -1.000000000000000000 ) ) ;
#2127 = APPLICATION_PROTOCOL_DEFINITION ( 'international standard', 'config_control_design', 1994, #1072 ) ;
#2128 = LINE ( 'NONE', #2595, #2058 ) ;
#2129 = DIRECTION ( 'NONE',  ( -0.3502424885566290946, -0.9366590624179427227, 0.000000000000000000 ) ) ;
#2130 = VECTOR ( 'NONE', #448, 1000.000000000000114 ) ;
#2131 = EDGE_CURVE ( 'NONE', #1711, #2008, #2095, .T. ) ;
#2132 = CIRCLE ( 'NONE', #1677, 60.00000000000000711 ) ;
#2133 = EDGE_CURVE ( 'NONE', #127, #2008, #558, .T. ) ;
#2134 = ORIENTED_EDGE ( 'NONE', *, *, #481, .T. ) ;
#2135 = CARTESIAN_POINT ( 'NONE',  ( 695.7991732773352851, 1616.585460717344858, 49.99999999999998579 ) ) ;
#2136 = EDGE_CURVE ( 'NONE', #1913, #759, #1857, .T. ) ;
#2137 = LINE ( 'NONE', #1266, #2606 ) ;
#2138 = CIRCLE ( 'NONE', #747, 60.00000000000000711 ) ;
#2139 = ORIENTED_EDGE ( 'NONE', *, *, #1636, .T. ) ;
#2140 = CIRCLE ( 'NONE', #2455, 19.99999999999998934 ) ;
#2141 = CARTESIAN_POINT ( 'NONE',  ( 720.7991732773352851, 1616.585460717344858, -65.00000000000000000 ) ) ;
#2142 = DIRECTION ( 'NONE',  ( -0.4701601434347756348, -0.8825811234812305228, 0.000000000000000000 ) ) ;
#2143 = AXIS2_PLACEMENT_3D ( 'NONE', #852, #384, #2142 ) ;
#2144 = ORIENTED_EDGE ( 'NONE', *, *, #1468, .F. ) ;
#2145 = ORIENTED_EDGE ( 'NONE', *, *, #2517, .F. ) ;
#2146 = EDGE_CURVE ( 'NONE', #875, #1427, #2318, .T. ) ;
#2147 = DIRECTION ( 'NONE',  ( -0.000000000000000000, -0.000000000000000000, 1.000000000000000000 ) ) ;
#2148 = VECTOR ( 'NONE', #2728, 1000.000000000000114 ) ;
#2149 = ADVANCED_FACE ( 'NONE', ( #1876 ), #719, .T. ) ;
#2150 = DIRECTION ( 'NONE',  ( 0.000000000000000000, 0.000000000000000000, 1.000000000000000000 ) ) ;
#2151 = CARTESIAN_POINT ( 'NONE',  ( -42.35165629337825521, 42.50102597829322804, -89.00000000000000000 ) ) ;
#2152 = CARTESIAN_POINT ( 'NONE',  ( 742.9728526854286201, 1826.485171714987700, -65.00000000000000000 ) ) ;
#2153 = DIRECTION ( 'NONE',  ( 0.000000000000000000, 0.000000000000000000, 1.000000000000000000 ) ) ;
#2154 = ORIENTED_EDGE ( 'NONE', *, *, #1284, .F. ) ;
#2155 = LINE ( 'NONE', #152, #1762 ) ;
#2156 = FACE_OUTER_BOUND ( 'NONE', #39, .T. ) ;
#2157 = ORIENTED_EDGE ( 'NONE', *, *, #497, .F. ) ;
#2158 = CARTESIAN_POINT ( 'NONE',  ( -42.35165629337825521, 42.50102597829322804, -89.00000000000000000 ) ) ;
#2159 = VECTOR ( 'NONE', #2804, 1000.000000000000000 ) ;
#2160 = AXIS2_PLACEMENT_3D ( 'NONE', #1256, #401, #1734 ) ;
#2161 = APPROVAL_ROLE ( '' ) ;
#2162 = LINE ( 'NONE', #1241, #820 ) ;
#2163 = CARTESIAN_POINT ( 'NONE',  ( -56.38155724715463890, 20.52120859953978638, -132.5000000000000000 ) ) ;
#2164 = VECTOR ( 'NONE', #895, 1000.000000000000114 ) ;
#2165 = EDGE_CURVE ( 'NONE', #2605, #1968, #120, .T. ) ;
#2166 = CARTESIAN_POINT ( 'NONE',  ( -52.81544661460818446, 40.74562699664585352, 77.50000000000000000 ) ) ;
#2167 = ORIENTED_EDGE ( 'NONE', *, *, #1977, .T. ) ;
#2168 = DIRECTION ( 'NONE',  ( -0.9848077530122086864, 0.1736481776669271671, 0.000000000000000000 ) ) ;
#2169 = DIRECTION ( 'NONE',  ( 1.000000000000000000, 0.000000000000000000, 0.000000000000000000 ) ) ;
#2170 = ORIENTED_EDGE ( 'NONE', *, *, #1376, .F. ) ;
#2171 = CARTESIAN_POINT ( 'NONE',  ( 720.7991732773352851, 1616.585460717344858, -132.5000000000000000 ) ) ;
#2172 = APPROVAL_STATUS ( 'not_yet_approved' ) ;
#2173 = PLANE ( 'NONE',  #1000 ) ;
#2174 = ORIENTED_EDGE ( 'NONE', *, *, #2216, .F. ) ;
#2175 = FACE_OUTER_BOUND ( 'NONE', #1939, .T. ) ;
#2176 = CIRCLE ( 'NONE', #1024, 25.00000000000000000 ) ;
#2177 = ORIENTED_EDGE ( 'NONE', *, *, #294, .T. ) ;
#2178 = LINE ( 'NONE', #658, #1533 ) ;
#2179 = FACE_OUTER_BOUND ( 'NONE', #1109, .T. ) ;
#2180 = CIRCLE ( 'NONE', #2314, 25.00000000000000711 ) ;
#2181 = EDGE_LOOP ( 'NONE', ( #2635, #407 ) ) ;
#2182 = VECTOR ( 'NONE', #452, 1000.000000000000000 ) ;
#2183 = EDGE_LOOP ( 'NONE', ( #58, #1248 ) ) ;
#2184 = DIRECTION ( 'NONE',  ( -1.000000000000000000, 0.000000000000000000, 0.000000000000000000 ) ) ;
#2185 = CIRCLE ( 'NONE', #1210, 60.00000000000005684 ) ;
#2186 = ADVANCED_FACE ( 'NONE', ( #1424, #2543 ), #325, .F. ) ;
#2187 = EDGE_CURVE ( 'NONE', #1865, #2670, #2324, .T. ) ;
#2188 = ORIENTED_EDGE ( 'NONE', *, *, #1316, .T. ) ;
#2189 = ORGANIZATION ( '未', '未', '' ) ;
#2190 = CARTESIAN_POINT ( 'NONE',  ( 56.68161887354653317, 19.67724782265079142, -89.00000000000000000 ) ) ;
#2191 = CARTESIAN_POINT ( 'NONE',  ( 68.38811575907259055, 250.8447041954916017, -132.5000000000000000 ) ) ;
#2192 = EDGE_CURVE ( 'NONE', #232, #1356, #1224, .T. ) ;
#2193 = EDGE_CURVE ( 'NONE', #1699, #2563, #1607, .T. ) ;
#2194 = ORIENTED_EDGE ( 'NONE', *, *, #1187, .T. ) ;
#2195 = DIRECTION ( 'NONE',  ( -0.1736481776669271115, -0.9848077530122086864, -0.000000000000000000 ) ) ;
#2196 = CARTESIAN_POINT ( 'NONE',  ( 646.7224446980110315, 1569.081173489734510, -50.00000000000001421 ) ) ;
#2197 = ORIENTED_EDGE ( 'NONE', *, *, #2831, .T. ) ;
#2198 = ORIENTED_EDGE ( 'NONE', *, *, #1596, .F. ) ;
#2199 = CARTESIAN_POINT ( 'NONE',  ( 46.74134872827989540, 656.5997250114111239, -7.500000000000000000 ) ) ;
#2200 = ORIENTED_EDGE ( 'NONE', *, *, #2374, .F. ) ;
#2201 = DIRECTION ( 'NONE',  ( -0.1790491588610656215, -0.9838401286342943752, 0.000000000000000000 ) ) ;
#2202 = AXIS2_PLACEMENT_3D ( 'NONE', #2115, #538, #1691 ) ;
#2203 = CIRCLE ( 'NONE', #957, 60.00000000000005684 ) ;
#2204 = LINE ( 'NONE', #1102, #1155 ) ;
#2205 = ORIENTED_EDGE ( 'NONE', *, *, #3, .F. ) ;
#2206 = DIRECTION ( 'NONE',  ( 0.000000000000000000, 0.000000000000000000, 1.000000000000000000 ) ) ;
#2207 = DIRECTION ( 'NONE',  ( 1.000000000000000000, 0.000000000000000000, 0.000000000000000000 ) ) ;
#2208 = EDGE_LOOP ( 'NONE', ( #1895, #2664, #1667, #151, #356, #260, #2222 ) ) ;
#2209 = CYLINDRICAL_SURFACE ( 'NONE', #1731, 20.00000000000001066 ) ;
#2210 = DIRECTION ( 'NONE',  ( -0.1815689199582223023, 0.9833782218989826074, 0.000000000000000000 ) ) ;
#2211 = EDGE_LOOP ( 'NONE', ( #430, #2450, #160, #589 ) ) ;
#2212 = ORIENTED_EDGE ( 'NONE', *, *, #2004, .T. ) ;
#2213 = DIRECTION ( 'NONE',  ( -0.000000000000000000, -0.000000000000000000, 1.000000000000000000 ) ) ;
#2214 = DIRECTION ( 'NONE',  ( -0.2157203820041648790, 0.9764551790983430068, 0.000000000000000000 ) ) ;
#2215 = EDGE_CURVE ( 'NONE', #2880, #1491, #2792, .T. ) ;
#2216 = EDGE_CURVE ( 'NONE', #2520, #1968, #1192, .T. ) ;
#2217 = EDGE_CURVE ( 'NONE', #880, #2472, #1166, .T. ) ;
#2218 = ORIENTED_EDGE ( 'NONE', *, *, #2395, .T. ) ;
#2219 = CARTESIAN_POINT ( 'NONE',  ( 720.7991732773352851, 1616.585460717344858, 49.99999999999998579 ) ) ;
#2220 = CARTESIAN_POINT ( 'NONE',  ( 500.2412902493246065, 1864.841250757022863, -89.00000000000000000 ) ) ;
#2221 = CIRCLE ( 'NONE', #2834, 25.00000000000002132 ) ;
#2222 = ORIENTED_EDGE ( 'NONE', *, *, #1161, .F. ) ;
#2223 = AXIS2_PLACEMENT_3D ( 'NONE', #1758, #654, #2617 ) ;
#2224 = CARTESIAN_POINT ( 'NONE',  ( 609.8376069490901727, 2011.284752328037030, -50.00000000000000000 ) ) ;
#2225 = LINE ( 'NONE', #629, #655 ) ;
#2226 = ORIENTED_EDGE ( 'NONE', *, *, #2704, .F. ) ;
#2227 = VECTOR ( 'NONE', #531, 999.9999999999998863 ) ;
#2228 = ADVANCED_FACE ( 'NONE', ( #61 ), #1850, .F. ) ;
#2229 = ORIENTED_EDGE ( 'NONE', *, *, #347, .F. ) ;
#2230 = PLANE ( 'NONE',  #1182 ) ;
#2231 = AXIS2_PLACEMENT_3D ( 'NONE', #480, #669, #877 ) ;
#2232 = EDGE_CURVE ( 'NONE', #1308, #122, #98, .T. ) ;
#2233 = VECTOR ( 'NONE', #808, 1000.000000000000227 ) ;
#2234 = DIRECTION ( 'NONE',  ( 0.000000000000000000, 0.000000000000000000, -1.000000000000000000 ) ) ;
#2235 = CARTESIAN_POINT ( 'NONE',  ( -58.07689533117543590, 66.74440010644539711, -7.500000000000000000 ) ) ;
#2236 = CARTESIAN_POINT ( 'NONE',  ( -56.38155724715463890, 20.52120859953978638, 132.5000000000000000 ) ) ;
#2237 = DIRECTION ( 'NONE',  ( -0.000000000000000000, -0.000000000000000000, 1.000000000000000000 ) ) ;
#2238 = EDGE_CURVE ( 'NONE', #2657, #1978, #2371, .T. ) ;
#2239 = ORIENTED_EDGE ( 'NONE', *, *, #2217, .F. ) ;
#2240 = ORIENTED_EDGE ( 'NONE', *, *, #1834, .T. ) ;
#2241 = LINE ( 'NONE', #256, #885 ) ;
#2242 = CARTESIAN_POINT ( 'NONE',  ( 560.7517491875224778, 2047.345886437859008, -65.00000000000000000 ) ) ;
#2243 = ORIENTED_EDGE ( 'NONE', *, *, #265, .T. ) ;
#2244 = VERTEX_POINT ( 'NONE', #1924 ) ;
#2245 = CARTESIAN_POINT ( 'NONE',  ( 730.1038371756828838, 1820.621005976374590, -89.00000000000000000 ) ) ;
#2246 = LINE ( 'NONE', #755, #973 ) ;
#2247 = EDGE_CURVE ( 'NONE', #608, #261, #1397, .T. ) ;
#2248 = AXIS2_PLACEMENT_3D ( 'NONE', #329, #534, #1212 ) ;
#2249 = DIRECTION ( 'NONE',  ( -0.000000000000000000, -0.000000000000000000, 1.000000000000000000 ) ) ;
#2250 = ORIENTED_EDGE ( 'NONE', *, *, #690, .F. ) ;
#2251 = CARTESIAN_POINT ( 'NONE',  ( 0.000000000000000000, 0.000000000000000000, -132.5000000000000000 ) ) ;
#2252 = CARTESIAN_POINT ( 'NONE',  ( 668.2413811590949990, 2028.571336244536951, 65.00000000000000000 ) ) ;
#2253 = ORIENTED_EDGE ( 'NONE', *, *, #680, .F. ) ;
#2254 = DIRECTION ( 'NONE',  ( 0.9764551790983431179, 0.2157203820041649067, -0.000000000000000000 ) ) ;
#2255 = FACE_OUTER_BOUND ( 'NONE', #533, .T. ) ;
#2256 = VERTEX_POINT ( 'NONE', #1269 ) ;
#2257 = CARTESIAN_POINT ( 'NONE',  ( 548.3009582614776036, 1813.868381124807229, -65.00000000000000000 ) ) ;
#2258 = CARTESIAN_POINT ( 'NONE',  ( 436.3758539114068640, 1813.868381124807456, -65.00000000000000000 ) ) ;
#2259 = DIRECTION ( 'NONE',  ( 1.000000000000000000, 0.000000000000000000, 0.000000000000000000 ) ) ;
#2260 = DIRECTION ( 'NONE',  ( 1.000000000000000000, 0.000000000000000000, 0.000000000000000000 ) ) ;
#2261 = ADVANCED_FACE ( 'NONE', ( #1911, #793 ), #199, .F. ) ;
#2262 = EDGE_LOOP ( 'NONE', ( #1460, #2198, #2080, #2289 ) ) ;
#2263 = CARTESIAN_POINT ( 'NONE',  ( 579.8376069490901727, 2011.284752328037030, -132.5000000000000000 ) ) ;
#2264 = DIRECTION ( 'NONE',  ( -0.000000000000000000, -0.000000000000000000, -1.000000000000000000 ) ) ;
#2265 = ORIENTED_EDGE ( 'NONE', *, *, #133, .T. ) ;
#2266 = CIRCLE ( 'NONE', #507, 20.00000000000001776 ) ;
#2267 = VERTEX_POINT ( 'NONE', #1519 ) ;
#2268 = CARTESIAN_POINT ( 'NONE',  ( 68.38811575907259055, 250.8447041954916017, -132.5000000000000000 ) ) ;
#2269 = CIRCLE ( 'NONE', #612, 60.00000000000005684 ) ;
#2270 = CIRCLE ( 'NONE', #1028, 25.00000000000000711 ) ;
#2271 = CARTESIAN_POINT ( 'NONE',  ( -52.81544661460818446, 40.74562699664585352, 77.50000000000000000 ) ) ;
#2272 = AXIS2_PLACEMENT_3D ( 'NONE', #449, #1309, #2207 ) ;
#2273 = DIRECTION ( 'NONE',  ( 1.000000000000000000, 0.000000000000000000, 0.000000000000000000 ) ) ;
#2274 = DIRECTION ( 'NONE',  ( -0.000000000000000000, 0.000000000000000000, 1.000000000000000000 ) ) ;
#2275 = EDGE_CURVE ( 'NONE', #576, #2256, #409, .T. ) ;
#2276 = ORIENTED_EDGE ( 'NONE', *, *, #566, .F. ) ;
#2277 = CYLINDRICAL_SURFACE ( 'NONE', #1064, 60.00000000000000000 ) ;
#2278 = CARTESIAN_POINT ( 'NONE',  ( -58.19077862357731590, 10.26060429976988786, -132.5000000000000000 ) ) ;
#2279 = EDGE_LOOP ( 'NONE', ( #2113, #2714, #121, #1668 ) ) ;
#2280 = VERTEX_POINT ( 'NONE', #607 ) ;
#2281 = FACE_OUTER_BOUND ( 'NONE', #420, .T. ) ;
#2282 = EDGE_CURVE ( 'NONE', #774, #2381, #802, .T. ) ;
#2283 = CARTESIAN_POINT ( 'NONE',  ( 221.3100478204222270, 1595.388559879778086, 90.00000000000000000 ) ) ;
#2284 = CARTESIAN_POINT ( 'NONE',  ( -60.00000000000000000, 1.734723475976807094E-15, -132.5000000000000000 ) ) ;
#2285 = VECTOR ( 'NONE', #403, 999.9999999999998863 ) ;
#2286 = CARTESIAN_POINT ( 'NONE',  ( -58.19077862357731590, 10.26060429976988786, 90.00000000000000000 ) ) ;
#2287 = PLANE ( 'NONE',  #2414 ) ;
#2288 = AXIS2_PLACEMENT_3D ( 'NONE', #2832, #1511, #1599 ) ;
#2289 = ORIENTED_EDGE ( 'NONE', *, *, #234, .T. ) ;
#2290 = DIRECTION ( 'NONE',  ( -1.000000000000000000, 0.000000000000000000, 0.000000000000000000 ) ) ;
#2291 = CIRCLE ( 'NONE', #1055, 19.99999999999998934 ) ;
#2292 = CARTESIAN_POINT ( 'NONE',  ( -52.81544661460818446, 40.74562699664585352, 7.500000000000000000 ) ) ;
#2293 = VERTEX_POINT ( 'NONE', #1294 ) ;
#2294 = CARTESIAN_POINT ( 'NONE',  ( 742.9728526854286201, 1826.485171714987700, 65.00000000000000000 ) ) ;
#2295 = CARTESIAN_POINT ( 'NONE',  ( 281.3100478204222554, 1595.388559879777858, -89.00000000000000000 ) ) ;
#2296 = DIRECTION ( 'NONE',  ( -1.000000000000000000, 0.000000000000000000, 0.000000000000000000 ) ) ;
#2297 = DIRECTION ( 'NONE',  ( -0.000000000000000000, -0.000000000000000000, 1.000000000000000000 ) ) ;
#2298 = VECTOR ( 'NONE', #1592, 1000.000000000000000 ) ;
#2299 = ORIENTED_EDGE ( 'NONE', *, *, #2059, .T. ) ;
#2300 = FACE_OUTER_BOUND ( 'NONE', #2412, .T. ) ;
#2301 = DIRECTION ( 'NONE',  ( -0.4701601434347756348, -0.8825811234812305228, -0.000000000000000000 ) ) ;
#2302 = ADVANCED_FACE ( 'NONE', ( #2383 ), #838, .T. ) ;
#2303 = ADVANCED_FACE ( 'NONE', ( #2179 ), #1487, .F. ) ;
#2304 = VERTEX_POINT ( 'NONE', #2608 ) ;
#2305 = DIRECTION ( 'NONE',  ( -0.000000000000000000, -0.000000000000000000, -1.000000000000000000 ) ) ;
#2306 = CARTESIAN_POINT ( 'NONE',  ( 56.68161887354653317, 19.67724782265079142, -89.00000000000000000 ) ) ;
#2307 = ORIENTED_EDGE ( 'NONE', *, *, #2591, .T. ) ;
#2308 = ORIENTED_EDGE ( 'NONE', *, *, #2808, .F. ) ;
#2309 = FACE_OUTER_BOUND ( 'NONE', #1710, .T. ) ;
#2310 = ADVANCED_FACE ( 'NONE', ( #2562 ), #2799, .T. ) ;
#2311 = EDGE_CURVE ( 'NONE', #2569, #1041, #1262, .T. ) ;
#2312 = DIRECTION ( 'NONE',  ( 1.000000000000000000, 0.000000000000000000, 0.000000000000000000 ) ) ;
#2313 = CYLINDRICAL_SURFACE ( 'NONE', #2857, 25.00000000000002132 ) ;
#2314 = AXIS2_PLACEMENT_3D ( 'NONE', #1526, #432, #1303 ) ;
#2315 = CARTESIAN_POINT ( 'NONE',  ( 341.3100478204222554, 1595.388559879777858, -107.5000000000000000 ) ) ;
#2316 = EDGE_LOOP ( 'NONE', ( #2157, #1387, #1056, #1753 ) ) ;
#2317 = ORIENTED_EDGE ( 'NONE', *, *, #1074, .T. ) ;
#2318 = CIRCLE ( 'NONE', #1159, 79.99999999999984368 ) ;
#2319 = FACE_OUTER_BOUND ( 'NONE', #2721, .T. ) ;
#2320 = CARTESIAN_POINT ( 'NONE',  ( 730.1038371756828838, 1820.621005976374590, 89.00000000000000000 ) ) ;
#2321 = VECTOR ( 'NONE', #2622, 1000.000000000000000 ) ;
#2322 = ORIENTED_EDGE ( 'NONE', *, *, #1131, .F. ) ;
#2323 = DIRECTION ( 'NONE',  ( -0.9366590624179427227, 0.3502424885566290946, 0.000000000000000000 ) ) ;
#2324 = LINE ( 'NONE', #2292, #2604 ) ;
#2325 = VERTEX_POINT ( 'NONE', #1893 ) ;
#2326 = ORIENTED_EDGE ( 'NONE', *, *, #1776, .T. ) ;
#2327 = CARTESIAN_POINT ( 'NONE',  ( 491.1198634823963403, 1869.817665301333363, 65.00000000000000000 ) ) ;
#2328 = CYLINDRICAL_SURFACE ( 'NONE', #1819, 60.90834774869058066 ) ;
#2329 = CARTESIAN_POINT ( 'NONE',  ( 221.3100478204221986, 1595.388559879778313, -90.00000000000001421 ) ) ;
#2330 = DIRECTION ( 'NONE',  ( -1.000000000000000000, 0.000000000000000000, 0.000000000000000000 ) ) ;
#2331 = VECTOR ( 'NONE', #365, 999.9999999999998863 ) ;
#2332 = CC_DESIGN_PERSON_AND_ORGANIZATION_ASSIGNMENT ( #2594, #2400, ( #1958 ) ) ;
#2333 = EDGE_LOOP ( 'NONE', ( #2626, #249, #997, #1743 ) ) ;
#2334 = DIRECTION ( 'NONE',  ( 0.8736726290769781800, -0.4865142723515116230, 0.000000000000000000 ) ) ;
#2335 = LINE ( 'NONE', #148, #2841 ) ;
#2336 = ORIENTED_EDGE ( 'NONE', *, *, #1595, .T. ) ;
#2337 = ORIENTED_EDGE ( 'NONE', *, *, #187, .F. ) ;
#2338 = DIRECTION ( 'NONE',  ( -0.000000000000000000, 0.000000000000000000, 1.000000000000000000 ) ) ;
#2339 = ADVANCED_FACE ( 'NONE', ( #2156 ), #2123, .F. ) ;
#2340 = CARTESIAN_POINT ( 'NONE',  ( 281.3100478204222554, 1595.388559879777858, 89.00000000000000000 ) ) ;
#2341 = AXIS2_PLACEMENT_3D ( 'NONE', #1669, #563, #2114 ) ;
#2342 = ORIENTED_EDGE ( 'NONE', *, *, #348, .F. ) ;
#2343 = ORIENTED_EDGE ( 'NONE', *, *, #1290, .T. ) ;
#2344 = DIRECTION ( 'NONE',  ( -0.000000000000000000, -0.000000000000000000, 1.000000000000000000 ) ) ;
#2345 = EDGE_CURVE ( 'NONE', #529, #941, #1709, .T. ) ;
#2346 = EDGE_CURVE ( 'NONE', #1978, #2642, #244, .T. ) ;
#2347 = DIRECTION ( 'NONE',  ( 0.000000000000000000, 0.000000000000000000, 1.000000000000000000 ) ) ;
#2348 = DIRECTION ( 'NONE',  ( -0.1815689199582223023, 0.9833782218989826074, 0.000000000000000000 ) ) ;
#2349 = LINE ( 'NONE', #1900, #330 ) ;
#2350 = DIRECTION ( 'NONE',  ( -0.6993660522065798801, -0.7147636847385179237, 0.000000000000000000 ) ) ;
#2351 = FACE_BOUND ( 'NONE', #2022, .T. ) ;
#2352 = ORIENTED_EDGE ( 'NONE', *, *, #1926, .F. ) ;
#2353 = DIRECTION ( 'NONE',  ( 0.3502424885566300938, 0.9366590624179422786, 0.000000000000000000 ) ) ;
#2354 = DIRECTION ( 'NONE',  ( -0.000000000000000000, -0.000000000000000000, 1.000000000000000000 ) ) ;
#2355 = ORIENTED_EDGE ( 'NONE', *, *, #187, .T. ) ;
#2356 = ORIENTED_EDGE ( 'NONE', *, *, #1075, .T. ) ;
#2357 = CARTESIAN_POINT ( 'NONE',  ( -57.77305039141960918, 70.21736365978394190, -62.50000000000001421 ) ) ;
#2358 = CALENDAR_DATE ( 2026, 25, 8 ) ;
#2359 = FACE_OUTER_BOUND ( 'NONE', #228, .T. ) ;
#2360 = LINE ( 'NONE', #1884, #96 ) ;
#2361 = AXIS2_PLACEMENT_3D ( 'NONE', #2719, #2730, #68 ) ;
#2362 = AXIS2_PLACEMENT_3D ( 'NONE', #1613, #1130, #2012 ) ;
#2363 = CARTESIAN_POINT ( 'NONE',  ( -38.07689533117545011, 66.74440010644539711, -62.50000000000001421 ) ) ;
#2364 = EDGE_CURVE ( 'NONE', #620, #635, #592, .T. ) ;
#2365 = CARTESIAN_POINT ( 'NONE',  ( 639.8376069490901727, 2011.284752328037030, 65.00000000000000000 ) ) ;
#2366 = VECTOR ( 'NONE', #17, 1000.000000000000227 ) ;
#2367 = ORIENTED_EDGE ( 'NONE', *, *, #1774, .T. ) ;
#2368 = ORIENTED_EDGE ( 'NONE', *, *, #769, .F. ) ;
#2369 = AXIS2_PLACEMENT_3D ( 'NONE', #826, #1742, #622 ) ;
#2370 = CARTESIAN_POINT ( 'NONE',  ( 730.1038371756828838, 1820.621005976374590, -89.00000000000000000 ) ) ;
#2371 = LINE ( 'NONE', #813, #657 ) ;
#2372 = ORIENTED_EDGE ( 'NONE', *, *, #1103, .T. ) ;
#2373 = CARTESIAN_POINT ( 'NONE',  ( 44.51864624957529770, 650.3424031177195275, -62.50000000000001421 ) ) ;
#2374 = EDGE_CURVE ( 'NONE', #1486, #2097, #185, .T. ) ;
#2375 = DATE_AND_TIME ( #1464, #1167 ) ;
#2376 = DIRECTION ( 'NONE',  ( -0.000000000000000000, -0.000000000000000000, -1.000000000000000000 ) ) ;
#2377 = CARTESIAN_POINT ( 'NONE',  ( 695.7991732773352851, 1616.585460717344858, -132.5000000000000000 ) ) ;
#2378 = LINE ( 'NONE', #393, #510 ) ;
#2379 = DIRECTION ( 'NONE',  ( 1.000000000000000000, 0.000000000000000000, 0.000000000000000000 ) ) ;
#2380 = AXIS2_PLACEMENT_3D ( 'NONE', #60, #2254, #1148 ) ;
#2381 = VERTEX_POINT ( 'NONE', #1473 ) ;
#2382 = CARTESIAN_POINT ( 'NONE',  ( 668.2413811590949990, 2028.571336244536951, -50.00000000000000000 ) ) ;
#2383 = FACE_OUTER_BOUND ( 'NONE', #364, .T. ) ;
#2384 = ORIENTED_EDGE ( 'NONE', *, *, #2146, .T. ) ;
#2385 = CARTESIAN_POINT ( 'NONE',  ( 491.1198634823963403, 1869.817665301333363, 90.00000000000000000 ) ) ;
#2386 = ORIENTED_EDGE ( 'NONE', *, *, #864, .F. ) ;
#2387 = AXIS2_PLACEMENT_3D ( 'NONE', #32, #1313, #1101 ) ;
#2388 = DIRECTION ( 'NONE',  ( -0.000000000000000000, -0.000000000000000000, 1.000000000000000000 ) ) ;
#2389 = DIRECTION ( 'NONE',  ( -0.3502424885566290946, -0.9366590624179427227, 0.000000000000000000 ) ) ;
#2390 = DIRECTION ( 'NONE',  ( 0.2157203820041648790, -0.9764551790983430068, -0.000000000000000000 ) ) ;
#2391 = EDGE_LOOP ( 'NONE', ( #27, #1520, #900, #1431, #1112 ) ) ;
#2392 = CARTESIAN_POINT ( 'NONE',  ( 780.2946008728494007, 1624.350387969222766, -50.00000000000000000 ) ) ;
#2393 = CARTESIAN_POINT ( 'NONE',  ( 281.3100478204222554, 1595.388559879777858, -90.00000000000000000 ) ) ;
#2394 = EDGE_CURVE ( 'NONE', #2267, #2097, #463, .T. ) ;
#2395 = EDGE_CURVE ( 'NONE', #1486, #2650, #2666, .T. ) ;
#2396 = VERTEX_POINT ( 'NONE', #1108 ) ;
#2397 = AXIS2_PLACEMENT_3D ( 'NONE', #1098, #663, #1979 ) ;
#2398 = ORIENTED_EDGE ( 'NONE', *, *, #1413, .T. ) ;
#2399 = CARTESIAN_POINT ( 'NONE',  ( 44.51864624957529770, 650.3424031177195275, 77.50000000000000000 ) ) ;
#2400 = PERSON_AND_ORGANIZATION_ROLE ( 'design_supplier' ) ;
#2401 = DIRECTION ( 'NONE',  ( -0.9848077530122086864, 0.1736481776669272781, 0.000000000000000000 ) ) ;
#2402 = ADVANCED_FACE ( 'NONE', ( #2853 ), #2466, .T. ) ;
#2403 = EDGE_CURVE ( 'NONE', #45, #1740, #438, .T. ) ;
#2404 = EDGE_CURVE ( 'NONE', #487, #1986, #704, .T. ) ;
#2405 = LINE ( 'NONE', #1948, #192 ) ;
#2406 = CIRCLE ( 'NONE', #651, 60.00000000000001421 ) ;
#2407 = ORIENTED_EDGE ( 'NONE', *, *, #921, .T. ) ;
#2408 = CARTESIAN_POINT ( 'NONE',  ( 44.51864624957529770, 650.3424031177195275, 7.500000000000000000 ) ) ;
#2409 = FACE_OUTER_BOUND ( 'NONE', #677, .T. ) ;
#2410 = AXIS2_PLACEMENT_3D ( 'NONE', #2434, #221, #207 ) ;
#2411 = CIRCLE ( 'NONE', #518, 20.00000000000001776 ) ;
#2412 = EDGE_LOOP ( 'NONE', ( #1474, #467, #1066, #2299 ) ) ;
#2413 = CARTESIAN_POINT ( 'NONE',  ( -38.07689533117545011, 66.74440010644539711, 7.500000000000000000 ) ) ;
#2414 = AXIS2_PLACEMENT_3D ( 'NONE', #972, #1158, #2260 ) ;
#2415 = ORIENTED_EDGE ( 'NONE', *, *, #2712, .F. ) ;
#2416 = SECURITY_CLASSIFICATION ( '', '', #843 ) ;
#2417 = DIRECTION ( 'NONE',  ( -0.000000000000000000, 0.000000000000000000, -1.000000000000000000 ) ) ;
#2418 = CARTESIAN_POINT ( 'NONE',  ( 46.74134872827989540, 656.5997250114111239, 7.500000000000000000 ) ) ;
#2419 = ADVANCED_FACE ( 'NONE', ( #2409 ), #1558, .T. ) ;
#2420 = VERTEX_POINT ( 'NONE', #2637 ) ;
#2421 = ORIENTED_EDGE ( 'NONE', *, *, #1723, .T. ) ;
#2422 = CYLINDRICAL_SURFACE ( 'NONE', #1436, 20.00000000000001066 ) ;
#2423 = DIRECTION ( 'NONE',  ( -0.3502424885566300938, -0.9366590624179422786, -0.000000000000000000 ) ) ;
#2424 = EDGE_LOOP ( 'NONE', ( #2428, #245, #2265, #1235, #1310, #1794 ) ) ;
#2425 = EDGE_LOOP ( 'NONE', ( #2276, #2772, #2685, #2154 ) ) ;
#2426 = CARTESIAN_POINT ( 'NONE',  ( 742.9728526854286201, 1826.485171714987700, 65.00000000000000000 ) ) ;
#2427 = VECTOR ( 'NONE', #621, 1000.000000000000114 ) ;
#2428 = ORIENTED_EDGE ( 'NONE', *, *, #2806, .T. ) ;
#2429 = DIRECTION ( 'NONE',  ( 0.3502424885566282065, 0.9366590624179430558, 0.000000000000000000 ) ) ;
#2430 = ADVANCED_FACE ( 'NONE', ( #2000 ), #2878, .F. ) ;
#2431 = CIRCLE ( 'NONE', #306, 25.00000000000002132 ) ;
#2432 = EDGE_CURVE ( 'NONE', #1271, #1679, #1336, .T. ) ;
#2433 = AXIS2_PLACEMENT_3D ( 'NONE', #2257, #883, #695 ) ;
#2434 = CARTESIAN_POINT ( 'NONE',  ( 720.7991732773352851, 1616.585460717344858, -132.5000000000000000 ) ) ;
#2435 = ORIENTED_EDGE ( 'NONE', *, *, #1715, .T. ) ;
#2436 = DIRECTION ( 'NONE',  ( -0.000000000000000000, -0.000000000000000000, -1.000000000000000000 ) ) ;
#2437 = DIRECTION ( 'NONE',  ( -0.000000000000000000, 0.000000000000000000, -1.000000000000000000 ) ) ;
#2438 = EDGE_CURVE ( 'NONE', #640, #297, #1366, .T. ) ;
#2439 = EDGE_CURVE ( 'NONE', #83, #353, #920, .T. ) ;
#2440 = ORIENTED_EDGE ( 'NONE', *, *, #1044, .T. ) ;
#2441 = LINE ( 'NONE', #1339, #2298 ) ;
#2442 = CARTESIAN_POINT ( 'NONE',  ( 436.3758539114068071, 1813.868381124807229, -65.00000000000000000 ) ) ;
#2443 = VERTEX_POINT ( 'NONE', #2220 ) ;
#2444 = CARTESIAN_POINT ( 'NONE',  ( -57.60599891314230092, 62.42999246636210842, 7.500000000000000000 ) ) ;
#2445 = DIRECTION ( 'NONE',  ( -0.000000000000000000, -0.000000000000000000, 1.000000000000000000 ) ) ;
#2446 = VERTEX_POINT ( 'NONE', #1096 ) ;
#2447 = DIRECTION ( 'NONE',  ( -0.000000000000000000, -0.000000000000000000, 1.000000000000000000 ) ) ;
#2448 = CARTESIAN_POINT ( 'NONE',  ( 780.7991732773353988, 1616.585460717344858, -65.00000000000000000 ) ) ;
#2449 = VECTOR ( 'NONE', #2353, 1000.000000000000114 ) ;
#2450 = ORIENTED_EDGE ( 'NONE', *, *, #379, .F. ) ;
#2451 = AXIS2_PLACEMENT_3D ( 'NONE', #1643, #493, #276 ) ;
#2452 = CARTESIAN_POINT ( 'NONE',  ( 742.9728526854286201, 1826.485171714987473, 90.00000000000000000 ) ) ;
#2453 = CARTESIAN_POINT ( 'NONE',  ( 560.7517491875224778, 2047.345886437859008, -65.00000000000000000 ) ) ;
#2454 = ORIENTED_EDGE ( 'NONE', *, *, #2215, .F. ) ;
#2455 = AXIS2_PLACEMENT_3D ( 'NONE', #1703, #2791, #2330 ) ;
#2456 = EDGE_CURVE ( 'NONE', #1486, #1928, #241, .T. ) ;
#2457 = ORIENTED_EDGE ( 'NONE', *, *, #343, .T. ) ;
#2458 = CARTESIAN_POINT ( 'NONE',  ( 436.3758539114068640, 1813.868381124807456, 65.00000000000000000 ) ) ;
#2459 = VECTOR ( 'NONE', #2575, 1000.000000000000000 ) ;
#2460 = ORIENTED_EDGE ( 'NONE', *, *, #2007, .F. ) ;
#2461 = VECTOR ( 'NONE', #1183, 1000.000000000000000 ) ;
#2462 = DIRECTION ( 'NONE',  ( -0.000000000000000000, -0.000000000000000000, -1.000000000000000000 ) ) ;
#2463 = FACE_OUTER_BOUND ( 'NONE', #2733, .T. ) ;
#2464 = LINE ( 'NONE', #2507, #1247 ) ;
#2465 = ORIENTED_EDGE ( 'NONE', *, *, #1375, .F. ) ;
#2466 = CYLINDRICAL_SURFACE ( 'NONE', #2231, 20.00000000000001066 ) ;
#2467 = ORIENTED_EDGE ( 'NONE', *, *, #1527, .T. ) ;
#2468 = DIRECTION ( 'NONE',  ( -1.000000000000000000, 0.000000000000000000, 0.000000000000000000 ) ) ;
#2469 = ORIENTED_EDGE ( 'NONE', *, *, #1371, .T. ) ;
#2470 = CARTESIAN_POINT ( 'NONE',  ( -38.07689533117545011, 66.74440010644539711, 77.50000000000000000 ) ) ;
#2471 = ORIENTED_EDGE ( 'NONE', *, *, #776, .F. ) ;
#2472 = VERTEX_POINT ( 'NONE', #2691 ) ;
#2473 = PLANE ( 'NONE',  #2476 ) ;
#2474 = CARTESIAN_POINT ( 'NONE',  ( 59.96272178968664690, 680.3424031177195275, -62.50000000000002842 ) ) ;
#2475 = CLOSED_SHELL ( 'NONE', ( #857, #442, #800, #2856, #458, #981, #494, #525, #34, #1195, #1554, #264, #2302, #898, #1844, #177, #689, #2228, #2860, #1935, #597, #859, #2584, #2580, #2096, #1885, #81, #1771, #2072, #79, #2149, #1562, #564, #1891, #2839, #555, #2651, #2104, #2310, #1343, #419, #387, #2556, #2870, #460, #1498, #69, #2186, #1283, #349, #259, #1800, #2023, #532, #1565, #650, #227, #2430, #1509, #1369, #2752, #2261, #1805, #389, #815, #644, #1029, #2527, #1406, #2771, #1189, #596, #809, #1678, #2339, #2618, #2303, #2402, #2516, #1799, #952, #1551, #316, #1430, #734, #33, #2531, #1688, #2627, #2419 ) ) ;
#2476 = AXIS2_PLACEMENT_3D ( 'NONE', #431, #2201, #2660 ) ;
#2477 = DIRECTION ( 'NONE',  ( 0.000000000000000000, 0.000000000000000000, 1.000000000000000000 ) ) ;
#2478 = CARTESIAN_POINT ( 'NONE',  ( 56.68161887354653317, 19.67724782265079142, 89.00000000000000000 ) ) ;
#2479 = DIRECTION ( 'NONE',  ( -0.000000000000000000, 0.000000000000000000, 1.000000000000000000 ) ) ;
#2480 = ORIENTED_EDGE ( 'NONE', *, *, #1936, .T. ) ;
#2481 = VERTEX_POINT ( 'NONE', #1124 ) ;
#2482 = ORIENTED_EDGE ( 'NONE', *, *, #43, .T. ) ;
#2483 = CARTESIAN_POINT ( 'NONE',  ( 281.3100478204222554, 1595.388559879777858, 107.5000000000000000 ) ) ;
#2484 = CARTESIAN_POINT ( 'NONE',  ( 491.1198634823961697, 1869.817665301333363, 50.00000000000000000 ) ) ;
#2485 = VERTEX_POINT ( 'NONE', #2196 ) ;
#2486 = ORIENTED_EDGE ( 'NONE', *, *, #1196, .F. ) ;
#2487 = DIRECTION ( 'NONE',  ( -0.000000000000000000, -0.000000000000000000, -1.000000000000000000 ) ) ;
#2488 = CIRCLE ( 'NONE', #1713, 59.99999999999994316 ) ;
#2489 = EDGE_CURVE ( 'NONE', #2097, #2777, #1573, .T. ) ;
#2490 = EDGE_CURVE ( 'NONE', #2325, #201, #1683, .T. ) ;
#2491 = LINE ( 'NONE', #2271, #1346 ) ;
#2492 = CARTESIAN_POINT ( 'NONE',  ( 720.7991732773352851, 1616.585460717344858, -65.00000000000000000 ) ) ;
#2493 = FACE_BOUND ( 'NONE', #2183, .T. ) ;
#2494 = EDGE_LOOP ( 'NONE', ( #1337, #1150 ) ) ;
#2495 = LINE ( 'NONE', #47, #1045 ) ;
#2496 = DIRECTION ( 'NONE',  ( 0.9366590624179427227, -0.3502424885566290946, 0.000000000000000000 ) ) ;
#2497 = VECTOR ( 'NONE', #591, 1000.000000000000000 ) ;
#2498 = ORIENTED_EDGE ( 'NONE', *, *, #2192, .F. ) ;
#2499 = CIRCLE ( 'NONE', #2694, 60.00000000000000000 ) ;
#2500 = ORIENTED_EDGE ( 'NONE', *, *, #1527, .F. ) ;
#2501 = CYLINDRICAL_SURFACE ( 'NONE', #1231, 25.00000000000000711 ) ;
#2502 = DIRECTION ( 'NONE',  ( 1.000000000000000000, 0.000000000000000000, 0.000000000000000000 ) ) ;
#2503 = VECTOR ( 'NONE', #643, 1000.000000000000114 ) ;
#2504 = FACE_OUTER_BOUND ( 'NONE', #882, .T. ) ;
#2505 = AXIS2_PLACEMENT_3D ( 'NONE', #1058, #1682, #1506 ) ;
#2506 = CIRCLE ( 'NONE', #1542, 30.00000000000002842 ) ;
#2507 = CARTESIAN_POINT ( 'NONE',  ( 745.7991732773353988, 1616.585460717344858, -132.5000000000000000 ) ) ;
#2508 = FACE_BOUND ( 'NONE', #1508, .T. ) ;
#2509 = EDGE_LOOP ( 'NONE', ( #2732, #2355 ) ) ;
#2510 = CARTESIAN_POINT ( 'NONE',  ( 491.1198634823963403, 1869.817665301333363, -64.99999999999994316 ) ) ;
#2511 = CARTESIAN_POINT ( 'NONE',  ( 548.3009582614776036, 1813.868381124807229, -65.00000000000000000 ) ) ;
#2512 = ORIENTED_EDGE ( 'NONE', *, *, #2311, .F. ) ;
#2513 = CARTESIAN_POINT ( 'NONE',  ( 341.3100478204222554, 1595.388559879777858, 107.5000000000000000 ) ) ;
#2514 = DIRECTION ( 'NONE',  ( 1.000000000000000000, 0.000000000000000000, 0.000000000000000000 ) ) ;
#2515 = CARTESIAN_POINT ( 'NONE',  ( 710.0562237456707635, 1557.555052999287227, -50.00000000000000000 ) ) ;
#2516 = ADVANCED_FACE ( 'NONE', ( #423 ), #2649, .F. ) ;
#2517 = EDGE_CURVE ( 'NONE', #2304, #641, #466, .T. ) ;
#2518 = EDGE_CURVE ( 'NONE', #1679, #1254, #2185, .T. ) ;
#2519 = VECTOR ( 'NONE', #1199, 1000.000000000000000 ) ;
#2520 = VERTEX_POINT ( 'NONE', #2252 ) ;
#2521 = LINE ( 'NONE', #1633, #2737 ) ;
#2522 = ORIENTED_EDGE ( 'NONE', *, *, #2438, .T. ) ;
#2523 = LINE ( 'NONE', #1421, #1030 ) ;
#2524 = ORIENTED_EDGE ( 'NONE', *, *, #1834, .F. ) ;
#2525 = AXIS2_PLACEMENT_3D ( 'NONE', #287, #2534, #95 ) ;
#2526 = ORIENTED_EDGE ( 'NONE', *, *, #1766, .F. ) ;
#2527 = ADVANCED_FACE ( 'NONE', ( #934 ), #103, .T. ) ;
#2528 = CARTESIAN_POINT ( 'NONE',  ( 293.9773969442541102, 1654.036136693956223, 89.00000000000000000 ) ) ;
#2529 = AXIS2_PLACEMENT_3D ( 'NONE', #1897, #2785, #2641 ) ;
#2530 = CARTESIAN_POINT ( 'NONE',  ( 293.9773969442541102, 1654.036136693956223, -89.00000000000000000 ) ) ;
#2531 = ADVANCED_FACE ( 'NONE', ( #773 ), #40, .T. ) ;
#2532 = ORIENTED_EDGE ( 'NONE', *, *, #1715, .F. ) ;
#2533 = ORIENTED_EDGE ( 'NONE', *, *, #1105, .F. ) ;
#2534 = DIRECTION ( 'NONE',  ( -0.000000000000000000, 0.000000000000000000, 1.000000000000000000 ) ) ;
#2535 = CARTESIAN_POINT ( 'NONE',  ( 68.38811575907259055, 250.8447041954916017, 90.00000000000000000 ) ) ;
#2536 = DIRECTION ( 'NONE',  ( 0.7147636847385180348, -0.6993660522065798801, 0.000000000000000000 ) ) ;
#2537 = LINE ( 'NONE', #1452, #976 ) ;
#2538 = EDGE_CURVE ( 'NONE', #485, #2293, #1615, .T. ) ;
#2539 = CARTESIAN_POINT ( 'NONE',  ( -57.77305039141960918, 70.21736365978394190, -7.500000000000000000 ) ) ;
#2540 = DIRECTION ( 'NONE',  ( 0.2157203820041648790, -0.9764551790983430068, -0.000000000000000000 ) ) ;
#2541 = ORIENTED_EDGE ( 'NONE', *, *, #2146, .F. ) ;
#2542 = CYLINDRICAL_SURFACE ( 'NONE', #822, 60.00000000000000711 ) ;
#2543 = FACE_OUTER_BOUND ( 'NONE', #2425, .T. ) ;
#2544 = ORIENTED_EDGE ( 'NONE', *, *, #1314, .T. ) ;
#2545 = VERTEX_POINT ( 'NONE', #1872 ) ;
#2546 = DIRECTION ( 'NONE',  ( 0.1736481776669272781, 0.9848077530122085754, 0.000000000000000000 ) ) ;
#2547 = AXIS2_PLACEMENT_3D ( 'NONE', #2877, #408, #1778 ) ;
#2548 = APPROVAL ( #2172, '未' ) ;
#2549 = CARTESIAN_POINT ( 'NONE',  ( 491.1198634823963403, 1869.817665301333363, 90.00000000000000000 ) ) ;
#2550 = CARTESIAN_POINT ( 'NONE',  ( -57.77305039141960918, 70.21736365978394190, 77.50000000000000000 ) ) ;
#2551 = AXIS2_PLACEMENT_3D ( 'NONE', #1705, #2778, #2765 ) ;
#2552 = DIRECTION ( 'NONE',  ( 0.000000000000000000, 0.000000000000000000, 1.000000000000000000 ) ) ;
#2553 = EDGE_LOOP ( 'NONE', ( #2797, #2167, #1232, #2465 ) ) ;
#2554 = ORIENTED_EDGE ( 'NONE', *, *, #1714, .T. ) ;
#2555 = CIRCLE ( 'NONE', #565, 19.99999999999998934 ) ;
#2556 = ADVANCED_FACE ( 'NONE', ( #2493, #509 ), #2287, .F. ) ;
#2557 = DIRECTION ( 'NONE',  ( 0.4865142723515116230, 0.8736726290769781800, 0.000000000000000000 ) ) ;
#2558 = CARTESIAN_POINT ( 'NONE',  ( 548.3009582614776036, 1813.868381124807229, 65.00000000000000000 ) ) ;
#2559 = VECTOR ( 'NONE', #892, 1000.000000000000000 ) ;
#2560 = ORIENTED_EDGE ( 'NONE', *, *, #1371, .F. ) ;
#2561 = DIRECTION ( 'NONE',  ( -0.6993660522065798801, -0.7147636847385179237, 0.000000000000000000 ) ) ;
#2562 = FACE_OUTER_BOUND ( 'NONE', #1333, .T. ) ;
#2563 = VERTEX_POINT ( 'NONE', #2046 ) ;
#2564 = EDGE_LOOP ( 'NONE', ( #675, #797, #1267, #2337 ) ) ;
#2565 = FACE_OUTER_BOUND ( 'NONE', #173, .T. ) ;
#2566 = MECHANICAL_CONTEXT ( 'NONE', #1724, 'mechanical' ) ;
#2567 = CARTESIAN_POINT ( 'NONE',  ( 720.7991732773352851, 1616.585460717344858, -50.00000000000000000 ) ) ;
#2568 = DIRECTION ( 'NONE',  ( -0.000000000000000000, -0.000000000000000000, -1.000000000000000000 ) ) ;
#2569 = VERTEX_POINT ( 'NONE', #1381 ) ;
#2570 = FACE_OUTER_BOUND ( 'NONE', #1976, .T. ) ;
#2571 = EDGE_CURVE ( 'NONE', #1986, #212, #309, .T. ) ;
#2572 = CARTESIAN_POINT ( 'NONE',  ( -52.81544661460818446, 40.74562699664585352, -7.500000000000000000 ) ) ;
#2573 = ORIENTED_EDGE ( 'NONE', *, *, #1104, .F. ) ;
#2574 = CARTESIAN_POINT ( 'NONE',  ( 293.9773969442541102, 1654.036136693956223, -89.00000000000000000 ) ) ;
#2575 = DIRECTION ( 'NONE',  ( -0.000000000000000000, -0.000000000000000000, -1.000000000000000000 ) ) ;
#2576 = VECTOR ( 'NONE', #1745, 1000.000000000000114 ) ;
#2577 = VERTEX_POINT ( 'NONE', #1186 ) ;
#2578 = ORIENTED_EDGE ( 'NONE', *, *, #2432, .T. ) ;
#2579 = DIRECTION ( 'NONE',  ( -0.000000000000000000, -0.000000000000000000, -1.000000000000000000 ) ) ;
#2580 = ADVANCED_FACE ( 'NONE', ( #1408, #2731 ), #70, .F. ) ;
#2581 = PERSON_AND_ORGANIZATION_ROLE ( 'design_owner' ) ;
#2582 = DIRECTION ( 'NONE',  ( -0.000000000000000000, -0.000000000000000000, -1.000000000000000000 ) ) ;
#2583 = CYLINDRICAL_SURFACE ( 'NONE', #285, 25.00000000000000711 ) ;
#2584 = ADVANCED_FACE ( 'NONE', ( #2508, #1439 ), #2766, .T. ) ;
#2585 = DIRECTION ( 'NONE',  ( 1.000000000000000000, 0.000000000000000000, 0.000000000000000000 ) ) ;
#2586 = CARTESIAN_POINT ( 'NONE',  ( 93.38811575907260476, 250.8447041954916017, -132.5000000000000000 ) ) ;
#2587 = EDGE_LOOP ( 'NONE', ( #2336, #1980, #1780, #710 ) ) ;
#2588 = DIRECTION ( 'NONE',  ( 0.1736481776669271948, 0.9848077530122086864, -0.000000000000000000 ) ) ;
#2589 = EDGE_CURVE ( 'NONE', #2381, #2032, #946, .T. ) ;
#2590 = DIRECTION ( 'NONE',  ( 1.000000000000000000, 0.000000000000000000, 0.000000000000000000 ) ) ;
#2591 = EDGE_CURVE ( 'NONE', #1254, #1928, #496, .T. ) ;
#2592 = ORIENTED_EDGE ( 'NONE', *, *, #1757, .T. ) ;
#2593 = CARTESIAN_POINT ( 'NONE',  ( 25.00000000000000000, 0.000000000000000000, -132.5000000000000000 ) ) ;
#2594 = PERSON_AND_ORGANIZATION ( #1630, #2189 ) ;
#2595 = CARTESIAN_POINT ( 'NONE',  ( -57.60599891314230092, 62.42999246636210842, 7.500000000000000000 ) ) ;
#2596 = DIRECTION ( 'NONE',  ( 0.6993660522065789920, 0.7147636847385188119, 0.000000000000000000 ) ) ;
#2597 = VECTOR ( 'NONE', #2323, 1000.000000000000000 ) ;
#2598 = ORIENTED_EDGE ( 'NONE', *, *, #2247, .T. ) ;
#2599 = ADVANCED_BREP_SHAPE_REPRESENTATION ( 'arm_XCGM_Default_sldprt', ( #1426, #2747 ), #572 ) ;
#2600 = VECTOR ( 'NONE', #944, 1000.000000000000000 ) ;
#2601 = PLANE ( 'NONE',  #2790 ) ;
#2602 = CIRCLE ( 'NONE', #142, 60.90834774869058066 ) ;
#2603 = DIRECTION ( 'NONE',  ( -0.6993660522065797691, -0.7147636847385179237, 0.000000000000000000 ) ) ;
#2604 = VECTOR ( 'NONE', #340, 1000.000000000000000 ) ;
#2605 = VERTEX_POINT ( 'NONE', #2751 ) ;
#2606 = VECTOR ( 'NONE', #1920, 1000.000000000000000 ) ;
#2607 = DIRECTION ( 'NONE',  ( -0.000000000000000000, -0.000000000000000000, 1.000000000000000000 ) ) ;
#2608 = CARTESIAN_POINT ( 'NONE',  ( 93.38811575907260476, 250.8447041954916017, -90.00000000000000000 ) ) ;
#2609 = AXIS2_PLACEMENT_3D ( 'NONE', #2535, #549, #1170 ) ;
#2610 = ORIENTED_EDGE ( 'NONE', *, *, #2740, .F. ) ;
#2611 = ORIENTED_EDGE ( 'NONE', *, *, #1757, .F. ) ;
#2612 = CARTESIAN_POINT ( 'NONE',  ( -57.77305039141960918, 70.21736365978394190, 77.50000000000000000 ) ) ;
#2613 = COORDINATED_UNIVERSAL_TIME_OFFSET ( 8, 0, .AHEAD. ) ;
#2614 = CARTESIAN_POINT ( 'NONE',  ( 609.8376069490901727, 2011.284752328037030, -132.5000000000000000 ) ) ;
#2615 = LINE ( 'NONE', #2696, #1954 ) ;
#2616 = EDGE_CURVE ( 'NONE', #1841, #1987, #296, .T. ) ;
#2617 = DIRECTION ( 'NONE',  ( 1.000000000000000000, 0.000000000000000000, 0.000000000000000000 ) ) ;
#2618 = ADVANCED_FACE ( 'NONE', ( #1174 ), #1634, .T. ) ;
#2619 = ORIENTED_EDGE ( 'NONE', *, *, #814, .F. ) ;
#2620 = ORIENTED_EDGE ( 'NONE', *, *, #1621, .T. ) ;
#2621 = DIRECTION ( 'NONE',  ( 1.000000000000000000, 0.000000000000000000, 0.000000000000000000 ) ) ;
#2622 = DIRECTION ( 'NONE',  ( -0.000000000000000000, -0.000000000000000000, -1.000000000000000000 ) ) ;
#2623 = AXIS2_PLACEMENT_3D ( 'NONE', #2141, #1923, #119 ) ;
#2624 = EDGE_CURVE ( 'NONE', #1398, #122, #1860, .T. ) ;
#2625 = EDGE_CURVE ( 'NONE', #662, #11, #2523, .T. ) ;
#2626 = ORIENTED_EDGE ( 'NONE', *, *, #2616, .T. ) ;
#2627 = ADVANCED_FACE ( 'NONE', ( #322 ), #1203, .F. ) ;
#2628 = FACE_OUTER_BOUND ( 'NONE', #19, .T. ) ;
#2629 = AXIS2_PLACEMENT_3D ( 'NONE', #1433, #2477, #2296 ) ;
#2630 = AXIS2_PLACEMENT_3D ( 'NONE', #302, #1402, #2053 ) ;
#2631 = SHAPE_DEFINITION_REPRESENTATION ( #1965, #2599 ) ;
#2632 = LINE ( 'NONE', #830, #2159 ) ;
#2633 = EDGE_LOOP ( 'NONE', ( #2066, #2469 ) ) ;
#2634 = CARTESIAN_POINT ( 'NONE',  ( 646.7224446980110315, 1569.081173489734510, 65.00000000000000000 ) ) ;
#2635 = ORIENTED_EDGE ( 'NONE', *, *, #1160, .T. ) ;
#2636 = DIRECTION ( 'NONE',  ( 0.000000000000000000, 0.000000000000000000, -1.000000000000000000 ) ) ;
#2637 = CARTESIAN_POINT ( 'NONE',  ( 93.38811575907260476, 250.8447041954916017, 90.00000000000000000 ) ) ;
#2638 = AXIS2_PLACEMENT_3D ( 'NONE', #2048, #397, #606 ) ;
#2639 = CIRCLE ( 'NONE', #126, 19.99999999999998934 ) ;
#2640 = ORIENTED_EDGE ( 'NONE', *, *, #2165, .F. ) ;
#2641 = DIRECTION ( 'NONE',  ( 1.000000000000000000, 0.000000000000000000, 0.000000000000000000 ) ) ;
#2642 = VERTEX_POINT ( 'NONE', #2365 ) ;
#2643 = FACE_BOUND ( 'NONE', #1659, .T. ) ;
#2644 = EDGE_LOOP ( 'NONE', ( #2784, #1013 ) ) ;
#2645 = EDGE_LOOP ( 'NONE', ( #2037, #1744 ) ) ;
#2646 = CYLINDRICAL_SURFACE ( 'NONE', #2410, 25.00000000000002132 ) ;
#2647 = VERTEX_POINT ( 'NONE', #619 ) ;
#2648 = LINE ( 'NONE', #1545, #929 ) ;
#2649 = PLANE ( 'NONE',  #1540 ) ;
#2650 = VERTEX_POINT ( 'NONE', #1034 ) ;
#2651 = ADVANCED_FACE ( 'NONE', ( #2351, #363 ), #1676, .T. ) ;
#2652 = CIRCLE ( 'NONE', #146, 19.99999999999998934 ) ;
#2653 = EDGE_LOOP ( 'NONE', ( #2560, #1372, #2677, #2075 ) ) ;
#2654 = LINE ( 'NONE', #2426, #2164 ) ;
#2655 = EDGE_CURVE ( 'NONE', #1179, #2105, #2137, .T. ) ;
#2656 = EDGE_CURVE ( 'NONE', #1484, #2267, #394, .T. ) ;
#2657 = VERTEX_POINT ( 'NONE', #1695 ) ;
#2658 = AXIS2_PLACEMENT_3D ( 'NONE', #527, #85, #269 ) ;
#2659 = ORIENTED_EDGE ( 'NONE', *, *, #2346, .F. ) ;
#2660 = DIRECTION ( 'NONE',  ( 0.9838401286342943752, -0.1790491588610656215, 0.000000000000000000 ) ) ;
#2661 = EDGE_CURVE ( 'NONE', #1427, #1486, #2335, .T. ) ;
#2662 = CARTESIAN_POINT ( 'NONE',  ( 579.8376069490901727, 2011.284752328037030, -65.00000000000000000 ) ) ;
#2663 = EDGE_CURVE ( 'NONE', #2811, #1367, #1455, .T. ) ;
#2664 = ORIENTED_EDGE ( 'NONE', *, *, #554, .F. ) ;
#2665 = DIRECTION ( 'NONE',  ( -0.000000000000000000, 0.000000000000000000, 1.000000000000000000 ) ) ;
#2666 = LINE ( 'NONE', #1323, #521 ) ;
#2667 = ORIENTED_EDGE ( 'NONE', *, *, #2098, .T. ) ;
#2668 = CARTESIAN_POINT ( 'NONE',  ( -57.60599891314230092, 62.42999246636210842, -7.500000000000000000 ) ) ;
#2669 = CARTESIAN_POINT ( 'NONE',  ( 221.3100478204222270, 1595.388559879777858, 107.5000000000000000 ) ) ;
#2670 = VERTEX_POINT ( 'NONE', #2572 ) ;
#2671 = ORIENTED_EDGE ( 'NONE', *, *, #168, .F. ) ;
#2672 = DIRECTION ( 'NONE',  ( -0.1736481776669271115, -0.9848077530122086864, -0.000000000000000000 ) ) ;
#2673 = VECTOR ( 'NONE', #2546, 1000.000000000000114 ) ;
#2674 = ORIENTED_EDGE ( 'NONE', *, *, #2787, .T. ) ;
#2675 = CIRCLE ( 'NONE', #2529, 79.99999999999984368 ) ;
#2676 = LINE ( 'NONE', #666, #1627 ) ;
#2677 = ORIENTED_EDGE ( 'NONE', *, *, #1468, .T. ) ;
#2678 = DIRECTION ( 'NONE',  ( 1.000000000000000000, 0.000000000000000000, 0.000000000000000000 ) ) ;
#2679 = DIRECTION ( 'NONE',  ( 1.000000000000000000, 0.000000000000000000, 0.000000000000000000 ) ) ;
#2680 = CC_DESIGN_PERSON_AND_ORGANIZATION_ASSIGNMENT ( #598, #1523, ( #1217 ) ) ;
#2681 = ORIENTED_EDGE ( 'NONE', *, *, #2829, .T. ) ;
#2682 = ORIENTED_EDGE ( 'NONE', *, *, #2518, .T. ) ;
#2683 = CARTESIAN_POINT ( 'NONE',  ( -38.07689533117545011, 66.74440010644539711, 62.50000000000000000 ) ) ;
#2684 = CARTESIAN_POINT ( 'NONE',  ( 780.2946008728494007, 1624.350387969222766, 65.00000000000000000 ) ) ;
#2685 = ORIENTED_EDGE ( 'NONE', *, *, #481, .F. ) ;
#2686 = ORIENTED_EDGE ( 'NONE', *, *, #2830, .T. ) ;
#2687 = DIRECTION ( 'NONE',  ( 0.000000000000000000, 0.000000000000000000, 1.000000000000000000 ) ) ;
#2688 = DIRECTION ( 'NONE',  ( -0.1736481776669271115, -0.9848077530122086864, -0.000000000000000000 ) ) ;
#2689 = LINE ( 'NONE', #2028, #1555 ) ;
#2690 = DIRECTION ( 'NONE',  ( -0.000000000000000000, -0.000000000000000000, 1.000000000000000000 ) ) ;
#2691 = CARTESIAN_POINT ( 'NONE',  ( -25.00000000000000000, 3.061616997868383043E-15, 132.5000000000000000 ) ) ;
#2692 = AXIS2_PLACEMENT_3D ( 'NONE', #2219, #1999, #1984 ) ;
#2693 = ORIENTED_EDGE ( 'NONE', *, *, #1105, .T. ) ;
#2694 = AXIS2_PLACEMENT_3D ( 'NONE', #1469, #2794, #147 ) ;
#2695 = CARTESIAN_POINT ( 'NONE',  ( -57.60599891314230092, 62.42999246636210842, -62.50000000000001421 ) ) ;
#2696 = CARTESIAN_POINT ( 'NONE',  ( 780.2946008728494007, 1624.350387969222766, -65.00000000000000000 ) ) ;
#2697 = ORIENTED_EDGE ( 'NONE', *, *, #2625, .T. ) ;
#2698 = DIRECTION ( 'NONE',  ( 0.000000000000000000, 0.000000000000000000, 1.000000000000000000 ) ) ;
#2699 = AXIS2_PLACEMENT_3D ( 'NONE', #398, #1251, #1729 ) ;
#2700 = AXIS2_PLACEMENT_3D ( 'NONE', #80, #1626, #2502 ) ;
#2701 = CARTESIAN_POINT ( 'NONE',  ( 491.1198634823963403, 1869.817665301333363, -49.99999999999996447 ) ) ;
#2702 = ORIENTED_EDGE ( 'NONE', *, *, #2403, .T. ) ;
#2703 = EDGE_CURVE ( 'NONE', #647, #1008, #2506, .T. ) ;
#2704 = EDGE_CURVE ( 'NONE', #353, #1699, #2809, .T. ) ;
#2705 = FACE_OUTER_BOUND ( 'NONE', #1768, .T. ) ;
#2706 = LINE ( 'NONE', #715, #1073 ) ;
#2707 = CARTESIAN_POINT ( 'NONE',  ( 710.0562237456707635, 1557.555052999287227, 50.00000000000000000 ) ) ;
#2708 = ORIENTED_EDGE ( 'NONE', *, *, #865, .T. ) ;
#2709 = FACE_OUTER_BOUND ( 'NONE', #2047, .T. ) ;
#2710 = DIRECTION ( 'NONE',  ( 0.1736481776669272781, 0.9848077530122085754, 0.000000000000000000 ) ) ;
#2711 = ORIENTED_EDGE ( 'NONE', *, *, #2624, .F. ) ;
#2712 = EDGE_CURVE ( 'NONE', #774, #2420, #1053, .T. ) ;
#2713 = EDGE_CURVE ( 'NONE', #248, #1398, #1861, .T. ) ;
#2714 = ORIENTED_EDGE ( 'NONE', *, *, #980, .F. ) ;
#2715 = DIRECTION ( 'NONE',  ( 1.000000000000000000, 0.000000000000000000, 0.000000000000000000 ) ) ;
#2716 =( NAMED_UNIT ( * ) PLANE_ANGLE_UNIT ( ) SI_UNIT ( $, .RADIAN. ) );
#2717 = DIRECTION ( 'NONE',  ( 0.1736481776669272781, 0.9848077530122085754, 0.000000000000000000 ) ) ;
#2718 = VECTOR ( 'NONE', #2672, 1000.000000000000114 ) ;
#2719 = CARTESIAN_POINT ( 'NONE',  ( 609.8376069490901727, 2011.284752328037030, -65.00000000000000000 ) ) ;
#2720 = CARTESIAN_POINT ( 'NONE',  ( 0.000000000000000000, 0.000000000000000000, -132.5000000000000000 ) ) ;
#2721 = EDGE_LOOP ( 'NONE', ( #1644, #966, #1382, #2415 ) ) ;
#2722 = DIRECTION ( 'NONE',  ( 0.000000000000000000, 0.000000000000000000, 1.000000000000000000 ) ) ;
#2723 = ORIENTED_EDGE ( 'NONE', *, *, #726, .T. ) ;
#2724 = CARTESIAN_POINT ( 'NONE',  ( 668.2413811590949990, 2028.571336244536951, 50.00000000000000000 ) ) ;
#2725 = ORIENTED_EDGE ( 'NONE', *, *, #2187, .F. ) ;
#2726 = LINE ( 'NONE', #1429, #1839 ) ;
#2727 = ORIENTED_EDGE ( 'NONE', *, *, #1377, .T. ) ;
#2728 = DIRECTION ( 'NONE',  ( -0.1736481776669271115, -0.9848077530122086864, -0.000000000000000000 ) ) ;
#2729 = PLANE ( 'NONE',  #1855 ) ;
#2730 = DIRECTION ( 'NONE',  ( -0.000000000000000000, -0.000000000000000000, 1.000000000000000000 ) ) ;
#2731 = FACE_OUTER_BOUND ( 'NONE', #1221, .T. ) ;
#2732 = ORIENTED_EDGE ( 'NONE', *, *, #1011, .T. ) ;
#2733 = EDGE_LOOP ( 'NONE', ( #1390, #1647, #1591, #869, #2711, #1383, #2681, #824, #1344, #1357, #113, #2753 ) ) ;
#2734 = CARTESIAN_POINT ( 'NONE',  ( 46.74134872827989540, 656.5997250114111239, -77.50000000000001421 ) ) ;
#2735 = DIRECTION ( 'NONE',  ( 0.000000000000000000, 0.000000000000000000, 1.000000000000000000 ) ) ;
#2736 = CIRCLE ( 'NONE', #279, 20.00000000000001776 ) ;
#2737 = VECTOR ( 'NONE', #526, 1000.000000000000000 ) ;
#2738 = EDGE_CURVE ( 'NONE', #1968, #2481, #522, .T. ) ;
#2739 = VERTEX_POINT ( 'NONE', #163 ) ;
#2740 = EDGE_CURVE ( 'NONE', #212, #248, #470, .T. ) ;
#2741 = DIRECTION ( 'NONE',  ( 0.1815689199582223023, -0.9833782218989826074, 0.000000000000000000 ) ) ;
#2742 = ORIENTED_EDGE ( 'NONE', *, *, #1936, .F. ) ;
#2743 = AXIS2_PLACEMENT_3D ( 'NONE', #334, #768, #1869 ) ;
#2744 = CARTESIAN_POINT ( 'NONE',  ( 281.3100478204222554, 1595.388559879777858, -107.5000000000000000 ) ) ;
#2745 = VECTOR ( 'NONE', #1646, 1000.000000000000000 ) ;
#2746 = CARTESIAN_POINT ( 'NONE',  ( 720.7991732773352851, 1616.585460717344858, -65.00000000000000000 ) ) ;
#2747 = AXIS2_PLACEMENT_3D ( 'NONE', #1701, #2347, #1898 ) ;
#2748 = EDGE_CURVE ( 'NONE', #1041, #1398, #1721, .T. ) ;
#2749 = EDGE_LOOP ( 'NONE', ( #1609, #1349, #1784, #775 ) ) ;
#2750 = CARTESIAN_POINT ( 'NONE',  ( 311.3100478204223123, 1595.388559879777858, -132.5000000000000000 ) ) ;
#2751 = CARTESIAN_POINT ( 'NONE',  ( 742.9728526854286201, 1826.485171714987700, 50.00000000000000000 ) ) ;
#2752 = ADVANCED_FACE ( 'NONE', ( #1007, #1502 ), #1888, .T. ) ;
#2753 = ORIENTED_EDGE ( 'NONE', *, *, #1806, .F. ) ;
#2754 = CARTESIAN_POINT ( 'NONE',  ( 609.8376069490901727, 2011.284752328037030, 65.00000000000000000 ) ) ;
#2755 = DIRECTION ( 'NONE',  ( -0.000000000000000000, -0.000000000000000000, 1.000000000000000000 ) ) ;
#2756 = ORIENTED_EDGE ( 'NONE', *, *, #2005, .F. ) ;
#2757 = ORIENTED_EDGE ( 'NONE', *, *, #1208, .F. ) ;
#2758 = CYLINDRICAL_SURFACE ( 'NONE', #2341, 30.00000000000002842 ) ;
#2759 = EDGE_CURVE ( 'NONE', #2481, #1699, #1020, .T. ) ;
#2760 = CYLINDRICAL_SURFACE ( 'NONE', #7, 79.99999999999984368 ) ;
#2761 = DIRECTION ( 'NONE',  ( -0.000000000000000000, 0.000000000000000000, 1.000000000000000000 ) ) ;
#2762 = CARTESIAN_POINT ( 'NONE',  ( -38.07689533117545011, 66.74440010644539711, -7.500000000000000000 ) ) ;
#2763 = VECTOR ( 'NONE', #2376, 1000.000000000000000 ) ;
#2764 = ORIENTED_EDGE ( 'NONE', *, *, #1325, .F. ) ;
#2765 = DIRECTION ( 'NONE',  ( -1.000000000000000000, 0.000000000000000000, 0.000000000000000000 ) ) ;
#2766 = PLANE ( 'NONE',  #1163 ) ;
#2767 = AXIS2_PLACEMENT_3D ( 'NONE', #678, #665, #219 ) ;
#2768 = ORIENTED_EDGE ( 'NONE', *, *, #1245, .T. ) ;
#2769 = CARTESIAN_POINT ( 'NONE',  ( -60.00000000000000000, 1.734723475976807094E-15, 132.5000000000000000 ) ) ;
#2770 = CARTESIAN_POINT ( 'NONE',  ( 281.3100478204222554, 1595.388559879777858, 107.5000000000000000 ) ) ;
#2771 = ADVANCED_FACE ( 'NONE', ( #2054 ), #736, .F. ) ;
#2772 = ORIENTED_EDGE ( 'NONE', *, *, #2538, .F. ) ;
#2773 = CARTESIAN_POINT ( 'NONE',  ( 341.3100478204222554, 1595.388559879777858, 107.5000000000000000 ) ) ;
#2774 = CARTESIAN_POINT ( 'NONE',  ( 93.38811575907260476, 250.8447041954916017, -89.00000000000000000 ) ) ;
#2775 = FACE_OUTER_BOUND ( 'NONE', #503, .T. ) ;
#2776 = DIRECTION ( 'NONE',  ( 0.000000000000000000, 0.000000000000000000, 1.000000000000000000 ) ) ;
#2777 = VERTEX_POINT ( 'NONE', #1656 ) ;
#2778 = DIRECTION ( 'NONE',  ( 0.000000000000000000, 0.000000000000000000, 1.000000000000000000 ) ) ;
#2779 = CARTESIAN_POINT ( 'NONE',  ( 548.3009582614776036, 1813.868381124807229, -89.00000000000000000 ) ) ;
#2780 = EDGE_LOOP ( 'NONE', ( #763, #226, #2212, #1797 ) ) ;
#2781 = CARTESIAN_POINT ( 'NONE',  ( 93.38811575907260476, 250.8447041954916017, -132.5000000000000000 ) ) ;
#2782 = DIRECTION ( 'NONE',  ( -0.000000000000000000, 0.000000000000000000, 1.000000000000000000 ) ) ;
#2783 = ORIENTED_EDGE ( 'NONE', *, *, #2616, .F. ) ;
#2784 = ORIENTED_EDGE ( 'NONE', *, *, #1188, .T. ) ;
#2785 = DIRECTION ( 'NONE',  ( -0.000000000000000000, -0.000000000000000000, -1.000000000000000000 ) ) ;
#2786 = VECTOR ( 'NONE', #1009, 1000.000000000000000 ) ;
#2787 = EDGE_CURVE ( 'NONE', #1125, #1532, #64, .T. ) ;
#2788 = CALENDAR_DATE ( 2026, 25, 8 ) ;
#2789 = DIRECTION ( 'NONE',  ( 0.000000000000000000, 0.000000000000000000, 1.000000000000000000 ) ) ;
#2790 = AXIS2_PLACEMENT_3D ( 'NONE', #2117, #1937, #618 ) ;
#2791 = DIRECTION ( 'NONE',  ( 0.000000000000000000, 0.000000000000000000, 1.000000000000000000 ) ) ;
#2792 = CIRCLE ( 'NONE', #418, 25.00000000000000711 ) ;
#2793 = EDGE_LOOP ( 'NONE', ( #729, #502, #573, #1848, #2640, #1755 ) ) ;
#2794 = DIRECTION ( 'NONE',  ( -0.000000000000000000, 0.000000000000000000, 1.000000000000000000 ) ) ;
#2795 = DIRECTION ( 'NONE',  ( 1.000000000000000000, 0.000000000000000000, 0.000000000000000000 ) ) ;
#2796 = CIRCLE ( 'NONE', #2609, 25.00000000000000711 ) ;
#2797 = ORIENTED_EDGE ( 'NONE', *, *, #1117, .T. ) ;
#2798 = LINE ( 'NONE', #557, #2597 ) ;
#2799 = PLANE ( 'NONE',  #2143 ) ;
#2800 = ORIENTED_EDGE ( 'NONE', *, *, #1198, .F. ) ;
#2801 = FACE_OUTER_BOUND ( 'NONE', #444, .T. ) ;
#2802 = EDGE_CURVE ( 'NONE', #1490, #580, #2069, .T. ) ;
#2803 = PERSON_AND_ORGANIZATION ( #1630, #2189 ) ;
#2804 = DIRECTION ( 'NONE',  ( 0.9366590624179427227, -0.3502424885566290946, -0.000000000000000000 ) ) ;
#2805 = FACE_OUTER_BOUND ( 'NONE', #2845, .T. ) ;
#2806 = EDGE_CURVE ( 'NONE', #471, #1205, #985, .T. ) ;
#2807 = CARTESIAN_POINT ( 'NONE',  ( 59.96272178968664690, 680.3424031177195275, 7.500000000000007105 ) ) ;
#2808 = EDGE_CURVE ( 'NONE', #1973, #1360, #1213, .T. ) ;
#2809 = LINE ( 'NONE', #823, #1735 ) ;
#2810 = CIRCLE ( 'NONE', #215, 30.00000000000002842 ) ;
#2811 = VERTEX_POINT ( 'NONE', #1670 ) ;
#2812 = DIRECTION ( 'NONE',  ( 1.000000000000000000, 0.000000000000000000, 0.000000000000000000 ) ) ;
#2813 = CARTESIAN_POINT ( 'NONE',  ( 548.3009582614776036, 1813.868381124807229, 89.00000000000000000 ) ) ;
#2814 = AXIS2_PLACEMENT_3D ( 'NONE', #767, #2536, #1451 ) ;
#2815 = AXIS2_PLACEMENT_3D ( 'NONE', #1798, #2687, #1981 ) ;
#2816 = ORIENTED_EDGE ( 'NONE', *, *, #1284, .T. ) ;
#2817 = ORIENTED_EDGE ( 'NONE', *, *, #136, .F. ) ;
#2818 = LINE ( 'NONE', #2385, #1930 ) ;
#2819 = APPROVAL_DATE_TIME ( #1076, #1560 ) ;
#2820 = DIRECTION ( 'NONE',  ( -1.000000000000000000, 0.000000000000000000, 0.000000000000000000 ) ) ;
#2821 = LINE ( 'NONE', #1434, #2837 ) ;
#2822 = LINE ( 'NONE', #1500, #327 ) ;
#2823 = DIRECTION ( 'NONE',  ( -0.000000000000000000, 0.000000000000000000, 1.000000000000000000 ) ) ;
#2824 = ORIENTED_EDGE ( 'NONE', *, *, #1082, .F. ) ;
#2825 = DIRECTION ( 'NONE',  ( 0.9366590624179427227, -0.3502424885566290946, -0.000000000000000000 ) ) ;
#2826 = DIRECTION ( 'NONE',  ( 1.000000000000000000, 0.000000000000000000, -0.000000000000000000 ) ) ;
#2827 = ORIENTED_EDGE ( 'NONE', *, *, #1726, .T. ) ;
#2828 = CYLINDRICAL_SURFACE ( 'NONE', #2160, 60.00000000000001421 ) ;
#2829 = EDGE_CURVE ( 'NONE', #1041, #471, #784, .T. ) ;
#2830 = EDGE_CURVE ( 'NONE', #2420, #2032, #2796, .T. ) ;
#2831 = EDGE_CURVE ( 'NONE', #2777, #402, #2091, .T. ) ;
#2832 = CARTESIAN_POINT ( 'NONE',  ( 720.7991732773352851, 1616.585460717344858, -65.00000000000000000 ) ) ;
#2833 = FACE_BOUND ( 'NONE', #1211, .T. ) ;
#2834 = AXIS2_PLACEMENT_3D ( 'NONE', #2863, #2636, #2016 ) ;
#2835 = VECTOR ( 'NONE', #446, 1000.000000000000000 ) ;
#2836 = DIRECTION ( 'NONE',  ( 0.9764551790983431179, 0.2157203820041649067, -0.000000000000000000 ) ) ;
#2837 = VECTOR ( 'NONE', #159, 1000.000000000000000 ) ;
#2838 = EDGE_CURVE ( 'NONE', #212, #88, #754, .T. ) ;
#2839 = ADVANCED_FACE ( 'NONE', ( #1642 ), #2328, .T. ) ;
#2840 = ORIENTED_EDGE ( 'NONE', *, *, #1238, .F. ) ;
#2841 = VECTOR ( 'NONE', #1470, 1000.000000000000000 ) ;
#2842 = CARTESIAN_POINT ( 'NONE',  ( 52.63981195257953516, -19.68346805702280733, 90.00000000000000000 ) ) ;
#2843 = DIRECTION ( 'NONE',  ( 0.000000000000000000, 0.000000000000000000, 1.000000000000000000 ) ) ;
#2844 = AXIS2_PLACEMENT_3D ( 'NONE', #130, #2823, #2795 ) ;
#2845 = EDGE_LOOP ( 'NONE', ( #368, #1927, #975, #1503 ) ) ;
#2846 = LINE ( 'NONE', #156, #1653 ) ;
#2847 = DIRECTION ( 'NONE',  ( -0.000000000000000000, 0.000000000000000000, 1.000000000000000000 ) ) ;
#2848 = CARTESIAN_POINT ( 'NONE',  ( -52.81544661460818446, 40.74562699664585352, 7.500000000000000000 ) ) ;
#2849 = VECTOR ( 'NONE', #500, 1000.000000000000000 ) ;
#2850 = ORIENTED_EDGE ( 'NONE', *, *, #867, .T. ) ;
#2851 = LINE ( 'NONE', #462, #1902 ) ;
#2852 = EDGE_LOOP ( 'NONE', ( #435, #722, #2367, #2480 ) ) ;
#2853 = FACE_OUTER_BOUND ( 'NONE', #44, .T. ) ;
#2854 = ORIENTED_EDGE ( 'NONE', *, *, #1074, .F. ) ;
#2855 = CARTESIAN_POINT ( 'NONE',  ( 59.96272178968664690, 680.3424031177195275, 62.50000000000000000 ) ) ;
#2856 = ADVANCED_FACE ( 'NONE', ( #1001 ), #1417, .T. ) ;
#2857 = AXIS2_PLACEMENT_3D ( 'NONE', #1802, #1601, #700 ) ;
#2858 = ORIENTED_EDGE ( 'NONE', *, *, #2830, .F. ) ;
#2859 = DIRECTION ( 'NONE',  ( 1.000000000000000000, 0.000000000000000000, 0.000000000000000000 ) ) ;
#2860 = ADVANCED_FACE ( 'NONE', ( #317 ), #2760, .T. ) ;
#2861 = DIRECTION ( 'NONE',  ( 0.000000000000000000, 0.000000000000000000, 1.000000000000000000 ) ) ;
#2862 = VERTEX_POINT ( 'NONE', #331 ) ;
#2863 = CARTESIAN_POINT ( 'NONE',  ( 720.7991732773352851, 1616.585460717344858, -65.00000000000000000 ) ) ;
#2864 = CARTESIAN_POINT ( 'NONE',  ( 281.3100478204222554, 1595.388559879777858, -107.5000000000000000 ) ) ;
#2865 = ORIENTED_EDGE ( 'NONE', *, *, #726, .F. ) ;
#2866 = ORIENTED_EDGE ( 'NONE', *, *, #776, .T. ) ;
#2867 = LINE ( 'NONE', #312, #783 ) ;
#2868 = ORIENTED_EDGE ( 'NONE', *, *, #1775, .F. ) ;
#2869 = CARTESIAN_POINT ( 'NONE',  ( 609.8376069490901727, 2011.284752328037030, -65.00000000000000000 ) ) ;
#2870 = ADVANCED_FACE ( 'NONE', ( #1197 ), #1867, .T. ) ;
#2871 = AXIS2_PLACEMENT_3D ( 'NONE', #906, #209, #642 ) ;
#2872 = CARTESIAN_POINT ( 'NONE',  ( 46.74134872827989540, 656.5997250114111239, 7.500000000000000000 ) ) ;
#2873 = VECTOR ( 'NONE', #1600, 1000.000000000000114 ) ;
#2874 = CIRCLE ( 'NONE', #138, 25.00000000000000711 ) ;
#2875 = CARTESIAN_POINT ( 'NONE',  ( 64.21480130981946388, 646.8694395643809685, 77.50000000000000000 ) ) ;
#2876 = VECTOR ( 'NONE', #706, 1000.000000000000000 ) ;
#2877 = CARTESIAN_POINT ( 'NONE',  ( 720.7991732773352851, 1616.585460717344858, 65.00000000000000000 ) ) ;
#2878 = CYLINDRICAL_SURFACE ( 'NONE', #2272, 30.00000000000002842 ) ;
#2879 = AXIS2_PLACEMENT_3D ( 'NONE', #1127, #2021, #925 ) ;
#2880 = VERTEX_POINT ( 'NONE', #2774 ) ;
#2881 = VECTOR ( 'NONE', #2074, 1000.000000000000000 ) ;
#2882 = EDGE_LOOP ( 'NONE', ( #2541, #1428, #1162, #2368, #780, #1190 ) ) ;
ENDSEC;
END-ISO-10303-21;
