ISO-10303-21;
HEADER;
FILE_DESCRIPTION (( 'STEP AP203' ),
    '1' );
FILE_NAME ('Boom_Housing_Default_sldprt.STEP',
    '2026-08-25T02:56:46',
    ( '' ),
    ( '' ),
    'SwSTEP 2.0',
    'SolidWorks 2026',
    '' );
FILE_SCHEMA (( 'CONFIG_CONTROL_DESIGN' ));
ENDSEC;

DATA;
#1 = CARTESIAN_POINT ( 'NONE',  ( -24.10781564401083088, 41.01255270777475204, -50.42787483517507496 ) ) ;
#2 = DIRECTION ( 'NONE',  ( 0.000000000000000000, 0.000000000000000000, -1.000000000000000000 ) ) ;
#3 = CC_DESIGN_PERSON_AND_ORGANIZATION_ASSIGNMENT ( #351, #783, ( #974 ) ) ;
#4 = ORIENTED_EDGE ( 'NONE', *, *, #500, .F. ) ;
#5 = CARTESIAN_POINT ( 'NONE',  ( -17.00000000000001421, -60.00000000000000000, -25.00000000000001066 ) ) ;
#6 = DIRECTION ( 'NONE',  ( 1.000000000000000000, -0.000000000000000000, -0.000000000000000000 ) ) ;
#7 = APPROVAL_ROLE ( '' ) ;
#8 = CARTESIAN_POINT ( 'NONE',  ( -17.31554775536302415, 30.29273457064802599, -57.50956685436950977 ) ) ;
#9 = CARTESIAN_POINT ( 'NONE',  ( -24.21938041687745624, 41.05282570510721740, 50.39509446235043555 ) ) ;
#10 = EDGE_LOOP ( 'NONE', ( #417, #1214, #4 ) ) ;
#11 = EDGE_CURVE ( 'NONE', #1167, #122, #845, .T. ) ;
#12 = DIRECTION ( 'NONE',  ( 0.000000000000000000, 0.000000000000000000, 1.000000000000000000 ) ) ;
#13 = CARTESIAN_POINT ( 'NONE',  ( -18.71639846719546085, 54.39838506436290544, -35.57833078967268392 ) ) ;
#14 = CARTESIAN_POINT ( 'NONE',  ( -17.63487682125365552, 32.23565364796182564, -56.45227971987931426 ) ) ;
#15 = CARTESIAN_POINT ( 'NONE',  ( -23.73310644874527142, 40.87745430609481190, 50.53784199553119549 ) ) ;
#16 = ORIENTED_EDGE ( 'NONE', *, *, #1173, .F. ) ;
#17 = CARTESIAN_POINT ( 'NONE',  ( -87.00000000000000000, 0.000000000000000000, 50.00000000000000000 ) ) ;
#18 = LINE ( 'NONE', #898, #815 ) ;
#19 = APPROVAL_ROLE ( '' ) ;
#20 = CIRCLE ( 'NONE', #1385, 35.00000000000000000 ) ;
#21 = CARTESIAN_POINT ( 'NONE',  ( -18.04792344183285735, -55.49185334926425384, 33.86618713879906295 ) ) ;
#22 = CARTESIAN_POINT ( 'NONE',  ( -23.46252153776596217, -50.64016567524783596, -40.75050588649501293 ) ) ;
#23 = ORIENTED_EDGE ( 'NONE', *, *, #1151, .F. ) ;
#24 = DIRECTION ( 'NONE',  ( 1.000000000000000000, -0.000000000000000000, -0.000000000000000000 ) ) ;
#25 = B_SPLINE_CURVE_WITH_KNOTS ( 'NONE', 3,
 ( #897, #680, #139, #554, #238, #672, #129, #569, #355, #619, #608, #488, #1354, #153, #68, #76, #692, #482, #921, #1054, #830, #502, #402, #409, #1262, #1253, #1130, #510, #268, #1363, #394, #1025, #168, #493, #719, #289, #932, #1239, #823, #589, #59, #927, #808, #1370, #940, #183, #378, #698, #384, #47, #712, #1349, #1138, #163 ),
 .UNSPECIFIED., .F., .F.,
 ( 4, 2, 2, 1, 1, 1, 1, 1, 2, 2, 2, 2, 1, 1, 1, 1, 1, 2, 2, 2, 2, 1, 1, 1, 1, 1, 2, 2, 2, 2, 1, 1, 1, 2, 2, 4 ),
 ( 0.000000000000000000, 0.1250000000000659472, 0.1875000000000989209, 0.2187500000001154077, 0.2343750000001236511, 0.2421875000001272871, 0.2460937500001291467, 0.2480468750001298406, 0.2490234375001301736, 0.2500000000001305067, 0.3750000000001616485, 0.4375000000001773581, 0.4687500000001851297, 0.4843750000001884048, 0.4921875000001895706, 0.4960937500001900702, 0.4980468750001900147, 0.4990234375001893485, 0.5000000000001886269, 0.6250000000001258993, 0.6875000000000951461, 0.7187500000000793809, 0.7343750000000720535, 0.7421875000000680567, 0.7460937500000657252, 0.7480468750000647260, 0.7490234375000642819, 0.7500000000000639488, 0.8125000000000467404, 0.8437500000000379696, 0.8593750000000335287, 0.8671875000000313083, 0.8710937500000299760, 0.8730468750000293099, 0.8750000000000285327, 1.000000000000000000 ),
 .UNSPECIFIED. ) ;
#26 = CARTESIAN_POINT ( 'NONE',  ( -87.00000000000000000, 0.000000000000000000, 50.00000000000000000 ) ) ;
#27 = CARTESIAN_POINT ( 'NONE',  ( -17.29272165764324498, -57.59975720617897110, 30.12102572077395735 ) ) ;
#28 = CARTESIAN_POINT ( 'NONE',  ( -17.32310750727821258, 30.34816326022670196, 57.48033632160512241 ) ) ;
#29 = ORIENTED_EDGE ( 'NONE', *, *, #331, .T. ) ;
#30 = CARTESIAN_POINT ( 'NONE',  ( 845.0000000000000000, 0.000000000000000000, -35.00000000000000000 ) ) ;
#31 = CYLINDRICAL_SURFACE ( 'NONE', #221, 54.99999999999984368 ) ;
#32 = EDGE_CURVE ( 'NONE', #296, #195, #1403, .T. ) ;
#33 = CALENDAR_DATE ( 2026, 25, 8 ) ;
#34 = CARTESIAN_POINT ( 'NONE',  ( -17.00000000000000000, 60.00000000000000000, 25.00000000000000000 ) ) ;
#35 = CARTESIAN_POINT ( 'NONE',  ( -17.97365748159082344, -33.52488969145133524, 55.68959583348338782 ) ) ;
#36 = EDGE_CURVE ( 'NONE', #704, #1327, #413, .T. ) ;
#37 = ORIENTED_EDGE ( 'NONE', *, *, #99, .F. ) ;
#38 = CARTESIAN_POINT ( 'NONE',  ( -18.64399086181495591, -54.50732327490968743, -35.41120885545257835 ) ) ;
#39 = FACE_OUTER_BOUND ( 'NONE', #991, .T. ) ;
#40 = PERSON_AND_ORGANIZATION ( #671, #746 ) ;
#41 = VECTOR ( 'NONE', #436, 1000.000000000000000 ) ;
#42 = CARTESIAN_POINT ( 'NONE',  ( -40.00000000000000000, 7.960204194457797252E-15, -65.00000000000000000 ) ) ;
#43 = CIRCLE ( 'NONE', #414, 50.00000000000000000 ) ;
#44 = CARTESIAN_POINT ( 'NONE',  ( -17.74787947049842884, 32.66570435690471896, 56.19787426396137420 ) ) ;
#45 = APPROVAL_PERSON_ORGANIZATION ( #113, #360, #7 ) ;
#46 = VERTEX_POINT ( 'NONE', #524 ) ;
#47 = CARTESIAN_POINT ( 'NONE',  ( -24.13454275224558998, 50.41989275935030435, 41.02236529182224700 ) ) ;
#48 = DIRECTION ( 'NONE',  ( -1.000000000000000000, 0.000000000000000000, 0.000000000000000000 ) ) ;
#49 = CARTESIAN_POINT ( 'NONE',  ( -24.21938041687606358, -41.05282570510726714, -50.39509446235037871 ) ) ;
#50 = CARTESIAN_POINT ( 'NONE',  ( -17.45425366173095583, -31.31076701346394842, 56.97278029463631555 ) ) ;
#51 = ORIENTED_EDGE ( 'NONE', *, *, #1362, .F. ) ;
#52 = CARTESIAN_POINT ( 'NONE',  ( -87.00000000000000000, 0.000000000000000000, -50.00000000000000000 ) ) ;
#53 = ADVANCED_FACE ( 'NONE', ( #172 ), #499, .F. ) ;
#54 = LINE ( 'NONE', #1055, #1404 ) ;
#55 = CARTESIAN_POINT ( 'NONE',  ( -23.31691097561080639, -40.68641424499513448, -50.69221717564705187 ) ) ;
#56 = CARTESIAN_POINT ( 'NONE',  ( -18.84619613485510214, 35.86611070036870075, 54.20933268202066557 ) ) ;
#57 = DESIGN_CONTEXT ( 'detailed design', #287, 'design' ) ;
#58 = ORIENTED_EDGE ( 'NONE', *, *, #185, .T. ) ;
#59 = CARTESIAN_POINT ( 'NONE',  ( -22.11614703865198095, 51.26459655605833632, 39.96359313134838231 ) ) ;
#60 = DIRECTION ( 'NONE',  ( -1.000000000000000000, 0.000000000000000000, 0.000000000000000000 ) ) ;
#61 = CARTESIAN_POINT ( 'NONE',  ( -21.81948242286854267, -39.72525542862963732, -51.44808123768483199 ) ) ;
#62 = CARTESIAN_POINT ( 'NONE',  ( -22.11614703871450160, -39.96359313139421232, 51.26459655602302234 ) ) ;
#63 = AXIS2_PLACEMENT_3D ( 'NONE', #759, #530, #964 ) ;
#64 = AXIS2_PLACEMENT_3D ( 'NONE', #935, #269, #1364 ) ;
#65 = ORIENTED_EDGE ( 'NONE', *, *, #399, .F. ) ;
#66 = CIRCLE ( 'NONE', #724, 24.99999999999998579 ) ;
#67 = VERTEX_POINT ( 'NONE', #201 ) ;
#68 = CARTESIAN_POINT ( 'NONE',  ( -17.45425366173497039, 56.97278029463114279, 31.31076701347378233 ) ) ;
#69 = APPLICATION_CONTEXT ( 'configuration controlled 3d designs of mechanical parts and assemblies' ) ;
#70 = FACE_OUTER_BOUND ( 'NONE', #711, .T. ) ;
#71 = CARTESIAN_POINT ( 'NONE',  ( -17.38058962041371558, -30.74817705216459274, -57.26764565811255636 ) ) ;
#72 = DIRECTION ( 'NONE',  ( 1.000000000000000000, 0.000000000000000000, 0.000000000000000000 ) ) ;
#73 = PRODUCT_DEFINITION_SHAPE ( 'NONE', 'NONE',  #611 ) ;
#74 = CARTESIAN_POINT ( 'NONE',  ( -17.02657175968888836, 26.93424048397844928, -59.16508041654352468 ) ) ;
#75 = ORIENTED_EDGE ( 'NONE', *, *, #439, .F. ) ;
#76 = CARTESIAN_POINT ( 'NONE',  ( -17.63487682125106915, 56.45227971987336701, 32.23565364797219956 ) ) ;
#77 = CARTESIAN_POINT ( 'NONE',  ( -27.00000000000000000, -41.53311931459039386, 50.00000000000000000 ) ) ;
#78 = CARTESIAN_POINT ( 'NONE',  ( -17.74787947049777515, -32.66570435690729823, -56.19787426395983942 ) ) ;
#79 = CARTESIAN_POINT ( 'NONE',  ( -24.46072591656801265, -50.32708834081550009, 41.13624240826957390 ) ) ;
#80 = ADVANCED_FACE ( 'NONE', ( #828 ), #1155, .F. ) ;
#81 = ORIENTED_EDGE ( 'NONE', *, *, #750, .T. ) ;
#82 = ORIENTED_EDGE ( 'NONE', *, *, #1109, .F. ) ;
#83 = CARTESIAN_POINT ( 'NONE',  ( -20.31083657933766062, -52.54311660683039520, -38.27088553017383532 ) ) ;
#84 = DIRECTION ( 'NONE',  ( 1.000000000000000000, -0.000000000000000000, -0.000000000000000000 ) ) ;
#85 = CARTESIAN_POINT ( 'NONE',  ( -21.90314028777320132, -39.79028701208821417, -51.39782948861880385 ) ) ;
#86 = CARTESIAN_POINT ( 'NONE',  ( -21.70147977937383033, -39.63126998594601957, 51.52050676312825317 ) ) ;
#87 = ORIENTED_EDGE ( 'NONE', *, *, #99, .T. ) ;
#88 = CIRCLE ( 'NONE', #494, 50.00000000000000000 ) ;
#89 = EDGE_LOOP ( 'NONE', ( #209, #814 ) ) ;
#90 = AXIS2_PLACEMENT_3D ( 'NONE', #340, #772, #12 ) ;
#91 = DIRECTION ( 'NONE',  ( 1.000000000000000000, 0.000000000000000000, -0.000000000000000000 ) ) ;
#92 = CARTESIAN_POINT ( 'NONE',  ( -18.67645457400388054, 54.45817576800472182, -35.48671777740018030 ) ) ;
#93 = CARTESIAN_POINT ( 'NONE',  ( -27.00000000000000000, -41.53311931459039386, 50.00000000000000000 ) ) ;
#94 = DIRECTION ( 'NONE',  ( 1.000000000000000000, 0.000000000000000000, 0.000000000000000000 ) ) ;
#95 = ORIENTED_EDGE ( 'NONE', *, *, #330, .T. ) ;
#96 = CYLINDRICAL_SURFACE ( 'NONE', #590, 35.00000000000000000 ) ;
#97 = DIRECTION ( 'NONE',  ( 0.000000000000000000, 0.000000000000000000, 1.000000000000000000 ) ) ;
#98 = CARTESIAN_POINT ( 'NONE',  ( -27.00000000000000000, 41.53311931459039386, -50.00000000000000000 ) ) ;
#99 = EDGE_CURVE ( 'NONE', #1114, #649, #522, .T. ) ;
#100 = VERTEX_POINT ( 'NONE', #616 ) ;
#101 = EDGE_CURVE ( 'NONE', #100, #677, #1051, .T. ) ;
#102 = DIRECTION ( 'NONE',  ( 0.000000000000000000, 0.000000000000000000, -1.000000000000000000 ) ) ;
#103 = EDGE_CURVE ( 'NONE', #649, #1114, #768, .T. ) ;
#104 = CARTESIAN_POINT ( 'NONE',  ( -17.44726246080531595, 57.03905571137109121, -31.17173624799524845 ) ) ;
#105 = CARTESIAN_POINT ( 'NONE',  ( -17.00000000000000000, -50.00000000000000000, 50.00000000000000000 ) ) ;
#106 = CARTESIAN_POINT ( 'NONE',  ( -26.03616055361723625, 41.53311931459036543, -50.00000000000001421 ) ) ;
#107 = CARTESIAN_POINT ( 'NONE',  ( -17.00000000000001421, -49.99999999999998579, -41.53311931459038675 ) ) ;
#108 = VERTEX_POINT ( 'NONE', #1092 ) ;
#109 = EDGE_CURVE ( 'NONE', #1383, #160, #1308, .T. ) ;
#110 = CARTESIAN_POINT ( 'NONE',  ( -17.00000000000000000, 50.00000000000000000, 41.53311931459039386 ) ) ;
#111 = CIRCLE ( 'NONE', #159, 65.00000000000000000 ) ;
#112 = CARTESIAN_POINT ( 'NONE',  ( -21.74111275152306888, 51.49597405724691868, -39.66314008045591066 ) ) ;
#113 = PERSON_AND_ORGANIZATION ( #671, #746 ) ;
#114 = CARTESIAN_POINT ( 'NONE',  ( -17.00000000000000000, 41.53311931459039386, 50.00000000000000000 ) ) ;
#115 = CARTESIAN_POINT ( 'NONE',  ( -24.63931090832278414, -50.28195850244349430, -41.19136627022734132 ) ) ;
#116 = ADVANCED_FACE ( 'NONE', ( #777 ), #767, .F. ) ;
#117 = EDGE_LOOP ( 'NONE', ( #559, #1181 ) ) ;
#118 = CARTESIAN_POINT ( 'NONE',  ( -18.04789486325883985, -55.49194689477430131, -33.86604106279045823 ) ) ;
#119 = DIRECTION ( 'NONE',  ( 0.000000000000000000, 0.000000000000000000, -1.000000000000000000 ) ) ;
#120 = CARTESIAN_POINT ( 'NONE',  ( -23.11452834727215233, 40.57203139321919139, -50.78318191293466555 ) ) ;
#121 = FACE_OUTER_BOUND ( 'NONE', #605, .T. ) ;
#122 = VERTEX_POINT ( 'NONE', #114 ) ;
#123 = DIRECTION ( 'NONE',  ( 0.000000000000000000, 0.000000000000000000, -1.000000000000000000 ) ) ;
#124 = DIRECTION ( 'NONE',  ( 0.000000000000000000, 0.000000000000000000, -1.000000000000000000 ) ) ;
#125 = CALENDAR_DATE ( 2026, 25, 8 ) ;
#126 = CARTESIAN_POINT ( 'NONE',  ( -17.00000000000001421, 0.000000000000000000, 0.000000000000000000 ) ) ;
#127 = CARTESIAN_POINT ( 'NONE',  ( -87.00000000000000000, 0.000000000000000000, 50.00000000000000000 ) ) ;
#128 = ORIENTED_EDGE ( 'NONE', *, *, #331, .F. ) ;
#129 = CARTESIAN_POINT ( 'NONE',  ( -17.23167252978745978, 57.85803798625677530, 29.62324976942726096 ) ) ;
#130 = VECTOR ( 'NONE', #1314, 1000.000000000000000 ) ;
#131 = AXIS2_PLACEMENT_3D ( 'NONE', #1335, #148, #476 ) ;
#132 = CARTESIAN_POINT ( 'NONE',  ( 805.0000000000000000, 4.286263797015735707E-15, 34.99999999999999289 ) ) ;
#133 = DATE_TIME_ROLE ( 'creation_date' ) ;
#134 = SECURITY_CLASSIFICATION ( '', '', #701 ) ;
#135 = CARTESIAN_POINT ( 'NONE',  ( -17.34255233731172652, -57.40543548743313096, 30.49009689051482042 ) ) ;
#136 = CARTESIAN_POINT ( 'NONE',  ( -18.75923876657995493, 35.67495929703150637, 54.33511633988177891 ) ) ;
#137 = ORIENTED_EDGE ( 'NONE', *, *, #504, .F. ) ;
#138 = ADVANCED_FACE ( 'NONE', ( #535 ), #968, .F. ) ;
#139 = CARTESIAN_POINT ( 'NONE',  ( -17.02657175968888481, 59.16508041655433914, 26.93424048395469939 ) ) ;
#140 = EDGE_CURVE ( 'NONE', #1360, #1390, #478, .T. ) ;
#141 = CARTESIAN_POINT ( 'NONE',  ( -17.00000000000000000, 50.00000000000000000, -50.00000000000000000 ) ) ;
#142 = DATE_TIME_ROLE ( 'classification_date' ) ;
#143 = DIRECTION ( 'NONE',  ( 0.000000000000000000, 0.000000000000000000, -1.000000000000000000 ) ) ;
#144 = CARTESIAN_POINT ( 'NONE',  ( -18.30120531259538552, -34.53453422000622197, 55.06741990726838765 ) ) ;
#145 = ORIENTED_EDGE ( 'NONE', *, *, #225, .F. ) ;
#146 = CARTESIAN_POINT ( 'NONE',  ( -87.00000000000000000, 0.000000000000000000, 50.00000000000000000 ) ) ;
#147 = EDGE_CURVE ( 'NONE', #296, #401, #358, .T. ) ;
#148 = DIRECTION ( 'NONE',  ( -1.000000000000000000, 0.000000000000000000, 0.000000000000000000 ) ) ;
#149 = CARTESIAN_POINT ( 'NONE',  ( -26.51819969886480166, -41.53311931459028727, -50.00000000000008527 ) ) ;
#150 = CARTESIAN_POINT ( 'NONE',  ( -87.00000000000000000, 50.00000000000000000, 50.00000000000000000 ) ) ;
#151 = ORIENTED_EDGE ( 'NONE', *, *, #1365, .F. ) ;
#152 = ORIENTED_EDGE ( 'NONE', *, *, #463, .T. ) ;
#153 = CARTESIAN_POINT ( 'NONE',  ( -17.31780336200512949, 57.50080478350421487, 30.30936367304755663 ) ) ;
#154 = CARTESIAN_POINT ( 'NONE',  ( 845.0000000000000000, 0.000000000000000000, 0.000000000000000000 ) ) ;
#155 = AXIS2_PLACEMENT_3D ( 'NONE', #774, #464, #1215 ) ;
#156 = CARTESIAN_POINT ( 'NONE',  ( -18.64391401241936208, -54.50743570364279833, 35.41103578157058251 ) ) ;
#157 = VECTOR ( 'NONE', #1169, 1000.000000000000000 ) ;
#158 = CARTESIAN_POINT ( 'NONE',  ( -21.75992901053347595, 39.67815333874922601, 51.48440718728535614 ) ) ;
#159 = AXIS2_PLACEMENT_3D ( 'NONE', #1307, #1102, #1190 ) ;
#160 = VERTEX_POINT ( 'NONE', #1222 ) ;
#161 = EDGE_CURVE ( 'NONE', #1192, #829, #1232, .T. ) ;
#162 = ORIENTED_EDGE ( 'NONE', *, *, #463, .F. ) ;
#163 = CARTESIAN_POINT ( 'NONE',  ( -27.00000000000000000, 50.00000000000000000, 41.53311931459039386 ) ) ;
#164 = PLANE ( 'NONE',  #387 ) ;
#165 = CARTESIAN_POINT ( 'NONE',  ( -111.9999999999999716, 3.061616997868380282E-15, 50.00000000000000000 ) ) ;
#166 = CARTESIAN_POINT ( 'NONE',  ( -17.00000000000000000, -25.99490460639010792, 59.58545641400412762 ) ) ;
#167 = EDGE_LOOP ( 'NONE', ( #710, #1020 ) ) ;
#168 = CARTESIAN_POINT ( 'NONE',  ( -21.19416455655497700, 51.85418819383881583, 39.19432833310441566 ) ) ;
#169 = DIRECTION ( 'NONE',  ( 1.000000000000000000, 0.000000000000000000, -0.000000000000000000 ) ) ;
#170 = CARTESIAN_POINT ( 'NONE',  ( -27.00000000000000000, 50.00000000000000000, 41.53311931459039386 ) ) ;
#171 = PLANE ( 'NONE',  #658 ) ;
#172 = FACE_OUTER_BOUND ( 'NONE', #1252, .T. ) ;
#173 = ORIENTED_EDGE ( 'NONE', *, *, #356, .F. ) ;
#174 = CARTESIAN_POINT ( 'NONE',  ( -27.00000000000000000, -60.00000000000000000, 0.000000000000000000 ) ) ;
#175 = DIRECTION ( 'NONE',  ( 0.000000000000000000, 0.000000000000000000, -1.000000000000000000 ) ) ;
#176 = CARTESIAN_POINT ( 'NONE',  ( -22.51152764476789159, -40.22018563159429050, -51.06236627077423407 ) ) ;
#177 = LINE ( 'NONE', #412, #1272 ) ;
#178 = VECTOR ( 'NONE', #723, 1000.000000000000000 ) ;
#179 = VECTOR ( 'NONE', #430, 1000.000000000000000 ) ;
#180 = DIRECTION ( 'NONE',  ( -1.000000000000000000, 0.000000000000000000, 0.000000000000000000 ) ) ;
#181 = CC_DESIGN_APPROVAL ( #360, ( #611 ) ) ;
#182 = ORIENTED_EDGE ( 'NONE', *, *, #1365, .T. ) ;
#183 = CARTESIAN_POINT ( 'NONE',  ( -23.78911076903702693, 50.52839415381566823, 40.88871131139953263 ) ) ;
#184 = CARTESIAN_POINT ( 'NONE',  ( -17.00000000000000000, 50.00000000000000000, -41.53311931459039386 ) ) ;
#185 = EDGE_CURVE ( 'NONE', #67, #1383, #894, .T. ) ;
#186 = CARTESIAN_POINT ( 'NONE',  ( -18.08666013084352642, -33.95493625621014644, -55.43518337229124882 ) ) ;
#187 = CARTESIAN_POINT ( 'NONE',  ( -25.53554850769647899, -50.08117683257699326, 41.43597269168974861 ) ) ;
#188 = EDGE_LOOP ( 'NONE', ( #152, #342 ) ) ;
#189 = EDGE_LOOP ( 'NONE', ( #1094, #531, #977 ) ) ;
#190 = CARTESIAN_POINT ( 'NONE',  ( -27.00000000000000000, -50.00000000000000000, 41.53311931459039386 ) ) ;
#191 = FACE_OUTER_BOUND ( 'NONE', #1321, .T. ) ;
#192 = CARTESIAN_POINT ( 'NONE',  ( -18.68606044709011016, -35.50887698183262131, -54.44372989263391815 ) ) ;
#193 = DIRECTION ( 'NONE',  ( 0.000000000000000000, 1.000000000000000000, 0.000000000000000000 ) ) ;
#194 = ORIENTED_EDGE ( 'NONE', *, *, #766, .T. ) ;
#195 = VERTEX_POINT ( 'NONE', #682 ) ;
#196 = CARTESIAN_POINT ( 'NONE',  ( -23.98693397092362645, -50.46434734882800655, -40.96769958614609664 ) ) ;
#197 = CARTESIAN_POINT ( 'NONE',  ( -17.21272512457863613, -57.93454734224477676, -29.47701620032239589 ) ) ;
#198 = ADVANCED_BREP_SHAPE_REPRESENTATION ( 'Boom_Housing_Default_sldprt', ( #1105, #224 ), #796 ) ;
#199 = CARTESIAN_POINT ( 'NONE',  ( -21.81948242286005168, 51.44808123768743968, -39.72525542862625514 ) ) ;
#200 = CARTESIAN_POINT ( 'NONE',  ( -24.13454275224946244, -41.02236529182479785, 50.41989275934822246 ) ) ;
#201 = CARTESIAN_POINT ( 'NONE',  ( -87.00000000000000000, -50.00000000000000000, 50.00000000000000000 ) ) ;
#202 = AXIS2_PLACEMENT_3D ( 'NONE', #938, #717, #400 ) ;
#203 = CIRCLE ( 'NONE', #860, 24.99999999999998579 ) ;
#204 = ORIENTED_EDGE ( 'NONE', *, *, #1193, .F. ) ;
#205 = LINE ( 'NONE', #110, #699 ) ;
#206 = EDGE_CURVE ( 'NONE', #1147, #1065, #1002, .T. ) ;
#207 = CARTESIAN_POINT ( 'NONE',  ( -17.00000000000001421, 0.000000000000000000, 0.000000000000000000 ) ) ;
#208 = CARTESIAN_POINT ( 'NONE',  ( -19.05971256987953666, 36.37394054068946048, -53.88016529416817235 ) ) ;
#209 = ORIENTED_EDGE ( 'NONE', *, *, #538, .F. ) ;
#210 = DIRECTION ( 'NONE',  ( 0.000000000000000000, -1.000000000000000000, 0.000000000000000000 ) ) ;
#211 = CARTESIAN_POINT ( 'NONE',  ( -18.68001640250572137, 54.45281251179552839, -35.49494722757382448 ) ) ;
#212 = CARTESIAN_POINT ( 'NONE',  ( -21.65926164430797130, -51.54664224333073719, 39.59731637042819585 ) ) ;
#213 = CARTESIAN_POINT ( 'NONE',  ( 805.0000000000000000, 0.000000000000000000, 0.000000000000000000 ) ) ;
#214 = EDGE_CURVE ( 'NONE', #122, #337, #1182, .T. ) ;
#215 = ORIENTED_EDGE ( 'NONE', *, *, #356, .T. ) ;
#216 = CARTESIAN_POINT ( 'NONE',  ( -17.00000000000000000, -25.00000000000000000, 60.00000000000000000 ) ) ;
#217 = CARTESIAN_POINT ( 'NONE',  ( -19.18742020998983122, 53.75338563584339369, -36.54628739609734112 ) ) ;
#218 = CARTESIAN_POINT ( 'NONE',  ( -19.50775772748305315, 37.16388883190001735, -53.33455271362124250 ) ) ;
#219 = CARTESIAN_POINT ( 'NONE',  ( -26.04074165719055856, 41.49157992677917406, 50.03459287172028525 ) ) ;
#220 = EDGE_LOOP ( 'NONE', ( #481, #243 ) ) ;
#221 = AXIS2_PLACEMENT_3D ( 'NONE', #262, #782, #469 ) ;
#222 = CIRCLE ( 'NONE', #888, 65.00000000000000000 ) ;
#223 = CARTESIAN_POINT ( 'NONE',  ( -17.31382000974564761, -57.51627819208460579, -30.27999753674413697 ) ) ;
#224 = AXIS2_PLACEMENT_3D ( 'NONE', #862, #1294, #752 ) ;
#225 = EDGE_CURVE ( 'NONE', #1065, #546, #203, .T. ) ;
#226 = CARTESIAN_POINT ( 'NONE',  ( -17.32310750727844706, 57.48033632160473161, -30.34816326022745159 ) ) ;
#227 = CARTESIAN_POINT ( 'NONE',  ( -20.73203874964880100, -52.18594259154717463, 38.75458679008378482 ) ) ;
#228 = CARTESIAN_POINT ( 'NONE',  ( -17.31720200309754887, 30.30493526533896187, -57.50313857615549296 ) ) ;
#229 = DIRECTION ( 'NONE',  ( 0.000000000000000000, 0.000000000000000000, -1.000000000000000000 ) ) ;
#230 = ORIENTED_EDGE ( 'NONE', *, *, #663, .T. ) ;
#231 = FACE_OUTER_BOUND ( 'NONE', #1035, .T. ) ;
#232 = ORIENTED_EDGE ( 'NONE', *, *, #101, .T. ) ;
#233 = DIRECTION ( 'NONE',  ( -1.000000000000000000, 0.000000000000000000, 0.000000000000000000 ) ) ;
#234 = CARTESIAN_POINT ( 'NONE',  ( -22.83228472316550040, -50.89132081672524066, 40.43794546749540331 ) ) ;
#235 = CARTESIAN_POINT ( 'NONE',  ( -25.08992898912310210, 41.36747103499551770, -50.13900037609946736 ) ) ;
#236 = CARTESIAN_POINT ( 'NONE',  ( -87.00000000000000000, 50.00000000000000000, 50.00000000000000000 ) ) ;
#237 = ORIENTED_EDGE ( 'NONE', *, *, #290, .F. ) ;
#238 = CARTESIAN_POINT ( 'NONE',  ( -17.13950173836663637, 58.32660019754955982, 28.69188594029235162 ) ) ;
#239 = DIRECTION ( 'NONE',  ( -1.000000000000000000, -0.000000000000000000, 0.000000000000000000 ) ) ;
#240 = COORDINATED_UNIVERSAL_TIME_OFFSET ( 8, 0, .AHEAD. ) ;
#241 = DIRECTION ( 'NONE',  ( 0.000000000000000000, 0.000000000000000000, -1.000000000000000000 ) ) ;
#242 = CARTESIAN_POINT ( 'NONE',  ( -17.63487682124504730, -32.23565364795776134, 56.45227971988160931 ) ) ;
#243 = ORIENTED_EDGE ( 'NONE', *, *, #643, .T. ) ;
#244 = CARTESIAN_POINT ( 'NONE',  ( -18.80901455949067014, -54.25939215212417110, -35.79142405596157062 ) ) ;
#245 = VECTOR ( 'NONE', #602, 1000.000000000000000 ) ;
#246 = VECTOR ( 'NONE', #124, 1000.000000000000000 ) ;
#247 = CYLINDRICAL_SURFACE ( 'NONE', #933, 24.99999999999998224 ) ;
#248 = PERSON_AND_ORGANIZATION_ROLE ( 'classification_officer' ) ;
#249 = LOCAL_TIME ( 10, 56, 46.00000000000000000, #240 ) ;
#250 = CARTESIAN_POINT ( 'NONE',  ( -17.16206919568892530, -58.19200190074402457, 28.96618509395227292 ) ) ;
#251 = CARTESIAN_POINT ( 'NONE',  ( -17.19928819766663608, -29.31609286134646908, 58.01397117676737025 ) ) ;
#252 = ORIENTED_EDGE ( 'NONE', *, *, #1274, .F. ) ;
#253 = EDGE_CURVE ( 'NONE', #1041, #501, #487, .T. ) ;
#254 = CARTESIAN_POINT ( 'NONE',  ( -17.34256257179928085, -57.40538381994940664, -30.49019397917160745 ) ) ;
#255 = CC_DESIGN_PERSON_AND_ORGANIZATION_ASSIGNMENT ( #893, #365, ( #974 ) ) ;
#256 = LINE ( 'NONE', #1124, #566 ) ;
#257 = DATE_AND_TIME ( #33, #1225 ) ;
#258 = DIRECTION ( 'NONE',  ( 1.000000000000000000, 0.000000000000000000, 0.000000000000000000 ) ) ;
#259 = CARTESIAN_POINT ( 'NONE',  ( -18.08666013084419788, 33.95493625620758849, 55.43518337229281912 ) ) ;
#260 = ORIENTED_EDGE ( 'NONE', *, *, #1234, .F. ) ;
#261 = DIRECTION ( 'NONE',  ( 0.000000000000000000, 0.000000000000000000, -1.000000000000000000 ) ) ;
#262 = CARTESIAN_POINT ( 'NONE',  ( 845.0000000000000000, 0.000000000000000000, 0.000000000000000000 ) ) ;
#263 = CARTESIAN_POINT ( 'NONE',  ( -25.09559565754051391, -41.31444892306846128, -50.18090159666240169 ) ) ;
#264 = EDGE_CURVE ( 'NONE', #690, #108, #942, .T. ) ;
#265 = CARTESIAN_POINT ( 'NONE',  ( -19.76311437553743389, 37.51120185286180941, 53.08570449868614105 ) ) ;
#266 = ORIENTED_EDGE ( 'NONE', *, *, #791, .F. ) ;
#267 = B_SPLINE_CURVE_WITH_KNOTS ( 'NONE', 3,
 ( #544, #880, #219, #552, #451, #983, #1168, #438, #873, #9, #445, #1205, #15, #662, #1320, #346, #1211, #669, #1104, #1029, #1112, #158, #485, #466, #925, #902, #265, #1243, #382, #1141, #56, #136, #359, #1230, #572, #1332, #471, #1003, #259, #44, #479, #695, #1034, #578, #593, #813, #689, #28, #790, #676, #1127, #491, #273 ),
 .UNSPECIFIED., .F., .F.,
 ( 4, 2, 2, 1, 1, 1, 2, 2, 2, 2, 1, 1, 1, 1, 2, 2, 2, 2, 1, 1, 1, 1, 1, 2, 2, 2, 2, 1, 1, 1, 1, 1, 2, 2, 4 ),
 ( 0.000000000000000000, 0.06249999999998935574, 0.09374999999998404054, 0.1093749999999815842, 0.1171874999999801270, 0.1210937499999794609, 0.1230468749999791278, 0.1249999999999787947, 0.1874999999999635847, 0.2187499999999559519, 0.2343749999999519273, 0.2421874999999495959, 0.2460937499999484301, 0.2480468749999480693, 0.2490234374999479028, 0.2499999999999477363, 0.3749999999999364397, 0.4374999999999310552, 0.4687499999999280575, 0.4843749999999266698, 0.4921874999999257816, 0.4960937499999248379, 0.4980468749999242828, 0.4990234374999242828, 0.4999999999999242828, 0.6249999999999137357, 0.6874999999999081846, 0.7187499999999055200, 0.7343749999999041878, 0.7421874999999034106, 0.7460937499999032996, 0.7480468749999034106, 0.7490234374999036326, 0.7499999999999037437, 1.000000000000000000 ),
 .UNSPECIFIED. ) ;
#268 = CARTESIAN_POINT ( 'NONE',  ( -19.50775772748471937, 53.33455271363193617, 37.16388883188461989 ) ) ;
#269 = DIRECTION ( 'NONE',  ( -1.000000000000000000, 0.000000000000000000, 0.000000000000000000 ) ) ;
#270 = APPROVAL_DATE_TIME ( #257, #360 ) ;
#271 = DIRECTION ( 'NONE',  ( 1.000000000000000000, 0.000000000000000000, 0.000000000000000000 ) ) ;
#272 = AXIS2_PLACEMENT_3D ( 'NONE', #447, #780, #1006 ) ;
#273 = CARTESIAN_POINT ( 'NONE',  ( -17.00000000000001421, 25.00000000000000000, 60.00000000000000000 ) ) ;
#274 = EDGE_LOOP ( 'NONE', ( #1198, #230, #946, #1289, #16, #173, #1023, #999 ) ) ;
#275 = FACE_OUTER_BOUND ( 'NONE', #189, .T. ) ;
#276 = CARTESIAN_POINT ( 'NONE',  ( 845.0000000000000000, 0.000000000000000000, 0.000000000000000000 ) ) ;
#277 = CARTESIAN_POINT ( 'NONE',  ( -17.31969148375688050, -30.32321952810059784, -57.49349880549621616 ) ) ;
#278 = DIRECTION ( 'NONE',  ( -0.000000000000000000, 0.000000000000000000, -1.000000000000000000 ) ) ;
#279 = ORIENTED_EDGE ( 'NONE', *, *, #944, .F. ) ;
#280 = ORIENTED_EDGE ( 'NONE', *, *, #750, .F. ) ;
#281 = CARTESIAN_POINT ( 'NONE',  ( 805.0000000000000000, 6.735557395310430782E-15, 54.99999999999990052 ) ) ;
#282 = DIRECTION ( 'NONE',  ( 1.000000000000000000, 0.000000000000000000, 0.000000000000000000 ) ) ;
#283 = CARTESIAN_POINT ( 'NONE',  ( -22.07144067022838030, -39.91718808056177181, -51.29943946362325846 ) ) ;
#284 = CARTESIAN_POINT ( 'NONE',  ( -23.11452834731719364, -40.57203139325802965, 50.78318191290365746 ) ) ;
#285 = DIRECTION ( 'NONE',  ( 0.000000000000000000, 0.000000000000000000, -1.000000000000000000 ) ) ;
#286 = EDGE_CURVE ( 'NONE', #1192, #456, #957, .T. ) ;
#287 = APPLICATION_CONTEXT ( 'configuration controlled 3d designs of mechanical parts and assemblies' ) ;
#288 = ORIENTED_EDGE ( 'NONE', *, *, #1255, .F. ) ;
#289 = CARTESIAN_POINT ( 'NONE',  ( -21.66691328089511615, 51.54207721557914823, 39.60321949539041952 ) ) ;
#290 = EDGE_CURVE ( 'NONE', #1238, #567, #1067, .T. ) ;
#291 = CARTESIAN_POINT ( 'NONE',  ( 805.0000000000000000, 54.99999999999989342, 0.000000000000000000 ) ) ;
#292 = CARTESIAN_POINT ( 'NONE',  ( -21.77777657199694161, -39.69234346125821844, -51.47347005524705565 ) ) ;
#293 = DIRECTION ( 'NONE',  ( -1.000000000000000000, 0.000000000000000000, 0.000000000000000000 ) ) ;
#294 = VECTOR ( 'NONE', #94, 1000.000000000000000 ) ;
#295 = CIRCLE ( 'NONE', #272, 65.00000000000000000 ) ;
#296 = VERTEX_POINT ( 'NONE', #1056 ) ;
#297 = CIRCLE ( 'NONE', #1091, 54.99999999999979394 ) ;
#298 = ORIENTED_EDGE ( 'NONE', *, *, #642, .F. ) ;
#299 = DIRECTION ( 'NONE',  ( 0.000000000000000000, 0.000000000000000000, 1.000000000000000000 ) ) ;
#300 = DIRECTION ( 'NONE',  ( 1.000000000000000000, 0.000000000000000000, 0.000000000000000000 ) ) ;
#301 = CARTESIAN_POINT ( 'NONE',  ( -25.09559565753356480, 50.18090159666243721, -41.31444892306840444 ) ) ;
#302 = CARTESIAN_POINT ( 'NONE',  ( -19.50775772749259218, -37.16388883190246162, 53.33455271361948746 ) ) ;
#303 = DIRECTION ( 'NONE',  ( -1.000000000000000000, -0.000000000000000000, 0.000000000000000000 ) ) ;
#304 = EDGE_LOOP ( 'NONE', ( #252, #536, #29, #1283 ) ) ;
#305 = CARTESIAN_POINT ( 'NONE',  ( -21.86260205404156309, -51.42213077012142719, -39.75884514085374377 ) ) ;
#306 = DIRECTION ( 'NONE',  ( 0.000000000000000000, 1.000000000000000000, 0.000000000000000000 ) ) ;
#307 = CARTESIAN_POINT ( 'NONE',  ( -111.9999999999999716, 3.061616997868380282E-15, -50.00000000000000000 ) ) ;
#308 = CARTESIAN_POINT ( 'NONE',  ( -20.27329998195829575, -38.20506722604977057, 52.58854556670097935 ) ) ;
#309 = EDGE_CURVE ( 'NONE', #392, #546, #1379, .T. ) ;
#310 = VERTEX_POINT ( 'NONE', #1153 ) ;
#311 = ORIENTED_EDGE ( 'NONE', *, *, #903, .F. ) ;
#312 = CARTESIAN_POINT ( 'NONE',  ( -17.30672224761370970, -57.54407490576588913, -30.22716465201950342 ) ) ;
#313 = CARTESIAN_POINT ( 'NONE',  ( -18.68606044708954528, 54.44372989263479212, -35.50887698183134233 ) ) ;
#314 = CARTESIAN_POINT ( 'NONE',  ( -21.75019332664412985, -51.49031541389927469, 39.67049742759213160 ) ) ;
#315 = CARTESIAN_POINT ( 'NONE',  ( -23.31964911968868748, 40.67690928700571362, -50.69915325640836556 ) ) ;
#316 = AXIS2_PLACEMENT_3D ( 'NONE', #291, #840, #410 ) ;
#317 = EDGE_LOOP ( 'NONE', ( #516, #51, #23, #1059 ) ) ;
#318 = CC_DESIGN_SECURITY_CLASSIFICATION ( #134, ( #974 ) ) ;
#319 = LINE ( 'NONE', #1194, #612 ) ;
#320 = CARTESIAN_POINT ( 'NONE',  ( -17.00000000000000000, 50.00000000000000000, 50.00000000000000000 ) ) ;
#321 = DIRECTION ( 'NONE',  ( 0.000000000000000000, 0.000000000000000000, 1.000000000000000000 ) ) ;
#322 = CARTESIAN_POINT ( 'NONE',  ( -21.19416455655413145, 39.19432833311202558, -51.85418819383306044 ) ) ;
#323 = ORIENTED_EDGE ( 'NONE', *, *, #109, .T. ) ;
#324 = FACE_OUTER_BOUND ( 'NONE', #304, .T. ) ;
#325 = CARTESIAN_POINT ( 'NONE',  ( -21.74803649725100030, 51.49171108473728253, -39.66867435855956359 ) ) ;
#326 = CARTESIAN_POINT ( 'NONE',  ( -23.54145308364548228, -50.60869026622055600, 40.78967631660935211 ) ) ;
#327 = CARTESIAN_POINT ( 'NONE',  ( -23.97454637850339054, 40.96238659711112007, -50.46864464194640476 ) ) ;
#328 = CARTESIAN_POINT ( 'NONE',  ( -24.10945908190016951, -50.42729431043791521, -41.01327047990521635 ) ) ;
#329 = VERTEX_POINT ( 'NONE', #1140 ) ;
#330 = EDGE_CURVE ( 'NONE', #108, #1360, #1080, .T. ) ;
#331 = EDGE_CURVE ( 'NONE', #734, #1383, #88, .T. ) ;
#332 = CARTESIAN_POINT ( 'NONE',  ( -17.00000000000000000, 41.53311931459039386, -50.00000000000000000 ) ) ;
#333 = CARTESIAN_POINT ( 'NONE',  ( -19.76311437552064021, 53.08570449871618280, -37.51120185281924080 ) ) ;
#334 = CARTESIAN_POINT ( 'NONE',  ( -21.30407792501528519, -51.77972194856115351, 39.29222006351375995 ) ) ;
#335 = CARTESIAN_POINT ( 'NONE',  ( -21.59809977691969607, 39.54665765146847889, -51.58550955019070017 ) ) ;
#336 = CARTESIAN_POINT ( 'NONE',  ( -21.47920090929717674, -51.66081969397243512, -39.44854479481234932 ) ) ;
#337 = VERTEX_POINT ( 'NONE', #971 ) ;
#338 = AXIS2_PLACEMENT_3D ( 'NONE', #1381, #303, #1064 ) ;
#339 = VECTOR ( 'NONE', #306, 1000.000000000000000 ) ;
#340 = CARTESIAN_POINT ( 'NONE',  ( -40.00000000000000000, 0.000000000000000000, 0.000000000000000000 ) ) ;
#341 = AXIS2_PLACEMENT_3D ( 'NONE', #963, #878, #321 ) ;
#342 = ORIENTED_EDGE ( 'NONE', *, *, #1046, .T. ) ;
#343 = FACE_OUTER_BOUND ( 'NONE', #408, .T. ) ;
#344 = FACE_OUTER_BOUND ( 'NONE', #10, .T. ) ;
#345 = CARTESIAN_POINT ( 'NONE',  ( -87.00000000000000000, -50.00000000000000000, -50.00000000000000000 ) ) ;
#346 = CARTESIAN_POINT ( 'NONE',  ( -22.51152764476598378, 40.22018563159883087, 51.06236627077066004 ) ) ;
#347 = ORIENTED_EDGE ( 'NONE', *, *, #504, .T. ) ;
#348 = FACE_OUTER_BOUND ( 'NONE', #896, .T. ) ;
#349 = VERTEX_POINT ( 'NONE', #1293 ) ;
#350 = DIRECTION ( 'NONE',  ( 0.000000000000000000, 0.000000000000000000, -1.000000000000000000 ) ) ;
#351 = PERSON_AND_ORGANIZATION ( #671, #746 ) ;
#352 = CARTESIAN_POINT ( 'NONE',  ( -18.60174451428674658, -54.57208069902712566, 35.31141597977959634 ) ) ;
#353 = CARTESIAN_POINT ( 'NONE',  ( -17.29597411231582882, -30.14578604217839342, 57.58677772231403225 ) ) ;
#354 = VERTEX_POINT ( 'NONE', #1408 ) ;
#355 = CARTESIAN_POINT ( 'NONE',  ( -17.29597411231581816, 57.58677772231229142, 30.14578604218172586 ) ) ;
#356 = EDGE_CURVE ( 'NONE', #625, #1238, #660, .T. ) ;
#357 = DIRECTION ( 'NONE',  ( 1.000000000000000000, 0.000000000000000000, 0.000000000000000000 ) ) ;
#358 = LINE ( 'NONE', #42, #543 ) ;
#359 = CARTESIAN_POINT ( 'NONE',  ( -18.71639846719672207, 35.57833078967578899, 54.39838506436087329 ) ) ;
#360 = APPROVAL ( #980, '未' ) ;
#361 = VERTEX_POINT ( 'NONE', #1185 ) ;
#362 = DIRECTION ( 'NONE',  ( 1.000000000000000000, -0.000000000000000000, -0.000000000000000000 ) ) ;
#363 = CIRCLE ( 'NONE', #1086, 65.00000000000000000 ) ;
#364 = DIRECTION ( 'NONE',  ( 0.000000000000000000, 0.000000000000000000, -1.000000000000000000 ) ) ;
#365 = PERSON_AND_ORGANIZATION_ROLE ( 'creator' ) ;
#366 = AXIS2_PLACEMENT_3D ( 'NONE', #174, #1247, #595 ) ;
#367 = EDGE_CURVE ( 'NONE', #100, #401, #363, .T. ) ;
#368 = DIRECTION ( 'NONE',  ( -0.000000000000000000, -0.000000000000000000, 1.000000000000000000 ) ) ;
#369 = CARTESIAN_POINT ( 'NONE',  ( -18.63954140116814528, -35.40069693421164487, 54.51414470272539603 ) ) ;
#370 = ORIENTED_EDGE ( 'NONE', *, *, #214, .F. ) ;
#371 = DIRECTION ( 'NONE',  ( 1.000000000000000000, -0.000000000000000000, -0.000000000000000000 ) ) ;
#372 = EDGE_CURVE ( 'NONE', #1099, #46, #453, .T. ) ;
#373 = PLANE ( 'NONE',  #316 ) ;
#374 = CALENDAR_DATE ( 2026, 25, 8 ) ;
#375 = CARTESIAN_POINT ( 'NONE',  ( -87.00000000000000000, -50.00000000000000000, 50.00000000000000000 ) ) ;
#376 = CARTESIAN_POINT ( 'NONE',  ( -19.05971256988592089, -36.37394054069117999, 53.88016529416704259 ) ) ;
#377 = ORIENTED_EDGE ( 'NONE', *, *, #473, .T. ) ;
#378 = CARTESIAN_POINT ( 'NONE',  ( -23.97454637849005366, 50.46864464195269306, 40.96238659710331831 ) ) ;
#379 = DIRECTION ( 'NONE',  ( 0.000000000000000000, 0.000000000000000000, 1.000000000000000000 ) ) ;
#380 = DATE_AND_TIME ( #374, #1386 ) ;
#381 = CARTESIAN_POINT ( 'NONE',  ( -17.31891793129334189, -57.49648835208692077, 30.31755101546932707 ) ) ;
#382 = CARTESIAN_POINT ( 'NONE',  ( -19.18742021000105069, 36.54628739612608967, 53.75338563582386087 ) ) ;
#383 = VERTEX_POINT ( 'NONE', #1281 ) ;
#384 = CARTESIAN_POINT ( 'NONE',  ( -24.10781564400685184, 50.42787483517689395, 41.01255270777250672 ) ) ;
#385 = VECTOR ( 'NONE', #1323, 1000.000000000000000 ) ;
#386 = PLANE ( 'NONE',  #863 ) ;
#387 = AXIS2_PLACEMENT_3D ( 'NONE', #1032, #169, #1240 ) ;
#388 = B_SPLINE_CURVE_WITH_KNOTS ( 'NONE', 3,
 ( #565, #83, #769, #626, #336, #997, #655, #517, #305, #1093, #1060, #22, #1384, #196, #328, #728, #460, #887, #115, #953, #895, #760 ),
 .UNSPECIFIED., .F., .F.,
 ( 4, 2, 1, 2, 2, 1, 1, 2, 1, 2, 2, 2, 4 ),
 ( 0.6174326451109269920, 0.7130744838331900537, 0.7369849435137557636, 0.7489401733540386186, 0.7549177882741803236, 0.7608954031943220286, 0.8087163225554572232, 0.8565372419165924178, 0.8684924717568762720, 0.8744700866770185321, 0.8804477015971605702, 0.9043581612777287226, 1.000000000000000000 ),
 .UNSPECIFIED. ) ;
#389 = CARTESIAN_POINT ( 'NONE',  ( -18.68001640250601270, -35.49494722757446397, -54.45281251179512338 ) ) ;
#390 = AXIS2_PLACEMENT_3D ( 'NONE', #468, #371, #261 ) ;
#391 = FACE_OUTER_BOUND ( 'NONE', #1180, .T. ) ;
#392 = VERTEX_POINT ( 'NONE', #307 ) ;
#393 = ORIENTED_EDGE ( 'NONE', *, *, #372, .F. ) ;
#394 = CARTESIAN_POINT ( 'NONE',  ( -20.54405981978225171, 52.35189415484401110, 38.52815919174905446 ) ) ;
#395 = CARTESIAN_POINT ( 'NONE',  ( -137.0000000000000000, 0.000000000000000000, -50.00000000000000000 ) ) ;
#396 = ADVANCED_FACE ( 'NONE', ( #737 ), #1178, .F. ) ;
#397 = CARTESIAN_POINT ( 'NONE',  ( -24.26295901220453999, 50.38259068304166988, -41.06817328954095103 ) ) ;
#398 = CARTESIAN_POINT ( 'NONE',  ( -24.06776042769525858, -40.99772712190522839, 50.43993118239062312 ) ) ;
#399 = EDGE_CURVE ( 'NONE', #160, #329, #18, .T. ) ;
#400 = DIRECTION ( 'NONE',  ( 0.000000000000000000, 0.000000000000000000, 1.000000000000000000 ) ) ;
#401 = VERTEX_POINT ( 'NONE', #803 ) ;
#402 = CARTESIAN_POINT ( 'NONE',  ( -18.63954140116856806, 54.51414470272489865, 35.40069693421239805 ) ) ;
#403 = CYLINDRICAL_SURFACE ( 'NONE', #1291, 35.00000000000000000 ) ;
#404 = CARTESIAN_POINT ( 'NONE',  ( -18.71639846719746814, -35.57833078967719587, -54.39838506435997090 ) ) ;
#405 = CARTESIAN_POINT ( 'NONE',  ( -26.26268970723221585, -50.00000000000017053, 41.53311931459019490 ) ) ;
#406 = EDGE_CURVE ( 'NONE', #310, #574, #1228, .T. ) ;
#407 = ORIENTED_EDGE ( 'NONE', *, *, #109, .F. ) ;
#408 = EDGE_LOOP ( 'NONE', ( #726, #1391, #87, #446 ) ) ;
#409 = CARTESIAN_POINT ( 'NONE',  ( -18.65672393020279074, 54.48800682740772316, 35.44090066076866918 ) ) ;
#410 = DIRECTION ( 'NONE',  ( -0.000000000000000000, 0.000000000000000000, -1.000000000000000000 ) ) ;
#411 = CARTESIAN_POINT ( 'NONE',  ( -18.67645457400394449, -35.48671777740023003, -54.45817576800469340 ) ) ;
#412 = CARTESIAN_POINT ( 'NONE',  ( 845.0000000000000000, 0.000000000000000000, -54.99999999999984368 ) ) ;
#413 = CIRCLE ( 'NONE', #792, 65.00000000000000000 ) ;
#414 = AXIS2_PLACEMENT_3D ( 'NONE', #809, #1254, #282 ) ;
#415 = CARTESIAN_POINT ( 'NONE',  ( 805.0000000000000000, 0.000000000000000000, 0.000000000000000000 ) ) ;
#416 = CIRCLE ( 'NONE', #914, 50.00000000000000000 ) ;
#417 = ORIENTED_EDGE ( 'NONE', *, *, #1407, .F. ) ;
#418 = CARTESIAN_POINT ( 'NONE',  ( -27.00000000000000000, -60.00000000000000000, 0.000000000000000000 ) ) ;
#419 = CC_DESIGN_DATE_AND_TIME_ASSIGNMENT ( #994, #142, ( #134 ) ) ;
#420 = LINE ( 'NONE', #1305, #745 ) ;
#421 = EDGE_CURVE ( 'NONE', #1147, #392, #475, .T. ) ;
#422 = CARTESIAN_POINT ( 'NONE',  ( -21.74111275152297651, -39.66314008045551276, -51.49597405724723842 ) ) ;
#423 = DIRECTION ( 'NONE',  ( 1.000000000000000000, -0.000000000000000000, -0.000000000000000000 ) ) ;
#424 = CARTESIAN_POINT ( 'NONE',  ( -17.00000000000001421, 25.00000000000001066, -60.00000000000000000 ) ) ;
#425 = ORIENTED_EDGE ( 'NONE', *, *, #1173, .T. ) ;
#426 = CARTESIAN_POINT ( 'NONE',  ( -17.00000000000000000, -50.00000000000000000, -41.53311931459039386 ) ) ;
#427 = CARTESIAN_POINT ( 'NONE',  ( -20.52865662998633312, 52.33969237877629865, -38.55237668376526727 ) ) ;
#428 = CARTESIAN_POINT ( 'NONE',  ( -22.11614703868448117, 39.96359313136787961, -51.26459655604331545 ) ) ;
#429 = ORIENTED_EDGE ( 'NONE', *, *, #795, .F. ) ;
#430 = DIRECTION ( 'NONE',  ( 1.000000000000000000, 0.000000000000000000, 0.000000000000000000 ) ) ;
#431 = CARTESIAN_POINT ( 'NONE',  ( -18.08666013085570512, 55.43518337227362736, -33.95493625623893763 ) ) ;
#432 = CARTESIAN_POINT ( 'NONE',  ( -24.14679556147683925, 41.02683056821752672, -50.41625947237257321 ) ) ;
#433 = ORIENTED_EDGE ( 'NONE', *, *, #1234, .T. ) ;
#434 = APPROVAL_PERSON_ORGANIZATION ( #804, #1311, #19 ) ;
#435 = DIRECTION ( 'NONE',  ( -0.000000000000000000, 0.000000000000000000, -1.000000000000000000 ) ) ;
#436 = DIRECTION ( 'NONE',  ( -1.000000000000000000, 0.000000000000000000, 0.000000000000000000 ) ) ;
#437 = CARTESIAN_POINT ( 'NONE',  ( -20.54405981978073115, 38.52815919176289583, -52.35189415483380060 ) ) ;
#438 = CARTESIAN_POINT ( 'NONE',  ( -24.36473145155501996, 41.10311184086389602, 50.35409944028616991 ) ) ;
#439 = EDGE_CURVE ( 'NONE', #361, #836, #1221, .T. ) ;
#440 = ORIENTED_EDGE ( 'NONE', *, *, #858, .T. ) ;
#441 = CARTESIAN_POINT ( 'NONE',  ( -17.00000000000001421, -60.00000000000000000, -25.00000000000001066 ) ) ;
#442 = CARTESIAN_POINT ( 'NONE',  ( -21.90314028775677357, 51.39782948862396950, -39.79028701208152796 ) ) ;
#443 = CARTESIAN_POINT ( 'NONE',  ( -21.47910688164602178, -51.66086248906393052, 39.44848859066652125 ) ) ;
#444 = CARTESIAN_POINT ( 'NONE',  ( -21.66691328089499180, 39.60321949539147823, -51.54207721557833821 ) ) ;
#445 = CARTESIAN_POINT ( 'NONE',  ( -24.19033650096588062, 41.04251082845045318, 50.40349540597021871 ) ) ;
#446 = ORIENTED_EDGE ( 'NONE', *, *, #1295, .F. ) ;
#447 = CARTESIAN_POINT ( 'NONE',  ( -17.00000000000001421, 0.000000000000000000, 0.000000000000000000 ) ) ;
#448 = CARTESIAN_POINT ( 'NONE',  ( -24.19033650096486809, 50.40349540597030398, -41.04251082845035370 ) ) ;
#449 = CARTESIAN_POINT ( 'NONE',  ( -22.23002345154904091, -51.20621209361508619, 40.03752292981366878 ) ) ;
#450 = CARTESIAN_POINT ( 'NONE',  ( -23.78911076906189948, 40.88871131141412718, -50.52839415380383059 ) ) ;
#451 = CARTESIAN_POINT ( 'NONE',  ( -25.09559565755600374, 41.31444892306846128, 50.18090159666240879 ) ) ;
#452 = ORIENTED_EDGE ( 'NONE', *, *, #1151, .T. ) ;
#453 = CIRCLE ( 'NONE', #1337, 35.00000000000000000 ) ;
#454 = VECTOR ( 'NONE', #24, 1000.000000000000000 ) ;
#455 = CARTESIAN_POINT ( 'NONE',  ( -17.00000000000001421, 0.000000000000000000, 0.000000000000000000 ) ) ;
#456 = VERTEX_POINT ( 'NONE', #570 ) ;
#457 = DIRECTION ( 'NONE',  ( 0.000000000000000000, 1.000000000000000000, 0.000000000000000000 ) ) ;
#458 = CALENDAR_DATE ( 2026, 25, 8 ) ;
#459 = CARTESIAN_POINT ( 'NONE',  ( -17.40877912158809337, -57.16303618073589377, 30.94497266931993806 ) ) ;
#460 = CARTESIAN_POINT ( 'NONE',  ( -24.23833735886993068, -50.38955987228132472, -41.05962307539544298 ) ) ;
#461 = EDGE_LOOP ( 'NONE', ( #82, #867, #1368, #636 ) ) ;
#462 = LINE ( 'NONE', #30, #454 ) ;
#463 = EDGE_CURVE ( 'NONE', #829, #960, #892, .T. ) ;
#464 = DIRECTION ( 'NONE',  ( -1.000000000000000000, -0.000000000000000000, 0.000000000000000000 ) ) ;
#465 = CARTESIAN_POINT ( 'NONE',  ( -18.68185356227561300, -54.45004812680105744, 35.49918822427906662 ) ) ;
#466 = CARTESIAN_POINT ( 'NONE',  ( -21.74111275152302269, 39.66314008045571882, 51.49597405724705368 ) ) ;
#467 = ORIENTED_EDGE ( 'NONE', *, *, #650, .F. ) ;
#468 = CARTESIAN_POINT ( 'NONE',  ( 805.0000000000000000, 0.000000000000000000, 0.000000000000000000 ) ) ;
#469 = DIRECTION ( 'NONE',  ( 0.000000000000000000, 0.000000000000000000, -1.000000000000000000 ) ) ;
#470 = CARTESIAN_POINT ( 'NONE',  ( -19.92751747653390737, -52.92850222116731373, 37.73024305628889863 ) ) ;
#471 = CARTESIAN_POINT ( 'NONE',  ( -18.67645457400399422, 35.48671777740032240, 54.45817576800462945 ) ) ;
#472 = ORIENTED_EDGE ( 'NONE', *, *, #286, .T. ) ;
#473 = EDGE_CURVE ( 'NONE', #1142, #836, #1235, .T. ) ;
#474 = CARTESIAN_POINT ( 'NONE',  ( -18.93454664895376283, -54.08353295369255420, -36.05643208686939971 ) ) ;
#475 = CIRCLE ( 'NONE', #1156, 24.99999999999998224 ) ;
#476 = DIRECTION ( 'NONE',  ( 0.000000000000000000, 0.000000000000000000, 1.000000000000000000 ) ) ;
#477 = VECTOR ( 'NONE', #193, 1000.000000000000000 ) ;
#478 = LINE ( 'NONE', #34, #1244 ) ;
#479 = CARTESIAN_POINT ( 'NONE',  ( -17.64625392368965606, 32.21959045464649307, 56.45511018842351803 ) ) ;
#480 = ADVANCED_FACE ( 'NONE', ( #343 ), #31, .F. ) ;
#481 = ORIENTED_EDGE ( 'NONE', *, *, #1372, .T. ) ;
#482 = CARTESIAN_POINT ( 'NONE',  ( -18.09789202189070423, 55.43835825034859255, 33.93829092118211577 ) ) ;
#483 = DIRECTION ( 'NONE',  ( -0.000000000000000000, 0.000000000000000000, -1.000000000000000000 ) ) ;
#484 = CARTESIAN_POINT ( 'NONE',  ( -24.19033650096517363, -41.04251082845050291, -50.40349540597019029 ) ) ;
#485 = CARTESIAN_POINT ( 'NONE',  ( -21.74803649725224730, 39.66867435856016755, 51.49171108473679936 ) ) ;
#486 = ORIENTED_EDGE ( 'NONE', *, *, #869, .T. ) ;
#487 = B_SPLINE_CURVE_WITH_KNOTS ( 'NONE', 3,
 ( #1125, #149, #1017, #1236, #263, #694, #1132, #592, #1028, #49, #484, #924, #1351, #55, #1264, #176, #1038, #283, #85, #61, #292, #731, #520, #422, #490, #707, #613, #929, #1249, #826, #1356, #1049, #404, #832, #192, #389, #411, #1164, #186, #78, #628, #820, #1033, #71, #1388, #1062, #505, #1145, #714, #277, #1366, #621, #513 ),
 .UNSPECIFIED., .F., .F.,
 ( 4, 2, 2, 1, 1, 1, 2, 2, 2, 2, 1, 1, 1, 1, 2, 2, 2, 2, 1, 1, 1, 1, 1, 2, 2, 2, 2, 1, 1, 1, 1, 1, 2, 2, 4 ),
 ( 0.000000000000000000, 0.06250000000000448253, 0.09375000000000664746, 0.1093750000000074385, 0.1171875000000077438, 0.1210937500000077716, 0.1230468750000077854, 0.1250000000000077993, 0.1875000000000104916, 0.2187500000000116851, 0.2343750000000121292, 0.2421875000000121847, 0.2460937500000119904, 0.2480468750000115741, 0.2490234375000117406, 0.2500000000000119349, 0.3749999999999685807, 0.4374999999999469313, 0.4687499999999358291, 0.4843749999999299449, 0.4921874999999271139, 0.4960937499999254485, 0.4980468749999247824, 0.4990234374999245048, 0.4999999999999241718, 0.6249999999999731326, 0.6874999999999973355, 0.7187500000000099920, 0.7343750000000165423, 0.7421875000000196509, 0.7460937500000210942, 0.7480468750000215383, 0.7490234375000216493, 0.7500000000000216493, 1.000000000000000000 ),
 .UNSPECIFIED. ) ;
#488 = CARTESIAN_POINT ( 'NONE',  ( -17.31554775536300994, 57.50956685436967319, 30.29273457064770980 ) ) ;
#489 = LINE ( 'NONE', #721, #157 ) ;
#490 = CARTESIAN_POINT ( 'NONE',  ( -21.10127584617279695, -39.15061593541286555, -51.89066652459454332 ) ) ;
#491 = CARTESIAN_POINT ( 'NONE',  ( -17.00000000000000000, 26.99007519173809655, 59.17080200344245355 ) ) ;
#492 = CARTESIAN_POINT ( 'NONE',  ( -17.13950173836663637, 28.69188594031371053, -58.32660019753902247 ) ) ;
#493 = CARTESIAN_POINT ( 'NONE',  ( -21.46175074089613588, 51.67353495921145168, 39.43168692906976958 ) ) ;
#494 = AXIS2_PLACEMENT_3D ( 'NONE', #743, #97, #979 ) ;
#495 = DIRECTION ( 'NONE',  ( 1.000000000000000000, -0.000000000000000000, -0.000000000000000000 ) ) ;
#496 = AXIS2_PLACEMENT_3D ( 'NONE', #511, #706, #175 ) ;
#497 = CARTESIAN_POINT ( 'NONE',  ( -26.04074165716609457, 50.03459287172030656, -41.49157992677912432 ) ) ;
#498 = CARTESIAN_POINT ( 'NONE',  ( -87.00000000000000000, 50.00000000000000000, 50.00000000000000000 ) ) ;
#499 = CYLINDRICAL_SURFACE ( 'NONE', #202, 10.00000000000000178 ) ;
#500 = EDGE_CURVE ( 'NONE', #625, #337, #883, .T. ) ;
#501 = VERTEX_POINT ( 'NONE', #906 ) ;
#502 = CARTESIAN_POINT ( 'NONE',  ( -18.60540823833815693, 54.56651813304671350, 35.31997178185129371 ) ) ;
#503 = DIRECTION ( 'NONE',  ( 0.000000000000000000, 0.000000000000000000, -1.000000000000000000 ) ) ;
#504 = EDGE_CURVE ( 'NONE', #677, #1041, #256, .T. ) ;
#505 = CARTESIAN_POINT ( 'NONE',  ( -17.32630678589696416, -30.37141878710919229, -57.46805598291221884 ) ) ;
#506 = CARTESIAN_POINT ( 'NONE',  ( -17.00000000000001421, -41.53311931459037254, 50.00000000000000000 ) ) ;
#507 = APPROVAL ( #810, '未' ) ;
#508 = CARTESIAN_POINT ( 'NONE',  ( -17.19928819766662897, 29.31609286137744519, -58.01397117675169568 ) ) ;
#509 = ORIENTED_EDGE ( 'NONE', *, *, #1009, .T. ) ;
#510 = CARTESIAN_POINT ( 'NONE',  ( -19.05971256988066642, 53.88016529417501488, 36.37394054067896576 ) ) ;
#511 = CARTESIAN_POINT ( 'NONE',  ( -17.00000000000001421, 0.000000000000000000, 0.000000000000000000 ) ) ;
#512 = EDGE_CURVE ( 'NONE', #1390, #1360, #1200, .T. ) ;
#513 = CARTESIAN_POINT ( 'NONE',  ( -17.00000000000001421, -25.00000000000000000, -60.00000000000000000 ) ) ;
#514 = CARTESIAN_POINT ( 'NONE',  ( -23.31964911972996291, -40.67690928704116970, 50.69915325637987991 ) ) ;
#515 = ORIENTED_EDGE ( 'NONE', *, *, #421, .T. ) ;
#516 = ORIENTED_EDGE ( 'NONE', *, *, #286, .F. ) ;
#517 = CARTESIAN_POINT ( 'NONE',  ( -21.78955115051666525, -51.46620545361518140, -39.70177572955811485 ) ) ;
#518 = ADVANCED_FACE ( 'NONE', ( #39 ), #788, .F. ) ;
#519 = DIRECTION ( 'NONE',  ( -1.000000000000000000, -0.000000000000000000, 0.000000000000000000 ) ) ;
#520 = CARTESIAN_POINT ( 'NONE',  ( -21.74803649725228993, -39.66867435855998991, -51.49171108473695568 ) ) ;
#521 = CARTESIAN_POINT ( 'NONE',  ( -21.73021536514997010, -39.65441036715644429, 51.50269676897615767 ) ) ;
#522 = CIRCLE ( 'NONE', #609, 54.99999999999989342 ) ;
#523 = AXIS2_PLACEMENT_3D ( 'NONE', #1280, #102, #1387 ) ;
#524 = CARTESIAN_POINT ( 'NONE',  ( 845.0000000000000000, 4.286263797015736496E-15, 35.00000000000000000 ) ) ;
#525 = VECTOR ( 'NONE', #1303, 1000.000000000000000 ) ;
#526 = ORIENTED_EDGE ( 'NONE', *, *, #1295, .T. ) ;
#527 = CARTESIAN_POINT ( 'NONE',  ( 845.0000000000000000, 0.000000000000000000, 0.000000000000000000 ) ) ;
#528 = CARTESIAN_POINT ( 'NONE',  ( -17.74787947050993964, 56.19787426394289298, -32.66570435693650154 ) ) ;
#529 = CARTESIAN_POINT ( 'NONE',  ( -87.00000000000000000, -50.00000000000000000, -50.00000000000000000 ) ) ;
#530 = DIRECTION ( 'NONE',  ( 1.000000000000000000, -0.000000000000000000, -0.000000000000000000 ) ) ;
#531 = ORIENTED_EDGE ( 'NONE', *, *, #36, .T. ) ;
#532 = CARTESIAN_POINT ( 'NONE',  ( -87.00000000000000000, -50.00000000000000000, 50.00000000000000000 ) ) ;
#533 = CARTESIAN_POINT ( 'NONE',  ( -17.33382971078191659, 57.43940635719740584, -30.42559351556762337 ) ) ;
#534 = DIRECTION ( 'NONE',  ( 0.000000000000000000, 1.000000000000000000, 0.000000000000000000 ) ) ;
#535 = FACE_OUTER_BOUND ( 'NONE', #594, .T. ) ;
#536 = ORIENTED_EDGE ( 'NONE', *, *, #795, .T. ) ;
#537 = CARTESIAN_POINT ( 'NONE',  ( -17.28110105747891367, -57.64750673688416072, -30.02948138630864960 ) ) ;
#538 = EDGE_CURVE ( 'NONE', #195, #296, #545, .T. ) ;
#539 = CARTESIAN_POINT ( 'NONE',  ( -17.00000000000001421, 60.00000000000000000, -25.00000000000000000 ) ) ;
#540 = CARTESIAN_POINT ( 'NONE',  ( 0.000000000000000000, 0.000000000000000000, 0.000000000000000000 ) ) ;
#541 = EDGE_CURVE ( 'NONE', #1206, #160, #591, .T. ) ;
#542 = CARTESIAN_POINT ( 'NONE',  ( -18.63954140116871017, 35.40069693421172303, -54.51414470272536050 ) ) ;
#543 = VECTOR ( 'NONE', #799, 1000.000000000000000 ) ;
#544 = CARTESIAN_POINT ( 'NONE',  ( -27.00000000000000000, 41.53311931459039386, 50.00000000000000000 ) ) ;
#545 = CIRCLE ( 'NONE', #1316, 65.00000000000000000 ) ;
#546 = VERTEX_POINT ( 'NONE', #562 ) ;
#547 = AXIS2_PLACEMENT_3D ( 'NONE', #418, #2, #976 ) ;
#548 = DIRECTION ( 'NONE',  ( -1.000000000000000000, 0.000000000000000000, 0.000000000000000000 ) ) ;
#549 = CARTESIAN_POINT ( 'NONE',  ( -17.32630678589740114, 57.46805598291160067, -30.37141878711036469 ) ) ;
#550 = LINE ( 'NONE', #105, #1203 ) ;
#551 = DIRECTION ( 'NONE',  ( 0.000000000000000000, -1.000000000000000000, 0.000000000000000000 ) ) ;
#552 = CARTESIAN_POINT ( 'NONE',  ( -25.33106798381993485, 41.36657474180304916, 50.13790398785732094 ) ) ;
#553 = ORIENTED_EDGE ( 'NONE', *, *, #512, .F. ) ;
#554 = CARTESIAN_POINT ( 'NONE',  ( -17.10628703875553924, 58.53603957188352780, 28.26255621887550262 ) ) ;
#555 = DIRECTION ( 'NONE',  ( 0.000000000000000000, 0.000000000000000000, -1.000000000000000000 ) ) ;
#556 = PERSON_AND_ORGANIZATION_ROLE ( 'design_owner' ) ;
#557 = CARTESIAN_POINT ( 'NONE',  ( -21.70147977937347861, 39.63126998594579931, -51.52050676312841659 ) ) ;
#558 = CYLINDRICAL_SURFACE ( 'NONE', #547, 10.00000000000000178 ) ;
#559 = ORIENTED_EDGE ( 'NONE', *, *, #512, .T. ) ;
#560 = EDGE_CURVE ( 'NONE', #574, #697, #1015, .T. ) ;
#561 = CARTESIAN_POINT ( 'NONE',  ( -17.75925909764413291, -56.12087357835378754, -32.82036381024099825 ) ) ;
#562 = CARTESIAN_POINT ( 'NONE',  ( -111.9999999999999858, 3.061616997868381070E-15, 50.00000000000000000 ) ) ;
#563 = APPROVAL_DATE_TIME ( #1216, #507 ) ;
#564 = CARTESIAN_POINT ( 'NONE',  ( -17.48469922778343033, -56.92167755205994695, 31.38519861945397693 ) ) ;
#565 = CARTESIAN_POINT ( 'NONE',  ( -19.92750360748807381, -52.92851819198302366, -37.73022066248180550 ) ) ;
#566 = VECTOR ( 'NONE', #1131, 1000.000000000000000 ) ;
#567 = VERTEX_POINT ( 'NONE', #1108 ) ;
#568 = VECTOR ( 'NONE', #300, 1000.000000000000000 ) ;
#569 = CARTESIAN_POINT ( 'NONE',  ( -17.27381367991903716, 57.67702641317816870, 29.97302852042483678 ) ) ;
#570 = CARTESIAN_POINT ( 'NONE',  ( -19.92750360748807381, -52.92851819198302366, -37.73022066248180550 ) ) ;
#571 = CARTESIAN_POINT ( 'NONE',  ( -17.04051729892223221, -58.96726865917361238, 27.37256077406754784 ) ) ;
#572 = CARTESIAN_POINT ( 'NONE',  ( -18.68606044708992897, 35.50887698183223762, 54.44372989263420237 ) ) ;
#573 = B_SPLINE_CURVE_WITH_KNOTS ( 'NONE', 3,
 ( #441, #1177, #1285, #876, #197, #537, #1199, #312, #223, #955, #637, #1392, #254, #1100, #1013, #561, #118, #1343, #802, #905, #38, #882, #1000, #1220, #244, #474, #1312, #1227, #575 ),
 .UNSPECIFIED., .F., .F.,
 ( 4, 2, 2, 1, 1, 1, 2, 2, 1, 2, 2, 1, 1, 1, 2, 2, 2, 4 ),
 ( 0.000000000000000000, 0.1543581612777230050, 0.2315372419165845352, 0.2411846269964423861, 0.2460083195363710618, 0.2484201658063356632, 0.2496260889413181583, 0.2508320120763006811, 0.2701267822360189919, 0.3087163225554558910, 0.4630744838332037649, 0.4823692539929217982, 0.4920166390727808703, 0.4968403316127108504, 0.4992521778826755074, 0.5016640241526401089, 0.5402535644720691810, 0.6174326451109269920 ),
 .UNSPECIFIED. ) ;
#574 = VERTEX_POINT ( 'NONE', #141 ) ;
#575 = CARTESIAN_POINT ( 'NONE',  ( -19.92750360748807381, -52.92851819198302366, -37.73022066248180550 ) ) ;
#576 = CARTESIAN_POINT ( 'NONE',  ( -87.00000000000000000, 0.000000000000000000, -50.00000000000000000 ) ) ;
#577 = CARTESIAN_POINT ( 'NONE',  ( -18.68558597780150166, -54.44444074957172575, 35.50778754942299997 ) ) ;
#578 = CARTESIAN_POINT ( 'NONE',  ( -17.38058962041389321, 30.74817705216385377, 57.26764565811299690 ) ) ;
#579 = VERTEX_POINT ( 'NONE', #132 ) ;
#580 = CARTESIAN_POINT ( 'NONE',  ( -62.00000000000000711, 0.000000000000000000, 50.00000000000000000 ) ) ;
#581 = DIRECTION ( 'NONE',  ( 1.000000000000000000, 0.000000000000000000, 0.000000000000000000 ) ) ;
#582 = COORDINATED_UNIVERSAL_TIME_OFFSET ( 8, 0, .AHEAD. ) ;
#583 = ADVANCED_FACE ( 'NONE', ( #1001 ), #247, .F. ) ;
#584 = DIRECTION ( 'NONE',  ( -1.000000000000000000, -0.000000000000000000, 0.000000000000000000 ) ) ;
#585 = CARTESIAN_POINT ( 'NONE',  ( -18.09789202188518686, -33.93829092116923363, 55.43835825035653642 ) ) ;
#586 = ADVANCED_FACE ( 'NONE', ( #916, #1344 ), #373, .F. ) ;
#587 = ORIENTED_EDGE ( 'NONE', *, *, #858, .F. ) ;
#588 = ORIENTED_EDGE ( 'NONE', *, *, #1362, .T. ) ;
#589 = CARTESIAN_POINT ( 'NONE',  ( -21.73021536515095065, 51.50269676897570292, 39.65441036715702694 ) ) ;
#590 = AXIS2_PLACEMENT_3D ( 'NONE', #527, #1068, #859 ) ;
#591 = LINE ( 'NONE', #1117, #246 ) ;
#592 = CARTESIAN_POINT ( 'NONE',  ( -24.36473145155040854, -41.10311184086395286, -50.35409944028613438 ) ) ;
#593 = CARTESIAN_POINT ( 'NONE',  ( -17.34910732631046315, 30.53359055889603368, 57.38212583972008218 ) ) ;
#594 = EDGE_LOOP ( 'NONE', ( #288, #266, #260, #727 ) ) ;
#595 = DIRECTION ( 'NONE',  ( 0.7071067811865480168, 0.7071067811865470176, 0.000000000000000000 ) ) ;
#596 = CYLINDRICAL_SURFACE ( 'NONE', #656, 9.999999999999998224 ) ;
#597 = CARTESIAN_POINT ( 'NONE',  ( -24.74401551543318334, 50.25809216942742097, -41.22045384523352141 ) ) ;
#598 = CARTESIAN_POINT ( 'NONE',  ( -17.30732679284696829, -30.23163320447730840, 57.54172131002943757 ) ) ;
#599 = ORIENTED_EDGE ( 'NONE', *, *, #206, .F. ) ;
#600 = CARTESIAN_POINT ( 'NONE',  ( -17.00000000000000000, -50.00000000000000000, 50.00000000000000000 ) ) ;
#601 = LINE ( 'NONE', #184, #722 ) ;
#602 = DIRECTION ( 'NONE',  ( 0.000000000000000000, 0.000000000000000000, -1.000000000000000000 ) ) ;
#603 = DIRECTION ( 'NONE',  ( 0.000000000000000000, 0.000000000000000000, 1.000000000000000000 ) ) ;
#604 = ADVANCED_FACE ( 'NONE', ( #713 ), #596, .F. ) ;
#605 = EDGE_LOOP ( 'NONE', ( #1267, #472, #1012, #162 ) ) ;
#606 = EDGE_CURVE ( 'NONE', #718, #579, #1089, .T. ) ;
#607 = ORIENTED_EDGE ( 'NONE', *, *, #367, .T. ) ;
#608 = CARTESIAN_POINT ( 'NONE',  ( -17.31307124919571550, 57.51921054147286583, 30.27442405719894936 ) ) ;
#609 = AXIS2_PLACEMENT_3D ( 'NONE', #415, #733, #959 ) ;
#610 = CARTESIAN_POINT ( 'NONE',  ( 0.000000000000000000, 0.000000000000000000, 0.000000000000000000 ) ) ;
#611 = PRODUCT_DEFINITION ( '�', '', #974, #57 ) ;
#612 = VECTOR ( 'NONE', #1084, 1000.000000000000000 ) ;
#613 = CARTESIAN_POINT ( 'NONE',  ( -19.76311437554867112, -37.51120185288246489, -53.08570449867152519 ) ) ;
#614 = AXIS2_PLACEMENT_3D ( 'NONE', #1159, #947, #1031 ) ;
#615 = DIRECTION ( 'NONE',  ( 1.000000000000000000, 0.000000000000000000, 0.000000000000000000 ) ) ;
#616 = CARTESIAN_POINT ( 'NONE',  ( -17.00000000000001421, 25.00000000000001066, -60.00000000000000000 ) ) ;
#617 = ADVANCED_FACE ( 'NONE', ( #941 ), #403, .F. ) ;
#618 = ORIENTED_EDGE ( 'NONE', *, *, #908, .F. ) ;
#619 = CARTESIAN_POINT ( 'NONE',  ( -17.30732679284696829, 57.54172131002851387, 30.23163320447905278 ) ) ;
#620 = CARTESIAN_POINT ( 'NONE',  ( 805.0000000000000000, 0.000000000000000000, -54.99999999999989342 ) ) ;
#621 = CARTESIAN_POINT ( 'NONE',  ( -17.00000000000000000, -26.99007519172982583, -59.17080200344591390 ) ) ;
#622 = CARTESIAN_POINT ( 'NONE',  ( -24.63933337481692121, -50.28197832799767752, 41.19134207619263321 ) ) ;
#623 = ADVANCED_FACE ( 'NONE', ( #831 ), #164, .F. ) ;
#624 = DIRECTION ( 'NONE',  ( -1.000000000000000000, -0.000000000000000000, 0.000000000000000000 ) ) ;
#625 = VERTEX_POINT ( 'NONE', #1248 ) ;
#626 = CARTESIAN_POINT ( 'NONE',  ( -21.30414843177955930, -51.77970096144287737, -39.29224778865150114 ) ) ;
#627 = CARTESIAN_POINT ( 'NONE',  ( -17.00000000000001421, 0.000000000000000000, 0.000000000000000000 ) ) ;
#628 = CARTESIAN_POINT ( 'NONE',  ( -17.64625392368904500, -32.21959045464890181, -56.45511018842212536 ) ) ;
#629 = CARTESIAN_POINT ( 'NONE',  ( -27.00000000000000000, -50.00000000000000000, 41.53311931459039386 ) ) ;
#630 = ORIENTED_EDGE ( 'NONE', *, *, #32, .T. ) ;
#631 = ORIENTED_EDGE ( 'NONE', *, *, #1342, .F. ) ;
#632 = LINE ( 'NONE', #332, #1223 ) ;
#633 = CARTESIAN_POINT ( 'NONE',  ( -17.00000000000000000, 59.17080200341870011, -26.99007519179512471 ) ) ;
#634 = CARTESIAN_POINT ( 'NONE',  ( -24.14679556147545725, -41.02683056821740593, 50.41625947237267269 ) ) ;
#635 = DIRECTION ( 'NONE',  ( 0.000000000000000000, 0.000000000000000000, 1.000000000000000000 ) ) ;
#636 = ORIENTED_EDGE ( 'NONE', *, *, #264, .F. ) ;
#637 = CARTESIAN_POINT ( 'NONE',  ( -17.31893188233335579, -57.49643433590809849, -30.31765345602964601 ) ) ;
#638 = CARTESIAN_POINT ( 'NONE',  ( -21.77777657199260375, 51.47347005524838437, -39.69234346125649893 ) ) ;
#639 = CARTESIAN_POINT ( 'NONE',  ( -24.10938972532718338, -50.42731135698623035, 41.01324951494927262 ) ) ;
#640 = CARTESIAN_POINT ( 'NONE',  ( -17.97365748159940679, 33.52488969145534980, -55.68959583348100040 ) ) ;
#641 = ORIENTED_EDGE ( 'NONE', *, *, #560, .F. ) ;
#642 = EDGE_CURVE ( 'NONE', #195, #1327, #54, .T. ) ;
#643 = EDGE_CURVE ( 'NONE', #1245, #383, #794, .T. ) ;
#644 = LINE ( 'NONE', #1188, #339 ) ;
#645 = CARTESIAN_POINT ( 'NONE',  ( -17.64625392370021473, 56.45511018840686290, -32.21959045467581717 ) ) ;
#646 = DIRECTION ( 'NONE',  ( 0.000000000000000000, 0.000000000000000000, -1.000000000000000000 ) ) ;
#647 = CARTESIAN_POINT ( 'NONE',  ( -22.50824021452089951, 40.22937503944150706, -51.05568107697973090 ) ) ;
#648 = DIRECTION ( 'NONE',  ( 0.000000000000000000, 0.000000000000000000, -1.000000000000000000 ) ) ;
#649 = VERTEX_POINT ( 'NONE', #620 ) ;
#650 = EDGE_CURVE ( 'NONE', #986, #574, #489, .T. ) ;
#651 = DIRECTION ( 'NONE',  ( -1.000000000000000000, 0.000000000000000000, 0.000000000000000000 ) ) ;
#652 = CARTESIAN_POINT ( 'NONE',  ( -22.71062284279961929, 50.96471744872825127, -40.34375877314695202 ) ) ;
#653 = PERSON_AND_ORGANIZATION ( #671, #746 ) ;
#654 = DIRECTION ( 'NONE',  ( 0.000000000000000000, 0.000000000000000000, -1.000000000000000000 ) ) ;
#655 = CARTESIAN_POINT ( 'NONE',  ( -21.75033007747320113, -51.49023017281476911, -39.67060807221240992 ) ) ;
#656 = AXIS2_PLACEMENT_3D ( 'NONE', #1162, #1263, #1378 ) ;
#657 = ORIENTED_EDGE ( 'NONE', *, *, #367, .F. ) ;
#658 = AXIS2_PLACEMENT_3D ( 'NONE', #1367, #1265, #278 ) ;
#659 = PLANE ( 'NONE',  #818 ) ;
#660 = LINE ( 'NONE', #320, #41 ) ;
#661 = CARTESIAN_POINT ( 'NONE',  ( -18.66904409640635620, 35.46955337251873175, -54.46935680063503327 ) ) ;
#662 = CARTESIAN_POINT ( 'NONE',  ( -23.31691097560873160, 40.68641424499996617, 50.69221717564313678 ) ) ;
#663 = EDGE_CURVE ( 'NONE', #108, #310, #601, .T. ) ;
#664 = ORIENTED_EDGE ( 'NONE', *, *, #1048, .T. ) ;
#665 = CYLINDRICAL_SURFACE ( 'NONE', #1359, 50.00000000000001421 ) ;
#666 = CARTESIAN_POINT ( 'NONE',  ( 1.110223024625156540E-13, -2.069653090559026528E-13, 0.000000000000000000 ) ) ;
#667 = CARTESIAN_POINT ( 'NONE',  ( -20.31085758557742338, -52.54307055282937711, 38.27094963436555020 ) ) ;
#668 = CARTESIAN_POINT ( 'NONE',  ( -18.93450286951932071, -54.08362073240445511, 36.05630078649236481 ) ) ;
#669 = CARTESIAN_POINT ( 'NONE',  ( -22.07144067022731804, 39.91718808056437240, 51.29943946362125473 ) ) ;
#670 = ORIENTED_EDGE ( 'NONE', *, *, #1342, .T. ) ;
#671 = PERSON ( '未', '未', '未', ('未'), ('未'), ('未') ) ;
#672 = CARTESIAN_POINT ( 'NONE',  ( -17.19928819766662897, 58.01397117675949033, 29.31609286136204773 ) ) ;
#673 = CARTESIAN_POINT ( 'NONE',  ( -17.00000000000000000, -50.00000000000000000, 41.53311931459039386 ) ) ;
#674 = SHAPE_DEFINITION_REPRESENTATION ( #73, #198 ) ;
#675 = DIRECTION ( 'NONE',  ( 0.000000000000000000, 0.000000000000000000, 1.000000000000000000 ) ) ;
#676 = CARTESIAN_POINT ( 'NONE',  ( -17.31969148375688050, 30.32321952810058008, 57.49349880549623748 ) ) ;
#677 = VERTEX_POINT ( 'NONE', #928 ) ;
#678 = AXIS2_PLACEMENT_3D ( 'NONE', #610, #495, #503 ) ;
#679 = AXIS2_PLACEMENT_3D ( 'NONE', #127, #299, #1279 ) ;
#680 = CARTESIAN_POINT ( 'NONE',  ( -17.00000000000000000, 59.58545641399749115, 25.99490460640602763 ) ) ;
#681 = CARTESIAN_POINT ( 'NONE',  ( -17.00000000000000000, 50.00000000000000000, 50.00000000000000000 ) ) ;
#682 = CARTESIAN_POINT ( 'NONE',  ( 845.0000000000000000, 0.000000000000000000, 65.00000000000000000 ) ) ;
#683 = CARTESIAN_POINT ( 'NONE',  ( -17.02657175968888836, -26.93424048393104187, 59.16508041656511097 ) ) ;
#684 = VERTEX_POINT ( 'NONE', #77 ) ;
#685 = PLANE ( 'NONE',  #913 ) ;
#686 = EDGE_CURVE ( 'NONE', #401, #501, #1021, .T. ) ;
#687 = CARTESIAN_POINT ( 'NONE',  ( -17.00000000000000000, 50.00000000000000000, -41.53311931459039386 ) ) ;
#688 = CARTESIAN_POINT ( 'NONE',  ( -17.75930696381002605, -56.12076734810141687, 32.82055081549394515 ) ) ;
#689 = CARTESIAN_POINT ( 'NONE',  ( -17.32630678589698547, 30.37141878710914256, 57.46805598291224726 ) ) ;
#690 = VERTEX_POINT ( 'NONE', #948 ) ;
#691 = ORIENTED_EDGE ( 'NONE', *, *, #729, .F. ) ;
#692 = CARTESIAN_POINT ( 'NONE',  ( -17.97365748159684884, 55.68959583347487552, 33.52488969146553899 ) ) ;
#693 = DIRECTION ( 'NONE',  ( 0.000000000000000000, 0.000000000000000000, -1.000000000000000000 ) ) ;
#694 = CARTESIAN_POINT ( 'NONE',  ( -24.74401551543823530, -41.22045384523360667, -50.25809216942731439 ) ) ;
#695 = CARTESIAN_POINT ( 'NONE',  ( -17.51076761343621513, 31.52522061116124519, 56.84391642278585266 ) ) ;
#696 = EDGE_LOOP ( 'NONE', ( #984, #857, #452, #912, #1212, #1134, #58, #323 ) ) ;
#697 = VERTEX_POINT ( 'NONE', #1273 ) ;
#698 = CARTESIAN_POINT ( 'NONE',  ( -24.06776042768199986, 50.43993118239821172, 40.99772712189590607 ) ) ;
#699 = VECTOR ( 'NONE', #548, 1000.000000000000000 ) ;
#700 = CARTESIAN_POINT ( 'NONE',  ( 805.0000000000000000, 0.000000000000000000, -34.99999999999999289 ) ) ;
#701 = SECURITY_CLASSIFICATION_LEVEL ( 'unclassified' ) ;
#702 = DIRECTION ( 'NONE',  ( -0.000000000000000000, -0.000000000000000000, 1.000000000000000000 ) ) ;
#703 = CARTESIAN_POINT ( 'NONE',  ( -17.23167252978745623, -29.62324976941536292, 57.85803798626287175 ) ) ;
#704 = VERTEX_POINT ( 'NONE', #1037 ) ;
#705 = DIRECTION ( 'NONE',  ( 0.000000000000000000, 0.000000000000000000, 1.000000000000000000 ) ) ;
#706 = DIRECTION ( 'NONE',  ( -1.000000000000000000, -0.000000000000000000, 0.000000000000000000 ) ) ;
#707 = CARTESIAN_POINT ( 'NONE',  ( -20.52865663001438534, -38.55237668382758898, -52.33969237873041180 ) ) ;
#708 = CARTESIAN_POINT ( 'NONE',  ( -20.97356820605015670, -38.97806218380458176, 52.01678225795640031 ) ) ;
#709 = ADVANCED_FACE ( 'NONE', ( #70 ), #1355, .T. ) ;
#710 = ORIENTED_EDGE ( 'NONE', *, *, #606, .T. ) ;
#711 = EDGE_LOOP ( 'NONE', ( #1136, #807, #657, #232, #587, #1376, #874, #95, #553, #801, #1298, #370, #1226, #433, #204, #298 ) ) ;
#712 = CARTESIAN_POINT ( 'NONE',  ( -24.14679556147753914, 50.41625947237250926, 41.02683056821760488 ) ) ;
#713 = FACE_OUTER_BOUND ( 'NONE', #461, .T. ) ;
#714 = CARTESIAN_POINT ( 'NONE',  ( -17.32098017309809634, -30.33265117567139413, -57.48852363358492568 ) ) ;
#715 = LINE ( 'NONE', #1154, #477 ) ;
#716 = PRODUCT ( 'Boom_Housing_Default_sldprt', 'Boom_Housing_Default_sldprt', '', ( #1301 ) ) ;
#717 = DIRECTION ( 'NONE',  ( 0.000000000000000000, 1.000000000000000000, 0.000000000000000000 ) ) ;
#718 = VERTEX_POINT ( 'NONE', #700 ) ;
#719 = CARTESIAN_POINT ( 'NONE',  ( -21.59809977691992700, 51.58550955019231310, 39.54665765146640410 ) ) ;
#720 = AXIS2_PLACEMENT_3D ( 'NONE', #666, #48, #1008 ) ;
#721 = CARTESIAN_POINT ( 'NONE',  ( -17.00000000000000000, 41.53311931459039386, -50.00000000000000000 ) ) ;
#722 = VECTOR ( 'NONE', #1047, 1000.000000000000000 ) ;
#723 = DIRECTION ( 'NONE',  ( 0.000000000000000000, 0.000000000000000000, -1.000000000000000000 ) ) ;
#724 = AXIS2_PLACEMENT_3D ( 'NONE', #1050, #1165, #72 ) ;
#725 = CARTESIAN_POINT ( 'NONE',  ( -17.00000000000001421, 0.000000000000000000, 65.00000000000000000 ) ) ;
#726 = ORIENTED_EDGE ( 'NONE', *, *, #643, .F. ) ;
#727 = ORIENTED_EDGE ( 'NONE', *, *, #1317, .F. ) ;
#728 = CARTESIAN_POINT ( 'NONE',  ( -24.19136383546898372, -50.40311245687523467, -41.04298504725232988 ) ) ;
#729 = EDGE_CURVE ( 'NONE', #1041, #329, #1152, .T. ) ;
#730 = DIRECTION ( 'NONE',  ( 0.000000000000000000, 0.000000000000000000, -1.000000000000000000 ) ) ;
#731 = CARTESIAN_POINT ( 'NONE',  ( -21.75992901053356121, -39.67815333874893469, -51.48440718728559062 ) ) ;
#732 = CARTESIAN_POINT ( 'NONE',  ( -25.08992898921187376, -41.36747103499557454, 50.13900037609939631 ) ) ;
#733 = DIRECTION ( 'NONE',  ( 1.000000000000000000, -0.000000000000000000, -0.000000000000000000 ) ) ;
#734 = VERTEX_POINT ( 'NONE', #395 ) ;
#735 = LINE ( 'NONE', #236, #1024 ) ;
#736 = FACE_OUTER_BOUND ( 'NONE', #739, .T. ) ;
#737 = FACE_OUTER_BOUND ( 'NONE', #220, .T. ) ;
#738 = CARTESIAN_POINT ( 'NONE',  ( -21.71632822439818966, -39.64324229429014679, 51.51129357421351784 ) ) ;
#739 = EDGE_LOOP ( 'NONE', ( #1121, #509, #1149, #1166 ) ) ;
#740 = ORIENTED_EDGE ( 'NONE', *, *, #1382, .T. ) ;
#741 = CYLINDRICAL_SURFACE ( 'NONE', #523, 50.00000000000001421 ) ;
#742 = VECTOR ( 'NONE', #901, 1000.000000000000000 ) ;
#743 = CARTESIAN_POINT ( 'NONE',  ( -87.00000000000000000, 0.000000000000000000, -50.00000000000000000 ) ) ;
#744 = DIRECTION ( 'NONE',  ( 0.000000000000000000, 1.000000000000000000, 0.000000000000000000 ) ) ;
#745 = VECTOR ( 'NONE', #1292, 1000.000000000000000 ) ;
#746 = ORGANIZATION ( '未', '未', '' ) ;
#747 = CARTESIAN_POINT ( 'NONE',  ( -21.71632822439799071, 39.64324229428995494, -51.51129357421367416 ) ) ;
#748 = ORIENTED_EDGE ( 'NONE', *, *, #686, .T. ) ;
#749 = LINE ( 'NONE', #532, #179 ) ;
#750 = EDGE_CURVE ( 'NONE', #697, #734, #43, .T. ) ;
#751 = CARTESIAN_POINT ( 'NONE',  ( -24.17468652082409619, 50.40806119632288329, -41.03690296843047491 ) ) ;
#752 = DIRECTION ( 'NONE',  ( 1.000000000000000000, 0.000000000000000000, 0.000000000000000000 ) ) ;
#753 = CARTESIAN_POINT ( 'NONE',  ( -21.73021536515043906, 39.65441036715670720, -51.50269676897595872 ) ) ;
#754 = ORIENTED_EDGE ( 'NONE', *, *, #253, .F. ) ;
#755 = CC_DESIGN_DATE_AND_TIME_ASSIGNMENT ( #380, #133, ( #611 ) ) ;
#756 = LINE ( 'NONE', #853, #1135 ) ;
#757 = CARTESIAN_POINT ( 'NONE',  ( -23.31691097555088277, 50.69221717566660601, -40.68641424497075576 ) ) ;
#758 = CARTESIAN_POINT ( 'NONE',  ( -21.89915759374263260, -51.40038652778224559, 39.78695144653760707 ) ) ;
#759 = CARTESIAN_POINT ( 'NONE',  ( 845.0000000000000000, 0.000000000000000000, 0.000000000000000000 ) ) ;
#760 = CARTESIAN_POINT ( 'NONE',  ( -27.00000000000000000, -50.00000000000000000, -41.53311931459039386 ) ) ;
#761 = ADVANCED_FACE ( 'NONE', ( #191 ), #386, .F. ) ;
#762 = ORIENTED_EDGE ( 'NONE', *, *, #686, .F. ) ;
#763 = DIRECTION ( 'NONE',  ( 0.000000000000000000, 0.000000000000000000, -1.000000000000000000 ) ) ;
#764 = CARTESIAN_POINT ( 'NONE',  ( -18.84619613485048006, 54.20933268202852418, -35.86611070035684889 ) ) ;
#765 =( LENGTH_UNIT ( ) NAMED_UNIT ( * ) SI_UNIT ( .MILLI., .METRE. ) );
#766 = EDGE_CURVE ( 'NONE', #392, #1147, #1160, .T. ) ;
#767 = CYLINDRICAL_SURFACE ( 'NONE', #63, 54.99999999999984368 ) ;
#768 = CIRCLE ( 'NONE', #1019, 54.99999999999989342 ) ;
#769 = CARTESIAN_POINT ( 'NONE',  ( -20.73204077592024674, -52.18598156691248136, -38.75453541145467540 ) ) ;
#770 = ORIENTED_EDGE ( 'NONE', *, *, #372, .T. ) ;
#771 = APPROVAL_PERSON_ORGANIZATION ( #1330, #507, #1324 ) ;
#772 = DIRECTION ( 'NONE',  ( -1.000000000000000000, 0.000000000000000000, 0.000000000000000000 ) ) ;
#773 = ORIENTED_EDGE ( 'NONE', *, *, #290, .T. ) ;
#774 = CARTESIAN_POINT ( 'NONE',  ( -17.00000000000001421, 0.000000000000000000, 0.000000000000000000 ) ) ;
#775 = B_SPLINE_CURVE_WITH_KNOTS ( 'NONE', 3,
 ( #629, #405, #187, #622, #79, #950, #1380, #639, #1287, #326, #234, #449, #758, #1399, #972, #314, #212, #443, #334, #227, #667, #884 ),
 .UNSPECIFIED., .F., .F.,
 ( 4, 2, 2, 2, 1, 1, 1, 2, 2, 2, 1, 2, 4 ),
 ( 0.000000000000000000, 0.09564521480436594114, 0.1195565185054576762, 0.1255343444307303880, 0.1315121703560030997, 0.1434678222065489117, 0.1912904296087308831, 0.2391130370109128822, 0.2450908629361853996, 0.2510686888614578338, 0.2630243407120028687, 0.2869356444130929384, 0.3825808592174538836 ),
 .UNSPECIFIED. ) ;
#776 = DIRECTION ( 'NONE',  ( 1.000000000000000000, -0.000000000000000000, -0.000000000000000000 ) ) ;
#777 = FACE_OUTER_BOUND ( 'NONE', #1077, .T. ) ;
#778 = PLANE ( 'NONE',  #679 ) ;
#779 = ORIENTED_EDGE ( 'NONE', *, *, #606, .F. ) ;
#780 = DIRECTION ( 'NONE',  ( -1.000000000000000000, -0.000000000000000000, 0.000000000000000000 ) ) ;
#781 = EDGE_LOOP ( 'NONE', ( #926, #779, #1304, #770 ) ) ;
#782 = DIRECTION ( 'NONE',  ( 1.000000000000000000, -0.000000000000000000, -0.000000000000000000 ) ) ;
#783 = PERSON_AND_ORGANIZATION_ROLE ( 'design_supplier' ) ;
#784 = CARTESIAN_POINT ( 'NONE',  ( -18.67440031962149405, -54.46126957269977709, 35.48197038107480239 ) ) ;
#785 = CARTESIAN_POINT ( 'NONE',  ( -17.31720200309755953, -30.30493526533863502, 57.50313857615567770 ) ) ;
#786 = ORIENTED_EDGE ( 'NONE', *, *, #1372, .F. ) ;
#787 = DIRECTION ( 'NONE',  ( 9.912705577010319386E-17, 1.000000000000000000, 0.000000000000000000 ) ) ;
#788 = PLANE ( 'NONE',  #131 ) ;
#789 = CARTESIAN_POINT ( 'NONE',  ( -17.31687030412613026, -57.50442366315996878, 30.30249711764789922 ) ) ;
#790 = CARTESIAN_POINT ( 'NONE',  ( -17.32098017309810345, 30.33265117567139768, 57.48852363358493278 ) ) ;
#791 = EDGE_CURVE ( 'NONE', #349, #704, #1397, .T. ) ;
#792 = AXIS2_PLACEMENT_3D ( 'NONE', #1259, #624, #285 ) ;
#793 = ORIENTED_EDGE ( 'NONE', *, *, #1048, .F. ) ;
#794 = CIRCLE ( 'NONE', #678, 54.99999999999979394 ) ;
#795 = EDGE_CURVE ( 'NONE', #567, #734, #420, .T. ) ;
#796 =( GEOMETRIC_REPRESENTATION_CONTEXT ( 3 ) GLOBAL_UNCERTAINTY_ASSIGNED_CONTEXT ( ( #1040 ) ) GLOBAL_UNIT_ASSIGNED_CONTEXT ( ( #765, #1202, #1409 ) ) REPRESENTATION_CONTEXT ( 'NONE', 'WORKASPACE' ) );
#797 = FACE_OUTER_BOUND ( 'NONE', #1402, .T. ) ;
#798 = DIRECTION ( 'NONE',  ( -0.000000000000000000, -0.000000000000000000, 1.000000000000000000 ) ) ;
#799 = DIRECTION ( 'NONE',  ( -1.000000000000000000, 0.000000000000000000, 0.000000000000000000 ) ) ;
#800 = CARTESIAN_POINT ( 'NONE',  ( -18.65672393020257758, -35.44090066076831391, 54.48800682740791501 ) ) ;
#801 = ORIENTED_EDGE ( 'NONE', *, *, #1109, .T. ) ;
#802 = CARTESIAN_POINT ( 'NONE',  ( -18.51887133891929693, -54.70189954254817621, -35.11032928643830076 ) ) ;
#803 = CARTESIAN_POINT ( 'NONE',  ( -17.00000000000001421, 7.960204194457797252E-15, -65.00000000000000000 ) ) ;
#804 = PERSON_AND_ORGANIZATION ( #671, #746 ) ;
#805 = DIRECTION ( 'NONE',  ( 0.000000000000000000, 0.000000000000000000, -1.000000000000000000 ) ) ;
#806 = CARTESIAN_POINT ( 'NONE',  ( -18.60540823833730428, -35.31997178184952446, 54.56651813304787879 ) ) ;
#807 = ORIENTED_EDGE ( 'NONE', *, *, #147, .T. ) ;
#808 = CARTESIAN_POINT ( 'NONE',  ( -23.11452834722340555, 50.78318191295770134, 40.57203139319035756 ) ) ;
#809 = CARTESIAN_POINT ( 'NONE',  ( -87.00000000000000000, 0.000000000000000000, -50.00000000000000000 ) ) ;
#810 = APPROVAL_STATUS ( 'not_yet_approved' ) ;
#811 = CARTESIAN_POINT ( 'NONE',  ( -17.30670883065984356, -57.54412030897337615, 30.22707820502163756 ) ) ;
#812 = ADVANCED_FACE ( 'NONE', ( #848 ), #659, .F. ) ;
#813 = CARTESIAN_POINT ( 'NONE',  ( -17.33382971078109236, 30.42559351556517555, 57.43940635719869903 ) ) ;
#814 = ORIENTED_EDGE ( 'NONE', *, *, #32, .F. ) ;
#815 = VECTOR ( 'NONE', #457, 1000.000000000000000 ) ;
#816 = CYLINDRICAL_SURFACE ( 'NONE', #366, 10.00000000000000178 ) ;
#817 = VECTOR ( 'NONE', #805, 1000.000000000000000 ) ;
#818 = AXIS2_PLACEMENT_3D ( 'NONE', #1299, #91, #435 ) ;
#819 = CARTESIAN_POINT ( 'NONE',  ( 805.0000000000000000, 0.000000000000000000, 0.000000000000000000 ) ) ;
#820 = CARTESIAN_POINT ( 'NONE',  ( -17.51076761343578170, -31.52522061116298957, -56.84391642278488632 ) ) ;
#821 = CARTESIAN_POINT ( 'NONE',  ( -17.00000000000000000, -50.00000000000000000, 50.00000000000000000 ) ) ;
#822 = ORIENTED_EDGE ( 'NONE', *, *, #253, .T. ) ;
#823 = CARTESIAN_POINT ( 'NONE',  ( -21.72623479472344954, 51.50515840907058163, 39.65121287614228152 ) ) ;
#824 = DIRECTION ( 'NONE',  ( 1.000000000000000000, -0.000000000000000000, -0.000000000000000000 ) ) ;
#825 = B_SPLINE_CURVE_WITH_KNOTS ( 'NONE', 3,
 ( #1340, #166, #683, #918, #1352, #251, #703, #1120, #353, #598, #1326, #1133, #785, #1218, #50, #242, #35, #585, #144, #1011, #910, #806, #369, #800, #1237, #1018, #1347, #376, #302, #308, #930, #708, #1146, #850, #1063, #1276, #86, #738, #844, #521, #62, #1179, #284, #514, #958, #937, #1282, #398, #1357, #200, #634, #732, #1071, #93 ),
 .UNSPECIFIED., .F., .F.,
 ( 4, 2, 2, 1, 1, 1, 1, 1, 2, 2, 2, 2, 1, 1, 1, 1, 1, 2, 2, 2, 2, 1, 1, 1, 1, 1, 2, 2, 2, 2, 1, 1, 1, 2, 2, 4 ),
 ( 0.000000000000000000, 0.1249999999999824585, 0.1874999999999740763, 0.2187499999999694689, 0.2343749999999673872, 0.2421874999999660827, 0.2460937499999656664, 0.2480468749999652223, 0.2490234374999650002, 0.2499999999999647782, 0.3749999999999790168, 0.4374999999999855671, 0.4687499999999884537, 0.4843749999999903966, 0.4921874999999914513, 0.4960937499999921174, 0.4980468749999927280, 0.4990234374999927280, 0.4999999999999927836, 0.6249999999999671374, 0.6874999999999545919, 0.7187499999999485967, 0.7343749999999459321, 0.7421874999999443778, 0.7460937499999434896, 0.7480468749999432676, 0.7490234374999437117, 0.7499999999999441558, 0.8124999999999489297, 0.8437499999999514833, 0.8593749999999529265, 0.8671874999999534817, 0.8710937499999542588, 0.8730468749999547029, 0.8749999999999552580, 1.000000000000000000 ),
 .UNSPECIFIED. ) ;
#826 = CARTESIAN_POINT ( 'NONE',  ( -19.02521794944582112, -36.24002908644312271, -53.96084967100993168 ) ) ;
#827 = DIRECTION ( 'NONE',  ( 9.912705577010319386E-17, -1.000000000000000000, 0.000000000000000000 ) ) ;
#828 = FACE_OUTER_BOUND ( 'NONE', #1187, .T. ) ;
#829 = VERTEX_POINT ( 'NONE', #868 ) ;
#830 = CARTESIAN_POINT ( 'NONE',  ( -18.53806949362947876, 54.67165137490766114, 35.15724842123231753 ) ) ;
#831 = FACE_OUTER_BOUND ( 'NONE', #117, .T. ) ;
#832 = CARTESIAN_POINT ( 'NONE',  ( -18.69513791369404032, -35.52975273856471716, -54.43011255707924079 ) ) ;
#833 = DIRECTION ( 'NONE',  ( 0.000000000000000000, 0.000000000000000000, 1.000000000000000000 ) ) ;
#834 = EDGE_LOOP ( 'NONE', ( #891, #1251, #1174, #215, #773, #952, #1005, #182, #965 ) ) ;
#835 = EDGE_CURVE ( 'NONE', #1261, #684, #756, .T. ) ;
#836 = VERTEX_POINT ( 'NONE', #1405 ) ;
#837 = FACE_OUTER_BOUND ( 'NONE', #1284, .T. ) ;
#838 = ADVANCED_FACE ( 'NONE', ( #324 ), #741, .T. ) ;
#839 = VECTOR ( 'NONE', #702, 1000.000000000000000 ) ;
#840 = DIRECTION ( 'NONE',  ( 1.000000000000000000, 0.000000000000000000, -0.000000000000000000 ) ) ;
#841 = VECTOR ( 'NONE', #362, 1000.000000000000000 ) ;
#842 = CARTESIAN_POINT ( 'NONE',  ( -26.51819969885975681, 50.00000000000000711, -41.53311931459034412 ) ) ;
#843 = AXIS2_PLACEMENT_3D ( 'NONE', #52, #705, #1143 ) ;
#844 = CARTESIAN_POINT ( 'NONE',  ( -21.72623479472353125, -39.65121287614259415, 51.50515840907035425 ) ) ;
#845 = LINE ( 'NONE', #1277, #1268 ) ;
#846 = ORIENTED_EDGE ( 'NONE', *, *, #1157, .T. ) ;
#847 = FACE_BOUND ( 'NONE', #1310, .T. ) ;
#848 = FACE_OUTER_BOUND ( 'NONE', #188, .T. ) ;
#849 = DIRECTION ( 'NONE',  ( 0.000000000000000000, 0.000000000000000000, 1.000000000000000000 ) ) ;
#850 = CARTESIAN_POINT ( 'NONE',  ( -21.46175074089829593, -39.43168692907445916, 51.67353495920786344 ) ) ;
#851 = ORIENTED_EDGE ( 'NONE', *, *, #541, .T. ) ;
#852 = ORIENTED_EDGE ( 'NONE', *, *, #908, .T. ) ;
#853 = CARTESIAN_POINT ( 'NONE',  ( -17.00000000000000000, -41.53311931459039386, 50.00000000000000000 ) ) ;
#854 = CARTESIAN_POINT ( 'NONE',  ( -19.52349805232971747, 53.34640868570388506, -37.14015400282021773 ) ) ;
#855 = PLANE ( 'NONE',  #341 ) ;
#856 = CARTESIAN_POINT ( 'NONE',  ( -17.27381367991904071, 29.97302852043102561, -57.67702641317498546 ) ) ;
#857 = ORIENTED_EDGE ( 'NONE', *, *, #903, .T. ) ;
#858 = EDGE_CURVE ( 'NONE', #986, #677, #632, .T. ) ;
#859 = DIRECTION ( 'NONE',  ( 0.000000000000000000, 0.000000000000000000, -1.000000000000000000 ) ) ;
#860 = AXIS2_PLACEMENT_3D ( 'NONE', #1338, #368, #258 ) ;
#861 = CARTESIAN_POINT ( 'NONE',  ( -21.75992901053104234, 51.48440718728630827, -39.67815333874798966 ) ) ;
#862 = CARTESIAN_POINT ( 'NONE',  ( 0.000000000000000000, 0.000000000000000000, 0.000000000000000000 ) ) ;
#863 = AXIS2_PLACEMENT_3D ( 'NONE', #627, #1061, #483 ) ;
#864 = CC_DESIGN_APPROVAL ( #507, ( #974 ) ) ;
#865 = CARTESIAN_POINT ( 'NONE',  ( -18.09789202189305257, 33.93829092117285029, -55.43835825035431242 ) ) ;
#866 = CC_DESIGN_PERSON_AND_ORGANIZATION_ASSIGNMENT ( #653, #556, ( #716 ) ) ;
#867 = ORIENTED_EDGE ( 'NONE', *, *, #140, .F. ) ;
#868 = CARTESIAN_POINT ( 'NONE',  ( -17.00000000000001421, -60.00000000000000000, 25.00000000000000000 ) ) ;
#869 = EDGE_CURVE ( 'NONE', #836, #1261, #1069, .T. ) ;
#870 = DIRECTION ( 'NONE',  ( -1.000000000000000000, -0.000000000000000000, 0.000000000000000000 ) ) ;
#871 = APPLICATION_PROTOCOL_DEFINITION ( 'international standard', 'config_control_design', 1994, #69 ) ;
#872 = CARTESIAN_POINT ( 'NONE',  ( -18.65672393020284048, 35.44090066076832812, -54.48800682740791501 ) ) ;
#873 = CARTESIAN_POINT ( 'NONE',  ( -24.26295901220800033, 41.06817328954100788, 50.38259068304161303 ) ) ;
#874 = ORIENTED_EDGE ( 'NONE', *, *, #663, .F. ) ;
#875 = EDGE_CURVE ( 'NONE', #1245, #1114, #319, .T. ) ;
#876 = CARTESIAN_POINT ( 'NONE',  ( -17.16207628539324404, -58.19204427018386383, -28.96610063136962054 ) ) ;
#877 = CARTESIAN_POINT ( 'NONE',  ( -21.10127584615408836, 51.89066652462601326, -39.15061593537201645 ) ) ;
#878 = DIRECTION ( 'NONE',  ( -1.000000000000000000, 0.000000000000000000, 0.000000000000000000 ) ) ;
#879 = DIRECTION ( 'NONE',  ( 1.000000000000000000, -0.000000000000000000, -0.000000000000000000 ) ) ;
#880 = CARTESIAN_POINT ( 'NONE',  ( -26.51819969887607087, 41.53311931459037964, 49.99999999999999289 ) ) ;
#881 = ORIENTED_EDGE ( 'NONE', *, *, #650, .T. ) ;
#882 = CARTESIAN_POINT ( 'NONE',  ( -18.66221869463083038, -54.47967476458183711, -35.45370675082876488 ) ) ;
#883 = LINE ( 'NONE', #681, #911 ) ;
#884 = CARTESIAN_POINT ( 'NONE',  ( -19.92751747653390737, -52.92850222116731373, 37.73024305628889863 ) ) ;
#885 = CARTESIAN_POINT ( 'NONE',  ( -17.31780336200511883, 30.30936367304743229, -57.50080478350426461 ) ) ;
#886 = AXIS2_PLACEMENT_3D ( 'NONE', #126, #584, #143 ) ;
#887 = CARTESIAN_POINT ( 'NONE',  ( -24.46074251821710988, -50.32706535842157791, -41.13627051473509511 ) ) ;
#888 = AXIS2_PLACEMENT_3D ( 'NONE', #455, #1107, #915 ) ;
#889 = ORIENTED_EDGE ( 'NONE', *, *, #161, .T. ) ;
#890 = LINE ( 'NONE', #992, #841 ) ;
#891 = ORIENTED_EDGE ( 'NONE', *, *, #1317, .T. ) ;
#892 = LINE ( 'NONE', #1329, #385 ) ;
#893 = PERSON_AND_ORGANIZATION ( #671, #746 ) ;
#894 = LINE ( 'NONE', #375, #817 ) ;
#895 = CARTESIAN_POINT ( 'NONE',  ( -26.26253298497199751, -49.99999999999995737, -41.53311931459042938 ) ) ;
#896 = EDGE_LOOP ( 'NONE', ( #1333, #1043, #1341, #904 ) ) ;
#897 = CARTESIAN_POINT ( 'NONE',  ( -17.00000000000001421, 60.00000000000000000, 25.00000000000001066 ) ) ;
#898 = CARTESIAN_POINT ( 'NONE',  ( -17.00000000000000000, -50.00000000000000000, -50.00000000000000000 ) ) ;
#899 = EDGE_CURVE ( 'NONE', #67, #1142, #749, .T. ) ;
#900 = COORDINATED_UNIVERSAL_TIME_OFFSET ( 8, 0, .AHEAD. ) ;
#901 = DIRECTION ( 'NONE',  ( -0.000000000000000000, -0.000000000000000000, 1.000000000000000000 ) ) ;
#902 = CARTESIAN_POINT ( 'NONE',  ( -20.52865663000313745, 38.55237668380723193, 52.33969237874541847 ) ) ;
#903 = EDGE_CURVE ( 'NONE', #1206, #354, #966, .T. ) ;
#904 = ORIENTED_EDGE ( 'NONE', *, *, #225, .T. ) ;
#905 = CARTESIAN_POINT ( 'NONE',  ( -18.60181286717062932, -54.57198573146835230, -35.31156280699273253 ) ) ;
#906 = CARTESIAN_POINT ( 'NONE',  ( -17.00000000000001421, -25.00000000000000000, -60.00000000000000000 ) ) ;
#907 = APPROVAL_STATUS ( 'not_yet_approved' ) ;
#908 = EDGE_CURVE ( 'NONE', #501, #100, #644, .T. ) ;
#909 = CARTESIAN_POINT ( 'NONE',  ( -18.80894689871761116, -54.25950811821579123, 35.79124881698937344 ) ) ;
#910 = CARTESIAN_POINT ( 'NONE',  ( -18.53806949362783740, -35.15724842122867955, 54.67165137491003435 ) ) ;
#911 = VECTOR ( 'NONE', #350, 1000.000000000000000 ) ;
#912 = ORIENTED_EDGE ( 'NONE', *, *, #439, .T. ) ;
#913 = AXIS2_PLACEMENT_3D ( 'NONE', #1322, #787, #1334 ) ;
#914 = AXIS2_PLACEMENT_3D ( 'NONE', #943, #603, #615 ) ;
#915 = DIRECTION ( 'NONE',  ( 0.000000000000000000, 0.000000000000000000, -1.000000000000000000 ) ) ;
#916 = FACE_OUTER_BOUND ( 'NONE', #1231, .T. ) ;
#917 = CARTESIAN_POINT ( 'NONE',  ( -18.66213811263117606, -54.47979491303764377, 35.45352212268867476 ) ) ;
#918 = CARTESIAN_POINT ( 'NONE',  ( -17.10628703875552858, -28.26255621885202274, 58.53603957189483964 ) ) ;
#919 = ORIENTED_EDGE ( 'NONE', *, *, #147, .F. ) ;
#920 = PRODUCT_RELATED_PRODUCT_CATEGORY ( 'detail', '', ( #716 ) ) ;
#921 = CARTESIAN_POINT ( 'NONE',  ( -18.30120531259940719, 55.06741990726257541, 34.53453422001546613 ) ) ;
#922 = ADVANCED_FACE ( 'NONE', ( #736 ), #96, .F. ) ;
#923 = CARTESIAN_POINT ( 'NONE',  ( -87.00000000000000000, 0.000000000000000000, -50.00000000000000000 ) ) ;
#924 = CARTESIAN_POINT ( 'NONE',  ( -24.17468652082284919, -41.03690296843014806, -50.40806119632314619 ) ) ;
#925 = CARTESIAN_POINT ( 'NONE',  ( -21.10127584616530072, 39.15061593539954288, 51.89066652460476803 ) ) ;
#926 = ORIENTED_EDGE ( 'NONE', *, *, #1009, .F. ) ;
#927 = CARTESIAN_POINT ( 'NONE',  ( -22.50824021447214918, 51.05568107700261749, 40.22937503941250981 ) ) ;
#928 = CARTESIAN_POINT ( 'NONE',  ( -27.00000000000000000, 41.53311931459039386, -50.00000000000000000 ) ) ;
#929 = CARTESIAN_POINT ( 'NONE',  ( -19.52349805235542135, -37.14015400287849644, -53.34640868566343386 ) ) ;
#930 = CARTESIAN_POINT ( 'NONE',  ( -20.54405981978947793, -38.52815919176509851, 52.35189415483220188 ) ) ;
#931 = CARTESIAN_POINT ( 'NONE',  ( -17.10628703875552858, 28.26255621889893632, -58.53603957187220175 ) ) ;
#932 = CARTESIAN_POINT ( 'NONE',  ( -21.70147977937353190, 51.52050676312881450, 39.63126998594525219 ) ) ;
#933 = AXIS2_PLACEMENT_3D ( 'NONE', #26, #798, #581 ) ;
#934 = CC_DESIGN_APPROVAL ( #1311, ( #134 ) ) ;
#935 = CARTESIAN_POINT ( 'NONE',  ( -40.00000000000000000, 0.000000000000000000, 0.000000000000000000 ) ) ;
#936 = CARTESIAN_POINT ( 'NONE',  ( -24.56863253120612001, 50.29986007058528230, -41.16950397757829450 ) ) ;
#937 = CARTESIAN_POINT ( 'NONE',  ( -23.78911076908488553, -40.88871131143377369, 50.52839415378794286 ) ) ;
#938 = CARTESIAN_POINT ( 'NONE',  ( -27.00000000000000000, 0.000000000000000000, -60.00000000000000000 ) ) ;
#939 = ORIENTED_EDGE ( 'NONE', *, *, #875, .F. ) ;
#940 = CARTESIAN_POINT ( 'NONE',  ( -23.63186737053013786, 50.58357089464416845, 40.82041312948128819 ) ) ;
#941 = FACE_OUTER_BOUND ( 'NONE', #781, .T. ) ;
#942 = LINE ( 'NONE', #170, #178 ) ;
#943 = CARTESIAN_POINT ( 'NONE',  ( -87.00000000000000000, 0.000000000000000000, 50.00000000000000000 ) ) ;
#944 = EDGE_CURVE ( 'NONE', #46, #1099, #20, .T. ) ;
#945 = EDGE_LOOP ( 'NONE', ( #1106, #1073, #670, #599 ) ) ;
#946 = ORIENTED_EDGE ( 'NONE', *, *, #406, .T. ) ;
#947 = DIRECTION ( 'NONE',  ( 1.000000000000000000, 0.000000000000000000, -0.000000000000000000 ) ) ;
#948 = CARTESIAN_POINT ( 'NONE',  ( -27.00000000000000000, 50.00000000000000000, 41.53311931459039386 ) ) ;
#949 = CARTESIAN_POINT ( 'NONE',  ( -19.92893218813451739, -52.92893218813452449, 0.000000000000000000 ) ) ;
#950 = CARTESIAN_POINT ( 'NONE',  ( -24.23826105416563337, -50.38958721736568691, 41.05958951736495521 ) ) ;
#951 = DIRECTION ( 'NONE',  ( 1.000000000000000000, 0.000000000000000000, 0.000000000000000000 ) ) ;
#952 = ORIENTED_EDGE ( 'NONE', *, *, #1274, .T. ) ;
#953 = CARTESIAN_POINT ( 'NONE',  ( -25.53537417199078519, -50.08117108164648812, -41.43597953328021077 ) ) ;
#954 = VECTOR ( 'NONE', #693, 1000.000000000000000 ) ;
#955 = CARTESIAN_POINT ( 'NONE',  ( -17.31688416559284960, -57.50437110083145598, -30.30259686431444521 ) ) ;
#956 = VECTOR ( 'NONE', #970, 1000.000000000000000 ) ;
#957 = LINE ( 'NONE', #949, #245 ) ;
#958 = CARTESIAN_POINT ( 'NONE',  ( -23.63186737059266562, -40.82041312952608791, 50.58357089460799472 ) ) ;
#959 = DIRECTION ( 'NONE',  ( 0.000000000000000000, 0.000000000000000000, -1.000000000000000000 ) ) ;
#960 = VERTEX_POINT ( 'NONE', #5 ) ;
#961 = CARTESIAN_POINT ( 'NONE',  ( -17.00000000000001421, 0.000000000000000000, 0.000000000000000000 ) ) ;
#962 = CARTESIAN_POINT ( 'NONE',  ( -17.31969148375688405, 57.49349880549630853, -30.32321952810045929 ) ) ;
#963 = CARTESIAN_POINT ( 'NONE',  ( -17.00000000000000000, -50.00000000000000000, 50.00000000000000000 ) ) ;
#964 = DIRECTION ( 'NONE',  ( 0.000000000000000000, 0.000000000000000000, -1.000000000000000000 ) ) ;
#965 = ORIENTED_EDGE ( 'NONE', *, *, #835, .T. ) ;
#966 = LINE ( 'NONE', #426, #956 ) ;
#967 = CARTESIAN_POINT ( 'NONE',  ( -24.21938041687543830, 50.39509446235048529, -41.05282570510713214 ) ) ;
#968 = CYLINDRICAL_SURFACE ( 'NONE', #1042, 10.00000000000000178 ) ;
#969 = ORIENTED_EDGE ( 'NONE', *, *, #1255, .T. ) ;
#970 = DIRECTION ( 'NONE',  ( -1.000000000000000000, 0.000000000000000000, 0.000000000000000000 ) ) ;
#971 = CARTESIAN_POINT ( 'NONE',  ( -17.00000000000001421, 49.99999999999998579, 41.53311931459038675 ) ) ;
#972 = CARTESIAN_POINT ( 'NONE',  ( -21.78941800971535159, -51.46629075580877100, 39.70166516386774447 ) ) ;
#973 = VECTOR ( 'NONE', #210, 1000.000000000000000 ) ;
#974 = PRODUCT_DEFINITION_FORMATION_WITH_SPECIFIED_SOURCE ( '�', '', #716, .NOT_KNOWN. ) ;
#975 = CARTESIAN_POINT ( 'NONE',  ( -20.97356820604381511, 38.97806218380296883, -52.01678225795762245 ) ) ;
#976 = DIRECTION ( 'NONE',  ( 0.7071067811865480168, 0.7071067811865470176, 0.000000000000000000 ) ) ;
#977 = ORIENTED_EDGE ( 'NONE', *, *, #1193, .T. ) ;
#978 = CARTESIAN_POINT ( 'NONE',  ( -17.00000000000001421, 41.53311931459037254, -50.00000000000000000 ) ) ;
#979 = DIRECTION ( 'NONE',  ( 1.000000000000000000, 0.000000000000000000, 0.000000000000000000 ) ) ;
#980 = APPROVAL_STATUS ( 'not_yet_approved' ) ;
#981 = CARTESIAN_POINT ( 'NONE',  ( -17.45425366173668280, 31.31076701346667690, -56.97278029463488025 ) ) ;
#982 = EDGE_CURVE ( 'NONE', #337, #690, #205, .T. ) ;
#983 = CARTESIAN_POINT ( 'NONE',  ( -24.74401551544950806, 41.22045384523357114, 50.25809216942737123 ) ) ;
#984 = ORIENTED_EDGE ( 'NONE', *, *, #541, .F. ) ;
#985 = CYLINDRICAL_SURFACE ( 'NONE', #90, 65.00000000000000000 ) ;
#986 = VERTEX_POINT ( 'NONE', #978 ) ;
#987 = CARTESIAN_POINT ( 'NONE',  ( -17.34910732631209029, 57.38212583971761660, -30.53359055890068774 ) ) ;
#988 = COORDINATED_UNIVERSAL_TIME_OFFSET ( 8, 0, .AHEAD. ) ;
#989 = CARTESIAN_POINT ( 'NONE',  ( -17.30732679284696474, 30.23163320448059110, -57.54172131002768253 ) ) ;
#990 = CARTESIAN_POINT ( 'NONE',  ( -27.00000000000000000, 41.53311931459039386, 50.00000000000000000 ) ) ;
#991 = EDGE_LOOP ( 'NONE', ( #1219, #664, #851 ) ) ;
#992 = CARTESIAN_POINT ( 'NONE',  ( 845.0000000000000000, 4.286263797015736496E-15, 35.00000000000000000 ) ) ;
#993 = CARTESIAN_POINT ( 'NONE',  ( -17.00000000000000000, 50.00000000000000000, -50.00000000000000000 ) ) ;
#994 = DATE_AND_TIME ( #125, #1113 ) ;
#995 = VECTOR ( 'NONE', #1101, 1000.000000000000000 ) ;
#996 = CARTESIAN_POINT ( 'NONE',  ( -17.32024136838483130, -57.49137189143350923, 30.32725301363410608 ) ) ;
#997 = CARTESIAN_POINT ( 'NONE',  ( -21.65938365795456733, -51.54657180442960396, -39.59740809049134924 ) ) ;
#998 = AXIS2_PLACEMENT_3D ( 'NONE', #961, #519, #763 ) ;
#999 = ORIENTED_EDGE ( 'NONE', *, *, #982, .T. ) ;
#1000 = CARTESIAN_POINT ( 'NONE',  ( -18.67440426081849125, -54.46125673680597856, -35.48199260859064452 ) ) ;
#1001 = FACE_OUTER_BOUND ( 'NONE', #945, .T. ) ;
#1002 = LINE ( 'NONE', #1325, #742 ) ;
#1003 = CARTESIAN_POINT ( 'NONE',  ( -18.35771926430064838, 34.74894326134384670, 54.93882326179677023 ) ) ;
#1004 = EDGE_CURVE ( 'NONE', #960, #456, #573, .T. ) ;
#1005 = ORIENTED_EDGE ( 'NONE', *, *, #899, .T. ) ;
#1006 = DIRECTION ( 'NONE',  ( 0.000000000000000000, 0.000000000000000000, -1.000000000000000000 ) ) ;
#1007 = ADVANCED_FACE ( 'NONE', ( #797 ), #985, .T. ) ;
#1008 = DIRECTION ( 'NONE',  ( 0.000000000000000000, 0.000000000000000000, 1.000000000000000000 ) ) ;
#1009 = EDGE_CURVE ( 'NONE', #579, #46, #890, .T. ) ;
#1010 = CARTESIAN_POINT ( 'NONE',  ( -17.31380628231432794, -57.51632858430723161, 30.27990181449290574 ) ) ;
#1011 = CARTESIAN_POINT ( 'NONE',  ( -18.40710232801765400, -34.82669139783710932, 54.88342837715336486 ) ) ;
#1012 = ORIENTED_EDGE ( 'NONE', *, *, #1004, .F. ) ;
#1013 = CARTESIAN_POINT ( 'NONE',  ( -17.48467915861746391, -56.92170052039296024, -31.38515661274179180 ) ) ;
#1014 = ADVANCED_FACE ( 'NONE', ( #1233 ), #685, .F. ) ;
#1015 = LINE ( 'NONE', #993, #1111 ) ;
#1016 = APPROVAL_DATE_TIME ( #1027, #1311 ) ;
#1017 = CARTESIAN_POINT ( 'NONE',  ( -26.04074165717366185, -41.49157992677908169, -50.03459287172034209 ) ) ;
#1018 = CARTESIAN_POINT ( 'NONE',  ( -18.66904409640630291, -35.46955337251882412, 54.46935680063496221 ) ) ;
#1019 = AXIS2_PLACEMENT_3D ( 'NONE', #213, #879, #654 ) ;
#1020 = ORIENTED_EDGE ( 'NONE', *, *, #1085, .T. ) ;
#1021 = CIRCLE ( 'NONE', #496, 65.00000000000000000 ) ;
#1022 = ADVANCED_FACE ( 'NONE', ( #348 ), #1123, .F. ) ;
#1023 = ORIENTED_EDGE ( 'NONE', *, *, #500, .T. ) ;
#1024 = VECTOR ( 'NONE', #229, 1000.000000000000000 ) ;
#1025 = CARTESIAN_POINT ( 'NONE',  ( -20.97356820604492000, 52.01678225796514710, 38.97806218379297860 ) ) ;
#1026 = CARTESIAN_POINT ( 'NONE',  ( -17.00000000000000000, -50.00000000000000000, 50.00000000000000000 ) ) ;
#1027 = DATE_AND_TIME ( #1336, #249 ) ;
#1028 = CARTESIAN_POINT ( 'NONE',  ( -24.26295901220562001, -41.06817328954110025, -50.38259068304155619 ) ) ;
#1029 = CARTESIAN_POINT ( 'NONE',  ( -21.81948242286825490, 39.72525542863046155, 51.44808123768419250 ) ) ;
#1030 = ORIENTED_EDGE ( 'NONE', *, *, #729, .T. ) ;
#1031 = DIRECTION ( 'NONE',  ( -0.000000000000000000, 0.000000000000000000, -1.000000000000000000 ) ) ;
#1032 = CARTESIAN_POINT ( 'NONE',  ( -17.00000000000001421, 0.000000000000000000, 0.000000000000000000 ) ) ;
#1033 = CARTESIAN_POINT ( 'NONE',  ( -17.44726246079909160, -31.17173624798010323, -57.03905571137934771 ) ) ;
#1034 = CARTESIAN_POINT ( 'NONE',  ( -17.44726246079942911, 31.17173624797872122, 57.03905571138007957 ) ) ;
#1035 = EDGE_LOOP ( 'NONE', ( #429, #237, #425, #81 ) ) ;
#1036 = CARTESIAN_POINT ( 'NONE',  ( -62.00000000000001421, 0.000000000000000000, -50.00000000000000000 ) ) ;
#1037 = CARTESIAN_POINT ( 'NONE',  ( -17.00000000000001421, -25.00000000000001066, 60.00000000000000000 ) ) ;
#1038 = CARTESIAN_POINT ( 'NONE',  ( -22.21738611686852494, -40.02056448504641395, -51.21876183246619263 ) ) ;
#1039 = FACE_OUTER_BOUND ( 'NONE', #274, .T. ) ;
#1040 = UNCERTAINTY_MEASURE_WITH_UNIT (LENGTH_MEASURE( 1.000000000000000082E-05 ), #765, 'distance_accuracy_value', 'NONE');
#1041 = VERTEX_POINT ( 'NONE', #1207 ) ;
#1042 = AXIS2_PLACEMENT_3D ( 'NONE', #1401, #551, #241 ) ;
#1043 = ORIENTED_EDGE ( 'NONE', *, *, #421, .F. ) ;
#1044 = PLANE ( 'NONE',  #614 ) ;
#1045 = AXIS2_PLACEMENT_3D ( 'NONE', #923, #379, #1139 ) ;
#1046 = EDGE_CURVE ( 'NONE', #960, #829, #222, .T. ) ;
#1047 = DIRECTION ( 'NONE',  ( 1.000000000000000000, 0.000000000000000000, 0.000000000000000000 ) ) ;
#1048 = EDGE_CURVE ( 'NONE', #329, #1206, #295, .T. ) ;
#1049 = CARTESIAN_POINT ( 'NONE',  ( -18.75923876658148615, -35.67495929703444091, -54.33511633987985334 ) ) ;
#1050 = CARTESIAN_POINT ( 'NONE',  ( -87.00000000000000000, 0.000000000000000000, 50.00000000000000000 ) ) ;
#1051 = B_SPLINE_CURVE_WITH_KNOTS ( 'NONE', 3,
 ( #424, #1052, #74, #931, #492, #508, #1375, #856, #1288, #989, #1204, #8, #228, #885, #981, #14, #640, #865, #1296, #1196, #1081, #1395, #542, #872, #1097, #661, #1302, #208, #218, #1072, #437, #975, #322, #1186, #335, #444, #557, #747, #1076, #753, #428, #647, #120, #315, #1319, #450, #327, #1191, #1, #1210, #432, #235, #106, #98 ),
 .UNSPECIFIED., .F., .F.,
 ( 4, 2, 2, 1, 1, 1, 1, 1, 2, 2, 2, 2, 1, 1, 1, 1, 1, 2, 2, 2, 2, 1, 1, 1, 1, 1, 2, 2, 2, 2, 1, 1, 1, 2, 2, 4 ),
 ( 0.000000000000000000, 0.1249999999999910349, 0.1874999999999863443, 0.2187499999999842071, 0.2343749999999826805, 0.2421874999999819034, 0.2460937499999813205, 0.2480468749999812372, 0.2490234374999809874, 0.2499999999999807099, 0.3749999999999581446, 0.4374999999999464873, 0.4687499999999399924, 0.4843749999999365508, 0.4921874999999344413, 0.4960937499999333866, 0.4980468749999333311, 0.4990234374999333866, 0.4999999999999334976, 0.6249999999999833467, 0.6875000000000083267, 0.7187500000000203171, 0.7343750000000263123, 0.7421875000000293099, 0.7460937500000303091, 0.7480468750000306422, 0.7490234375000309752, 0.7500000000000313083, 0.8125000000000258682, 0.8437500000000230926, 0.8593750000000220934, 0.8671875000000217604, 0.8710937500000213163, 0.8730468750000206501, 0.8750000000000199840, 1.000000000000000000 ),
 .UNSPECIFIED. ) ;
#1052 = CARTESIAN_POINT ( 'NONE',  ( -17.00000000000000000, 25.99490460642210721, -59.58545641399079074 ) ) ;
#1053 = ORIENTED_EDGE ( 'NONE', *, *, #101, .F. ) ;
#1054 = CARTESIAN_POINT ( 'NONE',  ( -18.40710232802073421, 54.88342837714890976, 34.82669139784409396 ) ) ;
#1055 = CARTESIAN_POINT ( 'NONE',  ( -40.00000000000000000, 0.000000000000000000, 65.00000000000000000 ) ) ;
#1056 = CARTESIAN_POINT ( 'NONE',  ( 845.0000000000000000, 7.960204194457797252E-15, -65.00000000000000000 ) ) ;
#1057 = PLANE ( 'NONE',  #1406 ) ;
#1058 = CARTESIAN_POINT ( 'NONE',  ( -17.00000000000000000, -50.00000000000000000, 50.00000000000000000 ) ) ;
#1059 = ORIENTED_EDGE ( 'NONE', *, *, #1157, .F. ) ;
#1060 = CARTESIAN_POINT ( 'NONE',  ( -22.83207428933850380, -50.89141781251007757, -40.43782308054885277 ) ) ;
#1061 = DIRECTION ( 'NONE',  ( 1.000000000000000000, 0.000000000000000000, -0.000000000000000000 ) ) ;
#1062 = CARTESIAN_POINT ( 'NONE',  ( -17.33382971078103907, -30.42559351556539227, -57.43940635719859955 ) ) ;
#1063 = CARTESIAN_POINT ( 'NONE',  ( -21.59809977692103544, -39.54665765146889811, 51.58550955019035911 ) ) ;
#1064 = DIRECTION ( 'NONE',  ( 0.000000000000000000, 0.000000000000000000, -1.000000000000000000 ) ) ;
#1065 = VERTEX_POINT ( 'NONE', #580 ) ;
#1066 = EDGE_CURVE ( 'NONE', #718, #1099, #462, .T. ) ;
#1067 = CIRCLE ( 'NONE', #1313, 50.00000000000000000 ) ;
#1068 = DIRECTION ( 'NONE',  ( 1.000000000000000000, -0.000000000000000000, -0.000000000000000000 ) ) ;
#1069 = CIRCLE ( 'NONE', #998, 65.00000000000000000 ) ;
#1070 = CARTESIAN_POINT ( 'NONE',  ( -18.69513791369301714, 54.43011255708073293, -35.52975273856242211 ) ) ;
#1071 = CARTESIAN_POINT ( 'NONE',  ( -26.03616055370603277, -41.53311931459052886, 49.99999999999987210 ) ) ;
#1072 = CARTESIAN_POINT ( 'NONE',  ( -20.27329998194875671, 38.20506722604734051, -52.58854556670274150 ) ) ;
#1073 = ORIENTED_EDGE ( 'NONE', *, *, #309, .T. ) ;
#1074 = DIRECTION ( 'NONE',  ( -1.000000000000000000, 0.000000000000000000, 0.000000000000000000 ) ) ;
#1075 = CARTESIAN_POINT ( 'NONE',  ( -23.73310644870669606, 50.53784199554696954, -40.87745430607539987 ) ) ;
#1076 = CARTESIAN_POINT ( 'NONE',  ( -21.72623479472343888, 39.65121287614241652, -51.50515840907051768 ) ) ;
#1077 = EDGE_LOOP ( 'NONE', ( #939, #786, #526, #1158 ) ) ;
#1078 = DIRECTION ( 'NONE',  ( 0.000000000000000000, 0.000000000000000000, -1.000000000000000000 ) ) ;
#1079 = CARTESIAN_POINT ( 'NONE',  ( -17.32098017309821714, 57.48852363358470541, -30.33265117567179914 ) ) ;
#1080 = B_SPLINE_CURVE_WITH_KNOTS ( 'NONE', 3,
 ( #1373, #842, #497, #1275, #301, #597, #936, #1256, #397, #967, #448, #751, #1075, #757, #652, #1189, #1195, #1306, #442, #199, #638, #861, #325, #112, #877, #427, #333, #854, #217, #1201, #764, #1096, #13, #1070, #313, #211, #92, #1286, #431, #528, #645, #1398, #104, #1087, #987, #533, #549, #226, #1079, #962, #1393, #633, #539 ),
 .UNSPECIFIED., .F., .F.,
 ( 4, 2, 2, 1, 1, 1, 2, 2, 2, 2, 1, 1, 1, 1, 2, 2, 2, 2, 1, 1, 1, 1, 1, 2, 2, 2, 2, 1, 1, 1, 1, 1, 2, 2, 4 ),
 ( 0.000000000000000000, 0.06249999999998741285, 0.09374999999998104294, 0.1093749999999778372, 0.1171874999999764078, 0.1210937499999758388, 0.1230468749999755335, 0.1249999999999752420, 0.1874999999999585609, 0.2187499999999500400, 0.2343749999999457656, 0.2421874999999438227, 0.2460937499999427958, 0.2480468749999417688, 0.2490234374999412414, 0.2499999999999407141, 0.3749999999998407940, 0.4374999999997905564, 0.4687499999997655209, 0.4843749999997527533, 0.4921874999997465916, 0.4960937499997438715, 0.4980468749997424838, 0.4990234374997418731, 0.4999999999997412070, 0.6249999999997452038, 0.6874999999997469802, 0.7187499999997482014, 0.7343749999997492006, 0.7421874999997495337, 0.7460937499997498668, 0.7480468749997501998, 0.7490234374997504219, 0.7499999999997507549, 1.000000000000000000 ),
 .UNSPECIFIED. ) ;
#1081 = CARTESIAN_POINT ( 'NONE',  ( -18.53806949363014667, 35.15724842122959615, -54.67165137490942328 ) ) ;
#1082 = LINE ( 'NONE', #190, #525 ) ;
#1083 = ORIENTED_EDGE ( 'NONE', *, *, #869, .F. ) ;
#1084 = DIRECTION ( 'NONE',  ( 1.000000000000000000, -0.000000000000000000, -0.000000000000000000 ) ) ;
#1085 = EDGE_CURVE ( 'NONE', #579, #718, #1246, .T. ) ;
#1086 = AXIS2_PLACEMENT_3D ( 'NONE', #207, #870, #119 ) ;
#1087 = CARTESIAN_POINT ( 'NONE',  ( -17.38058962041704092, 57.26764565810818652, -30.74817705217282082 ) ) ;
#1088 = APPLICATION_PROTOCOL_DEFINITION ( 'international standard', 'config_control_design', 1994, #287 ) ;
#1089 = CIRCLE ( 'NONE', #1339, 34.99999999999999289 ) ;
#1090 = ADVANCED_FACE ( 'NONE', ( #231 ), #665, .T. ) ;
#1091 = AXIS2_PLACEMENT_3D ( 'NONE', #540, #776, #646 ) ;
#1092 = CARTESIAN_POINT ( 'NONE',  ( -27.00000000000000000, 50.00000000000000000, -41.53311931459039386 ) ) ;
#1093 = CARTESIAN_POINT ( 'NONE',  ( -22.19232717803356181, -51.22590327435057134, -40.01248221055890752 ) ) ;
#1094 = ORIENTED_EDGE ( 'NONE', *, *, #791, .T. ) ;
#1095 = CARTESIAN_POINT ( 'NONE',  ( 845.0000000000000000, 0.000000000000000000, -35.00000000000000000 ) ) ;
#1096 = CARTESIAN_POINT ( 'NONE',  ( -18.75923876657752842, 54.33511633988580769, -35.67495929702534596 ) ) ;
#1097 = CARTESIAN_POINT ( 'NONE',  ( -18.66411271713583275, 35.45809682033093679, -54.47681540436146719 ) ) ;
#1098 = CARTESIAN_POINT ( 'NONE',  ( -19.92751747653390737, -52.92850222116731373, 37.73024305628889863 ) ) ;
#1099 = VERTEX_POINT ( 'NONE', #1095 ) ;
#1100 = CARTESIAN_POINT ( 'NONE',  ( -17.40877128450883760, -57.16302680744184528, -30.94498888755419586 ) ) ;
#1101 = DIRECTION ( 'NONE',  ( 1.000000000000000000, 0.000000000000000000, 0.000000000000000000 ) ) ;
#1102 = DIRECTION ( 'NONE',  ( -1.000000000000000000, -0.000000000000000000, 0.000000000000000000 ) ) ;
#1103 = CARTESIAN_POINT ( 'NONE',  ( -17.00000000000000711, -59.48803728542897318, 26.22871051497052264 ) ) ;
#1104 = CARTESIAN_POINT ( 'NONE',  ( -21.90314028777263644, 39.79028701208965657, 51.39782948861768830 ) ) ;
#1105 = MANIFOLD_SOLID_BREP ( 'M45 Clearance Hole1', #1290 ) ;
#1106 = ORIENTED_EDGE ( 'NONE', *, *, #766, .F. ) ;
#1107 = DIRECTION ( 'NONE',  ( -1.000000000000000000, -0.000000000000000000, 0.000000000000000000 ) ) ;
#1108 = CARTESIAN_POINT ( 'NONE',  ( -137.0000000000000000, 0.000000000000000000, 50.00000000000000000 ) ) ;
#1109 = EDGE_CURVE ( 'NONE', #1390, #690, #25, .T. ) ;
#1110 = CARTESIAN_POINT ( 'NONE',  ( -18.51881912746801717, -54.70196178202670723, 35.11023209106050302 ) ) ;
#1111 = VECTOR ( 'NONE', #233, 1000.000000000000000 ) ;
#1112 = CARTESIAN_POINT ( 'NONE',  ( -21.77777657199680306, 39.69234346125866608, 51.47347005524670749 ) ) ;
#1113 = LOCAL_TIME ( 10, 56, 46.00000000000000000, #900 ) ;
#1114 = VERTEX_POINT ( 'NONE', #281 ) ;
#1115 = ADVANCED_FACE ( 'NONE', ( #1150 ), #816, .F. ) ;
#1116 = DIRECTION ( 'NONE',  ( -1.000000000000000000, 0.000000000000000000, 0.000000000000000000 ) ) ;
#1117 = CARTESIAN_POINT ( 'NONE',  ( -17.00000000000000000, -50.00000000000000000, -41.53311931459039386 ) ) ;
#1118 = PERSON_AND_ORGANIZATION_ROLE ( 'creator' ) ;
#1119 = CARTESIAN_POINT ( 'NONE',  ( -17.00000000000001421, -60.00000000000000000, 25.00000000000000000 ) ) ;
#1120 = CARTESIAN_POINT ( 'NONE',  ( -17.27381367991903360, -29.97302852041848453, 57.67702641318146561 ) ) ;
#1121 = ORIENTED_EDGE ( 'NONE', *, *, #1085, .F. ) ;
#1122 = ADVANCED_FACE ( 'NONE', ( #275 ), #1044, .F. ) ;
#1123 = CYLINDRICAL_SURFACE ( 'NONE', #1271, 24.99999999999998224 ) ;
#1124 = CARTESIAN_POINT ( 'NONE',  ( -27.00000000000000000, -41.53311931459039386, -50.00000000000000000 ) ) ;
#1125 = CARTESIAN_POINT ( 'NONE',  ( -27.00000000000000000, -41.53311931459039386, -50.00000000000000000 ) ) ;
#1126 = ADVANCED_FACE ( 'NONE', ( #1377, #837 ), #1270, .F. ) ;
#1127 = CARTESIAN_POINT ( 'NONE',  ( -17.10628703875553214, 28.75730864374096996, 58.31917938888918940 ) ) ;
#1128 = ORIENTED_EDGE ( 'NONE', *, *, #103, .F. ) ;
#1129 = EDGE_LOOP ( 'NONE', ( #515, #194 ) ) ;
#1130 = CARTESIAN_POINT ( 'NONE',  ( -18.67097025130415133, 54.46644653337670405, 35.47402248615549780 ) ) ;
#1131 = DIRECTION ( 'NONE',  ( 0.000000000000000000, -1.000000000000000000, 0.000000000000000000 ) ) ;
#1132 = CARTESIAN_POINT ( 'NONE',  ( -24.56863253120998536, -41.16950397757839397, -50.29986007058518993 ) ) ;
#1133 = CARTESIAN_POINT ( 'NONE',  ( -17.31554775536302415, -30.29273457064721242, 57.50956685436994320 ) ) ;
#1134 = ORIENTED_EDGE ( 'NONE', *, *, #899, .F. ) ;
#1135 = VECTOR ( 'NONE', #1074, 1000.000000000000000 ) ;
#1136 = ORIENTED_EDGE ( 'NONE', *, *, #538, .T. ) ;
#1137 = AXIS2_PLACEMENT_3D ( 'NONE', #498, #827, #1257 ) ;
#1138 = CARTESIAN_POINT ( 'NONE',  ( -26.03616055357283798, 49.99999999999997868, 41.53311931459034412 ) ) ;
#1139 = DIRECTION ( 'NONE',  ( 1.000000000000000000, 0.000000000000000000, 0.000000000000000000 ) ) ;
#1140 = CARTESIAN_POINT ( 'NONE',  ( -17.00000000000001421, -41.53311931459037254, -50.00000000000000000 ) ) ;
#1141 = CARTESIAN_POINT ( 'NONE',  ( -19.02521794944011901, 36.24002908643241483, 53.96084967101709395 ) ) ;
#1142 = VERTEX_POINT ( 'NONE', #600 ) ;
#1143 = DIRECTION ( 'NONE',  ( 1.000000000000000000, 0.000000000000000000, 0.000000000000000000 ) ) ;
#1144 = DIRECTION ( 'NONE',  ( 1.000000000000000000, -0.000000000000000000, -0.000000000000000000 ) ) ;
#1145 = CARTESIAN_POINT ( 'NONE',  ( -17.32310750727819837, -30.34816326022674460, -57.48033632160510820 ) ) ;
#1146 = CARTESIAN_POINT ( 'NONE',  ( -21.19416455655899156, -39.19432833311335429, 51.85418819383203726 ) ) ;
#1147 = VERTEX_POINT ( 'NONE', #1036 ) ;
#1148 = ADVANCED_FACE ( 'NONE', ( #121 ), #558, .F. ) ;
#1149 = ORIENTED_EDGE ( 'NONE', *, *, #944, .T. ) ;
#1150 = FACE_OUTER_BOUND ( 'NONE', #317, .T. ) ;
#1151 = EDGE_CURVE ( 'NONE', #354, #361, #1082, .T. ) ;
#1152 = LINE ( 'NONE', #1371, #568 ) ;
#1153 = CARTESIAN_POINT ( 'NONE',  ( -17.00000000000001421, 50.00000000000000000, -41.53311931459037254 ) ) ;
#1154 = CARTESIAN_POINT ( 'NONE',  ( -27.00000000000000000, -41.53311931459039386, 50.00000000000000000 ) ) ;
#1155 = PLANE ( 'NONE',  #1358 ) ;
#1156 = AXIS2_PLACEMENT_3D ( 'NONE', #576, #1208, #357 ) ;
#1157 = EDGE_CURVE ( 'NONE', #456, #354, #388, .T. ) ;
#1158 = ORIENTED_EDGE ( 'NONE', *, *, #103, .T. ) ;
#1159 = CARTESIAN_POINT ( 'NONE',  ( -17.00000000000001421, 0.000000000000000000, 0.000000000000000000 ) ) ;
#1160 = CIRCLE ( 'NONE', #1045, 24.99999999999998224 ) ;
#1161 = VECTOR ( 'NONE', #534, 1000.000000000000000 ) ;
#1162 = CARTESIAN_POINT ( 'NONE',  ( -27.00000000000000000, 60.00000000000000000, 50.00000000000000000 ) ) ;
#1163 = ADVANCED_FACE ( 'NONE', ( #847, #1309 ), #778, .T. ) ;
#1164 = CARTESIAN_POINT ( 'NONE',  ( -18.35771926430019363, -34.74894326134548805, -54.93882326179571152 ) ) ;
#1165 = DIRECTION ( 'NONE',  ( -0.000000000000000000, -0.000000000000000000, 1.000000000000000000 ) ) ;
#1166 = ORIENTED_EDGE ( 'NONE', *, *, #1066, .F. ) ;
#1167 = VERTEX_POINT ( 'NONE', #990 ) ;
#1168 = CARTESIAN_POINT ( 'NONE',  ( -24.56863253121861490, 41.16950397757835844, 50.29986007058523256 ) ) ;
#1169 = DIRECTION ( 'NONE',  ( 0.000000000000000000, 1.000000000000000000, 0.000000000000000000 ) ) ;
#1170 = CC_DESIGN_PERSON_AND_ORGANIZATION_ASSIGNMENT ( #40, #248, ( #134 ) ) ;
#1171 = CARTESIAN_POINT ( 'NONE',  ( -87.00000000000000000, 0.000000000000000000, 50.00000000000000000 ) ) ;
#1172 = PLANE ( 'NONE',  #1137 ) ;
#1173 = EDGE_CURVE ( 'NONE', #1238, #697, #735, .T. ) ;
#1174 = ORIENTED_EDGE ( 'NONE', *, *, #1407, .T. ) ;
#1175 = ORIENTED_EDGE ( 'NONE', *, *, #1046, .F. ) ;
#1176 = DIRECTION ( 'NONE',  ( -1.000000000000000000, -0.000000000000000000, 0.000000000000000000 ) ) ;
#1177 = CARTESIAN_POINT ( 'NONE',  ( -17.00000000000000000, -59.48809451435322160, -26.22857316555224116 ) ) ;
#1178 = PLANE ( 'NONE',  #720 ) ;
#1179 = CARTESIAN_POINT ( 'NONE',  ( -22.50824021456591950, -40.22937503948060822, 51.05568107694894309 ) ) ;
#1180 = EDGE_LOOP ( 'NONE', ( #377, #486, #151 ) ) ;
#1181 = ORIENTED_EDGE ( 'NONE', *, *, #140, .T. ) ;
#1182 = CIRCLE ( 'NONE', #886, 65.00000000000000000 ) ;
#1183 = CARTESIAN_POINT ( 'NONE',  ( 845.0000000000000000, 0.000000000000000000, 0.000000000000000000 ) ) ;
#1184 = AXIS2_PLACEMENT_3D ( 'NONE', #1197, #1176, #648 ) ;
#1185 = CARTESIAN_POINT ( 'NONE',  ( -27.00000000000000000, -50.00000000000000000, 41.53311931459039386 ) ) ;
#1186 = CARTESIAN_POINT ( 'NONE',  ( -21.46175074089569534, 39.43168692907385520, -51.67353495920832529 ) ) ;
#1187 = EDGE_LOOP ( 'NONE', ( #1278, #740, #881 ) ) ;
#1188 = CARTESIAN_POINT ( 'NONE',  ( -17.00000000000000000, -25.00000000000000000, -60.00000000000000000 ) ) ;
#1189 = CARTESIAN_POINT ( 'NONE',  ( -22.51152764471294532, 51.06236627079189816, -40.22018563157187288 ) ) ;
#1190 = DIRECTION ( 'NONE',  ( 0.000000000000000000, 0.000000000000000000, -1.000000000000000000 ) ) ;
#1191 = CARTESIAN_POINT ( 'NONE',  ( -24.06776042768888857, 40.99772712189990642, -50.43993118239498585 ) ) ;
#1192 = VERTEX_POINT ( 'NONE', #1098 ) ;
#1193 = EDGE_CURVE ( 'NONE', #1327, #349, #1318, .T. ) ;
#1194 = CARTESIAN_POINT ( 'NONE',  ( 845.0000000000000000, 6.735557395310422893E-15, 54.99999999999984368 ) ) ;
#1195 = CARTESIAN_POINT ( 'NONE',  ( -22.21738611682855336, 51.21876183247892556, -40.02056448503007857 ) ) ;
#1196 = CARTESIAN_POINT ( 'NONE',  ( -18.40710232802200252, 34.82669139783900647, -54.88342837715212141 ) ) ;
#1197 = CARTESIAN_POINT ( 'NONE',  ( -17.00000000000001421, 0.000000000000000000, 0.000000000000000000 ) ) ;
#1198 = ORIENTED_EDGE ( 'NONE', *, *, #264, .T. ) ;
#1199 = CARTESIAN_POINT ( 'NONE',  ( -17.29273446272931736, -57.59972148371426925, -30.12109407803908923 ) ) ;
#1200 = CIRCLE ( 'NONE', #155, 65.00000000000000000 ) ;
#1201 = CARTESIAN_POINT ( 'NONE',  ( -19.02521794943150724, 53.96084967103187324, -36.24002908641032406 ) ) ;
#1202 =( NAMED_UNIT ( * ) PLANE_ANGLE_UNIT ( ) SI_UNIT ( $, .RADIAN. ) );
#1203 = VECTOR ( 'NONE', #744, 1000.000000000000000 ) ;
#1204 = CARTESIAN_POINT ( 'NONE',  ( -17.31307124919571905, 30.27442405719956753, -57.51921054147256740 ) ) ;
#1205 = CARTESIAN_POINT ( 'NONE',  ( -24.17468652082288116, 41.03690296842996332, 50.40806119632329541 ) ) ;
#1206 = VERTEX_POINT ( 'NONE', #107 ) ;
#1207 = CARTESIAN_POINT ( 'NONE',  ( -27.00000000000000000, -41.53311931459039386, -50.00000000000000000 ) ) ;
#1208 = DIRECTION ( 'NONE',  ( 0.000000000000000000, 0.000000000000000000, 1.000000000000000000 ) ) ;
#1209 = CARTESIAN_POINT ( 'NONE',  ( -17.00000000000000000, 41.53311931459039386, 50.00000000000000000 ) ) ;
#1210 = CARTESIAN_POINT ( 'NONE',  ( -24.13454275224760437, 41.02236529182332703, -50.41989275934942327 ) ) ;
#1211 = CARTESIAN_POINT ( 'NONE',  ( -22.21738611686713583, 40.02056448504976061, 51.21876183246355652 ) ) ;
#1212 = ORIENTED_EDGE ( 'NONE', *, *, #473, .F. ) ;
#1213 = DIRECTION ( 'NONE',  ( -0.000000000000000000, -0.000000000000000000, 1.000000000000000000 ) ) ;
#1214 = ORIENTED_EDGE ( 'NONE', *, *, #214, .T. ) ;
#1215 = DIRECTION ( 'NONE',  ( 0.000000000000000000, 0.000000000000000000, -1.000000000000000000 ) ) ;
#1216 = DATE_AND_TIME ( #458, #1361 ) ;
#1217 = CARTESIAN_POINT ( 'NONE',  ( -19.61568206002099046, -53.23869217030053846, 37.29514774966930446 ) ) ;
#1218 = CARTESIAN_POINT ( 'NONE',  ( -17.31780336200516146, -30.30936367304759216, 57.50080478350417934 ) ) ;
#1219 = ORIENTED_EDGE ( 'NONE', *, *, #399, .T. ) ;
#1220 = CARTESIAN_POINT ( 'NONE',  ( -18.68194701577263572, -54.44989425342783562, -35.49942867690830894 ) ) ;
#1221 = LINE ( 'NONE', #673, #995 ) ;
#1222 = CARTESIAN_POINT ( 'NONE',  ( -17.00000000000000000, -50.00000000000000000, -50.00000000000000000 ) ) ;
#1223 = VECTOR ( 'NONE', #651, 1000.000000000000000 ) ;
#1224 = CARTESIAN_POINT ( 'NONE',  ( 0.000000000000000000, 6.735557395310420527E-15, 54.99999999999979394 ) ) ;
#1225 = LOCAL_TIME ( 10, 56, 46.00000000000000000, #988 ) ;
#1226 = ORIENTED_EDGE ( 'NONE', *, *, #11, .F. ) ;
#1227 = CARTESIAN_POINT ( 'NONE',  ( -19.61565906053139940, -53.23870256402955903, -37.29513276665804256 ) ) ;
#1228 = LINE ( 'NONE', #687, #954 ) ;
#1229 = CARTESIAN_POINT ( 'NONE',  ( -19.32897056075550068, -53.56745174077009608, 36.82264990098597224 ) ) ;
#1230 = CARTESIAN_POINT ( 'NONE',  ( -18.69513791369367439, 35.52975273856400662, 54.43011255707971685 ) ) ;
#1231 = EDGE_LOOP ( 'NONE', ( #1128, #37 ) ) ;
#1232 = B_SPLINE_CURVE_WITH_KNOTS ( 'NONE', 3,
 ( #470, #1217, #1229, #668, #909, #577, #465, #784, #1346, #917, #156, #352, #1110, #1331, #21, #688, #564, #459, #135, #996, #381, #789, #1010, #811, #27, #1242, #250, #571, #1103, #1119 ),
 .UNSPECIFIED., .F., .F.,
 ( 4, 2, 2, 2, 2, 1, 1, 1, 2, 2, 1, 2, 2, 1, 1, 1, 1, 2, 4 ),
 ( 0.3825808592174538836, 0.4597582518152873443, 0.4983469481142040469, 0.4995528448735451210, 0.5007587416328861396, 0.5031705351515685098, 0.5079941221889321401, 0.5176412962636589565, 0.5369356444131128114, 0.6912904296087422074, 0.7298791259076499172, 0.7491734740571036610, 0.7503793708164447906, 0.7515852675757856982, 0.7539970610944670693, 0.7588206481318309216, 0.7684678222065580711, 0.8456452148043722694, 1.000000000000000000 ),
 .UNSPECIFIED. ) ;
#1233 = FACE_OUTER_BOUND ( 'NONE', #696, .T. ) ;
#1234 = EDGE_CURVE ( 'NONE', #1167, #349, #267, .T. ) ;
#1235 = LINE ( 'NONE', #1026, #130 ) ;
#1236 = CARTESIAN_POINT ( 'NONE',  ( -25.33106798380303459, -41.36657474180299943, -50.13790398785733515 ) ) ;
#1237 = CARTESIAN_POINT ( 'NONE',  ( -18.66411271713570130, -35.45809682033102916, 54.47681540436144587 ) ) ;
#1238 = VERTEX_POINT ( 'NONE', #150 ) ;
#1239 = CARTESIAN_POINT ( 'NONE',  ( -21.71632822439802979, 51.51129357421389443, 39.64324229428968493 ) ) ;
#1240 = DIRECTION ( 'NONE',  ( -0.000000000000000000, 0.000000000000000000, -1.000000000000000000 ) ) ;
#1241 = PERSON_AND_ORGANIZATION ( #671, #746 ) ;
#1242 = CARTESIAN_POINT ( 'NONE',  ( -17.21904664729832390, -57.90234659958194641, 29.54090547490035590 ) ) ;
#1243 = CARTESIAN_POINT ( 'NONE',  ( -19.52349805234512203, 37.14015400285946100, 53.34640868567663574 ) ) ;
#1244 = VECTOR ( 'NONE', #675, 1000.000000000000000 ) ;
#1245 = VERTEX_POINT ( 'NONE', #1224 ) ;
#1246 = CIRCLE ( 'NONE', #390, 34.99999999999999289 ) ;
#1247 = DIRECTION ( 'NONE',  ( 0.000000000000000000, 0.000000000000000000, -1.000000000000000000 ) ) ;
#1248 = CARTESIAN_POINT ( 'NONE',  ( -17.00000000000000000, 50.00000000000000000, 50.00000000000000000 ) ) ;
#1249 = CARTESIAN_POINT ( 'NONE',  ( -19.18742021000852560, -36.54628739613999500, -53.75338563581443196 ) ) ;
#1250 = FACE_OUTER_BOUND ( 'NONE', #89, .T. ) ;
#1251 = ORIENTED_EDGE ( 'NONE', *, *, #11, .T. ) ;
#1252 = EDGE_LOOP ( 'NONE', ( #754, #137, #1053, #618 ) ) ;
#1253 = CARTESIAN_POINT ( 'NONE',  ( -18.66904409640637397, 54.46935680063497642, 35.46955337251880280 ) ) ;
#1254 = DIRECTION ( 'NONE',  ( 0.000000000000000000, 0.000000000000000000, 1.000000000000000000 ) ) ;
#1255 = EDGE_CURVE ( 'NONE', #704, #684, #825, .T. ) ;
#1256 = CARTESIAN_POINT ( 'NONE',  ( -24.36473145154833020, 50.35409944028627649, -41.10311184086380365 ) ) ;
#1257 = DIRECTION ( 'NONE',  ( 0.000000000000000000, 0.000000000000000000, -1.000000000000000000 ) ) ;
#1258 = ADVANCED_FACE ( 'NONE', ( #391 ), #1057, .F. ) ;
#1259 = CARTESIAN_POINT ( 'NONE',  ( -17.00000000000001421, 0.000000000000000000, 0.000000000000000000 ) ) ;
#1260 = CC_DESIGN_PERSON_AND_ORGANIZATION_ASSIGNMENT ( #1241, #1118, ( #611 ) ) ;
#1261 = VERTEX_POINT ( 'NONE', #506 ) ;
#1262 = CARTESIAN_POINT ( 'NONE',  ( -18.66411271713582209, 54.47681540436136061, 35.45809682033112153 ) ) ;
#1263 = DIRECTION ( 'NONE',  ( 0.000000000000000000, 0.000000000000000000, -1.000000000000000000 ) ) ;
#1264 = CARTESIAN_POINT ( 'NONE',  ( -22.71062284285955712, -40.34375877317135917, -50.96471744870891030 ) ) ;
#1265 = DIRECTION ( 'NONE',  ( 1.000000000000000000, 0.000000000000000000, -0.000000000000000000 ) ) ;
#1266 = ADVANCED_FACE ( 'NONE', ( #1389, #1250 ), #171, .T. ) ;
#1267 = ORIENTED_EDGE ( 'NONE', *, *, #161, .F. ) ;
#1268 = VECTOR ( 'NONE', #951, 1000.000000000000000 ) ;
#1269 = ORIENTED_EDGE ( 'NONE', *, *, #835, .F. ) ;
#1270 = PLANE ( 'NONE',  #843 ) ;
#1271 = AXIS2_PLACEMENT_3D ( 'NONE', #146, #1213, #1328 ) ;
#1272 = VECTOR ( 'NONE', #423, 1000.000000000000000 ) ;
#1273 = CARTESIAN_POINT ( 'NONE',  ( -87.00000000000000000, 50.00000000000000000, -50.00000000000000000 ) ) ;
#1274 = EDGE_CURVE ( 'NONE', #567, #67, #416, .T. ) ;
#1275 = CARTESIAN_POINT ( 'NONE',  ( -25.33106798379546731, 50.13790398785734226, -41.36657474180304916 ) ) ;
#1276 = CARTESIAN_POINT ( 'NONE',  ( -21.66691328089568103, -39.60321949539178377, 51.54207721557810373 ) ) ;
#1277 = CARTESIAN_POINT ( 'NONE',  ( -17.00000000000000000, 41.53311931459039386, 50.00000000000000000 ) ) ;
#1278 = ORIENTED_EDGE ( 'NONE', *, *, #406, .F. ) ;
#1279 = DIRECTION ( 'NONE',  ( 1.000000000000000000, 0.000000000000000000, 0.000000000000000000 ) ) ;
#1280 = CARTESIAN_POINT ( 'NONE',  ( -87.00000000000000000, 0.000000000000000000, 50.00000000000000000 ) ) ;
#1281 = CARTESIAN_POINT ( 'NONE',  ( 0.000000000000000000, 0.000000000000000000, -54.99999999999979394 ) ) ;
#1282 = CARTESIAN_POINT ( 'NONE',  ( -23.97454637851570780, -40.96238659712160057, 50.46864464193790667 ) ) ;
#1283 = ORIENTED_EDGE ( 'NONE', *, *, #185, .F. ) ;
#1284 = EDGE_LOOP ( 'NONE', ( #467, #440, #347, #1030, #65, #407, #128, #280, #641 ) ) ;
#1285 = CARTESIAN_POINT ( 'NONE',  ( -17.04051907134831012, -58.96735015088132315, -27.37238799779887799 ) ) ;
#1286 = CARTESIAN_POINT ( 'NONE',  ( -18.35771926430830447, 54.93882326178339781, -34.74894326136439560 ) ) ;
#1287 = CARTESIAN_POINT ( 'NONE',  ( -23.98691252369667026, -50.46434294630798689, 40.96770497223139529 ) ) ;
#1288 = CARTESIAN_POINT ( 'NONE',  ( -17.29597411231582527, 30.14578604218483093, -57.58677772231066427 ) ) ;
#1289 = ORIENTED_EDGE ( 'NONE', *, *, #560, .T. ) ;
#1290 = CLOSED_SHELL ( 'NONE', ( #583, #922, #480, #709, #838, #1148, #1400, #80, #518, #604, #1115, #138, #53, #1297, #1014, #1090, #1258, #1007, #1126, #1163, #623, #812, #1122, #1266, #761, #396, #116, #586, #617, #1022 ) ) ;
#1291 = AXIS2_PLACEMENT_3D ( 'NONE', #276, #1144, #1350 ) ;
#1292 = DIRECTION ( 'NONE',  ( 0.000000000000000000, 0.000000000000000000, -1.000000000000000000 ) ) ;
#1293 = CARTESIAN_POINT ( 'NONE',  ( -17.00000000000001421, 25.00000000000000000, 60.00000000000000000 ) ) ;
#1294 = DIRECTION ( 'NONE',  ( 0.000000000000000000, 0.000000000000000000, 1.000000000000000000 ) ) ;
#1295 = EDGE_CURVE ( 'NONE', #383, #649, #177, .T. ) ;
#1296 = CARTESIAN_POINT ( 'NONE',  ( -18.30120531260109829, 34.53453422000875150, -55.06741990726681024 ) ) ;
#1297 = ADVANCED_FACE ( 'NONE', ( #1039 ), #1172, .F. ) ;
#1298 = ORIENTED_EDGE ( 'NONE', *, *, #982, .F. ) ;
#1299 = CARTESIAN_POINT ( 'NONE',  ( -17.00000000000001421, 0.000000000000000000, 0.000000000000000000 ) ) ;
#1300 = CARTESIAN_POINT ( 'NONE',  ( 845.0000000000000000, 0.000000000000000000, 0.000000000000000000 ) ) ;
#1301 = MECHANICAL_CONTEXT ( 'NONE', #69, 'mechanical' ) ;
#1302 = CARTESIAN_POINT ( 'NONE',  ( -18.67097025130410870, 35.47402248615545517, -54.46644653337671826 ) ) ;
#1303 = DIRECTION ( 'NONE',  ( 0.000000000000000000, 0.000000000000000000, 1.000000000000000000 ) ) ;
#1304 = ORIENTED_EDGE ( 'NONE', *, *, #1066, .T. ) ;
#1305 = CARTESIAN_POINT ( 'NONE',  ( -137.0000000000000000, 0.000000000000000000, 50.00000000000000000 ) ) ;
#1306 = CARTESIAN_POINT ( 'NONE',  ( -22.07144067019774170, 51.29943946363298579, -39.91718808054925915 ) ) ;
#1307 = CARTESIAN_POINT ( 'NONE',  ( -17.00000000000001421, 0.000000000000000000, 0.000000000000000000 ) ) ;
#1308 = LINE ( 'NONE', #345, #294 ) ;
#1309 = FACE_OUTER_BOUND ( 'NONE', #834, .T. ) ;
#1310 = EDGE_LOOP ( 'NONE', ( #145, #631 ) ) ;
#1311 = APPROVAL ( #907, '未' ) ;
#1312 = CARTESIAN_POINT ( 'NONE',  ( -19.32896023876376645, -53.56743428588441702, -36.82267386244712526 ) ) ;
#1313 = AXIS2_PLACEMENT_3D ( 'NONE', #1171, #849, #271 ) ;
#1314 = DIRECTION ( 'NONE',  ( 0.000000000000000000, 0.000000000000000000, -1.000000000000000000 ) ) ;
#1315 = CARTESIAN_POINT ( 'NONE',  ( -17.00000000000001421, 60.00000000000000000, 25.00000000000001066 ) ) ;
#1316 = AXIS2_PLACEMENT_3D ( 'NONE', #154, #239, #364 ) ;
#1317 = EDGE_CURVE ( 'NONE', #684, #1167, #715, .T. ) ;
#1318 = CIRCLE ( 'NONE', #1184, 65.00000000000000000 ) ;
#1319 = CARTESIAN_POINT ( 'NONE',  ( -23.63186737056264874, 40.82041312950040890, -50.58357089462872125 ) ) ;
#1320 = CARTESIAN_POINT ( 'NONE',  ( -22.71062284285748589, 40.34375877317629033, 50.96471744870501652 ) ) ;
#1321 = EDGE_LOOP ( 'NONE', ( #852, #607, #748 ) ) ;
#1322 = CARTESIAN_POINT ( 'NONE',  ( -87.00000000000000000, -50.00000000000000000, 50.00000000000000000 ) ) ;
#1323 = DIRECTION ( 'NONE',  ( 0.000000000000000000, 0.000000000000000000, -1.000000000000000000 ) ) ;
#1324 = APPROVAL_ROLE ( '' ) ;
#1325 = CARTESIAN_POINT ( 'NONE',  ( -62.00000000000001421, 0.000000000000000000, 50.00000000000000000 ) ) ;
#1326 = CARTESIAN_POINT ( 'NONE',  ( -17.31307124919571194, -30.27442405719807894, 57.51921054147332768 ) ) ;
#1327 = VERTEX_POINT ( 'NONE', #725 ) ;
#1328 = DIRECTION ( 'NONE',  ( 1.000000000000000000, 0.000000000000000000, 0.000000000000000000 ) ) ;
#1329 = CARTESIAN_POINT ( 'NONE',  ( -17.00000000000000000, -60.00000000000000000, 25.00000000000000000 ) ) ;
#1330 = PERSON_AND_ORGANIZATION ( #671, #746 ) ;
#1331 = CARTESIAN_POINT ( 'NONE',  ( -18.45016355496028027, -54.81427353655676171, 34.93444107486963190 ) ) ;
#1332 = CARTESIAN_POINT ( 'NONE',  ( -18.68001640250593809, 35.49494722757429344, 54.45281251179525839 ) ) ;
#1333 = ORIENTED_EDGE ( 'NONE', *, *, #309, .F. ) ;
#1334 = DIRECTION ( 'NONE',  ( 1.000000000000000000, -9.912705577010319386E-17, 0.000000000000000000 ) ) ;
#1335 = CARTESIAN_POINT ( 'NONE',  ( -17.00000000000000000, -50.00000000000000000, 50.00000000000000000 ) ) ;
#1336 = CALENDAR_DATE ( 2026, 25, 8 ) ;
#1337 = AXIS2_PLACEMENT_3D ( 'NONE', #1300, #6, #555 ) ;
#1338 = CARTESIAN_POINT ( 'NONE',  ( -87.00000000000000000, 0.000000000000000000, 50.00000000000000000 ) ) ;
#1339 = AXIS2_PLACEMENT_3D ( 'NONE', #819, #824, #730 ) ;
#1340 = CARTESIAN_POINT ( 'NONE',  ( -17.00000000000001421, -25.00000000000001066, 60.00000000000000000 ) ) ;
#1341 = ORIENTED_EDGE ( 'NONE', *, *, #206, .T. ) ;
#1342 = EDGE_CURVE ( 'NONE', #546, #1065, #66, .T. ) ;
#1343 = CARTESIAN_POINT ( 'NONE',  ( -18.45020339076794258, -54.81423562898041268, -34.93450066323195102 ) ) ;
#1344 = FACE_BOUND ( 'NONE', #167, .T. ) ;
#1345 = COORDINATED_UNIVERSAL_TIME_OFFSET ( 8, 0, .AHEAD. ) ;
#1346 = CARTESIAN_POINT ( 'NONE',  ( -18.67127540576293043, -54.46598529156469226, 35.47473068800825047 ) ) ;
#1347 = CARTESIAN_POINT ( 'NONE',  ( -18.67097025130410515, -35.47402248615559017, 54.46644653337661168 ) ) ;
#1348 = ORIENTED_EDGE ( 'NONE', *, *, #36, .F. ) ;
#1349 = CARTESIAN_POINT ( 'NONE',  ( -25.08992898907870739, 50.13900037609943894, 41.36747103499554612 ) ) ;
#1350 = DIRECTION ( 'NONE',  ( 0.000000000000000000, 0.000000000000000000, -1.000000000000000000 ) ) ;
#1351 = CARTESIAN_POINT ( 'NONE',  ( -23.73310644874665698, -40.87745430609164288, -50.53784199553378187 ) ) ;
#1352 = CARTESIAN_POINT ( 'NONE',  ( -17.13950173836664348, -28.69188594027086125, 58.32660019756017533 ) ) ;
#1353 = ORIENTED_EDGE ( 'NONE', *, *, #1004, .T. ) ;
#1354 = CARTESIAN_POINT ( 'NONE',  ( -17.31720200309755597, 57.50313857615553559, 30.30493526533889792 ) ) ;
#1355 = CYLINDRICAL_SURFACE ( 'NONE', #64, 65.00000000000000000 ) ;
#1356 = CARTESIAN_POINT ( 'NONE',  ( -18.84619613485813616, -35.86611070037442062, -54.20933268201689259 ) ) ;
#1357 = CARTESIAN_POINT ( 'NONE',  ( -24.10781564401450439, -41.01255270777777184, 50.42787483517260938 ) ) ;
#1358 = AXIS2_PLACEMENT_3D ( 'NONE', #1058, #180, #635 ) ;
#1359 = AXIS2_PLACEMENT_3D ( 'NONE', #17, #123, #1116 ) ;
#1360 = VERTEX_POINT ( 'NONE', #1374 ) ;
#1361 = LOCAL_TIME ( 10, 56, 46.00000000000000000, #582 ) ;
#1362 = EDGE_CURVE ( 'NONE', #361, #1192, #775, .T. ) ;
#1363 = CARTESIAN_POINT ( 'NONE',  ( -20.27329998195041583, 52.58854556671374070, 38.20506722603217042 ) ) ;
#1364 = DIRECTION ( 'NONE',  ( 0.000000000000000000, 0.000000000000000000, 1.000000000000000000 ) ) ;
#1365 = EDGE_CURVE ( 'NONE', #1142, #1261, #550, .T. ) ;
#1366 = CARTESIAN_POINT ( 'NONE',  ( -17.10628703875553569, -28.75730864373304030, -58.31917938889337449 ) ) ;
#1367 = CARTESIAN_POINT ( 'NONE',  ( 845.0000000000000000, 0.000000000000000000, 0.000000000000000000 ) ) ;
#1368 = ORIENTED_EDGE ( 'NONE', *, *, #330, .F. ) ;
#1369 = EDGE_LOOP ( 'NONE', ( #393, #279 ) ) ;
#1370 = CARTESIAN_POINT ( 'NONE',  ( -23.31964911964400500, 50.69915325642954684, 40.67690928697933117 ) ) ;
#1371 = CARTESIAN_POINT ( 'NONE',  ( -17.00000000000000000, -41.53311931459039386, -50.00000000000000000 ) ) ;
#1372 = EDGE_CURVE ( 'NONE', #383, #1245, #297, .T. ) ;
#1373 = CARTESIAN_POINT ( 'NONE',  ( -27.00000000000000000, 50.00000000000000000, -41.53311931459039386 ) ) ;
#1374 = CARTESIAN_POINT ( 'NONE',  ( -17.00000000000001421, 60.00000000000000000, -25.00000000000000000 ) ) ;
#1375 = CARTESIAN_POINT ( 'NONE',  ( -17.23167252978745623, 29.62324976943896360, -57.85803798625077121 ) ) ;
#1376 = ORIENTED_EDGE ( 'NONE', *, *, #1382, .F. ) ;
#1377 = FACE_BOUND ( 'NONE', #1129, .T. ) ;
#1378 = DIRECTION ( 'NONE',  ( -1.000000000000000000, 0.000000000000000000, 0.000000000000000000 ) ) ;
#1379 = LINE ( 'NONE', #165, #839 ) ;
#1380 = CARTESIAN_POINT ( 'NONE',  ( -24.19126080717746063, -50.40314466631628676, 41.04294548660356412 ) ) ;
#1381 = CARTESIAN_POINT ( 'NONE',  ( 845.0000000000000000, 0.000000000000000000, 0.000000000000000000 ) ) ;
#1382 = EDGE_CURVE ( 'NONE', #310, #986, #111, .T. ) ;
#1383 = VERTEX_POINT ( 'NONE', #529 ) ;
#1384 = CARTESIAN_POINT ( 'NONE',  ( -23.86540491807701159, -50.50373325855076700, -40.91912522037240052 ) ) ;
#1385 = AXIS2_PLACEMENT_3D ( 'NONE', #1183, #84, #1078 ) ;
#1386 = LOCAL_TIME ( 10, 56, 46.00000000000000000, #1345 ) ;
#1387 = DIRECTION ( 'NONE',  ( -1.000000000000000000, 0.000000000000000000, 0.000000000000000000 ) ) ;
#1388 = CARTESIAN_POINT ( 'NONE',  ( -17.34910732631037078, -30.53359055889636764, -57.38212583971991876 ) ) ;
#1389 = FACE_BOUND ( 'NONE', #1369, .T. ) ;
#1390 = VERTEX_POINT ( 'NONE', #1315 ) ;
#1391 = ORIENTED_EDGE ( 'NONE', *, *, #875, .T. ) ;
#1392 = CARTESIAN_POINT ( 'NONE',  ( -17.32025869260204232, -57.49130413927195349, -30.32738145031536448 ) ) ;
#1393 = CARTESIAN_POINT ( 'NONE',  ( -17.10628703875553569, 58.31917938886038399, -28.75730864379562846 ) ) ;
#1394 = LINE ( 'NONE', #1209, #1161 ) ;
#1395 = CARTESIAN_POINT ( 'NONE',  ( -18.60540823833847313, 35.31997178184989394, -54.56651813304762300 ) ) ;
#1396 = ORIENTED_EDGE ( 'NONE', *, *, #642, .T. ) ;
#1397 = LINE ( 'NONE', #216, #973 ) ;
#1398 = CARTESIAN_POINT ( 'NONE',  ( -17.51076761344390320, 56.84391642277395107, -31.52522061118270713 ) ) ;
#1399 = CARTESIAN_POINT ( 'NONE',  ( -21.86250452770133990, -51.42219802076269985, 39.75875817551128932 ) ) ;
#1400 = ADVANCED_FACE ( 'NONE', ( #344 ), #855, .F. ) ;
#1401 = CARTESIAN_POINT ( 'NONE',  ( -27.00000000000000000, 0.000000000000000000, 60.00000000000000000 ) ) ;
#1402 = EDGE_LOOP ( 'NONE', ( #919, #630, #1396, #1348, #969, #1269, #1083, #75, #588, #889, #1175, #1353, #846, #311, #793, #691, #822, #762 ) ) ;
#1403 = CIRCLE ( 'NONE', #338, 65.00000000000000000 ) ;
#1404 = VECTOR ( 'NONE', #60, 1000.000000000000000 ) ;
#1405 = CARTESIAN_POINT ( 'NONE',  ( -17.00000000000001421, -50.00000000000000000, 41.53311931459037254 ) ) ;
#1406 = AXIS2_PLACEMENT_3D ( 'NONE', #821, #293, #833 ) ;
#1407 = EDGE_CURVE ( 'NONE', #122, #625, #1394, .T. ) ;
#1408 = CARTESIAN_POINT ( 'NONE',  ( -27.00000000000000000, -50.00000000000000000, -41.53311931459039386 ) ) ;
#1409 =( NAMED_UNIT ( * ) SI_UNIT ( $, .STERADIAN. ) SOLID_ANGLE_UNIT ( ) );
ENDSEC;
END-ISO-10303-21;
