ISO-10303-21;
HEADER;
FILE_DESCRIPTION (( 'STEP AP203' ),
    '1' );
FILE_NAME ('Boom_Rod_Default_sldprt.STEP',
    '2026-08-25T02:56:47',
    ( '' ),
    ( '' ),
    'SwSTEP 2.0',
    'SolidWorks 2026',
    '' );
FILE_SCHEMA (( 'CONFIG_CONTROL_DESIGN' ));
ENDSEC;

DATA;
#1 = CARTESIAN_POINT ( 'NONE',  ( 1345.337200700919993, 35.88907244441669775, 3.529890021171259828 ) ) ;
#2 = CARTESIAN_POINT ( 'NONE',  ( 1322.867371506688642, -23.20072671607512049, 26.21118998735590466 ) ) ;
#3 = CARTESIAN_POINT ( 'NONE',  ( 1333.881523217800350, 31.61648298457773265, 15.02392167194052419 ) ) ;
#4 = CARTESIAN_POINT ( 'NONE',  ( 1315.160171211501392, -11.30724525020372440, -33.12320331054282008 ) ) ;
#5 = CARTESIAN_POINT ( 'NONE',  ( 1322.999844171130007, 1.100445940184599847, 45.00021843248340048 ) ) ;
#6 = CARTESIAN_POINT ( 'NONE',  ( 1329.030088100965941, -21.12000821343529111, -36.44250489732397824 ) ) ;
#7 = ORIENTED_EDGE ( 'NONE', *, *, #497, .T. ) ;
#8 = CARTESIAN_POINT ( 'NONE',  ( 1322.427881154127363, 22.73389988871338119, -26.61731656688569103 ) ) ;
#9 = CARTESIAN_POINT ( 'NONE',  ( 1337.243626137615138, 33.33220082923146776, -10.67552668080322320 ) ) ;
#10 = CARTESIAN_POINT ( 'NONE',  ( 1314.472827608710759, -9.371408040095465353, 33.72263641314066263 ) ) ;
#11 = CARTESIAN_POINT ( 'NONE',  ( 1331.035082543801536, 29.90395177596763077, 18.18663455595291722 ) ) ;
#12 = B_SPLINE_CURVE_WITH_KNOTS ( 'NONE', 3,
 ( #883, #68, #751, #235, #1229, #79, #429, #587, #1538, #1876, #892, #719, #415, #1080, #276, #1721, #1900, #2044, #1547, #1870, #1220, #407, #398, #1691, #263, #1059, #1071, #98, #1528, #1379, #1404, #88, #1711, #913, #440, #905, #1240, #1571, #556, #739, #600, #253, #1559, #1361, #731, #1372, #2010, #2018, #108, #767, #1094, #1210, #1864, #1752, #626, #290, #1923, #928, #939, #781, #1278, #1267, #792, #1418, #614, #1912, #1599, #1765, #301, #597, #900, #451, #1883, #1749, #1897, #763, #777, #1090, #1732, #84, #727, #273, #1595, #1236, #924, #1216, #260, #1582, #745, #403, #1706, #2052, #424, #117, #1077, #411, #2014, #1718, #1414, #94, #736, #611, #1264, #1910, #1105, #1055, #287, #937, #1368, #238, #1695, #887, #1544, #911, #1385, #249, #1376, #2022, #105, #572, #1226, #1569, #1555, #1400, #2041, #127, #1942, #1930, #1474, #2, #1960, #823, #1608, #789, #1128, #1786, #472, #948, #2062, #1466, #665, #1276, #654, #1455, #162, #1297, #1773, #816, #493, #328, #483, #1803, #504, #2083, #2072, #461, #1315, #1119, #1634, #1307, #1949, #1920, #338, #311, #1146, #990, #1794, #957, #1137, #980, #170, #635, #10, #1429, #646, #624, #1287, #1761, #1618, #298, #138, #321, #800, #973, #149, #1441, #808, #1626, #857, #1328, #180, #346, #1339, #1991, #381, #523, #353, #1171, #35, #1840, #1183, #689, #175, #1956, #1830, #364, #1012, #1661, #501, #1152, #1800, #1120, #764, #790, #2009, #598, #1911, #625, #274, #2053, #1416, #706, #118, #1430, #1249, #1401, #862, #1681, #1038, #1350, #224, #1750, #612, #2063, #1898, #925, #1863, #1091, #234, #779, #938, #288, #1585, #1265, #1193, #1049, #1106, #1762, #1516, #2042, #438, #1733, #452, #1690, #1277, #1597, #1921, #128, #1999, #389, #462, #882, #55, #541, #1848, #873, #1527, #67, #1209, #718, #555, #397, #1360, #1537, #106, #949, #1931, #23, #1456, #824, #484, #1155, #1475, #329, #340, #666, #171, #1774, #299, #1288, #181, #1943, #817, #1795, #1787, #647, #312, #1138, #473, #1635, #11, #1316, #655, #2084, #1609, #163, #991, #322, #958, #140, #1961, #1129, #1467, #1619, #505, #1804, #151, #3, #974, #801, #1308, #1627, #1950, #494, #1298, #1643, #835, #676, #1487, #809, #1442, #1147, #981, #1323, #1970, #2073, #510, #1160, #636, #208, #1809, #1844, #858, #694, #382, #62, #2004, #49, #1366, #1532, #1667, #1657, #32, #878, #683, #1201, #1031, #1523, #1329, #1984, #546, #1676, #2012, #220 ),
 .UNSPECIFIED., .F., .F.,
 ( 4, 1, 1, 1, 2, 2, 1, 1, 1, 1, 1, 2, 2, 2, 1, 1, 1, 1, 1, 2, 2, 2, 2, 1, 1, 1, 1, 2, 2, 2, 2, 1, 1, 1, 1, 1, 2, 2, 2, 2, 1, 1, 1, 1, 1, 2, 2, 2, 2, 1, 1, 1, 1, 1, 1, 2, 2, 2, 2, 2, 1, 1, 1, 1, 1, 2, 2, 2, 1, 1, 1, 1, 1, 2, 2, 2, 2, 1, 1, 1, 1, 2, 2, 2, 1, 1, 1, 1, 1, 2, 2, 2, 1, 1, 1, 1, 2, 2, 2, 1, 1, 1, 1, 2, 2, 2, 1, 1, 1, 1, 2, 2, 2, 1, 1, 1, 2, 2, 2, 1, 1, 1, 2, 2, 2, 1, 1, 1, 2, 2, 2, 2, 2, 2, 1, 1, 1, 1, 2, 2, 2, 2, 1, 1, 1, 1, 2, 2, 2, 1, 1, 1, 1, 2, 2, 2, 1, 1, 1, 1, 2, 2, 2, 1, 1, 1, 1, 2, 2, 2, 1, 1, 1, 1, 1, 2, 2, 2, 2, 1, 1, 1, 1, 2, 2, 2, 2, 1, 1, 1, 1, 1, 2, 2, 2, 2, 1, 1, 1, 2, 2, 2, 2, 1, 1, 1, 1, 1, 2, 2, 2, 2, 1, 1, 1, 1, 1, 2, 2, 2, 2, 1, 1, 1, 1, 2, 2, 2, 2, 1, 1, 1, 1, 2, 2, 2, 2, 1, 1, 1, 1, 2, 2, 1, 1, 1, 1, 2, 2, 4 ),
 ( 0.000000000000000000, 0.007812499999741803758, 0.01171874999961270217, 0.01367187499954815137, 0.01464843749951554551, 0.01562499999948293965, 0.02343749999922048466, 0.02734374999908982182, 0.02929687499902449213, 0.03027343749899182729, 0.03076171874897548966, 0.03100585937396733646, 0.03124999999895917979, 0.04687499999842403842, 0.05468749999815547547, 0.05859374999802120093, 0.06054687499795517736, 0.06152343749792327926, 0.06201171874790846472, 0.06225585937289993682, 0.06249999999789140892, 0.07812499999731160882, 0.08593749999702303410, 0.08984374999688007901, 0.09179687499680991292, 0.09277343749677621765, 0.09326171874675938389, 0.09350585937174962781, 0.09374999999673988560, 0.1093749999961669689, 0.1171874999958820579, 0.1210937499957380897, 0.1230468749956661056, 0.1240234374956301483, 0.1245117187456121627, 0.1247558593706031838, 0.1248779296830987012, 0.1249999999955942048, 0.1406249999954432284, 0.1484374999953676777, 0.1523437499953282925, 0.1542968749953070873, 0.1552734374952949581, 0.1557617187452903784, 0.1560058593702866314, 0.1561279296827847440, 0.1562499999952828844, 0.1718749999951911522, 0.1796874999951452445, 0.1835937499951222629, 0.1855468749951121876, 0.1865234374951071361, 0.1870117187451059149, 0.1872558593701053042, 0.1873779296826049989, 0.1874389648388535279, 0.1874999999951020291, 0.1953124999948117058, 0.1992187499946648788, 0.2011718749945914653, 0.2021484374945547446, 0.2026367187445363705, 0.2028808593695190510, 0.2030029296820103080, 0.2030639648382658591, 0.2030944824163934403, 0.2031249999945210494, 0.2109374999946186380, 0.2148437499946674323, 0.2167968749946918294, 0.2177734374947039864, 0.2182617187447081497, 0.2185058593697102314, 0.2186279296822112583, 0.2187499999947123130, 0.2343749999949574225, 0.2421874999950799356, 0.2460937499951411922, 0.2480468749951700580, 0.2490234374951826313, 0.2495117187451888763, 0.2497558593701920404, 0.2499999999951951768, 0.2656249999952806085, 0.2734374999953250174, 0.2773437499953472773, 0.2792968749953583796, 0.2802734374953655960, 0.2807617187453693153, 0.2810058593703694263, 0.2812499999953695928, 0.2968749999953589347, 0.3046874999953551599, 0.3085937499953548269, 0.3105468749953562146, 0.3115234374953568808, 0.3120117187453588792, 0.3124999999953608221, 0.3281249999953994023, 0.3359374999954201635, 0.3398437499954305996, 0.3417968749954357621, 0.3427734374954383711, 0.3432617187454397034, 0.3437499999954409802, 0.3593749999954987673, 0.3671874999955276886, 0.3710937499955421770, 0.3730468749955481167, 0.3740234374955497820, 0.3745117187455506147, 0.3749999999955513919, 0.3906249999956282193, 0.3984374999956677987, 0.4023437499956865615, 0.4042968749956969421, 0.4052734374957021046, 0.4062499999957073227, 0.4218749999957931984, 0.4296874999958361641, 0.4335937499958568142, 0.4355468749958670838, 0.4365234374958729680, 0.4374999999958789076, 0.4531249999959761077, 0.4609374999960247354, 0.4648437499960484942, 0.4667968749960603736, 0.4677734374960657582, 0.4687499999960711983, 0.4999999999962405628, 0.5156249999963252728, 0.5312499999964098718, 0.5468749999964945818, 0.5546874999965369923, 0.5585937499965580866, 0.5605468749965686337, 0.5615234374965735187, 0.5620117187465758501, 0.5624999999965782926, 0.5937499999967488229, 0.6093749999968341990, 0.6171874999968769426, 0.6210937499968972597, 0.6230468749969063635, 0.6240234374969110265, 0.6245117187469142461, 0.6249999999969175768, 0.6406249999969577669, 0.6484374999969777509, 0.6523437499969877429, 0.6542968749969916287, 0.6552734374969922948, 0.6557617187469939601, 0.6562499999969955145, 0.6718749999970451414, 0.6796874999970700104, 0.6835937499970837772, 0.6855468749970905495, 0.6865234374970926590, 0.6870117187470949904, 0.6874999999970974329, 0.7031249999971809217, 0.7109374999972226661, 0.7148437499972420950, 0.7167968749972504217, 0.7177734374972545295, 0.7182617187472551956, 0.7187499999972557507, 0.7343749999972136733, 0.7421874999971942444, 0.7460937499971829201, 0.7480468749971757036, 0.7490234374971722620, 0.7495117187471703746, 0.7497558593721695974, 0.7499999999971687092, 0.7656249999972465359, 0.7734374999972853937, 0.7773437499973048226, 0.7792968749973145925, 0.7802734374973194775, 0.7807617187473234743, 0.7810058593723253617, 0.7812499999973272491, 0.7968749999974101828, 0.8046874999974534814, 0.8085937499974750198, 0.8105468749974857889, 0.8115234374974912290, 0.8120117187474938936, 0.8122558593724953369, 0.8123779296849958920, 0.8124999999974965581, 0.8203124999975652809, 0.8242187499976014742, 0.8261718749976194598, 0.8271484374976284526, 0.8276367187476315612, 0.8278808593726344478, 0.8281249999976374454, 0.8359374999976948439, 0.8398437499977234877, 0.8417968749977379206, 0.8427734374977424725, 0.8432617187477449150, 0.8435058593727460252, 0.8436279296852466913, 0.8436889648414970244, 0.8437499999977472465, 0.8593749999978860243, 0.8671874999979554133, 0.8710937499979900522, 0.8730468749980073717, 0.8740234374980181409, 0.8745117187480213605, 0.8747558593730251353, 0.8748779296855269116, 0.8749999999980287990, 0.8906249999981895593, 0.8984374999982714938, 0.9023437499983141263, 0.9042968749983355536, 0.9052734374983478771, 0.9057617187483523180, 0.9060058593733545385, 0.9062499999983567589, 0.9218749999985489385, 0.9296874999986466381, 0.9335937499986938226, 0.9355468749987158050, 0.9365234374987270183, 0.9370117187487340127, 0.9372558593737392307, 0.9374999999987443378, 0.9531249999990030197, 0.9609374999991322497, 0.9648437499991968647, 0.9667968749992292832, 0.9677734374992466027, 0.9682617187492565947, 0.9685058593742627009, 0.9687499999992688071, 0.9765624999994586553, 0.9804687499995534683, 0.9824218749995999866, 0.9833984374996241895, 0.9838867187496354028, 0.9843749999996465050, 1.000000000000000000 ),
 .UNSPECIFIED. ) ;
#13 = AXIS2_PLACEMENT_3D ( 'NONE', #695, #209, #1649 ) ;
#14 = ADVANCED_FACE ( 'NONE', ( #1662, #183 ), #863, .T. ) ;
#15 = CARTESIAN_POINT ( 'NONE',  ( 1335.795228714055156, 29.32772746328967983, -26.10596796008124798 ) ) ;
#16 = CARTESIAN_POINT ( 'NONE',  ( 1342.804726763201643, 34.52753993277819689, 12.73826019949884447 ) ) ;
#17 = CARTESIAN_POINT ( 'NONE',  ( 1324.109535691296514, -9.454790280859743490, -43.45414623716968094 ) ) ;
#18 = ORIENTED_EDGE ( 'NONE', *, *, #201, .T. ) ;
#19 = CARTESIAN_POINT ( 'NONE',  ( 1315.237923094379767, 11.50442043440174800, -33.05526792483529874 ) ) ;
#20 = CALENDAR_DATE ( 2026, 25, 8 ) ;
#21 = CARTESIAN_POINT ( 'NONE',  ( 1340.257191951307277, 34.63386806612400193, -5.085729166200808393 ) ) ;
#22 = CARTESIAN_POINT ( 'NONE',  ( 1330.175905012642943, 22.88313048571841080, 34.76713164527363631 ) ) ;
#23 = CARTESIAN_POINT ( 'NONE',  ( 1328.620492820083200, 28.23714726618496940, 20.68002741879489648 ) ) ;
#24 = CARTESIAN_POINT ( 'NONE',  ( 1329.888575972840954, -22.44893002854082553, 35.18715443399722176 ) ) ;
#25 = MECHANICAL_CONTEXT ( 'NONE', #139, 'mechanical' ) ;
#26 = CARTESIAN_POINT ( 'NONE',  ( 1344.460492989285285, 35.44420148190952347, 7.879895870166705230 ) ) ;
#27 = CARTESIAN_POINT ( 'NONE',  ( 1336.307865426666694, -32.88421509074320426, -11.98750713545938673 ) ) ;
#28 = LINE ( 'NONE', #354, #320 ) ;
#29 = CARTESIAN_POINT ( 'NONE',  ( 1315.386906083903568, 11.87364898556826809, -32.92499765494733310 ) ) ;
#30 = CALENDAR_DATE ( 2026, 25, 8 ) ;
#31 = CARTESIAN_POINT ( 'NONE',  ( 1322.999997349544628, 7.643174050860698378E-08, 44.99999358684099349 ) ) ;
#32 = CARTESIAN_POINT ( 'NONE',  ( 1339.713500568234849, 34.41381463612471237, 6.378828479846347044 ) ) ;
#33 = CARTESIAN_POINT ( 'NONE',  ( 1338.364089101158015, -31.51321937782353899, 21.75628909435954128 ) ) ;
#34 = CARTESIAN_POINT ( 'NONE',  ( 1340.463514666790616, 33.04907760837085817, 17.85471497641485783 ) ) ;
#35 = CARTESIAN_POINT ( 'NONE',  ( 1313.627736664469012, 6.143060117332792558, 34.45672129221720326 ) ) ;
#36 = ORIENTED_EDGE ( 'NONE', *, *, #1444, .F. ) ;
#37 = CARTESIAN_POINT ( 'NONE',  ( 1314.147714580479260, 8.286966820420939683, -34.00542282350985346 ) ) ;
#38 = CARTESIAN_POINT ( 'NONE',  ( 1341.186884656707207, 34.99302399101384253, -0.8244046226889711892 ) ) ;
#39 = CARTESIAN_POINT ( 'NONE',  ( 1325.415989999060002, -14.22875043108530591, 32.16487527142583502 ) ) ;
#40 = CARTESIAN_POINT ( 'NONE',  ( 1343.331587542819761, 34.90718011846981739, 2.584072111496679813 ) ) ;
#41 = LOCAL_TIME ( 10, 56, 47.00000000000000000, #1988 ) ;
#42 = CARTESIAN_POINT ( 'NONE',  ( 1344.971745931798523, -35.70741700510798466, 5.776279907374323841 ) ) ;
#43 = CARTESIAN_POINT ( 'NONE',  ( 1334.859702394094484, -32.14510830219651183, -13.84530122973789545 ) ) ;
#44 = ORIENTED_EDGE ( 'NONE', *, *, #1505, .F. ) ;
#45 = CARTESIAN_POINT ( 'NONE',  ( 1328.804311622487376, 28.37188619071715578, -20.49478191696812956 ) ) ;
#46 = ADVANCED_FACE ( 'NONE', ( #1491 ), #365, .T. ) ;
#47 = CARTESIAN_POINT ( 'NONE',  ( 1335.832511225760754, -29.55854363254337969, 18.94181830510858688 ) ) ;
#48 = CARTESIAN_POINT ( 'NONE',  ( 1327.373009785789463, -27.28579041272442041, -21.92018015184443769 ) ) ;
#49 = CARTESIAN_POINT ( 'NONE',  ( 1339.611793690830837, 34.37208993494015630, 6.600559356943404232 ) ) ;
#50 = CARTESIAN_POINT ( 'NONE',  ( 1323.000074346074143, -0.08905436351305326403, 44.99987921232663979 ) ) ;
#51 = CARTESIAN_POINT ( 'NONE',  ( 1344.940145433559110, -35.69091972318669548, -5.884181278167508466 ) ) ;
#52 = CARTESIAN_POINT ( 'NONE',  ( 1314.329605352126237, -8.930219653490837572, -33.84741228776031363 ) ) ;
#53 = CARTESIAN_POINT ( 'NONE',  ( 1326.491135988345377, 16.34329511345321961, -40.09550675840291234 ) ) ;
#54 = CARTESIAN_POINT ( 'NONE',  ( 1363.000000000000000, 3.061616997868379335E-14, 50.00000000000000000 ) ) ;
#55 = CARTESIAN_POINT ( 'NONE',  ( 1326.164180659826570, 26.29674711505249718, 23.09725283935071616 ) ) ;
#56 = CARTESIAN_POINT ( 'NONE',  ( -1.119997548686417519E-15, 55.00000000000000000, 0.000000000000000000 ) ) ;
#57 = CARTESIAN_POINT ( 'NONE',  ( 1323.038448357089464, 2.062803242156868944, -34.95461467687859880 ) ) ;
#58 = CARTESIAN_POINT ( 'NONE',  ( 1314.953191629818775, 10.78138192665191752, -33.30411719478816934 ) ) ;
#59 = DATE_AND_TIME ( #30, #278 ) ;
#60 = CARTESIAN_POINT ( 'NONE',  ( 1334.936352516738452, 32.18563110206233802, -13.75084466023380436 ) ) ;
#61 = CARTESIAN_POINT ( 'NONE',  ( 1326.662560293449815, -26.76278794079599876, 22.63005290910490075 ) ) ;
#62 = CARTESIAN_POINT ( 'NONE',  ( 1339.403853315514880, 34.28608630308571037, 7.034437857974524810 ) ) ;
#63 = CARTESIAN_POINT ( 'NONE',  ( 1323.004164904623622, -0.6234846327661414112, 44.99420160569955129 ) ) ;
#64 = CARTESIAN_POINT ( 'NONE',  ( 1338.779981959585712, -31.83658819739346768, 21.01793024116387443 ) ) ;
#65 = CARTESIAN_POINT ( 'NONE',  ( 1345.244364065388027, 35.84323656272792391, -4.195600273640029521 ) ) ;
#66 = DIRECTION ( 'NONE',  ( -2.036359179429850012E-17, 1.000000000000000000, 0.000000000000000000 ) ) ;
#67 = CARTESIAN_POINT ( 'NONE',  ( 1326.592136756930586, 26.65759594183347048, 22.68386473327852215 ) ) ;
#68 = CARTESIAN_POINT ( 'NONE',  ( 1341.205481175305977, -35.00000000000083844, 0.3214292841657276911 ) ) ;
#69 = CARTESIAN_POINT ( 'NONE',  ( 1324.892826119350048, -12.20472367312610018, -42.35607976185840329 ) ) ;
#70 = PERSON_AND_ORGANIZATION ( #825, #1744 ) ;
#71 = CARTESIAN_POINT ( 'NONE',  ( 1313.952358084760363, -7.554063423938399247, -34.17510479231588505 ) ) ;
#72 = CARTESIAN_POINT ( 'NONE',  ( 1323.167224479470178, -3.696174486360219724, 44.76764037171010102 ) ) ;
#73 = CARTESIAN_POINT ( 'NONE',  ( 1325.498795758058577, -25.72503810560930049, -23.73693560624425913 ) ) ;
#74 = CARTESIAN_POINT ( 'NONE',  ( 1343.499632360008718, 35.00000134458338152, 2.394467768328341817E-06 ) ) ;
#75 = CARTESIAN_POINT ( 'NONE',  ( 1345.122692651542820, -35.78290684797953958, 4.983140625317499683 ) ) ;
#76 = DIRECTION ( 'NONE',  ( -1.000000000000000000, 0.000000000000000000, 0.000000000000000000 ) ) ;
#77 = CC_DESIGN_PERSON_AND_ORGANIZATION_ASSIGNMENT ( #356, #1165, ( #778 ) ) ;
#78 = CARTESIAN_POINT ( 'NONE',  ( 1341.205457892409868, 34.99999688410149901, 0.2907779049857200371 ) ) ;
#79 = CARTESIAN_POINT ( 'NONE',  ( 1341.086816650209585, -34.95513247019202652, 1.772102438103065003 ) ) ;
#80 = CARTESIAN_POINT ( 'NONE',  ( 1324.457648270360096, -10.73134559289949941, -42.96663454571450558 ) ) ;
#81 = CIRCLE ( 'NONE', #1399, 35.00000000000000000 ) ;
#82 = CARTESIAN_POINT ( 'NONE',  ( 1330.241081839199978, -22.96432408815079995, 34.66828683712740400 ) ) ;
#83 = CARTESIAN_POINT ( 'NONE',  ( 1345.569373342440031, 36.00242842949010225, -1.279670524077469951 ) ) ;
#84 = CARTESIAN_POINT ( 'NONE',  ( 1330.353420663200723, -29.45509478027878814, 18.90495713944494227 ) ) ;
#85 = B_SPLINE_CURVE_WITH_KNOTS ( 'NONE', 3,
 ( #1177, #1836, #50, #372, #1677, #63, #714, #1202, #1859, #1067, #1583, #901, #1415, #425, #888, #756, #642, #1972, #1769, #1926, #1408, #1450, #467, #1602, #2077, #315, #1622, #304, #999, #1812, #1282, #1270, #1739, #511, #281, #1488, #1292, #965, #931, #132, #24, #1936, #188, #477, #1112, #953, #678, #1324, #1123, #1588, #1612, #349, #143, #604, #804, #1434, #1256, #1904, #443, #784, #1422, #2058, #618, #455, #2065, #199, #842, #1827, #728, #373, #1347, #1369, #1995, #33, #64, #1020, #1010, #715, #1357, #1206, #685, #529, #1331, #697, #221, #2006, #1169, #1495, #551, #1659, #537, #1503, #1860, #394, #850, #1534, #231, #1845, #1045, #1687, #1056, #1180, #2015, #519, #870, #42, #75, #1837, #361, #1342, #1986, #1191, #1524, #879, #1696, #702, #562, #1669, #1217, #210, #1978, #1867, #860, #1514, #51, #404, #384, #1035, #1678, #1061, #1879, #420, #894, #1073, #1916, #1423, #1603, #2047, #444, #1243, #1257, #1381, #133, #2028, #456, #1099, #619, #578, #1889, #1271, #1927, #243, #916, #1409, #772, #1589, #433, #757, #123, #1726, #282, #1740, #1113, #605, #943, #795, #91, #2066, #630, #741, #1713, #908, #1283, #1563, #101, #1946, #1294, #500, #1124, #805, #1638, #1151, #658, #1623, #1955, #1470, #324, #316, #977, #1482, #820, #1132, #486, #6, #1311, #1461, #144, #1140, #174, #1791, #1799, #966, #1630, #334, #830, #157, #165, #2087, #985, #17, #468, #811, #1770 ),
 .UNSPECIFIED., .F., .F.,
 ( 4, 2, 1, 1, 1, 2, 2, 1, 2, 2, 2, 2, 2, 1, 1, 2, 2, 2, 2, 2, 1, 1, 1, 2, 2, 2, 2, 1, 1, 1, 1, 2, 2, 1, 1, 1, 1, 2, 2, 2, 1, 2, 2, 2, 1, 2, 2, 2, 1, 1, 2, 2, 1, 2, 1, 1, 2, 2, 1, 2, 2, 2, 1, 2, 2, 1, 1, 2, 2, 2, 2, 2, 2, 2, 2, 2, 2, 1, 1, 2, 2, 1, 2, 2, 1, 2, 2, 2, 1, 2, 2, 1, 1, 2, 1, 2, 2, 1, 1, 2, 2, 2, 1, 2, 2, 2, 2, 2, 2, 2, 2, 2, 1, 2, 1, 2, 2, 1, 1, 1, 2, 2, 1, 1, 2, 2, 1, 2, 2, 4 ),
 ( 0.2405874726216416515, 0.2410819308684356288, 0.2415763891152296061, 0.2425653056088175885, 0.2445431385959935533, 0.2484988045703455384, 0.2504766375575214754, 0.2524544705446973847, 0.2564101365190492032, 0.2722328004164558113, 0.2801441323651591153, 0.2811330488587474030, 0.2816275071055412416, 0.2821219653523350801, 0.2840997983395091020, 0.2880554643138570348, 0.3038781282112502091, 0.3117894601599467963, 0.3122839184067406348, 0.3125311475301375541, 0.3127783766535345289, 0.3137672931471224280, 0.3157451261342971716, 0.3197007921086466586, 0.3355234560060437743, 0.3434347879547428595, 0.3439292462015372531, 0.3444237044483316468, 0.3454126209419204896, 0.3473904539290992854, 0.3513461199034557669, 0.3592574518521676197, 0.3602463683457557408, 0.3612352848393438620, 0.3632131178265200488, 0.3671687838008724780, 0.3711244497752249627, 0.3731022827624017602, 0.3750801157495785576, 0.3829914476982879679, 0.3869471136726425620, 0.3889249466598199700, 0.3909027796469973781, 0.3988141115957045679, 0.4027697775700581628, 0.4047476105572349603, 0.4067254435444117577, 0.4146367754931200578, 0.4185924414674742078, 0.4205702744546512828, 0.4215591909482398481, 0.4220536491950335756, 0.4225481074418273031, 0.4304594393905240013, 0.4344151053648728777, 0.4363929383520467886, 0.4373818548456342437, 0.4378763130924274716, 0.4383707713392206440, 0.4462821032879106808, 0.4621047671852898109, 0.4660604331596344130, 0.4680382661468067695, 0.4685327243936001085, 0.4687799535169965282, 0.4690271826403929478, 0.4700160991339779049, 0.4779274310826568950, 0.4818830970569961680, 0.4838609300441656935, 0.4858387630313352190, 0.4937500949800128214, 0.5016614269286905348, 0.5095727588773680816, 0.5135284248517066885, 0.5155062578388762695, 0.5160007160856687758, 0.5164951743324615041, 0.5174840908260472938, 0.5253954227747341665, 0.5293510887490777694, 0.5303400052426634481, 0.5308344634894565095, 0.5313289217362495709, 0.5333067547234238148, 0.5412180866721207906, 0.5570407505695147421, 0.5609964165438630079, 0.5619853330374502409, 0.5624797912842434133, 0.5627270204076404436, 0.5629742495310374739, 0.5649520825182205996, 0.5728634144669506600, 0.5768190804413151351, 0.5778079969349064759, 0.5783024551817026460, 0.5787969134284989270, 0.5807747464156849393, 0.5886860783644312090, 0.5926417443388047879, 0.5946195773259916884, 0.5965974103131785888, 0.6045087422619271900, 0.6084644082363014350, 0.6124200742106756801, 0.6203314061594241702, 0.6242870721337985263, 0.6282427381081727713, 0.6361540700569212614, 0.6401097360312956175, 0.6420875690184821849, 0.6440654020056687523, 0.6519767339544128015, 0.6559323999287849372, 0.6561796290521829667, 0.6564268581755811072, 0.6569213164223772772, 0.6579102329159698392, 0.6598880659031546303, 0.6677993978518941276, 0.6836220617493729002, 0.6855998947365582463, 0.6865888112301508084, 0.6870832694769470894, 0.6875777277237433704, 0.6915333936981139518, 0.6994447256468550034, 0.7152673895443362184, 0.7469127173392990926 ),
 .UNSPECIFIED. ) ;
#86 = DIRECTION ( 'NONE',  ( 1.000000000000000000, 2.036359179429850012E-17, 0.000000000000000000 ) ) ;
#87 = DIRECTION ( 'NONE',  ( 0.000000000000000000, 1.000000000000000000, 0.000000000000000000 ) ) ;
#88 = CARTESIAN_POINT ( 'NONE',  ( 1338.031540241053563, -33.69336332239604559, 9.478402111836876642 ) ) ;
#89 = CARTESIAN_POINT ( 'NONE',  ( 1313.108253730694969, 2.640729936741604611, -34.90649593659711059 ) ) ;
#90 = DIRECTION ( 'NONE',  ( -1.000000000000000000, 0.000000000000000000, 0.000000000000000000 ) ) ;
#91 = CARTESIAN_POINT ( 'NONE',  ( 1336.228274745608360, -29.72428915329312460, -25.39797877873098031 ) ) ;
#92 =( BOUNDED_SURFACE ( )  B_SPLINE_SURFACE ( 3, 2, ( 
 ( #1826, #359, #186 ),
 ( #1009, #848, #1501 ),
 ( #1835, #40, #1340 ),
 ( #371, #1018, #1746 ),
 ( #1263, #115, #1578 ),
 ( #776, #271, #83 ),
 ( #1542, #1103, #1413 ),
 ( #1235, #1553, #285 ),
 ( #594, #2021, #1909 ),
 ( #734, #1375, #2050 ),
 ( #1567, #1894, #1427 ),
 ( #935, #449, #402 ),
 ( #1053, #1248, #93 ),
 ( #1694, #437, #1593 ),
 ( #1716, #1214, #571 ),
 ( #743, #1089, #609 ),
 ( #104, #787, #125 ),
 ( #1065, #1224, #2060 ),
 ( #1384, #237, #1730 ),
 ( #922, #258, #2029 ),
 ( #1866, #886, #761 ),
 ( #582, #1398, #1882 ),
 ( #1873, #422, #410 ),
 ( #1704, #247, #897 ),
 ( #1076, #910, #2039 ),
 ( #1575, #1424, #621 ),
 ( #1232, #1259, #1436 ),
 ( #1115, #1727, #1891 ),
 ( #245, #445, #917 ),
 ( #1100, #1062, #1757 ),
 ( #1880, #1714, #909 ),
 ( #758, #1085, #1741 ),
 ( #632, #1134, #470 ),
 ( #1781, #1463, #1756 ),
 ( #488, #1143, #576 ),
 ( #2019, #1230, #1692 ),
 ( #1851, #1700, #2001 ),
 ( #99, #566, #1877 ),
 ( #557, #57, #720 ),
 ( #416, #1195, #708 ),
 ( #875, #1221, #1529 ),
 ( #254, #391, #906 ),
 ( #1560, #752, #1081 ),
 ( #1241, #1390, #884 ),
 ( #399, #2035, #1871 ),
 ( #1362, #242, #864 ),
 ( #236, #588, #1887 ),
 ( #430, #1352, #80 ),
 ( #893, #1539, #69 ),
 ( #1722, #408, #1040 ),
 ( #732, #1548, #1610 ),
 ( #1448, #627, #2055 ),
 ( #120, #1766, #802 ),
 ( #914, #141, #1095 ),
 ( #929, #1290, #2075 ),
 ( #962, #1778, #1279 ),
 ( #1600, #291, #615 ),
 ( #2045, #302, #1736 ),
 ( #1268, #1253, #441 ),
 ( #1913, #1924, #951 ),
 ( #129, #155, #1419 ),
 ( #793, #109, #639 ),
 ( #277, #769, #1933 ),
 ( #463, #1431, #264 ),
 ( #782, #1405, #453 ),
 ( #475, #810, #1121 ),
 ( #1110, #1131, #1753 ),
 ( #313, #940, #1458 ),
 ( #1621, #601, #2085 ),
 ( #648, #485, #1300 ),
 ( #1139, #1572, #1901 ),
 ( #189, #1504, #818 ),
 ( #1148, #1796, #984 ),
 ( #172, #826, #548 ),
 ( #1203, #116, #595 ),
 ( #450, #1895, #1607 ),
 ( #1717, #1286, #1731 ),
 ( #272, #788, #1579 ),
 ( #610, #1104, #898 ),
 ( #936, #1747, #623 ),
 ( #286, #1275, #1594 ),
 ( #126, #799, #1428 ),
 ( #2061, #1919, #744 ),
 ( #1440, #2070, #2030 ),
 ( #583, #310, #1617 ),
 ( #482, #972, #161 ),
 ( #652, #1306, #989 ),
 ( #1843, #47, #885 ),
 ( #1199, #526, #400 ),
 ( #693, #1983, #722 ),
 ( #61, #393, #2020 ),
 ( #1540, #1051, #1008 ),
 ( #1654, #1856, #1990 ),
 ( #197, #1042, #82 ),
 ( #219, #1824, #1175 ),
 ( #846, #1834, #560 ),
 ( #1373, #711, #1685 ),
 ( #1665, #39, #569 ),
 ( #1212, #227, #1530 ),
 ( #534, #2011, #358 ),
 ( #1675, #1355, #868 ),
 ( #1364, #1029, #1338 ),
 ( #1499, #545, #1865 ),
 ( #1187, #1693, #369 ),
 ( #1521, #1016, #207 ),
 ( #2003, #1512, #380 ),
 ( #855, #877, #72 ),
 ( #1636, #950, #1468 ),
 ( #1789, #638, #1922 ),
 ( #1289, #668, #5 ),
 ( #1777, #657, #1109 ),
 ( #2074, #1763, #300 ),
 ( #1309, #330, #1457 ),
 ( #1447, #1944, #474 ),
 ( #1953, #154, #983 ),
 ( #496, #1476, #1751 ),
 ( #1223, #1213, #896 ),
 ( #1918, #633, #471 ),
 ( #435, #459, #1296 ),
 ( #1127, #2059, #283 ),
 ( #2037, #296, #622 ),
 ( #1606, #645, #956 ),
 ( #1772, #774, #2082 ),
 ( #946, #607, #2068 ),
 ( #1743, #1438, #934 ),
 ( #1274, #1591, #319 ),
 ( #136, #786, #1285 ),
 ( #1117, #1929, #124 ),
 ( #1087, #797, #592 ),
 ( #807, #1759, #308 ),
 ( #1261, #759, #1411 ),
 ( #1616, #1940, #147 ),
 ( #1454, #481, #1246 ),
 ( #1135, #1728, #1783 ),
 ( #1565, #102, #1426 ),
 ( #1907, #1396, #1892 ),
 ( #269, #920, #447 ),
 ( #1576, #113, #1101 ),
 ( #2048, #196, #840 ),
 ( #1653, #160, #177 ),
 ( #996, #1314, #1793 ),
 ( #1498, #1959, #1 ) ),
 .UNSPECIFIED., .T., .F., .T. ) 
 B_SPLINE_SURFACE_WITH_KNOTS ( ( 4, 1, 1, 1, 1, 1, 1, 1, 1, 1, 1, 1, 1, 1, 1, 1, 1, 1, 1, 1, 1, 1, 1, 1, 1, 1, 1, 1, 1, 1, 1, 1, 1, 1, 1, 1, 1, 1, 1, 1, 1, 1, 1, 1, 1, 1, 1, 1, 1, 1, 1, 1, 1, 1, 1, 1, 1, 1, 1, 1, 1, 1, 1, 1, 1, 1, 1, 1, 1, 1, 1, 1, 1, 1, 1, 1, 1, 1, 1, 1, 1, 1, 1, 1, 1, 1, 1, 1, 1, 1, 1, 1, 1, 1, 1, 1, 1, 1, 1, 1, 1, 1, 1, 1, 1, 1, 1, 1, 1, 1, 1, 1, 1, 1, 1, 1, 1, 1, 1, 1, 1, 1, 1, 1, 1, 1, 1, 1, 1, 1, 1, 1, 1, 1, 1, 1, 1, 1, 1, 4 ),
 ( 3, 3 ),
 ( -0.3072034260743550238, -0.3066034193828039989, -0.3060034126912519747, -0.3048033993081489812, -0.3024033725419429941, -0.3000033457757369515, -0.2988033323926339579, -0.2976033190095309644, -0.2952032922433260320, -0.2928032654771199894, -0.2904032387109140023, -0.2892032253278110088, -0.2880032119447079597, -0.2856031851785019726, -0.2832031584122959855, -0.2784031048798840113, -0.2760030781136780242, -0.2736030513474719816, -0.2712030245812669937, -0.2688029978150610066, -0.2664029710488549640, -0.2640029442826490325, -0.2616029175164429899, -0.2592028907502370028, -0.2568028639840310157, -0.2556028506009279666, -0.2544028372178249731, -0.2520028104516190415, -0.2496027836854129989, -0.2472027569192079832, -0.2448027301530019961, -0.2424027033867960090, -0.2412026900036929877, -0.2400026766205899942, -0.2376026498543840071, -0.2352026230881779922, -0.2328025963219720051, -0.2304025695557659903, -0.2280025427895600032, -0.2268025294064570097, -0.2256025160233540161, -0.2232024892571490005, -0.2208024624909430134, -0.2184024357247369985, -0.2160024089585310114, -0.2148023955754280179, -0.2136023821923249966, -0.2112023554261190095, -0.2088023286599129946, -0.2064023018937069798, -0.2052022885106039862, -0.2040022751275009927, -0.2016022483612950056, -0.1992022215950899899, -0.1968021948288840028, -0.1944021680626779880, -0.1920021412964720009, -0.1896021145302660138, -0.1872020877640599990, -0.1848020609978540119, -0.1824020342316479970, -0.1776019806992359951, -0.1728019271668249923, -0.1704019004006190052, -0.1680018736344129904, -0.1632018201020010162, -0.1608017933357950013, -0.1596017799526919800, -0.1584017665695890142, -0.1572017531864860207, -0.1560017398033829994, -0.1548017264202800058, -0.1536017130371780115, -0.1524016996540749902, -0.1512016862709719967, -0.1488016595047659818, -0.1476016461216630160, -0.1464016327385599947, -0.1452016193554570012, -0.1440016059723540076, -0.1416015792061479928, -0.1392015524399420057, -0.1368015256737359908, -0.1344014989075300037, -0.1320014721413239889, -0.1296014453751190010, -0.1248013918427069990, -0.1224013650765009981, -0.1200013383102949971, -0.1152012847778830090, -0.1104012312454710071, -0.1080012044792649922, -0.1056011777130600043, -0.1044011643299569969, -0.1032011509468540034, -0.1008011241806480024, -0.09600107064823590330, -0.09360104388202999948, -0.09120101711582410953, -0.09000100373272119925, -0.08880099034961819182, -0.08640096358341230187, -0.08400093681720639804, -0.08160091005100060524, -0.07920088328479470141, -0.07800086990169170786, -0.07680085651858879758, -0.07440082975238290763, -0.07200080298617689278, -0.06960077621997100283, -0.06720074945376509901, -0.06600073607066220260, -0.06480072268755919518, -0.06240069592135329829, -0.06000066915514749855, -0.05760064238894159472, -0.05640062900583860117, -0.05520061562273560068, -0.05280058885652980094, -0.05040056209032379997, -0.04800053532411800022, -0.04560050855791209640, -0.04320048179170619951, -0.04080045502550019854, -0.03960044164239730213, -0.03840042825929440573, -0.03360037472688250093, -0.02880032119447070021, -0.02400026766205900011, -0.02160024089585309975, -0.01920021412964719940, -0.01440016059723540041, -0.01200013383102950006, -0.009600107064823620515, -0.008400093681720679009, -0.007200080298617740106, -0.004800053532411810257, -0.002400026766205879975, -0.001200013383102939988, 0.000000000000000000 ),
 ( 0.000000000000000000, 1.000000000000000000 ),
 .UNSPECIFIED. ) 
 GEOMETRIC_REPRESENTATION_ITEM ( )  RATIONAL_B_SPLINE_SURFACE ( (
 ( 1.000000000000000000, 0.9732579738450560791, 1.000000000000000000),
 ( 1.000000000000000000, 0.9734193142815390498, 1.000000000000000000),
 ( 1.000000000000000000, 0.9737161837496489669, 1.000000000000000000),
 ( 1.000000000000000000, 0.9741967891077109032, 1.000000000000000000),
 ( 1.000000000000000000, 0.9747485217087259457, 1.000000000000000000),
 ( 1.000000000000000000, 0.9747105540045749583, 1.000000000000000000),
 ( 1.000000000000000000, 0.9735858589561009468, 1.000000000000000000),
 ( 1.000000000000000000, 0.9720276753407569581, 1.000000000000000000),
 ( 1.000000000000000000, 0.9700724631359710637, 1.000000000000000000),
 ( 1.000000000000000000, 0.9669336778296639956, 1.000000000000000000),
 ( 1.000000000000000000, 0.9621511474525340502, 1.000000000000000000),
 ( 1.000000000000000000, 0.9573722621206670613, 1.000000000000000000),
 ( 1.000000000000000000, 0.9531047181894769516, 1.000000000000000000),
 ( 1.000000000000000000, 0.9485915477681969854, 1.000000000000000000),
 ( 1.000000000000000000, 0.9424909582303170330, 1.000000000000000000),
 ( 1.000000000000000000, 0.9318149271011549883, 1.000000000000000000),
 ( 1.000000000000000000, 0.9198306464117779191, 1.000000000000000000),
 ( 1.000000000000000000, 0.9066427372305029264, 1.000000000000000000),
 ( 1.000000000000000000, 0.8961638232532569415, 1.000000000000000000),
 ( 1.000000000000000000, 0.8851468035700970072, 1.000000000000000000),
 ( 1.000000000000000000, 0.8737556283025339487, 1.000000000000000000),
 ( 1.000000000000000000, 0.8620043496389290238, 1.000000000000000000),
 ( 1.000000000000000000, 0.8499468598371090478, 1.000000000000000000),
 ( 1.000000000000000000, 0.8376320832637760283, 1.000000000000000000),
 ( 1.000000000000000000, 0.8251190551689380204, 1.000000000000000000),
 ( 1.000000000000000000, 0.8145795717910010447, 1.000000000000000000),
 ( 1.000000000000000000, 0.8061242229026700512, 1.000000000000000000),
 ( 1.000000000000000000, 0.7976531100021430065, 1.000000000000000000),
 ( 1.000000000000000000, 0.7871778340734949531, 1.000000000000000000),
 ( 1.000000000000000000, 0.7749851215486310840, 1.000000000000000000),
 ( 1.000000000000000000, 0.7632663190511389528, 1.000000000000000000),
 ( 1.000000000000000000, 0.7521602274509339159, 1.000000000000000000),
 ( 1.000000000000000000, 0.7435395206228779807, 1.000000000000000000),
 ( 1.000000000000000000, 0.7371036301180290407, 1.000000000000000000),
 ( 1.000000000000000000, 0.7310177771920209899, 1.000000000000000000),
 ( 1.000000000000000000, 0.7242433440532379807, 1.000000000000000000),
 ( 1.000000000000000000, 0.7175269500157940294, 1.000000000000000000),
 ( 1.000000000000000000, 0.7123452295568509784, 1.000000000000000000),
 ( 1.000000000000000000, 0.7088043168560330676, 1.000000000000000000),
 ( 1.000000000000000000, 0.7073066412860029573, 1.000000000000000000),
 ( 1.000000000000000000, 0.7070295320381239090, 1.000000000000000000),
 ( 1.000000000000000000, 0.7073765195242329717, 1.000000000000000000),
 ( 1.000000000000000000, 0.7089541581569519524, 1.000000000000000000),
 ( 1.000000000000000000, 0.7126008764844790067, 1.000000000000000000),
 ( 1.000000000000000000, 0.7179136978667269853, 1.000000000000000000),
 ( 1.000000000000000000, 0.7236483372088839960, 1.000000000000000000),
 ( 1.000000000000000000, 0.7289734850479180350, 1.000000000000000000),
 ( 1.000000000000000000, 0.7346992908376810405, 1.000000000000000000),
 ( 1.000000000000000000, 0.7425653487889849469, 1.000000000000000000),
 ( 1.000000000000000000, 0.7529655069159879588, 1.000000000000000000),
 ( 1.000000000000000000, 0.7623082114161390255, 1.000000000000000000),
 ( 1.000000000000000000, 0.7701129146516270119, 1.000000000000000000),
 ( 1.000000000000000000, 0.7781319553260099831, 1.000000000000000000),
 ( 1.000000000000000000, 0.7883971101001060466, 1.000000000000000000),
 ( 1.000000000000000000, 0.8009003074755249862, 1.000000000000000000),
 ( 1.000000000000000000, 0.8135023334282929230, 1.000000000000000000),
 ( 1.000000000000000000, 0.8261052362196429355, 1.000000000000000000),
 ( 1.000000000000000000, 0.8386326118056619539, 1.000000000000000000),
 ( 1.000000000000000000, 0.8510054535524459451, 1.000000000000000000),
 ( 1.000000000000000000, 0.8631910296500979740, 1.000000000000000000),
 ( 1.000000000000000000, 0.8750169681404319499, 1.000000000000000000),
 ( 1.000000000000000000, 0.8901657829744870076, 1.000000000000000000),
 ( 1.000000000000000000, 0.9079063516770469189, 1.000000000000000000),
 ( 1.000000000000000000, 0.9238432226240740341, 1.000000000000000000),
 ( 1.000000000000000000, 0.9354167475074269822, 1.000000000000000000),
 ( 1.000000000000000000, 0.9460859423367209420, 1.000000000000000000),
 ( 1.000000000000000000, 0.9552350470847249531, 1.000000000000000000),
 ( 1.000000000000000000, 0.9617912846789220538, 1.000000000000000000),
 ( 1.000000000000000000, 0.9650845473828230103, 1.000000000000000000),
 ( 1.000000000000000000, 0.9673195804554689525, 1.000000000000000000),
 ( 1.000000000000000000, 0.9692803958450649793, 1.000000000000000000),
 ( 1.000000000000000000, 0.9709612090819920160, 1.000000000000000000),
 ( 1.000000000000000000, 0.9723501212739219524, 1.000000000000000000),
 ( 1.000000000000000000, 0.9734385590857289605, 1.000000000000000000),
 ( 1.000000000000000000, 0.9741993137982190021, 1.000000000000000000),
 ( 1.000000000000000000, 0.9747718236512949996, 1.000000000000000000),
 ( 1.000000000000000000, 0.9746836743163740380, 1.000000000000000000),
 ( 1.000000000000000000, 0.9739354125330470513, 1.000000000000000000),
 ( 1.000000000000000000, 0.9730384791969739489, 1.000000000000000000),
 ( 1.000000000000000000, 0.9718328943688508970, 1.000000000000000000),
 ( 1.000000000000000000, 0.9698378646567420436, 1.000000000000000000),
 ( 1.000000000000000000, 0.9666496609492579717, 1.000000000000000000),
 ( 1.000000000000000000, 0.9617971627097270382, 1.000000000000000000),
 ( 1.000000000000000000, 0.9559737543388449055, 1.000000000000000000),
 ( 1.000000000000000000, 0.9493775626759709541, 1.000000000000000000),
 ( 1.000000000000000000, 0.9420416647715760261, 1.000000000000000000),
 ( 1.000000000000000000, 0.9313309138674770171, 1.000000000000000000),
 ( 1.000000000000000000, 0.9192969576098740658, 1.000000000000000000),
 ( 1.000000000000000000, 0.9059936400929210487, 1.000000000000000000),
 ( 1.000000000000000000, 0.8919944175663659935, 1.000000000000000000),
 ( 1.000000000000000000, 0.8733701152385979771, 1.000000000000000000),
 ( 1.000000000000000000, 0.8534670693454390333, 1.000000000000000000),
 ( 1.000000000000000000, 0.8369665856033029483, 1.000000000000000000),
 ( 1.000000000000000000, 0.8264520979345100216, 1.000000000000000000),
 ( 1.000000000000000000, 0.8179699151896850928, 1.000000000000000000),
 ( 1.000000000000000000, 0.8095175743569540394, 1.000000000000000000),
 ( 1.000000000000000000, 0.7948067373067300156, 1.000000000000000000),
 ( 1.000000000000000000, 0.7783768356529029431, 1.000000000000000000),
 ( 1.000000000000000000, 0.7627869351263600883, 1.000000000000000000),
 ( 1.000000000000000000, 0.7535073590935349452, 1.000000000000000000),
 ( 1.000000000000000000, 0.7464521310005509669, 1.000000000000000000),
 ( 1.000000000000000000, 0.7397470474325230638, 1.000000000000000000),
 ( 1.000000000000000000, 0.7320335698397950619, 1.000000000000000000),
 ( 1.000000000000000000, 0.7239938782787490590, 1.000000000000000000),
 ( 1.000000000000000000, 0.7173122839796030048, 1.000000000000000000),
 ( 1.000000000000000000, 0.7129978996163659488, 1.000000000000000000),
 ( 1.000000000000000000, 0.7103783187618369910, 1.000000000000000000),
 ( 1.000000000000000000, 0.7083636541241059570, 1.000000000000000000),
 ( 1.000000000000000000, 0.7069691049988560128, 1.000000000000000000),
 ( 1.000000000000000000, 0.7071039745004190635, 1.000000000000000000),
 ( 1.000000000000000000, 0.7090379453935818921, 1.000000000000000000),
 ( 1.000000000000000000, 0.7121284653620489902, 1.000000000000000000),
 ( 1.000000000000000000, 0.7154755755803080541, 1.000000000000000000),
 ( 1.000000000000000000, 0.7193420442677239679, 1.000000000000000000),
 ( 1.000000000000000000, 0.7251052252831610145, 1.000000000000000000),
 ( 1.000000000000000000, 0.7333507673437790197, 1.000000000000000000),
 ( 1.000000000000000000, 0.7412083068676650344, 1.000000000000000000),
 ( 1.000000000000000000, 0.7480096656448740333, 1.000000000000000000),
 ( 1.000000000000000000, 0.7551486621359979612, 1.000000000000000000),
 ( 1.000000000000000000, 0.7645259537319210041, 1.000000000000000000),
 ( 1.000000000000000000, 0.7762957099353809953, 1.000000000000000000),
 ( 1.000000000000000000, 0.7884596249641440124, 1.000000000000000000),
 ( 1.000000000000000000, 0.8008942437473369758, 1.000000000000000000),
 ( 1.000000000000000000, 0.8134960710509550053, 1.000000000000000000),
 ( 1.000000000000000000, 0.8240561967007600241, 1.000000000000000000),
 ( 1.000000000000000000, 0.8325033727365209746, 1.000000000000000000),
 ( 1.000000000000000000, 0.8450471439341888935, 1.000000000000000000),
 ( 1.000000000000000000, 0.8633654814784099685, 1.000000000000000000),
 ( 1.000000000000000000, 0.8863314748931609977, 1.000000000000000000),
 ( 1.000000000000000000, 0.9040123565576029252, 1.000000000000000000),
 ( 1.000000000000000000, 0.9171467703023650220, 1.000000000000000000),
 ( 1.000000000000000000, 0.9295786728917080355, 1.000000000000000000),
 ( 1.000000000000000000, 0.9406692777296240537, 1.000000000000000000),
 ( 1.000000000000000000, 0.9503295379709669755, 1.000000000000000000),
 ( 1.000000000000000000, 0.9557365212096419205, 1.000000000000000000),
 ( 1.000000000000000000, 0.9596577718368880516, 1.000000000000000000),
 ( 1.000000000000000000, 0.9632976595869219283, 1.000000000000000000),
 ( 1.000000000000000000, 0.9672285387464010231, 1.000000000000000000),
 ( 1.000000000000000000, 0.9702957280240129823, 1.000000000000000000),
 ( 1.000000000000000000, 0.9721866856067220564, 1.000000000000000000),
 ( 1.000000000000000000, 0.9729352929720879173, 1.000000000000000000),
 ( 1.000000000000000000, 0.9732579738450560791, 1.000000000000000000) ) ) 
 REPRESENTATION_ITEM ( '' )  SURFACE ( )  );
#93 = CARTESIAN_POINT ( 'NONE',  ( 1342.412188584239857, 34.29620323548220284, -13.69426089613880038 ) ) ;
#94 = CARTESIAN_POINT ( 'NONE',  ( 1328.092639720878651, -27.84270062083589892, 21.20824362318098011 ) ) ;
#95 = CARTESIAN_POINT ( 'NONE',  ( 1339.459095402527055, 32.33923920066706614, -19.77114030504322884 ) ) ;
#96 = CARTESIAN_POINT ( 'NONE',  ( 1341.185605009575738, 34.99250190110394954, 0.8932593482068200696 ) ) ;
#97 = CARTESIAN_POINT ( 'NONE',  ( 1329.755010102291408, 29.04881505569463229, -19.52657379904565715 ) ) ;
#98 = CARTESIAN_POINT ( 'NONE',  ( 1339.244780376608787, -34.21946294136953526, 7.350402900195208922 ) ) ;
#99 = CARTESIAN_POINT ( 'NONE',  ( 1313.335191494169976, 4.620091609656170384, -34.71015230441619792 ) ) ;
#100 = DIRECTION ( 'NONE',  ( 0.000000000000000000, 0.000000000000000000, 1.000000000000000000 ) ) ;
#101 = CARTESIAN_POINT ( 'NONE',  ( 1333.296901825626719, -26.79153906188561507, -30.05952933641323099 ) ) ;
#102 = CARTESIAN_POINT ( 'NONE',  ( 1340.473519380340122, 33.16358572522862858, 11.30072964019420212 ) ) ;
#103 = CARTESIAN_POINT ( 'NONE',  ( 1328.784102307419744, -28.35711713437279968, -20.51521245265323401 ) ) ;
#104 = CARTESIAN_POINT ( 'NONE',  ( 1332.272272210379924, 30.69888699083359995, -16.86825004452450116 ) ) ;
#105 = CARTESIAN_POINT ( 'NONE',  ( 1325.149978085160910, -25.41524125935550060, 24.06987100537811131 ) ) ;
#106 = CARTESIAN_POINT ( 'NONE',  ( 1328.535187950814361, 28.17419820836213873, 20.76575890376763311 ) ) ;
#107 = CARTESIAN_POINT ( 'NONE',  ( 1334.902453831044795, 32.16772832789760628, -13.79265293363368095 ) ) ;
#108 = CARTESIAN_POINT ( 'NONE',  ( 1335.144416621219534, -32.29479513332484686, 13.49247041249244639 ) ) ;
#109 = CARTESIAN_POINT ( 'NONE',  ( 1332.894172358890046, -26.60308495193369538, -22.95566961609477374 ) ) ;
#110 = APPROVAL_PERSON_ORGANIZATION ( #1158, #1742, #1006 ) ;
#111 = CARTESIAN_POINT ( 'NONE',  ( 1322.999999999934516, 0.02125841908431659599, -44.99999561347226518 ) ) ;
#112 = CIRCLE ( 'NONE', #664, 55.00000000000000000 ) ;
#113 = CARTESIAN_POINT ( 'NONE',  ( 1342.238162111420479, 34.28016664057997787, 7.206203537047366048 ) ) ;
#114 = CARTESIAN_POINT ( 'NONE',  ( 1332.479040283734093, -30.80298891734617328, -16.61854043813080750 ) ) ;
#115 = CARTESIAN_POINT ( 'NONE',  ( 1343.511708436338722, 35.00665048581082317, 0.6371611006541936240 ) ) ;
#116 = CARTESIAN_POINT ( 'NONE',  ( 1343.415560636539567, -34.95373592281758590, -1.913183891638348566 ) ) ;
#117 = CARTESIAN_POINT ( 'NONE',  ( 1329.140173162710653, -28.61451932563432266, 20.15463430054111171 ) ) ;
#118 = CARTESIAN_POINT ( 'NONE',  ( 1317.671943834677904, 16.41401695749882350, 30.91246326120962706 ) ) ;
#119 = CARTESIAN_POINT ( 'NONE',  ( 1335.723323442058927, 32.59301307288644267, -12.75828150769671865 ) ) ;
#120 = CARTESIAN_POINT ( 'NONE',  ( 1317.993372435090123, -16.95727813306329779, -30.62754011344809868 ) ) ;
#121 = CARTESIAN_POINT ( 'NONE',  ( 1313.330995394428783, -4.511839553565799577, -34.71402222417152927 ) ) ;
#122 = CARTESIAN_POINT ( 'NONE',  ( 1363.000000000000000, 3.061616997868379335E-14, -50.00000000000000000 ) ) ;
#123 = CARTESIAN_POINT ( 'NONE',  ( 1338.645619598669555, -31.73133174366583020, -21.25541589633249373 ) ) ;
#124 = CARTESIAN_POINT ( 'NONE',  ( 1333.081983259130084, 26.60524828564430067, 30.40730200024700025 ) ) ;
#125 = CARTESIAN_POINT ( 'NONE',  ( 1338.417817768300210, 31.57599804771449925, -21.68775005724579685 ) ) ;
#126 = CARTESIAN_POINT ( 'NONE',  ( 1339.646327967429897, -34.38872317493779462, 6.591779868556109534 ) ) ;
#127 = CARTESIAN_POINT ( 'NONE',  ( 1323.303021319473373, -23.64431622652787368, 25.80594332630000309 ) ) ;
#128 = CARTESIAN_POINT ( 'NONE',  ( 1325.234442594587563, 25.48741163299331802, 23.98867531720170021 ) ) ;
#129 = CARTESIAN_POINT ( 'NONE',  ( 1326.871228899939751, -26.89610412421409791, -22.41555492232140168 ) ) ;
#130 = CARTESIAN_POINT ( 'NONE',  ( 1336.285200045644842, 29.77131179821101270, 25.30090683005392194 ) ) ;
#131 = CARTESIAN_POINT ( 'NONE',  ( 1324.335686939531797, 10.33354315650345434, 43.13793476732978149 ) ) ;
#132 = CARTESIAN_POINT ( 'NONE',  ( 1328.954976278073445, -21.02902284710627612, 36.55530489959680551 ) ) ;
#133 = CARTESIAN_POINT ( 'NONE',  ( 1341.012655062336762, -33.41548766424695316, -16.74649876465483089 ) ) ;
#134 = ORIENTED_EDGE ( 'NONE', *, *, #1444, .T. ) ;
#135 = CARTESIAN_POINT ( 'NONE',  ( 1319.112703975443310, 18.63599599636086523, -29.62827063841766062 ) ) ;
#136 = CARTESIAN_POINT ( 'NONE',  ( 1323.785812566169852, 24.15487962653800125, 25.35954628945230027 ) ) ;
#137 = CARTESIAN_POINT ( 'NONE',  ( 1328.697675971478475, -28.29391059083787141, -20.60234856595879904 ) ) ;
#138 = CARTESIAN_POINT ( 'NONE',  ( 1313.651778371111504, -6.272084391739799258, 34.43588423123815545 ) ) ;
#139 = APPLICATION_CONTEXT ( 'configuration controlled 3d designs of mechanical parts and assemblies' ) ;
#140 = CARTESIAN_POINT ( 'NONE',  ( 1333.154101154296086, 31.20087372060152475, 15.85956212143143240 ) ) ;
#141 = CARTESIAN_POINT ( 'NONE',  ( 1325.905693173599957, -15.44617694578330358, -31.58655430483141302 ) ) ;
#142 = CARTESIAN_POINT ( 'NONE',  ( 1324.904019816286336, 12.21163783009459891, 42.34001399677239164 ) ) ;
#143 = CARTESIAN_POINT ( 'NONE',  ( 1332.630277768874521, -26.03236178467171413, 31.08257552030321591 ) ) ;
#144 = CARTESIAN_POINT ( 'NONE',  ( 1328.099715680187273, -19.55314686467306018, -37.79190160656246888 ) ) ;
#145 = ORIENTED_EDGE ( 'NONE', *, *, #813, .T. ) ;
#146 = CARTESIAN_POINT ( 'NONE',  ( 1320.633409451863145, 20.65248548012020180, -28.25730189264513470 ) ) ;
#147 = CARTESIAN_POINT ( 'NONE',  ( 1339.498338176470043, 32.38694558520979427, 19.73283572038790368 ) ) ;
#148 = AXIS2_PLACEMENT_3D ( 'NONE', #531, #1157, #1849 ) ;
#149 = CARTESIAN_POINT ( 'NONE',  ( 1313.462303836758565, -5.276293193642653812, 34.60003227120915170 ) ) ;
#150 =( LENGTH_UNIT ( ) NAMED_UNIT ( * ) SI_UNIT ( .MILLI., .METRE. ) );
#151 = CARTESIAN_POINT ( 'NONE',  ( 1333.437524434825718, 31.36341600662551699, 15.53499777727530962 ) ) ;
#152 = CARTESIAN_POINT ( 'NONE',  ( 1316.984203616263812, -15.22279144181966082, -31.52135818955273550 ) ) ;
#153 = CARTESIAN_POINT ( 'NONE',  ( 1327.555257973940115, -27.42888542101668392, -21.74066059789841532 ) ) ;
#154 = CARTESIAN_POINT ( 'NONE',  ( 1323.456386731729253, 6.480450353147171327, 34.46324648906053056 ) ) ;
#155 = CARTESIAN_POINT ( 'NONE',  ( 1331.583316074880258, -25.03901505025663354, -24.64592779700093672 ) ) ;
#156 = CARTESIAN_POINT ( 'NONE',  ( 1342.147778871508308, 34.13632600804665884, 14.30550103871418521 ) ) ;
#157 = CARTESIAN_POINT ( 'NONE',  ( 1325.779827271226850, -14.65522328498230387, -41.10477895285098526 ) ) ;
#158 = ORIENTED_EDGE ( 'NONE', *, *, #1561, .F. ) ;
#159 = CARTESIAN_POINT ( 'NONE',  ( 1318.562168109983531, 17.82586629573306070, -30.12040553091178552 ) ) ;
#160 = CARTESIAN_POINT ( 'NONE',  ( 1343.067887515570419, 34.75965255174949675, 4.167973126578748300 ) ) ;
#161 = CARTESIAN_POINT ( 'NONE',  ( 1340.988135860699913, -33.40520544442709650, 16.81813063974150069 ) ) ;
#162 = CARTESIAN_POINT ( 'NONE',  ( 1319.149556345123756, -18.68530478515625504, 29.59505167519453650 ) ) ;
#163 = CARTESIAN_POINT ( 'NONE',  ( 1331.964737359436867, 30.49339580852904419, 17.18740580464375611 ) ) ;
#164 = CARTESIAN_POINT ( 'NONE',  ( 1338.918003945100509, -34.08109730634543411, -7.969334606996036463 ) ) ;
#165 = CARTESIAN_POINT ( 'NONE',  ( 1325.408260550917475, -13.69958832185502118, -41.63022455453671000 ) ) ;
#166 = VERTEX_POINT ( 'NONE', #1652 ) ;
#167 = CARTESIAN_POINT ( 'NONE',  ( 1321.490216752758442, 21.68089977935466806, -27.47747335316203277 ) ) ;
#168 = CARTESIAN_POINT ( 'NONE',  ( 1339.756928301401558, 34.43192185455406928, -6.288036315356676731 ) ) ;
#169 = ADVANCED_FACE ( 'NONE', ( #1497 ), #1326, .F. ) ;
#170 = CARTESIAN_POINT ( 'NONE',  ( 1314.788145952180457, -10.31145297944914674, 33.44795219296094047 ) ) ;
#171 = CARTESIAN_POINT ( 'NONE',  ( 1329.726438703348094, 29.02756708304653799, 19.55512573631483519 ) ) ;
#172 = CARTESIAN_POINT ( 'NONE',  ( 1340.957075643080088, -34.90587668926720255, -2.621805068621520185 ) ) ;
#173 = CARTESIAN_POINT ( 'NONE',  ( 1332.060514116900322, 25.35470415498804542, -31.94900140452604376 ) ) ;
#174 = CARTESIAN_POINT ( 'NONE',  ( 1326.727432694076697, -16.90368175239031245, -39.76044783835305907 ) ) ;
#175 = CARTESIAN_POINT ( 'NONE',  ( 1313.904959665068873, 7.461976290213375940, 34.21635030638891806 ) ) ;
#176 = VERTEX_POINT ( 'NONE', #56 ) ;
#177 = CARTESIAN_POINT ( 'NONE',  ( 1345.167682556480031, 35.80537608852090159, 4.722584214800639835 ) ) ;
#178 = CC_DESIGN_APPROVAL ( #1628, ( #1477 ) ) ;
#179 = CARTESIAN_POINT ( 'NONE',  ( 1331.480679368692336, 24.63481708259131864, 32.82371970918299553 ) ) ;
#180 = CARTESIAN_POINT ( 'NONE',  ( 1313.016634268132748, 1.189106742722974674, 34.98565250409119187 ) ) ;
#181 = CARTESIAN_POINT ( 'NONE',  ( 1329.827171126974463, 29.09720559172803078, 19.45129183669402195 ) ) ;
#182 = CARTESIAN_POINT ( 'NONE',  ( 1316.216958605025866, -13.72951695048416987, -32.19723031976651839 ) ) ;
#183 = FACE_OUTER_BOUND ( 'NONE', #1153, .T. ) ;
#184 = DATE_AND_TIME ( #1173, #1233 ) ;
#185 = CARTESIAN_POINT ( 'NONE',  ( 1341.062960666893559, 34.94607231374255463, -1.942582494415302063 ) ) ;
#186 = CARTESIAN_POINT ( 'NONE',  ( 1345.337200700919993, 35.88907244441669775, 3.529890021171259828 ) ) ;
#187 = CARTESIAN_POINT ( 'NONE',  ( 1323.000000000000000, 3.061616997868379335E-14, -50.00000000000000000 ) ) ;
#188 = CARTESIAN_POINT ( 'NONE',  ( 1330.559254409138930, -23.40083904110624502, 34.19615671924984923 ) ) ;
#189 = CARTESIAN_POINT ( 'NONE',  ( 1340.470297172569872, -34.71755966068470656, -4.468785226446460257 ) ) ;
#190 = CARTESIAN_POINT ( 'NONE',  ( 1334.118570828069778, 27.67834119559105943, -28.78269552191477487 ) ) ;
#191 = CARTESIAN_POINT ( 'NONE',  ( 1340.828364837791923, 33.29512925192840811, 17.12829086451014149 ) ) ;
#192 = CARTESIAN_POINT ( 'NONE',  ( 1335.740396005091043, -32.60286668390384790, -12.74130298750522350 ) ) ;
#193 =( NAMED_UNIT ( * ) SI_UNIT ( $, .STERADIAN. ) SOLID_ANGLE_UNIT ( ) );
#194 = CARTESIAN_POINT ( 'NONE',  ( 1341.026746743280228, 34.93232081219989738, 2.177827720462109706 ) ) ;
#195 = COORDINATED_UNIVERSAL_TIME_OFFSET ( 8, 0, .AHEAD. ) ;
#196 = CARTESIAN_POINT ( 'NONE',  ( 1342.747096951459525, 34.57701723412040451, 5.539263932661175005 ) ) ;
#197 = CARTESIAN_POINT ( 'NONE',  ( 1322.051352298999745, -22.32642619681320184, 26.96422309554349894 ) ) ;
#198 = CARTESIAN_POINT ( 'NONE',  ( 1345.564360845250121, 35.99999433704519447, 6.717798539668250544E-10 ) ) ;
#199 = CARTESIAN_POINT ( 'NONE',  ( 1336.288415810677407, -29.77421600233179078, 25.29555014753742981 ) ) ;
#200 = CARTESIAN_POINT ( 'NONE',  ( 1330.694050260897711, 23.59710660820361383, -33.99779074964004622 ) ) ;
#201 = EDGE_CURVE ( 'NONE', #434, #1938, #28, .T. ) ;
#202 = CARTESIAN_POINT ( 'NONE',  ( 1334.458235253141311, -31.93048065867581897, -14.33384887639752669 ) ) ;
#203 = APPLICATION_CONTEXT ( 'configuration controlled 3d designs of mechanical parts and assemblies' ) ;
#204 = CARTESIAN_POINT ( 'NONE',  ( 1341.009792391969995, 34.92586402466080386, 2.276844775347860228 ) ) ;
#205 = COORDINATED_UNIVERSAL_TIME_OFFSET ( 8, 0, .AHEAD. ) ;
#206 = CARTESIAN_POINT ( 'NONE',  ( 1328.801182506442728, 28.36960440515546722, -20.49794008124950295 ) ) ;
#207 = CARTESIAN_POINT ( 'NONE',  ( 1323.525968140020041, -6.557293957658330008, 44.26847937836749480 ) ) ;
#208 = CARTESIAN_POINT ( 'NONE',  ( 1337.888983846154815, 33.62874570371321425, 9.700903138345831067 ) ) ;
#209 = DIRECTION ( 'NONE',  ( 1.000000000000000000, 2.036359179429850012E-17, 0.000000000000000000 ) ) ;
#210 = CARTESIAN_POINT ( 'NONE',  ( 1345.190654941811999, -35.81662754789594061, -4.549666358775487751 ) ) ;
#211 = EDGE_CURVE ( 'NONE', #1818, #1295, #81, .T. ) ;
#212 = AXIS2_PLACEMENT_3D ( 'NONE', #783, #2076, #1449 ) ;
#213 = CARTESIAN_POINT ( 'NONE',  ( 1341.157297550431394, -34.98183122022302882, -1.304395381236200802 ) ) ;
#214 = VERTEX_POINT ( 'NONE', #1682 ) ;
#215 = CALENDAR_DATE ( 2026, 25, 8 ) ;
#216 = PERSON_AND_ORGANIZATION ( #825, #1744 ) ;
#217 = CARTESIAN_POINT ( 'NONE',  ( 1333.356789641998148, 26.86195674092513741, 29.96855178555893318 ) ) ;
#218 = CARTESIAN_POINT ( 'NONE',  ( 1327.895148827418325, 27.69238751950636157, -21.40460819776386714 ) ) ;
#219 = CARTESIAN_POINT ( 'NONE',  ( 1321.294737635480033, -21.45617435527280037, 27.65618864568749657 ) ) ;
#220 = CARTESIAN_POINT ( 'NONE',  ( 1340.921503306630029, 34.89215373501819784, 2.745470402657830267 ) ) ;
#221 = CARTESIAN_POINT ( 'NONE',  ( 1340.979593876999843, -33.39496754357068653, 16.81944924050766232 ) ) ;
#222 = CARTESIAN_POINT ( 'NONE',  ( 1345.564356637178435, 35.99997695172324796, -0.7089702747070556477 ) ) ;
#223 = DIRECTION ( 'NONE',  ( 1.000000000000000000, 0.000000000000000000, 0.000000000000000000 ) ) ;
#224 = CARTESIAN_POINT ( 'NONE',  ( 1319.519256998488572, 19.20069009055053044, 29.26321376022981369 ) ) ;
#225 = ORIENTED_EDGE ( 'NONE', *, *, #580, .F. ) ;
#226 = CARTESIAN_POINT ( 'NONE',  ( 1328.400052640315835, 20.07097188385791497, 37.35714873758055887 ) ) ;
#227 = CARTESIAN_POINT ( 'NONE',  ( 1324.755344927319584, -12.23433374874039714, 32.94121277698862116 ) ) ;
#228 = CARTESIAN_POINT ( 'NONE',  ( 1325.127934095441105, -25.39067426607110889, -24.08970185173409817 ) ) ;
#229 = DIRECTION ( 'NONE',  ( -2.036359179429850012E-17, 1.000000000000000000, 0.000000000000000000 ) ) ;
#230 = APPROVAL ( #367, '未' ) ;
#231 = CARTESIAN_POINT ( 'NONE',  ( 1344.420472065988179, -35.42332656412302327, 8.028527015843422987 ) ) ;
#232 = CARTESIAN_POINT ( 'NONE',  ( 1338.787109018158617, 31.84189915117145731, -21.00502140168230625 ) ) ;
#233 = CARTESIAN_POINT ( 'NONE',  ( 1341.009755609774174, -34.92583632212125622, -2.278679133684114788 ) ) ;
#234 = CARTESIAN_POINT ( 'NONE',  ( 1321.362475891756503, 21.53144859662023691, 27.59401502089770020 ) ) ;
#235 = CARTESIAN_POINT ( 'NONE',  ( 1341.136275536953008, -34.97388146600727765, 1.368666007930284367 ) ) ;
#236 = CARTESIAN_POINT ( 'NONE',  ( 1314.433123256219915, -9.259175080181110573, -33.75724125149340438 ) ) ;
#237 = CARTESIAN_POINT ( 'NONE',  ( 1333.476621135740515, 27.22137719544900492, -22.17970136136312931 ) ) ;
#238 = CARTESIAN_POINT ( 'NONE',  ( 1326.288849596958016, -26.40271357986251033, 22.97723489668400987 ) ) ;
#239 = CARTESIAN_POINT ( 'NONE',  ( 1339.107092341412908, 32.08237880079833104, -20.42478804700068906 ) ) ;
#240 = DIRECTION ( 'NONE',  ( 1.000000000000000000, 0.000000000000000000, 0.000000000000000000 ) ) ;
#241 = CARTESIAN_POINT ( 'NONE',  ( 1341.205505282310014, 34.99999449436439392, 4.526576339885460640E-11 ) ) ;
#242 = CARTESIAN_POINT ( 'NONE',  ( 1323.416722521479642, -6.181402506079798798, -34.50980037754229812 ) ) ;
#243 = CARTESIAN_POINT ( 'NONE',  ( 1339.765172289432712, -32.56228348630868652, -19.20224460484489271 ) ) ;
#244 = ORIENTED_EDGE ( 'NONE', *, *, #1136, .F. ) ;
#245 = CARTESIAN_POINT ( 'NONE',  ( 1318.703973866690148, 18.06353436504420173, -29.99482792896230166 ) ) ;
#246 = CARTESIAN_POINT ( 'NONE',  ( 1322.837902272001429, 23.16427179055088459, -26.23769374045866698 ) ) ;
#247 = CARTESIAN_POINT ( 'NONE',  ( 1328.765164877138204, 21.05584719850179454, -28.15689290305680004 ) ) ;
#248 = CARTESIAN_POINT ( 'NONE',  ( 1322.456750569866699, -22.75969265428322430, -26.59003229637848165 ) ) ;
#249 = CARTESIAN_POINT ( 'NONE',  ( 1325.588519122637308, -25.80041893935513997, 23.65033682402722093 ) ) ;
#250 = CARTESIAN_POINT ( 'NONE',  ( 1344.995981430981601, 35.71954052983380024, -5.649146633545290896 ) ) ;
#251 = CARTESIAN_POINT ( 'NONE',  ( 1341.205530093800235, -34.99999326632480035, -9.350335731962170276E-11 ) ) ;
#252 = CARTESIAN_POINT ( 'NONE',  ( 1332.500061130469248, 30.81557816025182461, -16.59518494381816822 ) ) ;
#253 = CARTESIAN_POINT ( 'NONE',  ( 1336.647166751897430, -33.05077614389946916, 11.52918030145091244 ) ) ;
#254 = CARTESIAN_POINT ( 'NONE',  ( 1313.017165932350053, -1.315111040116419883, -34.98516524590500154 ) ) ;
#255 = CARTESIAN_POINT ( 'NONE',  ( 1325.506679376083639, 13.93870792939510395, 41.49076827061607275 ) ) ;
#256 = CARTESIAN_POINT ( 'NONE',  ( 1324.328924106595878, 24.65599924092883910, -24.84665464260232071 ) ) ;
#257 = CARTESIAN_POINT ( 'NONE',  ( 1333.987695089999534, -31.67348029105801643, -14.89491331671555940 ) ) ;
#258 = CARTESIAN_POINT ( 'NONE',  ( 1332.460269827980483, 26.08998401360382147, -23.51655981480010027 ) ) ;
#259 = CARTESIAN_POINT ( 'NONE',  ( 1320.272146320148750, -20.19801177166498363, -28.58453619847693972 ) ) ;
#260 = CARTESIAN_POINT ( 'NONE',  ( 1329.170710064012610, -28.63635176385031400, 20.12360534512044552 ) ) ;
#261 = CARTESIAN_POINT ( 'NONE',  ( 1327.563692392150415, -27.43547681885440070, -21.73234140068831621 ) ) ;
#262 = CARTESIAN_POINT ( 'NONE',  ( 1330.101847708386458, 29.28529755850514960, -19.16697654842559828 ) ) ;
#263 = CARTESIAN_POINT ( 'NONE',  ( 1339.274555934326827, -34.23196009753086599, 7.292020662538477360 ) ) ;
#264 = CARTESIAN_POINT ( 'NONE',  ( 1338.856165973060115, -31.91057006582689937, -20.91070268351069927 ) ) ;
#265 = EDGE_CURVE ( 'NONE', #1312, #568, #1817, .T. ) ;
#266 = DIRECTION ( 'NONE',  ( 0.000000000000000000, 0.000000000000000000, 1.000000000000000000 ) ) ;
#267 = ORIENTED_EDGE ( 'NONE', *, *, #1707, .T. ) ;
#268 = CARTESIAN_POINT ( 'NONE',  ( 1327.589261451165385, 27.45544055982679410, -21.70711485464260804 ) ) ;
#269 = CARTESIAN_POINT ( 'NONE',  ( 1339.032142324319921, 34.13168020486219945, 7.785645559953230155 ) ) ;
#270 = CARTESIAN_POINT ( 'NONE',  ( 1328.795481700982464, -28.36541996062591764, -20.50373020090353293 ) ) ;
#271 = CARTESIAN_POINT ( 'NONE',  ( 1343.505062643499059, 35.00299455203848709, -1.130647797812959210 ) ) ;
#272 = CARTESIAN_POINT ( 'NONE',  ( 1341.056160809539961, -34.94358065124710322, 2.059438828135459865 ) ) ;
#273 = CARTESIAN_POINT ( 'NONE',  ( 1329.692817246699633, -29.00486034192347162, 19.59032462627132887 ) ) ;
#274 = CARTESIAN_POINT ( 'NONE',  ( 1317.422312952938910, 15.99147289137035521, 31.13374989870556675 ) ) ;
#275 = CARTESIAN_POINT ( 'NONE',  ( 1329.511830828705115, 28.87864774676687674, -19.77598053917602172 ) ) ;
#276 = CARTESIAN_POINT ( 'NONE',  ( 1340.666243721477713, -34.79373888914859236, 3.794184381110935256 ) ) ;
#277 = CARTESIAN_POINT ( 'NONE',  ( 1330.697040536749910, -29.72147144735370361, -18.57349960678640244 ) ) ;
#278 = LOCAL_TIME ( 10, 56, 47.00000000000000000, #1014 ) ;
#279 = CARTESIAN_POINT ( 'NONE',  ( 1337.547879821923971, 30.85824191598482003, 23.17840934081985083 ) ) ;
#280 = CARTESIAN_POINT ( 'NONE',  ( 1323.009123135663685, 0.8554521157546344234, -44.98731873901780887 ) ) ;
#281 = CARTESIAN_POINT ( 'NONE',  ( 1327.158968946677078, -17.76027144566775817, 39.14275995044329903 ) ) ;
#282 = CARTESIAN_POINT ( 'NONE',  ( 1337.814070058614789, -31.07821688639162616, -22.72222725159904400 ) ) ;
#283 = CARTESIAN_POINT ( 'NONE',  ( 1326.163522616840055, 15.62401346085750120, 40.56190473074679659 ) ) ;
#284 = CARTESIAN_POINT ( 'NONE',  ( 1331.197113390983986, -30.00822594464879955, -18.01408509385852597 ) ) ;
#285 = CARTESIAN_POINT ( 'NONE',  ( 1345.142699920459791, 35.79294290284129687, -4.868597001337259478 ) ) ;
#286 = CARTESIAN_POINT ( 'NONE',  ( 1340.252511331890219, -34.63203212752100058, 5.124544928647339681 ) ) ;
#287 = CARTESIAN_POINT ( 'NONE',  ( 1327.492631362844349, -27.38410398662738743, 21.80416183130654062 ) ) ;
#288 = CARTESIAN_POINT ( 'NONE',  ( 1321.642600819720883, 21.85494061600640592, 27.33791996406994684 ) ) ;
#289 = CARTESIAN_POINT ( 'NONE',  ( 1327.944151761548255, -27.73043911491940250, -21.35622181362711913 ) ) ;
#290 = CARTESIAN_POINT ( 'NONE',  ( 1333.820577987165734, -31.58030836279885634, 15.09134247840158061 ) ) ;
#291 = CARTESIAN_POINT ( 'NONE',  ( 1328.014753686339191, -19.78741611864669636, -29.06757398546383442 ) ) ;
#292 = CARTESIAN_POINT ( 'NONE',  ( 1338.175022090222456, 31.36495907114502657, 22.09017187016465300 ) ) ;
#293 = CARTESIAN_POINT ( 'NONE',  ( 1325.844224715413702, 14.81661322784986190, 41.01366677709025765 ) ) ;
#294 = EDGE_LOOP ( 'NONE', ( #44, #1462, #1905, #479 ) ) ;
#295 = CARTESIAN_POINT ( 'NONE',  ( 1313.983445920353688, -7.675132176521760385, -34.14811663269370712 ) ) ;
#296 = CARTESIAN_POINT ( 'NONE',  ( 1325.334819917788764, 13.96518119896478005, 32.26011126760350578 ) ) ;
#297 = CARTESIAN_POINT ( 'NONE',  ( 1328.746945313698916, -28.32997479674403252, -20.55269008760093641 ) ) ;
#298 = CARTESIAN_POINT ( 'NONE',  ( 1313.753026824536619, -6.730951078418515365, 34.34809423220769276 ) ) ;
#299 = CARTESIAN_POINT ( 'NONE',  ( 1329.804594918059138, 29.08162429246505809, 19.47457893215065283 ) ) ;
#300 = CARTESIAN_POINT ( 'NONE',  ( 1323.257100113729848, 4.607034518511900600, 44.64269286727719788 ) ) ;
#301 = CARTESIAN_POINT ( 'NONE',  ( 1331.525149713910423, -30.21776499057492416, 17.66209959364862314 ) ) ;
#302 = CARTESIAN_POINT ( 'NONE',  ( 1328.832668426050532, -21.16490893259108930, -28.07455234091541030 ) ) ;
#303 = CARTESIAN_POINT ( 'NONE',  ( 1363.000000000000000, 3.061616997868379335E-14, 50.00000000000000000 ) ) ;
#304 = CARTESIAN_POINT ( 'NONE',  ( 1326.490401471239693, -16.35400112444833454, 40.09698675057898498 ) ) ;
#305 = DIRECTION ( 'NONE',  ( 1.000000000000000000, 2.036359179429850012E-17, 0.000000000000000000 ) ) ;
#306 = EDGE_LOOP ( 'NONE', ( #978, #267, #134, #1125 ) ) ;
#307 = CARTESIAN_POINT ( 'NONE',  ( 1322.043869794013972, 22.31314469187775629, -26.97063963690749233 ) ) ;
#308 = CARTESIAN_POINT ( 'NONE',  ( 1336.781862088159869, 30.23227327383139951, 24.49715000858839886 ) ) ;
#309 = EDGE_CURVE ( 'NONE', #644, #502, #491, .T. ) ;
#310 = CARTESIAN_POINT ( 'NONE',  ( 1339.566219011129533, -32.54143828604460253, 13.02353696855210430 ) ) ;
#311 = CARTESIAN_POINT ( 'NONE',  ( 1315.784067120944883, -12.79708269587457714, 32.57716383394094350 ) ) ;
#312 = CARTESIAN_POINT ( 'NONE',  ( 1330.934497867129721, 29.83878245069170987, 18.29344074889040783 ) ) ;
#313 = CARTESIAN_POINT ( 'NONE',  ( 1338.761673151560217, -34.01582333943600389, -8.277349545493409622 ) ) ;
#314 = CARTESIAN_POINT ( 'NONE',  ( 1344.361051985607673, 35.39194345500236238, 8.235755801059470471 ) ) ;
#315 = CARTESIAN_POINT ( 'NONE',  ( 1325.293004043966221, -13.40891984114702673, 41.79308661300863292 ) ) ;
#316 = CARTESIAN_POINT ( 'NONE',  ( 1329.459759585492520, -21.79740458538629255, -35.81542480882366419 ) ) ;
#317 = ORIENTED_EDGE ( 'NONE', *, *, #1707, .F. ) ;
#318 =( GEOMETRIC_REPRESENTATION_CONTEXT ( 3 ) GLOBAL_UNCERTAINTY_ASSIGNED_CONTEXT ( ( #1084 ) ) GLOBAL_UNIT_ASSIGNED_CONTEXT ( ( #150, #327, #193 ) ) REPRESENTATION_CONTEXT ( 'NONE', 'WORKASPACE' ) );
#319 = CARTESIAN_POINT ( 'NONE',  ( 1330.687571831039804, 23.58213983522439960, 34.00650416063109560 ) ) ;
#320 = VECTOR ( 'NONE', #1184, 1000.000000000000000 ) ;
#321 = CARTESIAN_POINT ( 'NONE',  ( 1313.546180649950657, -5.736041186998495967, 34.52738048254329328 ) ) ;
#322 = CARTESIAN_POINT ( 'NONE',  ( 1332.754366031352220, 30.96758956833831888, 16.31135726844103573 ) ) ;
#323 = CARTESIAN_POINT ( 'NONE',  ( 1337.926560033316036, -33.64710343393894476, -9.653608441737041801 ) ) ;
#324 = CARTESIAN_POINT ( 'NONE',  ( 1329.910864091754320, -22.48126730710523802, -35.15426236449642516 ) ) ;
#325 = VERTEX_POINT ( 'NONE', #575 ) ;
#326 = CARTESIAN_POINT ( 'NONE',  ( 1340.632758897540043, 34.78071103725838498, -3.911805448828987952 ) ) ;
#327 =( NAMED_UNIT ( * ) PLANE_ANGLE_UNIT ( ) SI_UNIT ( $, .RADIAN. ) );
#328 = CARTESIAN_POINT ( 'NONE',  ( 1318.675567087640275, -18.00429453688655101, 30.01951037846050596 ) ) ;
#329 = CARTESIAN_POINT ( 'NONE',  ( 1329.361286441085895, 28.77201877179762235, 19.92964782711970528 ) ) ;
#330 = CARTESIAN_POINT ( 'NONE',  ( 1323.200361638679624, 4.317144806373866217, 34.76394369074611745 ) ) ;
#331 = CARTESIAN_POINT ( 'NONE',  ( 1323.347210094003685, 5.428805845938633468, -44.51742152185399704 ) ) ;
#332 = CARTESIAN_POINT ( 'NONE',  ( 1344.224970489337920, 35.32010063698797353, 8.710666959520587227 ) ) ;
#333 = CARTESIAN_POINT ( 'NONE',  ( 1339.130484900831334, -34.17128344126593475, -7.571252609745283024 ) ) ;
#334 = CARTESIAN_POINT ( 'NONE',  ( 1325.936786850806811, -15.04392347840895106, -40.88248494150468559 ) ) ;
#335 = ORIENTED_EDGE ( 'NONE', *, *, #867, .F. ) ;
#336 = CARTESIAN_POINT ( 'NONE',  ( 1320.912324040333715, 20.99526787329827826, -28.00408937582484370 ) ) ;
#337 = CARTESIAN_POINT ( 'NONE',  ( 1341.205472275055627, 35.00000000000002842, -0.3294066384411663551 ) ) ;
#338 = CARTESIAN_POINT ( 'NONE',  ( 1315.998681080406186, -13.27044535424412430, 32.38894751591034549 ) ) ;
#339 = ADVANCED_BREP_SHAPE_REPRESENTATION ( 'Boom_Rod_Default_sldprt', ( #1963, #961 ), #318 ) ;
#340 = CARTESIAN_POINT ( 'NONE',  ( 1329.531786061685352, 28.89188518886159329, 19.75509939010848015 ) ) ;
#341 = CARTESIAN_POINT ( 'NONE',  ( 1315.395929985517114, -11.90849020693991989, -32.91721392032301452 ) ) ;
#342 = CARTESIAN_POINT ( 'NONE',  ( 1341.074061705400027, 34.95029339531780010, 1.865552216374789962 ) ) ;
#343 = CARTESIAN_POINT ( 'NONE',  ( 1315.778166746473516, 12.78589552455017042, -32.58238528718958804 ) ) ;
#344 = DATE_AND_TIME ( #20, #660 ) ;
#345 = CARTESIAN_POINT ( 'NONE',  ( 1337.329245914841522, 33.37218132145495275, -10.55023083399522754 ) ) ;
#346 = CARTESIAN_POINT ( 'NONE',  ( 1313.048731409012817, 1.831190504711591727, 34.95789273565264921 ) ) ;
#347 = PLANE ( 'NONE',  #1237 ) ;
#348 = DIRECTION ( 'NONE',  ( 0.000000000000000000, 1.000000000000000000, 0.000000000000000000 ) ) ;
#349 = CARTESIAN_POINT ( 'NONE',  ( 1332.549259659983363, -25.93754616822214842, 31.20617973604597140 ) ) ;
#350 = CARTESIAN_POINT ( 'NONE',  ( 1331.701875343244410, 24.90846142247486483, -32.48973179046368642 ) ) ;
#351 = CARTESIAN_POINT ( 'NONE',  ( 1344.345377593368767, 35.38368409640224144, 8.291023717983064145 ) ) ;
#352 = CARTESIAN_POINT ( 'NONE',  ( 1334.886211659168112, -32.15913190293291990, -13.81268430862020047 ) ) ;
#353 = CARTESIAN_POINT ( 'NONE',  ( 1313.544480001190550, 5.727212133858018639, 34.52889016036920111 ) ) ;
#354 = CARTESIAN_POINT ( 'NONE',  ( 1323.000000000000000, 3.061616997868379335E-14, 50.00000000000000000 ) ) ;
#355 = CARTESIAN_POINT ( 'NONE',  ( 1314.440259019115956, 9.271771935605071846, -33.75104463631318197 ) ) ;
#356 = PERSON_AND_ORGANIZATION ( #825, #1744 ) ;
#357 = LINE ( 'NONE', #1465, #2071 ) ;
#358 = CARTESIAN_POINT ( 'NONE',  ( 1325.517318884689985, -13.98892974298949810, 41.47611423167499822 ) ) ;
#359 = CARTESIAN_POINT ( 'NONE',  ( 1343.252347013371264, 34.86301214965161677, 3.115830549178638442 ) ) ;
#360 = CARTESIAN_POINT ( 'NONE',  ( 1343.252344564589976, 34.86301275937511690, 3.115830205644631423 ) ) ;
#361 = CARTESIAN_POINT ( 'NONE',  ( 1345.332225612181219, -35.88665246810998610, 3.583545536755301519 ) ) ;
#362 = CARTESIAN_POINT ( 'NONE',  ( 1323.552805920359333, 6.763051472770931660, -44.23140110779872458 ) ) ;
#363 = CARTESIAN_POINT ( 'NONE',  ( 1337.137492320988486, 30.51744885450941780, -23.88007639731963039 ) ) ;
#364 = CARTESIAN_POINT ( 'NONE',  ( 1315.029912612022827, 10.98430430606170205, 33.23739487767082323 ) ) ;
#365 = CYLINDRICAL_SURFACE ( 'NONE', #148, 35.00000000000000000 ) ;
#366 = CARTESIAN_POINT ( 'NONE',  ( 1315.203085129556030, 11.41645983462544045, -33.08571884261597518 ) ) ;
#367 = APPROVAL_STATUS ( 'not_yet_approved' ) ;
#368 = CARTESIAN_POINT ( 'NONE',  ( 1329.202328852412847, 28.65909087545222178, -20.09161356597574510 ) ) ;
#369 = CARTESIAN_POINT ( 'NONE',  ( 1323.878371131709855, -8.406106403894289869, 43.77703609777049820 ) ) ;
#370 = EDGE_CURVE ( 'NONE', #325, #1312, #12, .T. ) ;
#371 = CARTESIAN_POINT ( 'NONE',  ( 1341.108527826050022, 34.96340502442140519, 1.652532499354099960 ) ) ;
#372 = CARTESIAN_POINT ( 'NONE',  ( 1323.000371778942963, -0.1781156267095558299, 44.99946825823773366 ) ) ;
#373 = CARTESIAN_POINT ( 'NONE',  ( 1337.628233373171270, -30.92442305349816323, 23.04048145873301223 ) ) ;
#374 = CARTESIAN_POINT ( 'NONE',  ( 1328.973236814820666, 21.06005723472174296, -36.52864626593053998 ) ) ;
#375 = DIRECTION ( 'NONE',  ( 0.000000000000000000, 0.000000000000000000, 1.000000000000000000 ) ) ;
#376 = ORIENTED_EDGE ( 'NONE', *, *, #370, .F. ) ;
#377 = CARTESIAN_POINT ( 'NONE',  ( 1316.437316508031245, 14.18260938153250095, -32.00354417379080019 ) ) ;
#378 = CARTESIAN_POINT ( 'NONE',  ( 1328.903077587642883, 20.91573824993956876, 36.62760534896396081 ) ) ;
#379 = CARTESIAN_POINT ( 'NONE',  ( 1328.857073398609145, 28.41030747624719410, -20.44150858076788069 ) ) ;
#380 = CARTESIAN_POINT ( 'NONE',  ( 1323.302078356440006, -4.980110213957910759, 44.58010972117909887 ) ) ;
#381 = CARTESIAN_POINT ( 'NONE',  ( 1313.364153949596130, 4.695502598604774924, 34.68508272061596642 ) ) ;
#382 = CARTESIAN_POINT ( 'NONE',  ( 1339.200868275544281, 34.20131307791139363, 7.439509633575664083 ) ) ;
#383 = LINE ( 'NONE', #1341, #1584 ) ;
#384 = CARTESIAN_POINT ( 'NONE',  ( 1344.895785962331729, -35.66844744009512169, -6.094226170165012668 ) ) ;
#385 = CIRCLE ( 'NONE', #1852, 24.99999999999991118 ) ;
#386 = CARTESIAN_POINT ( 'NONE',  ( 1331.172020063142554, 24.23341510264507548, -33.28539687218224685 ) ) ;
#387 = AXIS2_PLACEMENT_3D ( 'NONE', #478, #305, #954 ) ;
#388 = CARTESIAN_POINT ( 'NONE',  ( 0.000000000000000000, 0.000000000000000000, 0.000000000000000000 ) ) ;
#389 = CARTESIAN_POINT ( 'NONE',  ( 1325.736498511349509, 25.92987286236553146, 23.50869967742931976 ) ) ;
#390 = ORIENTED_EDGE ( 'NONE', *, *, #1505, .T. ) ;
#391 = CARTESIAN_POINT ( 'NONE',  ( 1323.006100875729771, -0.9766720196397645770, -34.99279755017047933 ) ) ;
#392 = PERSON_AND_ORGANIZATION_ROLE ( 'design_supplier' ) ;
#393 = CARTESIAN_POINT ( 'NONE',  ( 1331.400209917000211, -24.85842030327610175, 24.89015767030041815 ) ) ;
#394 = CARTESIAN_POINT ( 'NONE',  ( 1342.712051580457455, -34.47452100543615217, 12.97970522909069935 ) ) ;
#395 = CARTESIAN_POINT ( 'NONE',  ( 1339.439565720018436, 32.32501388605405879, -19.80745696135440781 ) ) ;
#396 = FACE_BOUND ( 'NONE', #1141, .T. ) ;
#397 = CARTESIAN_POINT ( 'NONE',  ( 1328.078549858874112, 27.83211314848184514, 21.22242583586105624 ) ) ;
#398 = CARTESIAN_POINT ( 'NONE',  ( 1339.374613599212353, -34.27383602763538306, 7.093279046010971811 ) ) ;
#399 = CARTESIAN_POINT ( 'NONE',  ( 1313.696779595919907, -6.556774528664119472, -34.39695516757289795 ) ) ;
#400 = CARTESIAN_POINT ( 'NONE',  ( 1336.990788812320034, -30.39953909138110077, 24.13397874771839824 ) ) ;
#401 = CARTESIAN_POINT ( 'NONE',  ( 1322.983046352751899, 23.31585312085625361, -26.10321498307668975 ) ) ;
#402 = CARTESIAN_POINT ( 'NONE',  ( 1342.988364778169853, 34.63703117066170023, -12.30299543404029983 ) ) ;
#403 = CARTESIAN_POINT ( 'NONE',  ( 1329.143743999683238, -28.61707498737250788, 20.15100550379718314 ) ) ;
#404 = CARTESIAN_POINT ( 'NONE',  ( 1344.922513294606233, -35.68199226590724038, -5.968167188671947621 ) ) ;
#405 = DIRECTION ( 'NONE',  ( 1.000000000000000000, 2.036359179429850012E-17, 0.000000000000000000 ) ) ;
#406 = CARTESIAN_POINT ( 'NONE',  ( 1341.108527826050022, 34.96340502442140519, 1.652532499354099960 ) ) ;
#407 = CARTESIAN_POINT ( 'NONE',  ( 1339.504430512200997, -34.32788605563847995, 6.829173557982225695 ) ) ;
#408 = CARTESIAN_POINT ( 'NONE',  ( 1324.371974953450717, -10.90482720495979763, -33.39072244824254909 ) ) ;
#409 = CARTESIAN_POINT ( 'NONE',  ( 1314.024405780908182, 7.831723610347144593, -34.11254346870164511 ) ) ;
#410 = CARTESIAN_POINT ( 'NONE',  ( 1332.017550149470026, 25.31520631234580065, -32.01696466544640174 ) ) ;
#411 = CARTESIAN_POINT ( 'NONE',  ( 1328.913329258630938, -28.45213130027578430, 20.38518010398508551 ) ) ;
#412 = CARTESIAN_POINT ( 'NONE',  ( 1342.740557259907519, 34.49118603118606075, -12.90939718201344988 ) ) ;
#413 = CARTESIAN_POINT ( 'NONE',  ( 1339.486127758946395, -34.32136036707192517, -6.888766158963903763 ) ) ;
#414 = CARTESIAN_POINT ( 'NONE',  ( 1330.263664602481185, 29.39490867757196924, -18.99869070848572861 ) ) ;
#415 = CARTESIAN_POINT ( 'NONE',  ( 1340.694032410153113, -34.80452278279965128, 3.694322165642297318 ) ) ;
#416 = CARTESIAN_POINT ( 'NONE',  ( 1313.012718850420015, 1.211599981408230109, -34.98900840783750255 ) ) ;
#417 = CIRCLE ( 'NONE', #1703, 35.00000000000000000 ) ;
#418 = CARTESIAN_POINT ( 'NONE',  ( 1313.839673952658586, 7.125984480795030329, -34.27298532957456700 ) ) ;
#419 = DIRECTION ( 'NONE',  ( 1.000000000000000000, 0.000000000000000000, 0.000000000000000000 ) ) ;
#420 = CARTESIAN_POINT ( 'NONE',  ( 1343.988764547155142, -35.19337866223963829, -9.472878057710650168 ) ) ;
#421 = CARTESIAN_POINT ( 'NONE',  ( 1331.256626814043102, -30.04630415256537646, -17.95047655507464412 ) ) ;
#422 = CARTESIAN_POINT ( 'NONE',  ( 1329.625969526311337, 22.38815549605151745, -27.10092885191292567 ) ) ;
#423 = CARTESIAN_POINT ( 'NONE',  ( 1319.695669252120751, -19.44210945230995335, -29.10468034990066144 ) ) ;
#424 = CARTESIAN_POINT ( 'NONE',  ( 1329.140430837535632, -28.61470377474534033, 20.15437242657836592 ) ) ;
#425 = CARTESIAN_POINT ( 'NONE',  ( 1323.369264318262594, -5.596570194066476489, 44.48655935710719689 ) ) ;
#426 = ADVANCED_FACE ( 'NONE', ( #1977 ), #347, .T. ) ;
#427 = CARTESIAN_POINT ( 'NONE',  ( 1345.400837711878921, 35.92037533321244069, -3.027658495193966459 ) ) ;
#428 = CARTESIAN_POINT ( 'NONE',  ( 1335.263292617370553, 32.35692585979697355, -13.34410532552205275 ) ) ;
#429 = CARTESIAN_POINT ( 'NONE',  ( 1341.075786337621139, -34.95094712510777413, 1.852816266585709748 ) ) ;
#430 = CARTESIAN_POINT ( 'NONE',  ( 1314.822060337950006, -10.43325265976340077, -33.41849353555569735 ) ) ;
#431 = CARTESIAN_POINT ( 'NONE',  ( 1314.044568016152880, 7.907616648011321026, -34.09503065786892506 ) ) ;
#432 = CARTESIAN_POINT ( 'NONE',  ( 1363.000000000000000, 55.00000000000002842, 0.000000000000000000 ) ) ;
#433 = CARTESIAN_POINT ( 'NONE',  ( 1338.785299280995559, -31.83785321240189958, -21.00423263354606718 ) ) ;
#434 = VERTEX_POINT ( 'NONE', #998 ) ;
#435 = CARTESIAN_POINT ( 'NONE',  ( 1316.265644917470127, 13.84570721024950046, 32.15462336950830036 ) ) ;
#436 = CARTESIAN_POINT ( 'NONE',  ( 1329.699837451701569, -29.00913278182836308, -19.58253828973213473 ) ) ;
#437 = CARTESIAN_POINT ( 'NONE',  ( 1339.462979213339395, 32.46490110574129773, -13.19830327456300090 ) ) ;
#438 = CARTESIAN_POINT ( 'NONE',  ( 1323.844738689898577, 24.18461859513691437, 25.30032110099097764 ) ) ;
#439 = CARTESIAN_POINT ( 'NONE',  ( 1331.271093707071486, 30.05562520269256055, -17.93486552292788261 ) ) ;
#440 = CARTESIAN_POINT ( 'NONE',  ( 1337.466509170776135, -33.43578862472861601, 10.34686078664688402 ) ) ;
#441 = CARTESIAN_POINT ( 'NONE',  ( 1332.101190291739840, -25.41747846181900172, -31.89053574771429922 ) ) ;
#442 = DIRECTION ( 'NONE',  ( 0.000000000000000000, 0.000000000000000000, 1.000000000000000000 ) ) ;
#443 = CARTESIAN_POINT ( 'NONE',  ( 1334.281496111679871, -27.84352897236574975, 28.52509509592037418 ) ) ;
#444 = CARTESIAN_POINT ( 'NONE',  ( 1343.249338101839612, -34.78494702322007726, -11.61127290746766683 ) ) ;
#445 = CARTESIAN_POINT ( 'NONE',  ( 1325.845903302789111, 15.29940963135119425, -31.65723575597569805 ) ) ;
#446 = CARTESIAN_POINT ( 'NONE',  ( 1323.462513358802653, 23.80741010753006748, -25.65776283150662707 ) ) ;
#447 = CARTESIAN_POINT ( 'NONE',  ( 1343.825713859449934, 35.10687106785830025, 10.01011571993989868 ) ) ;
#448 = CARTESIAN_POINT ( 'NONE',  ( 1332.325177148595685, -30.71044327788588646, -16.78912191100658546 ) ) ;
#449 = CARTESIAN_POINT ( 'NONE',  ( 1340.713105454279685, 33.32299020073480023, -10.81455748783041138 ) ) ;
#450 = CARTESIAN_POINT ( 'NONE',  ( 1341.224067829960177, -35.00700514327910184, -0.4374261054446659802 ) ) ;
#451 = CARTESIAN_POINT ( 'NONE',  ( 1330.789009834001945, -29.74433251265967471, 18.44763040879671934 ) ) ;
#452 = CARTESIAN_POINT ( 'NONE',  ( 1323.907610575448871, 24.24603595610266638, 25.24143048547174573 ) ) ;
#453 = CARTESIAN_POINT ( 'NONE',  ( 1340.188198115240084, -32.86491166553049226, -18.40661434632979976 ) ) ;
#454 = CARTESIAN_POINT ( 'NONE',  ( 1323.000018973355282, 0.04498856370006529964, -44.99996823080127939 ) ) ;
#455 = CARTESIAN_POINT ( 'NONE',  ( 1335.870486967801526, -29.39522868024625524, 25.98216967741803884 ) ) ;
#456 = CARTESIAN_POINT ( 'NONE',  ( 1340.748015613520238, -33.23933641972889319, -17.28226699811517264 ) ) ;
#457 = ORIENTED_EDGE ( 'NONE', *, *, #1902, .F. ) ;
#458 = CC_DESIGN_PERSON_AND_ORGANIZATION_ASSIGNMENT ( #70, #559, ( #971 ) ) ;
#459 = CARTESIAN_POINT ( 'NONE',  ( 1324.458154985848751, 11.20341358067030235, 33.28966981687517546 ) ) ;
#460 = CARTESIAN_POINT ( 'NONE',  ( 1328.250941049054518, -27.96238276718620597, -21.05045167914789062 ) ) ;
#461 = CARTESIAN_POINT ( 'NONE',  ( 1317.232838885873434, -15.65962177397986466, 31.30141087656016552 ) ) ;
#462 = CARTESIAN_POINT ( 'NONE',  ( 1325.890144906456271, 26.06306146870339902, 23.36125198305512640 ) ) ;
#463 = CARTESIAN_POINT ( 'NONE',  ( 1332.820207466319971, -31.02416534177620022, -16.26387986495279847 ) ) ;
#464 = CARTESIAN_POINT ( 'NONE',  ( 1313.004790350224994, 0.5778612171983713575, -34.99591074266520252 ) ) ;
#465 = CARTESIAN_POINT ( 'NONE',  ( 1334.227542731742687, 27.78844075261344670, 28.61020549370167032 ) ) ;
#466 = CARTESIAN_POINT ( 'NONE',  ( 1324.018474787459809, 9.063564121668004958, 43.58123258210189022 ) ) ;
#467 = CARTESIAN_POINT ( 'NONE',  ( 1324.525544416282173, -10.94300796299380529, 42.87125256545600394 ) ) ;
#468 = CARTESIAN_POINT ( 'NONE',  ( 1323.278798334490375, -5.447130607412034919, -44.61366938726207820 ) ) ;
#469 = VERTEX_POINT ( 'NONE', #1494 ) ;
#470 = CARTESIAN_POINT ( 'NONE',  ( 1324.948695880650121, 12.35943696404899939, -42.27730543981149935 ) ) ;
#471 = CARTESIAN_POINT ( 'NONE',  ( 1325.202609311400010, 13.10090159955399969, 41.91976630517760327 ) ) ;
#472 = CARTESIAN_POINT ( 'NONE',  ( 1321.099543757695983, -21.21996311920317169, 27.83367419876582360 ) ) ;
#473 = CARTESIAN_POINT ( 'NONE',  ( 1331.016352607525278, 29.89183695209097635, 18.20654348455133942 ) ) ;
#474 = CARTESIAN_POINT ( 'NONE',  ( 1323.632811285500111, 7.136321136592148839, 44.11951608971050121 ) ) ;
#475 = CARTESIAN_POINT ( 'NONE',  ( 1336.102556835520090, -32.79716152371029381, -12.30572884538690026 ) ) ;
#476 = CARTESIAN_POINT ( 'NONE',  ( 1340.010949629178413, 32.73396293508086785, 18.72954364306762187 ) ) ;
#477 = CARTESIAN_POINT ( 'NONE',  ( 1330.579771154575837, -23.42925198658945973, 34.16574198300906318 ) ) ;
#478 = CARTESIAN_POINT ( 'NONE',  ( 40.00000000000000000, 8.145436717719419770E-16, 0.000000000000000000 ) ) ;
#479 = ORIENTED_EDGE ( 'NONE', *, *, #536, .F. ) ;
#480 = CARTESIAN_POINT ( 'NONE',  ( 1318.689436078489052, 18.01669390843178320, -30.00678297128481375 ) ) ;
#481 = CARTESIAN_POINT ( 'NONE',  ( 1338.388296269358989, 31.68389896342071665, 15.06584222414328700 ) ) ;
#482 = CARTESIAN_POINT ( 'NONE',  ( 1335.485169825870116, -32.47728307097070655, 13.08076827535449915 ) ) ;
#483 = CARTESIAN_POINT ( 'NONE',  ( 1318.353896127562848, -17.51665419250171496, 30.30645366494038839 ) ) ;
#484 = CARTESIAN_POINT ( 'NONE',  ( 1328.780851049888042, 28.35516000163664430, 20.51872439790916047 ) ) ;
#485 = CARTESIAN_POINT ( 'NONE',  ( 1342.257232623301206, -34.28927806978699522, -7.092396296040193171 ) ) ;
#486 = CARTESIAN_POINT ( 'NONE',  ( 1329.089151876846472, -21.21451765763757535, -36.35643229113084374 ) ) ;
#487 = VERTEX_POINT ( 'NONE', #198 ) ;
#488 = CARTESIAN_POINT ( 'NONE',  ( 1314.570674756480003, 9.703901895140258915, -33.63758834272920240 ) ) ;
#489 = APPROVAL_PERSON_ORGANIZATION ( #1967, #1628, #1819 ) ;
#490 = CARTESIAN_POINT ( 'NONE',  ( 1340.641921039521321, 34.78427648587712895, -3.879976140121834671 ) ) ;
#491 = CIRCLE ( 'NONE', #1511, 24.99999999999991118 ) ;
#492 = AXIS2_PLACEMENT_3D ( 'NONE', #122, #100, #2036 ) ;
#493 = CARTESIAN_POINT ( 'NONE',  ( 1319.022742753138800, -18.50395558263060636, 29.70865102607869090 ) ) ;
#494 = CARTESIAN_POINT ( 'NONE',  ( 1335.609120089023918, 32.53439896192137581, 12.90421774064129679 ) ) ;
#495 = CC_DESIGN_DATE_AND_TIME_ASSIGNMENT ( #344, #1321, ( #1477 ) ) ;
#496 = CARTESIAN_POINT ( 'NONE',  ( 1314.728641740540070, 10.19013382194510164, 33.50006410999909434 ) ) ;
#497 = EDGE_CURVE ( 'NONE', #1938, #650, #1445, .T. ) ;
#498 = CARTESIAN_POINT ( 'NONE',  ( 1313.082662491753354, -2.579443974901443504, -34.92887930251880135 ) ) ;
#499 = CARTESIAN_POINT ( 'NONE',  ( 1343.614749763567033, 34.98974573631576135, 10.60564070968506734 ) ) ;
#500 = CARTESIAN_POINT ( 'NONE',  ( 1332.634007885654228, -26.03789940300796957, -31.07716610786009070 ) ) ;
#501 = CARTESIAN_POINT ( 'NONE',  ( 1315.783714059422437, 12.79642371143863322, 32.57750122847171070 ) ) ;
#502 = VERTEX_POINT ( 'NONE', #517 ) ;
#503 = DIRECTION ( 'NONE',  ( 0.000000000000000000, 0.000000000000000000, 1.000000000000000000 ) ) ;
#504 = CARTESIAN_POINT ( 'NONE',  ( 1317.669470073006096, -16.41374349043915615, 30.91478488022072213 ) ) ;
#505 = CARTESIAN_POINT ( 'NONE',  ( 1333.431030489679188, 31.35971333763231428, 15.54247051059677887 ) ) ;
#506 = CARTESIAN_POINT ( 'NONE',  ( 1329.712401690001343, 22.17983310264926189, -35.44505252519216754 ) ) ;
#507 = CARTESIAN_POINT ( 'NONE',  ( 1341.383860026812499, 33.65626466126780514, 15.97153421175235444 ) ) ;
#508 = CARTESIAN_POINT ( 'NONE',  ( 1341.065928436239801, 34.94720683804889916, 1.922516825920769890 ) ) ;
#509 = CARTESIAN_POINT ( 'NONE',  ( 1339.168840377257084, 34.18750901758092908, -7.497621335404548226 ) ) ;
#510 = CARTESIAN_POINT ( 'NONE',  ( 1337.832038774266948, 33.60299378343231069, 9.789815168317176131 ) ) ;
#511 = CARTESIAN_POINT ( 'NONE',  ( 1327.119331802943407, -17.67987474971635464, 39.19945069362327672 ) ) ;
#512 = CARTESIAN_POINT ( 'NONE',  ( 1331.578785474390997, 24.75301238813406357, -32.67484444197186377 ) ) ;
#513 = CARTESIAN_POINT ( 'NONE',  ( 1341.417467491489560, 33.67782811176405744, 15.90037147931571937 ) ) ;
#514 = CARTESIAN_POINT ( 'NONE',  ( 1336.489773166083523, -32.97299460568806495, -11.74083518479180555 ) ) ;
#515 = CARTESIAN_POINT ( 'NONE',  ( 1341.118752811800050, 34.96724521555859866, 1.537873553715240149 ) ) ;
#516 = CARTESIAN_POINT ( 'NONE',  ( 1338.587212560060379, 33.93980215682679358, -8.568066721425367405 ) ) ;
#517 = CARTESIAN_POINT ( 'NONE',  ( 1338.000000000000000, 3.367778697655219099E-14, 50.00000000000000000 ) ) ;
#518 = AXIS2_PLACEMENT_3D ( 'NONE', #388, #1048, #66 ) ;
#519 = CARTESIAN_POINT ( 'NONE',  ( 1344.757088063729725, -35.59769934754727672, 6.708567131321887089 ) ) ;
#520 = CARTESIAN_POINT ( 'NONE',  ( 1323.140622913440893, 3.418183484248701554, -44.80467552116633101 ) ) ;
#521 = CARTESIAN_POINT ( 'NONE',  ( 1329.772901131751496, 22.27018666987211759, -35.35622127109110835 ) ) ;
#522 = CARTESIAN_POINT ( 'NONE',  ( 1337.024935977920904, -33.22922144054208360, -10.99206551974850044 ) ) ;
#523 = CARTESIAN_POINT ( 'NONE',  ( 1313.441236957001820, 5.172104534078785676, 34.61834580144731888 ) ) ;
#524 = ORIENTED_EDGE ( 'NONE', *, *, #1154, .F. ) ;
#525 = CARTESIAN_POINT ( 'NONE',  ( 1337.637918902591537, 33.51476070834444698, -10.08872051568707207 ) ) ;
#526 = CARTESIAN_POINT ( 'NONE',  ( 1334.443711250010665, -28.22139650151488866, 20.87463819094309514 ) ) ;
#527 = LINE ( 'NONE', #1858, #552 ) ;
#528 = LINE ( 'NONE', #1019, #1033 ) ;
#529 = CARTESIAN_POINT ( 'NONE',  ( 1340.276051758207586, -32.91842589844591771, 18.21634526485578931 ) ) ;
#530 = CARTESIAN_POINT ( 'NONE',  ( 1326.566477776291549, 16.51084115024979582, -39.98829818418645488 ) ) ;
#531 = CARTESIAN_POINT ( 'NONE',  ( 1363.000000000000000, 2.775557561562889773E-14, 0.000000000000000000 ) ) ;
#532 = CARTESIAN_POINT ( 'NONE',  ( 1328.490823817545333, 20.22712135776934161, 37.22576352777836206 ) ) ;
#533 = CARTESIAN_POINT ( 'NONE',  ( 1328.826546010946458, 28.38808937317189418, -20.47233695333826020 ) ) ;
#534 = CARTESIAN_POINT ( 'NONE',  ( 1316.146648605860037, -13.60034836123969981, 32.25919995796940043 ) ) ;
#535 = DIRECTION ( 'NONE',  ( 0.000000000000000000, 0.000000000000000000, 1.000000000000000000 ) ) ;
#536 = EDGE_CURVE ( 'NONE', #620, #644, #527, .T. ) ;
#537 = CARTESIAN_POINT ( 'NONE',  ( 1342.050374603533328, -34.07511839649504992, 14.51765950897171997 ) ) ;
#538 = CARTESIAN_POINT ( 'NONE',  ( 1329.813311901331645, 22.33036154102909876, -35.29686644925266847 ) ) ;
#539 = EDGE_CURVE ( 'NONE', #568, #487, #1178, .T. ) ;
#540 = CARTESIAN_POINT ( 'NONE',  ( 1339.154873003039484, -34.18158222319375739, -7.524595472895705406 ) ) ;
#541 = CARTESIAN_POINT ( 'NONE',  ( 1326.210282832216535, 26.33573835832416066, 23.05275225059614286 ) ) ;
#542 = CARTESIAN_POINT ( 'NONE',  ( 1363.000000000000000, 3.061616997868379335E-14, -55.00000000000000000 ) ) ;
#543 = CARTESIAN_POINT ( 'NONE',  ( 1315.216999747630098, 11.45164559598491572, -33.07355680346777405 ) ) ;
#544 = CARTESIAN_POINT ( 'NONE',  ( 1328.921150584392080, 28.45683920523460131, -20.37675365334033017 ) ) ;
#545 = CARTESIAN_POINT ( 'NONE',  ( 1323.660428097899739, -7.724875050035183044, 34.22408048514922285 ) ) ;
#546 = CARTESIAN_POINT ( 'NONE',  ( 1340.409581690463483, 34.69335669351259810, 4.622920310819148781 ) ) ;
#547 = CARTESIAN_POINT ( 'NONE',  ( 1340.921503306630029, 34.89215373501819784, 2.745470402657830267 ) ) ;
#548 = CARTESIAN_POINT ( 'NONE',  ( 1345.365660514459933, -35.90318745181770765, -3.370892231084820168 ) ) ;
#549 = CARTESIAN_POINT ( 'NONE',  ( 1317.733019488970285, -16.51804101434397154, -30.85837956491303302 ) ) ;
#550 = APPROVAL_PERSON_ORGANIZATION ( #216, #230, #865 ) ;
#551 = CARTESIAN_POINT ( 'NONE',  ( 1341.979894336539701, -34.03170195145958843, 14.67604664551029003 ) ) ;
#552 = VECTOR ( 'NONE', #1513, 1000.000000000000000 ) ;
#553 = CYLINDRICAL_SURFACE ( 'NONE', #1479, 35.00000000000000000 ) ;
#554 = CARTESIAN_POINT ( 'NONE',  ( 1340.921500876160053, 34.89215376540519742, 2.745470016466529994 ) ) ;
#555 = CARTESIAN_POINT ( 'NONE',  ( 1327.758486812538194, 27.58765509987638609, 21.54049230552388394 ) ) ;
#556 = CARTESIAN_POINT ( 'NONE',  ( 1337.311689960817830, -33.36391965764905621, 10.57586643346549771 ) ) ;
#557 = CARTESIAN_POINT ( 'NONE',  ( 1313.108086938309953, 2.772938826130180168, -34.90658618126749957 ) ) ;
#558 = CARTESIAN_POINT ( 'NONE',  ( 1313.280878377257523, 4.116366265384557188, -34.75711617389370645 ) ) ;
#559 = PERSON_AND_ORGANIZATION_ROLE ( 'design_owner' ) ;
#560 = CARTESIAN_POINT ( 'NONE',  ( 1329.045299004789740, -21.15651160780650031, 36.42149648309150223 ) ) ;
#561 = CARTESIAN_POINT ( 'NONE',  ( 1341.205505282310014, 34.99999449436439392, 4.526576339885460640E-11 ) ) ;
#562 = CARTESIAN_POINT ( 'NONE',  ( 1345.538516122212968, -35.98749916138182670, -1.378170065273313316 ) ) ;
#563 = CARTESIAN_POINT ( 'NONE',  ( 1344.475437667935694, 35.45202054921873724, -7.825173860065224751 ) ) ;
#564 = CARTESIAN_POINT ( 'NONE',  ( 1344.915674659726164, 35.68064567335864012, 6.130383970442710329 ) ) ;
#565 = CARTESIAN_POINT ( 'NONE',  ( 1341.173955295209907, 34.98810336907559559, 0.9133749789293329480 ) ) ;
#566 = CARTESIAN_POINT ( 'NONE',  ( 1323.121803782149527, 3.462004600638561858, -34.85636020223188325 ) ) ;
#567 = B_SPLINE_CURVE_WITH_KNOTS ( 'NONE', 3,
 ( #1613, #643, #1937, #1779 ),
 .UNSPECIFIED., .F., .F.,
 ( 4, 4 ),
 ( 0.000000000000000000, 1.000000000000000000 ),
 .UNSPECIFIED. ) ;
#568 = VERTEX_POINT ( 'NONE', #561 ) ;
#569 = CARTESIAN_POINT ( 'NONE',  ( 1327.002508407980258, -17.50755439131489766, 39.36886845861990025 ) ) ;
#570 = CARTESIAN_POINT ( 'NONE',  ( 1325.160156752396233, 25.41972247272035546, -24.05904785145316893 ) ) ;
#571 = CARTESIAN_POINT ( 'NONE',  ( 1341.043603762079783, 33.44167518374399606, -16.70474816745760194 ) ) ;
#572 = CARTESIAN_POINT ( 'NONE',  ( 1324.749663367214453, -25.04961652988224330, 24.44952572991844164 ) ) ;
#573 = CARTESIAN_POINT ( 'NONE',  ( 1340.680556682763608, 33.19612548993570300, -17.42388113361918300 ) ) ;
#574 = CARTESIAN_POINT ( 'NONE',  ( 1340.732084264818241, -34.81928100169454865, -3.567171442801967185 ) ) ;
#575 = CARTESIAN_POINT ( 'NONE',  ( 1341.205530093800235, -34.99999326632480035, -9.350335731962170276E-11 ) ) ;
#576 = CARTESIAN_POINT ( 'NONE',  ( 1324.256539805179955, 9.981156235001430233, -43.24832786922330286 ) ) ;
#577 = CARTESIAN_POINT ( 'NONE',  ( 1332.061483859359441, 25.35366782598278945, 31.94705208062371327 ) ) ;
#578 = CARTESIAN_POINT ( 'NONE',  ( 1340.646638475094733, -33.17118260020026810, -17.48529665030451952 ) ) ;
#579 = CARTESIAN_POINT ( 'NONE',  ( 1324.733077307113717, 25.03497925162599813, -24.46535024972454053 ) ) ;
#580 = EDGE_CURVE ( 'NONE', #1818, #325, #1686, .T. ) ;
#581 = CARTESIAN_POINT ( 'NONE',  ( 1330.848646397805624, -29.78299207269535387, -18.38449435050286596 ) ) ;
#582 = CARTESIAN_POINT ( 'NONE',  ( 1325.490173084749813, 25.72750123763719898, -23.74763437915470021 ) ) ;
#583 = CARTESIAN_POINT ( 'NONE',  ( 1336.645326103089928, -33.05345262670459761, 11.54880600884109931 ) ) ;
#584 = CARTESIAN_POINT ( 'NONE',  ( 1338.050802098264285, 31.26687099156820437, -22.30848808827617447 ) ) ;
#585 = CARTESIAN_POINT ( 'NONE',  ( 1343.482321868281588, 34.99047182833908920, 1.014253997572134747 ) ) ;
#586 = CARTESIAN_POINT ( 'NONE',  ( 1332.507262638063139, 30.81988849236894623, -16.58717860240441766 ) ) ;
#587 = CARTESIAN_POINT ( 'NONE',  ( 1341.069917348452464, -34.94871953912453222, 1.894345186126157765 ) ) ;
#588 = CARTESIAN_POINT ( 'NONE',  ( 1323.571771642610656, -7.172290512887815161, -34.32801034422318054 ) ) ;
#589 = DIRECTION ( 'NONE',  ( 0.000000000000000000, 0.000000000000000000, -1.000000000000000000 ) ) ;
#590 = CARTESIAN_POINT ( 'NONE',  ( 1326.871940551410717, 17.20742961110678593, 39.55486371862594552 ) ) ;
#591 = CARTESIAN_POINT ( 'NONE',  ( 1325.469756809173759, 25.69624196456359755, -23.76400766737877746 ) ) ;
#592 = CARTESIAN_POINT ( 'NONE',  ( 1335.083040044999962, 28.69311281771329902, 27.27792393397120208 ) ) ;
#593 = CARTESIAN_POINT ( 'NONE',  ( 1331.243702571718131, -30.03804307302052834, -17.96429846425857946 ) ) ;
#594 = CARTESIAN_POINT ( 'NONE',  ( 1340.297634310499916, 34.64991040426249924, -5.003116211968360538 ) ) ;
#595 = CARTESIAN_POINT ( 'NONE',  ( 1345.487199958839710, -35.96255786345960104, -2.166558810882860175 ) ) ;
#596 = CARTESIAN_POINT ( 'NONE',  ( 1322.118578636257553, -22.39266701294017281, -26.90167583442387667 ) ) ;
#597 = CARTESIAN_POINT ( 'NONE',  ( 1331.310128661500585, -30.08168836615436348, 17.89339375472188820 ) ) ;
#598 = CARTESIAN_POINT ( 'NONE',  ( 1316.525595242699865, 14.35541925686069575, 31.92582024879802560 ) ) ;
#599 = CARTESIAN_POINT ( 'NONE',  ( 1331.660601996254854, 30.30218988370650735, -17.51598619242248134 ) ) ;
#600 = CARTESIAN_POINT ( 'NONE',  ( 1336.986953068430921, -33.21257901551494029, 11.05244009064837307 ) ) ;
#601 = CARTESIAN_POINT ( 'NONE',  ( 1341.898235341969894, -34.07278450360210087, -8.081250626338265519 ) ) ;
#602 = CARTESIAN_POINT ( 'NONE',  ( 1313.508989147233706, 5.543829461878327258, -34.55964605203334372 ) ) ;
#603 = CARTESIAN_POINT ( 'NONE',  ( 1323.001063026195425, 0.3149964599299081014, -44.99850795927495284 ) ) ;
#604 = CARTESIAN_POINT ( 'NONE',  ( 1332.751987443638654, -26.17412540633319296, 30.89671089914241975 ) ) ;
#605 = CARTESIAN_POINT ( 'NONE',  ( 1336.894749957992644, -30.30723068287229793, -24.28629007824756414 ) ) ;
#606 = CARTESIAN_POINT ( 'NONE',  ( 1325.310396381114742, 25.55447615467550548, -23.91599523139087680 ) ) ;
#607 = CARTESIAN_POINT ( 'NONE',  ( 1327.252166905750073, 18.37238550865039599, 29.98469362418257944 ) ) ;
#608 = CARTESIAN_POINT ( 'NONE',  ( 1334.180709673244792, -31.77976173633002688, -14.66649306426017318 ) ) ;
#609 = CARTESIAN_POINT ( 'NONE',  ( 1339.756692901289853, 32.57061225277529815, -19.25506351119049953 ) ) ;
#610 = CARTESIAN_POINT ( 'NONE',  ( 1340.877647197899705, -34.87550092062389950, 2.998540644361360030 ) ) ;
#611 = CARTESIAN_POINT ( 'NONE',  ( 1327.975579608566022, -27.75355971222351315, 21.32463962312324668 ) ) ;
#612 = CARTESIAN_POINT ( 'NONE',  ( 1319.573236565367097, 19.27440513493698759, 29.21468155531843180 ) ) ;
#613 = CARTESIAN_POINT ( 'NONE',  ( 1335.077638528058515, 32.25996058481666040, -13.57586334076732726 ) ) ;
#614 = CARTESIAN_POINT ( 'NONE',  ( 1332.767145515997754, -30.97435274144423900, 16.29691663565321136 ) ) ;
#615 = CARTESIAN_POINT ( 'NONE',  ( 1330.213206215340051, -22.93185988333179992, -34.71047595765980276 ) ) ;
#616 = CC_DESIGN_DATE_AND_TIME_ASSIGNMENT ( #1832, #673, ( #778 ) ) ;
#617 = CARTESIAN_POINT ( 'NONE',  ( 1323.010030554342848, 0.8967238031270863274, -44.98606073065291611 ) ) ;
#618 = CARTESIAN_POINT ( 'NONE',  ( 1335.619529405847061, -29.16098531076169564, 26.38984348873507457 ) ) ;
#619 = CARTESIAN_POINT ( 'NONE',  ( 1340.655182260234824, -33.17693890829117720, -17.46822529191241458 ) ) ;
#620 = VERTEX_POINT ( 'NONE', #1168 ) ;
#621 = CARTESIAN_POINT ( 'NONE',  ( 1329.395767178280039, 21.70893405152259703, -35.91001010814170513 ) ) ;
#622 = CARTESIAN_POINT ( 'NONE',  ( 1326.878924158570044, 17.21210130619839873, 39.54403409444849871 ) ) ;
#623 = CARTESIAN_POINT ( 'NONE',  ( 1345.112177285740245, -35.77770803589039872, 5.039275001818590560 ) ) ;
#624 = CARTESIAN_POINT ( 'NONE',  ( 1314.338073126943073, -8.936630981442494459, 33.83988819091318589 ) ) ;
#625 = CARTESIAN_POINT ( 'NONE',  ( 1317.160259641255379, 15.53515489712765785, 31.36571873739568872 ) ) ;
#626 = CARTESIAN_POINT ( 'NONE',  ( 1334.405152618248167, -31.90380767780431981, 14.40156352682445906 ) ) ;
#627 = CARTESIAN_POINT ( 'NONE',  ( 1325.069676113010473, -13.18162638973849887, -32.57181746818268664 ) ) ;
#628 = CARTESIAN_POINT ( 'NONE',  ( 1334.384949411826938, 27.95047774849532729, 28.36251134392342976 ) ) ;
#629 = DIRECTION ( 'NONE',  ( 1.000000000000000000, 0.000000000000000000, 0.000000000000000000 ) ) ;
#630 = CARTESIAN_POINT ( 'NONE',  ( 1335.307798323760380, -28.86512145253825068, -26.89320154720295974 ) ) ;
#631 = EDGE_LOOP ( 'NONE', ( #1303, #1508, #1258, #967, #806 ) ) ;
#632 = CARTESIAN_POINT ( 'NONE',  ( 1315.435869850810150, 12.01611927060309881, -32.88234867540889894 ) ) ;
#633 = CARTESIAN_POINT ( 'NONE',  ( 1324.196278526549804, 10.19392245074860703, 33.59650355004207967 ) ) ;
#634 = CARTESIAN_POINT ( 'NONE',  ( 1332.405598215207647, -30.75889263825871822, -16.70005883621468357 ) ) ;
#635 = CARTESIAN_POINT ( 'NONE',  ( 1314.637239209702102, -9.878082279078636674, 33.57949021802510714 ) ) ;
#636 = CARTESIAN_POINT ( 'NONE',  ( 1337.879527972286269, 33.62447352585206062, 9.715700665101355327 ) ) ;
#637 = CARTESIAN_POINT ( 'NONE',  ( 1316.647350939001626, -14.58070234942775834, -31.81832276323959263 ) ) ;
#638 = CARTESIAN_POINT ( 'NONE',  ( 1322.996888209900590, -0.5879999397148218954, 35.00367373944897764 ) ) ;
#639 = CARTESIAN_POINT ( 'NONE',  ( 1335.450236935699877, -29.02742238502820271, -26.67788148295639772 ) ) ;
#640 = CARTESIAN_POINT ( 'NONE',  ( 1339.785089863662506, 32.57416538759641611, 19.15979493539692768 ) ) ;
#641 = FACE_OUTER_BOUND ( 'NONE', #831, .T. ) ;
#642 = CARTESIAN_POINT ( 'NONE',  ( 1324.181504223507773, -9.674990992650194244, 43.35325747558321297 ) ) ;
#643 = CARTESIAN_POINT ( 'NONE',  ( 1345.564383758689246, 35.99999008730542016, 1.170850699169170284 ) ) ;
#644 = VERTEX_POINT ( 'NONE', #1346 ) ;
#645 = CARTESIAN_POINT ( 'NONE',  ( 1325.908998664548790, 15.45368293145248373, 31.58263426106951144 ) ) ;
#646 = CARTESIAN_POINT ( 'NONE',  ( 1314.360174038366267, -9.009119839284025488, 33.82066181779123326 ) ) ;
#647 = CARTESIAN_POINT ( 'NONE',  ( 1330.880326401452521, 29.80352163382234565, 18.35081577364535477 ) ) ;
#648 = CARTESIAN_POINT ( 'NONE',  ( 1339.775528570130064, -34.43974932035420267, -6.258794929277909702 ) ) ;
#649 = FACE_OUTER_BOUND ( 'NONE', #1023, .T. ) ;
#650 = VERTEX_POINT ( 'NONE', #1992 ) ;
#651 = DIRECTION ( 'NONE',  ( 0.000000000000000000, 0.000000000000000000, -1.000000000000000000 ) ) ;
#652 = CARTESIAN_POINT ( 'NONE',  ( 1333.876088971599984, -31.62711008682810032, 15.05756779001810131 ) ) ;
#653 = ADVANCED_FACE ( 'NONE', ( #1176 ), #92, .F. ) ;
#654 = CARTESIAN_POINT ( 'NONE',  ( 1319.570978799509021, -19.27428745689830691, 29.21689969462915215 ) ) ;
#655 = CARTESIAN_POINT ( 'NONE',  ( 1331.039440229095590, 29.90676907004850804, 18.18200112645994437 ) ) ;
#656 = CARTESIAN_POINT ( 'NONE',  ( 1316.460033364530545, -14.21642783038863023, -31.98333507166199041 ) ) ;
#657 = CARTESIAN_POINT ( 'NONE',  ( 1323.043826017820265, 2.181347374812219631, 34.94827047130523567 ) ) ;
#658 = CARTESIAN_POINT ( 'NONE',  ( 1330.936843572165117, -23.91591753711165325, -33.63517823041989629 ) ) ;
#659 = ORIENTED_EDGE ( 'NONE', *, *, #750, .T. ) ;
#660 = LOCAL_TIME ( 10, 56, 47.00000000000000000, #876 ) ;
#661 = CARTESIAN_POINT ( 'NONE',  ( 1318.590872801118394, 17.86908476958929981, -30.09478533133252043 ) ) ;
#662 = CARTESIAN_POINT ( 'NONE',  ( 1363.000000000000000, 3.061616997868379335E-14, -50.00000000000000000 ) ) ;
#663 = CIRCLE ( 'NONE', #1541, 55.00000000000000000 ) ;
#664 = AXIS2_PLACEMENT_3D ( 'NONE', #2023, #405, #1658 ) ;
#665 = CARTESIAN_POINT ( 'NONE',  ( 1320.332444060534954, -20.28079350245952384, 28.53040200790823633 ) ) ;
#666 = CARTESIAN_POINT ( 'NONE',  ( 1329.619574949264461, 28.95332819615625297, 19.66506138852367869 ) ) ;
#667 = CARTESIAN_POINT ( 'NONE',  ( 1315.123648230619210, -11.21344749382669725, -33.15511036130271094 ) ) ;
#668 = CARTESIAN_POINT ( 'NONE',  ( 1322.999899361399912, 0.7930930013328437722, 35.00011739466751237 ) ) ;
#669 = CARTESIAN_POINT ( 'NONE',  ( 1328.374322700981566, 20.06056060386966777, -37.39686006655016826 ) ) ;
#670 = CARTESIAN_POINT ( 'NONE',  ( 1342.440212460891871, 34.31306711387019703, 13.62987197219633373 ) ) ;
#671 = DIRECTION ( 'NONE',  ( 0.000000000000000000, 1.000000000000000000, 0.000000000000000000 ) ) ;
#672 = CARTESIAN_POINT ( 'NONE',  ( 1315.196597878035618, 11.40001680956791397, -33.09138875490511822 ) ) ;
#673 = DATE_TIME_ROLE ( 'creation_date' ) ;
#674 = CARTESIAN_POINT ( 'NONE',  ( 1339.433299202720718, 34.29838378921043329, -6.975970971680267141 ) ) ;
#675 = CARTESIAN_POINT ( 'NONE',  ( 1329.593212001787379, 22.02448882927324192, 35.62261504769772813 ) ) ;
#676 = CARTESIAN_POINT ( 'NONE',  ( 1335.745048505882778, 32.60333902879285972, 12.72879947647672694 ) ) ;
#677 = CYLINDRICAL_SURFACE ( 'NONE', #13, 55.00000000000000000 ) ;
#678 = CARTESIAN_POINT ( 'NONE',  ( 1330.812577011053691, -23.74868664915481631, 33.82017577272044662 ) ) ;
#679 = CARTESIAN_POINT ( 'NONE',  ( 1337.800568897821222, 31.06445484356043707, -22.74233987193331075 ) ) ;
#680 = CARTESIAN_POINT ( 'NONE',  ( 1334.593998969345876, -32.00366379357030411, -14.17002246864519499 ) ) ;
#681 = ORIENTED_EDGE ( 'NONE', *, *, #1293, .T. ) ;
#682 = CARTESIAN_POINT ( 'NONE',  ( 1339.228985033728577, 34.21284050630156059, -7.381347620981960844 ) ) ;
#683 = CARTESIAN_POINT ( 'NONE',  ( 1340.042033293464328, 34.54736282053997343, 5.624475509026749087 ) ) ;
#684 = CARTESIAN_POINT ( 'NONE',  ( 1338.000000000000000, 3.367778697655219099E-14, -50.00000000000000000 ) ) ;
#685 = CARTESIAN_POINT ( 'NONE',  ( 1340.257053174947714, -32.90530200553220652, 18.25335196292025586 ) ) ;
#686 = EDGE_CURVE ( 'NONE', #214, #1792, #663, .T. ) ;
#687 = CARTESIAN_POINT ( 'NONE',  ( 1326.498756055758804, 16.36030338837020537, -40.08466548185792533 ) ) ;
#688 = CARTESIAN_POINT ( 'NONE',  ( 1340.086868210141347, 32.78714398131812402, 18.58363487421325999 ) ) ;
#689 = CARTESIAN_POINT ( 'NONE',  ( 1313.652717644836457, 6.263132610873696215, 34.43506238403485042 ) ) ;
#690 = DIRECTION ( 'NONE',  ( 0.000000000000000000, 0.000000000000000000, 1.000000000000000000 ) ) ;
#691 = CARTESIAN_POINT ( 'NONE',  ( 1314.075037374319209, 8.021445556122390741, -34.06856378166565236 ) ) ;
#692 = CARTESIAN_POINT ( 'NONE',  ( 1340.670904390536180, 34.79554567967451817, -3.777955496310822614 ) ) ;
#693 = CARTESIAN_POINT ( 'NONE',  ( 1328.776714422069972, -28.37655826725469765, 20.53613151816989912 ) ) ;
#694 = CARTESIAN_POINT ( 'NONE',  ( 1339.057401879205145, 34.14076592715230873, 7.712898820820124790 ) ) ;
#695 = CARTESIAN_POINT ( 'NONE',  ( 1363.000000000000000, 2.775557561562889773E-14, 0.000000000000000000 ) ) ;
#696 = VECTOR ( 'NONE', #1281, 1000.000000000000000 ) ;
#697 = CARTESIAN_POINT ( 'NONE',  ( 1340.654380807682628, -33.17879658341105653, 17.47674936728096284 ) ) ;
#698 = VERTEX_POINT ( 'NONE', #31 ) ;
#699 = CARTESIAN_POINT ( 'NONE',  ( 1328.798808270301606, 28.36787295878363580, -20.50033630746207791 ) ) ;
#700 = CARTESIAN_POINT ( 'NONE',  ( 1363.000000000000000, -34.99999999999997868, 4.286263797015736496E-15 ) ) ;
#701 = CARTESIAN_POINT ( 'NONE',  ( 40.00000000000000000, 55.00000000000000000, 0.000000000000000000 ) ) ;
#702 = CARTESIAN_POINT ( 'NONE',  ( 1345.565518001236569, -36.00053943275398183, -0.6635502128420619483 ) ) ;
#703 = CARTESIAN_POINT ( 'NONE',  ( 1326.521285380236350, 16.41050655634450450, -40.05261004218630205 ) ) ;
#704 = CARTESIAN_POINT ( 'NONE',  ( 1313.852982397133246, -7.155777395974373789, -34.26136787917415205 ) ) ;
#705 = CARTESIAN_POINT ( 'NONE',  ( 1340.142083813339241, -34.58744527438096128, -5.366780869457311809 ) ) ;
#706 = CARTESIAN_POINT ( 'NONE',  ( 1317.652534944964373, 16.38155386862501572, 30.92967879571383705 ) ) ;
#707 = DIRECTION ( 'NONE',  ( 1.000000000000000000, 2.036359179429850012E-17, 0.000000000000000000 ) ) ;
#708 = CARTESIAN_POINT ( 'NONE',  ( 1323.010175080340105, 1.246217123734179921, -44.98586795293389429 ) ) ;
#709 = CARTESIAN_POINT ( 'NONE',  ( 1332.310073803402474, 25.65547955463199870, 31.57054007262329876 ) ) ;
#710 = CARTESIAN_POINT ( 'NONE',  ( 1331.283261983206785, 30.06339390734477846, -17.92184049819536540 ) ) ;
#711 = CARTESIAN_POINT ( 'NONE',  ( 1326.211151003259602, -16.20865408358718796, 31.22610836233087284 ) ) ;
#712 = PRODUCT_RELATED_PRODUCT_CATEGORY ( 'detail', '', ( #971 ) ) ;
#713 = CARTESIAN_POINT ( 'NONE',  ( 1363.000000000000000, 3.061616997868379335E-14, -50.00000000000000000 ) ) ;
#714 = CARTESIAN_POINT ( 'NONE',  ( 1323.016665345639467, -1.247147056361731732, 44.97681965310606955 ) ) ;
#715 = CARTESIAN_POINT ( 'NONE',  ( 1339.817302758436426, -32.59793038973888457, 19.10052265819758333 ) ) ;
#716 = CARTESIAN_POINT ( 'NONE',  ( 1345.284121534793940, 35.86290368495600234, -3.924269925355014177 ) ) ;
#717 = CARTESIAN_POINT ( 'NONE',  ( 1.119997548686417519E-15, -55.00000000000000000, 6.735557395310442615E-15 ) ) ;
#718 = CARTESIAN_POINT ( 'NONE',  ( 1327.552704923630017, 27.42756804141131965, 21.74375804044857219 ) ) ;
#719 = CARTESIAN_POINT ( 'NONE',  ( 1340.731874829491517, -34.81918606764936897, 3.554650471437059700 ) ) ;
#720 = CARTESIAN_POINT ( 'NONE',  ( 1323.086469550650008, 2.852165649733899855, -44.87989651877249742 ) ) ;
#721 = CARTESIAN_POINT ( 'NONE',  ( 1313.423503787726077, 5.068335549619990665, -34.63367601685096986 ) ) ;
#722 = CARTESIAN_POINT ( 'NONE',  ( 1335.621371537650020, -29.18731707489060057, 26.40359766621839555 ) ) ;
#723 = B_SPLINE_CURVE_WITH_KNOTS ( 'NONE', 3,
 ( #1574, #111, #454, #1738, #771, #603, #2057, #1098, #280, #617, #1269, #1915, #1111, #520, #331, #362, #1343, #1979, #1973, #827, #1489, #53, #687, #703, #530, #1348, #1181, #1838, #669, #374, #1996, #506, #521, #538, #1317, #1846, #1813, #200, #386, #1637, #512, #1506, #350, #1001, #173, #1650, #1478, #1805, #190, #1332, #1828, #15, #993, #1645, #363, #1011, #837, #679, #584, #1556, #232, #239, #395, #95, #1679, #1358, #1238, #880, #1227, #729, #573, #1370, #2007, #1057, #2016, #1719, #1874, #737, #1218, #412, #1036, #1697, #1884, #890, #871, #1068, #563, #1207, #1708, #250, #902, #65, #1868, #716, #747, #427, #1078, #1545, #222, #1386 ),
 .UNSPECIFIED., .F., .F.,
 ( 4, 2, 1, 1, 1, 2, 2, 1, 1, 2, 2, 2, 1, 2, 2, 1, 1, 1, 2, 2, 1, 2, 2, 1, 1, 2, 2, 2, 1, 1, 2, 2, 2, 2, 2, 2, 1, 2, 2, 2, 2, 1, 1, 2, 2, 2, 1, 1, 2, 2, 2, 2, 1, 1, 1, 2, 2, 2, 1, 1, 2, 4 ),
 ( 0.7469127173392990926, 0.7471598728887727248, 0.7474070284382462459, 0.7479013395371933992, 0.7488899617350877058, 0.7498785839329820124, 0.7503728950319291657, 0.7508672061308763190, 0.7548216949224535455, 0.7627306725056082204, 0.7785486276719172372, 0.8101845380045356038, 0.8121617824003243280, 0.8124089379497974051, 0.8126560934992703711, 0.8131504045982155260, 0.8141390267961059468, 0.8180935155876684073, 0.8260024931707935503, 0.8418204483370427260, 0.8428090705349329248, 0.8433033816338784128, 0.8437976927328240118, 0.8457749371286082951, 0.8497294259201759736, 0.8576384035033113307, 0.8586270257012038609, 0.8596156478990963912, 0.8615928922948813407, 0.8655473810864524609, 0.8734563586695947013, 0.8813653362527369417, 0.8892743138358790711, 0.8971832914190213115, 0.9050922690021635519, 0.9070695133979496116, 0.9090467577937357824, 0.9130012465853092340, 0.9209102241684560264, 0.9214045352674034017, 0.9218988463663508881, 0.9228874685642456388, 0.9248647129600342520, 0.9288192017516102572, 0.9367281793347622676, 0.9377168015326567962, 0.9387054237305513249, 0.9406826681263394940, 0.9446371569179158323, 0.9525461345010683978, 0.9683640896673728626, 0.9688584007663197939, 0.9693527118652667252, 0.9703413340631612538, 0.9723185784589504221, 0.9762730672505287588, 0.9841820448336848770, 0.9851706670315794057, 0.9861592892294739343, 0.9881365336252634357, 0.9920910224168422165, 1.000000000000000000 ),
 .UNSPECIFIED. ) ;
#724 = CARTESIAN_POINT ( 'NONE',  ( 1326.487020817699204, -26.56857928908095801, -22.78547401410646955 ) ) ;
#725 = CARTESIAN_POINT ( 'NONE',  ( 1345.564360845250121, 35.99999433704519447, 6.717798539668250544E-10 ) ) ;
#726 = CARTESIAN_POINT ( 'NONE',  ( 1318.473151928844800, -17.69103587091310459, -30.19982877104121144 ) ) ;
#727 = CARTESIAN_POINT ( 'NONE',  ( 1329.979307306211240, -29.20421805432534157, 19.29575019528321533 ) ) ;
#728 = CARTESIAN_POINT ( 'NONE',  ( 1337.130413367302708, -30.51148012282366295, 23.89214049972243359 ) ) ;
#729 = CARTESIAN_POINT ( 'NONE',  ( 1340.217256291169633, 32.87828559218784363, -18.33241894495519020 ) ) ;
#730 = CARTESIAN_POINT ( 'NONE',  ( 1340.953506113159847, 34.90440460457250538, 2.589729824520699886 ) ) ;
#731 = CARTESIAN_POINT ( 'NONE',  ( 1335.611203224558949, -32.53560321143512368, 12.90167526445169521 ) ) ;
#732 = CARTESIAN_POINT ( 'NONE',  ( 1316.791215968650022, -14.87365275395310071, -31.69188163108769984 ) ) ;
#733 = CARTESIAN_POINT ( 'NONE',  ( 1327.577836813995873, 27.44652397329416971, -21.71838791048305239 ) ) ;
#734 = CARTESIAN_POINT ( 'NONE',  ( 1339.699414280000155, 34.41044500555339880, -6.477859771285809920 ) ) ;
#735 = CARTESIAN_POINT ( 'NONE',  ( 1320.432111166636560, -20.40073017488301588, -28.43974513227292533 ) ) ;
#736 = CARTESIAN_POINT ( 'NONE',  ( 1328.014242135881886, -27.78305640680633459, 21.28621915356877992 ) ) ;
#737 = CARTESIAN_POINT ( 'NONE',  ( 1342.031446814031369, 34.06389169532275218, -14.56310299751818960 ) ) ;
#738 = DIRECTION ( 'NONE',  ( 1.000000000000000000, 2.036359179429850012E-17, 0.000000000000000000 ) ) ;
#739 = CARTESIAN_POINT ( 'NONE',  ( 1337.304545107841250, -33.36059112874900734, 10.58635990986597442 ) ) ;
#740 = CARTESIAN_POINT ( 'NONE',  ( 1333.752915545044743, 27.28775403859456006, 29.35225913797307129 ) ) ;
#741 = CARTESIAN_POINT ( 'NONE',  ( 1335.140206420313007, -28.70343345119353629, -27.16226552838591246 ) ) ;
#742 = CARTESIAN_POINT ( 'NONE',  ( 1329.762294708021045, -29.05245023588122777, -19.51823716027701039 ) ) ;
#743 = CARTESIAN_POINT ( 'NONE',  ( 1333.945866126620103, 31.66587302353149980, -14.97616050870369975 ) ) ;
#744 = CARTESIAN_POINT ( 'NONE',  ( 1343.607516333489912, -34.98838585562240411, 10.67099335021450024 ) ) ;
#745 = CARTESIAN_POINT ( 'NONE',  ( 1329.148147795619934, -28.62022570181550307, 20.14653070179392813 ) ) ;
#746 =( BOUNDED_SURFACE ( )  B_SPLINE_SURFACE ( 3, 2, ( 
 ( #554, #1069, #1546 ),
 ( #730, #1219, #1359 ),
 ( #1208, #1378, #903 ),
 ( #406, #2024, #1349 ),
 ( #96, #585, #1839 ),
 ( #78, #881, #748 ),
 ( #2008, #1387, #1862 ) ),
 .UNSPECIFIED., .F., .F., .F. ) 
 B_SPLINE_SURFACE_WITH_KNOTS ( ( 4, 1, 1, 1, 4 ),
 ( 3, 3 ),
 ( 0.3072034260743550238, 0.3078034327659059932, 0.3084034394574580173, 0.3096034528405610109, 0.3107246328400224966 ),
 ( 0.000000000000000000, 1.000000000000000000 ),
 .UNSPECIFIED. ) 
 GEOMETRIC_REPRESENTATION_ITEM ( )  RATIONAL_B_SPLINE_SURFACE ( (
 ( 1.000000000000000000, 0.9732579738450560791, 1.000000000000000000),
 ( 1.000000000000000000, 0.9734193142815390498, 1.000000000000000000),
 ( 1.000000000000000000, 0.9737161837496489669, 1.000000000000000000),
 ( 1.000000000000000000, 0.9741967891077109032, 1.000000000000000000),
 ( 1.000000000000000000, 0.9745805279982630021, 1.000000000000000000),
 ( 1.000000000000000000, 0.9746793745788490115, 1.000000000000000000),
 ( 1.000000000000000000, 0.9746793430266880165, 1.000000000000000000) ) ) 
 REPRESENTATION_ITEM ( '' )  SURFACE ( )  );
#747 = CARTESIAN_POINT ( 'NONE',  ( 1345.321849622242780, 35.88153152253581624, -3.655042960632704396 ) ) ;
#748 = CARTESIAN_POINT ( 'NONE',  ( 1345.564366313926030, 35.99999679507590145, 0.3738573064102129750 ) ) ;
#749 = CARTESIAN_POINT ( 'NONE',  ( 1336.836084008580883, 33.14088381267436745, -11.26590077320907035 ) ) ;
#750 = EDGE_CURVE ( 'NONE', #650, #1938, #1814, .T. ) ;
#751 = CARTESIAN_POINT ( 'NONE',  ( 1341.187778864820075, -34.99335779720728823, 0.8043174063281987030 ) ) ;
#752 = CARTESIAN_POINT ( 'NONE',  ( 1323.041891906150568, -2.140008572729608538, -34.95055204124642501 ) ) ;
#753 = CARTESIAN_POINT ( 'NONE',  ( 1313.043357181734791, 1.650827916334336676, -34.96260853373601662 ) ) ;
#754 = CARTESIAN_POINT ( 'NONE',  ( 1336.125659085191728, 29.62737489522456968, 25.56352609609868054 ) ) ;
#755 = LINE ( 'NONE', #803, #696 ) ;
#756 = CARTESIAN_POINT ( 'NONE',  ( 1324.019613339678472, -9.000549955399891999, 43.57956238386928050 ) ) ;
#757 = CARTESIAN_POINT ( 'NONE',  ( 1338.745422880562046, -31.80748523292288610, -21.07600948366590643 ) ) ;
#758 = CARTESIAN_POINT ( 'NONE',  ( 1316.047681438320069, 13.40756048595429917, -32.34634484884900729 ) ) ;
#759 = CARTESIAN_POINT ( 'NONE',  ( 1335.616860361220461, 29.34594805137700035, 19.23857585472767084 ) ) ;
#760 = CARTESIAN_POINT ( 'NONE',  ( 1330.301451739051345, -29.42154805480050328, -18.96016536582479262 ) ) ;
#761 = CARTESIAN_POINT ( 'NONE',  ( 1333.987390622330167, 27.54952223665809896, -28.99139076384350133 ) ) ;
#762 = CARTESIAN_POINT ( 'NONE',  ( 1320.583154359834225, -20.58997883685937325, -28.30288035920086998 ) ) ;
#763 = CARTESIAN_POINT ( 'NONE',  ( 1330.378655074061726, -29.47200502942111555, 18.87858822309303264 ) ) ;
#764 = CARTESIAN_POINT ( 'NONE',  ( 1315.998250011647997, 13.26414051769130431, 32.38924131604066758 ) ) ;
#765 = CIRCLE ( 'NONE', #1951, 24.99999999999991118 ) ;
#766 = CARTESIAN_POINT ( 'NONE',  ( 1332.593356943796834, 30.87131842581706564, -16.49133068343285657 ) ) ;
#767 = CARTESIAN_POINT ( 'NONE',  ( 1335.121461113657460, -32.28280622889237605, 13.52111533599263460 ) ) ;
#768 = APPROVAL_DATE_TIME ( #1850, #1628 ) ;
#769 = CARTESIAN_POINT ( 'NONE',  ( 1334.593899009479856, -28.40797268989009439, -20.69096998370572393 ) ) ;
#770 = AXIS2_PLACEMENT_3D ( 'NONE', #1668, #1985, #348 ) ;
#771 = CARTESIAN_POINT ( 'NONE',  ( 1323.000265692553739, 0.1574767110426207317, -44.99962092355364973 ) ) ;
#772 = CARTESIAN_POINT ( 'NONE',  ( 1338.868645290500126, -31.90110434108050441, -20.85385548661816202 ) ) ;
#773 = EDGE_LOOP ( 'NONE', ( #1917, #1351, #2067, #1194 ) ) ;
#774 = CARTESIAN_POINT ( 'NONE',  ( 1326.548424710528707, 16.92401082874119567, 30.82443970405990896 ) ) ;
#775 = CARTESIAN_POINT ( 'NONE',  ( 1332.465008820557387, -30.79457502787914080, -16.63412867914716742 ) ) ;
#776 = CARTESIAN_POINT ( 'NONE',  ( 1341.211716678060156, 35.00236097311530159, -0.9952992965046999485 ) ) ;
#777 = CARTESIAN_POINT ( 'NONE',  ( 1330.364599965772641, -29.46258858154763516, 18.89327704894602888 ) ) ;
#778 = PRODUCT_DEFINITION ( '�', '', #1198, #932 ) ;
#779 = CARTESIAN_POINT ( 'NONE',  ( 1321.525323723268230, 21.72024480532606461, 27.44520454330586645 ) ) ;
#780 = CARTESIAN_POINT ( 'NONE',  ( 1333.584261373255458, 31.44745347920940759, -15.36634504564620229 ) ) ;
#781 = CARTESIAN_POINT ( 'NONE',  ( 1332.954211850614229, -31.08434982260995838, 16.08638466276322632 ) ) ;
#782 = CARTESIAN_POINT ( 'NONE',  ( 1334.485247644049878, -31.95199745259900226, -14.31625560270099839 ) ) ;
#783 = CARTESIAN_POINT ( 'NONE',  ( 1363.000000000000000, 3.061616997868379335E-14, -55.00000000000000000 ) ) ;
#784 = CARTESIAN_POINT ( 'NONE',  ( 1334.366047854794033, -27.93046671868183140, 28.39197529349919691 ) ) ;
#785 = CARTESIAN_POINT ( 'NONE',  ( 1323.141079773378806, 23.47940575167377020, -25.95660235193534859 ) ) ;
#786 = CARTESIAN_POINT ( 'NONE',  ( 1329.264818380850784, 21.85866405010841973, 27.54668952030400675 ) ) ;
#787 = CARTESIAN_POINT ( 'NONE',  ( 1335.892020737390339, 29.61207249368412420, -18.85629833854529380 ) ) ;
#788 = CARTESIAN_POINT ( 'NONE',  ( 1343.369528309430507, -34.92830086769719600, 2.338024240163452117 ) ) ;
#789 = CARTESIAN_POINT ( 'NONE',  ( 1321.356608411608704, -21.52449148056671646, 27.59936894573771227 ) ) ;
#790 = CARTESIAN_POINT ( 'NONE',  ( 1316.007311879147892, 13.28354796376154034, 32.38128583213122624 ) ) ;
#791 = DIRECTION ( 'NONE',  ( 1.000000000000000000, 0.000000000000000000, 0.000000000000000000 ) ) ;
#792 = CARTESIAN_POINT ( 'NONE',  ( 1332.784588902611631, -30.98464756287896193, 16.27733861167277496 ) ) ;
#793 = CARTESIAN_POINT ( 'NONE',  ( 1328.562796169620015, -28.22110509655520261, -20.74946337563269694 ) ) ;
#794 = CARTESIAN_POINT ( 'NONE',  ( 1325.684916459785654, 14.41288125714303625, 41.23903357613598075 ) ) ;
#795 = CARTESIAN_POINT ( 'NONE',  ( 1336.644385881525295, -30.08976169941753298, -24.70519030296124185 ) ) ;
#796 = ORIENTED_EDGE ( 'NONE', *, *, #539, .T. ) ;
#797 = CARTESIAN_POINT ( 'NONE',  ( 1332.521193503261202, 26.20406646998688771, 23.45132441143779545 ) ) ;
#798 = CARTESIAN_POINT ( 'NONE',  ( 1330.540891195123777, -29.58093609398157398, -18.70917467734502893 ) ) ;
#799 = CARTESIAN_POINT ( 'NONE',  ( 1342.144268753809229, -34.22410083222612087, 7.471109564731691854 ) ) ;
#800 = CARTESIAN_POINT ( 'NONE',  ( 1313.496513157996105, -5.467882528260983754, 34.57040336344350351 ) ) ;
#801 = CARTESIAN_POINT ( 'NONE',  ( 1334.873278402128790, 32.15290884448435094, 13.82954383684016975 ) ) ;
#802 = CARTESIAN_POINT ( 'NONE',  ( 1326.994697948070097, -17.44177179400790223, -39.37826586014760011 ) ) ;
#803 = CARTESIAN_POINT ( 'NONE',  ( 1363.000000000000000, 35.00000000000002842, 0.000000000000000000 ) ) ;
#804 = CARTESIAN_POINT ( 'NONE',  ( 1333.037227777150065, -26.50169250033316715, 30.45981870027395289 ) ) ;
#805 = CARTESIAN_POINT ( 'NONE',  ( 1331.811351733993661, -25.05071448028670744, -32.32593024411868754 ) ) ;
#806 = ORIENTED_EDGE ( 'NONE', *, *, #1179, .F. ) ;
#807 = CARTESIAN_POINT ( 'NONE',  ( 1330.227327610210068, 29.39248790511379994, 19.05333889556870020 ) ) ;
#808 = CARTESIAN_POINT ( 'NONE',  ( 1313.228334624874378, -3.927943305625403170, 34.80265779647660906 ) ) ;
#809 = CARTESIAN_POINT ( 'NONE',  ( 1336.168015857582759, 32.81713379597509572, 12.18052966776045132 ) ) ;
#810 = CARTESIAN_POINT ( 'NONE',  ( 1339.098964752360416, -32.21655228238341806, -13.87174868404580508 ) ) ;
#811 = CARTESIAN_POINT ( 'NONE',  ( 1323.000000008426696, -2.721903640072008024, -45.00011692049270806 ) ) ;
#812 = ORIENTED_EDGE ( 'NONE', *, *, #536, .T. ) ;
#813 = EDGE_CURVE ( 'NONE', #469, #698, #357, .T. ) ;
#814 = CARTESIAN_POINT ( 'NONE',  ( 40.00000000000000000, 8.145436717719419770E-16, 0.000000000000000000 ) ) ;
#815 = CARTESIAN_POINT ( 'NONE',  ( 1323.158115526918664, -23.50103772195199170, -25.94129786340678123 ) ) ;
#816 = CARTESIAN_POINT ( 'NONE',  ( 1319.031743303163012, -18.51688858979112950, 29.70059108351086152 ) ) ;
#817 = CARTESIAN_POINT ( 'NONE',  ( 1330.373165823053569, 29.46910798297760081, 18.88475260833970637 ) ) ;
#818 = CARTESIAN_POINT ( 'NONE',  ( 1344.976237738060036, -35.70948993670430127, -5.745581005431169785 ) ) ;
#819 = CARTESIAN_POINT ( 'NONE',  ( 1339.040726773628876, -34.13328751300701924, -7.741216192544829511 ) ) ;
#820 = CARTESIAN_POINT ( 'NONE',  ( 1329.128735832343864, -21.27763514340396611, -36.29872761401036030 ) ) ;
#821 = ORIENTED_EDGE ( 'NONE', *, *, #201, .F. ) ;
#822 = CARTESIAN_POINT ( 'NONE',  ( 1341.080770832868893, 34.95283461586425489, -1.816884885242044279 ) ) ;
#823 = CARTESIAN_POINT ( 'NONE',  ( 1321.932917478497302, -22.18496243739278739, 27.07207664890355758 ) ) ;
#824 = CARTESIAN_POINT ( 'NONE',  ( 1328.632486158592883, 28.24597721141088513, 20.66796505381291382 ) ) ;
#825 = PERSON ( '未', '未', '未', ('未'), ('未'), ('未') ) ;
#826 = CARTESIAN_POINT ( 'NONE',  ( 1343.283238863439692, -34.88040301332900128, -2.976057835137349006 ) ) ;
#827 = CARTESIAN_POINT ( 'NONE',  ( 1326.396407918550949, 16.13101506419368647, -40.23025399918893896 ) ) ;
#828 = CARTESIAN_POINT ( 'NONE',  ( 1344.390601188217033, 35.40749905808930009, 8.131016830119971672 ) ) ;
#829 = CARTESIAN_POINT ( 'NONE',  ( 1339.143144347989846, -34.17663034108841202, -7.547052848573883921 ) ) ;
#830 = CARTESIAN_POINT ( 'NONE',  ( 1325.923756833601146, -15.01179596502798042, -40.90094171334879292 ) ) ;
#831 = EDGE_LOOP ( 'NONE', ( #1614, #2079 ) ) ;
#832 = CC_DESIGN_APPROVAL ( #230, ( #1198 ) ) ;
#833 = CARTESIAN_POINT ( 'NONE',  ( 1340.636053300713684, 34.78199327709848632, -3.900390899093819197 ) ) ;
#834 = CIRCLE ( 'NONE', #859, 40.00000000000003553 ) ;
#835 = CARTESIAN_POINT ( 'NONE',  ( 1335.734680495675775, 32.59809428644110341, 12.74222511302709471 ) ) ;
#836 = CC_DESIGN_PERSON_AND_ORGANIZATION_ASSIGNMENT ( #1683, #1509, ( #1477 ) ) ;
#837 = CARTESIAN_POINT ( 'NONE',  ( 1337.633056354449536, 30.92781681083409850, -23.03147637715994733 ) ) ;
#838 = CARTESIAN_POINT ( 'NONE',  ( 1344.527295456174897, 35.47902973417440364, 7.629532621117840918 ) ) ;
#839 = EDGE_LOOP ( 'NONE', ( #457, #986, #812, #1771 ) ) ;
#840 = CARTESIAN_POINT ( 'NONE',  ( 1344.872566252210163, 35.65740221141030020, 6.278676581811669877 ) ) ;
#841 = DIRECTION ( 'NONE',  ( 1.000000000000000000, 0.000000000000000000, 0.000000000000000000 ) ) ;
#842 = CARTESIAN_POINT ( 'NONE',  ( 1336.371280441971749, -29.84835183958497851, 25.15867196666220806 ) ) ;
#843 = ORIENTED_EDGE ( 'NONE', *, *, #867, .T. ) ;
#844 = CARTESIAN_POINT ( 'NONE',  ( 1315.592268902677688, 12.36538494874504757, -32.74529354319177799 ) ) ;
#845 = CARTESIAN_POINT ( 'NONE',  ( 1340.785461120833361, 34.83992654733724237, -3.350554206412883040 ) ) ;
#846 = CARTESIAN_POINT ( 'NONE',  ( 1320.556623755980127, -20.56883072981189997, 28.32783059796000202 ) ) ;
#847 = CARTESIAN_POINT ( 'NONE',  ( 1327.016429843687774, -27.00133769960996943, -22.26985013942457314 ) ) ;
#848 = CARTESIAN_POINT ( 'NONE',  ( 1343.280196163519122, 34.87856517581180782, 2.939247620996162436 ) ) ;
#849 = CARTESIAN_POINT ( 'NONE',  ( 40.00000000000000000, -35.00000000000000000, 4.286263797015738074E-15 ) ) ;
#850 = CARTESIAN_POINT ( 'NONE',  ( 1343.505962504310901, -34.93359844948492565, 10.96107559459431791 ) ) ;
#851 = CARTESIAN_POINT ( 'NONE',  ( 1313.721669663247667, -6.597144320162484199, -34.37533028241521293 ) ) ;
#852 = CARTESIAN_POINT ( 'NONE',  ( 1340.921503306630029, 34.89215373501819784, 2.745470402657830267 ) ) ;
#853 = SECURITY_CLASSIFICATION_LEVEL ( 'unclassified' ) ;
#854 = CARTESIAN_POINT ( 'NONE',  ( 1328.799100926714118, 28.36808635659222588, -20.50004093031127539 ) ) ;
#855 = CARTESIAN_POINT ( 'NONE',  ( 1313.209030599329935, -3.593502972850210142, 34.81927584466340164 ) ) ;
#856 = CARTESIAN_POINT ( 'NONE',  ( 1325.879967183448116, -26.05782824635429762, -23.37217390475940704 ) ) ;
#857 = CARTESIAN_POINT ( 'NONE',  ( 1313.002088096540319, -0.7313925561350269611, 34.99820800463592718 ) ) ;
#858 = CARTESIAN_POINT ( 'NONE',  ( 1338.602573581112892, 33.94621834148659190, 8.542662674094145814 ) ) ;
#859 = AXIS2_PLACEMENT_3D ( 'NONE', #1601, #1925, #629 ) ;
#860 = CARTESIAN_POINT ( 'NONE',  ( 1344.994718273461785, -35.71850403721014544, -5.619331464760466410 ) ) ;
#861 = PLANE ( 'NONE',  #1620 ) ;
#862 = CARTESIAN_POINT ( 'NONE',  ( 1318.757644182975582, 18.11954815354180326, 29.94593130451423235 ) ) ;
#863 = PLANE ( 'NONE',  #997 ) ;
#864 = CARTESIAN_POINT ( 'NONE',  ( 1323.860430033840203, -8.294148971889100608, -43.80200826407610037 ) ) ;
#865 = APPROVAL_ROLE ( '' ) ;
#866 = CARTESIAN_POINT ( 'NONE',  ( 1327.728279339233723, 27.56355926008273372, -21.56979984582784482 ) ) ;
#867 = EDGE_CURVE ( 'NONE', #568, #325, #1205, .T. ) ;
#868 = CARTESIAN_POINT ( 'NONE',  ( 1325.114055548030137, -12.84262852391800003, 42.04447958566269961 ) ) ;
#869 = DIRECTION ( 'NONE',  ( -1.000000000000000000, -2.036359179429850012E-17, 0.000000000000000000 ) ) ;
#870 = CARTESIAN_POINT ( 'NONE',  ( 1344.783192933180771, -35.61107496017623930, 6.597480854360465941 ) ) ;
#871 = CARTESIAN_POINT ( 'NONE',  ( 1344.352803868200226, 35.38760062430108633, -8.265039028330058102 ) ) ;
#872 = CARTESIAN_POINT ( 'NONE',  ( 1340.635678204112310, -34.78175951423845902, -3.902474807922677869 ) ) ;
#873 = CARTESIAN_POINT ( 'NONE',  ( 1326.243287468577364, 26.36359620285064764, 23.02087893573358812 ) ) ;
#874 = CARTESIAN_POINT ( 'NONE',  ( 40.00000000000000000, 55.00000000000000000, 0.000000000000000000 ) ) ;
#875 = CARTESIAN_POINT ( 'NONE',  ( 1312.995083940819995, -0.05500920872854459659, -35.00424844465620566 ) ) ;
#876 = COORDINATED_UNIVERSAL_TIME_OFFSET ( 8, 0, .AHEAD. ) ;
#877 = CARTESIAN_POINT ( 'NONE',  ( 1323.075584345649986, -2.685996807296761268, 34.91084018842911973 ) ) ;
#878 = CARTESIAN_POINT ( 'NONE',  ( 1339.853157827328232, 34.47097262746726187, 6.069992174678272789 ) ) ;
#879 = CARTESIAN_POINT ( 'NONE',  ( 1345.533856765829569, -35.98524472860054146, 1.471938375550239986 ) ) ;
#880 = CARTESIAN_POINT ( 'NONE',  ( 1339.700061736406496, 32.51354125126625405, -19.32055273530820116 ) ) ;
#881 = CARTESIAN_POINT ( 'NONE',  ( 1343.499612714365867, 34.99999195309162303, 0.3301333338404128792 ) ) ;
#882 = CARTESIAN_POINT ( 'NONE',  ( 1326.072344498042412, 26.21880046236496753, 23.18582400021763590 ) ) ;
#883 = CARTESIAN_POINT ( 'NONE',  ( 1341.205530093800235, -34.99999326632480035, -9.350335731962170276E-11 ) ) ;
#884 = CARTESIAN_POINT ( 'NONE',  ( 1323.281333296519961, -4.862068168348300468, -44.60900724892000113 ) ) ;
#885 = CARTESIAN_POINT ( 'NONE',  ( 1338.360149090090090, -31.53129734215479729, 21.78979335569869846 ) ) ;
#886 = CARTESIAN_POINT ( 'NONE',  ( 1331.477949580509858, 24.90742631275058372, -24.78021208306711287 ) ) ;
#887 = CARTESIAN_POINT ( 'NONE',  ( 1325.874616554664044, -26.04954794216171976, 23.37614859156447977 ) ) ;
#888 = CARTESIAN_POINT ( 'NONE',  ( 1323.586959636505071, -6.966636495237524151, 44.18363458599670679 ) ) ;
#889 = AXIS2_PLACEMENT_3D ( 'NONE', #713, #1356, #841 ) ;
#890 = CARTESIAN_POINT ( 'NONE',  ( 1344.327690673276948, 35.37435604968656122, -8.353161134647409725 ) ) ;
#891 = CARTESIAN_POINT ( 'NONE',  ( 1341.036231139131360, -34.93590432509635946, -2.118728482275066494 ) ) ;
#892 = CARTESIAN_POINT ( 'NONE',  ( 1340.803866642751700, -34.84700881385602145, 3.275784066374992864 ) ) ;
#893 = CARTESIAN_POINT ( 'NONE',  ( 1315.366032649189947, -11.86570357109479978, -32.94361759255649957 ) ) ;
#894 = CARTESIAN_POINT ( 'NONE',  ( 1343.947001157483555, -35.17079814556948492, -9.603343404706492947 ) ) ;
#895 = CARTESIAN_POINT ( 'NONE',  ( 1325.609630478511008, 25.81911138951488027, -23.63024598247094232 ) ) ;
#896 = CARTESIAN_POINT ( 'NONE',  ( 1324.817864522329955, 11.94871440554879882, 42.46122956798540571 ) ) ;
#897 = CARTESIAN_POINT ( 'NONE',  ( 1331.066406102329893, 24.10504677265049978, -33.44488707328870447 ) ) ;
#898 = CARTESIAN_POINT ( 'NONE',  ( 1345.302117758320037, -35.87194380407029826, 3.855266542750329872 ) ) ;
#899 = CARTESIAN_POINT ( 'NONE',  ( 1322.628269244518606, -22.94292485643214619, -26.43162157391532574 ) ) ;
#900 = CARTESIAN_POINT ( 'NONE',  ( 1330.966270534556315, -29.85975569163227306, 18.25966507882932888 ) ) ;
#901 = CARTESIAN_POINT ( 'NONE',  ( 1323.138632314234428, -3.358703159368695790, 44.80729799557021664 ) ) ;
#902 = CARTESIAN_POINT ( 'NONE',  ( 1345.126206530086392, 35.78465103897118382, -4.961866150907352058 ) ) ;
#903 = CARTESIAN_POINT ( 'NONE',  ( 1345.410040018020027, 35.92485223958860274, 2.926995316177740225 ) ) ;
#904 = CARTESIAN_POINT ( 'NONE',  ( 1332.889776268741116, 31.04690678018996763, -16.15935571593061226 ) ) ;
#905 = CARTESIAN_POINT ( 'NONE',  ( 1337.383506066718610, -33.39731865387333443, 10.47002843511189418 ) ) ;
#906 = CARTESIAN_POINT ( 'NONE',  ( 1323.013732745879906, -1.352685641262610039, -44.98092674473500097 ) ) ;
#907 = CARTESIAN_POINT ( 'NONE',  ( 1325.382514509004068, 13.59875345356928911, 41.66598154403003917 ) ) ;
#908 = CARTESIAN_POINT ( 'NONE',  ( 1334.635284079738312, -28.20462192186974804, -27.96688227838724572 ) ) ;
#909 = CARTESIAN_POINT ( 'NONE',  ( 1326.088451811920095, 15.44577924686740111, -40.66837242617259562 ) ) ;
#910 = CARTESIAN_POINT ( 'NONE',  ( 1327.952938104659779, 19.67783309929270175, -29.14221665397900907 ) ) ;
#911 = CARTESIAN_POINT ( 'NONE',  ( 1325.642809492677088, -25.84798241453345469, 23.59837283996192880 ) ) ;
#912 = CARTESIAN_POINT ( 'NONE',  ( 1336.486536625860936, 32.97309967188542146, -11.74997063411648668 ) ) ;
#913 = CARTESIAN_POINT ( 'NONE',  ( 1337.629983720307791, -33.51113812903882661, 10.10153722874323989 ) ) ;
#914 = CARTESIAN_POINT ( 'NONE',  ( 1318.801602141969852, -18.20752295429770129, -29.90759931139490035 ) ) ;
#915 = DIRECTION ( 'NONE',  ( 1.000000000000000000, 0.000000000000000000, 0.000000000000000000 ) ) ;
#916 = CARTESIAN_POINT ( 'NONE',  ( 1339.280987376804433, -32.20944459822769801, -20.10223421267192734 ) ) ;
#917 = CARTESIAN_POINT ( 'NONE',  ( 1327.563179093350072, 18.57963534690260232, -38.56477876580870401 ) ) ;
#918 = CARTESIAN_POINT ( 'NONE',  ( 1325.893749839477323, 26.06653853471487636, -23.35799052494167682 ) ) ;
#919 = EDGE_CURVE ( 'NONE', #176, #1004, #1581, .T. ) ;
#920 = CARTESIAN_POINT ( 'NONE',  ( 1341.613911417021200, 33.89924716702504526, 8.814121344399062252 ) ) ;
#921 = CARTESIAN_POINT ( 'NONE',  ( 1331.070839745757212, -29.92704737397377102, -18.14868205285220881 ) ) ;
#922 = CARTESIAN_POINT ( 'NONE',  ( 1327.999280208350001, 27.78326284297880022, -21.30590536092609710 ) ) ;
#923 = CARTESIAN_POINT ( 'NONE',  ( 1321.837057691491509, -22.07729396611900796, -27.16000236212171970 ) ) ;
#924 = CARTESIAN_POINT ( 'NONE',  ( 1329.222681560303272, -28.67342707672704094, 20.07077227589770274 ) ) ;
#925 = CARTESIAN_POINT ( 'NONE',  ( 1320.250550621333332, 20.17602343026983291, 28.60449426934238915 ) ) ;
#926 = AXIS2_PLACEMENT_3D ( 'NONE', #1302, #589, #90 ) ;
#927 = CARTESIAN_POINT ( 'NONE',  ( 1331.368977124061075, 30.11799987688726432, -17.82998266597660475 ) ) ;
#928 = CARTESIAN_POINT ( 'NONE',  ( 1333.304723750124140, -31.28757888069066340, 15.68774862593889985 ) ) ;
#929 = CARTESIAN_POINT ( 'NONE',  ( 1319.824574573020072, -19.63513549754980048, -28.98975417988739878 ) ) ;
#930 = CARTESIAN_POINT ( 'NONE',  ( 1325.115275388324108, 12.85261559518841779, 42.04287381732465434 ) ) ;
#931 = CARTESIAN_POINT ( 'NONE',  ( 1328.370058409068406, -20.05176683219853828, 37.40290054484758286 ) ) ;
#932 = DESIGN_CONTEXT ( 'detailed design', #203, 'design' ) ;
#933 = CARTESIAN_POINT ( 'NONE',  ( 1327.646733113637765, 27.50022721079395183, -21.65038057081665812 ) ) ;
#934 = CARTESIAN_POINT ( 'NONE',  ( 1330.067668523430029, 22.71479390660979902, 34.92411687807840082 ) ) ;
#935 = CARTESIAN_POINT ( 'NONE',  ( 1337.985455972710042, 33.67489141592109547, -9.568996448697999924 ) ) ;
#936 = CARTESIAN_POINT ( 'NONE',  ( 1340.640221607169906, -34.78388281267119453, 3.919436112525569893 ) ) ;
#937 = CARTESIAN_POINT ( 'NONE',  ( 1327.072778214259188, -27.05000154189885109, 22.21599506480774266 ) ) ;
#938 = CARTESIAN_POINT ( 'NONE',  ( 1321.607330292729330, 21.81454673171884195, 27.37019599816714788 ) ) ;
#939 = CARTESIAN_POINT ( 'NONE',  ( 1333.145122884005787, -31.19567759058648804, 15.87019739266026797 ) ) ;
#940 = CARTESIAN_POINT ( 'NONE',  ( 1341.380845817019235, -33.75302627483853257, -9.366541764492698263 ) ) ;
#941 = CARTESIAN_POINT ( 'NONE',  ( 1337.078311412794619, 30.46690210058458703, 23.97987347213897991 ) ) ;
#942 = CARTESIAN_POINT ( 'NONE',  ( 1325.364102419374376, 13.54767658455540769, 41.69195372221184215 ) ) ;
#943 = CARTESIAN_POINT ( 'NONE',  ( 1336.810652316432424, -30.23458652931897106, -24.42734296636927738 ) ) ;
#944 = EDGE_LOOP ( 'NONE', ( #225, #1801, #1631, #843 ) ) ;
#945 = CARTESIAN_POINT ( 'NONE',  ( 1316.738175324982649, 14.75407249369371776, -31.73826884616379118 ) ) ;
#946 = CARTESIAN_POINT ( 'NONE',  ( 1320.897134464689998, 20.99611204414419774, 28.01941808980379989 ) ) ;
#947 = CARTESIAN_POINT ( 'NONE',  ( 1328.792975008377198, -28.36359138281264336, -20.50625974559270048 ) ) ;
#948 = CARTESIAN_POINT ( 'NONE',  ( 1321.078325877352427, -21.19459683955144413, 27.85299479395816391 ) ) ;
#949 = CARTESIAN_POINT ( 'NONE',  ( 1328.584874506052756, 28.21089517830094806, 20.71583800008259857 ) ) ;
#950 = CARTESIAN_POINT ( 'NONE',  ( 1323.028433616990014, -1.746745190557369876, 34.96643440929531010 ) ) ;
#951 = CARTESIAN_POINT ( 'NONE',  ( 1333.090334103620080, -26.57380391703460276, -30.38191854803950065 ) ) ;
#952 = CARTESIAN_POINT ( 'NONE',  ( 1325.342682926799398, 13.48802762062027050, 41.72216450722803671 ) ) ;
#953 = CARTESIAN_POINT ( 'NONE',  ( 1330.676517677093443, -23.56268427513550279, 34.02223985739470891 ) ) ;
#954 = DIRECTION ( 'NONE',  ( 0.000000000000000000, 1.000000000000000000, 0.000000000000000000 ) ) ;
#955 = ORIENTED_EDGE ( 'NONE', *, *, #919, .T. ) ;
#956 = CARTESIAN_POINT ( 'NONE',  ( 1327.645390087750002, 18.73501845840620206, 38.44670004193349655 ) ) ;
#957 = CARTESIAN_POINT ( 'NONE',  ( 1315.592022676179340, -12.35874390501610165, 32.74542573268421108 ) ) ;
#958 = CARTESIAN_POINT ( 'NONE',  ( 1333.023431823750116, 31.12499038376671123, 16.00774714047472358 ) ) ;
#959 = CARTESIAN_POINT ( 'NONE',  ( 1316.702199111798336, -14.68566994957594751, -31.76997670463691747 ) ) ;
#960 = EDGE_CURVE ( 'NONE', #469, #2000, #1336, .T. ) ;
#961 = AXIS2_PLACEMENT_3D ( 'NONE', #1558, #1598, #791 ) ;
#962 = CARTESIAN_POINT ( 'NONE',  ( 1320.897715890700056, -20.99671540565590178, -28.01888279024470307 ) ) ;
#963 = CARTESIAN_POINT ( 'NONE',  ( 1313.000028064592016, 0.08064977889238628128, -34.99999960637044438 ) ) ;
#964 = CARTESIAN_POINT ( 'NONE',  ( 1343.268309924227879, 34.79479796045618656, 11.55072372579301643 ) ) ;
#965 = CARTESIAN_POINT ( 'NONE',  ( 1327.689794847438179, -18.79550611354319400, 38.38176426997486601 ) ) ;
#966 = CARTESIAN_POINT ( 'NONE',  ( 1326.007518592392444, -15.21729723386163791, -40.78227338314704298 ) ) ;
#967 = ORIENTED_EDGE ( 'NONE', *, *, #265, .T. ) ;
#968 = AXIS2_PLACEMENT_3D ( 'NONE', #662, #503, #1322 ) ;
#969 =( BOUNDED_CURVE ( )  B_SPLINE_CURVE ( 2, ( #547, #360, #1993 ),
 .UNSPECIFIED., .F., .F. ) 
 B_SPLINE_CURVE_WITH_KNOTS ( ( 3, 3 ),
 ( 5.356976679508810064E-07, 0.9999984983338129352 ),
 .UNSPECIFIED. ) 
 CURVE ( )  GEOMETRIC_REPRESENTATION_ITEM ( )  RATIONAL_B_SPLINE_CURVE ( ( 0.9999999713487330855, 0.9732580283282500355, 0.9999999196849279626 ) ) 
 REPRESENTATION_ITEM ( '' )  );
#970 = CARTESIAN_POINT ( 'NONE',  ( 1337.169544793666091, 33.29748578563184935, -10.78320589928346962 ) ) ;
#971 = PRODUCT ( 'Boom_Rod_Default_sldprt', 'Boom_Rod_Default_sldprt', '', ( #25 ) ) ;
#972 = CARTESIAN_POINT ( 'NONE',  ( 1338.581975466159520, -31.82076257046982803, 14.71842154926198631 ) ) ;
#973 = CARTESIAN_POINT ( 'NONE',  ( 1313.475898097578010, -5.352932040012952086, 34.58825843561650970 ) ) ;
#974 = CARTESIAN_POINT ( 'NONE',  ( 1334.294670863360579, 31.84360252292483295, 14.53438330130265932 ) ) ;
#975 = EDGE_CURVE ( 'NONE', #1295, #1818, #417, .T. ) ;
#976 = CARTESIAN_POINT ( 'NONE',  ( 1338.583040312874800, -33.93685007915715346, -8.565331850788300727 ) ) ;
#977 = CARTESIAN_POINT ( 'NONE',  ( 1329.302176533058173, -21.55311645795362807, -36.04579208429130688 ) ) ;
#978 = ORIENTED_EDGE ( 'NONE', *, *, #1966, .F. ) ;
#979 = CARTESIAN_POINT ( 'NONE',  ( 1320.623872842451874, 20.64064743118797907, -28.26595119258949751 ) ) ;
#980 = CARTESIAN_POINT ( 'NONE',  ( 1315.103269454548808, -11.17662829218984299, 33.17301996831444200 ) ) ;
#981 = CARTESIAN_POINT ( 'NONE',  ( 1337.260320689556011, 33.34041692766244580, 10.65280766183563976 ) ) ;
#982 = CARTESIAN_POINT ( 'NONE',  ( 1315.145539525533195, -11.26972995050073223, -33.13598617127000523 ) ) ;
#983 = CARTESIAN_POINT ( 'NONE',  ( 1323.937609328510007, 8.677331500548570276, 43.69432011896550705 ) ) ;
#984 = CARTESIAN_POINT ( 'NONE',  ( 1345.193383453330171, -35.81815389695680096, -4.569630311087140129 ) ) ;
#985 = CARTESIAN_POINT ( 'NONE',  ( 1324.455022362631553, -10.77731518170168634, -42.97099654543114866 ) ) ;
#986 = ORIENTED_EDGE ( 'NONE', *, *, #1293, .F. ) ;
#987 = CARTESIAN_POINT ( 'NONE',  ( 1317.218701252594883, 15.63889615811049971, -31.31403756843308983 ) ) ;
#988 = CARTESIAN_POINT ( 'NONE',  ( 1341.069176263888494, 34.94843280493117277, -1.899674406152759731 ) ) ;
#989 = CARTESIAN_POINT ( 'NONE',  ( 1339.700871177280078, -32.53074180359459433, 19.35973001573750096 ) ) ;
#990 = CARTESIAN_POINT ( 'NONE',  ( 1315.635220107441000, -12.45852658106108635, 32.70758976637780080 ) ) ;
#991 = CARTESIAN_POINT ( 'NONE',  ( 1332.564685994678712, 30.85514662943859676, 16.52342134768474935 ) ) ;
#992 = CARTESIAN_POINT ( 'NONE',  ( 1316.018427269632184, -13.31053346342730848, -32.37160277997239177 ) ) ;
#993 = CARTESIAN_POINT ( 'NONE',  ( 1336.133886909893363, 29.63802690254349059, -25.55247309515877419 ) ) ;
#994 = ORIENTED_EDGE ( 'NONE', *, *, #960, .T. ) ;
#995 = PERSON_AND_ORGANIZATION ( #825, #1744 ) ;
#996 = CARTESIAN_POINT ( 'NONE',  ( 1340.857490402150233, 34.86765208707049624, 3.056950400358189768 ) ) ;
#997 = AXIS2_PLACEMENT_3D ( 'NONE', #874, #1517, #1039 ) ;
#998 = CARTESIAN_POINT ( 'NONE',  ( 1323.000000751665766, -1.238309296350389171E-07, -44.99999723282781616 ) ) ;
#999 = CARTESIAN_POINT ( 'NONE',  ( 1326.754957579973279, -16.93224798479705839, 39.72025295681023493 ) ) ;
#1000 = CARTESIAN_POINT ( 'NONE',  ( 1313.972734692456470, -7.633651129161422411, -34.15741547917389909 ) ) ;
#1001 = CARTESIAN_POINT ( 'NONE',  ( 1331.821110020085598, 25.05779418622574894, -32.31016065289023231 ) ) ;
#1002 = CARTESIAN_POINT ( 'NONE',  ( 1342.819671396109015, 34.53627675875767267, 12.70119764000931717 ) ) ;
#1003 = CARTESIAN_POINT ( 'NONE',  ( 1337.146607396438640, -33.28654798337535681, -10.81692108075352898 ) ) ;
#1004 = VERTEX_POINT ( 'NONE', #717 ) ;
#1005 = CARTESIAN_POINT ( 'NONE',  ( 1314.299397141210193, 8.817651242828265623, -33.87359112776503878 ) ) ;
#1006 = APPROVAL_ROLE ( '' ) ;
#1007 = CARTESIAN_POINT ( 'NONE',  ( 1337.200489232533073, 33.31200025007644427, -10.73830815730915411 ) ) ;
#1008 = CARTESIAN_POINT ( 'NONE',  ( 1332.287644759790055, -25.66277173221600094, 31.61226108855090544 ) ) ;
#1009 = CARTESIAN_POINT ( 'NONE',  ( 1340.953506113159847, 34.90440460457250538, 2.589729824520699886 ) ) ;
#1010 = CARTESIAN_POINT ( 'NONE',  ( 1339.582075336005346, -32.42899097084396942, 19.54279580989929599 ) ) ;
#1011 = CARTESIAN_POINT ( 'NONE',  ( 1337.550228026330842, 30.85969224960614454, -23.17380359582636018 ) ) ;
#1012 = CARTESIAN_POINT ( 'NONE',  ( 1315.378984567628095, 11.85628728276545907, 32.93210123426883484 ) ) ;
#1013 = CARTESIAN_POINT ( 'NONE',  ( 40.00000000000000000, 8.145436717719419770E-16, 0.000000000000000000 ) ) ;
#1014 = COORDINATED_UNIVERSAL_TIME_OFFSET ( 8, 0, .AHEAD. ) ;
#1015 = CARTESIAN_POINT ( 'NONE',  ( 1328.981255161562103, 28.50028578914986355, -20.31591705628293454 ) ) ;
#1016 = CARTESIAN_POINT ( 'NONE',  ( 1323.245670592500346, -4.824536960589908219, 34.71062946739510835 ) ) ;
#1017 = CARTESIAN_POINT ( 'NONE',  ( 1323.531447228653406, -23.87937920660372271, -25.59400649216565071 ) ) ;
#1018 = CARTESIAN_POINT ( 'NONE',  ( 1343.415157713460530, 34.95349487161960411, 1.876114615672149766 ) ) ;
#1019 = CARTESIAN_POINT ( 'NONE',  ( 1363.000000000000000, -54.99999999999997158, 6.735557395310442615E-15 ) ) ;
#1020 = CARTESIAN_POINT ( 'NONE',  ( 1339.105622221949716, -32.08135462261937221, 20.42763897738902656 ) ) ;
#1021 = ADVANCED_FACE ( 'NONE', ( #1228 ), #746, .F. ) ;
#1022 = FACE_OUTER_BOUND ( 'NONE', #1344, .T. ) ;
#1023 = EDGE_LOOP ( 'NONE', ( #524, #1284, #659, #821, #1841, #1394, #2088, #1435 ) ) ;
#1024 = CARTESIAN_POINT ( 'NONE',  ( 1316.163125861477965, 13.62525307711186251, -32.24463211225977233 ) ) ;
#1025 = APPROVAL_DATE_TIME ( #184, #1742 ) ;
#1026 = CARTESIAN_POINT ( 'NONE',  ( 1328.390315228605459, 20.05417772889709127, 37.37124008059050340 ) ) ;
#1027 = CARTESIAN_POINT ( 'NONE',  ( 1328.044654737846940, 27.80642470818594347, -21.25603922805773394 ) ) ;
#1028 = CC_DESIGN_SECURITY_CLASSIFICATION ( #1477, ( #1198 ) ) ;
#1029 = CARTESIAN_POINT ( 'NONE',  ( 1323.908432123850162, -8.963973755110755448, 33.93362885543410812 ) ) ;
#1030 = VECTOR ( 'NONE', #1083, 1000.000000000000000 ) ;
#1031 = CARTESIAN_POINT ( 'NONE',  ( 1340.328886865555660, 34.66151265382731594, 4.856844293426679116 ) ) ;
#1032 = DIRECTION ( 'NONE',  ( 0.000000000000000000, 0.000000000000000000, -1.000000000000000000 ) ) ;
#1033 = VECTOR ( 'NONE', #1330, 1000.000000000000000 ) ;
#1034 = CARTESIAN_POINT ( 'NONE',  ( 1318.399745395259515, -17.57901000535116864, -30.26529398871554122 ) ) ;
#1035 = CARTESIAN_POINT ( 'NONE',  ( 1344.721217600268574, -35.57972955842141971, -6.894121918612990285 ) ) ;
#1036 = CARTESIAN_POINT ( 'NONE',  ( 1343.506536253500144, 34.93354558403314769, -10.95609511992424068 ) ) ;
#1037 = CARTESIAN_POINT ( 'NONE',  ( 1340.410271740095368, -34.69360885190852173, -4.623401781344081307 ) ) ;
#1038 = CARTESIAN_POINT ( 'NONE',  ( 1319.294774879729857, 18.89064692804489809, 29.46486206861948531 ) ) ;
#1039 = DIRECTION ( 'NONE',  ( -2.036359179429850012E-17, 1.000000000000000000, 0.000000000000000000 ) ) ;
#1040 = CARTESIAN_POINT ( 'NONE',  ( 1325.484584478600027, -13.91653284771260068, -41.52262482558440126 ) ) ;
#1041 = APPROVAL_STATUS ( 'not_yet_approved' ) ;
#1042 = CARTESIAN_POINT ( 'NONE',  ( 1328.042356544620361, -19.82692543226609061, 29.03355702197860921 ) ) ;
#1043 = CARTESIAN_POINT ( 'NONE',  ( 1324.956910446745496, -25.23566436794303769, -24.25220731112722561 ) ) ;
#1044 = CARTESIAN_POINT ( 'NONE',  ( 1341.205505282310014, 34.99999449436439392, 4.526576339885460640E-11 ) ) ;
#1045 = CARTESIAN_POINT ( 'NONE',  ( 1344.630835051681743, -35.53274426411507392, 7.228315280371957030 ) ) ;
#1046 = DIRECTION ( 'NONE',  ( 0.000000000000000000, 1.000000000000000000, 0.000000000000000000 ) ) ;
#1047 = CARTESIAN_POINT ( 'NONE',  ( 1313.922035820072779, -7.434647724056065776, -34.20142747971070918 ) ) ;
#1048 = DIRECTION ( 'NONE',  ( 1.000000000000000000, 2.036359179429850012E-17, 0.000000000000000000 ) ) ;
#1049 = CARTESIAN_POINT ( 'NONE',  ( 1322.392848321737574, 22.69524079648199333, 26.64959676480496142 ) ) ;
#1050 = CARTESIAN_POINT ( 'NONE',  ( 1341.168066117130138, 34.98588032995520081, 0.9940654526892731546 ) ) ;
#1051 = CARTESIAN_POINT ( 'NONE',  ( 1329.863823197690181, -22.76120877035629420, 26.80966180434150914 ) ) ;
#1052 = CARTESIAN_POINT ( 'NONE',  ( 1322.904700485460808, 23.23419693437312361, -26.17582457025283560 ) ) ;
#1053 = CARTESIAN_POINT ( 'NONE',  ( 1337.265235730299992, 33.34353092338540137, -10.65109180810789979 ) ) ;
#1054 = CARTESIAN_POINT ( 'NONE',  ( 1318.857953703677595, -18.27266167879529846, -29.85644729281865750 ) ) ;
#1055 = CARTESIAN_POINT ( 'NONE',  ( 1327.940748366595244, -27.72693903622799283, 21.35923384956256399 ) ) ;
#1056 = CARTESIAN_POINT ( 'NONE',  ( 1344.728098738413792, -35.58282924183798457, 6.830791276386356081 ) ) ;
#1057 = CARTESIAN_POINT ( 'NONE',  ( 1341.335565989465749, 33.62520713231003100, -16.07360059719668399 ) ) ;
#1058 = CARTESIAN_POINT ( 'NONE',  ( 1341.205629173264470, -34.99999999999822364, -0.6510227030070360188 ) ) ;
#1059 = CARTESIAN_POINT ( 'NONE',  ( 1339.260069483618736, -34.22588159607267499, 7.320459206835926658 ) ) ;
#1060 = CARTESIAN_POINT ( 'NONE',  ( 1313.265013641251699, 3.998753675805603258, -34.77084526162011713 ) ) ;
#1061 = CARTESIAN_POINT ( 'NONE',  ( 1344.230434996087524, -35.32302113153437517, -8.692756500282746046 ) ) ;
#1062 = CARTESIAN_POINT ( 'NONE',  ( 1325.275883530458714, 13.80126683047830660, -32.32949433284692731 ) ) ;
#1063 = ADVANCED_FACE ( 'NONE', ( #396, #1022 ), #861, .T. ) ;
#1064 = CARTESIAN_POINT ( 'NONE',  ( 1332.445291494450885, -30.78274296762472417, -16.65602264453791292 ) ) ;
#1065 = CARTESIAN_POINT ( 'NONE',  ( 1330.570109385879960, 29.60919366065419922, -18.68526786090649949 ) ) ;
#1066 = CARTESIAN_POINT ( 'NONE',  ( 1320.547388260645448, -20.54534059913278554, -28.33530127921631347 ) ) ;
#1067 = CARTESIAN_POINT ( 'NONE',  ( 1323.077571868383984, -2.495927310229983487, 44.89215828953578580 ) ) ;
#1068 = CARTESIAN_POINT ( 'NONE',  ( 1344.390190248499039, 35.40729238345052465, -8.132928000788364642 ) ) ;
#1069 = CARTESIAN_POINT ( 'NONE',  ( 1343.252347013371264, 34.86301214965161677, 3.115830549178638442 ) ) ;
#1070 = CARTESIAN_POINT ( 'NONE',  ( 1331.319106650046251, 30.08625511999260738, -17.88345071856193513 ) ) ;
#1071 = CARTESIAN_POINT ( 'NONE',  ( 1339.250393516615304, -34.22182006765117279, 7.339422680609454908 ) ) ;
#1072 = LINE ( 'NONE', #432, #1030 ) ;
#1073 = CARTESIAN_POINT ( 'NONE',  ( 1343.904439379670521, -35.14768596457616923, -9.734049098911603082 ) ) ;
#1074 = CARTESIAN_POINT ( 'NONE',  ( 1325.192549724853279, 25.44886751665463009, -24.02822330484249136 ) ) ;
#1075 = CARTESIAN_POINT ( 'NONE',  ( 1333.384658750323069, -31.33581437941451142, -15.59929238846832789 ) ) ;
#1076 = CARTESIAN_POINT ( 'NONE',  ( 1321.927221635429760, 22.19532209800230049, -27.07897674684819833 ) ) ;
#1077 = CARTESIAN_POINT ( 'NONE',  ( 1329.140804483812872, -28.61497126425069837, 20.15399267531843819 ) ) ;
#1078 = CARTESIAN_POINT ( 'NONE',  ( 1345.452991583132871, 35.94584056380831072, -2.491292014383595266 ) ) ;
#1079 = CARTESIAN_POINT ( 'NONE',  ( 1332.495627894169274, 30.81292386485655044, -16.60011250448824782 ) ) ;
#1080 = CARTESIAN_POINT ( 'NONE',  ( 1340.674649572306635, -34.79700242073186445, 3.764216931734876148 ) ) ;
#1081 = CARTESIAN_POINT ( 'NONE',  ( 1323.094122670469915, -2.958000172895180135, -44.86926339898719363 ) ) ;
#1082 = CARTESIAN_POINT ( 'NONE',  ( 1338.648446255470617, 31.73582476082055592, 21.25365702626653075 ) ) ;
#1083 = DIRECTION ( 'NONE',  ( 1.000000000000000000, 2.036359179429850012E-17, 0.000000000000000000 ) ) ;
#1084 = UNCERTAINTY_MEASURE_WITH_UNIT (LENGTH_MEASURE( 1.000000000000000082E-05 ), #150, 'distance_accuracy_value', 'NONE');
#1085 = CARTESIAN_POINT ( 'NONE',  ( 1324.341980701839475, 10.79236359078540808, -33.42586561761333996 ) ) ;
#1086 = CARTESIAN_POINT ( 'NONE',  ( 1325.164701628454623, 25.42381419179787727, -24.05472355038376620 ) ) ;
#1087 = CARTESIAN_POINT ( 'NONE',  ( 1328.103800056249838, 27.89608190611020078, 21.21616305975530281 ) ) ;
#1088 = CARTESIAN_POINT ( 'NONE',  ( 1331.488298760227281, -30.19433291462701163, -17.70265677431546081 ) ) ;
#1089 = CARTESIAN_POINT ( 'NONE',  ( 1337.282471357870236, 30.80775585668030914, -16.80587192876059177 ) ) ;
#1090 = CARTESIAN_POINT ( 'NONE',  ( 1330.358568537919382, -29.45854584783735675, 18.89957890442695643 ) ) ;
#1091 = CARTESIAN_POINT ( 'NONE',  ( 1321.041441458378358, 21.15313255699327044, 27.88682729898333790 ) ) ;
#1092 = SHAPE_DEFINITION_REPRESENTATION ( #1145, #339 ) ;
#1093 = CARTESIAN_POINT ( 'NONE',  ( 1331.126836657364038, 29.96348731035815760, -18.08924441639054237 ) ) ;
#1094 = CARTESIAN_POINT ( 'NONE',  ( 1335.111608163330175, -32.27765648231848417, 13.53339985870718643 ) ) ;
#1095 = CARTESIAN_POINT ( 'NONE',  ( 1327.641281713570152, -18.72773789584909920, -38.45262768607909720 ) ) ;
#1096 = CARTESIAN_POINT ( 'NONE',  ( 1313.337109837028265, 4.513097294742497212, -34.70845318606974672 ) ) ;
#1097 = CARTESIAN_POINT ( 'NONE',  ( 1338.013723902261063, 31.23660880360177217, 22.37240976510580737 ) ) ;
#1098 = CARTESIAN_POINT ( 'NONE',  ( 1323.006384194946122, 0.7202899700926185256, -44.99111671202403073 ) ) ;
#1099 = CARTESIAN_POINT ( 'NONE',  ( 1340.686182241272491, -33.19780350597824281, -17.40621638426495110 ) ) ;
#1100 = CARTESIAN_POINT ( 'NONE',  ( 1317.747493699829874, 16.56814567921269798, -30.84626453912630240 ) ) ;
#1101 = CARTESIAN_POINT ( 'NONE',  ( 1344.403774982599998, 35.41678475987420427, 8.173287460949548944 ) ) ;
#1102 = CARTESIAN_POINT ( 'NONE',  ( 1329.519159637912480, -28.88323371060834432, -19.76818587803842675 ) ) ;
#1103 = CARTESIAN_POINT ( 'NONE',  ( 1343.308122239098566, 34.89456484434800387, -2.889933136755898690 ) ) ;
#1104 = CARTESIAN_POINT ( 'NONE',  ( 1343.214093828459681, -34.84182325592908569, 3.403321022708609256 ) ) ;
#1105 = CARTESIAN_POINT ( 'NONE',  ( 1327.942724392303035, -27.72845032581671987, 21.35727169452040641 ) ) ;
#1106 = CARTESIAN_POINT ( 'NONE',  ( 1322.953620795183042, 23.28636178716946503, 26.13071172684175636 ) ) ;
#1107 = LOCAL_TIME ( 10, 56, 47.00000000000000000, #195 ) ;
#1108 = CARTESIAN_POINT ( 'NONE',  ( 1327.751049066182304, -27.58181921183787111, -21.54751743822338028 ) ) ;
#1109 = CARTESIAN_POINT ( 'NONE',  ( 1323.098405350270014, 3.014573399622860084, 44.86331255477669799 ) ) ;
#1110 = CARTESIAN_POINT ( 'NONE',  ( 1337.606815668860008, -33.51020126333740023, -10.21291517557789952 ) ) ;
#1111 = CARTESIAN_POINT ( 'NONE',  ( 1323.062764645918605, 2.410560341545566310, -44.91285836537987564 ) ) ;
#1112 = CARTESIAN_POINT ( 'NONE',  ( 1330.618438655867294, -23.48266535035918068, 34.10839967606486312 ) ) ;
#1113 = CARTESIAN_POINT ( 'NONE',  ( 1337.147560217425280, -30.52377111319413672, -23.86060017604926031 ) ) ;
#1114 = ORIENTED_EDGE ( 'NONE', *, *, #2025, .T. ) ;
#1115 = CARTESIAN_POINT ( 'NONE',  ( 1319.557716074740028, 19.26670481797710011, -29.22940630112080029 ) ) ;
#1116 = CARTESIAN_POINT ( 'NONE',  ( 1316.848846977856965, 14.96254786937047854, -31.64065510486976862 ) ) ;
#1117 = CARTESIAN_POINT ( 'NONE',  ( 1325.602479073909990, 25.86621361104310068, 23.65012377796990251 ) ) ;
#1118 = CARTESIAN_POINT ( 'NONE',  ( 1328.600074370717948, -28.22221736251281854, -20.70059964437049871 ) ) ;
#1119 = CARTESIAN_POINT ( 'NONE',  ( 1317.189411427015102, -15.58256252871028735, 31.33981559390274541 ) ) ;
#1120 = CARTESIAN_POINT ( 'NONE',  ( 1315.981514882993224, 13.22821028405593680, 32.40393231357226966 ) ) ;
#1121 = CARTESIAN_POINT ( 'NONE',  ( 1341.482045468409979, -33.73422328153060334, -15.82165137264030008 ) ) ;
#1122 = CYLINDRICAL_SURFACE ( 'NONE', #212, 24.99999999999991118 ) ;
#1123 = CARTESIAN_POINT ( 'NONE',  ( 1331.643767240990428, -24.84479558262023957, 32.57910504691355413 ) ) ;
#1124 = CARTESIAN_POINT ( 'NONE',  ( 1332.137282201213111, -25.45103887292754763, -31.83357931890226666 ) ) ;
#1125 = ORIENTED_EDGE ( 'NONE', *, *, #686, .F. ) ;
#1126 = CARTESIAN_POINT ( 'NONE',  ( 1321.218981231858379, 21.36449692338284123, -27.72510409245629859 ) ) ;
#1127 = CARTESIAN_POINT ( 'NONE',  ( 1316.954403271050069, 15.19001308694480024, 31.54814812391409973 ) ) ;
#1128 = CARTESIAN_POINT ( 'NONE',  ( 1321.206077327738967, -21.34681990300189725, 27.73662637342223292 ) ) ;
#1129 = CARTESIAN_POINT ( 'NONE',  ( 1333.370940312939183, 31.32540574896636798, 15.61153814309768428 ) ) ;
#1130 = CARTESIAN_POINT ( 'NONE',  ( 1314.779867753361714, -10.29193872220679751, -33.45520538733858729 ) ) ;
#1131 = CARTESIAN_POINT ( 'NONE',  ( 1340.384131519209404, -33.11327984275180825, -11.54339595702150767 ) ) ;
#1132 = CARTESIAN_POINT ( 'NONE',  ( 1329.118747574647159, -21.26172803557925306, -36.31329000081541380 ) ) ;
#1133 = EDGE_LOOP ( 'NONE', ( #681, #390 ) ) ;
#1134 = CARTESIAN_POINT ( 'NONE',  ( 1324.036917018870099, 9.542234093122477390, -33.78315426471328209 ) ) ;
#1135 = CARTESIAN_POINT ( 'NONE',  ( 1336.800330180399897, 33.12781903081739898, 11.33413001645200069 ) ) ;
#1136 = EDGE_CURVE ( 'NONE', #166, #698, #1402, .T. ) ;
#1137 = CARTESIAN_POINT ( 'NONE',  ( 1315.331098479339744, -11.75132559511295760, 32.97392032853135646 ) ) ;
#1138 = CARTESIAN_POINT ( 'NONE',  ( 1330.990300582111331, 29.87497059187854020, 18.23421925318035619 ) ) ;
#1139 = CARTESIAN_POINT ( 'NONE',  ( 1340.146663526199973, -34.58948229317019951, -5.370379228335539601 ) ) ;
#1140 = CARTESIAN_POINT ( 'NONE',  ( 1327.248911762765147, -17.98002451372836319, -39.01644171048470611 ) ) ;
#1141 = EDGE_LOOP ( 'NONE', ( #1807, #1604 ) ) ;
#1142 = CIRCLE ( 'NONE', #492, 24.99999999999991118 ) ;
#1143 = CARTESIAN_POINT ( 'NONE',  ( 1323.631304061320179, 7.540282656269231332, -34.25822662450848100 ) ) ;
#1144 = DIRECTION ( 'NONE',  ( 1.000000000000000000, 2.036359179429850012E-17, 0.000000000000000000 ) ) ;
#1145 = PRODUCT_DEFINITION_SHAPE ( 'NONE', 'NONE',  #778 ) ;
#1146 = CARTESIAN_POINT ( 'NONE',  ( 1315.679468028412657, -12.56013122766266399, 32.66882775758605106 ) ) ;
#1147 = CARTESIAN_POINT ( 'NONE',  ( 1337.088666556940552, 33.25997747737616095, 10.90160360835775677 ) ) ;
#1148 = CARTESIAN_POINT ( 'NONE',  ( 1340.741729316670217, -34.82320517759679745, -3.554156908623329780 ) ) ;
#1149 = CARTESIAN_POINT ( 'NONE',  ( 1343.088457468207707, 34.69246043599356710, 12.02566320432484126 ) ) ;
#1150 = CARTESIAN_POINT ( 'NONE',  ( 1337.096195895456049, -33.26283222756672586, -10.88970333888022424 ) ) ;
#1151 = CARTESIAN_POINT ( 'NONE',  ( 1331.172506310803783, -24.22971507251170209, -33.28380185972513061 ) ) ;
#1152 = CARTESIAN_POINT ( 'NONE',  ( 1315.898386855675426, 13.04844496166020562, 32.47689357741974447 ) ) ;
#1153 = EDGE_LOOP ( 'NONE', ( #1114, #1780 ) ) ;
#1154 = EDGE_CURVE ( 'NONE', #2000, #469, #834, .T. ) ;
#1155 = CARTESIAN_POINT ( 'NONE',  ( 1328.954016895380391, 28.48128987342117213, 20.34399374334471844 ) ) ;
#1156 = CARTESIAN_POINT ( 'NONE',  ( 1315.167950667321975, -11.32713416195763934, -33.11640648478298488 ) ) ;
#1157 = DIRECTION ( 'NONE',  ( 1.000000000000000000, 2.036359179429850012E-17, 0.000000000000000000 ) ) ;
#1158 = PERSON_AND_ORGANIZATION ( #825, #1744 ) ;
#1159 = CARTESIAN_POINT ( 'NONE',  ( 1339.162954057339448, 34.18502627653042936, -7.508931153430235206 ) ) ;
#1160 = CARTESIAN_POINT ( 'NONE',  ( 1337.865323855483666, 33.61805377552700946, 9.737909241791330217 ) ) ;
#1161 = FACE_OUTER_BOUND ( 'NONE', #306, .T. ) ;
#1162 = CARTESIAN_POINT ( 'NONE',  ( 1341.315377209592270, 33.61218220716232707, 16.11594550907051726 ) ) ;
#1163 = CARTESIAN_POINT ( 'NONE',  ( 1336.880037651862722, -33.16056304212440864, -11.19840679358239122 ) ) ;
#1164 = CARTESIAN_POINT ( 'NONE',  ( 1341.147563345449953, 34.97813883702820448, 1.266503037055600078 ) ) ;
#1165 = PERSON_AND_ORGANIZATION_ROLE ( 'creator' ) ;
#1166 = CARTESIAN_POINT ( 'NONE',  ( 1338.086811596948110, 33.71813172618517740, -9.389785798539874051 ) ) ;
#1167 = AXIS2_PLACEMENT_3D ( 'NONE', #54, #375, #240 ) ;
#1168 = CARTESIAN_POINT ( 'NONE',  ( 1388.000000000000000, 3.061616997868379335E-14, -50.00000000000000000 ) ) ;
#1169 = CARTESIAN_POINT ( 'NONE',  ( 1341.635092501466261, -33.81698393577416795, 15.43778843182096239 ) ) ;
#1170 = CARTESIAN_POINT ( 'NONE',  ( 1337.156645807814130, -33.29126503631404432, -10.80239466964134820 ) ) ;
#1171 = CARTESIAN_POINT ( 'NONE',  ( 1313.599429740506139, 6.004493021988464463, 34.48126125259437913 ) ) ;
#1172 = ORIENTED_EDGE ( 'NONE', *, *, #1994, .F. ) ;
#1173 = CALENDAR_DATE ( 2026, 25, 8 ) ;
#1174 = CARTESIAN_POINT ( 'NONE',  ( 1337.497869337549218, 33.45047249290900737, -10.30071595753887692 ) ) ;
#1175 = CARTESIAN_POINT ( 'NONE',  ( 1329.635790108389983, -22.06920790828059609, 35.55795683016960140 ) ) ;
#1176 = FACE_OUTER_BOUND ( 'NONE', #1452, .T. ) ;
#1177 = CARTESIAN_POINT ( 'NONE',  ( 1322.999997349544628, 7.643174050860698378E-08, 44.99999358684099349 ) ) ;
#1178 =( BOUNDED_CURVE ( )  B_SPLINE_CURVE ( 2, ( #1044, #74, #725 ),
 .UNSPECIFIED., .F., .F. ) 
 B_SPLINE_CURVE_WITH_KNOTS ( ( 3, 3 ),
 ( 1.212525234991700086E-05, 1.000000000000000000 ),
 .UNSPECIFIED. ) 
 CURVE ( )  GEOMETRIC_REPRESENTATION_ITEM ( )  RATIONAL_B_SPLINE_CURVE ( ( 0.9999993859687339448, 0.9746796500460439550, 1.000000000000000000 ) ) 
 REPRESENTATION_ITEM ( '' )  );
#1179 = EDGE_CURVE ( 'NONE', #1295, #568, #755, .T. ) ;
#1180 = CARTESIAN_POINT ( 'NONE',  ( 1344.742257861539429, -35.59009525341579661, 6.771302415836840893 ) ) ;
#1181 = CARTESIAN_POINT ( 'NONE',  ( 1327.140315591499075, 17.73932757950821681, -39.17026424165962339 ) ) ;
#1182 = CARTESIAN_POINT ( 'NONE',  ( 1334.891501406547150, -32.16192849896008710, -13.80617136600949202 ) ) ;
#1183 = CARTESIAN_POINT ( 'NONE',  ( 1313.648292679756423, 6.242005826317662098, 34.43889904758876952 ) ) ;
#1184 = DIRECTION ( 'NONE',  ( 0.000000000000000000, 0.000000000000000000, -1.000000000000000000 ) ) ;
#1185 = CARTESIAN_POINT ( 'NONE',  ( 1328.416543763505842, 20.09937373138759753, 37.33328108848179028 ) ) ;
#1186 = CARTESIAN_POINT ( 'NONE',  ( 1328.568907454836108, 28.20018104943749293, -20.73235335433474447 ) ) ;
#1187 = CARTESIAN_POINT ( 'NONE',  ( 1314.097963914639877, -8.172603448230550072, 34.04880585382149860 ) ) ;
#1188 = CARTESIAN_POINT ( 'NONE',  ( 1327.470868113599408, -27.36278538290189388, -21.82384389885224962 ) ) ;
#1189 = CARTESIAN_POINT ( 'NONE',  ( -2.538370745563709877E-16, 55.00000000000000000, 0.000000000000000000 ) ) ;
#1190 = CARTESIAN_POINT ( 'NONE',  ( 1338.000000000000000, 3.367778697655217836E-14, -55.00000000000000000 ) ) ;
#1191 = CARTESIAN_POINT ( 'NONE',  ( 1345.446741130564305, -35.94278047425432732, 2.541382216049920650 ) ) ;
#1192 = CARTESIAN_POINT ( 'NONE',  ( 1340.854939716689842, -34.86670247030339453, -3.081520361191218527 ) ) ;
#1193 = CARTESIAN_POINT ( 'NONE',  ( 1322.033857875279182, 22.30130260614070536, 26.97971905720548591 ) ) ;
#1194 = ORIENTED_EDGE ( 'NONE', *, *, #265, .F. ) ;
#1195 = CARTESIAN_POINT ( 'NONE',  ( 1323.004520626389649, 0.8996984101087854846, -34.99466311551890385 ) ) ;
#1196 = PERSON_AND_ORGANIZATION ( #825, #1744 ) ;
#1197 = CARTESIAN_POINT ( 'NONE',  ( 1332.693011665303857, 30.93060719554621585, -16.38006639755684546 ) ) ;
#1198 = PRODUCT_DEFINITION_FORMATION_WITH_SPECIFIED_SOURCE ( '�', '', #971, .NOT_KNOWN. ) ;
#1199 = CARTESIAN_POINT ( 'NONE',  ( 1330.488486015399758, -29.55510744995380179, 18.77087235933660025 ) ) ;
#1200 = AXIS2_PLACEMENT_3D ( 'NONE', #542, #690, #1987 ) ;
#1201 = CARTESIAN_POINT ( 'NONE',  ( 1340.237428864729736, 34.62527988037636106, 5.111552013304356379 ) ) ;
#1202 = CARTESIAN_POINT ( 'NONE',  ( 1323.038110762187898, -1.781779420149419035, 44.94700112622724930 ) ) ;
#1203 = CARTESIAN_POINT ( 'NONE',  ( 1341.108999948540031, -34.96359792280789947, -1.685101297353329919 ) ) ;
#1204 = CARTESIAN_POINT ( 'NONE',  ( 1318.504755064510391, -17.73901804802006410, -30.17163540484318673 ) ) ;
#1205 = B_SPLINE_CURVE_WITH_KNOTS ( 'NONE', 3,
 ( #1802, #337, #38, #1485, #1305, #822, #988, #185, #1641, #1948, #845, #1492, #692, #1335, #490, #833, #326, #1647, #21, #1633, #168, #1982, #674, #1473, #682, #1968, #1327, #509, #1159, #1976, #516, #1166, #1808, #525, #1174, #345, #9, #1007, #1833, #970, #1625, #749, #912, #1510, #119, #2002, #428, #613, #1570, #60, #1388, #107, #1403, #1710, #1345, #2033, #780, #1239, #2043, #904, #1197, #766, #1417, #1354, #586, #252, #1079, #1586, #1899, #1520, #599, #1673, #927, #1070, #1885, #710, #1251, #439, #1093, #1854, #1734, #1989, #1557, #414, #1266, #262, #1720, #97, #275, #368, #2054, #1015, #544, #379, #533, #1664, #45, #206, #854, #699, #1186, #1842, #1027, #218, #866, #933, #1564, #268, #733, #1590, #1382, #1245, #1425, #918, #895, #591, #606, #1260, #1074, #1374, #1086, #570, #579, #256, #1906, #446, #785, #401, #1052, #1222, #1702, #246, #1551, #8, #307, #167, #1126, #336, #1939, #2089, #1615, #146, #979, #1453, #1472, #2081, #135, #1782, #480, #1484, #661, #1304, #159, #1958, #1273, #1464, #987, #1640, #1116, #1605, #1758, #1437, #945, #377, #1024, #343, #844, #29, #1518, #19, #543, #366, #672, #58, #1820, #355, #1005, #37, #691, #431, #409, #1406, #418, #1723, #602, #721, #1096, #1363, #558, #1549, #1060, #1701, #89, #753, #1391, #464, #1934, #1459, #963, #1914, #498, #121, #1301, #1945, #851, #704, #1047, #71, #1000, #295, #1644, #52, #1443, #1130, #1962, #1952, #667, #982, #4, #1156, #341, #1811, #992, #182, #656, #1971, #637, #1932, #1775, #959, #152, #1299, #549, #1215, #1533, #1034, #726, #1204, #2013, #1367, #1054, #1543, #423, #2051, #259, #735, #1568, #1066, #2040, #762, #1225, #1705, #923, #596, #248, #899, #1896, #1554, #1580, #1784, #815, #1017, #1825, #1522, #1857, #1043, #1493, #1666, #1655, #228, #1531, #73, #856, #724, #1365, #847, #1500, #48, #1188, #1446, #1776, #153, #261, #1108, #289, #460, #2069, #1118, #137, #297, #1893, #103, #1566, #947, #270, #1552, #1715, #2038, #1102, #436, #742, #1729, #1760, #760, #798, #581, #1383, #921, #1592, #284, #1234, #593, #1439, #1397, #421, #1745, #1088, #1908, #1577, #1247, #448, #634, #1064, #775, #1262, #114, #2049, #1412, #1075, #257, #608, #202, #680, #1496, #1469, #43, #1806, #352, #1182, #1333, #1319, #192, #27, #514, #1980, #1163, #522, #1150, #1816, #1003, #1170, #1829, #1660, #323, #1507, #976, #1629, #164, #819, #1798, #333, #829, #1481, #540, #413, #1526, #705, #1997, #1037, #1536, #1869, #1698, #2032, #1689, #1709, #872, #574, #1192, #1670, #233, #891, #1847, #213, #1058, #251 ),
 .UNSPECIFIED., .F., .F.,
 ( 4, 1, 1, 1, 2, 2, 1, 1, 1, 1, 1, 2, 2, 2, 2, 1, 1, 1, 1, 2, 2, 2, 2, 1, 1, 1, 1, 2, 2, 2, 2, 1, 1, 1, 1, 1, 2, 2, 2, 2, 1, 1, 1, 1, 1, 2, 2, 2, 1, 1, 1, 1, 1, 2, 2, 2, 2, 1, 2, 2, 2, 2, 1, 1, 1, 1, 1, 2, 2, 2, 1, 1, 1, 1, 2, 2, 2, 2, 1, 1, 1, 1, 2, 2, 2, 1, 1, 1, 1, 1, 2, 2, 2, 1, 1, 1, 1, 2, 2, 2, 1, 1, 1, 1, 2, 2, 2, 1, 1, 1, 1, 2, 2, 2, 1, 1, 1, 1, 2, 2, 2, 1, 1, 1, 2, 2, 2, 1, 1, 1, 2, 2, 2, 1, 1, 2, 2, 2, 2, 1, 1, 1, 2, 2, 2, 1, 1, 1, 1, 2, 2, 2, 1, 1, 1, 1, 2, 2, 2, 1, 1, 1, 1, 2, 2, 2, 1, 1, 1, 1, 2, 2, 2, 1, 1, 1, 1, 2, 2, 2, 1, 1, 1, 1, 1, 2, 2, 2, 2, 1, 1, 1, 1, 2, 2, 2, 1, 1, 1, 1, 1, 1, 2, 2, 2, 2, 2, 2, 2, 2, 1, 1, 1, 1, 1, 2, 2, 2, 1, 1, 1, 1, 1, 2, 2, 2, 2, 1, 1, 1, 1, 1, 2, 2, 2, 2, 1, 1, 1, 1, 2, 2, 2, 2, 1, 1, 1, 1, 2, 2, 2, 2, 1, 1, 1, 1, 2, 2, 1, 1, 2, 2, 4 ),
 ( 0.000000000000000000, 0.007812500000149916538, 0.01171875000022487914, 0.01367187500026236131, 0.01464843750028076153, 0.01562500000029916347, 0.02343750000044084875, 0.02734375000051112933, 0.02929687500054564686, 0.03027343750056289695, 0.03076171875057083852, 0.03100585937557551880, 0.03125000000058019561, 0.04687500000094270425, 0.05468750000112396897, 0.05859375000121565258, 0.06054687500126043620, 0.06152343750128284189, 0.06201171875129407596, 0.06225585937629969646, 0.06250000000130531697, 0.07812500000152461377, 0.08593750000163560832, 0.08984375000169245173, 0.09179687500172090120, 0.09277343750173512593, 0.09326171875174095460, 0.09350585937674388282, 0.09375000000174679715, 0.1093750000017618129, 0.1171875000017678220, 0.1210937500017723462, 0.1230468750017746221, 0.1240234375017772173, 0.1245117187517770646, 0.1247558593767769536, 0.1248779296892754687, 0.1250000000017739699, 0.1406250000013346824, 0.1484375000011166346, 0.1523437500010076107, 0.1542968750009530710, 0.1552734375009257595, 0.1557617187509121315, 0.1560058593759067191, 0.1561279296884040546, 0.1562500000009013623, 0.1640625000008173462, 0.1679687500007752687, 0.1699218750007527312, 0.1708984375007414347, 0.1713867187507357726, 0.1716308593757329970, 0.1717529296882316092, 0.1718750000007302492, 0.1796875000007869261, 0.1835937500008135714, 0.1855468750008269219, 0.1865234375008336110, 0.1875000000008403001, 0.1953125000008936463, 0.1992187500009202916, 0.2011718750009356682, 0.2021484375009456047, 0.2026367187509529599, 0.2028808593759566792, 0.2030029296884586221, 0.2030639648447095658, 0.2031250000009605094, 0.2109375000010620671, 0.2148437500011128598, 0.2167968750011365353, 0.2177734375011484147, 0.2182617187511561307, 0.2185058593761618762, 0.2187500000011676216, 0.2343750000015439594, 0.2421875000017305324, 0.2460937500018254842, 0.2480468750018712532, 0.2490234375018941793, 0.2495117187519038660, 0.2497558593769086954, 0.2500000000019135249, 0.2656250000020363711, 0.2734375000020993762, 0.2773437500021325164, 0.2792968750021490587, 0.2802734375021590507, 0.2807617187521639912, 0.2810058593771664337, 0.2812500000021689317, 0.2968750000022052360, 0.3046875000022218893, 0.3085937500022286617, 0.3105468750022336022, 0.3115234375022361002, 0.3120117187522373214, 0.3125000000022385982, 0.3281250000023316349, 0.3359375000023780977, 0.3398437500024027447, 0.3417968750024137359, 0.3427734375024191760, 0.3432617187524205637, 0.3437500000024219515, 0.3593750000024976687, 0.3671875000025368041, 0.3710937500025563995, 0.3730468750025661695, 0.3740234375025722757, 0.3745117187525764946, 0.3750000000025806579, 0.3906250000026555425, 0.3984375000026929015, 0.4023437500027116087, 0.4042968750027199909, 0.4052734375027251534, 0.4057617187527277069, 0.4062500000027303160, 0.4218750000028105296, 0.4296875000028507197, 0.4335937500028714808, 0.4355468750028819724, 0.4365234375028878566, 0.4375000000028937963, 0.4531250000029906078, 0.4609375000030395686, 0.4648437500030644376, 0.4667968750030768721, 0.4677734375030834779, 0.4687500000030900282, 0.4843750000031983305, 0.4921875000032523984, 0.4960937500032795988, 0.4980468750032931435, 0.5000000000033066883, 0.5312500000035231817, 0.5468750000036310954, 0.5546875000036850523, 0.5585937500037120307, 0.5605468750037255754, 0.5615234375037323478, 0.5625000000037391201, 0.5781250000038358206, 0.5859375000038842263, 0.5898437500039092063, 0.5917968750039216408, 0.5927734375039278580, 0.5932617187539310777, 0.5937500000039341863, 0.6093750000040712989, 0.6171875000041407988, 0.6210937500041755488, 0.6230468750041940895, 0.6240234375042021941, 0.6245117187542063020, 0.6250000000042102988, 0.6406250000043617332, 0.6484375000044374504, 0.6523437500044740878, 0.6542968750044925175, 0.6552734375045005111, 0.6557617187545031756, 0.6562500000045059512, 0.6718750000046161963, 0.6796875000046700421, 0.6835937500046955773, 0.6855468750047082338, 0.6865234375047146731, 0.6870117187547164495, 0.6875000000047183368, 0.7031250000047930548, 0.7109375000048303583, 0.7148437500048504534, 0.7167968750048619997, 0.7177734375048692161, 0.7182617187548728799, 0.7187500000048764326, 0.7343750000049041882, 0.7421875000049165116, 0.7460937500049211746, 0.7480468750049236171, 0.7490234375049263926, 0.7495117187549277249, 0.7497558593799283910, 0.7500000000049290572, 0.7656250000048852034, 0.7734375000048632209, 0.7773437500048507864, 0.7792968750048429039, 0.7802734375048405724, 0.7807617187548393511, 0.7810058593798389071, 0.7812500000048383519, 0.7890625000047356563, 0.7929687500046860293, 0.7949218750046596060, 0.7958984375046448401, 0.7963867187546374016, 0.7966308593796337378, 0.7967529296921334048, 0.7968139648483847370, 0.7968750000046359583, 0.8046875000048534510, 0.8085937500049621418, 0.8105468750050150994, 0.8125000000050679461, 0.8203125000052772231, 0.8242187500053820282, 0.8261718750054343197, 0.8271484375054627414, 0.8276367187554768412, 0.8278808593804840577, 0.8280029296929850569, 0.8280639648492330585, 0.8281250000054811711, 0.8359375000050550675, 0.8398437500048420157, 0.8417968750047337689, 0.8427734375046779247, 0.8432617187546517235, 0.8435058593796405102, 0.8436279296921348481, 0.8437500000046291859, 0.8593750000039915848, 0.8671875000036710635, 0.8710937500035109693, 0.8730468750034290348, 0.8740234375033880676, 0.8745117187533675285, 0.8747558593783592018, 0.8748779296908550940, 0.8750000000033509862, 0.8906250000030309089, 0.8984375000028724800, 0.9023437500027947644, 0.9042968750027559066, 0.9052734375027348124, 0.9057617187527243763, 0.9060058593777174929, 0.9062500000027106095, 0.9218750000022890578, 0.9296875000020782265, 0.9335937500019727553, 0.9355468750019201307, 0.9365234375018938184, 0.9370117187518819390, 0.9372558593768747226, 0.9375000000018675061, 0.9531250000014137580, 0.9609375000011868284, 0.9648437500010743628, 0.9667968750010188517, 0.9677734375009912071, 0.9682617187509773293, 0.9685058593759703349, 0.9687500000009634515, 0.9765625000007246426, 0.9804687500006046275, 0.9824218750005442313, 0.9843750000004837242, 1.000000000000000000 ),
 .UNSPECIFIED. ) ;
#1206 = CARTESIAN_POINT ( 'NONE',  ( 1340.200241115791414, -32.86598722496774627, 18.36382748081871696 ) ) ;
#1207 = CARTESIAN_POINT ( 'NONE',  ( 1344.637954834610355, 35.53665011017350395, -7.211685272781419798 ) ) ;
#1208 = CARTESIAN_POINT ( 'NONE',  ( 1341.012550022530149, 34.92693967737779559, 2.276551912582680526 ) ) ;
#1209 = CARTESIAN_POINT ( 'NONE',  ( 1326.958139682852789, 26.95744719774075193, 22.32814479826514642 ) ) ;
#1210 = CARTESIAN_POINT ( 'NONE',  ( 1335.105036224077139, -32.27422072767227235, 13.54159134473127857 ) ) ;
#1211 = CC_DESIGN_PERSON_AND_ORGANIZATION_ASSIGNMENT ( #995, #392, ( #1198 ) ) ;
#1212 = CARTESIAN_POINT ( 'NONE',  ( 1316.824914436919926, -14.95048972171479917, 31.66241020305540133 ) ) ;
#1213 = CARTESIAN_POINT ( 'NONE',  ( 1323.957234040550247, 9.188871231302336184, 33.87648031879788135 ) ) ;
#1214 = CARTESIAN_POINT ( 'NONE',  ( 1338.640563365740036, 31.86500228015559344, -14.62123046636638790 ) ) ;
#1215 = CARTESIAN_POINT ( 'NONE',  ( 1317.968661450202035, -16.90504663802037655, -30.64916635169958425 ) ) ;
#1216 = CARTESIAN_POINT ( 'NONE',  ( 1329.198715842014508, -28.65634121546506918, 20.09513985667612701 ) ) ;
#1217 = CARTESIAN_POINT ( 'NONE',  ( 1345.351507505759173, -35.89630947473526135, -3.485508102535312513 ) ) ;
#1218 = CARTESIAN_POINT ( 'NONE',  ( 1342.467192900500095, 34.32957315768194917, -13.56698639365080439 ) ) ;
#1219 = CARTESIAN_POINT ( 'NONE',  ( 1343.280196163519122, 34.87856517581180782, 2.939247620996162880 ) ) ;
#1220 = CARTESIAN_POINT ( 'NONE',  ( 1339.751744428952406, -34.42994769011254164, 6.304046088630967937 ) ) ;
#1221 = CARTESIAN_POINT ( 'NONE',  ( 1322.998251975910534, -0.04083559505027583442, -35.00206364972040518 ) ) ;
#1222 = CARTESIAN_POINT ( 'NONE',  ( 1322.865695262569943, 23.19339983102327452, -26.21195581647885575 ) ) ;
#1223 = CARTESIAN_POINT ( 'NONE',  ( 1315.272330652919891, 11.61680567206130199, 33.02540077509969763 ) ) ;
#1224 = CARTESIAN_POINT ( 'NONE',  ( 1334.509800323788568, 28.28714685394803396, -20.78405552001930801 ) ) ;
#1225 = CARTESIAN_POINT ( 'NONE',  ( 1320.932017392733997, -21.02434751359342613, -27.98657364330976449 ) ) ;
#1226 = CARTESIAN_POINT ( 'NONE',  ( 1324.174096354901167, -24.50472320598801090, 24.99168241187325634 ) ) ;
#1227 = CARTESIAN_POINT ( 'NONE',  ( 1339.981624462152240, 32.71424264000982163, -18.78767963651403150 ) ) ;
#1228 = FACE_OUTER_BOUND ( 'NONE', #773, .T. ) ;
#1229 = CARTESIAN_POINT ( 'NONE',  ( 1341.102811214943131, -34.96119960104943658, 1.651044038535196323 ) ) ;
#1230 = CARTESIAN_POINT ( 'NONE',  ( 1323.432119141640442, 6.313827200196546308, -34.49171169881063292 ) ) ;
#1231 = CARTESIAN_POINT ( 'NONE',  ( 1332.011095972189196, 25.29208572649707065, 32.02327732143175609 ) ) ;
#1232 = CARTESIAN_POINT ( 'NONE',  ( 1320.269517232560020, 20.19924899919770311, -28.58720320904859946 ) ) ;
#1233 = LOCAL_TIME ( 10, 56, 47.00000000000000000, #205 ) ;
#1234 = CARTESIAN_POINT ( 'NONE',  ( 1331.228407107743124, -30.02826046843624397, -17.98065023675431462 ) ) ;
#1235 = CARTESIAN_POINT ( 'NONE',  ( 1340.678374900579911, 34.79869448887340866, -3.786686556595639797 ) ) ;
#1236 = CARTESIAN_POINT ( 'NONE',  ( 1329.310464314032970, -28.73583958517443548, 19.98141145255848627 ) ) ;
#1237 = AXIS2_PLACEMENT_3D ( 'NONE', #1189, #869, #229 ) ;
#1238 = CARTESIAN_POINT ( 'NONE',  ( 1339.578000331777730, 32.42549111897563563, -19.54929884021470343 ) ) ;
#1239 = CARTESIAN_POINT ( 'NONE',  ( 1333.376837869288465, 31.32952074556996536, -15.60566294537787435 ) ) ;
#1240 = CARTESIAN_POINT ( 'NONE',  ( 1337.341688057366582, -33.37788338148403966, 10.53173775808565793 ) ) ;
#1241 = CARTESIAN_POINT ( 'NONE',  ( 1313.351666620649894, -4.727010719227520141, -34.69589452693769971 ) ) ;
#1242 = CARTESIAN_POINT ( 'NONE',  ( 1340.921503306630029, 34.89215373501819784, 2.745470402657830267 ) ) ;
#1243 = CARTESIAN_POINT ( 'NONE',  ( 1342.509037807193408, -34.35760771223178267, -13.50139944841945550 ) ) ;
#1244 = ORIENTED_EDGE ( 'NONE', *, *, #2025, .F. ) ;
#1245 = CARTESIAN_POINT ( 'NONE',  ( 1326.692207010084530, 26.74110016270663692, -22.58714339345949185 ) ) ;
#1246 = CARTESIAN_POINT ( 'NONE',  ( 1340.809437722870143, 33.29493225571130210, 17.21356613203029795 ) ) ;
#1247 = CARTESIAN_POINT ( 'NONE',  ( 1332.160196982874368, -30.61051849009139403, -16.97119166081703412 ) ) ;
#1248 = CARTESIAN_POINT ( 'NONE',  ( 1340.097472078110741, 32.90692200943118451, -12.02060247343960064 ) ) ;
#1249 = CARTESIAN_POINT ( 'NONE',  ( 1317.979231864690064, 16.92615738337427445, 30.63985150504591815 ) ) ;
#1250 = ADVANCED_FACE ( 'NONE', ( #1393 ), #1122, .F. ) ;
#1251 = CARTESIAN_POINT ( 'NONE',  ( 1331.276073021170987, 30.05880487062870898, -17.92953624108550059 ) ) ;
#1252 = CARTESIAN_POINT ( 'NONE',  ( 1341.171101446340117, 34.98702641790760026, 0.9537324786532880294 ) ) ;
#1253 = CARTESIAN_POINT ( 'NONE',  ( 1329.702625645968965, -22.50162160714800308, -27.00630703740510796 ) ) ;
#1254 = CARTESIAN_POINT ( 'NONE',  ( 1336.762413506710800, 30.19552841237281626, 24.51055453750241497 ) ) ;
#1255 = CARTESIAN_POINT ( 'NONE',  ( 1325.419475988663180, 13.70085344043870990, 41.61383730842106132 ) ) ;
#1256 = CARTESIAN_POINT ( 'NONE',  ( 1333.863218236130933, -27.40713124405705159, 29.18100210515805060 ) ) ;
#1257 = CARTESIAN_POINT ( 'NONE',  ( 1341.948119130536043, -34.02005977582568619, -14.78484095727527503 ) ) ;
#1258 = ORIENTED_EDGE ( 'NONE', *, *, #370, .T. ) ;
#1259 = CARTESIAN_POINT ( 'NONE',  ( 1326.843325016320023, 17.53057584106958444, -30.47254740818771879 ) ) ;
#1260 = CARTESIAN_POINT ( 'NONE',  ( 1325.231672546961363, 25.48400133737359141, -23.99098116546362292 ) ) ;
#1261 = CARTESIAN_POINT ( 'NONE',  ( 1331.928019970860078, 30.47673144491099606, 17.23428828763659837 ) ) ;
#1262 = CARTESIAN_POINT ( 'NONE',  ( 1332.473431393135343, -30.79962601139585132, -16.62477218171990856 ) ) ;
#1263 = CARTESIAN_POINT ( 'NONE',  ( 1341.219347959200149, 35.00523996961130280, 0.5608637608506470418 ) ) ;
#1264 = CARTESIAN_POINT ( 'NONE',  ( 1327.956382411203094, -27.73889319135377107, 21.34370836498220214 ) ) ;
#1265 = CARTESIAN_POINT ( 'NONE',  ( 1321.678971154954070, 21.89651608485647216, 27.30463020709753863 ) ) ;
#1266 = CARTESIAN_POINT ( 'NONE',  ( 1330.167170738065352, 29.32961529221582708, -19.09909186083736543 ) ) ;
#1267 = CARTESIAN_POINT ( 'NONE',  ( 1332.808967940542971, -30.99902273969535571, 16.24995800084536057 ) ) ;
#1268 = CARTESIAN_POINT ( 'NONE',  ( 1324.376487864670025, -24.71143739343510148, -24.80375002599999945 ) ) ;
#1269 = CARTESIAN_POINT ( 'NONE',  ( 1323.012005258708541, 0.9808396475177376672, -44.98332206282807988 ) ) ;
#1270 = CARTESIAN_POINT ( 'NONE',  ( 1327.094205346314538, -17.62879193072128103, 39.23538302168459069 ) ) ;
#1271 = CARTESIAN_POINT ( 'NONE',  ( 1340.543947846368837, -33.10188802145865594, -17.69014471958925228 ) ) ;
#1272 = EDGE_LOOP ( 'NONE', ( #1947, #1624, #145, #1646, #18, #7 ) ) ;
#1273 = CARTESIAN_POINT ( 'NONE',  ( 1317.896189569657054, 16.79298038785907465, -30.71369458000084762 ) ) ;
#1274 = CARTESIAN_POINT ( 'NONE',  ( 1322.609464788799869, 22.92708039535699882, 26.44950323604639664 ) ) ;
#1275 = CARTESIAN_POINT ( 'NONE',  ( 1342.670509922860447, -34.53276990008021130, 5.812038817981982852 ) ) ;
#1276 = CARTESIAN_POINT ( 'NONE',  ( 1319.821211884881222, -19.61017874080572909, 28.99162802791894222 ) ) ;
#1277 = CARTESIAN_POINT ( 'NONE',  ( 1323.927324949872855, 24.26525213274251769, 25.22295767729089633 ) ) ;
#1278 = CARTESIAN_POINT ( 'NONE',  ( 1332.857578828188025, -31.02764077773853302, 16.19529801950627146 ) ) ;
#1279 = CARTESIAN_POINT ( 'NONE',  ( 1329.318172712559999, -21.59662156010319833, -36.02427787317169816 ) ) ;
#1280 = CARTESIAN_POINT ( 'NONE',  ( 1337.703690468776131, 30.98606859351826159, 22.91034754150116015 ) ) ;
#1281 = DIRECTION ( 'NONE',  ( 1.000000000000000000, 2.036359179429850012E-17, 0.000000000000000000 ) ) ;
#1282 = CARTESIAN_POINT ( 'NONE',  ( 1327.067966191864571, -17.57528164804645598, 39.27289989031618944 ) ) ;
#1283 = CARTESIAN_POINT ( 'NONE',  ( 1334.129782153324868, -27.69010201238975100, -28.76517740536376877 ) ) ;
#1284 = ORIENTED_EDGE ( 'NONE', *, *, #1941, .T. ) ;
#1285 = CARTESIAN_POINT ( 'NONE',  ( 1331.628650052940202, 24.84501904443910192, 32.60513094358159947 ) ) ;
#1286 = CARTESIAN_POINT ( 'NONE',  ( 1343.500275319350521, -35.00040064322440969, 0.9217196377635357152 ) ) ;
#1287 = CARTESIAN_POINT ( 'NONE',  ( 1314.327599811494792, -8.902068862653379711, 33.84899862861908559 ) ) ;
#1288 = CARTESIAN_POINT ( 'NONE',  ( 1329.820390143076111, 29.09252734833865262, 19.45828740045812921 ) ) ;
#1289 = CARTESIAN_POINT ( 'NONE',  ( 1312.999805213910122, 1.069877997401690095, 35.00016989193149897 ) ) ;
#1290 = CARTESIAN_POINT ( 'NONE',  ( 1326.548685495890595, -16.92471155293528540, -30.82413446022340864 ) ) ;
#1291 = CARTESIAN_POINT ( 'NONE',  ( 1363.000000000000000, 3.061616997868379335E-14, -50.00000000000000000 ) ) ;
#1292 = CARTESIAN_POINT ( 'NONE',  ( 1327.489530712266969, -18.41602875327642153, 38.66937607515530573 ) ) ;
#1293 = EDGE_CURVE ( 'NONE', #620, #1957, #1142, .T. ) ;
#1294 = CARTESIAN_POINT ( 'NONE',  ( 1332.802589599974908, -26.23315528391296425, -30.81942576944222623 ) ) ;
#1295 = VERTEX_POINT ( 'NONE', #1421 ) ;
#1296 = CARTESIAN_POINT ( 'NONE',  ( 1325.612515933969917, 14.24129884482809949, 41.34165861793919561 ) ) ;
#1297 = CARTESIAN_POINT ( 'NONE',  ( 1319.080693056477685, -18.58706810252605024, 29.65674996155483001 ) ) ;
#1298 = CARTESIAN_POINT ( 'NONE',  ( 1335.682633001312752, 32.57173346803510583, 12.80951393679052508 ) ) ;
#1299 = CARTESIAN_POINT ( 'NONE',  ( 1317.273954676973290, -15.74228496873404026, -31.26534083067605252 ) ) ;
#1300 = CARTESIAN_POINT ( 'NONE',  ( 1344.420422856100004, -35.42374215807860338, -8.047022051928758302 ) ) ;
#1301 = CARTESIAN_POINT ( 'NONE',  ( 1313.434478893775122, -5.155044377282957058, -34.62438916727487026 ) ) ;
#1302 = CARTESIAN_POINT ( 'NONE',  ( 1363.000000000000000, 3.061616997868379335E-14, 50.00000000000000000 ) ) ;
#1303 = ORIENTED_EDGE ( 'NONE', *, *, #975, .T. ) ;
#1304 = CARTESIAN_POINT ( 'NONE',  ( 1318.571252304830068, 17.83955726881574222, -30.11229800421080682 ) ) ;
#1305 = CARTESIAN_POINT ( 'NONE',  ( 1341.097583370481289, 34.95921523798651975, -1.692716574315840550 ) ) ;
#1306 = CARTESIAN_POINT ( 'NONE',  ( 1337.224183790509869, -30.75971134934877682, 16.89457417649218840 ) ) ;
#1307 = CARTESIAN_POINT ( 'NONE',  ( 1316.873186849779131, -15.01887931330226600, 31.61940932778204427 ) ) ;
#1308 = CARTESIAN_POINT ( 'NONE',  ( 1335.059295260122326, 32.25077974891854637, 13.59950162564278564 ) ) ;
#1309 = CARTESIAN_POINT ( 'NONE',  ( 1313.538423205099889, 5.717204803002130298, 34.53412235076039849 ) ) ;
#1310 = CARTESIAN_POINT ( 'NONE',  ( 1339.857959989635674, 32.62598275218863364, 19.02161075936571422 ) ) ;
#1311 = CARTESIAN_POINT ( 'NONE',  ( 1328.893167931842981, -20.89886769829974966, -36.64185715737723825 ) ) ;
#1312 = VERTEX_POINT ( 'NONE', #1242 ) ;
#1313 = CIRCLE ( 'NONE', #387, 55.00000000000000000 ) ;
#1314 = CARTESIAN_POINT ( 'NONE',  ( 1343.196621003980681, 34.83189062251792478, 3.469172100475692133 ) ) ;
#1315 = CARTESIAN_POINT ( 'NONE',  ( 1317.206764850913032, -15.61338777316018778, 31.32446996624087987 ) ) ;
#1316 = CARTESIAN_POINT ( 'NONE',  ( 1331.037700457356550, 29.90564432949642182, 18.18385103352586896 ) ) ;
#1317 = CARTESIAN_POINT ( 'NONE',  ( 1329.834626570982664, 22.36200193697575145, -35.26554874881339430 ) ) ;
#1318 = CARTESIAN_POINT ( 'NONE',  ( 1342.782267037028760, 34.51439992293352788, 12.79386944271089277 ) ) ;
#1319 = CARTESIAN_POINT ( 'NONE',  ( 1335.333088119607964, -32.39529553446647725, -13.26223296903958904 ) ) ;
#1320 = CARTESIAN_POINT ( 'NONE',  ( 1340.982971091529862, 34.91564957084530363, 2.433486933381800110 ) ) ;
#1321 = DATE_TIME_ROLE ( 'classification_date' ) ;
#1322 = DIRECTION ( 'NONE',  ( 1.000000000000000000, 0.000000000000000000, 0.000000000000000000 ) ) ;
#1323 = CARTESIAN_POINT ( 'NONE',  ( 1337.507405215765175, 33.45476144519086859, 10.28568736852218279 ) ) ;
#1324 = CARTESIAN_POINT ( 'NONE',  ( 1331.086840044147038, -24.11785288800809113, 33.41194957226325357 ) ) ;
#1325 = CARTESIAN_POINT ( 'NONE',  ( 1342.898858929423568, 34.58250519893699249, 12.50419963857350147 ) ) ;
#1326 = CYLINDRICAL_SURFACE ( 'NONE', #1200, 24.99999999999991118 ) ;
#1327 = CARTESIAN_POINT ( 'NONE',  ( 1339.178913896189670, 34.19175597094228181, -7.478229880113529404 ) ) ;
#1328 = CARTESIAN_POINT ( 'NONE',  ( 1312.993398393972711, -0.09113565039718528327, 35.00573596249389396 ) ) ;
#1329 = CARTESIAN_POINT ( 'NONE',  ( 1340.391651240243618, 34.68629017558102134, 4.675639732744155452 ) ) ;
#1330 = DIRECTION ( 'NONE',  ( 1.000000000000000000, 2.036359179429850012E-17, 0.000000000000000000 ) ) ;
#1331 = CARTESIAN_POINT ( 'NONE',  ( 1340.315957055108129, -32.94593727611121636, 18.13846572005840940 ) ) ;
#1332 = CARTESIAN_POINT ( 'NONE',  ( 1334.786808561748103, 28.35918460078399406, -27.72781176374832768 ) ) ;
#1333 = CARTESIAN_POINT ( 'NONE',  ( 1334.893376680553047, -32.16291980677947748, -13.80386215435577135 ) ) ;
#1334 = ORIENTED_EDGE ( 'NONE', *, *, #211, .F. ) ;
#1335 = CARTESIAN_POINT ( 'NONE',  ( 1340.650688259698200, 34.78768707675926208, -3.849359135956068378 ) ) ;
#1336 = CIRCLE ( 'NONE', #1167, 40.00000000000003553 ) ;
#1337 = ADVANCED_FACE ( 'NONE', ( #1768, #641 ), #1903, .F. ) ;
#1338 = CARTESIAN_POINT ( 'NONE',  ( 1324.736389455759991, -11.68528202065330035, 42.57565973102139623 ) ) ;
#1339 = CARTESIAN_POINT ( 'NONE',  ( 1313.152854713462602, 3.104763285255094374, 34.86786440441218815 ) ) ;
#1340 = CARTESIAN_POINT ( 'NONE',  ( 1345.410040018020027, 35.92485223958860274, 2.926995316177740225 ) ) ;
#1341 = CARTESIAN_POINT ( 'NONE',  ( 1403.000000000000000, 3.551475717527320559E-14, 50.00000000000000000 ) ) ;
#1342 = CARTESIAN_POINT ( 'NONE',  ( 1345.393594022399384, -35.91677863963215600, 3.061739549891435708 ) ) ;
#1343 = CARTESIAN_POINT ( 'NONE',  ( 1324.370774509585999, 10.72673677926195879, -43.08978662209177912 ) ) ;
#1344 = EDGE_LOOP ( 'NONE', ( #994, #1483 ) ) ;
#1345 = CARTESIAN_POINT ( 'NONE',  ( 1334.551577578956312, 31.98217850287513642, -14.22478922879523111 ) ) ;
#1346 = CARTESIAN_POINT ( 'NONE',  ( 1388.000000000000000, 3.061616997868379335E-14, 50.00000000000000000 ) ) ;
#1347 = CARTESIAN_POINT ( 'NONE',  ( 1337.875698205209346, -31.12629908156377923, 22.61347796382280606 ) ) ;
#1348 = CARTESIAN_POINT ( 'NONE',  ( 1326.733651662170132, 16.87794174149905402, -39.75027727296482283 ) ) ;
#1349 = CARTESIAN_POINT ( 'NONE',  ( 1345.486822260839972, 35.96235945369069498, 2.124684642026709813 ) ) ;
#1350 = CARTESIAN_POINT ( 'NONE',  ( 1319.444027452211230, 19.09742082441863431, 29.33082365718756179 ) ) ;
#1351 = ORIENTED_EDGE ( 'NONE', *, *, #2080, .F. ) ;
#1352 = CARTESIAN_POINT ( 'NONE',  ( 1323.745580478179591, -8.160685208270528790, -34.12434559000218570 ) ) ;
#1353 = CARTESIAN_POINT ( 'NONE',  ( 1328.363248210773691, 20.00741669785265131, 37.41040428896581460 ) ) ;
#1354 = CARTESIAN_POINT ( 'NONE',  ( 1332.518059219008592, 30.82634882133156395, -16.57517308565251568 ) ) ;
#1355 = CARTESIAN_POINT ( 'NONE',  ( 1324.140757759289272, -9.967600239748914959, 33.66153719573921421 ) ) ;
#1356 = DIRECTION ( 'NONE',  ( 0.000000000000000000, 0.000000000000000000, 1.000000000000000000 ) ) ;
#1357 = CARTESIAN_POINT ( 'NONE',  ( 1340.086208257717772, -32.78678456690931142, 18.58479707062105035 ) ) ;
#1358 = CARTESIAN_POINT ( 'NONE',  ( 1339.516740669459978, 32.38112362018711110, -19.66373387928615557 ) ) ;
#1359 = CARTESIAN_POINT ( 'NONE',  ( 1345.362804890530242, 35.90167330756030140, 3.329652631526619722 ) ) ;
#1360 = CARTESIAN_POINT ( 'NONE',  ( 1328.241428935285739, 27.95542297596303882, 21.06010055246999002 ) ) ;
#1361 = CARTESIAN_POINT ( 'NONE',  ( 1335.906663424707176, -32.68533852873621015, 12.51972240535559422 ) ) ;
#1362 = CARTESIAN_POINT ( 'NONE',  ( 1314.075537542299799, -8.063755944892180949, -34.06822864983689669 ) ) ;
#1363 = CARTESIAN_POINT ( 'NONE',  ( 1313.297247603861479, 4.235395005633187715, -34.74295047020471827 ) ) ;
#1364 = CARTESIAN_POINT ( 'NONE',  ( 1315.170486819690041, -11.36069085341290119, 33.11440201301660124 ) ) ;
#1365 = CARTESIAN_POINT ( 'NONE',  ( 1326.695254778478329, -26.74075102677535298, -22.58331432113642379 ) ) ;
#1366 = CARTESIAN_POINT ( 'NONE',  ( 1339.665208470910557, 34.39402578850545211, 6.484825645913258718 ) ) ;
#1367 = CARTESIAN_POINT ( 'NONE',  ( 1318.537286771054823, -17.78829372638987039, -30.14260932530932990 ) ) ;
#1368 = CARTESIAN_POINT ( 'NONE',  ( 1326.480183611294024, -26.56279760640864396, 22.79212667468839726 ) ) ;
#1369 = CARTESIAN_POINT ( 'NONE',  ( 1338.120764244998327, -31.32146856555097258, 22.18471350728942326 ) ) ;
#1370 = CARTESIAN_POINT ( 'NONE',  ( 1340.978798171409153, 33.39436119970054762, -16.82083402177065423 ) ) ;
#1371 = CARTESIAN_POINT ( 'NONE',  ( 1345.337194606860066, 35.88906944522690168, 3.529888810868279769 ) ) ;
#1372 = CARTESIAN_POINT ( 'NONE',  ( 1335.460934345562691, -32.45886912519421230, 13.09411908765254573 ) ) ;
#1373 = CARTESIAN_POINT ( 'NONE',  ( 1319.311583318689827, -18.96674110627539989, 29.45270389218580220 ) ) ;
#1374 = CARTESIAN_POINT ( 'NONE',  ( 1325.175834035729395, 25.43383252883044676, -24.04413059438531874 ) ) ;
#1375 = CARTESIAN_POINT ( 'NONE',  ( 1342.190241720438962, 34.25160899554430216, -7.342600749457790066 ) ) ;
#1376 = CARTESIAN_POINT ( 'NONE',  ( 1325.577698572675445, -25.79092433065970980, 23.66069042750778095 ) ) ;
#1377 = CARTESIAN_POINT ( 'NONE',  ( 1363.000000000000000, 3.061616997868379335E-14, 50.00000000000000000 ) ) ;
#1378 = CARTESIAN_POINT ( 'NONE',  ( 1343.331587542819761, 34.90718011846981739, 2.584072111496680257 ) ) ;
#1379 = CARTESIAN_POINT ( 'NONE',  ( 1338.686266096424788, -33.98267349538446780, 8.395795513544854316 ) ) ;
#1380 = CARTESIAN_POINT ( 'NONE',  ( 1332.965726583288188, 26.42285862366795968, 30.57029000558208054 ) ) ;
#1381 = CARTESIAN_POINT ( 'NONE',  ( 1341.171691236957258, -33.51953268246836615, -16.41833927862170128 ) ) ;
#1382 = CARTESIAN_POINT ( 'NONE',  ( 1327.117667729123923, 27.08702570157556266, -22.17232378382774627 ) ) ;
#1383 = CARTESIAN_POINT ( 'NONE',  ( 1330.942664135128780, -29.84416241622111698, -18.28489181790737206 ) ) ;
#1384 = CARTESIAN_POINT ( 'NONE',  ( 1329.284509858529873, 28.72811810242889763, -20.01367478609559925 ) ) ;
#1385 = CARTESIAN_POINT ( 'NONE',  ( 1325.604768104375808, -25.81466962356802242, 23.63478746883982140 ) ) ;
#1386 = CARTESIAN_POINT ( 'NONE',  ( 1345.564360845250121, 35.99999433704519447, 6.717798539668250544E-10 ) ) ;
#1387 = CARTESIAN_POINT ( 'NONE',  ( 1343.499606673969311, 34.99998890427215059, 2.394497565264575468E-06 ) ) ;
#1388 = CARTESIAN_POINT ( 'NONE',  ( 1334.912634394490169, 32.17310787556149876, -13.78010430096942152 ) ) ;
#1389 = CARTESIAN_POINT ( 'NONE',  ( 1341.205534554059795, 34.99999689527770386, 0.2921268677629769717 ) ) ;
#1390 = CARTESIAN_POINT ( 'NONE',  ( 1323.127968589000602, -3.543889112865151070, -34.84909975193707510 ) ) ;
#1391 = CARTESIAN_POINT ( 'NONE',  ( 1313.019012165942740, 1.155641680227072587, -34.98364460679543697 ) ) ;
#1392 = CARTESIAN_POINT ( 'NONE',  ( 1335.332334659968410, 28.89345734343834948, 26.85670360697629633 ) ) ;
#1393 = FACE_OUTER_BOUND ( 'NONE', #839, .T. ) ;
#1394 = ORIENTED_EDGE ( 'NONE', *, *, #2080, .T. ) ;
#1395 = EDGE_CURVE ( 'NONE', #502, #644, #765, .T. ) ;
#1396 = CARTESIAN_POINT ( 'NONE',  ( 1341.058104360279231, 33.54581007121809932, 10.07160449099329824 ) ) ;
#1397 = CARTESIAN_POINT ( 'NONE',  ( 1331.254483580427404, -30.04493449750425782, -17.95276894585984806 ) ) ;
#1398 = CARTESIAN_POINT ( 'NONE',  ( 1330.531490215649455, 23.67258216935098147, -25.97531953156000384 ) ) ;
#1399 = AXIS2_PLACEMENT_3D ( 'NONE', #1013, #707, #671 ) ;
#1400 = CARTESIAN_POINT ( 'NONE',  ( 1323.418881884976827, -23.76163324078221351, 25.69807901856801280 ) ) ;
#1401 = CARTESIAN_POINT ( 'NONE',  ( 1318.281771959474781, 17.40472803242373345, 30.37075484821177795 ) ) ;
#1402 = B_SPLINE_CURVE_WITH_KNOTS ( 'NONE', 3,
 ( #1371, #2017, #564, #838, #26, #828, #314, #1490, #351, #1480, #332, #1935, #1954, #499, #964, #1149, #1325, #1974, #1002, #16, #1318, #1797, #670, #156, #1651, #1964, #513, #507, #1162, #1815, #191, #34, #688, #476, #1310, #640, #1460, #1420, #1724, #1082, #292, #1097, #1280, #279, #941, #1254, #1573, #130, #754, #2056, #1737, #1392, #1432, #628, #465, #1767, #1550, #740, #217, #1380, #1642, #709, #1872, #2027, #577, #1684, #1231, #1878, #179, #1486, #22, #675, #378, #1969, #532, #1185, #226, #1026, #1353, #1587, #1712, #2046, #590, #1754, #293, #794, #255, #1255, #907, #942, #1611, #952, #930, #142, #131, #466, #1433, #2064, #1562 ),
 .UNSPECIFIED., .F., .F.,
 ( 4, 2, 1, 2, 2, 1, 1, 2, 2, 1, 2, 2, 1, 1, 1, 2, 2, 2, 1, 1, 2, 2, 2, 2, 2, 2, 2, 2, 2, 2, 1, 2, 2, 2, 1, 2, 1, 2, 2, 1, 1, 1, 2, 2, 1, 1, 2, 2, 1, 1, 2, 2, 1, 1, 1, 2, 2, 1, 2, 2, 4 ),
 ( 0.000000000000000000, 0.01503671703883260359, 0.01691630666868682714, 0.01785610148361426938, 0.01809105018734629214, 0.01832599889107832183, 0.01879589629854237082, 0.02255507555825326735, 0.03007343407767430754, 0.03383261333738524224, 0.03571220296724072346, 0.03594715167097234376, 0.03618210037470395712, 0.03665199778216814835, 0.03759179259709653775, 0.04511015111651914267, 0.04886933037623093778, 0.04980912519115862636, 0.05074892000608632187, 0.05262850963594272596, 0.06014686815536831460, 0.06202645778522446196, 0.06390604741508061626, 0.06766522667479286934, 0.07518358519421741715, 0.07894276445392912900, 0.08270194371364084085, 0.09022030223306418129, 0.09209989186292033558, 0.09397948149277648988, 0.09773866075248877072, 0.1052570192719145120, 0.1090161985316273618, 0.1108957881614832386, 0.1127753777913391015, 0.1202937363107589586, 0.1240529155704689357, 0.1249927103853967214, 0.1252276590891286401, 0.1254626077928605588, 0.1259325052003244516, 0.1278120948301801341, 0.1353304533496060835, 0.1503671703884580657, 0.1541263496481710682, 0.1560059392780275556, 0.1562408879817596685, 0.1564758366854917537, 0.1569457340929559797, 0.1578855289078854029, 0.1654038874273206228, 0.1804406044661919784, 0.1841997837259102266, 0.1860793733557693508, 0.1870191681706993014, 0.1874890655781639159, 0.1877240142818961677, 0.1879589629856284472, 0.1954773215050586710, 0.2105140385439198403, 0.2405874726216416515 ),
 .UNSPECIFIED. ) ;
#1403 = CARTESIAN_POINT ( 'NONE',  ( 1334.895663310101099, 32.16413919316045877, -13.80102063936208978 ) ) ;
#1404 = CARTESIAN_POINT ( 'NONE',  ( 1338.201008353086763, -33.76894978609701070, 9.205210502419152618 ) ) ;
#1405 = CARTESIAN_POINT ( 'NONE',  ( 1337.739881890950073, -31.16664720723430548, -16.07575293098411606 ) ) ;
#1406 = CARTESIAN_POINT ( 'NONE',  ( 1314.014769275858498, 7.795184891303762242, -34.12091326610146780 ) ) ;
#1407 = DIRECTION ( 'NONE',  ( 0.000000000000000000, 0.000000000000000000, 1.000000000000000000 ) ) ;
#1408 = CARTESIAN_POINT ( 'NONE',  ( 1324.450763185652249, -10.67510748730519232, 42.97607428103399485 ) ) ;
#1409 = CARTESIAN_POINT ( 'NONE',  ( 1339.076459597096800, -32.05808723214826728, -20.47773140078155052 ) ) ;
#1410 = ORIENTED_EDGE ( 'NONE', *, *, #1821, .F. ) ;
#1411 = CARTESIAN_POINT ( 'NONE',  ( 1338.142415976690245, 31.34749520047979487, 22.15837065553269980 ) ) ;
#1412 = CARTESIAN_POINT ( 'NONE',  ( 1332.950644403949127, -31.08562596208474105, -16.09441154403901919 ) ) ;
#1413 = CARTESIAN_POINT ( 'NONE',  ( 1345.388656705529911, 35.91471307912500066, -3.272402823881720213 ) ) ;
#1414 = CARTESIAN_POINT ( 'NONE',  ( 1328.253725012335281, -27.96456156144919802, 21.04773282048001803 ) ) ;
#1415 = CARTESIAN_POINT ( 'NONE',  ( 1323.186693223706243, -3.875616605784977242, 44.74047778311056334 ) ) ;
#1416 = CARTESIAN_POINT ( 'NONE',  ( 1317.623468710122552, 16.33284988230838053, 30.95545793223743303 ) ) ;
#1417 = CARTESIAN_POINT ( 'NONE',  ( 1332.543211478095373, 30.84138677731368361, -16.54718821032350107 ) ) ;
#1418 = CARTESIAN_POINT ( 'NONE',  ( 1332.774124973332164, -30.97847256622585022, 16.28908398420356107 ) ) ;
#1419 = CARTESIAN_POINT ( 'NONE',  ( 1334.096983119949982, -27.66456424204879738, -28.81999918584179809 ) ) ;
#1420 = CARTESIAN_POINT ( 'NONE',  ( 1339.412919680473806, 32.30611560872410593, 19.85809229650336505 ) ) ;
#1421 = CARTESIAN_POINT ( 'NONE',  ( 40.00000000000000000, 35.00000000000000000, 0.000000000000000000 ) ) ;
#1422 = CARTESIAN_POINT ( 'NONE',  ( 1334.783154313564637, -28.35553922508634628, 27.73358711096754448 ) ) ;
#1423 = CARTESIAN_POINT ( 'NONE',  ( 1343.860626105613846, -35.12384627713724683, -9.867563321999606174 ) ) ;
#1424 = CARTESIAN_POINT ( 'NONE',  ( 1327.321074754519941, 18.49604472825271984, -29.90161211170608269 ) ) ;
#1425 = CARTESIAN_POINT ( 'NONE',  ( 1326.088992109840319, 26.23374260629535470, -23.17017738416774364 ) ) ;
#1426 = CARTESIAN_POINT ( 'NONE',  ( 1342.764652120320079, 34.50665688419240240, 12.86243322887080076 ) ) ;
#1427 = CARTESIAN_POINT ( 'NONE',  ( 1343.658326793629840, 35.01638673970850135, -10.52587322218300159 ) ) ;
#1428 = CARTESIAN_POINT ( 'NONE',  ( 1344.317062373939962, -35.37125812279319348, 8.475145545286439486 ) ) ;
#1429 = CARTESIAN_POINT ( 'NONE',  ( 1314.393533374523940, -9.117838456557509019, 33.79163911766997330 ) ) ;
#1430 = CARTESIAN_POINT ( 'NONE',  ( 1317.682405072852589, 16.43148045409118296, 30.90318330641117583 ) ) ;
#1431 = CARTESIAN_POINT ( 'NONE',  ( 1336.345496091029872, -30.01393481697572341, -18.20432891053088298 ) ) ;
#1432 = CARTESIAN_POINT ( 'NONE',  ( 1334.857906589254299, 28.42927865057797021, 27.61451818501929623 ) ) ;
#1433 = CARTESIAN_POINT ( 'NONE',  ( 1323.255828924440948, 5.218321133347032514, 44.64517792961974152 ) ) ;
#1434 = CARTESIAN_POINT ( 'NONE',  ( 1333.448137801114626, -26.96048399119092309, 29.82652103667149035 ) ) ;
#1435 = ORIENTED_EDGE ( 'NONE', *, *, #813, .F. ) ;
#1436 = CARTESIAN_POINT ( 'NONE',  ( 1328.815613786049880, 20.77637039917479811, -36.75497555449110365 ) ) ;
#1437 = CARTESIAN_POINT ( 'NONE',  ( 1316.746061791021475, 14.76902134183499626, -31.73131458557613271 ) ) ;
#1438 = CARTESIAN_POINT ( 'NONE',  ( 1327.892385834279139, 19.56040981904278908, 29.21474519553212090 ) ) ;
#1439 = CARTESIAN_POINT ( 'NONE',  ( 1331.251262455104779, -30.04287584072767459, -17.95621407147734772 ) ) ;
#1440 = CARTESIAN_POINT ( 'NONE',  ( 1337.742365925970034, -33.56682207196980272, 9.961272815891899057 ) ) ;
#1441 = CARTESIAN_POINT ( 'NONE',  ( 1313.455826952008238, -5.239387522386659057, 34.60564164062433434 ) ) ;
#1442 = CARTESIAN_POINT ( 'NONE',  ( 1336.552910813667722, 33.00510870968737009, 11.65963340671693338 ) ) ;
#1443 = CARTESIAN_POINT ( 'NONE',  ( 1314.624981648251378, -9.838600738375523846, -33.59019158802376381 ) ) ;
#1444 = EDGE_CURVE ( 'NONE', #176, #1792, #1072, .T. ) ;
#1445 = CIRCLE ( 'NONE', #889, 40.00000000000003553 ) ;
#1446 = CARTESIAN_POINT ( 'NONE',  ( 1327.520038562146510, -27.40133232245697670, -21.77538831719552448 ) ) ;
#1447 = CARTESIAN_POINT ( 'NONE',  ( 1313.791014106880084, 6.938089993909019704, 34.31517918088590591 ) ) ;
#1448 = CARTESIAN_POINT ( 'NONE',  ( 1317.378863515449893, -15.92292603034080045, -31.17237997594940069 ) ) ;
#1449 = DIRECTION ( 'NONE',  ( 1.000000000000000000, 0.000000000000000000, 0.000000000000000000 ) ) ;
#1450 = CARTESIAN_POINT ( 'NONE',  ( 1324.472047771164853, -10.75167316685340424, 42.94624151972947601 ) ) ;
#1451 = CYLINDRICAL_SURFACE ( 'NONE', #926, 40.00000000000003553 ) ;
#1452 = EDGE_LOOP ( 'NONE', ( #1410, #376, #335, #796, #158, #1172, #244 ) ) ;
#1453 = CARTESIAN_POINT ( 'NONE',  ( 1320.238328541773853, 20.16134654181658092, -28.61557378227530890 ) ) ;
#1454 = CARTESIAN_POINT ( 'NONE',  ( 1335.261797153590123, 32.37007302638599526, 13.38832921380139851 ) ) ;
#1455 = CARTESIAN_POINT ( 'NONE',  ( 1319.288460454203232, -18.88172130577188668, 29.47052049279055197 ) ) ;
#1456 = CARTESIAN_POINT ( 'NONE',  ( 1328.627627976918802, 28.24240124748775926, 20.67285155826904131 ) ) ;
#1457 = CARTESIAN_POINT ( 'NONE',  ( 1323.430738564080002, 5.880553511659329935, 44.40101445097770494 ) ) ;
#1458 = CARTESIAN_POINT ( 'NONE',  ( 1343.609338521240034, -34.98770400627699928, -10.64230655849149798 ) ) ;
#1459 = CARTESIAN_POINT ( 'NONE',  ( 1313.000371718663928, 0.1652097783696744038, -34.99970738239615997 ) ) ;
#1460 = CARTESIAN_POINT ( 'NONE',  ( 1339.562834132317448, 32.41500377043936965, 19.57882485168327236 ) ) ;
#1461 = CARTESIAN_POINT ( 'NONE',  ( 1328.468499378015622, -20.19999693740475166, -37.25906595656994114 ) ) ;
#1462 = ORIENTED_EDGE ( 'NONE', *, *, #1902, .T. ) ;
#1463 = CARTESIAN_POINT ( 'NONE',  ( 1323.824082691620106, 8.542352104707859439, -34.03241265261077331 ) ) ;
#1464 = CARTESIAN_POINT ( 'NONE',  ( 1317.440535067016526, 16.02417732215530677, -31.11767258991701013 ) ) ;
#1465 = CARTESIAN_POINT ( 'NONE',  ( 1323.000000000000000, 3.061616997868379335E-14, 50.00000000000000000 ) ) ;
#1466 = CARTESIAN_POINT ( 'NONE',  ( 1320.687620184181469, -20.72631732401752558, 28.20867080299563412 ) ) ;
#1467 = CARTESIAN_POINT ( 'NONE',  ( 1333.406094158562837, 31.34548696777109100, 15.57115072697156677 ) ) ;
#1468 = CARTESIAN_POINT ( 'NONE',  ( 1323.064004885520035, -2.415802428210270136, 44.91110206910330049 ) ) ;
#1469 = CARTESIAN_POINT ( 'NONE',  ( 1334.822400809368673, -32.12534835009493861, -13.89112742788386967 ) ) ;
#1470 = CARTESIAN_POINT ( 'NONE',  ( 1330.297058210692967, -23.04133088346293690, -34.58543754999672615 ) ) ;
#1471 = ORIENTED_EDGE ( 'NONE', *, *, #975, .F. ) ;
#1472 = CARTESIAN_POINT ( 'NONE',  ( 1319.879688531736520, 19.69355271217917647, -28.93924525053392571 ) ) ;
#1473 = CARTESIAN_POINT ( 'NONE',  ( 1339.298160827628635, 34.24189224966130496, -7.245947284659015608 ) ) ;
#1474 = CARTESIAN_POINT ( 'NONE',  ( 1323.270835265002461, -23.61158461905539951, 25.83588870289493045 ) ) ;
#1475 = CARTESIAN_POINT ( 'NONE',  ( 1329.254390900099224, 28.69613601887337850, 20.03864431934187351 ) ) ;
#1476 = CARTESIAN_POINT ( 'NONE',  ( 1323.700974960979920, 7.946394816228065316, 34.17658027129589016 ) ) ;
#1477 = SECURITY_CLASSIFICATION ( '', '', #853 ) ;
#1478 = CARTESIAN_POINT ( 'NONE',  ( 1333.119910993784288, 26.59746549804985349, -30.33355366451843338 ) ) ;
#1479 = AXIS2_PLACEMENT_3D ( 'NONE', #1861, #86, #1046 ) ;
#1480 = CARTESIAN_POINT ( 'NONE',  ( 1344.329099451501406, 35.37510052852819342, 8.348199257909614701 ) ) ;
#1481 = CARTESIAN_POINT ( 'NONE',  ( 1339.151568442053076, -34.18018725704187233, -7.530927382741475107 ) ) ;
#1482 = CARTESIAN_POINT ( 'NONE',  ( 1329.146977958798061, -21.30664666926354656, -36.27212778472127042 ) ) ;
#1483 = ORIENTED_EDGE ( 'NONE', *, *, #1154, .T. ) ;
#1484 = CARTESIAN_POINT ( 'NONE',  ( 1318.620348138705594, 17.91337333780353092, -30.06847386901521446 ) ) ;
#1485 = CARTESIAN_POINT ( 'NONE',  ( 1341.132757413900890, 34.97255048090366358, -1.403107898933942943 ) ) ;
#1486 = CARTESIAN_POINT ( 'NONE',  ( 1331.090899682995314, 24.12621054166360679, 33.40666979952089122 ) ) ;
#1487 = CARTESIAN_POINT ( 'NONE',  ( 1335.748949262543192, 32.60531173399447624, 12.72374658625914634 ) ) ;
#1488 = CARTESIAN_POINT ( 'NONE',  ( 1327.262692677559244, -17.96888485248225820, 38.99434038457320639 ) ) ;
#1489 = CARTESIAN_POINT ( 'NONE',  ( 1326.473887554747535, 16.30470963322238376, -40.12004401683643806 ) ) ;
#1490 = CARTESIAN_POINT ( 'NONE',  ( 1344.356193373692122, 35.38938416882694327, 8.252919180794926035 ) ) ;
#1491 = FACE_OUTER_BOUND ( 'NONE', #631, .T. ) ;
#1492 = CARTESIAN_POINT ( 'NONE',  ( 1340.710373787251683, 34.81086602435282629, -3.635293134767350942 ) ) ;
#1493 = CARTESIAN_POINT ( 'NONE',  ( 1325.048805581213628, -25.31913142506882153, -24.16492654265594098 ) ) ;
#1494 = CARTESIAN_POINT ( 'NONE',  ( 1323.000000000000000, 3.061616997868379335E-14, 50.00000000000000000 ) ) ;
#1495 = CARTESIAN_POINT ( 'NONE',  ( 1341.877757702212193, -33.96854732672576915, 14.90418409872072658 ) ) ;
#1496 = CARTESIAN_POINT ( 'NONE',  ( 1334.747141592536309, -32.08538462241222078, -13.98334377964631692 ) ) ;
#1497 = FACE_OUTER_BOUND ( 'NONE', #294, .T. ) ;
#1498 = CARTESIAN_POINT ( 'NONE',  ( 1340.921500876160053, 34.89215376540519742, 2.745470016466529994 ) ) ;
#1499 = CARTESIAN_POINT ( 'NONE',  ( 1314.638870593759975, -9.929377429470839900, 33.57828167498300331 ) ) ;
#1500 = CARTESIAN_POINT ( 'NONE',  ( 1327.179223407303198, -27.13221268171631806, -22.11056194876849901 ) ) ;
#1501 = CARTESIAN_POINT ( 'NONE',  ( 1345.362804890530242, 35.90167330756030140, 3.329652631526619722 ) ) ;
#1502 = LINE ( 'NONE', #1190, #1674 ) ;
#1503 = CARTESIAN_POINT ( 'NONE',  ( 1342.088408023735610, -34.09847238522103652, 14.43173997452741553 ) ) ;
#1504 = CARTESIAN_POINT ( 'NONE',  ( 1342.859867902949418, -34.64135546950211619, -5.069115579917036207 ) ) ;
#1505 = EDGE_CURVE ( 'NONE', #1957, #620, #385, .T. ) ;
#1506 = CARTESIAN_POINT ( 'NONE',  ( 1331.660533418653813, 24.85643133975946384, -32.55194154494810732 ) ) ;
#1507 = CARTESIAN_POINT ( 'NONE',  ( 1338.424886595163798, -33.86781135711306234, -8.834663844150632883 ) ) ;
#1508 = ORIENTED_EDGE ( 'NONE', *, *, #580, .T. ) ;
#1509 = PERSON_AND_ORGANIZATION_ROLE ( 'classification_officer' ) ;
#1510 = CARTESIAN_POINT ( 'NONE',  ( 1335.919469939540022, 32.69174630365201040, -12.50285973632951197 ) ) ;
#1511 = AXIS2_PLACEMENT_3D ( 'NONE', #2026, #1886, #1735 ) ;
#1512 = CARTESIAN_POINT ( 'NONE',  ( 1323.138315208009544, -3.636077704227639984, 34.83693851478761161 ) ) ;
#1513 = DIRECTION ( 'NONE',  ( 0.000000000000000000, 0.000000000000000000, 1.000000000000000000 ) ) ;
#1514 = CARTESIAN_POINT ( 'NONE',  ( 1344.948710421364694, -35.69525249725102611, -5.842997833528895235 ) ) ;
#1515 = DIRECTION ( 'NONE',  ( 0.000000000000000000, 0.000000000000000000, 1.000000000000000000 ) ) ;
#1516 = CARTESIAN_POINT ( 'NONE',  ( 1323.582946803428740, 23.92649392529577312, 25.54515304697876488 ) ) ;
#1517 = DIRECTION ( 'NONE',  ( 1.000000000000000000, 2.036359179429850012E-17, 0.000000000000000000 ) ) ;
#1518 = CARTESIAN_POINT ( 'NONE',  ( 1315.287104174263050, 11.62753450348482787, -33.01227293818008945 ) ) ;
#1519 = CALENDAR_DATE ( 2026, 25, 8 ) ;
#1520 = CARTESIAN_POINT ( 'NONE',  ( 1331.818561383909355, 30.40043002015611506, -17.34445721714503463 ) ) ;
#1521 = CARTESIAN_POINT ( 'NONE',  ( 1313.657460175019878, -6.375146903278929855, 34.43103951650800809 ) ) ;
#1522 = CARTESIAN_POINT ( 'NONE',  ( 1324.415086543002417, -24.73499993163816413, -24.76506094489627685 ) ) ;
#1523 = CARTESIAN_POINT ( 'NONE',  ( 1340.373055919767239, 34.67895701707661971, 4.729934158519435883 ) ) ;
#1524 = CARTESIAN_POINT ( 'NONE',  ( 1345.462810269417332, -35.95062205591035820, 2.362301134494413812 ) ) ;
#1525 = FACE_OUTER_BOUND ( 'NONE', #944, .T. ) ;
#1526 = CARTESIAN_POINT ( 'NONE',  ( 1339.772426220879652, -34.43870252174526314, -6.273005551968298121 ) ) ;
#1527 = CARTESIAN_POINT ( 'NONE',  ( 1326.251263528761228, 26.37032141242437788, 23.01317435309141501 ) ) ;
#1528 = CARTESIAN_POINT ( 'NONE',  ( 1338.978909134962350, -34.10777992462104891, 7.869747416676363017 ) ) ;
#1529 = CARTESIAN_POINT ( 'NONE',  ( 1322.996067152660089, -0.05658090040650269603, -45.00546228598659582 ) ) ;
#1530 = CARTESIAN_POINT ( 'NONE',  ( 1326.059931549540124, -15.37764657090670006, 40.70881311821409554 ) ) ;
#1531 = CARTESIAN_POINT ( 'NONE',  ( 1325.135567198427225, -25.39755978099285727, -24.08244196106325319 ) ) ;
#1532 = CARTESIAN_POINT ( 'NONE',  ( 1339.691581869225729, 34.40483791675567460, 6.427100402017763336 ) ) ;
#1533 = CARTESIAN_POINT ( 'NONE',  ( 1318.254268793297570, -17.35469384565391593, -30.39494863103935529 ) ) ;
#1534 = CARTESIAN_POINT ( 'NONE',  ( 1343.958331441074051, -35.17939209821221880, 9.642578468642570400 ) ) ;
#1535 = DIRECTION ( 'NONE',  ( 0.000000000000000000, 0.000000000000000000, -1.000000000000000000 ) ) ;
#1536 = CARTESIAN_POINT ( 'NONE',  ( 1340.484001731821991, -34.72256630896406904, -4.402440353725495470 ) ) ;
#1537 = CARTESIAN_POINT ( 'NONE',  ( 1328.436437742609087, 28.10100195117481547, 20.86485836198637855 ) ) ;
#1538 = CARTESIAN_POINT ( 'NONE',  ( 1341.018507300334477, -34.92920111555974927, 2.247118238597019424 ) ) ;
#1539 = CARTESIAN_POINT ( 'NONE',  ( 1324.000526537899304, -9.401915520793059144, -33.82577940416398832 ) ) ;
#1540 = CARTESIAN_POINT ( 'NONE',  ( 1324.609555949740070, -24.94991696187670271, 24.58731417998399849 ) ) ;
#1541 = AXIS2_PLACEMENT_3D ( 'NONE', #814, #1144, #1822 ) ;
#1542 = CARTESIAN_POINT ( 'NONE',  ( 1340.985820881910058, 34.91708216026040645, -2.545202196352449597 ) ) ;
#1543 = CARTESIAN_POINT ( 'NONE',  ( 1319.183988748105776, -18.74153958961965216, -29.56462153846544894 ) ) ;
#1544 = CARTESIAN_POINT ( 'NONE',  ( 1325.719400659590974, -25.91485113743625845, 23.52501117797181962 ) ) ;
#1545 = CARTESIAN_POINT ( 'NONE',  ( 1345.536476183548530, 35.98651370713218256, -1.420414562659974012 ) ) ;
#1546 = CARTESIAN_POINT ( 'NONE',  ( 1345.337200700919993, 35.88907244441669775, 3.529890021171259828 ) ) ;
#1547 = CARTESIAN_POINT ( 'NONE',  ( 1340.296175174910559, -34.64932819356618410, 4.977795409901885293 ) ) ;
#1548 = CARTESIAN_POINT ( 'NONE',  ( 1324.739618695847867, -12.16815058423179963, -32.95959749033737296 ) ) ;
#1549 = CARTESIAN_POINT ( 'NONE',  ( 1313.270124356768065, 4.037011259548646258, -34.76642253736521582 ) ) ;
#1550 = CARTESIAN_POINT ( 'NONE',  ( 1333.911755493505552, 27.45701187522985620, 29.10457772473367655 ) ) ;
#1551 = CARTESIAN_POINT ( 'NONE',  ( 1322.833034982673780, 23.15916631072276033, -26.24220059183291198 ) ) ;
#1552 = CARTESIAN_POINT ( 'NONE',  ( 1328.930327486150190, -28.46377674549292180, -20.36765008168085345 ) ) ;
#1553 = CARTESIAN_POINT ( 'NONE',  ( 1343.040725416351506, 34.74430716321248980, -4.296661727172718770 ) ) ;
#1554 = CARTESIAN_POINT ( 'NONE',  ( 1322.751781731420579, -23.07367800904253841, -26.31740271196473557 ) ) ;
#1555 = CARTESIAN_POINT ( 'NONE',  ( 1323.574951633989258, -23.91841762860763154, 25.55260408548036466 ) ) ;
#1556 = CARTESIAN_POINT ( 'NONE',  ( 1338.297793063005429, 31.46178046860784860, -21.87419522716776044 ) ) ;
#1557 = CARTESIAN_POINT ( 'NONE',  ( 1330.355686426587908, 29.45669928828258222, -18.90260034442130177 ) ) ;
#1558 = CARTESIAN_POINT ( 'NONE',  ( 0.000000000000000000, 0.000000000000000000, 0.000000000000000000 ) ) ;
#1559 = CARTESIAN_POINT ( 'NONE',  ( 1336.096866814348232, -32.78018535963663993, 12.26900152099761065 ) ) ;
#1560 = CARTESIAN_POINT ( 'NONE',  ( 1313.117653338089895, -2.875833501425869798, -34.89831597698999843 ) ) ;
#1561 = EDGE_CURVE ( 'NONE', #434, #487, #723, .T. ) ;
#1562 = CARTESIAN_POINT ( 'NONE',  ( 1322.999997349544628, 7.643174050860698378E-08, 44.99999358684099349 ) ) ;
#1563 = CARTESIAN_POINT ( 'NONE',  ( 1333.794931542471659, -27.33690549852135732, -29.28833916987026242 ) ) ;
#1564 = CARTESIAN_POINT ( 'NONE',  ( 1327.606432130462963, 27.46883519562105391, -21.69016958986752996 ) ) ;
#1565 = CARTESIAN_POINT ( 'NONE',  ( 1337.705815150399985, 33.54813863740929492, 10.00411473356609982 ) ) ;
#1566 = CARTESIAN_POINT ( 'NONE',  ( 1328.789425091312523, -28.36100130213946002, -20.50984178449270345 ) ) ;
#1567 = CARTESIAN_POINT ( 'NONE',  ( 1338.822908492039915, 34.04370933027210100, -8.186790283920078792 ) ) ;
#1568 = CARTESIAN_POINT ( 'NONE',  ( 1320.512712322543393, -20.50197505082195448, -28.36672784601366715 ) ) ;
#1569 = CARTESIAN_POINT ( 'NONE',  ( 1323.892539114895953, -24.23315816550599777, 25.25593109654456470 ) ) ;
#1570 = CARTESIAN_POINT ( 'NONE',  ( 1334.983642658067993, 32.21056158713227546, -13.69240755211155403 ) ) ;
#1571 = CARTESIAN_POINT ( 'NONE',  ( 1337.323698241075135, -33.36951090145915089, 10.55821139862064939 ) ) ;
#1572 = CARTESIAN_POINT ( 'NONE',  ( 1342.578908725619613, -34.47895457999461399, -6.088982704844786653 ) ) ;
#1573 = CARTESIAN_POINT ( 'NONE',  ( 1336.364847613210486, 29.84258638926822016, 25.16937042481179532 ) ) ;
#1574 = CARTESIAN_POINT ( 'NONE',  ( 1323.000000751665766, -1.238309296350389171E-07, -44.99999723282781616 ) ) ;
#1575 = CARTESIAN_POINT ( 'NONE',  ( 1320.994708972850049, 21.10590810564690045, -27.93000786188790130 ) ) ;
#1576 = CARTESIAN_POINT ( 'NONE',  ( 1339.754718728249827, 34.43298518321100232, 6.357001358516309431 ) ) ;
#1577 = CARTESIAN_POINT ( 'NONE',  ( 1332.011691642260075, -30.51957272556404988, -17.13394505597938888 ) ) ;
#1578 = CARTESIAN_POINT ( 'NONE',  ( 1345.575478367359892, 36.00538968302879539, 0.7211105496651181168 ) ) ;
#1579 = CARTESIAN_POINT ( 'NONE',  ( 1345.444928647629922, -35.94196866985409855, 2.647849921888449920 ) ) ;
#1580 = CARTESIAN_POINT ( 'NONE',  ( 1322.776574007304816, -23.09981671450355734, -26.29446272744595348 ) ) ;
#1581 = CIRCLE ( 'NONE', #518, 55.00000000000000000 ) ;
#1582 = CARTESIAN_POINT ( 'NONE',  ( 1329.158692874868848, -28.62776644297225204, 20.13581632530507548 ) ) ;
#1583 = CARTESIAN_POINT ( 'NONE',  ( 1323.100651496525643, -2.841110708912685912, 44.86008523501782719 ) ) ;
#1584 = VECTOR ( 'NONE', #1032, 1000.000000000000000 ) ;
#1585 = CARTESIAN_POINT ( 'NONE',  ( 1321.666142249796621, 21.88186508623925164, 27.31637380104989532 ) ) ;
#1586 = CARTESIAN_POINT ( 'NONE',  ( 1332.315321031101803, 30.70494535661013558, -16.80049286037458600 ) ) ;
#1587 = CARTESIAN_POINT ( 'NONE',  ( 1328.309238493035082, 19.91381804826300694, 37.48853282647110063 ) ) ;
#1588 = CARTESIAN_POINT ( 'NONE',  ( 1332.134932245071241, -25.44824852176590113, 31.83713752615346237 ) ) ;
#1589 = CARTESIAN_POINT ( 'NONE',  ( 1338.806106933300953, -31.85366890722646360, -20.96673032623278843 ) ) ;
#1590 = CARTESIAN_POINT ( 'NONE',  ( 1327.573458059297081, 27.44310531088004979, -21.72270813580130167 ) ) ;
#1591 = CARTESIAN_POINT ( 'NONE',  ( 1328.435502973200528, 20.49611354067618763, 28.55674961427130043 ) ) ;
#1592 = CARTESIAN_POINT ( 'NONE',  ( 1331.131714802232409, -29.96627114537159642, -18.08387483913602267 ) ) ;
#1593 = CARTESIAN_POINT ( 'NONE',  ( 1341.817789617510016, 33.93422553167020084, -15.05393725782779946 ) ) ;
#1594 = CARTESIAN_POINT ( 'NONE',  ( 1344.802009065509992, -35.62151875973579962, 6.588700622546590502 ) ) ;
#1595 = CARTESIAN_POINT ( 'NONE',  ( 1329.390166948336628, -28.79233985626257208, 19.90017214010388358 ) ) ;
#1596 = CC_DESIGN_PERSON_AND_ORGANIZATION_ASSIGNMENT ( #1196, #1853, ( #1198 ) ) ;
#1597 = CARTESIAN_POINT ( 'NONE',  ( 1324.284190673539570, 24.61275223227494635, 24.88851013639020238 ) ) ;
#1598 = DIRECTION ( 'NONE',  ( 0.000000000000000000, 0.000000000000000000, 1.000000000000000000 ) ) ;
#1599 = CARTESIAN_POINT ( 'NONE',  ( 1332.472295685983909, -30.80021743476279994, 16.62768151362594082 ) ) ;
#1600 = CARTESIAN_POINT ( 'NONE',  ( 1322.016507769180180, -22.29486377546140119, -26.99703685595759950 ) ) ;
#1601 = CARTESIAN_POINT ( 'NONE',  ( 1363.000000000000000, 3.061616997868379335E-14, 50.00000000000000000 ) ) ;
#1602 = CARTESIAN_POINT ( 'NONE',  ( 1324.668339957300759, -11.43943515540804334, 42.67098962118658534 ) ) ;
#1603 = CARTESIAN_POINT ( 'NONE',  ( 1343.796958697183982, -35.08912325248152797, -10.05988956033677439 ) ) ;
#1604 = ORIENTED_EDGE ( 'NONE', *, *, #1395, .F. ) ;
#1605 = CARTESIAN_POINT ( 'NONE',  ( 1316.788734173776220, 14.84967150839969108, -31.69368194464839661 ) ) ;
#1606 = CARTESIAN_POINT ( 'NONE',  ( 1318.806737609680113, 18.21460127900610004, 29.90298892150379828 ) ) ;
#1607 = CARTESIAN_POINT ( 'NONE',  ( 1345.579254263969915, -36.00720529022990490, -0.5624049927145710059 ) ) ;
#1608 = CARTESIAN_POINT ( 'NONE',  ( 1321.662484790850840, -21.88003440430883018, 27.31998722760445020 ) ) ;
#1609 = CARTESIAN_POINT ( 'NONE',  ( 1331.523560235643572, 30.21970772313680698, 17.66719088121981684 ) ) ;
#1610 = CARTESIAN_POINT ( 'NONE',  ( 1326.032972774919926, -15.29861426120889867, -40.74670495425559835 ) ) ;
#1611 = CARTESIAN_POINT ( 'NONE',  ( 1325.356494839010338, 13.52652717591277387, 41.70268429352034900 ) ) ;
#1612 = CARTESIAN_POINT ( 'NONE',  ( 1332.509611330368443, -25.89093183491395322, 31.26661149321038025 ) ) ;
#1613 = CARTESIAN_POINT ( 'NONE',  ( 1345.564360845250121, 35.99999433704519447, 6.717798539668250544E-10 ) ) ;
#1614 = ORIENTED_EDGE ( 'NONE', *, *, #497, .F. ) ;
#1615 = CARTESIAN_POINT ( 'NONE',  ( 1320.654672901587219, 20.67884901653458840, -28.23801462762616410 ) ) ;
#1616 = CARTESIAN_POINT ( 'NONE',  ( 1333.622922720579936, 31.48730820784280482, 15.34776111585719960 ) ) ;
#1617 = CARTESIAN_POINT ( 'NONE',  ( 1341.916260882480174, -33.99783698746760763, 14.84846486850999980 ) ) ;
#1618 = CARTESIAN_POINT ( 'NONE',  ( 1313.969838559390837, -7.647537978182260332, 34.15998070975731338 ) ) ;
#1619 = CARTESIAN_POINT ( 'NONE',  ( 1333.423565437000661, 31.35545611879578232, 15.55105922906703242 ) ) ;
#1620 = AXIS2_PLACEMENT_3D ( 'NONE', #1680, #1515, #223 ) ;
#1621 = CARTESIAN_POINT ( 'NONE',  ( 1339.360541607409914, -34.26864919931860243, -7.135912752222199451 ) ) ;
#1622 = CARTESIAN_POINT ( 'NONE',  ( 1325.738516724985402, -14.60131549500249903, 41.16466509641387006 ) ) ;
#1623 = CARTESIAN_POINT ( 'NONE',  ( 1330.855653550229817, -23.80670681941511901, -33.75604900454407442 ) ) ;
#1624 = ORIENTED_EDGE ( 'NONE', *, *, #960, .F. ) ;
#1625 = CARTESIAN_POINT ( 'NONE',  ( 1337.162150727533344, 33.29401469612029985, -10.79391697628452107 ) ) ;
#1626 = CARTESIAN_POINT ( 'NONE',  ( 1313.089080123188069, -2.649681875556101573, 34.92301791635529895 ) ) ;
#1627 = CARTESIAN_POINT ( 'NONE',  ( 1335.328042064719966, 32.39029023999898982, 13.26212305358412280 ) ) ;
#1628 = APPROVAL ( #1998, '未' ) ;
#1629 = CARTESIAN_POINT ( 'NONE',  ( 1338.808338185084494, -34.03407114651643184, -8.167048239491776940 ) ) ;
#1630 = CARTESIAN_POINT ( 'NONE',  ( 1325.965022197725148, -15.11329949917430682, -40.84248510793673859 ) ) ;
#1631 = ORIENTED_EDGE ( 'NONE', *, *, #1179, .T. ) ;
#1632 = ADVANCED_FACE ( 'NONE', ( #1525 ), #553, .T. ) ;
#1633 = CARTESIAN_POINT ( 'NONE',  ( 1339.889338700070539, 34.48576173271170831, -5.985365678723909788 ) ) ;
#1634 = CARTESIAN_POINT ( 'NONE',  ( 1317.181442997619570, -15.56838513643576327, 31.34686156115000344 ) ) ;
#1635 = CARTESIAN_POINT ( 'NONE',  ( 1331.028916287212951, 29.89996436846485750, 18.19319006394171723 ) ) ;
#1636 = CARTESIAN_POINT ( 'NONE',  ( 1313.080006106900100, -2.348696805204430582, 34.93085716485809655 ) ) ;
#1637 = CARTESIAN_POINT ( 'NONE',  ( 1331.538014960058945, 24.70117107059856210, -32.73608736127804519 ) ) ;
#1638 = CARTESIAN_POINT ( 'NONE',  ( 1331.331132903783782, -24.43666049198633772, -33.04656980872572802 ) ) ;
#1639 = EDGE_LOOP ( 'NONE', ( #1671, #317 ) ) ;
#1640 = CARTESIAN_POINT ( 'NONE',  ( 1316.970383650341091, 15.18817604006444988, -31.53339543654751864 ) ) ;
#1641 = CARTESIAN_POINT ( 'NONE',  ( 1341.009336076308728, 34.92570082679866061, -2.301656723440037577 ) ) ;
#1642 = CARTESIAN_POINT ( 'NONE',  ( 1332.502084185034391, 25.88307150093050168, 31.27840361914945078 ) ) ;
#1643 = CARTESIAN_POINT ( 'NONE',  ( 1335.719108405204906, 32.59021392610596735, 12.76237912520245743 ) ) ;
#1644 = CARTESIAN_POINT ( 'NONE',  ( 1314.151882373504122, -8.322360654507065192, -34.00188709236785911 ) ) ;
#1645 = CARTESIAN_POINT ( 'NONE',  ( 1336.804379516312338, 30.23226982416190722, -24.44056303336529368 ) ) ;
#1646 = ORIENTED_EDGE ( 'NONE', *, *, #1994, .T. ) ;
#1647 = CARTESIAN_POINT ( 'NONE',  ( 1340.463256859104376, 34.71472325635988909, -4.497152478586110114 ) ) ;
#1648 = DIRECTION ( 'NONE',  ( 1.000000000000000000, 2.036359179429850012E-17, 0.000000000000000000 ) ) ;
#1649 = DIRECTION ( 'NONE',  ( 0.000000000000000000, 1.000000000000000000, 0.000000000000000000 ) ) ;
#1650 = CARTESIAN_POINT ( 'NONE',  ( 1332.625467774998924, 26.03520974055616932, -31.09217767915613351 ) ) ;
#1651 = CARTESIAN_POINT ( 'NONE',  ( 1341.737252057259866, 33.88099053677870387, 15.21422663066839220 ) ) ;
#1652 = CARTESIAN_POINT ( 'NONE',  ( 1345.337194606860066, 35.88906944522690168, 3.529888810868279769 ) ) ;
#1653 = CARTESIAN_POINT ( 'NONE',  ( 1340.709603195610043, 34.81078230828420317, 3.673121055956049652 ) ) ;
#1654 = CARTESIAN_POINT ( 'NONE',  ( 1323.020155313359965, -23.37079136106369859, 26.07102841372650204 ) ) ;
#1655 = CARTESIAN_POINT ( 'NONE',  ( 1325.114725037939479, -25.37875054935784647, -24.10226328676698060 ) ) ;
#1656 = ADVANCED_FACE ( 'NONE', ( #1688 ), #2031, .T. ) ;
#1657 = CARTESIAN_POINT ( 'NONE',  ( 1339.710284823751408, 34.41249809511090518, 6.385925537908004657 ) ) ;
#1658 = DIRECTION ( 'NONE',  ( -2.036359179429850012E-17, 1.000000000000000000, 0.000000000000000000 ) ) ;
#1659 = CARTESIAN_POINT ( 'NONE',  ( 1342.030649967706495, -34.06298216799529399, 14.56206960525807936 ) ) ;
#1660 = CARTESIAN_POINT ( 'NONE',  ( 1337.562521780464522, -33.48184595680695708, -10.21418941918301826 ) ) ;
#1661 = CARTESIAN_POINT ( 'NONE',  ( 1315.560303917316787, 12.29120696308599925, 32.77336959319670484 ) ) ;
#1662 = FACE_BOUND ( 'NONE', #1928, .T. ) ;
#1663 = APPROVAL_DATE_TIME ( #59, #230 ) ;
#1664 = CARTESIAN_POINT ( 'NONE',  ( 1328.811660118422878, 28.37724333013356315, -20.48736462086912624 ) ) ;
#1665 = CARTESIAN_POINT ( 'NONE',  ( 1318.003135509970207, -17.02123343600059968, 30.62023102337100156 ) ) ;
#1666 = CARTESIAN_POINT ( 'NONE',  ( 1325.094923628859988, -25.36086490762591339, -24.12109150470741525 ) ) ;
#1667 = CARTESIAN_POINT ( 'NONE',  ( 1339.702813184562046, 34.40943844607078717, 6.402391424130747133 ) ) ;
#1668 = CARTESIAN_POINT ( 'NONE',  ( 1363.000000000000000, 2.775557561562889773E-14, 0.000000000000000000 ) ) ;
#1669 = CARTESIAN_POINT ( 'NONE',  ( 1345.431911164829444, -35.93557804995275262, -2.780264960085538917 ) ) ;
#1670 = CARTESIAN_POINT ( 'NONE',  ( 1340.967870872547337, -34.90988800468275599, -2.518908125822093336 ) ) ;
#1671 = ORIENTED_EDGE ( 'NONE', *, *, #919, .F. ) ;
#1672 = AXIS2_PLACEMENT_3D ( 'NONE', #1291, #1407, #1888 ) ;
#1673 = CARTESIAN_POINT ( 'NONE',  ( 1331.467632647535538, 30.18058694912488349, -17.72401587208195295 ) ) ;
#1674 = VECTOR ( 'NONE', #535, 1000.000000000000000 ) ;
#1675 = CARTESIAN_POINT ( 'NONE',  ( 1315.642569435040059, -12.48588884269800126, 32.70126189995979615 ) ) ;
#1676 = CARTESIAN_POINT ( 'NONE',  ( 1340.627491230031410, 34.77916508798369222, 3.976169008517688397 ) ) ;
#1677 = CARTESIAN_POINT ( 'NONE',  ( 1323.001041038647600, -0.3117140933271125292, 44.99854099980498034 ) ) ;
#1678 = CARTESIAN_POINT ( 'NONE',  ( 1344.525782547933431, -35.47890723674262148, -7.660570390359599635 ) ) ;
#1679 = CARTESIAN_POINT ( 'NONE',  ( 1339.498099232079539, 32.36759554925436078, -19.69850086634518505 ) ) ;
#1680 = CARTESIAN_POINT ( 'NONE',  ( 1363.000000000000000, 3.061616997868379335E-14, 50.00000000000000000 ) ) ;
#1681 = CARTESIAN_POINT ( 'NONE',  ( 1319.001095815057170, 18.47619791716675408, 29.72822598293085861 ) ) ;
#1682 = CARTESIAN_POINT ( 'NONE',  ( 40.00000000000000000, -55.00000000000000000, 6.735557395310442615E-15 ) ) ;
#1683 = PERSON_AND_ORGANIZATION ( #825, #1744 ) ;
#1684 = CARTESIAN_POINT ( 'NONE',  ( 1332.041321352480736, 25.32904399330065104, 31.97755726224812278 ) ) ;
#1685 = CARTESIAN_POINT ( 'NONE',  ( 1328.049266654960093, -19.50864799502620173, 37.86776214709610144 ) ) ;
#1686 = LINE ( 'NONE', #700, #1788 ) ;
#1687 = CARTESIAN_POINT ( 'NONE',  ( 1344.680491363316833, -35.55837490755359198, 7.029220563978351599 ) ) ;
#1688 = FACE_OUTER_BOUND ( 'NONE', #1272, .T. ) ;
#1689 = CARTESIAN_POINT ( 'NONE',  ( 1340.628131051266564, -34.77882141253519421, -3.928570274009175023 ) ) ;
#1690 = CARTESIAN_POINT ( 'NONE',  ( 1323.920207442497940, 24.25831757812114020, 25.22962744109680955 ) ) ;
#1691 = CARTESIAN_POINT ( 'NONE',  ( 1339.308165154064682, -34.24604687520201196, 7.225710826743525494 ) ) ;
#1692 = CARTESIAN_POINT ( 'NONE',  ( 1323.891653396799938, 8.467860060512339970, -43.75849193294089901 ) ) ;
#1693 = CARTESIAN_POINT ( 'NONE',  ( 1323.425138299620357, -6.264870343753326409, 34.49990161608491235 ) ) ;
#1694 = CARTESIAN_POINT ( 'NONE',  ( 1336.522237021890078, 32.99160815579049455, -11.70861786719940056 ) ) ;
#1695 = CARTESIAN_POINT ( 'NONE',  ( 1326.011144855432121, -26.16660131146233681, 23.24485164023182904 ) ) ;
#1696 = CARTESIAN_POINT ( 'NONE',  ( 1345.562963211662463, -35.99930207735501853, 0.7599245750096343954 ) ) ;
#1697 = CARTESIAN_POINT ( 'NONE',  ( 1343.944887821686734, 35.17199553432865855, -9.679847842295112414 ) ) ;
#1698 = CARTESIAN_POINT ( 'NONE',  ( 1340.601585018433070, -34.76848185096670818, -4.019329586604793114 ) ) ;
#1699 = CARTESIAN_POINT ( 'NONE',  ( 1341.195794769480244, 34.99634200609010293, 0.5831769920363799597 ) ) ;
#1700 = CARTESIAN_POINT ( 'NONE',  ( 1323.251237741279738, 4.875389097322327281, -34.70408696229866763 ) ) ;
#1701 = CARTESIAN_POINT ( 'NONE',  ( 1313.173126786503644, 3.300037527520140568, -34.85036314223033571 ) ) ;
#1702 = CARTESIAN_POINT ( 'NONE',  ( 1322.849014676493198, 23.17592210091929061, -26.22740351572639028 ) ) ;
#1703 = AXIS2_PLACEMENT_3D ( 'NONE', #1875, #738, #87 ) ;
#1704 = CARTESIAN_POINT ( 'NONE',  ( 1323.083007627919869, 23.43546214007689699, -26.01268994589119998 ) ) ;
#1705 = CARTESIAN_POINT ( 'NONE',  ( 1321.285136752114795, -21.44597816574670901, -27.66515080786452430 ) ) ;
#1706 = CARTESIAN_POINT ( 'NONE',  ( 1329.141759287636887, -28.61565463356515338, 20.15302237110136474 ) ) ;
#1707 = EDGE_CURVE ( 'NONE', #1004, #176, #112, .T. ) ;
#1708 = CARTESIAN_POINT ( 'NONE',  ( 1344.763487036612332, 35.60108369151421215, -6.689300245102630882 ) ) ;
#1709 = CARTESIAN_POINT ( 'NONE',  ( 1340.633379922771155, -34.78086487429182938, -3.910437550850033084 ) ) ;
#1710 = CARTESIAN_POINT ( 'NONE',  ( 1334.891502649251152, 32.16193939787661549, -13.80614597348202466 ) ) ;
#1711 = CARTESIAN_POINT ( 'NONE',  ( 1337.765764776620017, -33.57303758816864558, 9.893020607760739438 ) ) ;
#1712 = CARTESIAN_POINT ( 'NONE',  ( 1327.969543082341715, 19.31957776366587609, 37.97954919167597865 ) ) ;
#1713 = CARTESIAN_POINT ( 'NONE',  ( 1334.804980936021138, -28.37421523446496607, -27.69746570561546051 ) ) ;
#1714 = CARTESIAN_POINT ( 'NONE',  ( 1324.774902952619868, 12.29745285161650337, -32.91825522061762399 ) ) ;
#1715 = CARTESIAN_POINT ( 'NONE',  ( 1329.099829049392611, -28.58634720742137603, -20.19618128853216987 ) ) ;
#1716 = CARTESIAN_POINT ( 'NONE',  ( 1335.554504702590066, 32.51273976197330029, -12.99258190802259882 ) ) ;
#1717 = CARTESIAN_POINT ( 'NONE',  ( 1341.206241591930166, -35.00032631893159873, 0.8114277068328579201 ) ) ;
#1718 = CARTESIAN_POINT ( 'NONE',  ( 1328.399152613233127, -28.07331658359913362, 20.90226136203631668 ) ) ;
#1719 = CARTESIAN_POINT ( 'NONE',  ( 1341.534585426140893, 33.75279785223286666, -15.65175933840237299 ) ) ;
#1720 = CARTESIAN_POINT ( 'NONE',  ( 1330.070036985643128, 29.26366343168445638, -19.19999711268031461 ) ) ;
#1721 = CARTESIAN_POINT ( 'NONE',  ( 1340.660617838629832, -34.79155418833579461, 3.814165461042657856 ) ) ;
#1722 = CARTESIAN_POINT ( 'NONE',  ( 1316.105730598249920, -13.52996249083160052, -32.29537486434339399 ) ) ;
#1723 = CARTESIAN_POINT ( 'NONE',  ( 1313.695204401937644, 6.493875296687989795, -34.39828927443801376 ) ) ;
#1724 = CARTESIAN_POINT ( 'NONE',  ( 1338.958211085541961, 31.97083421946856419, 20.69563713285120343 ) ) ;
#1725 = CARTESIAN_POINT ( 'NONE',  ( 1363.000000000000000, 3.061616997868379335E-14, -50.00000000000000000 ) ) ;
#1726 = CARTESIAN_POINT ( 'NONE',  ( 1338.224109693294395, -31.40656381301115019, -22.00817286423799857 ) ) ;
#1727 = CARTESIAN_POINT ( 'NONE',  ( 1326.381450123088371, 16.54511068000720186, -31.02257153015948177 ) ) ;
#1728 = CARTESIAN_POINT ( 'NONE',  ( 1339.698272893649118, 32.63468580485949389, 12.78510311411799094 ) ) ;
#1729 = CARTESIAN_POINT ( 'NONE',  ( 1329.891671857440087, -29.14169414149770887, -19.38473907785635575 ) ) ;
#1730 = CARTESIAN_POINT ( 'NONE',  ( 1336.027607886829855, 29.54892147678399894, -25.73186758212289860 ) ) ;
#1731 = CARTESIAN_POINT ( 'NONE',  ( 1345.564993273540040, -36.00033564232960259, 1.043264194499390118 ) ) ;
#1732 = CARTESIAN_POINT ( 'NONE',  ( 1330.354545850457271, -29.45584911025029484, 18.90378161712524729 ) ) ;
#1733 = CARTESIAN_POINT ( 'NONE',  ( 1323.888726157103747, 24.22761261658946452, 25.25912298830339608 ) ) ;
#1734 = CARTESIAN_POINT ( 'NONE',  ( 1330.644537679042514, 29.64901530488092973, -18.59979083125250199 ) ) ;
#1735 = DIRECTION ( 'NONE',  ( 1.000000000000000000, 0.000000000000000000, 0.000000000000000000 ) ) ;
#1736 = CARTESIAN_POINT ( 'NONE',  ( 1331.142056546100093, -24.20500972583359811, -33.33202118674849146 ) ) ;
#1737 = CARTESIAN_POINT ( 'NONE',  ( 1335.807599843378739, 29.33631855939511368, 26.08415690022486189 ) ) ;
#1738 = CARTESIAN_POINT ( 'NONE',  ( 1323.000094883233487, 0.08998195630261010547, -44.99986090794250515 ) ) ;
#1739 = CARTESIAN_POINT ( 'NONE',  ( 1327.103497496523005, -17.64770323443737965, 39.22209549447672572 ) ) ;
#1740 = CARTESIAN_POINT ( 'NONE',  ( 1337.315057279459097, -30.66480678897245227, -23.57634978621398858 ) ) ;
#1741 = CARTESIAN_POINT ( 'NONE',  ( 1325.438145150659921, 13.79063364269589975, -41.58815766280589798 ) ) ;
#1742 = APPROVAL ( #1041, '未' ) ;
#1743 = CARTESIAN_POINT ( 'NONE',  ( 1321.834585654289867, 22.08382740920399812, 27.16320201628320063 ) ) ;
#1744 = ORGANIZATION ( '未', '未', '' ) ;
#1745 = CARTESIAN_POINT ( 'NONE',  ( 1331.256970530667786, -30.04652382732062676, -17.95010893801893204 ) ) ;
#1746 = CARTESIAN_POINT ( 'NONE',  ( 1345.486822260839972, 35.96235945369069498, 2.124684642026709813 ) ) ;
#1747 = CARTESIAN_POINT ( 'NONE',  ( 1343.007553871639630, -34.72551002204990311, 4.447036463440083409 ) ) ;
#1748 = CLOSED_SHELL ( 'NONE', ( #46, #1790, #2086, #169, #1250, #1021, #1337, #1063, #1656, #426, #14, #1881, #1632, #653 ) ) ;
#1749 = CARTESIAN_POINT ( 'NONE',  ( 1330.462475469467790, -29.52804033446229326, 18.79089040074988404 ) ) ;
#1750 = CARTESIAN_POINT ( 'NONE',  ( 1319.551627502614565, 19.24492258800536604, 29.23411134729478533 ) ) ;
#1751 = CARTESIAN_POINT ( 'NONE',  ( 1324.382913392430055, 10.48128050257220067, 43.07151099857040322 ) ) ;
#1752 = CARTESIAN_POINT ( 'NONE',  ( 1334.766160327829311, -32.09697074092627389, 13.96374010342619698 ) ) ;
#1753 = CARTESIAN_POINT ( 'NONE',  ( 1342.685452535090008, -34.46763558514710013, -13.13089094002880053 ) ) ;
#1754 = CARTESIAN_POINT ( 'NONE',  ( 1326.389620543001683, 16.15607466845779072, 40.24112366076654013 ) ) ;
#1755 = ORIENTED_EDGE ( 'NONE', *, *, #1966, .T. ) ;
#1756 = CARTESIAN_POINT ( 'NONE',  ( 1324.590663654480068, 11.18085197396620067, -42.78001452654539349 ) ) ;
#1757 = CARTESIAN_POINT ( 'NONE',  ( 1326.797994959860034, 17.04152127004729778, -39.65948297887669582 ) ) ;
#1758 = CARTESIAN_POINT ( 'NONE',  ( 1316.763112014633180, 14.80128308661380920, -31.71627871794380127 ) ) ;
#1759 = CARTESIAN_POINT ( 'NONE',  ( 1334.224757413561747, 28.01757668122089839, 21.18382871898560182 ) ) ;
#1760 = CARTESIAN_POINT ( 'NONE',  ( 1329.959315767773660, -29.18811458202496212, -19.31479166821645421 ) ) ;
#1761 = CARTESIAN_POINT ( 'NONE',  ( 1314.133466153298059, -8.257068559027487709, 34.01785702988141225 ) ) ;
#1762 = CARTESIAN_POINT ( 'NONE',  ( 1323.239578732845303, 23.58197298927425578, 25.86534499007281696 ) ) ;
#1763 = CARTESIAN_POINT ( 'NONE',  ( 1323.116921467669727, 3.357131941246140006, 34.86212224146798633 ) ) ;
#1764 = APPLICATION_PROTOCOL_DEFINITION ( 'international standard', 'config_control_design', 1994, #139 ) ;
#1765 = CARTESIAN_POINT ( 'NONE',  ( 1332.127559774481597, -30.59331224544985162, 17.00886763364119858 ) ) ;
#1766 = CARTESIAN_POINT ( 'NONE',  ( 1325.422814677131555, -14.19285927373609191, -32.15627947125032904 ) ) ;
#1767 = CARTESIAN_POINT ( 'NONE',  ( 1333.991920514806907, 27.54168220642135267, 28.97929136358430213 ) ) ;
#1768 = FACE_BOUND ( 'NONE', #1133, .T. ) ;
#1769 = CARTESIAN_POINT ( 'NONE',  ( 1324.406001197159412, -10.51241048770117459, 43.03880215094852701 ) ) ;
#1770 = CARTESIAN_POINT ( 'NONE',  ( 1323.000000751665766, -1.238309296350389171E-07, -44.99999723282781616 ) ) ;
#1771 = ORIENTED_EDGE ( 'NONE', *, *, #309, .T. ) ;
#1772 = CARTESIAN_POINT ( 'NONE',  ( 1319.824103957510033, 19.63440549220019804, 28.99017114113449978 ) ) ;
#1773 = CARTESIAN_POINT ( 'NONE',  ( 1319.051306382606299, -18.54496110200566150, 29.68307078928591736 ) ) ;
#1774 = CARTESIAN_POINT ( 'NONE',  ( 1329.780981426699555, 29.06531389570148605, 19.49892799556347356 ) ) ;
#1775 = CARTESIAN_POINT ( 'NONE',  ( 1316.692581061083729, -14.66731509156176116, -31.77845546487625228 ) ) ;
#1776 = CARTESIAN_POINT ( 'NONE',  ( 1327.541163315375570, -27.41786281334909248, -21.75455992247702852 ) ) ;
#1777 = CARTESIAN_POINT ( 'NONE',  ( 1313.123006687840189, 2.930835249633340300, 34.89368754260409844 ) ) ;
#1778 = CARTESIAN_POINT ( 'NONE',  ( 1327.252597445719857, -18.37310387725510097, -29.98417367129061972 ) ) ;
#1779 = CARTESIAN_POINT ( 'NONE',  ( 1345.337194606860066, 35.88906944522690168, 3.529888810868279769 ) ) ;
#1780 = ORIENTED_EDGE ( 'NONE', *, *, #686, .T. ) ;
#1781 = CARTESIAN_POINT ( 'NONE',  ( 1314.988329568099971, 10.87027275246719960, -33.27334463175749590 ) ) ;
#1782 = CARTESIAN_POINT ( 'NONE',  ( 1318.828860566378580, 18.22325221324496525, -29.88220872934301653 ) ) ;
#1783 = CARTESIAN_POINT ( 'NONE',  ( 1342.040264144319963, 34.07432814598370641, 14.57245287829540104 ) ) ;
#1784 = CARTESIAN_POINT ( 'NONE',  ( 1322.790262668071591, -23.11422802126915244, -26.28179420886387518 ) ) ;
#1785 = CC_DESIGN_APPROVAL ( #1742, ( #778 ) ) ;
#1786 = CARTESIAN_POINT ( 'NONE',  ( 1321.131413562242869, -21.25801506674637764, 27.80465029967579582 ) ) ;
#1787 = CARTESIAN_POINT ( 'NONE',  ( 1330.763529380604041, 29.72724111158185778, 18.47432004805106587 ) ) ;
#1788 = VECTOR ( 'NONE', #1648, 1000.000000000000000 ) ;
#1789 = CARTESIAN_POINT ( 'NONE',  ( 1312.991240151119882, -0.7934334869600350171, 35.00757003627050068 ) ) ;
#1790 = ADVANCED_FACE ( 'NONE', ( #2005 ), #677, .T. ) ;
#1791 = CARTESIAN_POINT ( 'NONE',  ( 1326.195242946858343, -15.66627773891435638, -40.51605654811525170 ) ) ;
#1792 = VERTEX_POINT ( 'NONE', #701 ) ;
#1793 = CARTESIAN_POINT ( 'NONE',  ( 1345.285992321719959, 35.86387071812970362, 3.930364800460529828 ) ) ;
#1794 = CARTESIAN_POINT ( 'NONE',  ( 1315.605850440469339, -12.39077857391141890, 32.73331512738916871 ) ) ;
#1795 = CARTESIAN_POINT ( 'NONE',  ( 1330.674392580711356, 29.66871396482995138, 18.56833226950531213 ) ) ;
#1796 = CARTESIAN_POINT ( 'NONE',  ( 1343.095828797329659, -34.77542189668098871, -4.033172819118458818 ) ) ;
#1797 = CARTESIAN_POINT ( 'NONE',  ( 1342.729561980684366, 34.48349588095508977, 12.92373217138301911 ) ) ;
#1798 = CARTESIAN_POINT ( 'NONE',  ( 1339.100783048353605, -34.15872646982709426, -7.627799569449690509 ) ) ;
#1799 = CARTESIAN_POINT ( 'NONE',  ( 1326.107678891667774, -15.45949183240909619, -40.64029553757377045 ) ) ;
#1800 = CARTESIAN_POINT ( 'NONE',  ( 1315.956465185102388, 13.17430382593877880, 32.42592102633090434 ) ) ;
#1801 = ORIENTED_EDGE ( 'NONE', *, *, #211, .T. ) ;
#1802 = CARTESIAN_POINT ( 'NONE',  ( 1341.205505282310014, 34.99999449436439392, 4.526576339885460640E-11 ) ) ;
#1803 = CARTESIAN_POINT ( 'NONE',  ( 1317.893866033514314, -16.78192582690612156, 30.71555863892821847 ) ) ;
#1804 = CARTESIAN_POINT ( 'NONE',  ( 1333.436002160781754, 31.36254809341575012, 15.53674957252738054 ) ) ;
#1805 = CARTESIAN_POINT ( 'NONE',  ( 1333.787061366949729, 27.32854014324511382, -29.30054059735146410 ) ) ;
#1806 = CARTESIAN_POINT ( 'NONE',  ( 1334.878271180534966, -32.15493308125021343, -13.82245877674548851 ) ) ;
#1807 = ORIENTED_EDGE ( 'NONE', *, *, #309, .F. ) ;
#1808 = CARTESIAN_POINT ( 'NONE',  ( 1337.912038302969222, 33.63969604184896411, -9.667301491985471174 ) ) ;
#1809 = CARTESIAN_POINT ( 'NONE',  ( 1337.892663739704858, 33.63040785337132377, 9.695140833513908873 ) ) ;
#1810 = CYLINDRICAL_SURFACE ( 'NONE', #770, 55.00000000000000000 ) ;
#1811 = CARTESIAN_POINT ( 'NONE',  ( 1315.634455876798256, -12.47075505550728280, -32.70847197358627767 ) ) ;
#1812 = CARTESIAN_POINT ( 'NONE',  ( 1327.050526562857840, -17.53958204157656198, 39.29782972586814793 ) ) ;
#1813 = CARTESIAN_POINT ( 'NONE',  ( 1330.155251143645046, 22.83304638786269081, -34.79388403344896119 ) ) ;
#1814 = CIRCLE ( 'NONE', #968, 40.00000000000003553 ) ;
#1815 = CARTESIAN_POINT ( 'NONE',  ( 1341.212162871500595, 33.54552116679381157, 16.33265604701879781 ) ) ;
#1816 = CARTESIAN_POINT ( 'NONE',  ( 1337.131528542849537, -33.27945979720968239, -10.83872524361956913 ) ) ;
#1817 = B_SPLINE_CURVE_WITH_KNOTS ( 'NONE', 3,
 ( #852, #1831, #1320, #204, #194, #1965, #1981, #508, #342, #1975, #515, #1164, #1050, #1252, #565, #2034, #1699, #1389, #241 ),
 .UNSPECIFIED., .F., .F.,
 ( 4, 3, 3, 3, 3, 3, 4 ),
 ( 0.2518386570141760150, 0.2523157216897040089, 0.2526172850731100428, 0.2527902740620089905, 0.2536118413135550198, 0.2537334700921340391, 0.2546063975540009960 ),
 .UNSPECIFIED. ) ;
#1818 = VERTEX_POINT ( 'NONE', #849 ) ;
#1819 = APPROVAL_ROLE ( '' ) ;
#1820 = CARTESIAN_POINT ( 'NONE',  ( 1314.736447114154544, 10.17863737897272181, -33.49313984356333407 ) ) ;
#1821 = EDGE_CURVE ( 'NONE', #1312, #166, #969, .T. ) ;
#1822 = DIRECTION ( 'NONE',  ( 0.000000000000000000, 1.000000000000000000, 0.000000000000000000 ) ) ;
#1823 = APPLICATION_PROTOCOL_DEFINITION ( 'international standard', 'config_control_design', 1994, #203 ) ;
#1824 = CARTESIAN_POINT ( 'NONE',  ( 1327.526216251809274, -18.87950908172409470, 29.65506593099848587 ) ) ;
#1825 = CARTESIAN_POINT ( 'NONE',  ( 1324.116383630082055, -24.44938075711182179, -25.04590306811112299 ) ) ;
#1826 = CARTESIAN_POINT ( 'NONE',  ( 1340.921500876160053, 34.89215376540519742, 2.745470016466529994 ) ) ;
#1827 = CARTESIAN_POINT ( 'NONE',  ( 1336.794674371129759, -30.22392949504379089, 24.45678259527413445 ) ) ;
#1828 = CARTESIAN_POINT ( 'NONE',  ( 1335.122418377139184, 28.68894598520925854, -27.19246625138164219 ) ) ;
#1829 = CARTESIAN_POINT ( 'NONE',  ( 1337.160477688946003, -33.29306517328032555, -10.79684676909635144 ) ) ;
#1830 = CARTESIAN_POINT ( 'NONE',  ( 1314.815286966650774, 10.40012603049331830, 33.42469453214259545 ) ) ;
#1831 = CARTESIAN_POINT ( 'NONE',  ( 1340.953457029339916, 34.90438524622729943, 2.589975941638120283 ) ) ;
#1832 = DATE_AND_TIME ( #1519, #1107 ) ;
#1833 = CARTESIAN_POINT ( 'NONE',  ( 1337.181931912540449, 33.30329761538222044, -10.76524300942497625 ) ) ;
#1834 = CARTESIAN_POINT ( 'NONE',  ( 1327.029229764589672, -17.91965595095088659, 30.25097419985837277 ) ) ;
#1835 = CARTESIAN_POINT ( 'NONE',  ( 1341.012550022530149, 34.92693967737779559, 2.276551912582680526 ) ) ;
#1836 = CARTESIAN_POINT ( 'NONE',  ( 1322.999999999918145, -0.04287565849008435903, 44.99998101573436315 ) ) ;
#1837 = CARTESIAN_POINT ( 'NONE',  ( 1345.284741722824492, -35.86325778988221202, 3.932575117082445004 ) ) ;
#1838 = CARTESIAN_POINT ( 'NONE',  ( 1327.540840226323098, 18.51995931918196447, -38.59627969531694447 ) ) ;
#1839 = CARTESIAN_POINT ( 'NONE',  ( 1345.548484007660136, 35.99228766970694693, 1.148476304837341866 ) ) ;
#1840 = CARTESIAN_POINT ( 'NONE',  ( 1313.640046500661128, 6.202429748315728908, 34.44604867852048358 ) ) ;
#1841 = ORIENTED_EDGE ( 'NONE', *, *, #1561, .T. ) ;
#1842 = CARTESIAN_POINT ( 'NONE',  ( 1328.352299786113235, 28.03904105614954290, -20.94941554121565019 ) ) ;
#1843 = CARTESIAN_POINT ( 'NONE',  ( 1332.200186362609884, -30.65542797153939958, 16.94761705443229616 ) ) ;
#1844 = CARTESIAN_POINT ( 'NONE',  ( 1338.266782570284022, 33.79931384455194632, 9.108650317834323218 ) ) ;
#1845 = CARTESIAN_POINT ( 'NONE',  ( 1344.507747519975283, -35.46893206124364184, 7.707420223015611249 ) ) ;
#1846 = CARTESIAN_POINT ( 'NONE',  ( 1329.928511822964765, 22.50099275151972478, -35.12755981796163240 ) ) ;
#1847 = CARTESIAN_POINT ( 'NONE',  ( 1341.048439934657608, -34.94054047267680829, -2.040918824074801741 ) ) ;
#1848 = CARTESIAN_POINT ( 'NONE',  ( 1326.230080354276197, 26.35245258271211100, 23.03363442005135298 ) ) ;
#1849 = DIRECTION ( 'NONE',  ( 0.000000000000000000, 1.000000000000000000, 0.000000000000000000 ) ) ;
#1850 = DATE_AND_TIME ( #215, #41 ) ;
#1851 = CARTESIAN_POINT ( 'NONE',  ( 1313.671500422349936, 6.439473377274949506, -34.41886814429560104 ) ) ;
#1852 = AXIS2_PLACEMENT_3D ( 'NONE', #1725, #266, #915 ) ;
#1853 = PERSON_AND_ORGANIZATION_ROLE ( 'creator' ) ;
#1854 = CARTESIAN_POINT ( 'NONE',  ( 1330.952997771352784, 29.85154127622708486, -18.27432060283874193 ) ) ;
#1855 = AXIS2_PLACEMENT_3D ( 'NONE', #1377, #1535, #76 ) ;
#1856 = CARTESIAN_POINT ( 'NONE',  ( 1328.720252514149252, -20.98317733111811023, 28.21167154793021226 ) ) ;
#1857 = CARTESIAN_POINT ( 'NONE',  ( 1324.774484021104854, -25.06873929800033807, -24.42521623874412029 ) ) ;
#1858 = CARTESIAN_POINT ( 'NONE',  ( 1388.000000000000000, 3.061616997868379335E-14, -55.00000000000000000 ) ) ;
#1859 = CARTESIAN_POINT ( 'NONE',  ( 1323.066721160000498, -2.316262814580648310, 44.90723612576827861 ) ) ;
#1860 = CARTESIAN_POINT ( 'NONE',  ( 1342.410491715174430, -34.29587008632727674, 13.70187642333596756 ) ) ;
#1861 = CARTESIAN_POINT ( 'NONE',  ( 1363.000000000000000, 2.775557561562889773E-14, 0.000000000000000000 ) ) ;
#1862 = CARTESIAN_POINT ( 'NONE',  ( 1345.564360845248075, 35.99999433704524421, -1.455519732518339993E-11 ) ) ;
#1863 = CARTESIAN_POINT ( 'NONE',  ( 1320.774259766300929, 20.82777714408479852, 28.12962766732346509 ) ) ;
#1864 = CARTESIAN_POINT ( 'NONE',  ( 1335.101055412196274, -32.27213897967504863, 13.54655151613488684 ) ) ;
#1865 = CARTESIAN_POINT ( 'NONE',  ( 1324.311096475009890, -10.21307392745569942, 43.17207643926389693 ) ) ;
#1866 = CARTESIAN_POINT ( 'NONE',  ( 1326.734238277909981, 26.78425773008419952, -22.54885948298930032 ) ) ;
#1867 = CARTESIAN_POINT ( 'NONE',  ( 1345.029869139030552, -35.73619734273302129, -5.440660600685986559 ) ) ;
#1868 = CARTESIAN_POINT ( 'NONE',  ( 1345.258109499226975, 35.85004228685055239, -4.103831881415606730 ) ) ;
#1869 = CARTESIAN_POINT ( 'NONE',  ( 1340.563480513268132, -34.75362394030869240, -4.146690086961152488 ) ) ;
#1870 = CARTESIAN_POINT ( 'NONE',  ( 1339.942607941778761, -34.50733378992897826, 5.859395238631703862 ) ) ;
#1871 = CARTESIAN_POINT ( 'NONE',  ( 1323.557423676739973, -6.744110943768809818, -44.22465664402239582 ) ) ;
#1872 = CARTESIAN_POINT ( 'NONE',  ( 1332.119634115219242, 25.42452742229765050, 31.85903791920641837 ) ) ;
#1873 = CARTESIAN_POINT ( 'NONE',  ( 1324.271937686839919, 24.61200613700290063, -24.90208362868049718 ) ) ;
#1874 = CARTESIAN_POINT ( 'NONE',  ( 1341.807153131580890, 33.92523167619049218, -15.06359449605471745 ) ) ;
#1875 = CARTESIAN_POINT ( 'NONE',  ( 40.00000000000000000, 8.145436717719419770E-16, 0.000000000000000000 ) ) ;
#1876 = CARTESIAN_POINT ( 'NONE',  ( 1340.933078167604890, -34.89668662134155142, 2.720003699706337041 ) ) ;
#1877 = CARTESIAN_POINT ( 'NONE',  ( 1323.268153195339892, 4.752094227074919353, -44.62733867710659297 ) ) ;
#1878 = CARTESIAN_POINT ( 'NONE',  ( 1331.900472171182173, 25.15632453285026315, 32.19050269265559905 ) ) ;
#1879 = CARTESIAN_POINT ( 'NONE',  ( 1344.126194065560640, -35.26747866329603198, -9.038527672633929200 ) ) ;
#1880 = CARTESIAN_POINT ( 'NONE',  ( 1316.860564764899891, 15.01672982334319961, -31.63095633146750174 ) ) ;
#1881 = ADVANCED_FACE ( 'NONE', ( #1161 ), #1810, .T. ) ;
#1882 = CARTESIAN_POINT ( 'NONE',  ( 1332.992138467800032, 26.46257270156969810, -30.53267277319899975 ) ) ;
#1883 = CARTESIAN_POINT ( 'NONE',  ( 1330.572875318461229, -29.60152554207700248, 18.67512578224101105 ) ) ;
#1884 = CARTESIAN_POINT ( 'NONE',  ( 1344.316978029271922, 35.36869877034349230, -8.390482999871395009 ) ) ;
#1885 = CARTESIAN_POINT ( 'NONE',  ( 1331.294035734969157, 30.07026932880418357, -17.91030548526781629 ) ) ;
#1886 = DIRECTION ( 'NONE',  ( 0.000000000000000000, 0.000000000000000000, 1.000000000000000000 ) ) ;
#1887 = CARTESIAN_POINT ( 'NONE',  ( 1324.146498604980025, -9.523722939614870597, -43.40216732334869931 ) ) ;
#1888 = DIRECTION ( 'NONE',  ( 1.000000000000000000, 0.000000000000000000, 0.000000000000000000 ) ) ;
#1889 = CARTESIAN_POINT ( 'NONE',  ( 1340.627983486319863, -33.15860376539607302, -17.52253918922921727 ) ) ;
#1890 = EDGE_LOOP ( 'NONE', ( #955, #1755, #1244, #36 ) ) ;
#1891 = CARTESIAN_POINT ( 'NONE',  ( 1328.246172859790022, 19.81718209849070078, -37.58066524429830224 ) ) ;
#1892 = CARTESIAN_POINT ( 'NONE',  ( 1343.308765607849864, 34.81846001485830300, 11.45210524050819956 ) ) ;
#1893 = CARTESIAN_POINT ( 'NONE',  ( 1328.771697120269209, -28.34806075748097243, -20.52772728550998949 ) ) ;
#1894 = CARTESIAN_POINT ( 'NONE',  ( 1341.432643522500257, 33.78769200110319559, -9.266945115817181389 ) ) ;
#1895 = CARTESIAN_POINT ( 'NONE',  ( 1343.515827976750188, -35.00889680637479984, -0.4969726332474757591 ) ) ;
#1896 = CARTESIAN_POINT ( 'NONE',  ( 1322.714636758805909, -23.03446409864186606, -26.35176610036271327 ) ) ;
#1897 = CARTESIAN_POINT ( 'NONE',  ( 1330.406692397164534, -29.49077162521470896, 18.84927265474055602 ) ) ;
#1898 = CARTESIAN_POINT ( 'NONE',  ( 1319.915616843603175, 19.74013517515752270, 28.90675678275109917 ) ) ;
#1899 = CARTESIAN_POINT ( 'NONE',  ( 1332.124556277555939, 30.58925776819535969, -17.01066358088450059 ) ) ;
#1900 = CARTESIAN_POINT ( 'NONE',  ( 1340.657468649665361, -34.79033096927049939, 3.825303944063961570 ) ) ;
#1901 = CARTESIAN_POINT ( 'NONE',  ( 1344.717330820959887, -35.57775321583219608, -6.904773293574270276 ) ) ;
#1902 = EDGE_CURVE ( 'NONE', #1957, #502, #1502, .T. ) ;
#1903 = PLANE ( 'NONE',  #1672 ) ;
#1904 = CARTESIAN_POINT ( 'NONE',  ( 1334.113969285117264, -27.66969101304313128, 28.78819117569011610 ) ) ;
#1905 = ORIENTED_EDGE ( 'NONE', *, *, #1395, .T. ) ;
#1906 = CARTESIAN_POINT ( 'NONE',  ( 1323.747227993460001, 24.08988343086646111, -25.39185209199252213 ) ) ;
#1907 = CARTESIAN_POINT ( 'NONE',  ( 1338.385957009809999, 33.85128057000099489, 8.907192964839728333 ) ) ;
#1908 = CARTESIAN_POINT ( 'NONE',  ( 1331.705222601036667, -30.33031725432049797, -17.46818323070633028 ) ) ;
#1909 = CARTESIAN_POINT ( 'NONE',  ( 1344.838107448400024, 35.63990784438430381, -6.432577986816458981 ) ) ;
#1910 = CARTESIAN_POINT ( 'NONE',  ( 1327.948183769397474, -27.73262512408763669, 21.35185039830669140 ) ) ;
#1911 = CARTESIAN_POINT ( 'NONE',  ( 1316.944685664881717, 15.14248028489229192, 31.55612945168263650 ) ) ;
#1912 = CARTESIAN_POINT ( 'NONE',  ( 1332.762409748160053, -30.97155638338382033, 16.30223001064384647 ) ) ;
#1913 = CARTESIAN_POINT ( 'NONE',  ( 1325.612917629529875, -25.83564269711699879, -23.63038109291959898 ) ) ;
#1914 = CARTESIAN_POINT ( 'NONE',  ( 1312.999930683788534, -1.287489347594929390, -35.00000629097102234 ) ) ;
#1915 = CARTESIAN_POINT ( 'NONE',  ( 1323.021488723440143, 1.359353942582963048, -44.97016733522317367 ) ) ;
#1916 = CARTESIAN_POINT ( 'NONE',  ( 1343.875887832801254, -35.13215902681685776, -9.821239638872599542 ) ) ;
#1917 = ORIENTED_EDGE ( 'NONE', *, *, #1821, .T. ) ;
#1918 = CARTESIAN_POINT ( 'NONE',  ( 1315.753261639250013, 12.73698766623300038, 32.60426268180470544 ) ) ;
#1919 = CARTESIAN_POINT ( 'NONE',  ( 1341.377853097299749, -33.75328897409662687, 9.393801286236220349 ) ) ;
#1920 = CARTESIAN_POINT ( 'NONE',  ( 1316.191920087480412, -13.67513413235578135, 32.21920012156714819 ) ) ;
#1921 = CARTESIAN_POINT ( 'NONE',  ( 1324.653519459463269, 24.96040865791173502, 24.54051304527062172 ) ) ;
#1922 = CARTESIAN_POINT ( 'NONE',  ( 1322.992992120899999, -0.8161030151588939408, 45.00973290377640268 ) ) ;
#1923 = CARTESIAN_POINT ( 'NONE',  ( 1333.618542599019975, -31.46684511017909358, 15.32676924457189038 ) ) ;
#1924 = CARTESIAN_POINT ( 'NONE',  ( 1330.623736740920549, -23.79793411195850439, -25.85979373635832701 ) ) ;
#1925 = DIRECTION ( 'NONE',  ( 0.000000000000000000, 0.000000000000000000, 1.000000000000000000 ) ) ;
#1926 = CARTESIAN_POINT ( 'NONE',  ( 1324.440453715093554, -10.63782260455868567, 42.99052290855654235 ) ) ;
#1927 = CARTESIAN_POINT ( 'NONE',  ( 1340.157514056895707, -32.83895438922619547, -18.45425933771559812 ) ) ;
#1928 = EDGE_LOOP ( 'NONE', ( #1471, #1334 ) ) ;
#1929 = CARTESIAN_POINT ( 'NONE',  ( 1330.592657169451059, 23.80755265380049224, 25.90780405062731617 ) ) ;
#1930 = CARTESIAN_POINT ( 'NONE',  ( 1323.275585452215410, -23.61641869967575502, 25.83146966326335914 ) ) ;
#1931 = CARTESIAN_POINT ( 'NONE',  ( 1328.609795646456632, 28.22926801423943743, 20.69078455673942329 ) ) ;
#1932 = CARTESIAN_POINT ( 'NONE',  ( 1316.674468557129103, -14.63267393742796152, -31.79442116424192122 ) ) ;
#1933 = CARTESIAN_POINT ( 'NONE',  ( 1337.157632429400110, -30.57065634584949976, -23.88021378015400131 ) ) ;
#1934 = CARTESIAN_POINT ( 'NONE',  ( 1313.001734008353424, 0.3302647144369708632, -34.99853906011824023 ) ) ;
#1935 = CARTESIAN_POINT ( 'NONE',  ( 1344.120452234238201, 35.26435790359376199, 9.056080701269078048 ) ) ;
#1936 = CARTESIAN_POINT ( 'NONE',  ( 1330.209143453744900, -22.91457528657375065, 34.71497811251008869 ) ) ;
#1937 = CARTESIAN_POINT ( 'NONE',  ( 1345.488425458410120, 35.96349770824770076, 2.347480302567937382 ) ) ;
#1938 = VERTEX_POINT ( 'NONE', #187 ) ;
#1939 = CARTESIAN_POINT ( 'NONE',  ( 1320.761441506952679, 20.81067819214819892, -28.14112980042578371 ) ) ;
#1940 = CARTESIAN_POINT ( 'NONE',  ( 1337.011569248460773, 30.58495733485857926, 17.21152533263757078 ) ) ;
#1941 = EDGE_CURVE ( 'NONE', #2000, #650, #383, .T. ) ;
#1942 = CARTESIAN_POINT ( 'NONE',  ( 1323.286554934848482, -23.62757655799200052, 25.82126416654919154 ) ) ;
#1943 = CARTESIAN_POINT ( 'NONE',  ( 1330.127259507308736, 29.30408025692834073, 19.14161175415716443 ) ) ;
#1944 = CARTESIAN_POINT ( 'NONE',  ( 1323.299953559569531, 5.275664948564070755, 34.64687744842000683 ) ) ;
#1945 = CARTESIAN_POINT ( 'NONE',  ( 1313.620762940476425, -6.116931257695974011, -34.46286195200982405 ) ) ;
#1946 = CARTESIAN_POINT ( 'NONE',  ( 1333.131600149704354, -26.60715545488277556, -30.31433397855807854 ) ) ;
#1947 = ORIENTED_EDGE ( 'NONE', *, *, #1941, .F. ) ;
#1948 = CARTESIAN_POINT ( 'NONE',  ( 1340.920229948605083, 34.89178527514122408, -2.783467842462160391 ) ) ;
#1949 = CARTESIAN_POINT ( 'NONE',  ( 1316.590777014535206, -14.48277169420046739, 31.86838439738865603 ) ) ;
#1950 = CARTESIAN_POINT ( 'NONE',  ( 1335.459845846419739, 32.45822123398278336, 13.09535436381385587 ) ) ;
#1951 = AXIS2_PLACEMENT_3D ( 'NONE', #303, #442, #419 ) ;
#1952 = CARTESIAN_POINT ( 'NONE',  ( 1315.072962180764080, -11.08205586211229665, -33.19938281267935309 ) ) ;
#1953 = CARTESIAN_POINT ( 'NONE',  ( 1314.172011660630005, 8.436294514422218782, 33.98447120363979224 ) ) ;
#1954 = CARTESIAN_POINT ( 'NONE',  ( 1343.828014216687507, 35.10675162834483842, 9.981979953554077412 ) ) ;
#1955 = CARTESIAN_POINT ( 'NONE',  ( 1330.695372653811091, -23.58875474229803615, -33.99429259688010063 ) ) ;
#1956 = CARTESIAN_POINT ( 'NONE',  ( 1314.225677005626949, 8.641827267148981306, 33.93832826692424476 ) ) ;
#1957 = VERTEX_POINT ( 'NONE', #684 ) ;
#1958 = CARTESIAN_POINT ( 'NONE',  ( 1318.215941736478726, 17.30317335126689215, -30.42937490101116538 ) ) ;
#1959 = CARTESIAN_POINT ( 'NONE',  ( 1343.252347013371264, 34.86301214965161677, 3.115830549178638442 ) ) ;
#1960 = CARTESIAN_POINT ( 'NONE',  ( 1322.484786765801800, -22.79459546090151889, 26.56475084589356328 ) ) ;
#1961 = CARTESIAN_POINT ( 'NONE',  ( 1333.299787466707357, 31.28466878932961137, 15.69312905196459518 ) ) ;
#1962 = CARTESIAN_POINT ( 'NONE',  ( 1314.973164634157683, -10.81901419687153165, -33.28652548572900827 ) ) ;
#1963 = MANIFOLD_SOLID_BREP ( 'Solid1[1]', #1748 ) ;
#1964 = CARTESIAN_POINT ( 'NONE',  ( 1341.596975888344105, 33.79259699666820893, 15.51844963408599476 ) ) ;
#1965 = CARTESIAN_POINT ( 'NONE',  ( 1341.042624083260080, 34.93835769240909883, 2.078750436510650168 ) ) ;
#1966 = EDGE_CURVE ( 'NONE', #1004, #214, #528, .T. ) ;
#1967 = PERSON_AND_ORGANIZATION ( #825, #1744 ) ;
#1968 = CARTESIAN_POINT ( 'NONE',  ( 1339.193995485189134, 34.19811184680035865, -7.449149946031115910 ) ) ;
#1969 = CARTESIAN_POINT ( 'NONE',  ( 1328.698904502655751, 20.58045706710002420, 36.92427514296154101 ) ) ;
#1970 = CARTESIAN_POINT ( 'NONE',  ( 1337.628348310692218, 33.51035488558962072, 10.10364519525923477 ) ) ;
#1971 = CARTESIAN_POINT ( 'NONE',  ( 1316.584434461335604, -14.45936695252824755, -31.87376462072635164 ) ) ;
#1972 = CARTESIAN_POINT ( 'NONE',  ( 1324.383305628392918, -10.42873110456853425, 43.07059850773728726 ) ) ;
#1973 = CARTESIAN_POINT ( 'NONE',  ( 1326.320173956228473, 15.95678330594711980, -40.33859485615677443 ) ) ;
#1974 = CARTESIAN_POINT ( 'NONE',  ( 1342.826555172310918, 34.54029835305629348, 12.68410042088133771 ) ) ;
#1975 = CARTESIAN_POINT ( 'NONE',  ( 1341.081835091149969, 34.95324192464590141, 1.808557148391509939 ) ) ;
#1976 = CARTESIAN_POINT ( 'NONE',  ( 1338.888921310374599, 34.06940595360649837, -8.034708402504287861 ) ) ;
#1977 = FACE_OUTER_BOUND ( 'NONE', #1639, .T. ) ;
#1978 = CARTESIAN_POINT ( 'NONE',  ( 1345.130332485805184, -35.78659801725463296, -4.905434701283136967 ) ) ;
#1979 = CARTESIAN_POINT ( 'NONE',  ( 1325.185011292296167, 13.31694709963325352, -41.95063930689900644 ) ) ;
#1980 = CARTESIAN_POINT ( 'NONE',  ( 1336.751761673546525, -33.09920088475485755, -11.37801814097855235 ) ) ;
#1981 = CARTESIAN_POINT ( 'NONE',  ( 1341.057433280190025, 34.94398105129450016, 1.979468799834049886 ) ) ;
#1982 = CARTESIAN_POINT ( 'NONE',  ( 1339.543623731011849, 34.34407728395368053, -6.746000025137834477 ) ) ;
#1983 = CARTESIAN_POINT ( 'NONE',  ( 1333.064108109938843, -26.79123464401903121, 22.73460883778400188 ) ) ;
#1984 = CARTESIAN_POINT ( 'NONE',  ( 1340.403973837408330, 34.69114728268552739, 4.639464760728890802 ) ) ;
#1985 = DIRECTION ( 'NONE',  ( 1.000000000000000000, 2.036359179429850012E-17, 0.000000000000000000 ) ) ;
#1986 = CARTESIAN_POINT ( 'NONE',  ( 1345.412407433870158, -35.92599271955707252, 2.888093951541283566 ) ) ;
#1987 = DIRECTION ( 'NONE',  ( 1.000000000000000000, 0.000000000000000000, 0.000000000000000000 ) ) ;
#1988 = COORDINATED_UNIVERSAL_TIME_OFFSET ( 8, 0, .AHEAD. ) ;
#1989 = CARTESIAN_POINT ( 'NONE',  ( 1330.533767354389965, 29.57572882990270102, -18.71624949462236032 ) ) ;
#1990 = CARTESIAN_POINT ( 'NONE',  ( 1331.016124250689927, -24.03852825709410013, 33.51989367479129811 ) ) ;
#1991 = CARTESIAN_POINT ( 'NONE',  ( 1313.225202642080603, 3.741609611905629240, 34.80533277344146370 ) ) ;
#1992 = CARTESIAN_POINT ( 'NONE',  ( 1403.000000000000000, 3.551475717527319928E-14, -50.00000000000000000 ) ) ;
#1993 = CARTESIAN_POINT ( 'NONE',  ( 1345.337194606860066, 35.88906944522690168, 3.529888810868279769 ) ) ;
#1994 = EDGE_CURVE ( 'NONE', #698, #434, #85, .T. ) ;
#1995 = CARTESIAN_POINT ( 'NONE',  ( 1338.283584031500823, -31.45011202727081923, 21.89847921146200349 ) ) ;
#1996 = CARTESIAN_POINT ( 'NONE',  ( 1329.652253274890199, 22.08920660880201936, -35.53328084332360959 ) ) ;
#1997 = CARTESIAN_POINT ( 'NONE',  ( 1340.255337994085494, -34.63248099480513531, -5.067604655881199349 ) ) ;
#1998 = APPROVAL_STATUS ( 'not_yet_approved' ) ;
#1999 = CARTESIAN_POINT ( 'NONE',  ( 1325.432571965669240, 25.66399561847086730, 23.79975625133852546 ) ) ;
#2000 = VERTEX_POINT ( 'NONE', #2078 ) ;
#2001 = CARTESIAN_POINT ( 'NONE',  ( 1323.537200337879995, 6.623458330911390135, -44.25283047123729574 ) ) ;
#2002 = CARTESIAN_POINT ( 'NONE',  ( 1335.418417292777349, 32.43694908283941913, -13.14777153159537448 ) ) ;
#2003 = CARTESIAN_POINT ( 'NONE',  ( 1313.377597945549951, -4.841773819125740452, 34.67341867202809880 ) ) ;
#2004 = CARTESIAN_POINT ( 'NONE',  ( 1339.502292196864801, 34.32696096088177740, 6.833154611741775852 ) ) ;
#2005 = FACE_OUTER_BOUND ( 'NONE', #1890, .T. ) ;
#2006 = CARTESIAN_POINT ( 'NONE',  ( 1341.419751721037301, -33.67971822897001744, 15.89736404695089256 ) ) ;
#2007 = CARTESIAN_POINT ( 'NONE',  ( 1341.301416862926089, 33.60317415250163009, -16.14538137861345390 ) ) ;
#2008 = CARTESIAN_POINT ( 'NONE',  ( 1341.205451056564016, 34.99999449434950094, -1.132169987101694041E-11 ) ) ;
#2009 = CARTESIAN_POINT ( 'NONE',  ( 1316.262278335336532, 13.82843241798935985, 32.15743696475487923 ) ) ;
#2010 = CARTESIAN_POINT ( 'NONE',  ( 1335.281177790287984, -32.36597099546966660, 13.32113404937361345 ) ) ;
#2011 = CARTESIAN_POINT ( 'NONE',  ( 1324.395925575359342, -10.97652417631889499, 33.36260468547478553 ) ) ;
#2012 = CARTESIAN_POINT ( 'NONE',  ( 1340.795930662293586, 34.84407237668497004, 3.356535867112236282 ) ) ;
#2013 = CARTESIAN_POINT ( 'NONE',  ( 1318.525855642220222, -17.77099967783571088, -30.15280940080261018 ) ) ;
#2014 = CARTESIAN_POINT ( 'NONE',  ( 1328.699813806941393, -28.29625652873070507, 20.60059228905081241 ) ) ;
#2015 = CARTESIAN_POINT ( 'NONE',  ( 1344.746596151849189, -35.59232055808097073, 6.753010696187856432 ) ) ;
#2016 = CARTESIAN_POINT ( 'NONE',  ( 1341.415476874336946, 33.67655886704097412, -15.90474243384880282 ) ) ;
#2017 = CARTESIAN_POINT ( 'NONE',  ( 1345.172270358272272, 35.80790197689798759, 4.819360057791907792 ) ) ;
#2018 = CARTESIAN_POINT ( 'NONE',  ( 1335.190188796872235, -32.31866447337423409, 13.43525656511074295 ) ) ;
#2019 = CARTESIAN_POINT ( 'NONE',  ( 1314.114566745999809, 8.232641725498110574, -34.03438261450960312 ) ) ;
#2020 = CARTESIAN_POINT ( 'NONE',  ( 1333.930048234760079, -27.52743902481880056, 29.09578231170630147 ) ) ;
#2021 = CARTESIAN_POINT ( 'NONE',  ( 1342.709684556689126, 34.55544151077400272, -5.674707552411828004 ) ) ;
#2022 = CARTESIAN_POINT ( 'NONE',  ( 1325.573410524736119, -25.78716033475136982, 23.66479312072267405 ) ) ;
#2023 = CARTESIAN_POINT ( 'NONE',  ( 0.000000000000000000, 0.000000000000000000, 0.000000000000000000 ) ) ;
#2024 = CARTESIAN_POINT ( 'NONE',  ( 1343.415157713460530, 34.95349487161960411, 1.876114615672149544 ) ) ;
#2025 = EDGE_CURVE ( 'NONE', #1792, #214, #1313, .T. ) ;
#2026 = CARTESIAN_POINT ( 'NONE',  ( 1363.000000000000000, 3.061616997868379335E-14, 50.00000000000000000 ) ) ;
#2027 = CARTESIAN_POINT ( 'NONE',  ( 1332.072104043326362, 25.36662130009128902, 31.93098045050765776 ) ) ;
#2028 = CARTESIAN_POINT ( 'NONE',  ( 1340.809346568268893, -33.28028372551461445, -17.15852289940100306 ) ) ;
#2029 = CARTESIAN_POINT ( 'NONE',  ( 1334.999424166680001, 28.57707035277819685, -27.39330689261930019 ) ) ;
#2030 = CARTESIAN_POINT ( 'NONE',  ( 1342.793892740780166, -34.52587413116889792, 12.80735076328959998 ) ) ;
#2031 = CYLINDRICAL_SURFACE ( 'NONE', #1855, 40.00000000000003553 ) ;
#2032 = CARTESIAN_POINT ( 'NONE',  ( 1340.620228549624926, -34.77574440498850095, -3.955778627250824186 ) ) ;
#2033 = CARTESIAN_POINT ( 'NONE',  ( 1334.183264780444688, 31.78293150231773012, -14.66672515166745860 ) ) ;
#2034 = CARTESIAN_POINT ( 'NONE',  ( 1341.176626143250132, 34.98911090923920142, 0.8729935744378538587 ) ) ;
#2035 = CARTESIAN_POINT ( 'NONE',  ( 1323.261222543789927, -4.967821922643132382, -34.69235130344553397 ) ) ;
#2036 = DIRECTION ( 'NONE',  ( 1.000000000000000000, 0.000000000000000000, 0.000000000000000000 ) ) ;
#2037 = CARTESIAN_POINT ( 'NONE',  ( 1317.848655198209826, 16.73398738102619987, 30.75647096234879996 ) ) ;
#2038 = CARTESIAN_POINT ( 'NONE',  ( 1329.407633035612662, -28.80470892467556965, -19.88227829224661392 ) ) ;
#2039 = CARTESIAN_POINT ( 'NONE',  ( 1330.141777308339897, 22.82947415794519941, -34.81582724594770184 ) ) ;
#2040 = CARTESIAN_POINT ( 'NONE',  ( 1320.570535016174063, -20.57424531555841440, -28.31432055715896112 ) ) ;
#2041 = CARTESIAN_POINT ( 'NONE',  ( 1323.341528008331352, -23.68339549822958645, 25.77010644861687894 ) ) ;
#2042 = CARTESIAN_POINT ( 'NONE',  ( 1323.757068457881132, 24.09860656240162058, 25.38238016945710385 ) ) ;
#2043 = CARTESIAN_POINT ( 'NONE',  ( 1333.054069060983238, 31.14275599417361562, -15.97334171722763330 ) ) ;
#2044 = CARTESIAN_POINT ( 'NONE',  ( 1340.494340273638954, -34.72695559313905989, 4.400343552021976024 ) ) ;
#2045 = CARTESIAN_POINT ( 'NONE',  ( 1323.177570682619944, -23.53264834456039978, -25.92490536747110141 ) ) ;
#2046 = CARTESIAN_POINT ( 'NONE',  ( 1327.661227347365184, 18.74844595535612157, 38.42313563179265401 ) ) ;
#2047 = CARTESIAN_POINT ( 'NONE',  ( 1343.536792478246980, -34.94651048518016268, -10.83101929089024473 ) ) ;
#2048 = CARTESIAN_POINT ( 'NONE',  ( 1340.340707815269980, 34.66691881664880270, 4.883415119186850006 ) ) ;
#2049 = CARTESIAN_POINT ( 'NONE',  ( 1332.480999277760475, -30.80416332061401619, -16.61636371920151944 ) ) ;
#2050 = CARTESIAN_POINT ( 'NONE',  ( 1344.359531423999897, 35.39360057714059593, -8.328676848796050081 ) ) ;
#2051 = CARTESIAN_POINT ( 'NONE',  ( 1319.957166488471557, -19.79170595695778800, -28.86916033227484135 ) ) ;
#2052 = CARTESIAN_POINT ( 'NONE',  ( 1329.140821228094410, -28.61498321754840291, 20.15397567839005788 ) ) ;
#2053 = CARTESIAN_POINT ( 'NONE',  ( 1317.555977193592526, 16.21914239133620228, 31.01530023368695765 ) ) ;
#2054 = CARTESIAN_POINT ( 'NONE',  ( 1329.108372682663685, 28.59183878131786116, -20.18707157333781055 ) ) ;
#2055 = CARTESIAN_POINT ( 'NONE',  ( 1326.503090812360142, -16.37786677406479896, -40.07877425479220079 ) ) ;
#2056 = CARTESIAN_POINT ( 'NONE',  ( 1336.045264178239904, 29.55425130168465842, 25.69542819206445472 ) ) ;
#2057 = CARTESIAN_POINT ( 'NONE',  ( 1323.003342390564285, 0.5401122176920635232, -44.99533800829171781 ) ) ;
#2058 = CARTESIAN_POINT ( 'NONE',  ( 1335.117665366952224, -28.68428755290595689, 27.20013475064991937 ) ) ;
#2059 = CARTESIAN_POINT ( 'NONE',  ( 1324.826509186399790, 12.46275478203029152, 32.85768348855820165 ) ) ;
#2060 = CARTESIAN_POINT ( 'NONE',  ( 1337.056087508709879, 30.45517062238720030, -24.02391582116560187 ) ) ;
#2061 = CARTESIAN_POINT ( 'NONE',  ( 1338.759395416860116, -34.01648624852180092, 8.299661494611269674 ) ) ;
#2062 = CARTESIAN_POINT ( 'NONE',  ( 1321.068698818441135, -21.18307424177029930, 27.86175995438583186 ) ) ;
#2063 = CARTESIAN_POINT ( 'NONE',  ( 1319.584865964201299, 19.29024596832734773, 29.20422362596091759 ) ) ;
#2064 = CARTESIAN_POINT ( 'NONE',  ( 1323.000000004986077, 2.607744203699107199, 44.99987736556700213 ) ) ;
#2065 = CARTESIAN_POINT ( 'NONE',  ( 1336.121279415590152, -29.62342060265837063, 25.57070359556158223 ) ) ;
#2066 = CARTESIAN_POINT ( 'NONE',  ( 1335.810209857566178, -29.34158129003542825, -26.08161792594961526 ) ) ;
#2067 = ORIENTED_EDGE ( 'NONE', *, *, #539, .F. ) ;
#2068 = CARTESIAN_POINT ( 'NONE',  ( 1329.317707571749906, 21.59600095969119948, 36.02496611546209948 ) ) ;
#2069 = CARTESIAN_POINT ( 'NONE',  ( 1328.408619503922409, -28.08060579948650926, -20.89285921243024902 ) ) ;
#2070 = CARTESIAN_POINT ( 'NONE',  ( 1340.503532107669798, -33.18631687348200643, 11.25534106531320155 ) ) ;
#2071 = VECTOR ( 'NONE', #651, 1000.000000000000000 ) ;
#2072 = CARTESIAN_POINT ( 'NONE',  ( 1317.293985594573769, -15.76747349289083644, 31.24732156599631594 ) ) ;
#2073 = CARTESIAN_POINT ( 'NONE',  ( 1337.764900043794114, 33.57254997900250260, 9.893969940795955154 ) ) ;
#2074 = CARTESIAN_POINT ( 'NONE',  ( 1313.321375142159923, 4.479061337442119317, 34.72209445232670078 ) ) ;
#2075 = CARTESIAN_POINT ( 'NONE',  ( 1328.459659658409919, -20.19613936890839767, -37.27254108842670632 ) ) ;
#2076 = DIRECTION ( 'NONE',  ( 0.000000000000000000, 0.000000000000000000, 1.000000000000000000 ) ) ;
#2077 = CARTESIAN_POINT ( 'NONE',  ( 1324.808329779881660, -11.89526662190178286, 42.47440844963313111 ) ) ;
#2078 = CARTESIAN_POINT ( 'NONE',  ( 1403.000000000000000, 3.551475717527319928E-14, 50.00000000000000000 ) ) ;
#2079 = ORIENTED_EDGE ( 'NONE', *, *, #750, .F. ) ;
#2080 = EDGE_CURVE ( 'NONE', #487, #166, #567, .T. ) ;
#2081 = CARTESIAN_POINT ( 'NONE',  ( 1319.364560211704429, 18.98899400943003357, -29.40233137073170511 ) ) ;
#2082 = CARTESIAN_POINT ( 'NONE',  ( 1328.459283166009982, 20.19538850626300075, 37.27307718145870297 ) ) ;
#2083 = CARTESIAN_POINT ( 'NONE',  ( 1317.417508187150588, -15.98306200878752925, 31.13800203947504386 ) ) ;
#2084 = CARTESIAN_POINT ( 'NONE',  ( 1331.039287414845376, 29.90667032435524320, 18.18216366687744667 ) ) ;
#2085 = CARTESIAN_POINT ( 'NONE',  ( 1344.088433285930023, -35.24775346215639615, -9.174744967142840935 ) ) ;
#2086 = ADVANCED_FACE ( 'NONE', ( #649 ), #1451, .T. ) ;
#2087 = CARTESIAN_POINT ( 'NONE',  ( 1325.073772441473920, -12.73058203997921467, -42.10130904526175755 ) ) ;
#2088 = ORIENTED_EDGE ( 'NONE', *, *, #1136, .T. ) ;
#2089 = CARTESIAN_POINT ( 'NONE',  ( 1320.686611755856802, 20.71839550439354127, -28.20904036839664641 ) ) ;
ENDSEC;
END-ISO-10303-21;
