ISO-10303-21;
HEADER;
FILE_DESCRIPTION (( 'STEP AP203' ),
    '1' );
FILE_NAME ('Bucket_Housing_Default_sldprt.STEP',
    '2026-08-25T02:56:49',
    ( '' ),
    ( '' ),
    'SwSTEP 2.0',
    'SolidWorks 2026',
    '' );
FILE_SCHEMA (( 'CONFIG_CONTROL_DESIGN' ));
ENDSEC;

DATA;
#1 = CARTESIAN_POINT ( 'NONE',  ( -87.00000000000000000, 0.000000000000000000, -40.00000000000000000 ) ) ;
#2 = CARTESIAN_POINT ( 'NONE',  ( -9.829896666594580168, -49.99999999999998579, -17.30113840738775366 ) ) ;
#3 = APPROVAL ( #992, '未' ) ;
#4 = ORIENTED_EDGE ( 'NONE', *, *, #437, .T. ) ;
#5 = CARTESIAN_POINT ( 'NONE',  ( -87.00000000000000000, 0.000000000000000000, -52.50000000000000000 ) ) ;
#6 = CARTESIAN_POINT ( 'NONE',  ( -17.00000000000000000, -50.00000000000000000, -37.50000000000000000 ) ) ;
#7 = CARTESIAN_POINT ( 'NONE',  ( -12.33007810794259740, 49.99999999999999289, -20.45523887953456565 ) ) ;
#8 = CARTESIAN_POINT ( 'NONE',  ( -11.87212387161875249, -50.00000000000000000, -19.76766966386846391 ) ) ;
#9 = AXIS2_PLACEMENT_3D ( 'NONE', #1151, #659, #936 ) ;
#10 = ORIENTED_EDGE ( 'NONE', *, *, #298, .T. ) ;
#11 = CIRCLE ( 'NONE', #101, 62.50000000000000000 ) ;
#12 = AXIS2_PLACEMENT_3D ( 'NONE', #94, #397, #803 ) ;
#13 = ADVANCED_FACE ( 'NONE', ( #549 ), #1256, .T. ) ;
#14 = CYLINDRICAL_SURFACE ( 'NONE', #451, 50.00000000000001421 ) ;
#15 = ORIENTED_EDGE ( 'NONE', *, *, #280, .F. ) ;
#16 = FACE_OUTER_BOUND ( 'NONE', #518, .T. ) ;
#17 = LINE ( 'NONE', #731, #1166 ) ;
#18 = CARTESIAN_POINT ( 'NONE',  ( -10.38625806993587197, -50.00000000000000000, -17.84073102508208208 ) ) ;
#19 = VERTEX_POINT ( 'NONE', #48 ) ;
#20 = DIRECTION ( 'NONE',  ( 0.000000000000000000, 0.000000000000000000, -1.000000000000000000 ) ) ;
#21 = ORIENTED_EDGE ( 'NONE', *, *, #318, .F. ) ;
#22 = LINE ( 'NONE', #1271, #653 ) ;
#23 = CARTESIAN_POINT ( 'NONE',  ( -17.00099999999999767, 0.000000000000000000, 0.000000000000000000 ) ) ;
#24 = CARTESIAN_POINT ( 'NONE',  ( -12.69327993702966495, -50.00000000000000000, -21.09872333636494801 ) ) ;
#25 = ORIENTED_EDGE ( 'NONE', *, *, #856, .T. ) ;
#26 = CARTESIAN_POINT ( 'NONE',  ( -13.14444454914824334, -37.17988331325209117, 40.00000000000000711 ) ) ;
#27 = CARTESIAN_POINT ( 'NONE',  ( -12.11131139061342488, -36.11851635462737420, -40.00000000000000000 ) ) ;
#28 = CARTESIAN_POINT ( 'NONE',  ( -11.65846594498956534, 35.74691493560643352, 40.00000000000000000 ) ) ;
#29 = DIRECTION ( 'NONE',  ( 0.000000000000000000, 0.000000000000000000, -1.000000000000000000 ) ) ;
#30 = ORIENTED_EDGE ( 'NONE', *, *, #531, .T. ) ;
#31 = DIRECTION ( 'NONE',  ( 1.000000000000000000, 0.000000000000000000, 0.000000000000000000 ) ) ;
#32 = AXIS2_PLACEMENT_3D ( 'NONE', #1268, #157, #455 ) ;
#33 = VECTOR ( 'NONE', #205, 1000.000000000000000 ) ;
#34 = DIRECTION ( 'NONE',  ( 0.000000000000000000, 0.000000000000000000, -1.000000000000000000 ) ) ;
#35 = ADVANCED_FACE ( 'NONE', ( #164, #142 ), #748, .F. ) ;
#36 = CARTESIAN_POINT ( 'NONE',  ( -15.74384685639793702, 41.50221591261668408, 40.00000000000000000 ) ) ;
#37 = ADVANCED_FACE ( 'NONE', ( #967 ), #945, .F. ) ;
#38 = LINE ( 'NONE', #257, #973 ) ;
#39 = CARTESIAN_POINT ( 'NONE',  ( -10.52022140444307929, -34.96703154701283722, 39.99999999999998579 ) ) ;
#40 = CARTESIAN_POINT ( 'NONE',  ( -11.26657436870963380, -35.46280344711080090, -39.99999999999999289 ) ) ;
#41 = CARTESIAN_POINT ( 'NONE',  ( -8.981434206807266563, 34.30804904548388379, 39.99999999999999289 ) ) ;
#42 = CARTESIAN_POINT ( 'NONE',  ( -17.00000000000000000, -34.00367627183860009, 40.00000000000000000 ) ) ;
#43 = ORIENTED_EDGE ( 'NONE', *, *, #513, .F. ) ;
#44 = DIRECTION ( 'NONE',  ( 0.000000000000000000, 0.000000000000000000, 1.000000000000000000 ) ) ;
#45 = DIRECTION ( 'NONE',  ( -1.000000000000000000, 0.000000000000000000, 0.000000000000000000 ) ) ;
#46 = CARTESIAN_POINT ( 'NONE',  ( -13.09636322530958097, 37.12525585830046992, 40.00000000000001421 ) ) ;
#47 = COORDINATED_UNIVERSAL_TIME_OFFSET ( 8, 0, .AHEAD. ) ;
#48 = CARTESIAN_POINT ( 'NONE',  ( -6.999999999999910294, -50.00000000000000000, 16.00781059358210001 ) ) ;
#49 = EDGE_LOOP ( 'NONE', ( #562, #928, #901 ) ) ;
#50 = CARTESIAN_POINT ( 'NONE',  ( -12.40597876000266808, 36.38949330613098709, -39.99999999999999289 ) ) ;
#51 = EDGE_CURVE ( 'NONE', #962, #118, #360, .T. ) ;
#52 = AXIS2_PLACEMENT_3D ( 'NONE', #1300, #784, #371 ) ;
#53 = CARTESIAN_POINT ( 'NONE',  ( -13.07891521372081556, -37.10559176515861424, -40.00000000000000000 ) ) ;
#54 = AXIS2_PLACEMENT_3D ( 'NONE', #85, #501, #809 ) ;
#55 = CARTESIAN_POINT ( 'NONE',  ( -6.999999999999910294, 0.000000000000000000, 0.000000000000000000 ) ) ;
#56 =( NAMED_UNIT ( * ) PLANE_ANGLE_UNIT ( ) SI_UNIT ( $, .RADIAN. ) );
#57 = LINE ( 'NONE', #1294, #122 ) ;
#58 = ORIENTED_EDGE ( 'NONE', *, *, #414, .T. ) ;
#59 = CARTESIAN_POINT ( 'NONE',  ( -16.44500617921138996, 43.66339098661364915, -39.99999999999999289 ) ) ;
#60 = VECTOR ( 'NONE', #214, 1000.000000000000000 ) ;
#61 = DIRECTION ( 'NONE',  ( -1.000000000000000000, 0.000000000000000000, 0.000000000000000000 ) ) ;
#62 = CARTESIAN_POINT ( 'NONE',  ( -6.999999999999910294, -50.00000000000000000, 16.00781059358210001 ) ) ;
#63 = COORDINATED_UNIVERSAL_TIME_OFFSET ( 8, 0, .AHEAD. ) ;
#64 = DIRECTION ( 'NONE',  ( -1.000000000000000000, 0.000000000000000000, 0.000000000000000000 ) ) ;
#65 = CC_DESIGN_APPROVAL ( #1194, ( #1099 ) ) ;
#66 = AXIS2_PLACEMENT_3D ( 'NONE', #173, #657, #1066 ) ;
#67 = VERTEX_POINT ( 'NONE', #954 ) ;
#68 = CARTESIAN_POINT ( 'NONE',  ( -16.68358199148367760, 44.68663064686978714, -39.99999999999998579 ) ) ;
#69 = DIRECTION ( 'NONE',  ( 0.000000000000000000, 0.000000000000000000, 1.000000000000000000 ) ) ;
#70 = DIRECTION ( 'NONE',  ( 1.000000000000000000, 0.000000000000000000, 0.000000000000000000 ) ) ;
#71 = CARTESIAN_POINT ( 'NONE',  ( -9.941329084242722658, 49.99999999999998579, 17.40289057108314097 ) ) ;
#72 = VERTEX_POINT ( 'NONE', #845 ) ;
#73 = CARTESIAN_POINT ( 'NONE',  ( -13.14444454915012628, 37.17988331325427964, -39.99999999999999289 ) ) ;
#74 =( GEOMETRIC_REPRESENTATION_CONTEXT ( 3 ) GLOBAL_UNCERTAINTY_ASSIGNED_CONTEXT ( ( #492 ) ) GLOBAL_UNIT_ASSIGNED_CONTEXT ( ( #746, #56, #1076 ) ) REPRESENTATION_CONTEXT ( 'NONE', 'WORKASPACE' ) );
#75 = CARTESIAN_POINT ( 'NONE',  ( -6.999999999999910294, 50.00000000000000000, -16.00781059358210001 ) ) ;
#76 = AXIS2_PLACEMENT_3D ( 'NONE', #987, #482, #1303 ) ;
#77 = DIRECTION ( 'NONE',  ( -1.000000000000000000, 0.000000000000000000, 0.000000000000000000 ) ) ;
#78 = PERSON_AND_ORGANIZATION_ROLE ( 'creator' ) ;
#79 = EDGE_CURVE ( 'NONE', #109, #607, #38, .T. ) ;
#80 = AXIS2_PLACEMENT_3D ( 'NONE', #903, #1336, #921 ) ;
#81 = CIRCLE ( 'NONE', #1238, 52.50000000000000000 ) ;
#82 = DIRECTION ( 'NONE',  ( 0.000000000000000000, 0.000000000000000000, 1.000000000000000000 ) ) ;
#83 = EDGE_LOOP ( 'NONE', ( #442, #939 ) ) ;
#84 = CARTESIAN_POINT ( 'NONE',  ( -10.08978109011798274, -50.00000000000000711, -17.54335618032714805 ) ) ;
#85 = CARTESIAN_POINT ( 'NONE',  ( -87.00000000000000000, -50.00000000000000000, 40.00000000000000000 ) ) ;
#86 = CARTESIAN_POINT ( 'NONE',  ( 770.0000000000000000, 0.000000000000000000, -27.50000000000000000 ) ) ;
#87 = CARTESIAN_POINT ( 'NONE',  ( -6.999999999999910294, 34.00367627183860009, 40.00000000000000000 ) ) ;
#88 = ORIENTED_EDGE ( 'NONE', *, *, #199, .T. ) ;
#89 = DIRECTION ( 'NONE',  ( 0.000000000000000000, 1.000000000000000000, 0.000000000000000000 ) ) ;
#90 = EDGE_LOOP ( 'NONE', ( #1141, #810 ) ) ;
#91 = DIRECTION ( 'NONE',  ( -1.000000000000000000, 0.000000000000000000, 0.000000000000000000 ) ) ;
#92 = CARTESIAN_POINT ( 'NONE',  ( -11.22892703615288745, 50.00000000000000711, -18.84656110765912018 ) ) ;
#93 = VERTEX_POINT ( 'NONE', #42 ) ;
#94 = CARTESIAN_POINT ( 'NONE',  ( -87.00000000000000000, 0.000000000000000000, -40.00000000000000000 ) ) ;
#95 = ORIENTED_EDGE ( 'NONE', *, *, #553, .T. ) ;
#96 = CARTESIAN_POINT ( 'NONE',  ( -14.53859167609146930, -50.00000000000001421, 25.05783410784485099 ) ) ;
#97 = CARTESIAN_POINT ( 'NONE',  ( -17.00000000000000000, 0.000000000000000000, 52.50000000000000000 ) ) ;
#98 = AXIS2_PLACEMENT_3D ( 'NONE', #1279, #155, #433 ) ;
#100 = EDGE_CURVE ( 'NONE', #1231, #1203, #994, .T. ) ;
#99 = CIRCLE ( 'NONE', #379, 50.00000000000000000 ) ;
#101 = AXIS2_PLACEMENT_3D ( 'NONE', #723, #1131, #1136 ) ;
#102 = VERTEX_POINT ( 'NONE', #567 ) ;
#103 = CARTESIAN_POINT ( 'NONE',  ( -17.00000000000000000, 50.00000000000000000, -37.50000000000000000 ) ) ;
#104 = CC_DESIGN_DATE_AND_TIME_ASSIGNMENT ( #394, #1190, ( #439 ) ) ;
#105 = LINE ( 'NONE', #620, #1147 ) ;
#106 = B_SPLINE_CURVE_WITH_KNOTS ( 'NONE', 3,
 ( #263, #975, #347, #754, #1163, #661, #654, #643, #556, #461, #760, #234, #1049, #1172, #1071, #767, #1178, #588, #673, #692, #794, #1095, #900, #575, #1316, #1209, #581, #785, #190, #1202, #1184, #993, #1108, #71, #395, #699, #800, #290, #269, #887, #1002, #1115, #299 ),
 .UNSPECIFIED., .F., .F.,
 ( 4, 1, 1, 1, 1, 2, 2, 1, 1, 1, 1, 1, 2, 2, 1, 1, 1, 1, 1, 1, 1, 2, 2, 1, 1, 1, 1, 1, 1, 1, 2, 2, 4 ),
 ( 0.000000000000000000, 0.1250000000000072720, 0.1875000000000109079, 0.2187500000000131284, 0.2343750000000138223, 0.2421875000000137668, 0.2500000000000136557, 0.3750000000000199840, 0.4375000000000229261, 0.4687500000000242029, 0.4843750000000246470, 0.4921875000000248690, 0.4960937500000249800, 0.5000000000000250910, 0.6250000000000215383, 0.6875000000000198730, 0.7187500000000193179, 0.7343750000000189848, 0.7421875000000187628, 0.7460937500000186517, 0.7480468750000185407, 0.7490234375000184297, 0.7500000000000184297, 0.8125000000000274225, 0.8437500000000316414, 0.8593750000000339728, 0.8671875000000351941, 0.8710937500000356382, 0.8730468750000356382, 0.8740234375000358602, 0.8745117187500358602, 0.8750000000000358602, 1.000000000000000000 ),
 .UNSPECIFIED. ) ;
#107 = CARTESIAN_POINT ( 'NONE',  ( -17.00000000000000000, 0.000000000000000000, 0.000000000000000000 ) ) ;
#108 = CARTESIAN_POINT ( 'NONE',  ( -14.60286408418342141, -50.00000000000000000, -25.22363792979150432 ) ) ;
#109 = VERTEX_POINT ( 'NONE', #135 ) ;
#110 = EDGE_CURVE ( 'NONE', #72, #118, #106, .T. ) ;
#111 = DIRECTION ( 'NONE',  ( 0.000000000000000000, 0.000000000000000000, 1.000000000000000000 ) ) ;
#112 = CARTESIAN_POINT ( 'NONE',  ( -17.00000000000000000, 50.00000000000000000, -16.00781059358210001 ) ) ;
#113 = CARTESIAN_POINT ( 'NONE',  ( -11.74269212553124753, 49.99999999999999289, -19.57354832342428352 ) ) ;
#114 = CARTESIAN_POINT ( 'NONE',  ( -17.00000000000000000, 0.000000000000000000, 0.000000000000000000 ) ) ;
#115 = ADVANCED_FACE ( 'NONE', ( #276 ), #176, .F. ) ;
#116 = VERTEX_POINT ( 'NONE', #601 ) ;
#117 = CARTESIAN_POINT ( 'NONE',  ( -14.68847217865921095, -39.34322057517456983, 40.00000000000000711 ) ) ;
#118 = VERTEX_POINT ( 'NONE', #1086 ) ;
#119 = CARTESIAN_POINT ( 'NONE',  ( -16.17787413604231261, -49.99999999999998579, 30.41790109897924665 ) ) ;
#120 = CARTESIAN_POINT ( 'NONE',  ( -14.57796183268854584, 50.00000000000002132, -25.15913085788108816 ) ) ;
#121 = CARTESIAN_POINT ( 'NONE',  ( -15.22712778491035124, -50.00000000000000711, -26.95263805620981046 ) ) ;
#122 = VECTOR ( 'NONE', #875, 1000.000000000000000 ) ;
#123 = VERTEX_POINT ( 'NONE', #685 ) ;
#124 = VECTOR ( 'NONE', #364, 1000.000000000000000 ) ;
#125 = CARTESIAN_POINT ( 'NONE',  ( -14.27287018820570097, -38.66277142041101200, 40.00000000000000711 ) ) ;
#126 = VERTEX_POINT ( 'NONE', #1101 ) ;
#127 = CARTESIAN_POINT ( 'NONE',  ( -9.664902636687189741, -34.55028512255852746, -39.99999999999999289 ) ) ;
#128 = CARTESIAN_POINT ( 'NONE',  ( -16.16307738060358545, 42.67644819351724550, 40.00000000000000000 ) ) ;
#129 = CARTESIAN_POINT ( 'NONE',  ( -87.00000000000000000, -50.00000000000000000, 40.00000000000000000 ) ) ;
#130 = VERTEX_POINT ( 'NONE', #87 ) ;
#131 = CARTESIAN_POINT ( 'NONE',  ( -16.99999999999998224, 47.23447376395117203, -40.00000000000000000 ) ) ;
#132 = CARTESIAN_POINT ( 'NONE',  ( -6.999999999999910294, 0.000000000000000000, 0.000000000000000000 ) ) ;
#133 = CARTESIAN_POINT ( 'NONE',  ( -13.05272052800820148, 37.07616233875474165, 39.99999999999999289 ) ) ;
#134 = DIRECTION ( 'NONE',  ( 0.000000000000000000, 0.000000000000000000, 1.000000000000000000 ) ) ;
#135 = CARTESIAN_POINT ( 'NONE',  ( -17.00000000000000000, -50.00000000000000000, 16.00781059358210001 ) ) ;
#136 = EDGE_CURVE ( 'NONE', #889, #925, #737, .T. ) ;
#137 = CARTESIAN_POINT ( 'NONE',  ( -16.07864373320453666, -42.40123742430203180, 39.99999999999999289 ) ) ;
#138 = EDGE_CURVE ( 'NONE', #697, #116, #57, .T. ) ;
#139 = CARTESIAN_POINT ( 'NONE',  ( -12.99144091637266563, -37.00796067030694303, -40.00000000000000711 ) ) ;
#140 = CARTESIAN_POINT ( 'NONE',  ( 0.000000000000000000, 0.000000000000000000, 42.50000000000000000 ) ) ;
#141 = CARTESIAN_POINT ( 'NONE',  ( -87.00000000000000000, 50.00000000000000000, 40.00000000000000000 ) ) ;
#142 = FACE_OUTER_BOUND ( 'NONE', #90, .T. ) ;
#143 = APPROVAL_PERSON_ORGANIZATION ( #880, #3, #188 ) ;
#144 = CARTESIAN_POINT ( 'NONE',  ( -9.339727591615080371, -34.43132547351943629, 39.99999999999999289 ) ) ;
#145 = VECTOR ( 'NONE', #303, 1000.000000000000000 ) ;
#146 = EDGE_CURVE ( 'NONE', #962, #638, #714, .T. ) ;
#147 = AXIS2_PLACEMENT_3D ( 'NONE', #5, #309, #294 ) ;
#148 = FACE_OUTER_BOUND ( 'NONE', #1072, .T. ) ;
#149 = CARTESIAN_POINT ( 'NONE',  ( -7.972456617986182437, 34.05604148020766786, 39.99999999999998579 ) ) ;
#150 = CALENDAR_DATE ( 2026, 25, 8 ) ;
#151 = EDGE_LOOP ( 'NONE', ( #895, #270, #247, #435 ) ) ;
#152 = VERTEX_POINT ( 'NONE', #1287 ) ;
#153 = CARTESIAN_POINT ( 'NONE',  ( -17.00000000000000000, 0.000000000000000000, 0.000000000000000000 ) ) ;
#154 = FACE_OUTER_BOUND ( 'NONE', #524, .T. ) ;
#155 = DIRECTION ( 'NONE',  ( -1.000000000000000000, 0.000000000000000000, 0.000000000000000000 ) ) ;
#156 = CARTESIAN_POINT ( 'NONE',  ( 0.000000000000000000, 0.000000000000000000, 0.000000000000000000 ) ) ;
#157 = DIRECTION ( 'NONE',  ( 0.000000000000000000, 0.000000000000000000, 1.000000000000000000 ) ) ;
#158 = ADVANCED_FACE ( 'NONE', ( #171 ), #366, .F. ) ;
#159 = VERTEX_POINT ( 'NONE', #778 ) ;
#160 = CARTESIAN_POINT ( 'NONE',  ( -9.359534255641465350, 34.43869093989091823, -40.00000000000002132 ) ) ;
#161 = CARTESIAN_POINT ( 'NONE',  ( -16.78456646228675808, -44.87827948421738000, -40.00000000000000711 ) ) ;
#162 = CYLINDRICAL_SURFACE ( 'NONE', #52, 42.50000000000000000 ) ;
#163 = APPROVAL_ROLE ( '' ) ;
#164 = FACE_BOUND ( 'NONE', #469, .T. ) ;
#165 = ORIENTED_EDGE ( 'NONE', *, *, #1087, .F. ) ;
#166 = CARTESIAN_POINT ( 'NONE',  ( -15.60352614293153550, 41.17327657731488699, -40.00000000000000000 ) ) ;
#167 = AXIS2_PLACEMENT_3D ( 'NONE', #773, #64, #474 ) ;
#168 = CARTESIAN_POINT ( 'NONE',  ( -15.57313253421612131, -41.10217047316168504, -40.00000000000002132 ) ) ;
#169 = AXIS2_PLACEMENT_3D ( 'NONE', #132, #650, #337 ) ;
#170 = FACE_OUTER_BOUND ( 'NONE', #619, .T. ) ;
#171 = FACE_OUTER_BOUND ( 'NONE', #429, .T. ) ;
#172 = EDGE_LOOP ( 'NONE', ( #1333, #1021 ) ) ;
#173 = CARTESIAN_POINT ( 'NONE',  ( -87.00000000000000000, 0.000000000000000000, -40.00000000000000000 ) ) ;
#174 = PLANE ( 'NONE',  #891 ) ;
#175 = CARTESIAN_POINT ( 'NONE',  ( -12.33007810793659509, -50.00000000000001421, 20.45523887952553821 ) ) ;
#176 = PLANE ( 'NONE',  #1323 ) ;
#177 = VERTEX_POINT ( 'NONE', #680 ) ;
#178 = CARTESIAN_POINT ( 'NONE',  ( -15.65863481987144645, 41.30426962121991608, -40.00000000000000711 ) ) ;
#179 = CARTESIAN_POINT ( 'NONE',  ( -15.74384685637710035, -41.50221591255532161, -40.00000000000000711 ) ) ;
#180 = ADVANCED_FACE ( 'NONE', ( #499 ), #1193, .F. ) ;
#181 = FACE_OUTER_BOUND ( 'NONE', #151, .T. ) ;
#182 = PERSON_AND_ORGANIZATION ( #722, #1154 ) ;
#183 = CARTESIAN_POINT ( 'NONE',  ( 770.0000000000000000, 0.000000000000000000, 0.000000000000000000 ) ) ;
#184 = VERTEX_POINT ( 'NONE', #382 ) ;
#185 = CARTESIAN_POINT ( 'NONE',  ( -16.99999999999998224, -50.00000000000000000, -36.51140189561820648 ) ) ;
#186 = DIRECTION ( 'NONE',  ( 0.000000000000000000, 0.000000000000000000, 1.000000000000000000 ) ) ;
#187 = CARTESIAN_POINT ( 'NONE',  ( -6.999999999999910294, 0.000000000000000000, 0.000000000000000000 ) ) ;
#188 = APPROVAL_ROLE ( '' ) ;
#189 = AXIS2_PLACEMENT_3D ( 'NONE', #187, #565, #490 ) ;
#190 = CARTESIAN_POINT ( 'NONE',  ( -11.82118715233184858, 50.00000000000001421, 19.69075738969545952 ) ) ;
#191 = ORIENTED_EDGE ( 'NONE', *, *, #1201, .T. ) ;
#192 = CARTESIAN_POINT ( 'NONE',  ( -11.83202355932916916, -50.00000000000000711, -19.70707279787180610 ) ) ;
#193 = DIRECTION ( 'NONE',  ( 1.000000000000000000, 0.000000000000000000, 0.000000000000000000 ) ) ;
#194 = DIRECTION ( 'NONE',  ( 1.000000000000000000, 0.000000000000000000, 0.000000000000000000 ) ) ;
#195 = CALENDAR_DATE ( 2026, 25, 8 ) ;
#196 = DIRECTION ( 'NONE',  ( -1.000000000000000000, 0.000000000000000000, 0.000000000000000000 ) ) ;
#197 = ORIENTED_EDGE ( 'NONE', *, *, #1269, .T. ) ;
#198 = DIRECTION ( 'NONE',  ( 1.000000000000000000, 0.000000000000000000, 0.000000000000000000 ) ) ;
#199 = EDGE_CURVE ( 'NONE', #962, #638, #285, .T. ) ;
#200 = CARTESIAN_POINT ( 'NONE',  ( -16.78938963426915976, -50.00000000000000711, 33.46583974474127388 ) ) ;
#201 = CARTESIAN_POINT ( 'NONE',  ( -9.586279453907778247, 50.00000000000000000, -17.08988485534407431 ) ) ;
#202 = EDGE_CURVE ( 'NONE', #67, #102, #266, .T. ) ;
#203 = ORIENTED_EDGE ( 'NONE', *, *, #373, .F. ) ;
#204 = CARTESIAN_POINT ( 'NONE',  ( -61.99999999999999289, 0.000000000000000000, -40.00000000000000000 ) ) ;
#205 = DIRECTION ( 'NONE',  ( 0.000000000000000000, 0.000000000000000000, 1.000000000000000000 ) ) ;
#206 = DIRECTION ( 'NONE',  ( -1.000000000000000000, 0.000000000000000000, 0.000000000000000000 ) ) ;
#207 = CIRCLE ( 'NONE', #949, 62.50000000000000000 ) ;
#208 = EDGE_CURVE ( 'NONE', #1317, #561, #527, .T. ) ;
#209 = TOROIDAL_SURFACE ( 'NONE', #357, 62.50000000000000000, 10.00000000000000000 ) ;
#210 = ORIENTED_EDGE ( 'NONE', *, *, #1025, .F. ) ;
#211 = CARTESIAN_POINT ( 'NONE',  ( -17.00000000000000000, -34.00367627183860009, 40.00000000000000000 ) ) ;
#212 = DIRECTION ( 'NONE',  ( 1.000000000000000000, 0.000000000000000000, 0.000000000000000000 ) ) ;
#213 = CARTESIAN_POINT ( 'NONE',  ( -16.17787413604424884, 50.00000000000000711, -30.41790109898895267 ) ) ;
#214 = DIRECTION ( 'NONE',  ( 0.000000000000000000, 1.000000000000000000, 0.000000000000000000 ) ) ;
#215 = ORIENTED_EDGE ( 'NONE', *, *, #765, .T. ) ;
#216 = CARTESIAN_POINT ( 'NONE',  ( -17.00000000000000000, -50.00000000000000000, 37.50000000000000000 ) ) ;
#217 = EDGE_CURVE ( 'NONE', #476, #697, #377, .T. ) ;
#218 = ORIENTED_EDGE ( 'NONE', *, *, #747, .T. ) ;
#219 = CARTESIAN_POINT ( 'NONE',  ( -16.27548636636707258, -50.00000000000000000, 30.87348097909395150 ) ) ;
#220 = DIRECTION ( 'NONE',  ( 0.000000000000000000, 0.000000000000000000, 1.000000000000000000 ) ) ;
#221 = PLANE ( 'NONE',  #361 ) ;
#222 = VERTEX_POINT ( 'NONE', #97 ) ;
#223 = CARTESIAN_POINT ( 'NONE',  ( -9.922665465031849763, -34.67060065840153982, 40.00000000000000000 ) ) ;
#224 = ORIENTED_EDGE ( 'NONE', *, *, #866, .T. ) ;
#225 = CARTESIAN_POINT ( 'NONE',  ( -8.981434206820463118, -34.30804904548387668, -39.99999999999998579 ) ) ;
#226 = DIRECTION ( 'NONE',  ( -1.000000000000000000, 0.000000000000000000, 0.000000000000000000 ) ) ;
#227 = CARTESIAN_POINT ( 'NONE',  ( -11.92811109377440282, -50.00000000000000000, -19.85293324071242793 ) ) ;
#228 = ORIENTED_EDGE ( 'NONE', *, *, #100, .T. ) ;
#229 = AXIS2_PLACEMENT_3D ( 'NONE', #1022, #193, #1005 ) ;
#230 = CARTESIAN_POINT ( 'NONE',  ( -11.02055057833476504, -35.28337995453813392, 40.00000000000001421 ) ) ;
#231 = CARTESIAN_POINT ( 'NONE',  ( -17.00099999999999767, 0.000000000000000000, 0.000000000000000000 ) ) ;
#232 = CARTESIAN_POINT ( 'NONE',  ( -6.999999999999910294, -34.00367627183860009, 40.00000000000000000 ) ) ;
#233 = APPLICATION_PROTOCOL_DEFINITION ( 'international standard', 'config_control_design', 1994, #820 ) ;
#234 = CARTESIAN_POINT ( 'NONE',  ( -15.22712778491035479, 50.00000000000000000, 26.95263805620981756 ) ) ;
#235 = CARTESIAN_POINT ( 'NONE',  ( -11.48399247165207804, -35.62172911043627010, 39.99999999999999289 ) ) ;
#236 = CARTESIAN_POINT ( 'NONE',  ( -9.220418919854635575, -34.38836963852916284, -40.00000000000000000 ) ) ;
#237 = CIRCLE ( 'NONE', #1198, 52.50000000000000000 ) ;
#238 = CARTESIAN_POINT ( 'NONE',  ( -12.99144091637266563, 37.00796067030698566, 40.00000000000000000 ) ) ;
#239 = CARTESIAN_POINT ( 'NONE',  ( -17.00000000000000000, 0.000000000000000000, 0.000000000000000000 ) ) ;
#240 = CARTESIAN_POINT ( 'NONE',  ( -6.999999999999910294, 50.00000000000000000, 16.00781059358210001 ) ) ;
#241 = EDGE_CURVE ( 'NONE', #130, #833, #17, .T. ) ;
#242 = CARTESIAN_POINT ( 'NONE',  ( -16.40008912813548037, -43.49311608693983544, 40.00000000000000000 ) ) ;
#243 = APPROVAL ( #1152, '未' ) ;
#244 = CARTESIAN_POINT ( 'NONE',  ( -10.76926833682158957, -35.12841285806631220, -40.00000000000000000 ) ) ;
#245 = CARTESIAN_POINT ( 'NONE',  ( -13.35913733176069762, 37.42323010216850321, 39.99999999999999289 ) ) ;
#246 = CARTESIAN_POINT ( 'NONE',  ( -17.00000000000000000, -50.00000000000000000, -40.00000000000000000 ) ) ;
#247 = ORIENTED_EDGE ( 'NONE', *, *, #1062, .F. ) ;
#248 = VECTOR ( 'NONE', #894, 1000.000000000000000 ) ;
#249 = ORIENTED_EDGE ( 'NONE', *, *, #1046, .F. ) ;
#250 = CARTESIAN_POINT ( 'NONE',  ( -15.72254813736776846, -41.45946802457313396, 40.00000000000000000 ) ) ;
#251 = AXIS2_PLACEMENT_3D ( 'NONE', #319, #599, #111 ) ;
#252 = CIRCLE ( 'NONE', #1061, 27.50000000000000000 ) ;
#253 = CARTESIAN_POINT ( 'NONE',  ( -17.00000000000000000, 0.000000000000000000, 0.000000000000000000 ) ) ;
#254 = CARTESIAN_POINT ( 'NONE',  ( 860.0000000000000000, 0.000000000000000000, 52.50000000000000000 ) ) ;
#255 = EDGE_CURVE ( 'NONE', #561, #675, #311, .T. ) ;
#256 = PERSON_AND_ORGANIZATION ( #722, #1154 ) ;
#257 = CARTESIAN_POINT ( 'NONE',  ( -17.00000000000000000, -50.00000000000000000, 16.00781059358210001 ) ) ;
#258 = ORIENTED_EDGE ( 'NONE', *, *, #79, .T. ) ;
#259 = CARTESIAN_POINT ( 'NONE',  ( -14.27287018822109843, 38.66277142042850556, -39.99999999999999289 ) ) ;
#260 = CARTESIAN_POINT ( 'NONE',  ( -14.37780456529002926, -38.83412191105276179, -39.99999999999997158 ) ) ;
#261 = CARTESIAN_POINT ( 'NONE',  ( -13.84888409077575133, -50.00000000000000000, 23.39298117051691150 ) ) ;
#262 = DIRECTION ( 'NONE',  ( 0.000000000000000000, 0.000000000000000000, 1.000000000000000000 ) ) ;
#263 = CARTESIAN_POINT ( 'NONE',  ( -17.00000000000000000, 50.00000000000000000, 37.50000000000000000 ) ) ;
#264 = ORIENTED_EDGE ( 'NONE', *, *, #496, .F. ) ;
#265 = CARTESIAN_POINT ( 'NONE',  ( -14.83800057289574426, 39.60131520432908303, -39.99999999999998579 ) ) ;
#266 = B_SPLINE_CURVE_WITH_KNOTS ( 'NONE', 3,
 ( #1309, #386, #407, #1229, #837, #201, #1033, #1322, #922, #904, #725, #1329, #427, #813, #92, #307, #621, #113, #321, #911, #627, #1019, #7, #821, #703, #1132, #1137, #1007, #1012, #412, #120, #1120, #504, #508, #213, #401, #717, #1026, #1124, #806, #1248, #1223 ),
 .UNSPECIFIED., .F., .F.,
 ( 4, 1, 1, 1, 1, 1, 1, 1, 2, 2, 1, 1, 1, 1, 1, 1, 2, 2, 1, 1, 1, 1, 1, 2, 2, 1, 1, 1, 1, 2, 2, 4 ),
 ( 0.000000000000000000, 0.06249999999998680222, 0.09374999999998012701, 0.1093749999999766020, 0.1171874999999747285, 0.1210937499999737155, 0.1230468749999731604, 0.1240234374999729938, 0.1245117187499729661, 0.1249999999999729522, 0.1874999999999795441, 0.2187499999999829581, 0.2343749999999848177, 0.2421874999999855671, 0.2460937499999860112, 0.2480468749999863720, 0.2490234374999864275, 0.2499999999999865108, 0.3749999999999861777, 0.4374999999999862887, 0.4687499999999860667, 0.4843749999999860667, 0.4921874999999861222, 0.4960937499999862887, 0.4999999999999864553, 0.6249999999999902300, 0.6874999999999922284, 0.7187499999999932276, 0.7343749999999934497, 0.7421874999999933387, 0.7499999999999932276, 1.000000000000000000 ),
 .UNSPECIFIED. ) ;
#267 = DIRECTION ( 'NONE',  ( 0.000000000000000000, 0.000000000000000000, 1.000000000000000000 ) ) ;
#268 = LINE ( 'NONE', #1083, #634 ) ;
#269 = CARTESIAN_POINT ( 'NONE',  ( -9.798044137872306436, 50.00000000000000711, 17.27263222201363746 ) ) ;
#270 = ORIENTED_EDGE ( 'NONE', *, *, #886, .F. ) ;
#271 = CARTESIAN_POINT ( 'NONE',  ( -16.36012868744199267, 43.34613161930646896, -40.00000000000000000 ) ) ;
#272 = FACE_OUTER_BOUND ( 'NONE', #1003, .T. ) ;
#273 = AXIS2_PLACEMENT_3D ( 'NONE', #471, #1205, #186 ) ;
#274 = CARTESIAN_POINT ( 'NONE',  ( -11.52269928143875610, -50.00000000000000000, 19.25373441722207701 ) ) ;
#275 = APPROVAL_DATE_TIME ( #1183, #3 ) ;
#276 = FACE_OUTER_BOUND ( 'NONE', #1243, .T. ) ;
#277 = CC_DESIGN_PERSON_AND_ORGANIZATION_ASSIGNMENT ( #447, #1162, ( #1091 ) ) ;
#278 = ORIENTED_EDGE ( 'NONE', *, *, #582, .T. ) ;
#279 = CARTESIAN_POINT ( 'NONE',  ( -15.43167900349386734, 40.77034940335055779, -39.99999999999999289 ) ) ;
#280 = EDGE_CURVE ( 'NONE', #184, #72, #591, .T. ) ;
#281 = FACE_BOUND ( 'NONE', #172, .T. ) ;
#282 = B_SPLINE_CURVE_WITH_KNOTS ( 'NONE', 3,
 ( #618, #506, #909, #1225, #305, #705, #242, #1155, #335, #631, #846, #137, #955, #250, #1030, #1264, #1159, #1251, #1257, #728, #551, #117, #734, #1036, #125, #854, #743, #1244, #330, #648, #26, #926, #755, #946, #324, #1146, #1055, #235, #1140, #341, #444, #230, #39, #223, #449, #750, #639, #436, #144, #644, #834, #1050 ),
 .UNSPECIFIED., .F., .F.,
 ( 4, 1, 1, 1, 1, 1, 2, 2, 1, 1, 1, 1, 2, 2, 1, 1, 2, 2, 1, 1, 1, 1, 1, 2, 2, 1, 1, 1, 1, 2, 2, 1, 1, 1, 1, 2, 2, 4 ),
 ( 0.000000000000000000, 0.1249999999999871214, 0.1874999999999811817, 0.2187499999999782119, 0.2343749999999772404, 0.2421874999999768241, 0.2460937499999765465, 0.2499999999999762967, 0.3124999999999690803, 0.3437499999999660272, 0.3593749999999649170, 0.3671874999999643618, 0.3710937499999646394, 0.3749999999999650280, 0.4374999999999753530, 0.4687499999999799605, 0.4843749999999823475, 0.4999999999999846789, 0.5624999999999944489, 0.5937499999999993339, 0.6093750000000016653, 0.6171875000000027756, 0.6210937500000039968, 0.6230468750000041078, 0.6250000000000042188, 0.6875000000000062172, 0.7187500000000068834, 0.7343750000000067724, 0.7421875000000063283, 0.7460937500000064393, 0.7500000000000064393, 0.8125000000000067724, 0.8437500000000072164, 0.8593750000000071054, 0.8671875000000068834, 0.8710937500000069944, 0.8750000000000069944, 1.000000000000000000 ),
 .UNSPECIFIED. ) ;
#283 = CARTESIAN_POINT ( 'NONE',  ( -9.777975556313101890, -50.00000000000002132, 17.25481222087865518 ) ) ;
#284 = DATE_AND_TIME ( #1200, #404 ) ;
#285 = LINE ( 'NONE', #493, #248 ) ;
#286 = ORIENTED_EDGE ( 'NONE', *, *, #1188, .F. ) ;
#287 = CARTESIAN_POINT ( 'NONE',  ( -6.999999999999910294, 0.000000000000000000, 0.000000000000000000 ) ) ;
#288 = CARTESIAN_POINT ( 'NONE',  ( -15.55271295310599200, -41.05489459904120508, -40.00000000000000000 ) ) ;
#289 = CARTESIAN_POINT ( 'NONE',  ( -9.785354830797068360, -50.00000000000000000, 17.26134958196539770 ) ) ;
#290 = CARTESIAN_POINT ( 'NONE',  ( -9.803353303063442326, 50.00000000000000000, 17.27736744957324433 ) ) ;
#291 = CC_DESIGN_SECURITY_CLASSIFICATION ( #439, ( #1221 ) ) ;
#292 = ORIENTED_EDGE ( 'NONE', *, *, #241, .T. ) ;
#293 = CARTESIAN_POINT ( 'NONE',  ( -87.00000000000000000, 50.00000000000000000, -40.00000000000000000 ) ) ;
#294 = DIRECTION ( 'NONE',  ( 1.000000000000000000, 0.000000000000000000, 0.000000000000000000 ) ) ;
#295 = CARTESIAN_POINT ( 'NONE',  ( -14.49987279919289307, -50.00000000000001421, 24.95877061564577559 ) ) ;
#296 = COORDINATED_UNIVERSAL_TIME_OFFSET ( 8, 0, .AHEAD. ) ;
#297 = CIRCLE ( 'NONE', #251, 52.50000000000000000 ) ;
#298 = EDGE_CURVE ( 'NONE', #102, #123, #207, .T. ) ;
#299 = CARTESIAN_POINT ( 'NONE',  ( -6.999999999999910294, 50.00000000000000000, 16.00781059358210001 ) ) ;
#300 = ORIENTED_EDGE ( 'NONE', *, *, #1150, .F. ) ;
#301 = FACE_OUTER_BOUND ( 'NONE', #801, .T. ) ;
#302 = CARTESIAN_POINT ( 'NONE',  ( -6.999999999999910294, 34.00367627183860009, -40.00000000000000000 ) ) ;
#303 = DIRECTION ( 'NONE',  ( 0.000000000000000000, 1.000000000000000000, 0.000000000000000000 ) ) ;
#304 = ORIENTED_EDGE ( 'NONE', *, *, #555, .T. ) ;
#305 = CARTESIAN_POINT ( 'NONE',  ( -16.53042221076566420, -44.00416796630697291, 40.00000000000000711 ) ) ;
#306 = CARTESIAN_POINT ( 'NONE',  ( 770.0000000000000000, 0.000000000000000000, 0.000000000000000000 ) ) ;
#307 = CARTESIAN_POINT ( 'NONE',  ( -11.52269928143703659, 50.00000000000001421, -19.25373441721952261 ) ) ;
#308 = ORIENTED_EDGE ( 'NONE', *, *, #1165, .F. ) ;
#309 = DIRECTION ( 'NONE',  ( 0.000000000000000000, 0.000000000000000000, 1.000000000000000000 ) ) ;
#310 = CARTESIAN_POINT ( 'NONE',  ( -14.57796183268862578, -50.00000000000001421, 25.15913085788148607 ) ) ;
#311 = CIRCLE ( 'NONE', #1057, 62.50000000000000000 ) ;
#312 = DIRECTION ( 'NONE',  ( 1.000000000000000000, 0.000000000000000000, 0.000000000000000000 ) ) ;
#313 = VECTOR ( 'NONE', #604, 1000.000000000000000 ) ;
#314 = DIRECTION ( 'NONE',  ( 0.000000000000000000, 0.000000000000000000, 1.000000000000000000 ) ) ;
#315 = VECTOR ( 'NONE', #497, 1000.000000000000000 ) ;
#316 = ORIENTED_EDGE ( 'NONE', *, *, #1023, .F. ) ;
#317 = EDGE_CURVE ( 'NONE', #681, #905, #1084, .T. ) ;
#318 = EDGE_CURVE ( 'NONE', #19, #109, #831, .T. ) ;
#319 = CARTESIAN_POINT ( 'NONE',  ( -6.999999999999910294, 0.000000000000000000, 0.000000000000000000 ) ) ;
#320 = LINE ( 'NONE', #6, #974 ) ;
#321 = CARTESIAN_POINT ( 'NONE',  ( -11.77932957122452429, 50.00000000000000000, -19.62805346812796259 ) ) ;
#322 = CARTESIAN_POINT ( 'NONE',  ( -11.82118715233196582, -50.00000000000002132, -19.69075738969560518 ) ) ;
#323 = VERTEX_POINT ( 'NONE', #554 ) ;
#324 = CARTESIAN_POINT ( 'NONE',  ( -12.40597875999321964, -36.38949330612023658, 39.99999999999999289 ) ) ;
#325 = VERTEX_POINT ( 'NONE', #140 ) ;
#326 = CARTESIAN_POINT ( 'NONE',  ( 860.0000000000000000, 0.000000000000000000, 0.000000000000000000 ) ) ;
#327 = CARTESIAN_POINT ( 'NONE',  ( -17.00000000000000000, -50.00000000000000000, -40.00000000000000000 ) ) ;
#328 = CARTESIAN_POINT ( 'NONE',  ( -16.41979312331378793, -50.00000000000002842, -31.59688022656205320 ) ) ;
#329 = ORIENTED_EDGE ( 'NONE', *, *, #617, .F. ) ;
#330 = CARTESIAN_POINT ( 'NONE',  ( -13.22076098111005038, -37.26771225612669980, 40.00000000000000000 ) ) ;
#331 = EDGE_LOOP ( 'NONE', ( #1210, #30, #1008, #557 ) ) ;
#332 = CARTESIAN_POINT ( 'NONE',  ( -9.148776275683241366, -34.36341434391577820, -40.00000000000000000 ) ) ;
#333 = CARTESIAN_POINT ( 'NONE',  ( -6.999999999999910294, 34.00367627183860009, 40.00000000000000000 ) ) ;
#334 = CARTESIAN_POINT ( 'NONE',  ( 770.0000000000000000, 42.50000000000000000, 0.000000000000000000 ) ) ;
#335 = CARTESIAN_POINT ( 'NONE',  ( -16.36711138688882627, -43.37153713556028123, 40.00000000000001421 ) ) ;
#336 = EDGE_CURVE ( 'NONE', #463, #325, #1127, .T. ) ;
#337 = DIRECTION ( 'NONE',  ( 0.000000000000000000, 0.000000000000000000, 1.000000000000000000 ) ) ;
#338 = CARTESIAN_POINT ( 'NONE',  ( -9.294070135854672898, 34.41461748980652402, 40.00000000000000000 ) ) ;
#339 = CC_DESIGN_PERSON_AND_ORGANIZATION_ASSIGNMENT ( #1286, #78, ( #1221 ) ) ;
#340 = DIRECTION ( 'NONE',  ( -1.000000000000000000, 0.000000000000000000, 0.000000000000000000 ) ) ;
#341 = CARTESIAN_POINT ( 'NONE',  ( -11.38754131192655272, -35.55019456478181894, 40.00000000000001421 ) ) ;
#342 = DIRECTION ( 'NONE',  ( -1.000000000000000000, 0.000000000000000000, 0.000000000000000000 ) ) ;
#343 = EDGE_CURVE ( 'NONE', #700, #116, #354, .T. ) ;
#344 = AXIS2_PLACEMENT_3D ( 'NONE', #775, #1089, #464 ) ;
#345 = CARTESIAN_POINT ( 'NONE',  ( -13.71442971369086727, 37.86426676246911427, 39.99999999999999289 ) ) ;
#346 = CYLINDRICAL_SURFACE ( 'NONE', #1319, 42.50000000000000000 ) ;
#347 = CARTESIAN_POINT ( 'NONE',  ( -16.92102111285093002, 50.00000000000000711, 34.99873750100042713 ) ) ;
#348 = CARTESIAN_POINT ( 'NONE',  ( -87.00000000000000000, 0.000000000000000000, 40.00000000000000000 ) ) ;
#349 = ADVANCED_FACE ( 'NONE', ( #560 ), #1069, .F. ) ;
#350 = LINE ( 'NONE', #1142, #1059 ) ;
#351 = CARTESIAN_POINT ( 'NONE',  ( -9.664902636671190095, 34.55028512254687456, 40.00000000000000000 ) ) ;
#352 = APPROVAL_DATE_TIME ( #1273, #1194 ) ;
#353 = VERTEX_POINT ( 'NONE', #232 ) ;
#354 = CIRCLE ( 'NONE', #98, 52.50000000000000000 ) ;
#355 = VERTEX_POINT ( 'NONE', #254 ) ;
#356 = CARTESIAN_POINT ( 'NONE',  ( -17.00000000000000000, 50.00000000000000000, -40.00000000000000000 ) ) ;
#357 = AXIS2_PLACEMENT_3D ( 'NONE', #55, #1100, #572 ) ;
#358 = CYLINDRICAL_SURFACE ( 'NONE', #550, 50.00000000000001421 ) ;
#359 = CARTESIAN_POINT ( 'NONE',  ( -14.26998274035903691, 38.66738343747147866, 40.00000000000000000 ) ) ;
#360 = LINE ( 'NONE', #240, #568 ) ;
#361 = AXIS2_PLACEMENT_3D ( 'NONE', #114, #1312, #420 ) ;
#362 = ORIENTED_EDGE ( 'NONE', *, *, #1230, .F. ) ;
#363 = CARTESIAN_POINT ( 'NONE',  ( -61.99999999999999289, 0.000000000000000000, 40.00000000000000000 ) ) ;
#364 = DIRECTION ( 'NONE',  ( -1.000000000000000000, 0.000000000000000000, 0.000000000000000000 ) ) ;
#365 = CARTESIAN_POINT ( 'NONE',  ( -16.78456646228675808, 44.87827948427566582, 40.00000000000000711 ) ) ;
#366 = PLANE ( 'NONE',  #167 ) ;
#367 = ORIENTED_EDGE ( 'NONE', *, *, #724, .F. ) ;
#368 = CARTESIAN_POINT ( 'NONE',  ( -6.999999999999910294, 34.00367627183860009, -40.00000000000000000 ) ) ;
#369 = DIRECTION ( 'NONE',  ( 0.000000000000000000, 0.000000000000000000, -1.000000000000000000 ) ) ;
#370 = EDGE_CURVE ( 'NONE', #323, #159, #1014, .T. ) ;
#371 = DIRECTION ( 'NONE',  ( 0.000000000000000000, 0.000000000000000000, 1.000000000000000000 ) ) ;
#372 = PERSON_AND_ORGANIZATION_ROLE ( 'classification_officer' ) ;
#373 = EDGE_CURVE ( 'NONE', #130, #184, #913, .T. ) ;
#374 = DIRECTION ( 'NONE',  ( -1.000000000000000000, 0.000000000000000000, 0.000000000000000000 ) ) ;
#375 = ORIENTED_EDGE ( 'NONE', *, *, #1228, .F. ) ;
#376 = CARTESIAN_POINT ( 'NONE',  ( -16.25083057755308857, 42.95148162950358994, -39.99999999999998579 ) ) ;
#377 = CIRCLE ( 'NONE', #906, 52.50000000000000000 ) ;
#378 = CARTESIAN_POINT ( 'NONE',  ( -15.30000420340643252, -40.49491610875225689, -40.00000000000000711 ) ) ;
#379 = AXIS2_PLACEMENT_3D ( 'NONE', #1027, #838, #869 ) ;
#380 = DIRECTION ( 'NONE',  ( 0.000000000000000000, 0.000000000000000000, 1.000000000000000000 ) ) ;
#381 = ADVANCED_FACE ( 'NONE', ( #1199 ), #1106, .T. ) ;
#382 = CARTESIAN_POINT ( 'NONE',  ( -17.00000000000000000, 48.02343178074640662, 40.00000000000000000 ) ) ;
#383 = ORIENTED_EDGE ( 'NONE', *, *, #208, .F. ) ;
#384 = CARTESIAN_POINT ( 'NONE',  ( -10.52022140445441067, 34.96703154701697969, -40.00000000000000711 ) ) ;
#385 = CARTESIAN_POINT ( 'NONE',  ( -11.79502875963504849, -50.00000000000000000, 19.65152327956266376 ) ) ;
#386 = CARTESIAN_POINT ( 'NONE',  ( -7.458584327860862118, 50.00000000000000000, -16.00781059358209291 ) ) ;
#387 = ORIENTED_EDGE ( 'NONE', *, *, #317, .F. ) ;
#388 = B_SPLINE_CURVE_WITH_KNOTS ( 'NONE', 3,
 ( #937, #185, #1103, #536, #389, #1020, #328, #796, #694, #1034, #917, #121, #1133, #1111, #628, #529, #615, #108, #590, #1144, #24, #732, #687, #227, #8, #844, #192, #515, #322, #637, #997, #18, #84, #726, #1235, #2, #896, #413, #1138, #832, #622, #495, #428 ),
 .UNSPECIFIED., .F., .F.,
 ( 4, 1, 1, 1, 1, 2, 2, 1, 1, 1, 1, 1, 2, 2, 1, 1, 1, 1, 1, 1, 1, 2, 2, 1, 1, 1, 1, 1, 1, 1, 2, 2, 4 ),
 ( 0.000000000000000000, 0.1250000000000093536, 0.1875000000000136002, 0.2187500000000157652, 0.2343750000000168199, 0.2421875000000177081, 0.2500000000000185962, 0.3750000000000316414, 0.4375000000000381362, 0.4687500000000411338, 0.4843750000000427991, 0.4921875000000436318, 0.4960937500000441314, 0.5000000000000445199, 0.6250000000000576206, 0.6875000000000640599, 0.7187500000000675016, 0.7343750000000691669, 0.7421875000000699441, 0.7460937500000701661, 0.7480468750000702771, 0.7490234375000702771, 0.7500000000000702771, 0.8125000000000534017, 0.8437500000000450751, 0.8593750000000408562, 0.8671875000000386358, 0.8710937500000378586, 0.8730468750000371925, 0.8740234375000368594, 0.8745117187500366374, 0.8750000000000365263, 1.000000000000000000 ),
 .UNSPECIFIED. ) ;
#389 = CARTESIAN_POINT ( 'NONE',  ( -16.54093521844606229, -50.00000000000000000, -32.26041264390627816 ) ) ;
#390 = CARTESIAN_POINT ( 'NONE',  ( 0.000000000000000000, 0.000000000000000000, 0.000000000000000000 ) ) ;
#391 = ADVANCED_FACE ( 'NONE', ( #580 ), #162, .F. ) ;
#392 = ORIENTED_EDGE ( 'NONE', *, *, #531, .F. ) ;
#393 = DIRECTION ( 'NONE',  ( -1.000000000000000000, 0.000000000000000000, 0.000000000000000000 ) ) ;
#394 = DATE_AND_TIME ( #195, #1105 ) ;
#395 = CARTESIAN_POINT ( 'NONE',  ( -9.867049702309898862, 50.00000000000000000, 17.33471321973986790 ) ) ;
#396 = ORIENTED_EDGE ( 'NONE', *, *, #907, .F. ) ;
#397 = DIRECTION ( 'NONE',  ( 0.000000000000000000, 0.000000000000000000, 1.000000000000000000 ) ) ;
#398 = ORIENTED_EDGE ( 'NONE', *, *, #1228, .T. ) ;
#399 = CARTESIAN_POINT ( 'NONE',  ( -16.99999999999998579, -50.00000000000000711, 35.52241525495841046 ) ) ;
#400 = VECTOR ( 'NONE', #665, 1000.000000000000000 ) ;
#401 = CARTESIAN_POINT ( 'NONE',  ( -16.27548636636810997, 50.00000000000001421, -30.87348097909919886 ) ) ;
#402 = ORIENTED_EDGE ( 'NONE', *, *, #414, .F. ) ;
#403 = CARTESIAN_POINT ( 'NONE',  ( -17.00000000000000000, 0.000000000000000000, 0.000000000000000000 ) ) ;
#404 = LOCAL_TIME ( 10, 56, 49.00000000000000000, #573 ) ;
#405 = EDGE_LOOP ( 'NONE', ( #1079, #258 ) ) ;
#406 = CARTESIAN_POINT ( 'NONE',  ( -17.00000000000000000, -50.00000000000000000, -16.00781059358210001 ) ) ;
#407 = CARTESIAN_POINT ( 'NONE',  ( -8.151614415554272242, 50.00000000000000711, -16.16532254070742880 ) ) ;
#408 = VERTEX_POINT ( 'NONE', #86 ) ;
#409 = CIRCLE ( 'NONE', #1334, 25.00000000000000000 ) ;
#410 = DIRECTION ( 'NONE',  ( 0.000000000000000000, 0.000000000000000000, 1.000000000000000000 ) ) ;
#411 = FACE_OUTER_BOUND ( 'NONE', #625, .T. ) ;
#412 = CARTESIAN_POINT ( 'NONE',  ( -14.56435370181812594, 50.00000000000002132, -25.12401860630227546 ) ) ;
#413 = CARTESIAN_POINT ( 'NONE',  ( -9.803353303063220281, -49.99999999999998579, -17.27736744957290682 ) ) ;
#414 = EDGE_CURVE ( 'NONE', #1226, #700, #268, .T. ) ;
#415 = EDGE_LOOP ( 'NONE', ( #210, #431, #43, #912, #630, #656, #870, #215, #383, #165, #932 ) ) ;
#416 = LINE ( 'NONE', #211, #636 ) ;
#417 = DIRECTION ( 'NONE',  ( 0.000000000000000000, 0.000000000000000000, -1.000000000000000000 ) ) ;
#418 = CARTESIAN_POINT ( 'NONE',  ( -17.00000000000000000, 0.000000000000000000, 0.000000000000000000 ) ) ;
#419 = AXIS2_PLACEMENT_3D ( 'NONE', #390, #517, #914 ) ;
#420 = DIRECTION ( 'NONE',  ( 0.000000000000000000, 0.000000000000000000, 1.000000000000000000 ) ) ;
#421 = CIRCLE ( 'NONE', #1170, 52.50000000000000000 ) ;
#422 = ORIENTED_EDGE ( 'NONE', *, *, #1062, .T. ) ;
#423 = CARTESIAN_POINT ( 'NONE',  ( -87.00000000000000000, 0.000000000000000000, 40.00000000000000000 ) ) ;
#424 = ORIENTED_EDGE ( 'NONE', *, *, #336, .T. ) ;
#425 = APPROVAL_PERSON_ORGANIZATION ( #740, #243, #541 ) ;
#426 = LINE ( 'NONE', #302, #695 ) ;
#427 = CARTESIAN_POINT ( 'NONE',  ( -10.13228171907372577, 50.00000000000000711, -17.56985900332450257 ) ) ;
#428 = CARTESIAN_POINT ( 'NONE',  ( -6.999999999999910294, -50.00000000000000000, -16.00781059358210001 ) ) ;
#429 = EDGE_LOOP ( 'NONE', ( #735, #10, #1173 ) ) ;
#430 = DIRECTION ( 'NONE',  ( -1.000000000000000000, 0.000000000000000000, 0.000000000000000000 ) ) ;
#431 = ORIENTED_EDGE ( 'NONE', *, *, #1201, .F. ) ;
#432 = CARTESIAN_POINT ( 'NONE',  ( -9.294070135853669257, -34.41461748980579216, -39.99999999999999289 ) ) ;
#433 = DIRECTION ( 'NONE',  ( 0.000000000000000000, 0.000000000000000000, 1.000000000000000000 ) ) ;
#434 = CARTESIAN_POINT ( 'NONE',  ( -17.00000000000000000, -50.00000000000000000, 40.00000000000000000 ) ) ;
#435 = ORIENTED_EDGE ( 'NONE', *, *, #553, .F. ) ;
#436 = CARTESIAN_POINT ( 'NONE',  ( -9.359534255640657108, -34.43869093989061270, 39.99999999999999289 ) ) ;
#437 = EDGE_CURVE ( 'NONE', #184, #1096, #777, .T. ) ;
#438 = DIRECTION ( 'NONE',  ( 0.000000000000000000, 0.000000000000000000, 1.000000000000000000 ) ) ;
#439 = SECURITY_CLASSIFICATION ( '', '', #986 ) ;
#440 = CARTESIAN_POINT ( 'NONE',  ( -14.10665865760870297, 38.42023466512499397, 40.00000000000000711 ) ) ;
#441 = FACE_BOUND ( 'NONE', #1121, .T. ) ;
#442 = ORIENTED_EDGE ( 'NONE', *, *, #1188, .T. ) ;
#443 = CIRCLE ( 'NONE', #908, 27.50000000000000000 ) ;
#444 = CARTESIAN_POINT ( 'NONE',  ( -11.36934908394121990, -35.53686289342865479, 40.00000000000000000 ) ) ;
#445 = CARTESIAN_POINT ( 'NONE',  ( -17.00000000000000000, 6.429395695523603956E-15, -52.50000000000000000 ) ) ;
#446 = CARTESIAN_POINT ( 'NONE',  ( -15.55271295310966373, 41.05489459904666205, 40.00000000000000000 ) ) ;
#447 = PERSON_AND_ORGANIZATION ( #722, #1154 ) ;
#448 = DIRECTION ( 'NONE',  ( 0.000000000000000000, 0.000000000000000000, 1.000000000000000000 ) ) ;
#449 = CARTESIAN_POINT ( 'NONE',  ( -9.620427852858483675, -34.54054577747126586, 39.99999999999999289 ) ) ;
#450 = CARTESIAN_POINT ( 'NONE',  ( -17.00000000000000000, -50.00000000000000000, 40.00000000000000000 ) ) ;
#451 = AXIS2_PLACEMENT_3D ( 'NONE', #423, #20, #430 ) ;
#452 = CARTESIAN_POINT ( 'NONE',  ( -15.95170412034223695, 42.03836435484158329, 40.00000000000000000 ) ) ;
#453 = MECHANICAL_CONTEXT ( 'NONE', #1000, 'mechanical' ) ;
#454 = ADVANCED_FACE ( 'NONE', ( #181 ), #739, .F. ) ;
#455 = DIRECTION ( 'NONE',  ( 1.000000000000000000, 0.000000000000000000, 0.000000000000000000 ) ) ;
#456 = ORIENTED_EDGE ( 'NONE', *, *, #944, .F. ) ;
#457 = CARTESIAN_POINT ( 'NONE',  ( -16.36711138688881562, 43.37153713555849066, -39.99999999999999289 ) ) ;
#458 = CARTESIAN_POINT ( 'NONE',  ( -16.16307738057625443, -42.67644819343674101, -39.99999999999999289 ) ) ;
#459 = CARTESIAN_POINT ( 'NONE',  ( -9.268163930335367340, 34.40527923706500246, 40.00000000000000711 ) ) ;
#460 = DATE_AND_TIME ( #972, #1332 ) ;
#461 = CARTESIAN_POINT ( 'NONE',  ( -16.16207458788514728, 50.00000000000001421, 30.28519636194027242 ) ) ;
#462 = AXIS2_PLACEMENT_3D ( 'NONE', #334, #1281, #1078 ) ;
#463 = VERTEX_POINT ( 'NONE', #671 ) ;
#464 = DIRECTION ( 'NONE',  ( 0.000000000000000000, 0.000000000000000000, 1.000000000000000000 ) ) ;
#465 = CIRCLE ( 'NONE', #419, 42.50000000000000000 ) ;
#466 = CARTESIAN_POINT ( 'NONE',  ( -14.26998274036303904, -38.66738343747596929, -40.00000000000000711 ) ) ;
#467 = CARTESIAN_POINT ( 'NONE',  ( -10.63984499190181587, -49.99999999999998579, 18.09819814127334325 ) ) ;
#468 = CARTESIAN_POINT ( 'NONE',  ( -17.00000000000000000, -50.00000000000000000, 40.00000000000000000 ) ) ;
#469 = EDGE_LOOP ( 'NONE', ( #569, #1304 ) ) ;
#470 = CARTESIAN_POINT ( 'NONE',  ( -16.38036559868172759, 43.42016547067552779, -40.00000000000000000 ) ) ;
#471 = CARTESIAN_POINT ( 'NONE',  ( -17.00000000000000000, 0.000000000000000000, 0.000000000000000000 ) ) ;
#472 = FACE_OUTER_BOUND ( 'NONE', #1139, .T. ) ;
#473 = APPROVAL_DATE_TIME ( #284, #243 ) ;
#474 = DIRECTION ( 'NONE',  ( 0.000000000000000000, 0.000000000000000000, 1.000000000000000000 ) ) ;
#475 = ADVANCED_FACE ( 'NONE', ( #472 ), #1285, .F. ) ;
#476 = VERTEX_POINT ( 'NONE', #893 ) ;
#477 = CARTESIAN_POINT ( 'NONE',  ( -7.780921605844926425, 34.00367627183860719, -40.00000000000000000 ) ) ;
#478 = DIRECTION ( 'NONE',  ( 1.000000000000000000, 0.000000000000000000, 0.000000000000000000 ) ) ;
#479 = ADVANCED_FACE ( 'NONE', ( #170 ), #209, .F. ) ;
#480 = CARTESIAN_POINT ( 'NONE',  ( -40.00000000000000000, 0.000000000000000000, 0.000000000000000000 ) ) ;
#481 = CC_DESIGN_PERSON_AND_ORGANIZATION_ASSIGNMENT ( #256, #1070, ( #1099 ) ) ;
#482 = DIRECTION ( 'NONE',  ( 9.912705577010329247E-17, -1.000000000000000000, 0.000000000000000000 ) ) ;
#483 = ORIENTED_EDGE ( 'NONE', *, *, #511, .T. ) ;
#484 = CARTESIAN_POINT ( 'NONE',  ( -11.61829126353081953, 35.72398199387594531, -40.00000000000000000 ) ) ;
#485 = AXIS2_PLACEMENT_3D ( 'NONE', #107, #514, #520 ) ;
#486 = VECTOR ( 'NONE', #1160, 1000.000000000000000 ) ;
#487 = FACE_OUTER_BOUND ( 'NONE', #405, .T. ) ;
#488 = EDGE_CURVE ( 'NONE', #19, #863, #741, .T. ) ;
#489 = AXIS2_PLACEMENT_3D ( 'NONE', #797, #825, #410 ) ;
#490 = DIRECTION ( 'NONE',  ( 0.000000000000000000, 0.000000000000000000, 1.000000000000000000 ) ) ;
#491 = SHAPE_DEFINITION_REPRESENTATION ( #1077, #1321 ) ;
#492 = UNCERTAINTY_MEASURE_WITH_UNIT (LENGTH_MEASURE( 1.000000000000000082E-05 ), #746, 'distance_accuracy_value', 'NONE');
#493 = CARTESIAN_POINT ( 'NONE',  ( -17.00000000000000000, 50.00000000000000000, 16.00781059358210001 ) ) ;
#494 = EDGE_LOOP ( 'NONE', ( #308, #224, #424, #1145 ) ) ;
#495 = CARTESIAN_POINT ( 'NONE',  ( -7.917442287829722147, -49.99999999999999289, -16.00781059358208935 ) ) ;
#496 = EDGE_CURVE ( 'NONE', #355, #222, #507, .T. ) ;
#497 = DIRECTION ( 'NONE',  ( -1.000000000000000000, 0.000000000000000000, 0.000000000000000000 ) ) ;
#498 = CARTESIAN_POINT ( 'NONE',  ( -17.00000000000000000, 48.02343178074640662, 40.00000000000000000 ) ) ;
#499 = FACE_OUTER_BOUND ( 'NONE', #693, .T. ) ;
#500 = EDGE_LOOP ( 'NONE', ( #795, #58, #788, #278, #807, #815, #1031, #1245, #197, #292, #597, #264 ) ) ;
#501 = DIRECTION ( 'NONE',  ( 9.912705577010329247E-17, 1.000000000000000000, 0.000000000000000000 ) ) ;
#502 = EDGE_LOOP ( 'NONE', ( #396, #522 ) ) ;
#503 = DIRECTION ( 'NONE',  ( 0.000000000000000000, 1.000000000000000000, 0.000000000000000000 ) ) ;
#504 = CARTESIAN_POINT ( 'NONE',  ( -15.48867718252694914, 50.00000000000000711, -27.70988663125061180 ) ) ;
#505 = ORIENTED_EDGE ( 'NONE', *, *, #608, .T. ) ;
#506 = CARTESIAN_POINT ( 'NONE',  ( -16.99999999999998579, -47.23447376398055297, 40.00000000000000000 ) ) ;
#507 = LINE ( 'NONE', #512, #592 ) ;
#508 = CARTESIAN_POINT ( 'NONE',  ( -15.96786059374308664, 50.00000000000001421, -29.51037916918610549 ) ) ;
#509 = ORIENTED_EDGE ( 'NONE', *, *, #1090, .T. ) ;
#510 = CARTESIAN_POINT ( 'NONE',  ( 860.0000000000000000, 0.000000000000000000, 0.000000000000000000 ) ) ;
#511 = EDGE_CURVE ( 'NONE', #675, #1317, #320, .T. ) ;
#512 = CARTESIAN_POINT ( 'NONE',  ( -40.00000000000000000, 0.000000000000000000, 52.50000000000000000 ) ) ;
#513 = EDGE_CURVE ( 'NONE', #123, #152, #812, .T. ) ;
#514 = DIRECTION ( 'NONE',  ( -1.000000000000000000, 0.000000000000000000, 0.000000000000000000 ) ) ;
#515 = CARTESIAN_POINT ( 'NONE',  ( -11.82399366319311440, -50.00000000000000000, -19.69498089237000471 ) ) ;
#516 = VERTEX_POINT ( 'NONE', #1227 ) ;
#517 = DIRECTION ( 'NONE',  ( -1.000000000000000000, 0.000000000000000000, 0.000000000000000000 ) ) ;
#518 = EDGE_LOOP ( 'NONE', ( #1116, #1314, #483 ) ) ;
#519 = CARTESIAN_POINT ( 'NONE',  ( -14.97653769871552321, -50.00000000000000000, 26.19155243587094262 ) ) ;
#520 = DIRECTION ( 'NONE',  ( 0.000000000000000000, 0.000000000000000000, 1.000000000000000000 ) ) ;
#521 = DIRECTION ( 'NONE',  ( 1.000000000000000000, 0.000000000000000000, 0.000000000000000000 ) ) ;
#522 = ORIENTED_EDGE ( 'NONE', *, *, #336, .F. ) ;
#523 = FACE_OUTER_BOUND ( 'NONE', #1013, .T. ) ;
#524 = EDGE_LOOP ( 'NONE', ( #1102, #864, #1039 ) ) ;
#525 = CARTESIAN_POINT ( 'NONE',  ( -137.0000000000000000, 0.000000000000000000, 40.00000000000000000 ) ) ;
#526 = AXIS2_PLACEMENT_3D ( 'NONE', #183, #374, #1214 ) ;
#527 = LINE ( 'NONE', #327, #145 ) ;
#528 = AXIS2_PLACEMENT_3D ( 'NONE', #231, #935, #744 ) ;
#529 = CARTESIAN_POINT ( 'NONE',  ( -14.63814644616915928, -50.00000000000000711, -25.31566224489312944 ) ) ;
#530 = ORIENTED_EDGE ( 'NONE', *, *, #318, .T. ) ;
#531 = EDGE_CURVE ( 'NONE', #768, #323, #698, .T. ) ;
#532 = DIRECTION ( 'NONE',  ( 0.000000000000000000, 0.000000000000000000, 1.000000000000000000 ) ) ;
#533 = ORIENTED_EDGE ( 'NONE', *, *, #1298, .T. ) ;
#534 = CARTESIAN_POINT ( 'NONE',  ( -7.390269223696959600, -34.00367627183860719, -40.00000000000000711 ) ) ;
#535 = DIRECTION ( 'NONE',  ( 0.000000000000000000, 0.000000000000000000, -1.000000000000000000 ) ) ;
#536 = CARTESIAN_POINT ( 'NONE',  ( -16.69066602533283117, -50.00000000000000711, -33.18186970736746844 ) ) ;
#537 = ORIENTED_EDGE ( 'NONE', *, *, #343, .F. ) ;
#538 = CARTESIAN_POINT ( 'NONE',  ( -87.00000000000000000, 0.000000000000000000, 40.00000000000000000 ) ) ;
#539 = CARTESIAN_POINT ( 'NONE',  ( -11.65846594498956357, -35.74691493560642641, -39.99999999999999289 ) ) ;
#540 = CARTESIAN_POINT ( 'NONE',  ( -13.07891521372081733, 37.10559176515867108, 40.00000000000000711 ) ) ;
#541 = APPROVAL_ROLE ( '' ) ;
#542 = DIRECTION ( 'NONE',  ( -1.000000000000000000, 0.000000000000000000, 0.000000000000000000 ) ) ;
#543 = DIRECTION ( 'NONE',  ( 1.000000000000000000, 0.000000000000000000, 0.000000000000000000 ) ) ;
#544 = CARTESIAN_POINT ( 'NONE',  ( -11.20477697122266214, -35.41901141993346158, -40.00000000000000000 ) ) ;
#545 = CC_DESIGN_APPROVAL ( #243, ( #1221 ) ) ;
#546 = CARTESIAN_POINT ( 'NONE',  ( -14.69190857192539568, 39.33949214509035386, 40.00000000000000000 ) ) ;
#547 = CARTESIAN_POINT ( 'NONE',  ( -17.00000000000000000, -48.02343178074640662, 40.00000000000000000 ) ) ;
#548 = AXIS2_PLACEMENT_3D ( 'NONE', #23, #958, #535 ) ;
#549 = FACE_OUTER_BOUND ( 'NONE', #500, .T. ) ;
#550 = AXIS2_PLACEMENT_3D ( 'NONE', #1291, #369, #1187 ) ;
#551 = CARTESIAN_POINT ( 'NONE',  ( -14.83800057289836616, -39.60131520432371133, 40.00000000000000711 ) ) ;
#552 = DIRECTION ( 'NONE',  ( 1.000000000000000000, 0.000000000000000000, 0.000000000000000000 ) ) ;
#553 = EDGE_CURVE ( 'NONE', #863, #1311, #11, .T. ) ;
#554 = CARTESIAN_POINT ( 'NONE',  ( -137.0000000000000000, 0.000000000000000000, -40.00000000000000000 ) ) ;
#555 = EDGE_CURVE ( 'NONE', #408, #516, #929, .T. ) ;
#556 = CARTESIAN_POINT ( 'NONE',  ( -16.38104979749013523, 50.00000000000001421, 31.39559078856154883 ) ) ;
#557 = ORIENTED_EDGE ( 'NONE', *, *, #649, .F. ) ;
#558 = DIRECTION ( 'NONE',  ( -1.000000000000000000, 0.000000000000000000, 0.000000000000000000 ) ) ;
#559 = LINE ( 'NONE', #964, #1109 ) ;
#560 = FACE_OUTER_BOUND ( 'NONE', #632, .T. ) ;
#561 = VERTEX_POINT ( 'NONE', #1123 ) ;
#562 = ORIENTED_EDGE ( 'NONE', *, *, #437, .F. ) ;
#563 = CARTESIAN_POINT ( 'NONE',  ( -15.17170233500999110, 40.21771076470426465, -39.99999999999999289 ) ) ;
#564 = LINE ( 'NONE', #984, #1259 ) ;
#565 = DIRECTION ( 'NONE',  ( -1.000000000000000000, 0.000000000000000000, 0.000000000000000000 ) ) ;
#566 = PLANE ( 'NONE',  #1299 ) ;
#567 = CARTESIAN_POINT ( 'NONE',  ( -17.00000000000000000, 50.00000000000000000, -37.50000000000000000 ) ) ;
#568 = VECTOR ( 'NONE', #1274, 1000.000000000000000 ) ;
#569 = ORIENTED_EDGE ( 'NONE', *, *, #719, .F. ) ;
#570 = CARTESIAN_POINT ( 'NONE',  ( -13.94321573620606536, 38.17463141152419581, -39.99999999999999289 ) ) ;
#571 = CARTESIAN_POINT ( 'NONE',  ( -16.32776462505100312, -43.23004018453649167, -39.99999999999999289 ) ) ;
#572 = DIRECTION ( 'NONE',  ( 0.000000000000000000, 0.000000000000000000, 1.000000000000000000 ) ) ;
#573 = COORDINATED_UNIVERSAL_TIME_OFFSET ( 8, 0, .AHEAD. ) ;
#574 = ADVANCED_FACE ( 'NONE', ( #16 ), #1018, .F. ) ;
#575 = CARTESIAN_POINT ( 'NONE',  ( -11.92811109377490908, 50.00000000000000711, 19.85293324071375665 ) ) ;
#576 = ORIENTED_EDGE ( 'NONE', *, *, #709, .F. ) ;
#577 = CARTESIAN_POINT ( 'NONE',  ( -11.36934908394081489, 35.53686289342849847, -40.00000000000000000 ) ) ;
#578 = CARTESIAN_POINT ( 'NONE',  ( -87.00000000000000000, 0.000000000000000000, 40.00000000000000000 ) ) ;
#579 = CC_DESIGN_PERSON_AND_ORGANIZATION_ASSIGNMENT ( #182, #372, ( #439 ) ) ;
#580 = FACE_OUTER_BOUND ( 'NONE', #1282, .T. ) ;
#581 = CARTESIAN_POINT ( 'NONE',  ( -11.83202355932924021, 49.99999999999999289, 19.70707279787200505 ) ) ;
#582 = EDGE_CURVE ( 'NONE', #835, #177, #426, .T. ) ;
#583 = ORIENTED_EDGE ( 'NONE', *, *, #1306, .T. ) ;
#584 = CARTESIAN_POINT ( 'NONE',  ( -16.91921242335752495, 46.05519089301445490, -40.00000000000000000 ) ) ;
#585 = CARTESIAN_POINT ( 'NONE',  ( -13.10612141971901146, -37.13629155733148224, -40.00000000000000711 ) ) ;
#586 = CARTESIAN_POINT ( 'NONE',  ( -11.22892703615580778, -50.00000000000000711, 18.84656110766353265 ) ) ;
#587 = ADVANCED_FACE ( 'NONE', ( #1327, #612 ), #702, .F. ) ;
#588 = CARTESIAN_POINT ( 'NONE',  ( -14.60286408418334680, 50.00000000000000000, 25.22363792979132668 ) ) ;
#589 = EDGE_LOOP ( 'NONE', ( #402, #720, #968, #988, #715, #1330, #530, #1275, #647, #876, #1126, #537 ) ) ;
#590 = CARTESIAN_POINT ( 'NONE',  ( -14.17966565088195807, -50.00000000000001421, -24.12732613474979715 ) ) ;
#591 = CIRCLE ( 'NONE', #485, 62.50000000000000000 ) ;
#592 = VECTOR ( 'NONE', #910, 1000.000000000000000 ) ;
#593 = LINE ( 'NONE', #783, #1038 ) ;
#594 = CIRCLE ( 'NONE', #12, 50.00000000000000000 ) ;
#595 = CARTESIAN_POINT ( 'NONE',  ( -9.380199956469605027, -50.00000000000000711, 16.92334878624808425 ) ) ;
#596 = DIRECTION ( 'NONE',  ( 0.000000000000000000, 0.000000000000000000, 1.000000000000000000 ) ) ;
#597 = ORIENTED_EDGE ( 'NONE', *, *, #856, .F. ) ;
#598 = VECTOR ( 'NONE', #1249, 1000.000000000000000 ) ;
#599 = DIRECTION ( 'NONE',  ( 1.000000000000000000, 0.000000000000000000, 0.000000000000000000 ) ) ;
#600 = CARTESIAN_POINT ( 'NONE',  ( -87.00000000000000000, 0.000000000000000000, -40.00000000000000000 ) ) ;
#601 = CARTESIAN_POINT ( 'NONE',  ( -17.00000000000000000, -34.00367627183860009, -40.00000000000000000 ) ) ;
#602 = EDGE_LOOP ( 'NONE', ( #367, #249 ) ) ;
#603 = MANIFOLD_SOLID_BREP ( 'Solid1[1]', #713 ) ;
#604 = DIRECTION ( 'NONE',  ( 0.000000000000000000, 0.000000000000000000, -1.000000000000000000 ) ) ;
#605 = CARTESIAN_POINT ( 'NONE',  ( -14.40899788493221934, -50.00000000000000000, 24.72911525558475176 ) ) ;
#606 = DIRECTION ( 'NONE',  ( 0.000000000000000000, 0.000000000000000000, 1.000000000000000000 ) ) ;
#607 = VERTEX_POINT ( 'NONE', #406 ) ;
#608 = EDGE_CURVE ( 'NONE', #662, #408, #613, .T. ) ;
#609 = EDGE_CURVE ( 'NONE', #905, #1203, #1320, .T. ) ;
#610 = DIRECTION ( 'NONE',  ( 0.000000000000000000, 0.000000000000000000, 1.000000000000000000 ) ) ;
#611 = ORIENTED_EDGE ( 'NONE', *, *, #1269, .F. ) ;
#612 = FACE_OUTER_BOUND ( 'NONE', #415, .T. ) ;
#613 = CIRCLE ( 'NONE', #952, 27.50000000000000000 ) ;
#614 = DIRECTION ( 'NONE',  ( 0.000000000000000000, 0.000000000000000000, 1.000000000000000000 ) ) ;
#615 = CARTESIAN_POINT ( 'NONE',  ( -14.61415927648181068, -50.00000000000000711, -25.25302335951043631 ) ) ;
#616 = ORIENTED_EDGE ( 'NONE', *, *, #817, .T. ) ;
#617 = EDGE_CURVE ( 'NONE', #662, #126, #105, .T. ) ;
#618 = CARTESIAN_POINT ( 'NONE',  ( -17.00000000000000000, -48.02343178074640662, 40.00000000000000000 ) ) ;
#619 = EDGE_LOOP ( 'NONE', ( #841, #1325, #920, #1110 ) ) ;
#620 = CARTESIAN_POINT ( 'NONE',  ( -17.00099999999999767, 3.367778697655221307E-15, 27.50000000000000000 ) ) ;
#621 = CARTESIAN_POINT ( 'NONE',  ( -11.66939320986830175, 49.99999999999999289, -19.46556902859083138 ) ) ;
#622 = CARTESIAN_POINT ( 'NONE',  ( -8.848353865957093944, -49.99999999999999289, -16.42784245258296849 ) ) ;
#623 = ORIENTED_EDGE ( 'NONE', *, *, #136, .F. ) ;
#624 = DIRECTION ( 'NONE',  ( -1.000000000000000000, 0.000000000000000000, 0.000000000000000000 ) ) ;
#625 = EDGE_LOOP ( 'NONE', ( #996, #1263, #300, #1250 ) ) ;
#626 = CARTESIAN_POINT ( 'NONE',  ( -14.22512458375477529, -50.00000000000000711, 24.27577568907675598 ) ) ;
#627 = CARTESIAN_POINT ( 'NONE',  ( -11.80549431323523457, 49.99999999999999289, -19.66719436800863363 ) ) ;
#628 = CARTESIAN_POINT ( 'NONE',  ( -14.67399498314060580, -50.00000000000000000, -25.40965245908418879 ) ) ;
#629 = ADVANCED_FACE ( 'NONE', ( #411 ), #677, .F. ) ;
#630 = ORIENTED_EDGE ( 'NONE', *, *, #582, .F. ) ;
#631 = CARTESIAN_POINT ( 'NONE',  ( -16.36012868744090554, -43.34613161930336389, 40.00000000000000000 ) ) ;
#632 = EDGE_LOOP ( 'NONE', ( #329, #505, #304, #871 ) ) ;
#633 = DIRECTION ( 'NONE',  ( 0.000000000000000000, 1.000000000000000000, 0.000000000000000000 ) ) ;
#634 = VECTOR ( 'NONE', #77, 1000.000000000000000 ) ;
#635 = CARTESIAN_POINT ( 'NONE',  ( -15.58401565212503215, 41.12753492048575055, 39.99999999999999289 ) ) ;
#636 = VECTOR ( 'NONE', #89, 1000.000000000000000 ) ;
#637 = CARTESIAN_POINT ( 'NONE',  ( -11.48135782442432706, -50.00000000000001421, -19.18017510930553016 ) ) ;
#638 = VERTEX_POINT ( 'NONE', #112 ) ;
#639 = CARTESIAN_POINT ( 'NONE',  ( -9.403122919578255079, -34.45510823676453782, 40.00000000000000000 ) ) ;
#640 = CARTESIAN_POINT ( 'NONE',  ( -11.06016492203985813, -35.31910797009693681, -40.00000000000000000 ) ) ;
#641 = CARTESIAN_POINT ( 'NONE',  ( -11.26657436870579154, 35.46280344710798715, 39.99999999999997868 ) ) ;
#642 = DIRECTION ( 'NONE',  ( 0.000000000000000000, 0.000000000000000000, 1.000000000000000000 ) ) ;
#643 = CARTESIAN_POINT ( 'NONE',  ( -16.39428952433856423, 50.00000000000002842, 31.46369312622888970 ) ) ;
#644 = CARTESIAN_POINT ( 'NONE',  ( -8.552882876636020981, -34.14331682748947827, 40.00000000000001421 ) ) ;
#645 = DIRECTION ( 'NONE',  ( -1.000000000000000000, 0.000000000000000000, 0.000000000000000000 ) ) ;
#646 = CARTESIAN_POINT ( 'NONE',  ( -12.11131139061342843, 36.11851635462736709, 40.00000000000000711 ) ) ;
#647 = ORIENTED_EDGE ( 'NONE', *, *, #709, .T. ) ;
#648 = CARTESIAN_POINT ( 'NONE',  ( -13.16739241828909002, -37.20613588893998980, 40.00000000000000000 ) ) ;
#649 = EDGE_CURVE ( 'NONE', #668, #159, #1156, .T. ) ;
#650 = DIRECTION ( 'NONE',  ( -1.000000000000000000, 0.000000000000000000, 0.000000000000000000 ) ) ;
#651 = CARTESIAN_POINT ( 'NONE',  ( -15.52194895379133044, 40.98410941943390640, 40.00000000000000000 ) ) ;
#652 = COORDINATED_UNIVERSAL_TIME_OFFSET ( 8, 0, .AHEAD. ) ;
#653 = VECTOR ( 'NONE', #552, 1000.000000000000000 ) ;
#654 = CARTESIAN_POINT ( 'NONE',  ( -16.41979312331378082, 50.00000000000000711, 31.59688022656199280 ) ) ;
#655 = VECTOR ( 'NONE', #1318, 1000.000000000000000 ) ;
#656 = ORIENTED_EDGE ( 'NONE', *, *, #1288, .F. ) ;
#657 = DIRECTION ( 'NONE',  ( 0.000000000000000000, 0.000000000000000000, 1.000000000000000000 ) ) ;
#658 = DIRECTION ( 'NONE',  ( 1.000000000000000000, 0.000000000000000000, 0.000000000000000000 ) ) ;
#659 = DIRECTION ( 'NONE',  ( -1.000000000000000000, 0.000000000000000000, 0.000000000000000000 ) ) ;
#660 = APPROVAL_PERSON_ORGANIZATION ( #666, #1194, #163 ) ;
#661 = CARTESIAN_POINT ( 'NONE',  ( -16.45743149922073911, 49.99999999999999289, 31.79642832051444401 ) ) ;
#662 = VERTEX_POINT ( 'NONE', #860 ) ;
#663 = CARTESIAN_POINT ( 'NONE',  ( -11.48399247165427539, 35.62172911043877832, -39.99999999999999289 ) ) ;
#664 = CARTESIAN_POINT ( 'NONE',  ( -13.09636322530957919, -37.12525585830041308, -40.00000000000001421 ) ) ;
#665 = DIRECTION ( 'NONE',  ( 0.000000000000000000, 1.000000000000000000, 0.000000000000000000 ) ) ;
#666 = PERSON_AND_ORGANIZATION ( #722, #1154 ) ;
#667 = CARTESIAN_POINT ( 'NONE',  ( -40.00000000000000000, 0.000000000000000000, 0.000000000000000000 ) ) ;
#668 = VERTEX_POINT ( 'NONE', #756 ) ;
#669 = CARTESIAN_POINT ( 'NONE',  ( -16.07864373317398332, 42.40123742421610586, -39.99999999999999289 ) ) ;
#670 = CARTESIAN_POINT ( 'NONE',  ( -15.44922389511258487, -40.81984442126839951, -40.00000000000000711 ) ) ;
#671 = CARTESIAN_POINT ( 'NONE',  ( 0.000000000000000000, 5.204748896376250896E-15, -42.50000000000000000 ) ) ;
#672 = ADVANCED_FACE ( 'NONE', ( #730 ), #736, .F. ) ;
#673 = CARTESIAN_POINT ( 'NONE',  ( -14.17966565088435971, 50.00000000000000711, 24.12732613475596111 ) ) ;
#674 = VECTOR ( 'NONE', #1254, 1000.000000000000000 ) ;
#675 = VERTEX_POINT ( 'NONE', #1246 ) ;
#676 = CARTESIAN_POINT ( 'NONE',  ( -13.12912916351485038, 37.16241210634208869, -40.00000000000000711 ) ) ;
#677 = TOROIDAL_SURFACE ( 'NONE', #169, 62.50000000000000000, 10.00000000000000000 ) ;
#678 = CARTESIAN_POINT ( 'NONE',  ( -16.34023479075321106, -43.27431183370534740, -39.99999999999999289 ) ) ;
#679 = CARTESIAN_POINT ( 'NONE',  ( -11.66939320986924500, -50.00000000000000711, 19.46556902859222049 ) ) ;
#680 = CARTESIAN_POINT ( 'NONE',  ( -6.999999999999910294, 34.00367627183860009, -40.00000000000000000 ) ) ;
#681 = VERTEX_POINT ( 'NONE', #1058 ) ;
#682 = CARTESIAN_POINT ( 'NONE',  ( -13.53603133317106177, 37.64614046222049382, -40.00000000000000000 ) ) ;
#683 = CARTESIAN_POINT ( 'NONE',  ( -16.26098229046655774, -42.99863444349474406, -40.00000000000000000 ) ) ;
#684 = CARTESIAN_POINT ( 'NONE',  ( -87.00000000000000000, 0.000000000000000000, -52.50000000000000000 ) ) ;
#685 = CARTESIAN_POINT ( 'NONE',  ( -17.00000000000000000, 48.02343178074640662, -40.00000000000000000 ) ) ;
#686 = ORIENTED_EDGE ( 'NONE', *, *, #1298, .F. ) ;
#687 = CARTESIAN_POINT ( 'NONE',  ( -12.03955261617366013, -50.00000000000000000, -20.02494896639572630 ) ) ;
#688 = ADVANCED_FACE ( 'NONE', ( #154 ), #1265, .T. ) ;
#689 = LINE ( 'NONE', #1197, #1324 ) ;
#690 = CARTESIAN_POINT ( 'NONE',  ( -8.151614415558018578, -50.00000000000000000, 16.16532254070742525 ) ) ;
#691 = PERSON_AND_ORGANIZATION_ROLE ( 'design_supplier' ) ;
#692 = CARTESIAN_POINT ( 'NONE',  ( -13.52512486207032794, 50.00000000000000000, 22.64156920531994999 ) ) ;
#693 = EDGE_LOOP ( 'NONE', ( #191, #1043, #316, #1153, #742, #704, #88, #1236, #828, #774 ) ) ;
#694 = CARTESIAN_POINT ( 'NONE',  ( -16.38104979749013879, -50.00000000000002132, -31.39559078856162699 ) ) ;
#695 = VECTOR ( 'NONE', #194, 1000.000000000000000 ) ;
#696 = DIRECTION ( 'NONE',  ( 0.000000000000000000, 0.000000000000000000, 1.000000000000000000 ) ) ;
#697 = VERTEX_POINT ( 'NONE', #842 ) ;
#698 = LINE ( 'NONE', #525, #1302 ) ;
#699 = CARTESIAN_POINT ( 'NONE',  ( -9.829896666595359989, 49.99999999999999289, 17.30113840738879105 ) ) ;
#700 = VERTEX_POINT ( 'NONE', #445 ) ;
#701 = LINE ( 'NONE', #902, #655 ) ;
#702 = PLANE ( 'NONE',  #995 ) ;
#703 = CARTESIAN_POINT ( 'NONE',  ( -13.84888409078361526, 49.99999999999998579, -23.39298117052874559 ) ) ;
#704 = ORIENTED_EDGE ( 'NONE', *, *, #51, .F. ) ;
#705 = CARTESIAN_POINT ( 'NONE',  ( -16.44500617921138996, -43.66339098662565732, 39.99999999999998579 ) ) ;
#706 = EDGE_CURVE ( 'NONE', #93, #353, #350, .T. ) ;
#707 = DIRECTION ( 'NONE',  ( 0.000000000000000000, 0.000000000000000000, -1.000000000000000000 ) ) ;
#708 = DIRECTION ( 'NONE',  ( -1.000000000000000000, 0.000000000000000000, 0.000000000000000000 ) ) ;
#709 = EDGE_CURVE ( 'NONE', #607, #476, #22, .T. ) ;
#710 = EDGE_LOOP ( 'NONE', ( #1017, #934, #25 ) ) ;
#711 = CC_DESIGN_PERSON_AND_ORGANIZATION_ASSIGNMENT ( #772, #691, ( #1221 ) ) ;
#712 = PLANE ( 'NONE',  #54 ) ;
#713 = CLOSED_SHELL ( 'NONE', ( #1335, #749, #13, #848, #923, #475, #629, #811, #454, #479, #587, #852, #180, #983, #1129, #115, #574, #158, #672, #1310, #1328, #381, #349, #37, #391, #35, #824, #1207, #688 ) ) ;
#714 = CIRCLE ( 'NONE', #1215, 52.50000000000000000 ) ;
#715 = ORIENTED_EDGE ( 'NONE', *, *, #706, .T. ) ;
#716 = CARTESIAN_POINT ( 'NONE',  ( -16.35500575494931041, -50.00000000000001421, 31.26353702324252026 ) ) ;
#717 = CARTESIAN_POINT ( 'NONE',  ( -16.31573563490118772, 50.00000000000001421, -31.06911926669117108 ) ) ;
#718 = LINE ( 'NONE', #1242, #60 ) ;
#719 = EDGE_CURVE ( 'NONE', #408, #662, #443, .T. ) ;
#720 = ORIENTED_EDGE ( 'NONE', *, *, #1046, .T. ) ;
#721 = CYLINDRICAL_SURFACE ( 'NONE', #147, 25.00000000000000000 ) ;
#722 = PERSON ( '未', '未', '未', ('未'), ('未'), ('未') ) ;
#723 = CARTESIAN_POINT ( 'NONE',  ( -17.00000000000000000, 0.000000000000000000, 0.000000000000000000 ) ) ;
#724 = EDGE_CURVE ( 'NONE', #355, #1226, #850, .T. ) ;
#725 = CARTESIAN_POINT ( 'NONE',  ( -9.785354830797039938, 50.00000000000001421, -17.26134958196534797 ) ) ;
#726 = CARTESIAN_POINT ( 'NONE',  ( -9.941329084239773906, -50.00000000000000000, -17.40289057107933957 ) ) ;
#727 = ORIENTED_EDGE ( 'NONE', *, *, #609, .T. ) ;
#728 = CARTESIAN_POINT ( 'NONE',  ( -15.17170233501348875, -40.21771076469707396, 40.00000000000000000 ) ) ;
#729 = ORIENTED_EDGE ( 'NONE', *, *, #617, .T. ) ;
#730 = FACE_OUTER_BOUND ( 'NONE', #49, .T. ) ;
#731 = CARTESIAN_POINT ( 'NONE',  ( -6.999999999999910294, 34.00367627183860009, 40.00000000000000000 ) ) ;
#732 = CARTESIAN_POINT ( 'NONE',  ( -12.26030397332360167, -50.00000000000000000, -20.37493470574368359 ) ) ;
#733 = ORIENTED_EDGE ( 'NONE', *, *, #110, .F. ) ;
#734 = CARTESIAN_POINT ( 'NONE',  ( -14.58733917064807883, -39.17250746612522505, 40.00000000000000000 ) ) ;
#735 = ORIENTED_EDGE ( 'NONE', *, *, #956, .F. ) ;
#736 = PLANE ( 'NONE',  #927 ) ;
#737 = CIRCLE ( 'NONE', #526, 42.50000000000000000 ) ;
#738 = CARTESIAN_POINT ( 'NONE',  ( -10.76926833680060369, 35.12841285805104974, 39.99999999999999289 ) ) ;
#739 = TOROIDAL_SURFACE ( 'NONE', #189, 62.50000000000000000, 10.00000000000000000 ) ;
#740 = PERSON_AND_ORGANIZATION ( #722, #1154 ) ;
#741 = B_SPLINE_CURVE_WITH_KNOTS ( 'NONE', 3,
 ( #62, #1189, #690, #1075, #595, #885, #799, #879, #1292, #283, #289, #971, #1308, #467, #586, #274, #679, #874, #1093, #385, #792, #1001, #175, #1315, #261, #626, #605, #295, #96, #819, #310, #519, #1119, #829, #119, #219, #1240, #1006, #716, #200, #399, #1220 ),
 .UNSPECIFIED., .F., .F.,
 ( 4, 1, 1, 1, 1, 1, 1, 1, 2, 2, 1, 1, 1, 1, 1, 1, 2, 2, 1, 1, 1, 1, 1, 2, 2, 1, 1, 1, 1, 2, 2, 4 ),
 ( 0.000000000000000000, 0.06249999999998906430, 0.09374999999998367972, 0.1093749999999810985, 0.1171874999999797246, 0.1210937499999792250, 0.1230468749999789196, 0.1240234374999789335, 0.1245117187499789474, 0.1249999999999789613, 0.1874999999999709677, 0.2187499999999668876, 0.2343749999999648337, 0.2421874999999637790, 0.2460937499999633071, 0.2480468749999630018, 0.2490234374999628630, 0.2499999999999626965, 0.3749999999999651945, 0.4374999999999666933, 0.4687499999999674705, 0.4843749999999680811, 0.4921874999999685807, 0.4960937499999687472, 0.4999999999999690248, 0.6249999999999781286, 0.6874999999999829026, 0.7187499999999854561, 0.7343749999999867883, 0.7421874999999873435, 0.7499999999999880096, 1.000000000000000000 ),
 .UNSPECIFIED. ) ;
#742 = ORIENTED_EDGE ( 'NONE', *, *, #110, .T. ) ;
#743 = CARTESIAN_POINT ( 'NONE',  ( -13.53603133315086460, -37.64614046219750065, 39.99999999999999289 ) ) ;
#744 = DIRECTION ( 'NONE',  ( 0.000000000000000000, 0.000000000000000000, -1.000000000000000000 ) ) ;
#745 = CARTESIAN_POINT ( 'NONE',  ( -11.20477697121610205, 35.41901141992869384, 40.00000000000000000 ) ) ;
#746 =( LENGTH_UNIT ( ) NAMED_UNIT ( * ) SI_UNIT ( .MILLI., .METRE. ) );
#747 = EDGE_CURVE ( 'NONE', #1035, #1311, #559, .T. ) ;
#748 = PLANE ( 'NONE',  #462 ) ;
#749 = ADVANCED_FACE ( 'NONE', ( #148 ), #1253, .F. ) ;
#750 = CARTESIAN_POINT ( 'NONE',  ( -9.468444136154857915, -34.48005847784996547, 39.99999999999999289 ) ) ;
#751 = CARTESIAN_POINT ( 'NONE',  ( -87.00000000000000000, -50.00000000000000000, 40.00000000000000000 ) ) ;
#752 = DIRECTION ( 'NONE',  ( 0.000000000000000000, 0.000000000000000000, 1.000000000000000000 ) ) ;
#753 = DIRECTION ( 'NONE',  ( 1.000000000000000000, 0.000000000000000000, 0.000000000000000000 ) ) ;
#754 = CARTESIAN_POINT ( 'NONE',  ( -16.69066602533282762, 50.00000000000000000, 33.18186970736745423 ) ) ;
#755 = CARTESIAN_POINT ( 'NONE',  ( -13.12248839317788374, -37.15485477264517300, 39.99999999999999289 ) ) ;
#756 = CARTESIAN_POINT ( 'NONE',  ( -87.00000000000000000, -50.00000000000000000, 40.00000000000000000 ) ) ;
#757 = CARTESIAN_POINT ( 'NONE',  ( -10.18078521894643984, 34.78346978455438432, 40.00000000000001421 ) ) ;
#758 = AXIS2_PLACEMENT_3D ( 'NONE', #853, #340, #448 ) ;
#759 = VECTOR ( 'NONE', #1113, 1000.000000000000000 ) ;
#760 = CARTESIAN_POINT ( 'NONE',  ( -15.78523772499682387, 49.99999999999999289, 28.73390639274611402 ) ) ;
#761 = ORIENTED_EDGE ( 'NONE', *, *, #790, .T. ) ;
#762 = CARTESIAN_POINT ( 'NONE',  ( -13.16739241829236029, 37.20613588894376278, -39.99999999999999289 ) ) ;
#763 = CARTESIAN_POINT ( 'NONE',  ( -13.71442971369914510, -37.86426676247852185, -39.99999999999999289 ) ) ;
#764 = CARTESIAN_POINT ( 'NONE',  ( -15.44922389512423422, 40.81984442128560886, 39.99999999999999289 ) ) ;
#765 = EDGE_CURVE ( 'NONE', #697, #561, #804, .T. ) ;
#766 = CIRCLE ( 'NONE', #1114, 52.50000000000000000 ) ;
#767 = CARTESIAN_POINT ( 'NONE',  ( -14.63814644616916283, 50.00000000000000000, 25.31566224489313299 ) ) ;
#768 = VERTEX_POINT ( 'NONE', #970 ) ;
#769 = FACE_OUTER_BOUND ( 'NONE', #1195, .T. ) ;
#770 = CARTESIAN_POINT ( 'NONE',  ( -6.999999999999910294, 0.000000000000000000, 0.000000000000000000 ) ) ;
#771 = CARTESIAN_POINT ( 'NONE',  ( -16.99999999999999289, 46.44511777318313506, 40.00000000000000711 ) ) ;
#772 = PERSON_AND_ORGANIZATION ( #722, #1154 ) ;
#773 = CARTESIAN_POINT ( 'NONE',  ( -17.00000000000000000, -50.00000000000000000, 40.00000000000000000 ) ) ;
#774 = ORIENTED_EDGE ( 'NONE', *, *, #956, .T. ) ;
#775 = CARTESIAN_POINT ( 'NONE',  ( 770.0000000000000000, 0.000000000000000000, 0.000000000000000000 ) ) ;
#776 = CARTESIAN_POINT ( 'NONE',  ( -17.00000000000000000, -48.02343178074640662, -40.00000000000000000 ) ) ;
#777 = LINE ( 'NONE', #498, #400 ) ;
#778 = CARTESIAN_POINT ( 'NONE',  ( -87.00000000000000000, -50.00000000000000000, -40.00000000000000000 ) ) ;
#779 = AXIS2_PLACEMENT_3D ( 'NONE', #667, #542, #1158 ) ;
#780 = ORIENTED_EDGE ( 'NONE', *, *, #1087, .T. ) ;
#781 = CARTESIAN_POINT ( 'NONE',  ( -16.40008912813547681, 43.49311608693364661, -39.99999999999999289 ) ) ;
#782 = TOROIDAL_SURFACE ( 'NONE', #1128, 62.50000000000000000, 10.00000000000000000 ) ;
#783 = CARTESIAN_POINT ( 'NONE',  ( -17.00000000000000000, 50.00000000000000000, 40.00000000000000000 ) ) ;
#784 = DIRECTION ( 'NONE',  ( -1.000000000000000000, 0.000000000000000000, 0.000000000000000000 ) ) ;
#785 = CARTESIAN_POINT ( 'NONE',  ( -11.82399366319314993, 50.00000000000000711, 19.69498089237010774 ) ) ;
#786 = AXIS2_PLACEMENT_3D ( 'NONE', #156, #134, #753 ) ;
#787 = EDGE_CURVE ( 'NONE', #1096, #72, #593, .T. ) ;
#788 = ORIENTED_EDGE ( 'NONE', *, *, #1004, .F. ) ;
#789 = CARTESIAN_POINT ( 'NONE',  ( -13.12248839317771676, 37.15485477264503089, -40.00000000000000000 ) ) ;
#790 = EDGE_CURVE ( 'NONE', #681, #1231, #564, .T. ) ;
#791 = PLANE ( 'NONE',  #273 ) ;
#792 = CARTESIAN_POINT ( 'NONE',  ( -11.80549431323531273, -50.00000000000000000, 19.66719436800874732 ) ) ;
#793 = CIRCLE ( 'NONE', #66, 25.00000000000000000 ) ;
#794 = CARTESIAN_POINT ( 'NONE',  ( -12.69327993703280733, 50.00000000000000000, 21.09872333637305530 ) ) ;
#795 = ORIENTED_EDGE ( 'NONE', *, *, #724, .T. ) ;
#796 = CARTESIAN_POINT ( 'NONE',  ( -16.39428952433855713, -50.00000000000000711, -31.46369312622894654 ) ) ;
#797 = CARTESIAN_POINT ( 'NONE',  ( -6.999999999999910294, 0.000000000000000000, 0.000000000000000000 ) ) ;
#798 = ORIENTED_EDGE ( 'NONE', *, *, #719, .T. ) ;
#799 = CARTESIAN_POINT ( 'NONE',  ( -9.689460121266069592, -50.00000000000001421, 17.17745985719637503 ) ) ;
#800 = CARTESIAN_POINT ( 'NONE',  ( -9.811316812551064359, 50.00000000000000000, 17.28447946704339699 ) ) ;
#801 = EDGE_LOOP ( 'NONE', ( #780, #1064, #1185, #576, #839, #21, #1289, #362, #375, #918 ) ) ;
#802 = CIRCLE ( 'NONE', #489, 52.50000000000000000 ) ;
#803 = DIRECTION ( 'NONE',  ( 1.000000000000000000, 0.000000000000000000, 0.000000000000000000 ) ) ;
#804 = B_SPLINE_CURVE_WITH_KNOTS ( 'NONE', 3,
 ( #1051, #534, #948, #957, #225, #332, #236, #1040, #432, #127, #1149, #244, #640, #544, #40, #941, #1045, #539, #27, #847, #1260, #139, #884, #53, #664, #585, #1175, #763, #1104, #466, #260, #892, #1297, #1092, #378, #670, #1082, #288, #168, #1098, #179, #999, #458, #683, #990, #571, #678, #161, #1307, #776 ),
 .UNSPECIFIED., .F., .F.,
 ( 4, 1, 1, 1, 1, 2, 2, 1, 1, 1, 1, 2, 2, 1, 1, 1, 1, 1, 2, 2, 1, 1, 2, 2, 1, 1, 1, 1, 2, 2, 1, 1, 1, 2, 2, 4 ),
 ( 0.000000000000000000, 0.06250000000002786660, 0.09375000000004179990, 0.1093750000000487665, 0.1171875000000523748, 0.1210937500000543177, 0.1250000000000562328, 0.1875000000000843769, 0.2187500000000988376, 0.2343750000001056655, 0.2421875000001087741, 0.2460937500001101064, 0.2500000000001114664, 0.3125000000001349476, 0.3437500000001463274, 0.3593750000001521006, 0.3671875000001553202, 0.3710937500001570410, 0.3730468750001573741, 0.3750000000001577627, 0.4375000000001421085, 0.4687500000001342815, 0.4843750000001307843, 0.5000000000001273426, 0.5625000000001134648, 0.5937500000001060263, 0.6093750000001019185, 0.6171875000000994760, 0.6210937500000981437, 0.6250000000000969225, 0.6875000000000783817, 0.7187500000000696110, 0.7343750000000652811, 0.7421875000000631717, 0.7500000000000609512, 1.000000000000000000 ),
 .UNSPECIFIED. ) ;
#805 = DIRECTION ( 'NONE',  ( 0.000000000000000000, 0.000000000000000000, -1.000000000000000000 ) ) ;
#806 = CARTESIAN_POINT ( 'NONE',  ( -16.78938963426915265, 50.00000000000000711, -33.46583974474127388 ) ) ;
#807 = ORIENTED_EDGE ( 'NONE', *, *, #985, .T. ) ;
#808 = EDGE_CURVE ( 'NONE', #67, #638, #873, .T. ) ;
#809 = DIRECTION ( 'NONE',  ( 1.000000000000000000, -9.912705577010329247E-17, 0.000000000000000000 ) ) ;
#810 = ORIENTED_EDGE ( 'NONE', *, *, #1165, .T. ) ;
#811 = ADVANCED_FACE ( 'NONE', ( #978 ), #782, .F. ) ;
#812 = LINE ( 'NONE', #1011, #1278 ) ;
#813 = CARTESIAN_POINT ( 'NONE',  ( -10.63984499189791322, 50.00000000000001421, -18.09819814126746351 ) ) ;
#814 = PRODUCT_RELATED_PRODUCT_CATEGORY ( 'detail', '', ( #1091 ) ) ;
#815 = ORIENTED_EDGE ( 'NONE', *, *, #808, .T. ) ;
#816 = DIRECTION ( 'NONE',  ( -1.000000000000000000, 0.000000000000000000, 0.000000000000000000 ) ) ;
#817 = EDGE_CURVE ( 'NONE', #889, #325, #689, .T. ) ;
#818 = ORIENTED_EDGE ( 'NONE', *, *, #790, .F. ) ;
#819 = CARTESIAN_POINT ( 'NONE',  ( -14.56435370181775291, -50.00000000000000711, 25.12401860630171413 ) ) ;
#820 = APPLICATION_CONTEXT ( 'configuration controlled 3d designs of mechanical parts and assemblies' ) ;
#821 = CARTESIAN_POINT ( 'NONE',  ( -13.06242754233143621, 50.00000000000001421, -21.72293059123769865 ) ) ;
#822 = DIRECTION ( 'NONE',  ( 1.000000000000000000, 0.000000000000000000, 0.000000000000000000 ) ) ;
#823 = ORIENTED_EDGE ( 'NONE', *, *, #706, .F. ) ;
#824 = ADVANCED_FACE ( 'NONE', ( #487 ), #791, .T. ) ;
#825 = DIRECTION ( 'NONE',  ( 1.000000000000000000, 0.000000000000000000, 0.000000000000000000 ) ) ;
#826 = AXIS2_PLACEMENT_3D ( 'NONE', #966, #1267, #262 ) ;
#827 = AXIS2_PLACEMENT_3D ( 'NONE', #403, #624, #1331 ) ;
#828 = ORIENTED_EDGE ( 'NONE', *, *, #202, .T. ) ;
#829 = CARTESIAN_POINT ( 'NONE',  ( -15.96786059373981104, -50.00000000000000000, 29.51037916916948944 ) ) ;
#830 = VECTOR ( 'NONE', #543, 1000.000000000000000 ) ;
#831 = LINE ( 'NONE', #1241, #674 ) ;
#832 = CARTESIAN_POINT ( 'NONE',  ( -9.796423722149382840, -50.00000000000001421, -17.27118766948314743 ) ) ;
#833 = VERTEX_POINT ( 'NONE', #1277 ) ;
#834 = CARTESIAN_POINT ( 'NONE',  ( -7.780921605844913991, -34.00367627183860009, 40.00000000000000000 ) ) ;
#835 = VERTEX_POINT ( 'NONE', #1074 ) ;
#836 = DIRECTION ( 'NONE',  ( 0.000000000000000000, 0.000000000000000000, 1.000000000000000000 ) ) ;
#837 = CARTESIAN_POINT ( 'NONE',  ( -9.380199956467960121, 49.99999999999999289, -16.92334878624805583 ) ) ;
#838 = DIRECTION ( 'NONE',  ( 0.000000000000000000, 0.000000000000000000, 1.000000000000000000 ) ) ;
#839 = ORIENTED_EDGE ( 'NONE', *, *, #79, .F. ) ;
#840 = CARTESIAN_POINT ( 'NONE',  ( -87.00000000000000000, 50.00000000000000000, 40.00000000000000000 ) ) ;
#841 = ORIENTED_EDGE ( 'NONE', *, *, #765, .F. ) ;
#842 = CARTESIAN_POINT ( 'NONE',  ( -6.999999999999910294, -34.00367627183860009, -40.00000000000000000 ) ) ;
#843 = CARTESIAN_POINT ( 'NONE',  ( -87.00000000000000000, 0.000000000000000000, -40.00000000000000000 ) ) ;
#844 = CARTESIAN_POINT ( 'NONE',  ( -11.84406364530188860, -50.00000000000002132, -19.72522394694588854 ) ) ;
#845 = CARTESIAN_POINT ( 'NONE',  ( -17.00000000000000000, 50.00000000000000000, 37.50000000000000000 ) ) ;
#846 = CARTESIAN_POINT ( 'NONE',  ( -16.25083057757056437, -42.95148162955266713, 40.00000000000000000 ) ) ;
#847 = CARTESIAN_POINT ( 'NONE',  ( -12.61932025398703594, -36.61182646813814756, -39.99999999999999289 ) ) ;
#848 = ADVANCED_FACE ( 'NONE', ( #878 ), #358, .T. ) ;
#849 = CARTESIAN_POINT ( 'NONE',  ( -9.148776275676160807, 34.36341434391578531, 40.00000000000000000 ) ) ;
#850 = CIRCLE ( 'NONE', #1085, 52.50000000000000000 ) ;
#851 = FACE_OUTER_BOUND ( 'NONE', #494, .T. ) ;
#852 = ADVANCED_FACE ( 'NONE', ( #281, #272 ), #174, .T. ) ;
#853 = CARTESIAN_POINT ( 'NONE',  ( 7.654042494670950704E-16, 42.50000000000000000, 0.000000000000000000 ) ) ;
#854 = CARTESIAN_POINT ( 'NONE',  ( -13.94321573617912158, -38.17463141149359274, 39.99999999999999289 ) ) ;
#855 = CARTESIAN_POINT ( 'NONE',  ( 770.0000000000000000, 0.000000000000000000, 0.000000000000000000 ) ) ;
#856 = EDGE_CURVE ( 'NONE', #222, #833, #1192, .T. ) ;
#857 = CARTESIAN_POINT ( 'NONE',  ( -11.06016492202761015, 35.31910797008804082, 39.99999999999999289 ) ) ;
#858 = DIRECTION ( 'NONE',  ( 0.000000000000000000, 0.000000000000000000, -1.000000000000000000 ) ) ;
#859 = LINE ( 'NONE', #1270, #830 ) ;
#860 = CARTESIAN_POINT ( 'NONE',  ( 770.0000000000000000, 3.367778697655221307E-15, 27.50000000000000000 ) ) ;
#861 = CARTESIAN_POINT ( 'NONE',  ( -16.30127402609097587, 43.13738805012790323, 39.99999999999999289 ) ) ;
#862 = PLANE ( 'NONE',  #826 ) ;
#863 = VERTEX_POINT ( 'NONE', #216 ) ;
#864 = ORIENTED_EDGE ( 'NONE', *, *, #343, .T. ) ;
#865 = CARTESIAN_POINT ( 'NONE',  ( -15.61219072701913113, 41.19371947370932219, -40.00000000000000000 ) ) ;
#866 = EDGE_CURVE ( 'NONE', #925, #463, #919, .T. ) ;
#867 = DIRECTION ( 'NONE',  ( -1.000000000000000000, 0.000000000000000000, 0.000000000000000000 ) ) ;
#868 = CARTESIAN_POINT ( 'NONE',  ( -12.61932025398703416, 36.61182646813816177, 40.00000000000000000 ) ) ;
#869 = DIRECTION ( 'NONE',  ( 1.000000000000000000, 0.000000000000000000, 0.000000000000000000 ) ) ;
#870 = ORIENTED_EDGE ( 'NONE', *, *, #138, .F. ) ;
#871 = ORIENTED_EDGE ( 'NONE', *, *, #944, .T. ) ;
#872 = CARTESIAN_POINT ( 'NONE',  ( -11.88430238231423886, 35.93591547669770847, -39.99999999999999289 ) ) ;
#873 = LINE ( 'NONE', #75, #124 ) ;
#874 = CARTESIAN_POINT ( 'NONE',  ( -11.74269212553169695, -49.99999999999999289, 19.57354832342500472 ) ) ;
#875 = DIRECTION ( 'NONE',  ( -1.000000000000000000, 0.000000000000000000, 0.000000000000000000 ) ) ;
#876 = ORIENTED_EDGE ( 'NONE', *, *, #217, .T. ) ;
#877 = CARTESIAN_POINT ( 'NONE',  ( -14.68847217865751809, 39.34322057517809412, -40.00000000000001421 ) ) ;
#878 = FACE_OUTER_BOUND ( 'NONE', #331, .T. ) ;
#879 = CARTESIAN_POINT ( 'NONE',  ( -9.741085684604239958, -50.00000000000000000, 17.22232409994855118 ) ) ;
#880 = PERSON_AND_ORGANIZATION ( #722, #1154 ) ;
#881 = DIRECTION ( 'NONE',  ( -1.000000000000000000, 0.000000000000000000, 0.000000000000000000 ) ) ;
#882 = ORIENTED_EDGE ( 'NONE', *, *, #555, .F. ) ;
#883 = CARTESIAN_POINT ( 'NONE',  ( -15.63082425050511048, 41.23791794295888025, -40.00000000000000711 ) ) ;
#884 = CARTESIAN_POINT ( 'NONE',  ( -13.05272052800820148, -37.07616233875469192, -40.00000000000000000 ) ) ;
#885 = CARTESIAN_POINT ( 'NONE',  ( -9.586279453908655768, -50.00000000000000711, 17.08988485534414181 ) ) ;
#886 = EDGE_CURVE ( 'NONE', #353, #19, #297, .T. ) ;
#887 = CARTESIAN_POINT ( 'NONE',  ( -9.796423722149345537, 50.00000000000000711, 17.27118766948320072 ) ) ;
#888 = CIRCLE ( 'NONE', #827, 52.50000000000000000 ) ;
#889 = VERTEX_POINT ( 'NONE', #1212 ) ;
#890 = CARTESIAN_POINT ( 'NONE',  ( -11.42615872531760424, 35.57870227281724596, -40.00000000000000000 ) ) ;
#891 = AXIS2_PLACEMENT_3D ( 'NONE', #578, #69, #478 ) ;
#892 = CARTESIAN_POINT ( 'NONE',  ( -14.43206666309671604, -38.91990111704664201, -39.99999999999999289 ) ) ;
#893 = CARTESIAN_POINT ( 'NONE',  ( -6.999999999999910294, -50.00000000000000000, -16.00781059358210001 ) ) ;
#894 = DIRECTION ( 'NONE',  ( 0.000000000000000000, 0.000000000000000000, -1.000000000000000000 ) ) ;
#895 = ORIENTED_EDGE ( 'NONE', *, *, #488, .F. ) ;
#896 = CARTESIAN_POINT ( 'NONE',  ( -9.811316812550675337, -49.99999999999999289, -17.28447946704285343 ) ) ;
#897 = DIRECTION ( 'NONE',  ( -1.000000000000000000, 0.000000000000000000, 0.000000000000000000 ) ) ;
#898 = ORIENTED_EDGE ( 'NONE', *, *, #609, .F. ) ;
#899 = B_SPLINE_CURVE_WITH_KNOTS ( 'NONE', 3,
 ( #1044, #131, #584, #68, #1180, #59, #781, #470, #457, #271, #376, #669, #989, #1305, #178, #883, #865, #166, #279, #563, #265, #877, #1196, #1186, #259, #570, #682, #1097, #1174, #762, #73, #676, #789, #1296, #50, #872, #484, #663, #890, #963, #577, #982, #384, #1290, #1080, #1204, #1073, #160, #969, #977, #477, #368 ),
 .UNSPECIFIED., .F., .F.,
 ( 4, 1, 1, 1, 1, 1, 2, 2, 1, 1, 1, 1, 2, 2, 1, 1, 2, 2, 1, 1, 1, 1, 1, 2, 2, 1, 1, 1, 1, 2, 2, 1, 1, 1, 1, 2, 2, 4 ),
 ( 0.000000000000000000, 0.1250000000000205946, 0.1875000000000302813, 0.2187500000000356382, 0.2343750000000378031, 0.2421875000000394962, 0.2460937500000402456, 0.2500000000000409672, 0.3125000000000406897, 0.3437500000000400235, 0.3593750000000397460, 0.3671875000000395795, 0.3710937500000394684, 0.3750000000000395239, 0.4375000000000358602, 0.4687500000000339728, 0.4843750000000326406, 0.5000000000000311973, 0.5625000000000277556, 0.5937500000000255351, 0.6093750000000245359, 0.6171875000000240918, 0.6210937500000238698, 0.6230468750000233147, 0.6250000000000226485, 0.6875000000000119904, 0.7187500000000071054, 0.7343750000000046629, 0.7421875000000036637, 0.7460937500000032196, 0.7500000000000027756, 0.8125000000000024425, 0.8437500000000026645, 0.8593750000000029976, 0.8671875000000034417, 0.8710937500000036637, 0.8750000000000037748, 1.000000000000000000 ),
 .UNSPECIFIED. ) ;
#900 = CARTESIAN_POINT ( 'NONE',  ( -12.03955261617462469, 50.00000000000000000, 20.02494896639826294 ) ) ;
#901 = ORIENTED_EDGE ( 'NONE', *, *, #787, .F. ) ;
#902 = CARTESIAN_POINT ( 'NONE',  ( -17.00000000000000000, 50.00000000000000000, 40.00000000000000000 ) ) ;
#903 = CARTESIAN_POINT ( 'NONE',  ( -17.00000000000000000, -50.00000000000000000, 40.00000000000000000 ) ) ;
#904 = CARTESIAN_POINT ( 'NONE',  ( -9.777975556313045047, 50.00000000000000711, -17.25481222087860189 ) ) ;
#905 = VERTEX_POINT ( 'NONE', #204 ) ;
#906 = AXIS2_PLACEMENT_3D ( 'NONE', #930, #1143, #220 ) ;
#907 = EDGE_CURVE ( 'NONE', #325, #463, #465, .T. ) ;
#908 = AXIS2_PLACEMENT_3D ( 'NONE', #855, #645, #34 ) ;
#909 = CARTESIAN_POINT ( 'NONE',  ( -16.91921242335752495, -46.05519089306584846, 40.00000000000001421 ) ) ;
#910 = DIRECTION ( 'NONE',  ( -1.000000000000000000, 0.000000000000000000, 0.000000000000000000 ) ) ;
#911 = CARTESIAN_POINT ( 'NONE',  ( -11.79502875963490105, 49.99999999999999289, -19.65152327956244704 ) ) ;
#912 = ORIENTED_EDGE ( 'NONE', *, *, #1150, .T. ) ;
#913 = B_SPLINE_CURVE_WITH_KNOTS ( 'NONE', 3,
 ( #333, #965, #149, #1266, #41, #849, #1261, #459, #338, #351, #757, #738, #857, #745, #641, #1157, #1047, #28, #646, #868, #1176, #238, #133, #540, #46, #942, #245, #345, #440, #359, #1161, #1052, #546, #1169, #951, #764, #651, #446, #1060, #635, #36, #452, #128, #1041, #861, #979, #1208, #365, #771, #991 ),
 .UNSPECIFIED., .F., .F.,
 ( 4, 1, 1, 1, 1, 2, 2, 1, 1, 1, 1, 2, 2, 1, 1, 1, 1, 1, 2, 2, 1, 1, 2, 2, 1, 1, 1, 1, 2, 2, 1, 1, 1, 2, 2, 4 ),
 ( 0.000000000000000000, 0.06249999999996938560, 0.09374999999995407840, 0.1093749999999465566, 0.1171874999999428096, 0.1210937499999409223, 0.1249999999999390488, 0.1874999999999155675, 0.2187499999999040767, 0.2343749999998982481, 0.2421874999998955003, 0.2460937499998941402, 0.2499999999998927525, 0.3124999999998727129, 0.3437499999998631095, 0.3593749999998580025, 0.3671874999998553379, 0.3710937499998544498, 0.3730468749998543387, 0.3749999999998542277, 0.4374999999998676059, 0.4687499999998744338, 0.4843749999998773759, 0.4999999999998803180, 0.5624999999998947509, 0.5937499999999025224, 0.6093749999999064082, 0.6171874999999084066, 0.6210937499999094058, 0.6249999999999102940, 0.6874999999999229505, 0.7187499999999287237, 0.7343749999999316103, 0.7421874999999330536, 0.7499999999999346079, 1.000000000000000000 ),
 .UNSPECIFIED. ) ;
#914 = DIRECTION ( 'NONE',  ( 0.000000000000000000, 0.000000000000000000, 1.000000000000000000 ) ) ;
#915 = DIRECTION ( 'NONE',  ( 1.000000000000000000, 0.000000000000000000, 0.000000000000000000 ) ) ;
#916 = CARTESIAN_POINT ( 'NONE',  ( -17.00000000000000000, 0.000000000000000000, 0.000000000000000000 ) ) ;
#917 = CARTESIAN_POINT ( 'NONE',  ( -15.78523772499682387, -50.00000000000000000, -28.73390639274609981 ) ) ;
#918 = ORIENTED_EDGE ( 'NONE', *, *, #649, .T. ) ;
#919 = LINE ( 'NONE', #1239, #315 ) ;
#920 = ORIENTED_EDGE ( 'NONE', *, *, #1247, .F. ) ;
#921 = DIRECTION ( 'NONE',  ( 0.000000000000000000, 0.000000000000000000, 1.000000000000000000 ) ) ;
#922 = CARTESIAN_POINT ( 'NONE',  ( -9.766907273688103075, 50.00000000000000000, -17.24502540678109597 ) ) ;
#923 = ADVANCED_FACE ( 'NONE', ( #1016 ), #721, .F. ) ;
#924 = LINE ( 'NONE', #129, #1067 ) ;
#925 = VERTEX_POINT ( 'NONE', #1112 ) ;
#926 = CARTESIAN_POINT ( 'NONE',  ( -13.12912916351390002, -37.16241210634092340, 40.00000000000000000 ) ) ;
#927 = AXIS2_PLACEMENT_3D ( 'NONE', #450, #1068, #1167 ) ;
#928 = ORIENTED_EDGE ( 'NONE', *, *, #280, .T. ) ;
#929 = LINE ( 'NONE', #1032, #759 ) ;
#930 = CARTESIAN_POINT ( 'NONE',  ( -6.999999999999910294, 0.000000000000000000, 0.000000000000000000 ) ) ;
#931 = CARTESIAN_POINT ( 'NONE',  ( 860.0000000000000000, 6.429395695523603956E-15, -52.50000000000000000 ) ) ;
#932 = ORIENTED_EDGE ( 'NONE', *, *, #370, .F. ) ;
#933 = DIRECTION ( 'NONE',  ( 1.000000000000000000, 0.000000000000000000, 0.000000000000000000 ) ) ;
#934 = ORIENTED_EDGE ( 'NONE', *, *, #947, .T. ) ;
#935 = DIRECTION ( 'NONE',  ( 1.000000000000000000, 0.000000000000000000, 0.000000000000000000 ) ) ;
#936 = DIRECTION ( 'NONE',  ( 0.000000000000000000, 0.000000000000000000, 1.000000000000000000 ) ) ;
#937 = CARTESIAN_POINT ( 'NONE',  ( -17.00000000000000000, -50.00000000000000000, -37.50000000000000000 ) ) ;
#938 = LOCAL_TIME ( 10, 56, 49.00000000000000000, #652 ) ;
#939 = ORIENTED_EDGE ( 'NONE', *, *, #317, .T. ) ;
#940 = CARTESIAN_POINT ( 'NONE',  ( -17.00000000000000000, 50.00000000000000000, 40.00000000000000000 ) ) ;
#941 = CARTESIAN_POINT ( 'NONE',  ( -11.30773281258541907, -35.49221507922050733, -40.00000000000000000 ) ) ;
#942 = CARTESIAN_POINT ( 'NONE',  ( -13.10612141971915712, 37.13629155733170961, 40.00000000000000000 ) ) ;
#943 = LINE ( 'NONE', #141, #1125 ) ;
#944 = EDGE_CURVE ( 'NONE', #516, #126, #1216, .T. ) ;
#945 = PLANE ( 'NONE',  #758 ) ;
#946 = CARTESIAN_POINT ( 'NONE',  ( -12.83539418108143160, -36.82920721213579895, 40.00000000000000000 ) ) ;
#947 = EDGE_CURVE ( 'NONE', #93, #222, #888, .T. ) ;
#948 = CARTESIAN_POINT ( 'NONE',  ( -7.972456618016349417, -34.05604148020767497, -40.00000000000000000 ) ) ;
#949 = AXIS2_PLACEMENT_3D ( 'NONE', #916, #226, #606 ) ;
#950 = CC_DESIGN_DATE_AND_TIME_ASSIGNMENT ( #460, #1255, ( #1099 ) ) ;
#951 = CARTESIAN_POINT ( 'NONE',  ( -15.30000420342645739, 40.49491610878168046, 39.99999999999999289 ) ) ;
#952 = AXIS2_PLACEMENT_3D ( 'NONE', #306, #91, #707 ) ;
#953 = FACE_OUTER_BOUND ( 'NONE', #602, .T. ) ;
#954 = CARTESIAN_POINT ( 'NONE',  ( -6.999999999999910294, 50.00000000000000000, -16.00781059358210001 ) ) ;
#955 = CARTESIAN_POINT ( 'NONE',  ( -15.84646272818918789, -41.77137611405804307, 39.99999999999999289 ) ) ;
#956 = EDGE_CURVE ( 'NONE', #102, #152, #1232, .T. ) ;
#957 = CARTESIAN_POINT ( 'NONE',  ( -8.646046472576696118, -34.20877333795083075, -40.00000000000000711 ) ) ;
#958 = DIRECTION ( 'NONE',  ( 1.000000000000000000, 0.000000000000000000, 0.000000000000000000 ) ) ;
#959 = DIRECTION ( 'NONE',  ( -1.000000000000000000, 0.000000000000000000, 0.000000000000000000 ) ) ;
#960 = EDGE_LOOP ( 'NONE', ( #203, #611, #733, #15 ) ) ;
#961 = EDGE_CURVE ( 'NONE', #93, #833, #416, .T. ) ;
#962 = VERTEX_POINT ( 'NONE', #1326 ) ;
#963 = CARTESIAN_POINT ( 'NONE',  ( -11.38754131192720642, 35.55019456478255790, -39.99999999999998579 ) ) ;
#964 = CARTESIAN_POINT ( 'NONE',  ( -17.00000000000000000, -50.00000000000000000, 40.00000000000000000 ) ) ;
#965 = CARTESIAN_POINT ( 'NONE',  ( -7.390269223679722721, 34.00367627183860009, 40.00000000000000000 ) ) ;
#966 = CARTESIAN_POINT ( 'NONE',  ( 860.0000000000000000, 52.50000000000000000, 0.000000000000000000 ) ) ;
#967 = FACE_OUTER_BOUND ( 'NONE', #502, .T. ) ;
#968 = ORIENTED_EDGE ( 'NONE', *, *, #496, .T. ) ;
#969 = CARTESIAN_POINT ( 'NONE',  ( -9.339727591615080371, 34.43132547351942918, -40.00000000000000000 ) ) ;
#970 = CARTESIAN_POINT ( 'NONE',  ( -137.0000000000000000, 0.000000000000000000, 40.00000000000000000 ) ) ;
#971 = CARTESIAN_POINT ( 'NONE',  ( -9.790082023564174563, -50.00000000000000711, 17.26554716407894574 ) ) ;
#972 = CALENDAR_DATE ( 2026, 25, 8 ) ;
#973 = VECTOR ( 'NONE', #858, 1000.000000000000000 ) ;
#974 = VECTOR ( 'NONE', #805, 1000.000000000000000 ) ;
#975 = CARTESIAN_POINT ( 'NONE',  ( -16.99999999999998579, 49.99999999999999289, 36.51140189561820648 ) ) ;
#976 = ORIENTED_EDGE ( 'NONE', *, *, #1107, .T. ) ;
#977 = CARTESIAN_POINT ( 'NONE',  ( -8.552882876636015652, 34.14331682748948538, -40.00000000000000711 ) ) ;
#978 = FACE_OUTER_BOUND ( 'NONE', #960, .T. ) ;
#979 = CARTESIAN_POINT ( 'NONE',  ( -16.32776462505605863, 43.23004018455142017, 40.00000000000001421 ) ) ;
#980 = CARTESIAN_POINT ( 'NONE',  ( -17.00000000000000000, 0.000000000000000000, 0.000000000000000000 ) ) ;
#981 = ORIENTED_EDGE ( 'NONE', *, *, #907, .T. ) ;
#982 = CARTESIAN_POINT ( 'NONE',  ( -11.02055057834122742, 35.28337995454048581, -40.00000000000000711 ) ) ;
#983 = ADVANCED_FACE ( 'NONE', ( #301 ), #712, .F. ) ;
#984 = CARTESIAN_POINT ( 'NONE',  ( -111.9999999999999858, 3.061616997868383043E-15, -52.50000000000000000 ) ) ;
#985 = EDGE_CURVE ( 'NONE', #177, #67, #802, .T. ) ;
#986 = SECURITY_CLASSIFICATION_LEVEL ( 'unclassified' ) ;
#987 = CARTESIAN_POINT ( 'NONE',  ( -87.00000000000000000, 50.00000000000000000, 40.00000000000000000 ) ) ;
#988 = ORIENTED_EDGE ( 'NONE', *, *, #947, .F. ) ;
#989 = CARTESIAN_POINT ( 'NONE',  ( -15.84646272816625512, 41.77137611399362527, -39.99999999999999289 ) ) ;
#990 = CARTESIAN_POINT ( 'NONE',  ( -16.30127402608137288, -43.13738805009961652, -40.00000000000001421 ) ) ;
#991 = CARTESIAN_POINT ( 'NONE',  ( -17.00000000000000000, 48.02343178074640662, 40.00000000000000000 ) ) ;
#992 = APPROVAL_STATUS ( 'not_yet_approved' ) ;
#993 = CARTESIAN_POINT ( 'NONE',  ( -10.38625806994533640, 50.00000000000000000, 17.84073102509406894 ) ) ;
#994 = CIRCLE ( 'NONE', #32, 25.00000000000000000 ) ;
#995 = AXIS2_PLACEMENT_3D ( 'NONE', #600, #1213, #212 ) ;
#996 = ORIENTED_EDGE ( 'NONE', *, *, #202, .F. ) ;
#997 = CARTESIAN_POINT ( 'NONE',  ( -10.97750390181785640, -50.00000000000001421, -18.50125521962937114 ) ) ;
#998 = CIRCLE ( 'NONE', #1028, 50.00000000000000000 ) ;
#999 = CARTESIAN_POINT ( 'NONE',  ( -15.95170412030577900, -42.03836435473427002, -39.99999999999997868 ) ) ;
#1000 = APPLICATION_CONTEXT ( 'configuration controlled 3d designs of mechanical parts and assemblies' ) ;
#1001 = CARTESIAN_POINT ( 'NONE',  ( -11.81194245336388704, -50.00000000000001421, 19.67686839798776077 ) ) ;
#1002 = CARTESIAN_POINT ( 'NONE',  ( -8.848353865965620457, 50.00000000000000711, 16.42784245258297915 ) ) ;
#1003 = EDGE_LOOP ( 'NONE', ( #533, #509, #398, #218, #422, #823, #1148, #1295, #1118, #4, #1088 ) ) ;
#1004 = EDGE_CURVE ( 'NONE', #835, #700, #421, .T. ) ;
#1005 = DIRECTION ( 'NONE',  ( 0.000000000000000000, 0.000000000000000000, -1.000000000000000000 ) ) ;
#1006 = CARTESIAN_POINT ( 'NONE',  ( -16.34221635959783825, -50.00000000000002132, 31.19963140676082247 ) ) ;
#1007 = CARTESIAN_POINT ( 'NONE',  ( -14.49987279919415784, 50.00000000000001421, -24.95877061564768340 ) ) ;
#1008 = ORIENTED_EDGE ( 'NONE', *, *, #370, .T. ) ;
#1009 = DIRECTION ( 'NONE',  ( 0.000000000000000000, 0.000000000000000000, -1.000000000000000000 ) ) ;
#1010 = ORIENTED_EDGE ( 'NONE', *, *, #1054, .F. ) ;
#1011 = CARTESIAN_POINT ( 'NONE',  ( -17.00000000000000000, 48.02343178074640662, -40.00000000000000000 ) ) ;
#1012 = CARTESIAN_POINT ( 'NONE',  ( -14.53859167609221181, 50.00000000000001421, -25.05783410784595233 ) ) ;
#1013 = EDGE_LOOP ( 'NONE', ( #392, #686, #583, #1219 ) ) ;
#1014 = CIRCLE ( 'NONE', #1301, 50.00000000000000000 ) ;
#1015 = AXIS2_PLACEMENT_3D ( 'NONE', #253, #45, #836 ) ;
#1016 = FACE_OUTER_BOUND ( 'NONE', #1179, .T. ) ;
#1017 = ORIENTED_EDGE ( 'NONE', *, *, #961, .F. ) ;
#1018 = PLANE ( 'NONE',  #80 ) ;
#1019 = CARTESIAN_POINT ( 'NONE',  ( -11.81194245336384085, 50.00000000000001421, -19.67686839798768617 ) ) ;
#1020 = CARTESIAN_POINT ( 'NONE',  ( -16.45743149922073911, -50.00000000000000000, -31.79642832051450441 ) ) ;
#1021 = ORIENTED_EDGE ( 'NONE', *, *, #100, .F. ) ;
#1022 = CARTESIAN_POINT ( 'NONE',  ( 860.0000000000000000, 0.000000000000000000, 0.000000000000000000 ) ) ;
#1023 = EDGE_CURVE ( 'NONE', #1096, #1134, #701, .T. ) ;
#1024 = ORIENTED_EDGE ( 'NONE', *, *, #199, .F. ) ;
#1025 = EDGE_CURVE ( 'NONE', #1217, #323, #594, .T. ) ;
#1026 = CARTESIAN_POINT ( 'NONE',  ( -16.34221635959815089, 50.00000000000000711, -31.19963140676242830 ) ) ;
#1027 = CARTESIAN_POINT ( 'NONE',  ( -87.00000000000000000, 0.000000000000000000, 40.00000000000000000 ) ) ;
#1028 = AXIS2_PLACEMENT_3D ( 'NONE', #348, #532, #933 ) ;
#1029 = ORIENTED_EDGE ( 'NONE', *, *, #1230, .T. ) ;
#1030 = CARTESIAN_POINT ( 'NONE',  ( -15.65863481987859984, -41.30426962123996759, 40.00000000000000000 ) ) ;
#1031 = ORIENTED_EDGE ( 'NONE', *, *, #146, .F. ) ;
#1032 = CARTESIAN_POINT ( 'NONE',  ( -17.00099999999999767, 0.000000000000000000, -27.50000000000000000 ) ) ;
#1033 = CARTESIAN_POINT ( 'NONE',  ( -9.689460121265597081, 50.00000000000000711, -17.17745985719634305 ) ) ;
#1034 = CARTESIAN_POINT ( 'NONE',  ( -16.16207458788515083, -50.00000000000000711, -30.28519636194029729 ) ) ;
#1035 = VERTEX_POINT ( 'NONE', #1218 ) ;
#1036 = CARTESIAN_POINT ( 'NONE',  ( -14.53682625902282943, -39.08908129821087840, 40.00000000000000000 ) ) ;
#1037 = AXIS2_PLACEMENT_3D ( 'NONE', #480, #393, #1182 ) ;
#1038 = VECTOR ( 'NONE', #1181, 1000.000000000000000 ) ;
#1039 = ORIENTED_EDGE ( 'NONE', *, *, #1288, .T. ) ;
#1040 = CARTESIAN_POINT ( 'NONE',  ( -9.268163930337506073, -34.40527923706502378, -40.00000000000000000 ) ) ;
#1041 = CARTESIAN_POINT ( 'NONE',  ( -16.26098229048250943, 42.99863444354170383, 39.99999999999999289 ) ) ;
#1042 = CARTESIAN_POINT ( 'NONE',  ( -111.9999999999999858, 3.061616997868383831E-15, 40.00000000000000000 ) ) ;
#1043 = ORIENTED_EDGE ( 'NONE', *, *, #1306, .F. ) ;
#1044 = CARTESIAN_POINT ( 'NONE',  ( -17.00000000000000000, 48.02343178074640662, -40.00000000000000000 ) ) ;
#1045 = CARTESIAN_POINT ( 'NONE',  ( -11.32947937352529522, -35.50789195711188029, -40.00000000000001421 ) ) ;
#1046 = EDGE_CURVE ( 'NONE', #1226, #355, #81, .T. ) ;
#1047 = CARTESIAN_POINT ( 'NONE',  ( -11.32947937352529522, 35.50789195711188739, 40.00000000000001421 ) ) ;
#1048 = APPROVAL_STATUS ( 'not_yet_approved' ) ;
#1049 = CARTESIAN_POINT ( 'NONE',  ( -14.91845608152122260, 50.00000000000000000, 26.06914637815589586 ) ) ;
#1050 = CARTESIAN_POINT ( 'NONE',  ( -6.999999999999910294, -34.00367627183860009, 40.00000000000000000 ) ) ;
#1051 = CARTESIAN_POINT ( 'NONE',  ( -6.999999999999910294, -34.00367627183860009, -40.00000000000000000 ) ) ;
#1052 = CARTESIAN_POINT ( 'NONE',  ( -14.43206666309290220, 38.91990111704111399, 40.00000000000000000 ) ) ;
#1053 = ORIENTED_EDGE ( 'NONE', *, *, #866, .F. ) ;
#1054 = EDGE_CURVE ( 'NONE', #126, #516, #252, .T. ) ;
#1055 = CARTESIAN_POINT ( 'NONE',  ( -11.61829126352667529, -35.72398199387125572, 40.00000000000000000 ) ) ;
#1056 = LOCAL_TIME ( 10, 56, 49.00000000000000000, #63 ) ;
#1057 = AXIS2_PLACEMENT_3D ( 'NONE', #418, #708, #614 ) ;
#1058 = CARTESIAN_POINT ( 'NONE',  ( -111.9999999999999858, 3.061616997868383831E-15, -40.00000000000000000 ) ) ;
#1059 = VECTOR ( 'NONE', #658, 1000.000000000000000 ) ;
#1060 = CARTESIAN_POINT ( 'NONE',  ( -15.57313253421800070, 41.10217047316450589, 40.00000000000000000 ) ) ;
#1061 = AXIS2_PLACEMENT_3D ( 'NONE', #1130, #198, #1009 ) ;
#1062 = EDGE_CURVE ( 'NONE', #1311, #353, #282, .T. ) ;
#1063 = DIRECTION ( 'NONE',  ( -1.000000000000000000, 0.000000000000000000, 0.000000000000000000 ) ) ;
#1064 = ORIENTED_EDGE ( 'NONE', *, *, #511, .F. ) ;
#1065 = ORIENTED_EDGE ( 'NONE', *, *, #1054, .T. ) ;
#1066 = DIRECTION ( 'NONE',  ( 1.000000000000000000, 0.000000000000000000, 0.000000000000000000 ) ) ;
#1067 = VECTOR ( 'NONE', #521, 1000.000000000000000 ) ;
#1068 = DIRECTION ( 'NONE',  ( -1.000000000000000000, 0.000000000000000000, 0.000000000000000000 ) ) ;
#1069 = CYLINDRICAL_SURFACE ( 'NONE', #548, 27.50000000000000000 ) ;
#1070 = PERSON_AND_ORGANIZATION_ROLE ( 'creator' ) ;
#1071 = CARTESIAN_POINT ( 'NONE',  ( -14.67399498314060047, 49.99999999999999289, 25.40965245908418169 ) ) ;
#1072 = EDGE_LOOP ( 'NONE', ( #798, #729, #1065, #882 ) ) ;
#1073 = CARTESIAN_POINT ( 'NONE',  ( -9.403122919579807615, 34.45510823676509915, -39.99999999999999289 ) ) ;
#1074 = CARTESIAN_POINT ( 'NONE',  ( -17.00000000000000000, 34.00367627183860009, -40.00000000000000000 ) ) ;
#1075 = CARTESIAN_POINT ( 'NONE',  ( -8.969168310694744406, -49.99999999999999289, 16.62473238648964724 ) ) ;
#1076 =( NAMED_UNIT ( * ) SI_UNIT ( $, .STERADIAN. ) SOLID_ANGLE_UNIT ( ) );
#1077 = PRODUCT_DEFINITION_SHAPE ( 'NONE', 'NONE',  #1099 ) ;
#1078 = DIRECTION ( 'NONE',  ( 0.000000000000000000, 1.000000000000000000, 0.000000000000000000 ) ) ;
#1079 = ORIENTED_EDGE ( 'NONE', *, *, #1191, .T. ) ;
#1080 = CARTESIAN_POINT ( 'NONE',  ( -9.620427852863430829, 34.54054577747307775, -40.00000000000000000 ) ) ;
#1081 = CC_DESIGN_APPROVAL ( #3, ( #439 ) ) ;
#1082 = CARTESIAN_POINT ( 'NONE',  ( -15.52194895378504924, -40.98410941942464802, -39.99999999999999289 ) ) ;
#1083 = CARTESIAN_POINT ( 'NONE',  ( -40.00000000000000000, 6.429395695523603956E-15, -52.50000000000000000 ) ) ;
#1084 = CIRCLE ( 'NONE', #1258, 25.00000000000000000 ) ;
#1085 = AXIS2_PLACEMENT_3D ( 'NONE', #326, #342, #438 ) ;
#1086 = CARTESIAN_POINT ( 'NONE',  ( -6.999999999999910294, 50.00000000000000000, 16.00781059358210001 ) ) ;
#1087 = EDGE_CURVE ( 'NONE', #159, #1317, #859, .T. ) ;
#1088 = ORIENTED_EDGE ( 'NONE', *, *, #1023, .T. ) ;
#1089 = DIRECTION ( 'NONE',  ( -1.000000000000000000, 0.000000000000000000, 0.000000000000000000 ) ) ;
#1090 = EDGE_CURVE ( 'NONE', #768, #668, #998, .T. ) ;
#1091 = PRODUCT ( 'Bucket_Housing_Default_sldprt', 'Bucket_Housing_Default_sldprt', '', ( #453 ) ) ;
#1092 = CARTESIAN_POINT ( 'NONE',  ( -14.98648652254956559, -39.85946621890514052, -40.00000000000000711 ) ) ;
#1093 = CARTESIAN_POINT ( 'NONE',  ( -11.77932957122476765, -49.99999999999999289, 19.62805346812833562 ) ) ;
#1094 = CALENDAR_DATE ( 2026, 25, 8 ) ;
#1095 = CARTESIAN_POINT ( 'NONE',  ( -12.26030397332544908, 49.99999999999998579, 20.37493470574839449 ) ) ;
#1096 = VERTEX_POINT ( 'NONE', #940 ) ;
#1097 = CARTESIAN_POINT ( 'NONE',  ( -13.32679224606589941, 37.39214641950646723, -39.99999999999999289 ) ) ;
#1098 = CARTESIAN_POINT ( 'NONE',  ( -15.58401565212633777, -41.12753492048948800, -40.00000000000000711 ) ) ;
#1099 = PRODUCT_DEFINITION ( '�', '', #1221, #1293 ) ;
#1100 = DIRECTION ( 'NONE',  ( -1.000000000000000000, 0.000000000000000000, 0.000000000000000000 ) ) ;
#1101 = CARTESIAN_POINT ( 'NONE',  ( 860.0000000000000000, 3.367778697655221307E-15, 27.50000000000000000 ) ) ;
#1102 = ORIENTED_EDGE ( 'NONE', *, *, #1004, .T. ) ;
#1103 = CARTESIAN_POINT ( 'NONE',  ( -16.92102111285092292, -49.99999999999999289, -34.99873750100042713 ) ) ;
#1104 = CARTESIAN_POINT ( 'NONE',  ( -14.10665865761490956, -38.42023466513201413, -39.99999999999999289 ) ) ;
#1105 = LOCAL_TIME ( 10, 56, 49.00000000000000000, #296 ) ;
#1106 = CYLINDRICAL_SURFACE ( 'NONE', #1037, 52.50000000000000000 ) ;
#1107 = EDGE_CURVE ( 'NONE', #1203, #1231, #409, .T. ) ;
#1108 = CARTESIAN_POINT ( 'NONE',  ( -10.08978109012347701, 50.00000000000000000, 17.54335618033415756 ) ) ;
#1109 = VECTOR ( 'NONE', #633, 1000.000000000000000 ) ;
#1110 = ORIENTED_EDGE ( 'NONE', *, *, #255, .F. ) ;
#1111 = CARTESIAN_POINT ( 'NONE',  ( -14.75671604649023116, -50.00000000000001421, -25.62918616168249386 ) ) ;
#1112 = CARTESIAN_POINT ( 'NONE',  ( 770.0000000000000000, 5.204748896376250896E-15, -42.50000000000000000 ) ) ;
#1113 = DIRECTION ( 'NONE',  ( 1.000000000000000000, 0.000000000000000000, 0.000000000000000000 ) ) ;
#1114 = AXIS2_PLACEMENT_3D ( 'NONE', #287, #822, #314 ) ;
#1115 = CARTESIAN_POINT ( 'NONE',  ( -7.917442287838251325, 50.00000000000000711, 16.00781059358210001 ) ) ;
#1116 = ORIENTED_EDGE ( 'NONE', *, *, #208, .T. ) ;
#1117 = DIRECTION ( 'NONE',  ( 0.000000000000000000, 0.000000000000000000, 1.000000000000000000 ) ) ;
#1118 = ORIENTED_EDGE ( 'NONE', *, *, #373, .T. ) ;
#1119 = CARTESIAN_POINT ( 'NONE',  ( -15.48867718252256687, -50.00000000000000711, 27.70988663122853879 ) ) ;
#1120 = CARTESIAN_POINT ( 'NONE',  ( -14.97653769871802254, 50.00000000000000711, -26.19155243588355120 ) ) ;
#1121 = EDGE_LOOP ( 'NONE', ( #456, #1010 ) ) ;
#1122 = DIRECTION ( 'NONE',  ( -1.000000000000000000, 0.000000000000000000, 0.000000000000000000 ) ) ;
#1123 = CARTESIAN_POINT ( 'NONE',  ( -17.00000000000000000, -48.02343178074640662, -40.00000000000000000 ) ) ;
#1124 = CARTESIAN_POINT ( 'NONE',  ( -16.35500575494931041, 50.00000000000001421, -31.26353702324259487 ) ) ;
#1125 = VECTOR ( 'NONE', #29, 1000.000000000000000 ) ;
#1126 = ORIENTED_EDGE ( 'NONE', *, *, #138, .T. ) ;
#1127 = CIRCLE ( 'NONE', #9, 42.50000000000000000 ) ;
#1128 = AXIS2_PLACEMENT_3D ( 'NONE', #770, #61, #267 ) ;
#1129 = ADVANCED_FACE ( 'NONE', ( #523 ), #14, .T. ) ;
#1130 = CARTESIAN_POINT ( 'NONE',  ( 860.0000000000000000, 0.000000000000000000, 0.000000000000000000 ) ) ;
#1131 = DIRECTION ( 'NONE',  ( -1.000000000000000000, 0.000000000000000000, 0.000000000000000000 ) ) ;
#1132 = CARTESIAN_POINT ( 'NONE',  ( -14.22512458375937605, 50.00000000000000000, -24.27577568908366956 ) ) ;
#1133 = CARTESIAN_POINT ( 'NONE',  ( -14.91845608152122082, -50.00000000000000711, -26.06914637815586389 ) ) ;
#1134 = VERTEX_POINT ( 'NONE', #840 ) ;
#1135 = CARTESIAN_POINT ( 'NONE',  ( -17.00000000000000000, 0.000000000000000000, 0.000000000000000000 ) ) ;
#1136 = DIRECTION ( 'NONE',  ( 0.000000000000000000, 0.000000000000000000, 1.000000000000000000 ) ) ;
#1137 = CARTESIAN_POINT ( 'NONE',  ( -14.40899788493467959, 50.00000000000000000, -24.72911525558844303 ) ) ;
#1138 = CARTESIAN_POINT ( 'NONE',  ( -9.798044137872199855, -50.00000000000002132, -17.27263222201344561 ) ) ;
#1139 = EDGE_LOOP ( 'NONE', ( #818, #286, #727, #976 ) ) ;
#1140 = CARTESIAN_POINT ( 'NONE',  ( -11.42615872531631815, -35.57870227281576803, 40.00000000000000000 ) ) ;
#1141 = ORIENTED_EDGE ( 'NONE', *, *, #136, .T. ) ;
#1142 = CARTESIAN_POINT ( 'NONE',  ( -6.999999999999910294, -34.00367627183860009, 40.00000000000000000 ) ) ;
#1143 = DIRECTION ( 'NONE',  ( 1.000000000000000000, 0.000000000000000000, 0.000000000000000000 ) ) ;
#1144 = CARTESIAN_POINT ( 'NONE',  ( -13.52512486206611975, -50.00000000000002132, -22.64156920530914618 ) ) ;
#1145 = ORIENTED_EDGE ( 'NONE', *, *, #817, .F. ) ;
#1146 = CARTESIAN_POINT ( 'NONE',  ( -11.88430238230715119, -35.93591547668966513, 40.00000000000000000 ) ) ;
#1147 = VECTOR ( 'NONE', #915, 1000.000000000000000 ) ;
#1148 = ORIENTED_EDGE ( 'NONE', *, *, #961, .T. ) ;
#1149 = CARTESIAN_POINT ( 'NONE',  ( -10.18078521897444411, -34.78346978457473426, -39.99999999999999289 ) ) ;
#1150 = EDGE_CURVE ( 'NONE', #123, #177, #899, .T. ) ;
#1151 = CARTESIAN_POINT ( 'NONE',  ( 0.000000000000000000, 0.000000000000000000, 0.000000000000000000 ) ) ;
#1152 = APPROVAL_STATUS ( 'not_yet_approved' ) ;
#1153 = ORIENTED_EDGE ( 'NONE', *, *, #787, .T. ) ;
#1154 = ORGANIZATION ( '未', '未', '' ) ;
#1155 = CARTESIAN_POINT ( 'NONE',  ( -16.38036559868171693, -43.42016547067907339, 39.99999999999999289 ) ) ;
#1156 = LINE ( 'NONE', #751, #486 ) ;
#1157 = CARTESIAN_POINT ( 'NONE',  ( -11.30773281258345619, 35.49221507921909335, 40.00000000000000711 ) ) ;
#1158 = DIRECTION ( 'NONE',  ( 0.000000000000000000, 0.000000000000000000, 1.000000000000000000 ) ) ;
#1159 = CARTESIAN_POINT ( 'NONE',  ( -15.61219072702127342, -41.19371947371524101, 40.00000000000000000 ) ) ;
#1160 = DIRECTION ( 'NONE',  ( 0.000000000000000000, 0.000000000000000000, -1.000000000000000000 ) ) ;
#1161 = CARTESIAN_POINT ( 'NONE',  ( -14.37780456528781414, 38.83412191105031042, 40.00000000000000711 ) ) ;
#1162 = PERSON_AND_ORGANIZATION_ROLE ( 'design_owner' ) ;
#1163 = CARTESIAN_POINT ( 'NONE',  ( -16.54093521844605519, 50.00000000000000000, 32.26041264390624974 ) ) ;
#1164 = DIRECTION ( 'NONE',  ( 0.000000000000000000, 0.000000000000000000, 1.000000000000000000 ) ) ;
#1165 = EDGE_CURVE ( 'NONE', #925, #889, #1206, .T. ) ;
#1166 = VECTOR ( 'NONE', #206, 1000.000000000000000 ) ;
#1167 = DIRECTION ( 'NONE',  ( 0.000000000000000000, 0.000000000000000000, 1.000000000000000000 ) ) ;
#1168 = AXIS2_PLACEMENT_3D ( 'NONE', #684, #380, #70 ) ;
#1169 = CARTESIAN_POINT ( 'NONE',  ( -14.98648652257628022, 39.85946621894431985, 39.99999999999998579 ) ) ;
#1170 = AXIS2_PLACEMENT_3D ( 'NONE', #1135, #897, #696 ) ;
#1171 = CARTESIAN_POINT ( 'NONE',  ( -40.00000000000000000, 0.000000000000000000, 0.000000000000000000 ) ) ;
#1172 = CARTESIAN_POINT ( 'NONE',  ( -14.75671604649022761, 50.00000000000000711, 25.62918616168249741 ) ) ;
#1173 = ORIENTED_EDGE ( 'NONE', *, *, #513, .T. ) ;
#1174 = CARTESIAN_POINT ( 'NONE',  ( -13.22076098111637421, 37.26771225613392602, -40.00000000000000711 ) ) ;
#1175 = CARTESIAN_POINT ( 'NONE',  ( -13.35913733176542983, -37.42323010217383938, -40.00000000000000000 ) ) ;
#1176 = CARTESIAN_POINT ( 'NONE',  ( -12.86824697987694499, 36.87342530605682356, 40.00000000000000711 ) ) ;
#1177 = APPLICATION_PROTOCOL_DEFINITION ( 'international standard', 'config_control_design', 1994, #1000 ) ;
#1178 = CARTESIAN_POINT ( 'NONE',  ( -14.61415927648181778, 50.00000000000002842, 25.25302335951044697 ) ) ;
#1179 = EDGE_LOOP ( 'NONE', ( #387, #761, #228, #898 ) ) ;
#1180 = CARTESIAN_POINT ( 'NONE',  ( -16.53042221076566420, 44.00416796628452687, -40.00000000000000000 ) ) ;
#1181 = DIRECTION ( 'NONE',  ( 0.000000000000000000, 0.000000000000000000, -1.000000000000000000 ) ) ;
#1182 = DIRECTION ( 'NONE',  ( 0.000000000000000000, 0.000000000000000000, 1.000000000000000000 ) ) ;
#1183 = DATE_AND_TIME ( #1094, #1056 ) ;
#1184 = CARTESIAN_POINT ( 'NONE',  ( -10.97750390183045432, 49.99999999999998579, 18.50125521964533348 ) ) ;
#1185 = ORIENTED_EDGE ( 'NONE', *, *, #1247, .T. ) ;
#1186 = CARTESIAN_POINT ( 'NONE',  ( -14.53682625901897651, 39.08908129820654409, -39.99999999999999289 ) ) ;
#1187 = DIRECTION ( 'NONE',  ( -1.000000000000000000, 0.000000000000000000, 0.000000000000000000 ) ) ;
#1188 = EDGE_CURVE ( 'NONE', #905, #681, #793, .T. ) ;
#1189 = CARTESIAN_POINT ( 'NONE',  ( -7.458584327862993746, -50.00000000000000711, 16.00781059358210356 ) ) ;
#1190 = DATE_TIME_ROLE ( 'classification_date' ) ;
#1191 = EDGE_CURVE ( 'NONE', #607, #109, #237, .T. ) ;
#1192 = CIRCLE ( 'NONE', #1237, 52.50000000000000000 ) ;
#1193 = PLANE ( 'NONE',  #76 ) ;
#1194 = APPROVAL ( #1048, '未' ) ;
#1195 = EDGE_LOOP ( 'NONE', ( #1024, #1252 ) ) ;
#1196 = CARTESIAN_POINT ( 'NONE',  ( -14.58733917064713914, 39.17250746612717194, -39.99999999999999289 ) ) ;
#1197 = CARTESIAN_POINT ( 'NONE',  ( -40.00000000000000000, 0.000000000000000000, 42.50000000000000000 ) ) ;
#1198 = AXIS2_PLACEMENT_3D ( 'NONE', #153, #558, #44 ) ;
#1199 = FACE_OUTER_BOUND ( 'NONE', #589, .T. ) ;
#1200 = CALENDAR_DATE ( 2026, 25, 8 ) ;
#1201 = EDGE_CURVE ( 'NONE', #152, #1217, #1276, .T. ) ;
#1202 = CARTESIAN_POINT ( 'NONE',  ( -11.48135782443152664, 50.00000000000000711, 19.18017510931464997 ) ) ;
#1203 = VERTEX_POINT ( 'NONE', #363 ) ;
#1204 = CARTESIAN_POINT ( 'NONE',  ( -9.468444136157515345, 34.48005847785095312, -40.00000000000000000 ) ) ;
#1205 = DIRECTION ( 'NONE',  ( -1.000000000000000000, 0.000000000000000000, 0.000000000000000000 ) ) ;
#1206 = CIRCLE ( 'NONE', #344, 42.50000000000000000 ) ;
#1207 = ADVANCED_FACE ( 'NONE', ( #769 ), #221, .T. ) ;
#1208 = CARTESIAN_POINT ( 'NONE',  ( -16.34023479075322172, 43.27431183370359946, 40.00000000000000711 ) ) ;
#1209 = CARTESIAN_POINT ( 'NONE',  ( -11.84406364530204314, 50.00000000000001421, 19.72522394694623316 ) ) ;
#1210 = ORIENTED_EDGE ( 'NONE', *, *, #1090, .F. ) ;
#1211 = LINE ( 'NONE', #434, #598 ) ;
#1212 = CARTESIAN_POINT ( 'NONE',  ( 770.0000000000000000, 0.000000000000000000, 42.50000000000000000 ) ) ;
#1213 = DIRECTION ( 'NONE',  ( 0.000000000000000000, 0.000000000000000000, 1.000000000000000000 ) ) ;
#1214 = DIRECTION ( 'NONE',  ( 0.000000000000000000, 0.000000000000000000, 1.000000000000000000 ) ) ;
#1215 = AXIS2_PLACEMENT_3D ( 'NONE', #980, #881, #82 ) ;
#1216 = CIRCLE ( 'NONE', #229, 27.50000000000000000 ) ;
#1217 = VERTEX_POINT ( 'NONE', #293 ) ;
#1218 = CARTESIAN_POINT ( 'NONE',  ( -17.00000000000000000, -50.00000000000000000, 40.00000000000000000 ) ) ;
#1219 = ORIENTED_EDGE ( 'NONE', *, *, #1025, .T. ) ;
#1220 = CARTESIAN_POINT ( 'NONE',  ( -17.00000000000000000, -50.00000000000000000, 37.50000000000000000 ) ) ;
#1221 = PRODUCT_DEFINITION_FORMATION_WITH_SPECIFIED_SOURCE ( '�', '', #1091, .NOT_KNOWN. ) ;
#1222 = VECTOR ( 'NONE', #1283, 1000.000000000000000 ) ;
#1223 = CARTESIAN_POINT ( 'NONE',  ( -17.00000000000000000, 50.00000000000000000, -37.50000000000000000 ) ) ;
#1224 = ORIENTED_EDGE ( 'NONE', *, *, #747, .F. ) ;
#1225 = CARTESIAN_POINT ( 'NONE',  ( -16.68358199148367760, -44.68663064690830566, 40.00000000000000000 ) ) ;
#1226 = VERTEX_POINT ( 'NONE', #931 ) ;
#1227 = CARTESIAN_POINT ( 'NONE',  ( 860.0000000000000000, 0.000000000000000000, -27.50000000000000000 ) ) ;
#1228 = EDGE_CURVE ( 'NONE', #668, #1035, #924, .T. ) ;
#1229 = CARTESIAN_POINT ( 'NONE',  ( -8.969168310691962631, 50.00000000000000711, -16.62473238648962592 ) ) ;
#1230 = EDGE_CURVE ( 'NONE', #1035, #863, #1211, .T. ) ;
#1231 = VERTEX_POINT ( 'NONE', #1042 ) ;
#1232 = LINE ( 'NONE', #103, #313 ) ;
#1233 = CARTESIAN_POINT ( 'NONE',  ( -61.99999999999999289, 0.000000000000000000, -52.50000000000000000 ) ) ;
#1234 = DIRECTION ( 'NONE',  ( 0.000000000000000000, 0.000000000000000000, 1.000000000000000000 ) ) ;
#1235 = CARTESIAN_POINT ( 'NONE',  ( -9.867049702308376524, -50.00000000000000000, -17.33471321973788548 ) ) ;
#1236 = ORIENTED_EDGE ( 'NONE', *, *, #808, .F. ) ;
#1237 = AXIS2_PLACEMENT_3D ( 'NONE', #1313, #1122, #610 ) ;
#1238 = AXIS2_PLACEMENT_3D ( 'NONE', #510, #816, #1117 ) ;
#1239 = CARTESIAN_POINT ( 'NONE',  ( -40.00000000000000000, 5.204748896376250896E-15, -42.50000000000000000 ) ) ;
#1240 = CARTESIAN_POINT ( 'NONE',  ( -16.31573563490058021, -50.00000000000001421, 31.06911926668808377 ) ) ;
#1241 = CARTESIAN_POINT ( 'NONE',  ( -6.999999999999910294, -50.00000000000000000, 16.00781059358210001 ) ) ;
#1242 = CARTESIAN_POINT ( 'NONE',  ( -17.00000000000000000, -34.00367627183860009, -40.00000000000000000 ) ) ;
#1243 = EDGE_LOOP ( 'NONE', ( #1029, #95, #1224 ) ) ;
#1244 = CARTESIAN_POINT ( 'NONE',  ( -13.32679224605410795, -37.39214641949303797, 39.99999999999999289 ) ) ;
#1245 = ORIENTED_EDGE ( 'NONE', *, *, #51, .T. ) ;
#1246 = CARTESIAN_POINT ( 'NONE',  ( -17.00000000000000000, -50.00000000000000000, -37.50000000000000000 ) ) ;
#1247 = EDGE_CURVE ( 'NONE', #675, #476, #388, .T. ) ;
#1248 = CARTESIAN_POINT ( 'NONE',  ( -16.99999999999998934, 50.00000000000001421, -35.52241525495842467 ) ) ;
#1249 = DIRECTION ( 'NONE',  ( 0.000000000000000000, 0.000000000000000000, -1.000000000000000000 ) ) ;
#1250 = ORIENTED_EDGE ( 'NONE', *, *, #298, .F. ) ;
#1251 = CARTESIAN_POINT ( 'NONE',  ( -15.60352614293141471, -41.17327657731502910, 40.00000000000000000 ) ) ;
#1252 = ORIENTED_EDGE ( 'NONE', *, *, #146, .T. ) ;
#1253 = CYLINDRICAL_SURFACE ( 'NONE', #528, 27.50000000000000000 ) ;
#1254 = DIRECTION ( 'NONE',  ( -1.000000000000000000, 0.000000000000000000, 0.000000000000000000 ) ) ;
#1255 = DATE_TIME_ROLE ( 'creation_date' ) ;
#1256 = CYLINDRICAL_SURFACE ( 'NONE', #779, 52.50000000000000000 ) ;
#1257 = CARTESIAN_POINT ( 'NONE',  ( -15.43167900349587107, -40.77034940334642954, 40.00000000000000711 ) ) ;
#1258 = AXIS2_PLACEMENT_3D ( 'NONE', #1, #1234, #312 ) ;
#1259 = VECTOR ( 'NONE', #1284, 1000.000000000000000 ) ;
#1260 = CARTESIAN_POINT ( 'NONE',  ( -12.86824697987694144, -36.87342530605679514, -39.99999999999999289 ) ) ;
#1261 = CARTESIAN_POINT ( 'NONE',  ( -9.220418919850478900, 34.38836963852915574, 40.00000000000000711 ) ) ;
#1262 = DIRECTION ( 'NONE',  ( 0.000000000000000000, 0.000000000000000000, 1.000000000000000000 ) ) ;
#1263 = ORIENTED_EDGE ( 'NONE', *, *, #985, .F. ) ;
#1264 = CARTESIAN_POINT ( 'NONE',  ( -15.63082425050929913, -41.23791794297058289, 40.00000000000000000 ) ) ;
#1265 = PLANE ( 'NONE',  #1015 ) ;
#1266 = CARTESIAN_POINT ( 'NONE',  ( -8.646046472554072437, 34.20877333795082365, 39.99999999999999289 ) ) ;
#1267 = DIRECTION ( 'NONE',  ( -1.000000000000000000, 0.000000000000000000, 0.000000000000000000 ) ) ;
#1268 = CARTESIAN_POINT ( 'NONE',  ( -87.00000000000000000, 0.000000000000000000, 40.00000000000000000 ) ) ;
#1269 = EDGE_CURVE ( 'NONE', #118, #130, #766, .T. ) ;
#1270 = CARTESIAN_POINT ( 'NONE',  ( -87.00000000000000000, -50.00000000000000000, -40.00000000000000000 ) ) ;
#1271 = CARTESIAN_POINT ( 'NONE',  ( -6.999999999999910294, -50.00000000000000000, -16.00781059358210001 ) ) ;
#1272 = DIRECTION ( 'NONE',  ( 1.000000000000000000, 0.000000000000000000, 0.000000000000000000 ) ) ;
#1273 = DATE_AND_TIME ( #150, #938 ) ;
#1274 = DIRECTION ( 'NONE',  ( 1.000000000000000000, 0.000000000000000000, 0.000000000000000000 ) ) ;
#1275 = ORIENTED_EDGE ( 'NONE', *, *, #1191, .F. ) ;
#1276 = LINE ( 'NONE', #356, #1222 ) ;
#1277 = CARTESIAN_POINT ( 'NONE',  ( -17.00000000000000000, 34.00367627183860009, 40.00000000000000000 ) ) ;
#1278 = VECTOR ( 'NONE', #503, 1000.000000000000000 ) ;
#1279 = CARTESIAN_POINT ( 'NONE',  ( -17.00000000000000000, 0.000000000000000000, 0.000000000000000000 ) ) ;
#1280 = FACE_OUTER_BOUND ( 'NONE', #710, .T. ) ;
#1281 = DIRECTION ( 'NONE',  ( 1.000000000000000000, 0.000000000000000000, 0.000000000000000000 ) ) ;
#1282 = EDGE_LOOP ( 'NONE', ( #1053, #623, #616, #981 ) ) ;
#1283 = DIRECTION ( 'NONE',  ( -1.000000000000000000, 0.000000000000000000, 0.000000000000000000 ) ) ;
#1284 = DIRECTION ( 'NONE',  ( 0.000000000000000000, 0.000000000000000000, 1.000000000000000000 ) ) ;
#1285 = CYLINDRICAL_SURFACE ( 'NONE', #1168, 25.00000000000000000 ) ;
#1286 = PERSON_AND_ORGANIZATION ( #722, #1154 ) ;
#1287 = CARTESIAN_POINT ( 'NONE',  ( -17.00000000000000000, 50.00000000000000000, -40.00000000000000000 ) ) ;
#1288 = EDGE_CURVE ( 'NONE', #116, #835, #718, .T. ) ;
#1289 = ORIENTED_EDGE ( 'NONE', *, *, #488, .T. ) ;
#1290 = CARTESIAN_POINT ( 'NONE',  ( -9.922665465040340749, 34.67060065840465199, -39.99999999999999289 ) ) ;
#1291 = CARTESIAN_POINT ( 'NONE',  ( -87.00000000000000000, 0.000000000000000000, 40.00000000000000000 ) ) ;
#1292 = CARTESIAN_POINT ( 'NONE',  ( -9.766907273688222091, -50.00000000000000000, 17.24502540678114215 ) ) ;
#1293 = DESIGN_CONTEXT ( 'detailed design', #820, 'design' ) ;
#1294 = CARTESIAN_POINT ( 'NONE',  ( -6.999999999999910294, -34.00367627183860009, -40.00000000000000000 ) ) ;
#1295 = ORIENTED_EDGE ( 'NONE', *, *, #241, .F. ) ;
#1296 = CARTESIAN_POINT ( 'NONE',  ( -12.83539418108683883, 36.82920721214198778, -40.00000000000001421 ) ) ;
#1297 = CARTESIAN_POINT ( 'NONE',  ( -14.69190857191013322, -39.33949214506793624, -40.00000000000000000 ) ) ;
#1298 = EDGE_CURVE ( 'NONE', #1134, #768, #99, .T. ) ;
#1299 = AXIS2_PLACEMENT_3D ( 'NONE', #239, #959, #642 ) ;
#1300 = CARTESIAN_POINT ( 'NONE',  ( -40.00000000000000000, 0.000000000000000000, 0.000000000000000000 ) ) ;
#1301 = AXIS2_PLACEMENT_3D ( 'NONE', #843, #752, #1272 ) ;
#1302 = VECTOR ( 'NONE', #417, 1000.000000000000000 ) ;
#1303 = DIRECTION ( 'NONE',  ( 0.000000000000000000, 0.000000000000000000, -1.000000000000000000 ) ) ;
#1304 = ORIENTED_EDGE ( 'NONE', *, *, #608, .F. ) ;
#1305 = CARTESIAN_POINT ( 'NONE',  ( -15.72254813735440138, 41.45946802453561020, -40.00000000000000000 ) ) ;
#1306 = EDGE_CURVE ( 'NONE', #1134, #1217, #943, .T. ) ;
#1307 = CARTESIAN_POINT ( 'NONE',  ( -16.99999999999998579, -46.44511777312487055, -39.99999999999999289 ) ) ;
#1308 = CARTESIAN_POINT ( 'NONE',  ( -10.13228171907595865, -50.00000000000000000, 17.56985900332788830 ) ) ;
#1309 = CARTESIAN_POINT ( 'NONE',  ( -6.999999999999910294, 50.00000000000000000, -16.00781059358210001 ) ) ;
#1310 = ADVANCED_FACE ( 'NONE', ( #1280 ), #566, .T. ) ;
#1311 = VERTEX_POINT ( 'NONE', #547 ) ;
#1312 = DIRECTION ( 'NONE',  ( -1.000000000000000000, 0.000000000000000000, 0.000000000000000000 ) ) ;
#1313 = CARTESIAN_POINT ( 'NONE',  ( -17.00000000000000000, 0.000000000000000000, 0.000000000000000000 ) ) ;
#1314 = ORIENTED_EDGE ( 'NONE', *, *, #255, .T. ) ;
#1315 = CARTESIAN_POINT ( 'NONE',  ( -13.06242754232092373, -50.00000000000000000, 21.72293059122188552 ) ) ;
#1316 = CARTESIAN_POINT ( 'NONE',  ( -11.87212387161899052, 49.99999999999999289, 19.76766966386912472 ) ) ;
#1317 = VERTEX_POINT ( 'NONE', #246 ) ;
#1318 = DIRECTION ( 'NONE',  ( -1.000000000000000000, 0.000000000000000000, 0.000000000000000000 ) ) ;
#1319 = AXIS2_PLACEMENT_3D ( 'NONE', #1171, #1063, #1262 ) ;
#1320 = LINE ( 'NONE', #1233, #33 ) ;
#1321 = ADVANCED_BREP_SHAPE_REPRESENTATION ( 'Bucket_Housing_Default_sldprt', ( #603, #786 ), #74 ) ;
#1322 = CARTESIAN_POINT ( 'NONE',  ( -9.741085684604041006, 50.00000000000000000, -17.22232409994850144 ) ) ;
#1323 = AXIS2_PLACEMENT_3D ( 'NONE', #468, #196, #596 ) ;
#1324 = VECTOR ( 'NONE', #867, 1000.000000000000000 ) ;
#1325 = ORIENTED_EDGE ( 'NONE', *, *, #217, .F. ) ;
#1326 = CARTESIAN_POINT ( 'NONE',  ( -17.00000000000000000, 50.00000000000000000, 16.00781059358210001 ) ) ;
#1327 = FACE_BOUND ( 'NONE', #83, .T. ) ;
#1328 = ADVANCED_FACE ( 'NONE', ( #441, #953 ), #862, .F. ) ;
#1329 = CARTESIAN_POINT ( 'NONE',  ( -9.790082023564190550, 50.00000000000000711, -17.26554716407892087 ) ) ;
#1330 = ORIENTED_EDGE ( 'NONE', *, *, #886, .T. ) ;
#1331 = DIRECTION ( 'NONE',  ( 0.000000000000000000, 0.000000000000000000, 1.000000000000000000 ) ) ;
#1332 = LOCAL_TIME ( 10, 56, 49.00000000000000000, #47 ) ;
#1333 = ORIENTED_EDGE ( 'NONE', *, *, #1107, .F. ) ;
#1334 = AXIS2_PLACEMENT_3D ( 'NONE', #538, #1164, #31 ) ;
#1335 = ADVANCED_FACE ( 'NONE', ( #851 ), #346, .F. ) ;
#1336 = DIRECTION ( 'NONE',  ( -1.000000000000000000, 0.000000000000000000, 0.000000000000000000 ) ) ;
ENDSEC;
END-ISO-10303-21;
