ISO-10303-21;
HEADER;
FILE_DESCRIPTION (( 'STEP AP203' ),
    '1' );
FILE_NAME ('Arm_Rod_Default_sldprt.STEP',
    '2026-08-17T06:13:48',
    ( '' ),
    ( '' ),
    'SwSTEP 2.0',
    'SolidWorks 2026',
    '' );
FILE_SCHEMA (( 'CONFIG_CONTROL_DESIGN' ));
ENDSEC;

DATA;
#1 = CARTESIAN_POINT ( 'NONE',  ( 1221.056720369447930, 24.07549856102659191, -26.35023724127669453 ) ) ;
#2 = CARTESIAN_POINT ( 'NONE',  ( 1213.269253860129993, -4.857454633617569684, 39.57871664106470178 ) ) ;
#3 = CLOSED_SHELL ( 'NONE', ( #1776, #1244, #509, #92, #1072, #1729, #1857, #1290, #1476, #430, #1904, #1309, #2032, #1936 ) ) ;
#4 = AXIS2_PLACEMENT_3D ( 'NONE', #2007, #1118, #77 ) ;
#5 = PLANE ( 'NONE',  #164 ) ;
#6 = CARTESIAN_POINT ( 'NONE',  ( 1205.792998651067819, 12.35792940921955463, -27.33645562822773911 ) ) ;
#7 = CARTESIAN_POINT ( 'NONE',  ( 1207.133778034806937, -14.93027332484165548, 26.02089826690038166 ) ) ;
#8 = CARTESIAN_POINT ( 'NONE',  ( 1222.260751256029380, 29.57846046415751573, -5.057029482261304665 ) ) ;
#9 = CARTESIAN_POINT ( 'NONE',  ( 1216.858838212217051, -25.91598154800530551, 15.11852394152656487 ) ) ;
#10 = CARTESIAN_POINT ( 'NONE',  ( 1202.987007584959429, 0.6461077598904776398, 30.00646424365513099 ) ) ;
#11 = CARTESIAN_POINT ( 'NONE',  ( 1214.782266250329030, 11.81013168056953155, 37.17780931559893531 ) ) ;
#12 = CARTESIAN_POINT ( 'NONE',  ( 1226.613978958889902, 30.06290607293136574, -13.70577856749665635 ) ) ;
#13 = CARTESIAN_POINT ( 'NONE',  ( 1221.374522345760170, -29.04824054211542261, 7.509255603841335613 ) ) ;
#14 = CARTESIAN_POINT ( 'NONE',  ( 1213.615566804910259, -7.586107315784064831, 29.11340620639828103 ) ) ;
#15 = CARTESIAN_POINT ( 'NONE',  ( 1229.004729954509912, 32.00354670937080925, 0.1022155166706699980 ) ) ;
#16 = EDGE_CURVE ( 'NONE', #2206, #1405, #2147, .T. ) ;
#17 = CARTESIAN_POINT ( 'NONE',  ( 1203.235959965107440, -3.675753426391287881, -29.77884901636034698 ) ) ;
#18 = FACE_OUTER_BOUND ( 'NONE', #1102, .T. ) ;
#19 = DIRECTION ( 'NONE',  ( 1.000000000000000000, 1.384456086174630086E-17, 0.000000000000000000 ) ) ;
#20 = CARTESIAN_POINT ( 'NONE',  ( 1213.670258087146522, 7.291960138309315553, 38.94763411580947832 ) ) ;
#21 = B_SPLINE_CURVE_WITH_KNOTS ( 'NONE', 3,
 ( #33, #571, #394, #1449, #61, #1070, #1090, #1972, #236, #1462, #2175, #247, #1288, #1986, #940, #1817, #1298, #112, #811, #1660, #1508, #2213, #987, #1827, #774, #825, #1320, #1482, #86, #964, #1172, #100, #2044, #1673, #74, #1127, #1332, #1522, #313, #2236, #2012, #1471, #788, #651, #471, #2055, #634, #2026, #2201, #1850, #2190, #460, #289, #1862, #1160, #300, #1697, #125, #483, #1997, #1840, #621, #1311, #260, #951, #446, #1140, #276, #1370, #1546, #2261, #1735, #1757, #528, #1930, #183, #2248, #662, #173, #2069, #161, #1186, #1354, #1233, #707, #1710, #2295, #1391, #2107, #136, #1918, #676, #496, #836, #877, #2083, #357, #1047, #2096, #1534, #1746, #2118, #1560, #1025, #867, #1886, #2273, #1571, #323, #1908, #688, #540, #1013, #334, #507, #2284, #1581, #1721, #1197, #1382, #698, #519, #149, #847, #1000, #1220, #1401, #1208, #856, #1897, #343, #1035, #31, #46, #928, #203, #1592, #760, #594, #1256, #474, #2252, #464, #1688, #1165, #879, #1583, #116, #891, #1176, #326, #666, #542, #1153, #1867, #370, #1188, #1061, #1346, #140, #2060, #1337, #1878, #2073, #1890, #1403, #1759, #1853, #709, #1235 ),
 .UNSPECIFIED., .F., .F.,
 ( 4, 2, 1, 2, 2, 2, 1, 1, 1, 1, 2, 2, 2, 2, 1, 1, 1, 1, 2, 2, 2, 1, 1, 1, 1, 2, 2, 2, 1, 1, 1, 1, 2, 2, 2, 1, 1, 1, 1, 1, 2, 2, 2, 2, 1, 1, 1, 1, 2, 2, 2, 2, 1, 1, 1, 1, 1, 1, 2, 2, 2, 2, 1, 1, 1, 1, 2, 2, 2, 2, 1, 1, 1, 1, 2, 2, 2, 2, 1, 1, 1, 1, 1, 2, 2, 2, 2, 1, 1, 1, 1, 2, 2, 2, 1, 1, 1, 1, 1, 2, 2, 2, 1, 1, 1, 1, 2, 2, 2, 1, 1, 1, 1, 2, 2, 4 ),
 ( 0.000000000000000000, 0.03124999999765572245, 0.04687499999648359061, 0.05468749999589752470, 0.06249999999531145878, 0.09374999999296713959, 0.1093749999917960486, 0.1171874999912104892, 0.1210937499909176818, 0.1230468749907699250, 0.1240234374906973996, 0.1249999999906248604, 0.1874999999859242039, 0.2187499999835758602, 0.2343749999824017438, 0.2421874999818146579, 0.2460937499815188667, 0.2480468749813685980, 0.2490234374812934082, 0.2499999999812182461, 0.2812499999788696248, 0.2968749999776925663, 0.3046874999771012615, 0.3085937499768056091, 0.3105468749766605585, 0.3115234374765880054, 0.3124999999765155079, 0.3437499999741679968, 0.3593749999729942135, 0.3671874999724044075, 0.3710937499721095878, 0.3730468749719590416, 0.3740234374718807153, 0.3749999999718023336, 0.4062499999692018582, 0.4218749999679017315, 0.4296874999672516404, 0.4335937499669232920, 0.4355468749667592010, 0.4365234374666771555, 0.4370117187166394079, 0.4374999999666017159, 0.4687499999644851312, 0.4843749999634303083, 0.4921874999629029523, 0.4960937499626392189, 0.4980468749625073799, 0.4990234374624383240, 0.4995117187124037961, 0.4999999999623692681, 0.5312499999603123024, 0.5468749999592873445, 0.5546874999587780852, 0.5585937499585202914, 0.5605468749583943922, 0.5615234374583314425, 0.5620117187082999122, 0.5622558593332872556, 0.5623779296457809274, 0.5624999999582744881, 0.5781249999591279165, 0.5859374999595582389, 0.5898437499597704026, 0.5917968749598792044, 0.5927734374599360478, 0.5932617187099643585, 0.5935058593349785694, 0.5937499999599927802, 0.6093749999610941215, 0.6171874999616482338, 0.6210937499619294533, 0.6230468749620654556, 0.6240234374621380642, 0.6245117187121743685, 0.6247558593371972391, 0.6249999999622201097, 0.6562499999656060679, 0.6718749999672990469, 0.6796874999681494778, 0.6835937499685705854, 0.6855468749687770869, 0.6865234374688845564, 0.6870117187189422880, 0.6872558593439669350, 0.6874999999689915819, 0.7187499999723656607, 0.7343749999740528667, 0.7421874999748999668, 0.7460937499753198532, 0.7480468749755299074, 0.7490234374756384872, 0.7495117187256928881, 0.7499999999757472890, 0.7812499999790836203, 0.7968749999807548390, 0.8046874999815905039, 0.8085937499820116114, 0.8105468749822221097, 0.8115234374823273589, 0.8120117187323767638, 0.8124999999824261687, 0.8437499999853850241, 0.8593749999868669498, 0.8671874999876053591, 0.8710937499879746193, 0.8730468749881592494, 0.8740234374882515089, 0.8749999999883437685, 0.9062499999912539961, 0.9218749999927090544, 0.9296874999934384709, 0.9335937499938014028, 0.9355468749939812589, 0.9365234374940712980, 0.9374999999941612261, 1.000000000000000000 ),
 .UNSPECIFIED. ) ;
#22 = CARTESIAN_POINT ( 'NONE',  ( 1226.419751037944707, -29.89131038668401530, -14.28011448521861482 ) ) ;
#23 = CARTESIAN_POINT ( 'NONE',  ( 1226.319528033096731, 29.80239016160612309, -14.57315331791394009 ) ) ;
#24 = CARTESIAN_POINT ( 'NONE',  ( 1216.684057575439738, -16.81691950929279855, 34.07369288311579680 ) ) ;
#25 = CARTESIAN_POINT ( 'NONE',  ( 1226.313683926009617, 29.98294739432600764, 0.9922182629631173256 ) ) ;
#26 = CARTESIAN_POINT ( 'NONE',  ( 1203.162072047400443, 3.029020698849172799, -29.84788911196792327 ) ) ;
#27 = PERSON_AND_ORGANIZATION_ROLE ( 'design_owner' ) ;
#28 = CARTESIAN_POINT ( 'NONE',  ( 1220.369924332421533, 28.41914399005482039, -9.646672397372521246 ) ) ;
#29 = CARTESIAN_POINT ( 'NONE',  ( 1220.730859674308476, 23.63694433511300375, 26.96350461997623427 ) ) ;
#30 = CARTESIAN_POINT ( 'NONE',  ( 1215.678755937001824, -24.95513847182009215, 16.65061251428297950 ) ) ;
#31 = CARTESIAN_POINT ( 'NONE',  ( 1218.711888247146817, 27.29342200758898684, 12.45268674987913471 ) ) ;
#32 = CARTESIAN_POINT ( 'NONE',  ( 1214.437792137339102, 10.62813715532020709, 37.72937320443822529 ) ) ;
#33 = CARTESIAN_POINT ( 'NONE',  ( 1203.000002828539891, 1.802340244767820169E-11, 30.00000000000000000 ) ) ;
#34 = CARTESIAN_POINT ( 'NONE',  ( 1225.894511967624112, -29.41619235270187716, 15.74921393835523453 ) ) ;
#35 = CARTESIAN_POINT ( 'NONE',  ( 1216.156233925888728, -15.57576908875462252, 34.94350757358343884 ) ) ;
#36 = CARTESIAN_POINT ( 'NONE',  ( 1224.170311883459817, -27.96504032433473341, 10.99061595822579740 ) ) ;
#37 = CARTESIAN_POINT ( 'NONE',  ( 1219.362617527499651, -27.75640262459310748, 11.45394786222238892 ) ) ;
#38 = ORIENTED_EDGE ( 'NONE', *, *, #1793, .F. ) ;
#39 = FACE_OUTER_BOUND ( 'NONE', #1978, .T. ) ;
#40 = VECTOR ( 'NONE', #1831, 1000.000000000000000 ) ;
#41 = CARTESIAN_POINT ( 'NONE',  ( 1220.351601233626070, -28.40276539573540759, 9.668717919458833521 ) ) ;
#42 = APPROVAL_ROLE ( '' ) ;
#43 = CC_DESIGN_SECURITY_CLASSIFICATION ( #2033, ( #1144 ) ) ;
#44 = CARTESIAN_POINT ( 'NONE',  ( 1218.422467038109971, 20.12491593027499803, -31.11849494536850358 ) ) ;
#45 = CARTESIAN_POINT ( 'NONE',  ( 1223.643451232414463, 27.16974267407920252, 21.13231727998143583 ) ) ;
#46 = CARTESIAN_POINT ( 'NONE',  ( 1218.723257481611654, 27.30145314986328842, 12.43505920902475737 ) ) ;
#47 = CARTESIAN_POINT ( 'NONE',  ( 1205.846781091838920, 12.51368326152910271, 27.27919666679299837 ) ) ;
#48 = CARTESIAN_POINT ( 'NONE',  ( 1215.400081762207265, 13.64724505529398613, 36.17993821318416536 ) ) ;
#49 = CARTESIAN_POINT ( 'NONE',  ( 1228.923637148576745, -31.94260769423538093, 2.467463107639160214 ) ) ;
#50 = FACE_BOUND ( 'NONE', #830, .T. ) ;
#51 = CARTESIAN_POINT ( 'NONE',  ( 1225.201296898560031, -28.77474937367469821, 17.57918010370200079 ) ) ;
#52 = CARTESIAN_POINT ( 'NONE',  ( 1219.973150414609790, 22.59561989014740035, 28.37269880179619719 ) ) ;
#53 = ORIENTED_EDGE ( 'NONE', *, *, #570, .T. ) ;
#54 = DIRECTION ( 'NONE',  ( 1.000000000000000000, 1.384456086174630086E-17, 0.000000000000000000 ) ) ;
#55 = APPROVAL_DATE_TIME ( #1477, #1671 ) ;
#56 = CARTESIAN_POINT ( 'NONE',  ( 1213.055877107919741, -2.319558518660770119, -39.91268810558070612 ) ) ;
#57 = CARTESIAN_POINT ( 'NONE',  ( 1216.942067301282350, 17.34444689307667531, 33.64155597765309835 ) ) ;
#58 = CARTESIAN_POINT ( 'NONE',  ( 1214.782655559436080, -24.18017343995298418, 17.75728118329882221 ) ) ;
#59 = CARTESIAN_POINT ( 'NONE',  ( 1226.214448509279919, 29.71156409240549934, 14.89585509352609982 ) ) ;
#60 = CARTESIAN_POINT ( 'NONE',  ( 1208.547445899675495, -17.16784069506308086, -24.60217265685047394 ) ) ;
#61 = CARTESIAN_POINT ( 'NONE',  ( 1203.086973692334368, 2.238002253064072633, 29.91844269161570935 ) ) ;
#62 = CARTESIAN_POINT ( 'NONE',  ( 1225.039908603028607, -28.60480264284457519, 17.93078036705335165 ) ) ;
#63 = CARTESIAN_POINT ( 'NONE',  ( 1215.315213421234375, -13.41237108255900168, 36.31775089381672217 ) ) ;
#64 = ORIENTED_EDGE ( 'NONE', *, *, #399, .T. ) ;
#65 = FACE_OUTER_BOUND ( 'NONE', #2091, .T. ) ;
#66 = EDGE_LOOP ( 'NONE', ( #241, #38 ) ) ;
#67 = COORDINATED_UNIVERSAL_TIME_OFFSET ( 8, 0, .AHEAD. ) ;
#68 = CARTESIAN_POINT ( 'NONE',  ( 1215.037323792730604, 13.24846624043398258, -27.09861728640620271 ) ) ;
#69 = CARTESIAN_POINT ( 'NONE',  ( 1209.084241330992654, -17.93009905889151767, 24.05415410713072788 ) ) ;
#70 = CARTESIAN_POINT ( 'NONE',  ( 1224.156348503089930, 27.72021355763390105, 20.01368693157889922 ) ) ;
#71 = EDGE_CURVE ( 'NONE', #1651, #820, #1804, .T. ) ;
#72 = CARTESIAN_POINT ( 'NONE',  ( 1206.863534610527950, -14.45515154127176594, -26.28832577928076830 ) ) ;
#73 = CARTESIAN_POINT ( 'NONE',  ( 1215.698251630958339, 24.97152311722770079, -16.62602903452344449 ) ) ;
#74 = CARTESIAN_POINT ( 'NONE',  ( 1206.765213038052480, 14.27733644696952986, 26.38530696585474900 ) ) ;
#75 = CARTESIAN_POINT ( 'NONE',  ( 1228.698756880073461, -31.77219234491938948, 4.918861414029264800 ) ) ;
#76 = CARTESIAN_POINT ( 'NONE',  ( 1217.104513182774099, -17.65660050326925656, 33.36653707793065138 ) ) ;
#77 = DIRECTION ( 'NONE',  ( 1.000000000000000000, 0.000000000000000000, 0.000000000000000000 ) ) ;
#78 = CARTESIAN_POINT ( 'NONE',  ( 1214.127780753519346, -10.07268526591190039, -28.38927161572871327 ) ) ;
#79 = ORIENTED_EDGE ( 'NONE', *, *, #1411, .F. ) ;
#80 = COORDINATED_UNIVERSAL_TIME_OFFSET ( 8, 0, .AHEAD. ) ;
#81 = CARTESIAN_POINT ( 'NONE',  ( 1205.963790884448827, 12.75875320528849954, -27.16538357551691263 ) ) ;
#82 = CARTESIAN_POINT ( 'NONE',  ( 1212.036763139328741, -21.50308208119392717, 20.91930975076256161 ) ) ;
#83 = CARTESIAN_POINT ( 'NONE',  ( 1216.025397738999800, 25.25457061259440295, 16.21305324304752560 ) ) ;
#84 = CARTESIAN_POINT ( 'NONE',  ( 1206.137245224226490, -13.08261798829679812, -27.00161913842324779 ) ) ;
#85 = CARTESIAN_POINT ( 'NONE',  ( 1215.661080924682665, 24.94024036388178445, -16.67287815573315513 ) ) ;
#86 = CARTESIAN_POINT ( 'NONE',  ( 1205.634917214501684, 12.01290370301947164, 27.48982370299719236 ) ) ;
#87 = CARTESIAN_POINT ( 'NONE',  ( 1225.185252415622926, -28.74613339562620951, -17.57392507281857164 ) ) ;
#88 = DIRECTION ( 'NONE',  ( 1.000000000000000000, 1.384456086174630086E-17, 0.000000000000000000 ) ) ;
#89 = CARTESIAN_POINT ( 'NONE',  ( 1216.810512035270222, -17.55638560379628288, -24.51463028405799349 ) ) ;
#90 = CARTESIAN_POINT ( 'NONE',  ( 1216.687156084610251, 16.82360774078830090, -34.06854693538670631 ) ) ;
#91 = VERTEX_POINT ( 'NONE', #1154 ) ;
#92 = ADVANCED_FACE ( 'NONE', ( #839 ), #1338, .F. ) ;
#93 = DATE_TIME_ROLE ( 'creation_date' ) ;
#94 = CARTESIAN_POINT ( 'NONE',  ( 1213.000796786659976, 0.9873892706386230289, -39.99875834654240236 ) ) ;
#95 = CARTESIAN_POINT ( 'NONE',  ( 1212.706205245100364, -22.20404108766471651, 20.17500932216909959 ) ) ;
#96 = CARTESIAN_POINT ( 'NONE',  ( 1228.982299313899830, 31.98671683297370194, 1.152406617117370136 ) ) ;
#97 = CARTESIAN_POINT ( 'NONE',  ( 1210.237471685985383, -19.43305951875500526, -22.85512214960050770 ) ) ;
#98 = CARTESIAN_POINT ( 'NONE',  ( 1203.808518575819789, 6.799611577210391111, 29.23293642748459931 ) ) ;
#99 = CARTESIAN_POINT ( 'NONE',  ( 1219.314537806048747, 27.71250614191876238, -11.49104359167393952 ) ) ;
#100 = CARTESIAN_POINT ( 'NONE',  ( 1206.055370169027128, 12.91616672985868775, 27.08153842234698061 ) ) ;
#101 = CARTESIAN_POINT ( 'NONE',  ( 1215.951023766257322, -15.08116583941181332, -35.28092789931825024 ) ) ;
#102 = CARTESIAN_POINT ( 'NONE',  ( 1213.164457394379951, -3.697148213622249990, -39.74279852119109790 ) ) ;
#103 = CARTESIAN_POINT ( 'NONE',  ( 1204.612063641119903, -9.445534420651785723, 28.47425079597303466 ) ) ;
#104 = DIRECTION ( 'NONE',  ( 1.000000000000000000, 1.384456086174630086E-17, 0.000000000000000000 ) ) ;
#105 = CARTESIAN_POINT ( 'NONE',  ( 1213.477775789890075, 6.206213374181919207, -39.25104818134849438 ) ) ;
#106 = PERSON_AND_ORGANIZATION ( #2120, #1842 ) ;
#107 = CARTESIAN_POINT ( 'NONE',  ( 1208.790577541820312, -17.54243983209280344, -24.35063949929678628 ) ) ;
#108 = CARTESIAN_POINT ( 'NONE',  ( 1215.001734692095624, -24.37393135107430808, 17.49107618899601491 ) ) ;
#109 = CARTESIAN_POINT ( 'NONE',  ( 1213.718252136158981, -23.20090887406666980, -19.01893306651028936 ) ) ;
#110 = CARTESIAN_POINT ( 'NONE',  ( 1205.034598674949393, 10.68143931511850475, 28.06507259689341183 ) ) ;
#111 = CARTESIAN_POINT ( 'NONE',  ( 1217.386773998891385, 26.32166742864201225, -14.39339641753634425 ) ) ;
#112 = CARTESIAN_POINT ( 'NONE',  ( 1203.700996529457598, 6.257378128179901466, 29.34016797322155412 ) ) ;
#113 = CARTESIAN_POINT ( 'NONE',  ( 1223.916223950263884, -27.46163202602714293, -20.53469049802900770 ) ) ;
#114 = CARTESIAN_POINT ( 'NONE',  ( 1213.075792700139800, 2.640343438322439784, -39.88155116673819833 ) ) ;
#115 = CARTESIAN_POINT ( 'NONE',  ( 1203.749022556399268, -6.466681483150154897, 29.29476180832949694 ) ) ;
#116 = CARTESIAN_POINT ( 'NONE',  ( 1220.524174455331377, 28.51417159210280161, 9.338146724598361814 ) ) ;
#117 = DIRECTION ( 'NONE',  ( 0.000000000000000000, 1.000000000000000000, 0.000000000000000000 ) ) ;
#118 = CARTESIAN_POINT ( 'NONE',  ( 1211.547467358339645, 20.98701746455409989, -21.45246990374799978 ) ) ;
#119 = CARTESIAN_POINT ( 'NONE',  ( 1220.372341470769470, -28.42071184659550553, 9.642202153917372343 ) ) ;
#120 = CARTESIAN_POINT ( 'NONE',  ( 1226.197092912240123, -29.69592588048340076, -14.94444865799610156 ) ) ;
#121 = VERTEX_POINT ( 'NONE', #1726 ) ;
#122 = CARTESIAN_POINT ( 'NONE',  ( 1222.849418697620649, 29.91509459378962887, -2.283826662617429726 ) ) ;
#123 = CARTESIAN_POINT ( 'NONE',  ( 1218.399171988754915, -27.07110406049045181, -12.93091662599583458 ) ) ;
#124 = CARTESIAN_POINT ( 'NONE',  ( 1205.846781091838920, 12.51368326152910271, 27.27919666679299837 ) ) ;
#125 = CARTESIAN_POINT ( 'NONE',  ( 1210.052313186356741, 19.20201146584999563, 23.04958021104146226 ) ) ;
#126 = CARTESIAN_POINT ( 'NONE',  ( 1221.012093837830662, -24.01633222994411199, -26.43475394915894938 ) ) ;
#127 = CARTESIAN_POINT ( 'NONE',  ( 1203.839309268920033, -6.844214456243772560, 29.20934633090066512 ) ) ;
#128 = CARTESIAN_POINT ( 'NONE',  ( 1224.254362212985370, -27.81715044838223960, 19.78151720195200625 ) ) ;
#129 = CARTESIAN_POINT ( 'NONE',  ( 1215.090221192174113, 12.76445044191967249, -36.68188020716534936 ) ) ;
#130 = CARTESIAN_POINT ( 'NONE',  ( 1214.525245698129993, 11.57533235066350130, -27.82668381872403529 ) ) ;
#131 = CARTESIAN_POINT ( 'NONE',  ( 1225.246382326439971, -29.01480643107909074, -7.722031676864935079 ) ) ;
#132 = CARTESIAN_POINT ( 'NONE',  ( 1213.171523555899739, -4.132821886986680404, -29.74576888535163377 ) ) ;
#133 = CARTESIAN_POINT ( 'NONE',  ( 1222.184940552573380, -29.53205621566359085, -5.303644882616701750 ) ) ;
#134 = CARTESIAN_POINT ( 'NONE',  ( 1253.000000000000000, 30.00000000000001776, 0.000000000000000000 ) ) ;
#135 = CARTESIAN_POINT ( 'NONE',  ( 1212.585226545717205, 22.07986161770718425, -20.31066833062687138 ) ) ;
#136 = CARTESIAN_POINT ( 'NONE',  ( 1213.945244044420633, 23.41551790464796667, 18.75435219517034824 ) ) ;
#137 = CARTESIAN_POINT ( 'NONE',  ( 1218.209410227761964, -19.73927081986637688, -31.48386710187876147 ) ) ;
#138 = CARTESIAN_POINT ( 'NONE',  ( 1219.371762387083436, -21.65969597667762159, 29.44429026522355031 ) ) ;
#139 = CARTESIAN_POINT ( 'NONE',  ( 1220.763625934690936, -23.68178610547592911, 26.90226598063294006 ) ) ;
#140 = CARTESIAN_POINT ( 'NONE',  ( 1222.195578389317916, 29.53809179597899970, 5.250304041790918141 ) ) ;
#141 = CARTESIAN_POINT ( 'NONE',  ( 1215.760721929248348, 14.61234676078771066, -35.59293790699877036 ) ) ;
#142 = CARTESIAN_POINT ( 'NONE',  ( 1220.960550218881281, -28.79214865198619577, -8.437891760086305482 ) ) ;
#143 =( BOUNDED_CURVE ( )  B_SPLINE_CURVE ( 2, ( #1430, #2145, #1615 ),
 .UNSPECIFIED., .F., .F. ) 
 B_SPLINE_CURVE_WITH_KNOTS ( ( 3, 3 ),
 ( -9.201226015137510475E-08, 1.000000000000000000 ),
 .UNSPECIFIED. ) 
 CURVE ( )  GEOMETRIC_REPRESENTATION_ITEM ( )  RATIONAL_B_SPLINE_CURVE ( ( 1.000000053899509966, 0.7071068864806430154, 1.000000000000000000 ) ) 
 REPRESENTATION_ITEM ( '' )  );
#144 = CARTESIAN_POINT ( 'NONE',  ( 1226.826838334500053, 30.25173001828020247, 13.08852766566409898 ) ) ;
#145 = CARTESIAN_POINT ( 'NONE',  ( 1222.130441250639024, -25.73215603187250622, -15.57529464087320292 ) ) ;
#146 = CARTESIAN_POINT ( 'NONE',  ( 1216.263999889695697, -25.44114782428475863, -15.90455804645256599 ) ) ;
#147 = CARTESIAN_POINT ( 'NONE',  ( 1228.315195685790059, 31.47596949012739742, 7.303725803915249948 ) ) ;
#148 = CARTESIAN_POINT ( 'NONE',  ( 1209.307916936274069, 18.23403049706374546, -23.82381060564893005 ) ) ;
#149 = CARTESIAN_POINT ( 'NONE',  ( 1217.060226450241544, 26.07082495625673602, 14.84291395421077553 ) ) ;
#150 = CARTESIAN_POINT ( 'NONE',  ( 1222.260832807960242, -29.57625475932297832, 5.031237799910621256 ) ) ;
#151 = EDGE_CURVE ( 'NONE', #1832, #1132, #223, .T. ) ;
#152 = CARTESIAN_POINT ( 'NONE',  ( 40.00000000000000000, 5.537824344698490392E-16, 0.000000000000000000 ) ) ;
#153 = CARTESIAN_POINT ( 'NONE',  ( 1225.999224903390086, -29.70528869211410239, 4.343529194886149192 ) ) ;
#154 = CARTESIAN_POINT ( 'NONE',  ( 1224.916825927729178, -28.70011153207289567, -8.818685810329323971 ) ) ;
#155 = CARTESIAN_POINT ( 'NONE',  ( 1253.000000000000000, 1.714505518806299963E-14, -40.00000000000000000 ) ) ;
#156 = CARTESIAN_POINT ( 'NONE',  ( 1216.252208159000247, -16.34729926122698984, -25.34030998602429463 ) ) ;
#157 = CARTESIAN_POINT ( 'NONE',  ( 1217.315289620690919, -26.26716522255821218, -14.49265636253491607 ) ) ;
#158 = LINE ( 'NONE', #134, #2148 ) ;
#159 = AXIS2_PLACEMENT_3D ( 'NONE', #1433, #1076, #888 ) ;
#160 = CARTESIAN_POINT ( 'NONE',  ( 1210.423226182478402, 19.66122163866326744, -22.65924274364131463 ) ) ;
#161 = CARTESIAN_POINT ( 'NONE',  ( 1213.472454283311890, 22.96488614787886462, 19.30325950128817780 ) ) ;
#162 = CARTESIAN_POINT ( 'NONE',  ( 1219.061143178579869, -27.53790866266142956, 11.90225392865884224 ) ) ;
#163 = CARTESIAN_POINT ( 'NONE',  ( 1217.243108351115779, 17.93569903813678224, -33.13319221941111437 ) ) ;
#164 = AXIS2_PLACEMENT_3D ( 'NONE', #1577, #1772, #1215 ) ;
#165 = CARTESIAN_POINT ( 'NONE',  ( 1222.791239561590373, -29.88365577766852965, -2.728602477716480124 ) ) ;
#166 = CARTESIAN_POINT ( 'NONE',  ( 1227.701950603429850, -30.98455121859180039, 10.01349608680970071 ) ) ;
#167 = CARTESIAN_POINT ( 'NONE',  ( 0.000000000000000000, 0.000000000000000000, 0.000000000000000000 ) ) ;
#168 = EDGE_CURVE ( 'NONE', #1405, #2206, #2072, .T. ) ;
#169 = CARTESIAN_POINT ( 'NONE',  ( 1204.448385938733281, 8.975241427722330911, -28.63074050673400350 ) ) ;
#170 = CARTESIAN_POINT ( 'NONE',  ( 1218.534242904193206, -27.16777913482121320, -12.72638537251605406 ) ) ;
#171 = CARTESIAN_POINT ( 'NONE',  ( 1227.639964423839956, 30.93385889122069798, 10.25537986199579876 ) ) ;
#172 = CARTESIAN_POINT ( 'NONE',  ( 1214.880686710001100, 24.26717392893182534, -17.63834476371308568 ) ) ;
#173 = CARTESIAN_POINT ( 'NONE',  ( 1213.250715604161087, 22.74890595381008040, 19.55798949049534130 ) ) ;
#174 = CARTESIAN_POINT ( 'NONE',  ( 1213.863189173936462, -8.273646729804973177, -38.64287168473809686 ) ) ;
#175 = CARTESIAN_POINT ( 'NONE',  ( 1204.291953437559414, -8.533416297111951820, 28.77418492456440902 ) ) ;
#176 = CARTESIAN_POINT ( 'NONE',  ( 1220.679644697882168, 23.56847759795183705, -27.06014534854232423 ) ) ;
#177 = CARTESIAN_POINT ( 'NONE',  ( 1227.952115761630012, -31.18771964832539823, -8.998646175769899003 ) ) ;
#178 = CARTESIAN_POINT ( 'NONE',  ( 1217.507162864309066, -18.92676861679842659, 23.46468966113041077 ) ) ;
#179 = FACE_OUTER_BOUND ( 'NONE', #971, .T. ) ;
#180 = CARTESIAN_POINT ( 'NONE',  ( 1205.780272942568672, 12.33055050352710502, -27.34881624270571976 ) ) ;
#181 = CARTESIAN_POINT ( 'NONE',  ( 1222.895681640085058, -29.94178447897150974, -2.168192034863204665 ) ) ;
#182 = CARTESIAN_POINT ( 'NONE',  ( 1226.143533457524882, 29.64338495436222942, 15.06598978332113603 ) ) ;
#183 = CARTESIAN_POINT ( 'NONE',  ( 1212.736199878833077, 22.23428343197386425, 20.14164756957337232 ) ) ;
#184 = CARTESIAN_POINT ( 'NONE',  ( 1223.000000000000000, 30.00000000000000000, 2.530836802696770018E-15 ) ) ;
#185 = CARTESIAN_POINT ( 'NONE',  ( 1214.571922700389678, 11.77339480648590531, 27.76076719828937911 ) ) ;
#186 = CARTESIAN_POINT ( 'NONE',  ( 1213.269253860129993, -4.857454633617569684, 39.57871664106470178 ) ) ;
#187 = CARTESIAN_POINT ( 'NONE',  ( 1203.836404759182642, -6.849381582205151808, -29.21216521592710080 ) ) ;
#188 = CARTESIAN_POINT ( 'NONE',  ( 1225.369736218028720, 28.92350036761946797, -17.11315916878033150 ) ) ;
#189 = CARTESIAN_POINT ( 'NONE',  ( 1214.186332565220027, -10.31034237186240610, 28.30648890679281848 ) ) ;
#190 = CARTESIAN_POINT ( 'NONE',  ( 1253.000000000000000, 1.734723475976809934E-14, 0.000000000000000000 ) ) ;
#191 = CARTESIAN_POINT ( 'NONE',  ( 1207.732659920188325, 15.92668792264876210, -25.42433545208495005 ) ) ;
#192 = CARTESIAN_POINT ( 'NONE',  ( 1203.238332260910738, 3.766967427037792415, -29.77057363652198774 ) ) ;
#193 = CARTESIAN_POINT ( 'NONE',  ( 1222.596029606689854, 29.77256496745948056, -3.792350553664699309 ) ) ;
#194 = CARTESIAN_POINT ( 'NONE',  ( 1218.762508901565752, 20.68820558769155937, 30.52296134950889339 ) ) ;
#195 = CARTESIAN_POINT ( 'NONE',  ( 1219.871270768509021, 22.42062437456485924, -28.54754647417323099 ) ) ;
#196 = EDGE_CURVE ( 'NONE', #922, #1845, #2074, .T. ) ;
#197 = CARTESIAN_POINT ( 'NONE',  ( 1222.042119614729927, -25.36593246793169598, 24.47818930573430052 ) ) ;
#198 = FACE_OUTER_BOUND ( 'NONE', #945, .T. ) ;
#199 = CARTESIAN_POINT ( 'NONE',  ( 1203.022471610199773, 1.155625779605393033, -29.97894437667189749 ) ) ;
#200 = CARTESIAN_POINT ( 'NONE',  ( 1228.679042405480004, 31.75734357742419789, -5.057075647664611040 ) ) ;
#201 = CARTESIAN_POINT ( 'NONE',  ( 1222.348876443050813, 25.70312582457428618, 23.83462509780091665 ) ) ;
#202 = CARTESIAN_POINT ( 'NONE',  ( 1216.415855724844278, -25.56244066630215173, 15.70393560937980304 ) ) ;
#203 = CARTESIAN_POINT ( 'NONE',  ( 1218.733855009053286, 27.30893648222470915, 12.41861698881730192 ) ) ;
#204 = CARTESIAN_POINT ( 'NONE',  ( 1213.187829440920041, 3.986915928873020931, 39.70622350948149659 ) ) ;
#205 = CARTESIAN_POINT ( 'NONE',  ( 1214.251870414911991, 9.945253795946351616, 38.02611795744584811 ) ) ;
#206 = CARTESIAN_POINT ( 'NONE',  ( 1224.292983182309172, 27.85728797842581628, -19.69373523245609903 ) ) ;
#207 = CARTESIAN_POINT ( 'NONE',  ( 1214.038168921670149, -9.100983927194009837, 38.36606483032450399 ) ) ;
#208 = CARTESIAN_POINT ( 'NONE',  ( 1224.731483230329786, 28.52285762263887392, -9.422573645686570742 ) ) ;
#209 = CARTESIAN_POINT ( 'NONE',  ( 1203.780800932134980, 6.601357877937889640, -29.26470745968725851 ) ) ;
#210 = CARTESIAN_POINT ( 'NONE',  ( 1207.112694019166838, -14.89378704571368495, 26.04180009298828935 ) ) ;
#211 = PERSON_AND_ORGANIZATION ( #2120, #1842 ) ;
#212 = CARTESIAN_POINT ( 'NONE',  ( 1229.004729954509912, 32.00354670937080925, 0.1022155166706699980 ) ) ;
#213 = CARTESIAN_POINT ( 'NONE',  ( 1215.542807350783050, 14.03521412285574144, 35.94792162852542816 ) ) ;
#214 = CC_DESIGN_PERSON_AND_ORGANIZATION_ASSIGNMENT ( #2158, #267, ( #1144 ) ) ;
#215 = CARTESIAN_POINT ( 'NONE',  ( 1213.651519738840079, 7.251815203451680070, 38.97756199889380468 ) ) ;
#216 = CARTESIAN_POINT ( 'NONE',  ( 1214.529838913150570, 10.95808072398810218, 37.58230502670498652 ) ) ;
#217 = CARTESIAN_POINT ( 'NONE',  ( 1213.577935651435155, -6.778027974046710646, 39.09324341113035928 ) ) ;
#218 = CARTESIAN_POINT ( 'NONE',  ( 1203.041325447198460, -1.694679316810862257, 29.95553106742811877 ) ) ;
#219 = DIRECTION ( 'NONE',  ( 1.000000000000000000, 0.000000000000000000, 0.000000000000000000 ) ) ;
#220 = CARTESIAN_POINT ( 'NONE',  ( 1220.595285307766972, -28.55850758333881956, 9.187606365973019606 ) ) ;
#221 = CARTESIAN_POINT ( 'NONE',  ( 1223.934965095171492, 27.48224729122037147, 20.49488271803857486 ) ) ;
#222 = CARTESIAN_POINT ( 'NONE',  ( 1205.034598674949393, 10.68143931511850475, 28.06507259689341183 ) ) ;
#223 =( BOUNDED_CURVE ( )  B_SPLINE_CURVE ( 2, ( #2085, #1527, #2241 ),
 .UNSPECIFIED., .F., .F. ) 
 B_SPLINE_CURVE_WITH_KNOTS ( ( 3, 3 ),
 ( 3.385207948432710206E-07, 0.9999888184302099248 ),
 .UNSPECIFIED. ) 
 CURVE ( )  GEOMETRIC_REPRESENTATION_ITEM ( )  RATIONAL_B_SPLINE_CURVE ( ( 0.9999999651379869459, 0.9485088903306850838, 0.9999988484967370361 ) ) 
 REPRESENTATION_ITEM ( '' )  );
#224 = CARTESIAN_POINT ( 'NONE',  ( 1203.521769247583507, -5.414719226584352008, -29.50948560485177552 ) ) ;
#225 = CARTESIAN_POINT ( 'NONE',  ( 1227.798468857352646, -31.06529472057939145, -9.673977023050916557 ) ) ;
#226 = CARTESIAN_POINT ( 'NONE',  ( 1217.437985092880808, -18.31402398546654808, 32.80310798803159855 ) ) ;
#227 = CARTESIAN_POINT ( 'NONE',  ( 1224.255153907810154, -27.82253724996749966, 19.79055511762909703 ) ) ;
#228 = CARTESIAN_POINT ( 'NONE',  ( 1222.824116428228763, 26.53044512458720305, 14.14969397465560341 ) ) ;
#229 = CARTESIAN_POINT ( 'NONE',  ( 1222.905350284520637, 26.62123723021243293, -13.97576980797900426 ) ) ;
#230 = AXIS2_PLACEMENT_3D ( 'NONE', #2016, #1634, #1788 ) ;
#231 = ORIENTED_EDGE ( 'NONE', *, *, #2287, .T. ) ;
#232 = CARTESIAN_POINT ( 'NONE',  ( 1216.339897361290241, 16.54446354421270371, -25.21144055934632888 ) ) ;
#233 = CARTESIAN_POINT ( 'NONE',  ( 1224.997088232155647, 28.56288555197242118, 18.03491630279718549 ) ) ;
#234 = CARTESIAN_POINT ( 'NONE',  ( 1225.964615487829633, 29.67435814827499030, 4.553679805254283508 ) ) ;
#235 = CARTESIAN_POINT ( 'NONE',  ( 1210.204512256735370, -19.39222604735988753, -22.88980575270410256 ) ) ;
#236 = CARTESIAN_POINT ( 'NONE',  ( 1203.236166047648339, 3.677585014112040085, 29.77832094573692601 ) ) ;
#237 = CARTESIAN_POINT ( 'NONE',  ( 1226.344899689528120, -29.82458845401359326, 14.49639802177982872 ) ) ;
#238 = CARTESIAN_POINT ( 'NONE',  ( 1213.225041967086554, -4.281049956831171954, 39.64801493361680684 ) ) ;
#239 = CARTESIAN_POINT ( 'NONE',  ( 1228.897925007009917, 31.92339408250390065, -3.011565117892990084 ) ) ;
#240 = CARTESIAN_POINT ( 'NONE',  ( 1223.417841196070185, -26.93134571530420018, -21.63091099189500000 ) ) ;
#241 = ORIENTED_EDGE ( 'NONE', *, *, #841, .F. ) ;
#242 = CARTESIAN_POINT ( 'NONE',  ( 1203.351865673779912, -4.501842741892488675, -29.66373933727360779 ) ) ;
#243 = CARTESIAN_POINT ( 'NONE',  ( 1213.815649990365046, -23.29334267877516140, 18.90556136733064818 ) ) ;
#244 = CARTESIAN_POINT ( 'NONE',  ( 1224.926253406730211, 28.70919287857572044, 8.788668422555574011 ) ) ;
#245 = CARTESIAN_POINT ( 'NONE',  ( 1212.243731154347643, -21.72529328993679698, -20.69153457723854572 ) ) ;
#246 = CARTESIAN_POINT ( 'NONE',  ( 1217.402761683519429, 26.33383221720471568, -14.37112878079130951 ) ) ;
#247 = CARTESIAN_POINT ( 'NONE',  ( 1203.512376293111174, 5.365745944298454084, 29.51830949721542297 ) ) ;
#248 = CARTESIAN_POINT ( 'NONE',  ( 1226.569643761006319, -30.02405522323553200, -13.83973464310644452 ) ) ;
#249 = CARTESIAN_POINT ( 'NONE',  ( 1213.658648683660203, -7.228999993624218412, 38.96595820021229883 ) ) ;
#250 = EDGE_LOOP ( 'NONE', ( #1991, #1454, #1873, #403 ) ) ;
#251 = CARTESIAN_POINT ( 'NONE',  ( 1215.916304504130039, 15.01797710015480014, -35.33933172548959334 ) ) ;
#252 = ORIENTED_EDGE ( 'NONE', *, *, #908, .T. ) ;
#253 = CALENDAR_DATE ( 2026, 17, 8 ) ;
#254 = CARTESIAN_POINT ( 'NONE',  ( 1217.503938617700442, 18.92104145135763105, -23.46966097674402363 ) ) ;
#255 = CARTESIAN_POINT ( 'NONE',  ( 1213.469484467804250, -22.96614184742034936, 19.30848282692114282 ) ) ;
#256 = CARTESIAN_POINT ( 'NONE',  ( 1223.000000000000000, 30.00000000000000000, 2.530836802696770018E-15 ) ) ;
#257 = CARTESIAN_POINT ( 'NONE',  ( 1222.824116428228763, 26.53044512458720305, 14.14969397465560341 ) ) ;
#258 = CARTESIAN_POINT ( 'NONE',  ( 1207.554033617355572, -15.64276396473147912, -25.60335342249819135 ) ) ;
#259 = CARTESIAN_POINT ( 'NONE',  ( 1215.499728535870645, 24.80409289083298674, -16.87578868330313142 ) ) ;
#260 = CARTESIAN_POINT ( 'NONE',  ( 1211.038073305054240, 20.39197226168021615, 22.00496685308370459 ) ) ;
#261 = CARTESIAN_POINT ( 'NONE',  ( 1228.293195301740525, -31.45749228447884605, -7.334190607581271948 ) ) ;
#262 = FACE_OUTER_BOUND ( 'NONE', #932, .T. ) ;
#263 = CARTESIAN_POINT ( 'NONE',  ( 1211.694274276769420, -21.16487072075260301, -21.29745881252778616 ) ) ;
#264 = EDGE_CURVE ( 'NONE', #820, #1641, #488, .T. ) ;
#265 = ORIENTED_EDGE ( 'NONE', *, *, #1954, .F. ) ;
#266 = CARTESIAN_POINT ( 'NONE',  ( 1217.503938617700442, 18.92104145135763105, -23.46966097674402363 ) ) ;
#267 = PERSON_AND_ORGANIZATION_ROLE ( 'design_supplier' ) ;
#268 = CARTESIAN_POINT ( 'NONE',  ( 1202.994897167790214, 0.9258288190761110314, -29.99907029965729777 ) ) ;
#269 = VECTOR ( 'NONE', #1551, 1000.000000000000000 ) ;
#270 = CARTESIAN_POINT ( 'NONE',  ( 1213.843031524053004, -23.31919807826367474, 18.87366802136497057 ) ) ;
#271 = CARTESIAN_POINT ( 'NONE',  ( 1222.704980123514133, 29.83277345991901441, -3.163213170573178079 ) ) ;
#272 = CIRCLE ( 'NONE', #954, 47.50000000000000000 ) ;
#273 = CARTESIAN_POINT ( 'NONE',  ( 1226.302485531200318, 29.97313598589701655, 1.293586693062818593 ) ) ;
#274 = CARTESIAN_POINT ( 'NONE',  ( 1211.732868403571047, -21.17413521155870271, -21.25280790269068376 ) ) ;
#275 = CARTESIAN_POINT ( 'NONE',  ( 1221.446663842450107, 24.90112129736939295, 16.89205145804478292 ) ) ;
#276 = CARTESIAN_POINT ( 'NONE',  ( 1211.658376660873273, 21.09191908560877238, 21.33394733716718505 ) ) ;
#277 = CARTESIAN_POINT ( 'NONE',  ( 1216.251140366656728, -15.80487671023953311, -34.78752776991004936 ) ) ;
#278 = CARTESIAN_POINT ( 'NONE',  ( 1221.180302927429921, -24.27943974564179896, -26.14397394709969902 ) ) ;
#279 = CARTESIAN_POINT ( 'NONE',  ( 1277.999999999999773, 1.714505518806299963E-14, -47.50000000000000000 ) ) ;
#280 = EDGE_LOOP ( 'NONE', ( #231, #252 ) ) ;
#281 = CARTESIAN_POINT ( 'NONE',  ( 1217.526350906569860, 18.52336166630700021, -32.66008794132200421 ) ) ;
#282 = ORIENTED_EDGE ( 'NONE', *, *, #807, .T. ) ;
#283 = APPROVAL_DATE_TIME ( #605, #288 ) ;
#284 = CARTESIAN_POINT ( 'NONE',  ( 1223.977656009210023, -27.76634022414160796, -11.47490178191808674 ) ) ;
#285 = CARTESIAN_POINT ( 'NONE',  ( 1215.622545292762197, -24.90774513515868094, 16.72137399052902396 ) ) ;
#286 = CARTESIAN_POINT ( 'NONE',  ( 1213.640247016141529, -23.12649044533976195, -19.10950628198323287 ) ) ;
#287 = CARTESIAN_POINT ( 'NONE',  ( 1213.152289201410440, 3.932157204825377228, 29.77335229032957997 ) ) ;
#288 = APPROVAL ( #391, '未' ) ;
#289 = CARTESIAN_POINT ( 'NONE',  ( 1209.374841693420422, 18.32393059473565700, 23.75471038517798661 ) ) ;
#290 = CARTESIAN_POINT ( 'NONE',  ( 1218.411921885065112, -20.09377406359705631, -31.13371419410021801 ) ) ;
#291 = CARTESIAN_POINT ( 'NONE',  ( 1217.983669711373523, -19.33539585274493433, 31.87233879866673547 ) ) ;
#292 = CARTESIAN_POINT ( 'NONE',  ( 1205.230848728919909, -11.12364650411091027, -27.87517164883359300 ) ) ;
#293 = CARTESIAN_POINT ( 'NONE',  ( 1228.000000000000000, 2.020667218593138149E-14, -47.50000000000000000 ) ) ;
#294 = CARTESIAN_POINT ( 'NONE',  ( 1222.979651165640234, -29.99009459909561315, -0.8948535013693463824 ) ) ;
#295 = CARTESIAN_POINT ( 'NONE',  ( 1218.675961018459020, -27.27550449565008250, -12.51874390772209189 ) ) ;
#296 = CARTESIAN_POINT ( 'NONE',  ( 1222.596317033322748, 29.77063146459270371, -3.737533315362554731 ) ) ;
#297 = CARTESIAN_POINT ( 'NONE',  ( 1221.515486265933760, -29.13207593855089073, -7.171266347040193168 ) ) ;
#298 = CARTESIAN_POINT ( 'NONE',  ( 1213.021434168009819, 1.611446015092008466, 29.96266002961742103 ) ) ;
#299 = CARTESIAN_POINT ( 'NONE',  ( 1219.084164929102144, 27.55386037192166881, -11.86527877890036820 ) ) ;
#300 = CARTESIAN_POINT ( 'NONE',  ( 1209.956669196449639, 19.08128790247874562, 23.14974472902082070 ) ) ;
#301 = CARTESIAN_POINT ( 'NONE',  ( 1219.461469809054506, -21.79839844070423638, -29.28400416800938899 ) ) ;
#302 = CARTESIAN_POINT ( 'NONE',  ( 1207.719829931559616, -15.95825868831481742, -25.43522037551638704 ) ) ;
#303 = CARTESIAN_POINT ( 'NONE',  ( 1223.724546756915970, -27.25710343361430077, 20.95576852592469663 ) ) ;
#304 = CARTESIAN_POINT ( 'NONE',  ( 40.00000000000000000, 5.537824344698490392E-16, 0.000000000000000000 ) ) ;
#305 = CARTESIAN_POINT ( 'NONE',  ( 1220.133486402099379, -28.26431968966222641, -10.07691381055400193 ) ) ;
#306 =( BOUNDED_SURFACE ( )  B_SPLINE_SURFACE ( 3, 2, ( 
 ( #726, #2149, #1775 ),
 ( #525, #2293, #1948 ),
 ( #1388, #1784, #212 ),
 ( #696, #1600, #2115 ),
 ( #1057, #718, #1766 ),
 ( #193, #1077, #200 ),
 ( #8, #1421, #1413 ),
 ( #537, #548, #1610 ),
 ( #2135, #567, #900 ),
 ( #1579, #705, #392 ),
 ( #28, #375, #889 ),
 ( #556, #1044, #1242 ),
 ( #1755, #2104, #736 ),
 ( #1399, #1230, #1940 ),
 ( #384, #911, #1266 ),
 ( #354, #1087, #1795 ),
 ( #865, #1568, #1217 ),
 ( #1666, #1968, #426 ),
 ( #404, #1121, #1292 ),
 ( #1283, #254, #2170 ),
 ( #947, #2020, #2184 ),
 ( #1655, #232, #44 ),
 ( #757, #1110, #1274 ),
 ( #1098, #68, #1979 ),
 ( #453, #1458, #591 ),
 ( #81, #616, #1629 ),
 ( #959, #2004, #917 ),
 ( #795, #782, #1992 ),
 ( #606, #746, #1304 ),
 ( #1478, #439, #1822 ),
 ( #1802, #578, #1146 ),
 ( #1447, #2159, #2196 ),
 ( #1134, #1488, #1834 ),
 ( #268, #769, #94 ),
 ( #1466, #2207, #629 ),
 ( #415, #1316, #56 ),
 ( #1617, #925, #1812 ),
 ( #242, #935, #1643 ),
 ( #2039, #132, #1340 ),
 ( #2244, #1503, #2051 ),
 ( #320, #2257, #982 ),
 ( #996, #2230, #647 ),
 ( #819, #307, #330 ),
 ( #515, #1020, #805 ),
 ( #1008, #639, #832 ),
 ( #1856, #1872, #658 ),
 ( #107, #2219, #1541 ),
 ( #503, #156, #1350 ),
 ( #1530, #2064, #1193 ),
 ( #466, #1894, #478 ),
 ( #1692, #1517, #852 ),
 ( #1731, #1168, #2079 ),
 ( #492, #1375, #1156 ),
 ( #1327, #1181, #1883 ),
 ( #1716, #145, #843 ),
 ( #295, #2090, #672 ),
 ( #1846, #1364, #120 ),
 ( #1555, #284, #2270 ),
 ( #972, #1679, #1028 ),
 ( #2277, #884, #1751 ),
 ( #2100, #1880, #1538 ),
 ( #1005, #668, #177 ),
 ( #1713, #1053, #2267 ),
 ( #349, #1585, #1360 ),
 ( #165, #2076, #1213 ),
 ( #1226, #2254, #500 ),
 ( #1575, #681, #2289 ),
 ( #1912, #2086, #1924 ),
 ( #533, #702, #1190 ),
 ( #362, #713, #1408 ),
 ( #1727, #153, #512 ),
 ( #1964, #397, #1249 ),
 ( #1084, #1975, #2178 ),
 ( #13, #920, #2142 ),
 ( #2165, #1261, #410 ),
 ( #1955, #36, #1441 ),
 ( #1093, #1637, #2153 ),
 ( #722, #1791, #51 ),
 ( #1416, #1062, #227 ),
 ( #1625, #753, #1452 ),
 ( #586, #1105, #1549 ),
 ( #498, #860, #653 ),
 ( #1562, #2275, #690 ),
 ( #700, #1357, #1573 ),
 ( #2250, #2058, #2098 ),
 ( #2265, #838, #521 ),
 ( #510, #1724, #1050 ),
 ( #1889, #1015, #664 ),
 ( #1038, #679, #2071 ),
 ( #1371, #1199, #1210 ),
 ( #1910, #345, #1393 ),
 ( #486, #1749, #1175 ),
 ( #175, #869, #2109 ),
 ( #2286, #531, #1223 ),
 ( #1877, #1921, #186 ),
 ( #881, #2239, #316 ),
 ( #1536, #1960, #894 ),
 ( #569, #1423, #1920 ),
 ( #10, #386, #1943 ),
 ( #377, #1797, #1777 ),
 ( #2139, #359, #204 ),
 ( #1080, #1404, #903 ),
 ( #2121, #1787, #215 ),
 ( #1437, #543, #748 ),
 ( #222, #530, #1620 ),
 ( #47, #1222, #1049 ),
 ( #1760, #185, #880 ),
 ( #1236, #1932, #1983 ),
 ( #1468, #1715, #608 ),
 ( #2187, #2161, #929 ),
 ( #2063, #842, #1349 ),
 ( #581, #1276, #1657 ),
 ( #491, #1295, #1124 ),
 ( #83, #1970, #1994 ),
 ( #1824, #785, #70 ),
 ( #1285, #1491, #1306 ),
 ( #406, #257, #417 ),
 ( #1632, #2008, #59 ),
 ( #1645, #319, #144 ),
 ( #1814, #595, #1112 ),
 ( #428, #244, #949 ),
 ( #937, #771, #1480 ),
 ( #657, #1668, #1100 ),
 ( #1805, #234, #442 ),
 ( #2199, #761, #2173 ),
 ( #618, #1136, #1460 ),
 ( #1836, #273, #796 ),
 ( #961, #1180, #96 ) ),
 .UNSPECIFIED., .T., .F., .T. ) 
 B_SPLINE_SURFACE_WITH_KNOTS ( ( 4, 1, 1, 1, 1, 1, 1, 1, 1, 1, 1, 1, 1, 1, 1, 1, 1, 1, 1, 1, 1, 1, 1, 1, 1, 1, 1, 1, 1, 1, 1, 1, 1, 1, 1, 1, 1, 1, 1, 1, 1, 1, 1, 1, 1, 1, 1, 1, 1, 1, 1, 1, 1, 1, 1, 1, 1, 1, 1, 1, 1, 1, 1, 1, 1, 1, 1, 1, 1, 1, 1, 1, 1, 1, 1, 1, 1, 1, 1, 1, 1, 1, 1, 1, 1, 1, 1, 1, 1, 1, 1, 1, 1, 1, 1, 1, 1, 1, 1, 1, 1, 1, 1, 1, 1, 1, 1, 1, 1, 1, 1, 1, 1, 1, 1, 1, 1, 1, 1, 1, 1, 1, 1, 1, 1, 4 ),
 ( 3, 3 ),
 ( 0.000000000000000000, 0.001036414726275449978, 0.002072829452550899957, 0.004145658905101789506, 0.006218488357652689896, 0.008291317810203591154, 0.009327732536479031375, 0.01036414726275449935, 0.01243697671530540061, 0.01450980616785630013, 0.01658263562040719966, 0.01865546507295809744, 0.02072829452550899870, 0.02280112397805989996, 0.02487395343061079775, 0.02901961233571260027, 0.03109244178826340091, 0.03316527124081430217, 0.03523810069336519996, 0.03731093014591609774, 0.03938375959846699553, 0.04145658905101790026, 0.04560224795611969584, 0.04767507740867060056, 0.04974790686122149835, 0.05182073631377240308, 0.05389356576632330087, 0.05803922467142510339, 0.06011205412397600117, 0.06114846885025140150, 0.06218488357652690590, 0.06425771302907778981, 0.06633054248162870148, 0.06840337193417959927, 0.07047620138673049706, 0.07254903083928139484, 0.07358544556555679517, 0.07462186029183230651, 0.07669468974438320430, 0.07876751919693410209, 0.08084034864948499988, 0.08291317810203589767, 0.08498600755458679545, 0.08705883700713769324, 0.09120449591223940555, 0.09327732536479030334, 0.09535015481734120113, 0.09742298426989211280, 0.09949581372244301058, 0.1036414726275450005, 0.1077871315326469903, 0.1098599609851979991, 0.1119327904377479949, 0.1140056198902990037, 0.1160784493428499986, 0.1181512787954010074, 0.1202241082479520023, 0.1212605229742270002, 0.1222969377005029973, 0.1233333524267779951, 0.1243697671530540061, 0.1264425966056050010, 0.1285154260581559960, 0.1305882555107059917, 0.1316246702369819888, 0.1326610849632570144, 0.1336974996895329837, 0.1347339144158079816, 0.1368067438683590042, 0.1388795733209099992, 0.1409524027734609941, 0.1430252322260119890, 0.1440616469522870147, 0.1450980616785629840, 0.1471708911311140067, 0.1492437205836650016, 0.1533893794887659923, 0.1554622089413170150, 0.1575350383938680099, 0.1616806972989699998, 0.1658263562040719896, 0.1678991856566230123, 0.1699720151091740072, 0.1720448445617239752, 0.1741176740142749979, 0.1782633329193769878, 0.1803361623719279827, 0.1824089918244790054, 0.1844818212770300003, 0.1855182360033049982, 0.1865546507295809953, 0.1886274801821319902, 0.1907003096346820137, 0.1948459685397840035, 0.1969187979923349985, 0.1979552127186109955, 0.1989916274448860212, 0.2010644568974370161, 0.2031372863499880110, 0.2052101158025390060, 0.2072829452550900009, 0.2093557747076409958, 0.2114286041601909916, 0.2155742630652929814, 0.2176470925178439764, 0.2197199219703949991, 0.2238655808754970167, 0.2280112397805990065, 0.2300840692331500015, 0.2321568986856999972, 0.2363025575908019871, 0.2404482164959040047, 0.2425210459484549996, 0.2445938754010059946, 0.2466667048535569895, 0.2487395343061080122, 0.2508123637586580079, 0.2528851932112090029, 0.2549580226637599978, 0.2559944373900360226, 0.2570308521163109927, 0.2591036815688619876, 0.2611765110214129826, 0.2632493404739639775, 0.2642857552002390031, 0.2653221699265149724 ),
 ( -0.0004313260864965319931, 1.000000000000000000 ),
 .UNSPECIFIED. ) 
 GEOMETRIC_REPRESENTATION_ITEM ( )  RATIONAL_B_SPLINE_SURFACE ( (
 ( 1.000044438588620022, 0.9484860874273119968, 1.000000000000000000),
 ( 1.000044346812329898, 0.9485924759503400194, 1.000000000000000000),
 ( 1.000044247226099969, 0.9487079178819870506, 1.000000000000000000),
 ( 1.000044380457460136, 0.9485534739843490826, 1.000000000000000000),
 ( 1.000045158560040059, 0.9476514852102350117, 1.000000000000000000),
 ( 1.000047042441370104, 0.9454676602703000476, 1.000000000000000000),
 ( 1.000049383435449801, 0.9427539430214940674, 1.000000000000000000),
 ( 1.000051711808910060, 0.9400548557955179518, 1.000000000000000000),
 ( 1.000054302605349887, 0.9370515637121220598, 1.000000000000000000),
 ( 1.000058019497649830, 0.9327428835577189492, 1.000000000000000000),
 ( 1.000063188150019933, 0.9267513002329869076, 1.000000000000000000),
 ( 1.000069024417840069, 0.9199858065614060498, 1.000000000000000000),
 ( 1.000075486358150023, 0.9124950234683989470, 1.000000000000000000),
 ( 1.000082569337849892, 0.9042843217269059819, 1.000000000000000000),
 ( 1.000090126350099862, 0.8955241139762130098, 1.000000000000000000),
 ( 1.000100768372099935, 0.8831877142887399890, 1.000000000000000000),
 ( 1.000112196075219950, 0.8699405406554699960, 1.000000000000000000),
 ( 1.000124274786790002, 0.8559387077636829710, 1.000000000000000000),
 ( 1.000133627003240155, 0.8450974710005989543, 1.000000000000000000),
 ( 1.000143227958399939, 0.8339678924080620170, 1.000000000000000000),
 ( 1.000153064796910130, 0.8225648741200659586, 1.000000000000000000),
 ( 1.000162925443909945, 0.8111342566394870168, 1.000000000000000000),
 ( 1.000176022561169997, 0.7959518718216649358, 1.000000000000000000),
 ( 1.000188919045490010, 0.7810020638608109467, 1.000000000000000000),
 ( 1.000201308969860037, 0.7666394681837660485, 1.000000000000000000),
 ( 1.000210259158879955, 0.7562642679642240795, 1.000000000000000000),
 ( 1.000218751969500053, 0.7464192679899360749, 1.000000000000000000),
 ( 1.000229097074880169, 0.7344270587279149165, 1.000000000000000000),
 ( 1.000237856577069984, 0.7242729056828969281, 1.000000000000000000),
 ( 1.000243777566479864, 0.7174092013990660543, 1.000000000000000000),
 ( 1.000246610811809989, 0.7141248587394449787, 1.000000000000000000),
 ( 1.000249062837929914, 0.7112824314063199704, 1.000000000000000000),
 ( 1.000251329670349909, 0.7086546835207510053, 1.000000000000000000),
 ( 1.000252758595490121, 0.7069982509692310790, 1.000000000000000000),
 ( 1.000252885607750164, 0.7068510163538920255, 1.000000000000000000),
 ( 1.000251708548499874, 0.7082154819927869438, 1.000000000000000000),
 ( 1.000249649202559876, 0.7106027082825370211, 1.000000000000000000),
 ( 1.000247356070540050, 0.7132609430753449331, 1.000000000000000000),
 ( 1.000244669815010035, 0.7163748928314900288, 1.000000000000000000),
 ( 1.000240610015440179, 0.7210810765126169919, 1.000000000000000000),
 ( 1.000234715484469961, 0.7279141097498539326, 1.000000000000000000),
 ( 1.000227896613000045, 0.7358186530657870872, 1.000000000000000000),
 ( 1.000220250056119919, 0.7446826623558989722, 1.000000000000000000),
 ( 1.000211863782800137, 0.7544041626103570319, 1.000000000000000000),
 ( 1.000200052682099994, 0.7680957767606190201, 1.000000000000000000),
 ( 1.000187458349370173, 0.7826953258374140798, 1.000000000000000000),
 ( 1.000174448083100076, 0.7977770316270419437, 1.000000000000000000),
 ( 1.000164526435540102, 0.8092783619011439944, 1.000000000000000000),
 ( 1.000154624152910010, 0.8207572440534690594, 1.000000000000000000),
 ( 1.000141583993449990, 0.8358736024935090603, 1.000000000000000000),
 ( 1.000125687882349901, 0.8543006251141880281, 1.000000000000000000),
 ( 1.000110628016050107, 0.8717582595759630903, 1.000000000000000000),
 ( 1.000099228493810166, 0.8849727654872210358, 1.000000000000000000),
 ( 1.000091154086489853, 0.8943327457555840798, 1.000000000000000000),
 ( 1.000083562825459849, 0.9031326552231749849, 1.000000000000000000),
 ( 1.000076487581940121, 0.9113343890712090056, 1.000000000000000000),
 ( 1.000069958664500103, 0.9189028131038340375, 1.000000000000000000),
 ( 1.000065003133010055, 0.9246473433439589273, 1.000000000000000000),
 ( 1.000061353547230025, 0.9288780007150130302, 1.000000000000000000),
 ( 1.000058776365989832, 0.9318655098404319270, 1.000000000000000000),
 ( 1.000056382761739915, 0.9346402136225020474, 1.000000000000000000),
 ( 1.000053461250480114, 0.9380268755469940434, 1.000000000000000000),
 ( 1.000050315631950015, 0.9416733261364689245, 1.000000000000000000),
 ( 1.000047390275709880, 0.9450644452092309411, 1.000000000000000000),
 ( 1.000045697891289942, 0.9470262839132710386, 1.000000000000000000),
 ( 1.000044817945800135, 0.9480463305997820500, 1.000000000000000000),
 ( 1.000044407745110053, 0.9485218417159629878, 1.000000000000000000),
 ( 1.000044247811979981, 0.9487072387122029715, 1.000000000000000000),
 ( 1.000044370913429903, 0.9485645375693799730, 1.000000000000000000),
 ( 1.000045150268290106, 0.9476610971361449920, 1.000000000000000000),
 ( 1.000047032031249783, 0.9454797278442510500, 1.000000000000000000),
 ( 1.000049820513550181, 0.9422472751956780801, 1.000000000000000000),
 ( 1.000052867268219847, 0.9387154291478589929, 1.000000000000000000),
 ( 1.000055732732660019, 0.9353937375890569728, 1.000000000000000000),
 ( 1.000058845655770190, 0.9317851880391510022, 1.000000000000000000),
 ( 1.000063169756409964, 0.9267726223955680132, 1.000000000000000000),
 ( 1.000070948044309960, 0.9177559084291430080, 1.000000000000000000),
 ( 1.000079930933839956, 0.9073428012556900013, 1.000000000000000000),
 ( 1.000089986186010194, 0.8956865943979689382, 1.000000000000000000),
 ( 1.000100739736579980, 0.8832209090336360369, 1.000000000000000000),
 ( 1.000115095902269990, 0.8665790154168020454, 1.000000000000000000),
 ( 1.000130452584450103, 0.8487773073116289257, 1.000000000000000000),
 ( 1.000143180078910010, 0.8340233950687530040, 1.000000000000000000),
 ( 1.000152905056759911, 0.8227500474175999390, 1.000000000000000000),
 ( 1.000162756397199981, 0.8113302182496709980, 1.000000000000000000),
 ( 1.000176012381710056, 0.7959636720053909764, 1.000000000000000000),
 ( 1.000188967771699966, 0.7809455796741399114, 1.000000000000000000),
 ( 1.000201340669420125, 0.7666027215622340796, 1.000000000000000000),
 ( 1.000210236021449983, 0.7562910892372119998, 1.000000000000000000),
 ( 1.000217249821140131, 0.7481605820470520474, 1.000000000000000000),
 ( 1.000222565162530053, 0.7419989545104390682, 1.000000000000000000),
 ( 1.000227669991510027, 0.7360813562689410006, 1.000000000000000000),
 ( 1.000233514342780072, 0.7293064921348929586, 1.000000000000000000),
 ( 1.000241616494629948, 0.7199143499670399571, 1.000000000000000000),
 ( 1.000247666700379900, 0.7129008560655629712, 1.000000000000000000),
 ( 1.000250867560860124, 0.7091903681259960068, 1.000000000000000000),
 ( 1.000252051148249999, 0.7078183349611270048, 1.000000000000000000),
 ( 1.000252786969569874, 0.7069653592960110089, 1.000000000000000000),
 ( 1.000252879116489968, 0.7068585411294759924, 1.000000000000000000),
 ( 1.000251682564810007, 0.7082456026957349993, 1.000000000000000000),
 ( 1.000249206207379782, 0.7111162352720349356, 1.000000000000000000),
 ( 1.000245487931920030, 0.7154265188159890654, 1.000000000000000000),
 ( 1.000240557695099897, 0.7211417270757699560, 1.000000000000000000),
 ( 1.000232646439309869, 0.7303125795194870262, 1.000000000000000000),
 ( 1.000222930960520173, 0.7415749157078189713, 1.000000000000000000),
 ( 1.000211833529500050, 0.7544392327108339069, 1.000000000000000000),
 ( 1.000199913714530098, 0.7682568701576659720, 1.000000000000000000),
 ( 1.000184129942399913, 0.7865536676765370050, 1.000000000000000000),
 ( 1.000167739766279817, 0.8055534182452149805, 1.000000000000000000),
 ( 1.000154533541379953, 0.8208622823687230508, 1.000000000000000000),
 ( 1.000141391247590050, 0.8360970365404559734, 1.000000000000000000),
 ( 1.000125483595829978, 0.8545374372650249573, 1.000000000000000000),
 ( 1.000110475945090061, 0.8719345426216760231, 1.000000000000000000),
 ( 1.000099168422420082, 0.8850424011878810227, 1.000000000000000000),
 ( 1.000091056963799963, 0.8944453319040169825, 1.000000000000000000),
 ( 1.000083406659239893, 0.9033136855768549855, 1.000000000000000000),
 ( 1.000076313959470165, 0.9115356549706430389, 1.000000000000000000),
 ( 1.000069788205240062, 0.9191004121641930258, 1.000000000000000000),
 ( 1.000063867713489874, 0.9259635395435309446, 1.000000000000000000),
 ( 1.000059469498250087, 0.9310620200030940152, 1.000000000000000000),
 ( 1.000056298591170068, 0.9347377854851200984, 1.000000000000000000),
 ( 1.000053364200709893, 0.9381393771644810364, 1.000000000000000000),
 ( 1.000050222095330010, 0.9417817552589150543, 1.000000000000000000),
 ( 1.000047320635850001, 0.9451451728394399954, 1.000000000000000000),
 ( 1.000045655991410154, 0.9470748549206200462, 1.000000000000000000),
 ( 1.000044797883839820, 0.9480695867438230229, 1.000000000000000000),
 ( 1.000044530364910145, 0.9483796989042849734, 1.000000000000000000),
 ( 1.000044438588620022, 0.9484860874273119968, 1.000000000000000000) ) ) 
 REPRESENTATION_ITEM ( '' )  SURFACE ( )  );
#307 = CARTESIAN_POINT ( 'NONE',  ( 1213.842977933890324, -8.802044915261516778, -28.79170695306608252 ) ) ;
#308 = VERTEX_POINT ( 'NONE', #1899 ) ;
#309 = CARTESIAN_POINT ( 'NONE',  ( 1222.695275257270623, 29.82722511775216745, -3.215104250627115245 ) ) ;
#310 = CIRCLE ( 'NONE', #230, 24.99999999999991118 ) ;
#311 = CARTESIAN_POINT ( 'NONE',  ( 1221.824422939047054, -29.31803173604551915, -6.360290372923056879 ) ) ;
#312 = CARTESIAN_POINT ( 'NONE',  ( 1217.837701897910165, 26.66906876272020455, 13.76344965872478809 ) ) ;
#313 = CARTESIAN_POINT ( 'NONE',  ( 1206.962071961347647, 14.62999027420978315, 26.19090730488820640 ) ) ;
#314 = CARTESIAN_POINT ( 'NONE',  ( 1225.349951972851841, -28.90475477256173775, -17.16371188055501307 ) ) ;
#315 = CARTESIAN_POINT ( 'NONE',  ( 1204.208793784360296, -8.261869678741396328, -28.85328959858551556 ) ) ;
#316 = CARTESIAN_POINT ( 'NONE',  ( 1213.100187619019835, -2.924370113495080137, 39.84337047935400733 ) ) ;
#317 = CARTESIAN_POINT ( 'NONE',  ( 1212.999996819929947, -8.395508520243090280E-12, -40.00000000000280664 ) ) ;
#318 = CARTESIAN_POINT ( 'NONE',  ( 1224.369443805690253, -28.16264786139433340, -10.43234613179910220 ) ) ;
#319 = CARTESIAN_POINT ( 'NONE',  ( 1224.095768761169438, 27.88926256451958352, 11.18457548543791624 ) ) ;
#320 = CARTESIAN_POINT ( 'NONE',  ( 1204.208793784360296, -8.261869678741396328, -28.85328959858551556 ) ) ;
#321 = CARTESIAN_POINT ( 'NONE',  ( 1220.370848891853484, -28.41447556368857974, -9.624988251055087929 ) ) ;
#322 = CARTESIAN_POINT ( 'NONE',  ( 1224.573393626528969, 28.36638908348719212, 9.871588051963421151 ) ) ;
#323 = CARTESIAN_POINT ( 'NONE',  ( 1215.307141740308452, 24.63892662038855974, 17.11500224830084349 ) ) ;
#324 = CARTESIAN_POINT ( 'NONE',  ( 1221.875660093139459, -29.34864102296187127, 6.217654112339625172 ) ) ;
#325 = CARTESIAN_POINT ( 'NONE',  ( 1217.998796606883388, -19.36276380153919874, 31.84636496753444490 ) ) ;
#326 = CARTESIAN_POINT ( 'NONE',  ( 1221.245077659803883, 28.96655814220000735, 7.812660567968539027 ) ) ;
#327 = CARTESIAN_POINT ( 'NONE',  ( 1215.398357979980346, 13.64376687636435825, -36.18278447997828096 ) ) ;
#328 = CARTESIAN_POINT ( 'NONE',  ( 1225.999224903390086, -29.70528869211410239, 4.343529194886149192 ) ) ;
#329 = DIRECTION ( 'NONE',  ( 0.000000000000000000, 1.000000000000000000, 0.000000000000000000 ) ) ;
#330 = CARTESIAN_POINT ( 'NONE',  ( 1214.789102548929804, -11.86363362732260107, -37.16768220369910125 ) ) ;
#331 = CARTESIAN_POINT ( 'NONE',  ( 1220.817044469225266, -28.70037890547955683, -8.749985959806927838 ) ) ;
#332 = CARTESIAN_POINT ( 'NONE',  ( 1225.257459281299134, 29.02524998101380405, 7.682698587220525788 ) ) ;
#333 = CARTESIAN_POINT ( 'NONE',  ( 1213.869757932395487, 23.34442035582971897, -18.84246216417843200 ) ) ;
#334 = CARTESIAN_POINT ( 'NONE',  ( 1216.414653880628066, 25.56145984879302446, 15.70546774832236636 ) ) ;
#335 = CARTESIAN_POINT ( 'NONE',  ( 1212.999996819929947, -8.395508520243090280E-12, -40.00000000000280664 ) ) ;
#336 = CARTESIAN_POINT ( 'NONE',  ( 1212.999999999999773, 1.252525768328717870, -40.00000000000279954 ) ) ;
#337 = CARTESIAN_POINT ( 'NONE',  ( 1222.198152528671471, -29.54221899134589790, 5.293976796361154591 ) ) ;
#338 = DIRECTION ( 'NONE',  ( 0.000000000000000000, 1.000000000000000000, 0.000000000000000000 ) ) ;
#339 = CARTESIAN_POINT ( 'NONE',  ( 1203.088302054598444, 2.232167292695388383, -29.91714574242438474 ) ) ;
#340 = VERTEX_POINT ( 'NONE', #511 ) ;
#341 = CARTESIAN_POINT ( 'NONE',  ( 1226.315405581056666, 29.79832915114056391, 14.58203029817546970 ) ) ;
#342 = CARTESIAN_POINT ( 'NONE',  ( 1212.166067515950772, 21.64104362074370158, -20.77665610536978846 ) ) ;
#343 = CARTESIAN_POINT ( 'NONE',  ( 1218.631632401538354, 27.23661138210316679, 12.57663539849175294 ) ) ;
#344 = CARTESIAN_POINT ( 'NONE',  ( 1219.404303223944908, -27.77374627898841553, 11.34169595962083044 ) ) ;
#345 = CARTESIAN_POINT ( 'NONE',  ( 1213.772941963439507, -8.426227682249097128, 28.89076842863739714 ) ) ;
#346 = CIRCLE ( 'NONE', #2112, 24.99999999999991118 ) ;
#347 = CARTESIAN_POINT ( 'NONE',  ( 1213.000000000000227, 2.399996813026572973, 40.00000199148991697 ) ) ;
#348 = CARTESIAN_POINT ( 'NONE',  ( 1219.407798212437456, 21.71605101849072028, -29.38010227197178992 ) ) ;
#349 = CARTESIAN_POINT ( 'NONE',  ( 1222.545844366119582, -29.74378008567578391, -4.011679841294081506 ) ) ;
#350 = CARTESIAN_POINT ( 'NONE',  ( 1220.811681484550036, -23.77245696116629858, 26.82635998775419850 ) ) ;
#351 = DIRECTION ( 'NONE',  ( 0.000000000000000000, 0.000000000000000000, 1.000000000000000000 ) ) ;
#352 = CARTESIAN_POINT ( 'NONE',  ( 1206.299445248471102, 13.39865590515899285, -26.84280955778525168 ) ) ;
#353 = UNCERTAINTY_MEASURE_WITH_UNIT (LENGTH_MEASURE( 1.000000000000000082E-05 ), #580, 'distance_accuracy_value', 'NONE');
#354 = CARTESIAN_POINT ( 'NONE',  ( 1215.841498377748849, 25.11102889441900388, -16.46042919697330476 ) ) ;
#355 = DIRECTION ( 'NONE',  ( -1.000000000000000000, 0.000000000000000000, 0.000000000000000000 ) ) ;
#356 = CARTESIAN_POINT ( 'NONE',  ( 1214.098195306438811, 23.55834297068085803, -18.57488559569732445 ) ) ;
#357 = CARTESIAN_POINT ( 'NONE',  ( 1214.417007393472659, 23.85129958574959375, 18.19658033167169364 ) ) ;
#358 = CARTESIAN_POINT ( 'NONE',  ( 1221.916060069009745, -29.37272295923028409, 6.103354352039948694 ) ) ;
#359 = CARTESIAN_POINT ( 'NONE',  ( 1213.071911581399718, 2.761293652295607082, 29.88937934670516938 ) ) ;
#360 = CARTESIAN_POINT ( 'NONE',  ( 1203.965625239743758, -7.352075264326829895, -29.08981545258408019 ) ) ;
#361 = CARTESIAN_POINT ( 'NONE',  ( 1221.616809877591777, 24.80425870584294046, -25.27957083479115852 ) ) ;
#362 = CARTESIAN_POINT ( 'NONE',  ( 1222.870872866579930, -29.92888405720589162, 2.250704030544508960 ) ) ;
#363 = CARTESIAN_POINT ( 'NONE',  ( 1213.238064993280659, -4.935768710996208952, 29.64993130024650014 ) ) ;
#364 = CYLINDRICAL_SURFACE ( 'NONE', #1622, 30.00000000000000000 ) ;
#365 = CARTESIAN_POINT ( 'NONE',  ( 1204.662744178870071, 9.590367395423674779, -28.42579507068041522 ) ) ;
#366 = CARTESIAN_POINT ( 'NONE',  ( 1207.155522870054710, -14.96783064466143465, 25.99933663665349926 ) ) ;
#367 = CARTESIAN_POINT ( 'NONE',  ( 1222.398933761155604, -29.65672634039880506, -4.532806096911792260 ) ) ;
#368 = CARTESIAN_POINT ( 'NONE',  ( 1253.000000000000000, 1.714505518806299963E-14, 40.00000000000000000 ) ) ;
#369 = CARTESIAN_POINT ( 'NONE',  ( 1222.999974251360072, -30.00000000000000000, -1.699661669294389822E-14 ) ) ;
#370 = CARTESIAN_POINT ( 'NONE',  ( 1221.565286634041286, 29.16202362755663557, 7.041064604359760004 ) ) ;
#371 = CARTESIAN_POINT ( 'NONE',  ( 1225.233543531448504, 28.79295020857668064, -17.45487195089127752 ) ) ;
#372 = CARTESIAN_POINT ( 'NONE',  ( 1222.463244968959543, -26.13051206440991692, 14.92334266616009941 ) ) ;
#373 = LINE ( 'NONE', #851, #1742 ) ;
#374 = CARTESIAN_POINT ( 'NONE',  ( 1205.947775219860205, 12.68653168359292138, -27.18597836126068046 ) ) ;
#375 = CARTESIAN_POINT ( 'NONE',  ( 1224.168354539440088, 27.96304680534440479, -10.99560952870029595 ) ) ;
#376 = CARTESIAN_POINT ( 'NONE',  ( 1219.355208713766615, 21.63402355016113177, 29.47379677352905247 ) ) ;
#377 = CARTESIAN_POINT ( 'NONE',  ( 1203.065471410181090, 2.196075457874510750, 29.93289790249290405 ) ) ;
#378 = CARTESIAN_POINT ( 'NONE',  ( 1218.141619206286805, 19.61878721568533734, -31.60070816472835276 ) ) ;
#379 = CARTESIAN_POINT ( 'NONE',  ( 1214.657179447470071, -11.40329606926369976, 37.37861039639579985 ) ) ;
#380 = AXIS2_PLACEMENT_3D ( 'NONE', #304, #1854, #2253 ) ;
#381 = CARTESIAN_POINT ( 'NONE',  ( 1228.982299313899830, 31.98671683297370194, 1.152406617117370136 ) ) ;
#382 = CC_DESIGN_PERSON_AND_ORGANIZATION_ASSIGNMENT ( #2183, #1097, ( #1144 ) ) ;
#383 = CARTESIAN_POINT ( 'NONE',  ( 1208.878839444936148, 17.64262018307152502, -24.26437264817231920 ) ) ;
#384 = CARTESIAN_POINT ( 'NONE',  ( 1217.049357695579602, 26.07187874598142940, -14.86319168748529229 ) ) ;
#385 = CARTESIAN_POINT ( 'NONE',  ( 1223.294855456824052, 26.79031739493307285, 21.88393942183421004 ) ) ;
#386 = CARTESIAN_POINT ( 'NONE',  ( 1212.997937966750669, 0.4725718125312229345, 29.99690529705451425 ) ) ;
#387 = CARTESIAN_POINT ( 'NONE',  ( 1227.982934680199605, -31.21143967069456338, 8.830590184943819310 ) ) ;
#388 = DIRECTION ( 'NONE',  ( 1.000000000000000000, 1.384456086174630086E-17, 0.000000000000000000 ) ) ;
#389 = CARTESIAN_POINT ( 'NONE',  ( 1213.103798413269715, -3.371734561566088306, 29.84316893577933172 ) ) ;
#390 = CARTESIAN_POINT ( 'NONE',  ( 1224.242253922389864, 27.80912569370570253, -19.81951705519160001 ) ) ;
#391 = APPROVAL_STATUS ( 'not_yet_approved' ) ;
#392 = CARTESIAN_POINT ( 'NONE',  ( 1227.450926101529831, 30.77983144275359706, -10.99918456807079892 ) ) ;
#393 = CARTESIAN_POINT ( 'NONE',  ( 1213.924388351109201, 8.554431438878273397, 38.54601161703380541 ) ) ;
#394 = CARTESIAN_POINT ( 'NONE',  ( 1203.014823678776338, 1.053328139148648868, 29.98613929543288492 ) ) ;
#395 = CARTESIAN_POINT ( 'NONE',  ( 1228.079755228436625, -31.28884807904431398, 8.395347119263982805 ) ) ;
#396 = CARTESIAN_POINT ( 'NONE',  ( 1216.667045794629757, -16.73073243467734983, 34.09736767329870588 ) ) ;
#397 = CARTESIAN_POINT ( 'NONE',  ( 1225.667896045069256, -29.40615626425468676, 6.068165144107329212 ) ) ;
#398 = CARTESIAN_POINT ( 'NONE',  ( 1212.994486862569829, 0.6890688443262250606, 40.00861370547949747 ) ) ;
#399 = EDGE_CURVE ( 'NONE', #1651, #1132, #2022, .T. ) ;
#400 = ORIENTED_EDGE ( 'NONE', *, *, #402, .F. ) ;
#401 = CARTESIAN_POINT ( 'NONE',  ( 1225.448844133690272, 29.20320587907200149, -6.939804959530963657 ) ) ;
#402 = EDGE_CURVE ( 'NONE', #1096, #1475, #956, .T. ) ;
#403 = ORIENTED_EDGE ( 'NONE', *, *, #1888, .F. ) ;
#404 = CARTESIAN_POINT ( 'NONE',  ( 1212.459093165508875, 21.96479499230679266, -20.44982766488791270 ) ) ;
#405 = CARTESIAN_POINT ( 'NONE',  ( 1224.913401745126748, 28.48059775916656378, 18.23710131287967684 ) ) ;
#406 = CARTESIAN_POINT ( 'NONE',  ( 1218.697329374129595, 27.29062408052110200, 12.48591792064109640 ) ) ;
#407 = CARTESIAN_POINT ( 'NONE',  ( 1211.871093032507360, -21.32456183861236099, -21.10141326160011133 ) ) ;
#408 = CARTESIAN_POINT ( 'NONE',  ( 1224.764886607683820, -28.33409600619842905, 18.59430723738073610 ) ) ;
#409 = CARTESIAN_POINT ( 'NONE',  ( 1213.669248188890833, -7.286445189232551911, 38.94923406286613954 ) ) ;
#410 = CARTESIAN_POINT ( 'NONE',  ( 1227.362620454069884, -30.70526774071180043, 11.29692573439040082 ) ) ;
#411 = ORIENTED_EDGE ( 'NONE', *, *, #2066, .F. ) ;
#412 = CARTESIAN_POINT ( 'NONE',  ( 1222.424093597170213, -25.80938333474329838, -23.70464366763989972 ) ) ;
#413 = AXIS2_PLACEMENT_3D ( 'NONE', #1730, #886, #338 ) ;
#414 = ORIENTED_EDGE ( 'NONE', *, *, #1871, .T. ) ;
#415 = CARTESIAN_POINT ( 'NONE',  ( 1203.063766510990263, -2.174939584900578815, -29.93449657793359719 ) ) ;
#416 = CARTESIAN_POINT ( 'NONE',  ( 1214.071943412069231, -23.53392488931498150, 18.60581547838724248 ) ) ;
#417 = CARTESIAN_POINT ( 'NONE',  ( 1225.560458322149998, 29.10936232122979916, 16.64963447656030127 ) ) ;
#418 = CARTESIAN_POINT ( 'NONE',  ( 1205.708271601198021, -12.17435180189628952, -27.41870564854733772 ) ) ;
#419 = CARTESIAN_POINT ( 'NONE',  ( 1216.430155993702328, 25.57385741245910182, -15.68531393913896466 ) ) ;
#420 = CARTESIAN_POINT ( 'NONE',  ( 1228.519845848807563, -31.63561118375724490, 6.148474739044399229 ) ) ;
#421 = CARTESIAN_POINT ( 'NONE',  ( 1215.151167337987090, -12.94625460167077691, 36.58353515760224184 ) ) ;
#422 = VERTEX_POINT ( 'NONE', #1790 ) ;
#423 = DIRECTION ( 'NONE',  ( 1.000000000000000000, 1.384456086174630086E-17, 0.000000000000000000 ) ) ;
#424 = ORIENTED_EDGE ( 'NONE', *, *, #890, .T. ) ;
#425 = APPROVAL_ROLE ( '' ) ;
#426 = CARTESIAN_POINT ( 'NONE',  ( 1221.306611120229945, 24.41344563032070170, -25.88178540618890011 ) ) ;
#427 = CARTESIAN_POINT ( 'NONE',  ( 1214.717770152106823, -24.12234621314755145, 17.83570800038694770 ) ) ;
#428 = CARTESIAN_POINT ( 'NONE',  ( 1221.297030436690420, 29.00072722829148120, 7.690649791795209467 ) ) ;
#429 = CARTESIAN_POINT ( 'NONE',  ( 1213.360036360739741, -22.85568606929196989, -19.43278439511456668 ) ) ;
#430 = ADVANCED_FACE ( 'NONE', ( #50, #2152 ), #741, .T. ) ;
#431 = CARTESIAN_POINT ( 'NONE',  ( 1220.687614261067438, 28.61733950445835717, -9.003066303667766945 ) ) ;
#432 = CARTESIAN_POINT ( 'NONE',  ( 1226.374719640730973, -29.85120616612883282, 14.41047141232746753 ) ) ;
#433 = CARTESIAN_POINT ( 'NONE',  ( 1215.471777524091067, -13.84315095239437809, 36.06347476412963715 ) ) ;
#434 = CARTESIAN_POINT ( 'NONE',  ( 1218.311302477329946, -19.93310713164969883, -31.31119032158739657 ) ) ;
#435 = EDGE_LOOP ( 'NONE', ( #1653, #265, #53, #943 ) ) ;
#436 = CARTESIAN_POINT ( 'NONE',  ( 1214.610994572290338, 24.05085699350210504, -17.97345601470451371 ) ) ;
#437 = ORIENTED_EDGE ( 'NONE', *, *, #1888, .T. ) ;
#438 = PERSON_AND_ORGANIZATION ( #2120, #1842 ) ;
#439 = CARTESIAN_POINT ( 'NONE',  ( 1213.192008525330039, 4.362320953683531677, -29.71635004867328078 ) ) ;
#440 = B_SPLINE_CURVE_WITH_KNOTS ( 'NONE', 3,
 ( #256, #2198, #455, #468, #122, #2006, #441, #2232, #271, #1490, #309, #296, #983, #1693, #1294, #648, #1341, #480, #1169, #997, #1696, #1310, #597, #810, #986, #1507, #431, #2025, #1861, #799, #1839, #1297, #2189, #824, #1683, #1331, #99, #620, #939, #2212, #299, #2011, #2043, #1672, #445, #1494, #633, #1521, #459, #1287, #1849, #1985, #246, #1996, #111, #2223, #1114, #419, #1139, #643, #1816, #1647, #73, #85, #773, #1470, #1126, #1826, #259, #1659, #787, #1545, #172, #855, #2054, #1368, #2095, #2082, #2235, #1570, #356, #1709, #1012, #333, #687, #1380, #835, #876, #506, #1390, #135, #1907, #1533, #342, #1034, #2247, #1745, #2260, #2106, #1196, #1024, #527, #1734, #495, #661, #160, #1353, #2283, #1219, #1917, #1185, #1720, #1046, #148, #846, #383, #1578, #1588, #1075, #1397, #1927, #1783, #536, #191, #1754, #716, #1902, #1765, #1412, #887, #2126, #2114, #1947, #352, #555, #374, #1216, #1031, #6, #180, #1229, #909, #1419, #725, #1597, #1773, #2134, #365, #864, #547, #169, #1938, #1240, #1566, #1252, #1043, #209, #1204, #733, #1608, #1065, #26, #1431, #2146, #339, #2280, #694, #199, #1387, #898, #2103, #873, #17, #1741, #2292, #224, #1761, #1621, #1224, #1257, #1922, #187, #360, #1051, #2130, #882, #710, #1246, #1944, #1068, #1779, #1646, #1815, #1148, #1307, #2023, #1469, #1125, #418, #1658, #583, #84, #1825, #786, #72, #631, #1286, #1492, #2009, #2174, #1971, #258, #1113, #772, #930, #443, #60, #938, #1481, #596, #1669, #1806, #2188, #1101, #619, #2200, #235, #97, #1461, #797, #2162, #1681, #457, #1137, #950, #1837, #274, #407, #962, #1633, #2210, #762, #1296, #1984, #245, #609, #1318, #1995, #429, #1847, #286, #109, #974, #808, #1277, #1859, #1183, #2067, #853, #1158, #1694, #641, #2258, #481, #998, #1170, #517, #1743, #1558, #833, #1732, #146, #1329, #659, #1365, #2245, #1505, #157, #1905, #2271, #1342, #1884, #674, #2080, #123, #170, #1351, #685, #2221, #504, #469, #844, #1194, #1519, #1543, #1531, #1378, #493, #321, #1010, #1718, #2052, #2233, #1895, #2041, #331, #1022, #2092, #297, #984, #1206, #822, #649, #1874, #311, #1707, #133, #367, #1590, #1915, #1928, #1434, #1066, #2128, #874, #181, #1958, #1253 ),
 .UNSPECIFIED., .F., .F.,
 ( 4, 2, 1, 1, 1, 1, 2, 2, 2, 1, 1, 1, 1, 2, 2, 2, 1, 1, 1, 1, 1, 2, 2, 2, 1, 1, 1, 1, 1, 2, 2, 2, 2, 1, 1, 1, 1, 2, 2, 2, 2, 1, 1, 1, 1, 1, 2, 2, 2, 1, 1, 1, 1, 2, 2, 1, 1, 1, 1, 1, 2, 2, 2, 2, 1, 1, 1, 1, 2, 2, 2, 2, 1, 1, 1, 1, 2, 2, 2, 1, 1, 1, 1, 2, 2, 2, 1, 1, 1, 1, 2, 2, 2, 1, 1, 1, 1, 2, 2, 2, 1, 1, 1, 2, 2, 2, 1, 1, 1, 2, 2, 2, 2, 2, 1, 2, 2, 2, 2, 1, 1, 1, 2, 2, 2, 1, 1, 1, 2, 2, 2, 1, 1, 1, 1, 2, 2, 2, 1, 1, 1, 1, 2, 2, 2, 1, 1, 1, 1, 2, 2, 2, 1, 1, 1, 1, 1, 2, 2, 2, 2, 1, 1, 1, 1, 1, 2, 2, 2, 2, 1, 1, 1, 1, 2, 2, 1, 2, 2, 1, 1, 1, 1, 1, 2, 2, 2, 2, 1, 1, 1, 1, 2, 2, 2, 2, 1, 1, 1, 1, 2, 2, 2, 1, 1, 1, 1, 1, 2, 2, 2, 1, 1, 1, 1, 2, 2, 2, 1, 1, 1, 1, 2, 2, 4 ),
 ( 0.000000000000000000, 0.01562499999973200257, 0.02343749999959770028, 0.02734374999953055260, 0.02929687499949749571, 0.03027343749948096380, 0.03076171874947269957, 0.03124999999946443535, 0.04687499999919155641, 0.05468749999905428427, 0.05859374999898564473, 0.06054687499895131109, 0.06152343749893414426, 0.06201171874892556779, 0.06249999999891699132, 0.07812499999866562295, 0.08593749999853994570, 0.08984374999847839771, 0.09179687499844892129, 0.09277343749843547371, 0.09326171874842745235, 0.09350585937342345555, 0.09374999999841945875, 0.1093749999981639826, 0.1171874999980362514, 0.1210937499979738985, 0.1230468749979441861, 0.1240234374979293508, 0.1245117187479204274, 0.1247558593729159587, 0.1249999999979114762, 0.1406249999978114729, 0.1484374999977631504, 0.1523437499977373655, 0.1542968749977228771, 0.1552734374977155773, 0.1557617187477103593, 0.1560058593727093046, 0.1562499999977082221, 0.1718749999977960408, 0.1796874999978398946, 0.1835937499978618215, 0.1855468749978743670, 0.1865234374978791132, 0.1870117187478815002, 0.1872558593728826659, 0.1873779296853832488, 0.1874999999978838039, 0.1953124999979026222, 0.1992187499979119758, 0.2011718749979183318, 0.2021484374979230780, 0.2026367187479255205, 0.2028808593729267140, 0.2031249999979279075, 0.2109374999979424792, 0.2148437499979515275, 0.2167968749979578280, 0.2177734374979609921, 0.2182617187479643506, 0.2185058593729642673, 0.2187499999979641840, 0.2343749999978256005, 0.2421874999977545462, 0.2460937499977171594, 0.2480468749977005061, 0.2490234374976921794, 0.2495117187476880438, 0.2497558593726859621, 0.2499999999976838527, 0.2656249999977546850, 0.2734374999977901566, 0.2773437499978061438, 0.2792968749978141929, 0.2802734374978181342, 0.2807617187478200771, 0.2810058593728210208, 0.2812499999978219090, 0.2968749999977109422, 0.3046874999976538212, 0.3085937499976252330, 0.3105468749976125764, 0.3115234374976063036, 0.3120117187476014742, 0.3124999999975965892, 0.3281249999974674147, 0.3359374999974012455, 0.3398437499973696596, 0.3417968749973523956, 0.3427734374973437359, 0.3432617187473409048, 0.3437499999973380738, 0.3593749999972572495, 0.3671874999972168374, 0.3710937499971966869, 0.3730468749971865838, 0.3740234374971828646, 0.3745117187471796449, 0.3749999999971764253, 0.3906249999970363707, 0.3984374999969663711, 0.4023437499969313436, 0.4042968749969138020, 0.4052734374969040321, 0.4062499999968942066, 0.4218749999967335573, 0.4296874999966540654, 0.4335937499966143194, 0.4355468749965937247, 0.4365234374965841768, 0.4374999999965746289, 0.4687499999963089525, 0.4765624999962423392, 0.4804687499962090325, 0.4843749999961757258, 0.4921874999961091124, 0.4999999999960424990, 0.5312499999957760455, 0.5468749999956428187, 0.5546874999955767604, 0.5585937499955437868, 0.5605468749955272445, 0.5615234374955183627, 0.5624999999955094809, 0.5781249999953542718, 0.5859374999952760010, 0.5898437499952366991, 0.5917968749952179364, 0.5927734374952086105, 0.5937499999951993956, 0.6093749999950399676, 0.6171874999949613638, 0.6210937499949208407, 0.6230468749949006346, 0.6240234374948906426, 0.6245117187448855356, 0.6249999999948805396, 0.6406249999947237761, 0.6484374999946453944, 0.6523437499946062035, 0.6542968749945866636, 0.6552734374945754503, 0.6557617187445684559, 0.6562499999945615725, 0.6718749999943632867, 0.6796874999942641438, 0.6835937499942131845, 0.6855468749941862061, 0.6865234374941727724, 0.6870117187441645568, 0.6874999999941562301, 0.7031249999939536144, 0.7109374999938506967, 0.7148437499938009587, 0.7167968749937744244, 0.7177734374937627670, 0.7182617187437585482, 0.7185058593687579931, 0.7187499999937574380, 0.7343749999937821960, 0.7421874999937945194, 0.7460937499938007367, 0.7480468749938055106, 0.7490234374938078421, 0.7495117187438090633, 0.7497558593688079531, 0.7498779296813089523, 0.7499999999938099515, 0.7656249999941386886, 0.7734374999943030016, 0.7773437499943834927, 0.7792968749944222395, 0.7802734374944416684, 0.7807617187444527707, 0.7810058593694583218, 0.7812499999944639839, 0.7890624999946532769, 0.7929687499947496443, 0.7968749999948461227, 0.8046874999950390794, 0.8085937499951355578, 0.8105468749951839635, 0.8115234374952080554, 0.8120117187452182694, 0.8122558593702234875, 0.8124999999952285945, 0.8281249999957189800, 0.8359374999959624519, 0.8398437499960842434, 0.8417968749961450836, 0.8427734374961755037, 0.8432617187461906028, 0.8435058593711982633, 0.8437499999962058128, 0.8593749999966175945, 0.8671874999968234299, 0.8710937499969281239, 0.8730468749969786391, 0.8740234374970056175, 0.8745117187470173858, 0.8747558593720231590, 0.8749999999970289322, 0.8906249999974036324, 0.8984374999975910381, 0.9023437499976847409, 0.9042968749977300380, 0.9052734374977542409, 0.9057617187477648990, 0.9060058593727702281, 0.9062499999977755571, 0.9218749999981844523, 0.9296874999983888443, 0.9335937499984897636, 0.9355468749985390575, 0.9365234374985637045, 0.9370117187485761390, 0.9374999999985885735, 0.9531249999989424015, 0.9609374999991201483, 0.9648437499992089661, 0.9667968749992541522, 0.9677734374992766897, 0.9682617187492872368, 0.9687499999992978950, 1.000000000000000000 ),
 .UNSPECIFIED. ) ;
#441 = CARTESIAN_POINT ( 'NONE',  ( 1222.735773910168973, 29.85036618079740123, -2.993950831295876913 ) ) ;
#442 = CARTESIAN_POINT ( 'NONE',  ( 1228.646930962599981, 31.73278209794610305, 5.292192027920259889 ) ) ;
#443 = CARTESIAN_POINT ( 'NONE',  ( 1208.487006758859025, -17.07964758568168406, -24.66358101535671565 ) ) ;
#444 = CARTESIAN_POINT ( 'NONE',  ( 1216.067321937920497, 15.94745025814060568, 25.61376349457110280 ) ) ;
#445 = CARTESIAN_POINT ( 'NONE',  ( 1218.560134222233046, 27.18753987630946156, -12.69068925507480650 ) ) ;
#446 = CARTESIAN_POINT ( 'NONE',  ( 1211.409274276562428, 20.81471419308093118, 21.60466223831988586 ) ) ;
#447 = CARTESIAN_POINT ( 'NONE',  ( 1216.690067000611862, -16.78063801096017826, -34.05902671673792526 ) ) ;
#448 = CARTESIAN_POINT ( 'NONE',  ( 1213.000276026600204, 0.6773921648310393673, -29.99349319070397257 ) ) ;
#449 = CARTESIAN_POINT ( 'NONE',  ( 1202.999947915325265, -2.133368083052808117, 30.00000000000129319 ) ) ;
#450 = ORIENTED_EDGE ( 'NONE', *, *, #890, .F. ) ;
#451 = CARTESIAN_POINT ( 'NONE',  ( 1212.459093165508875, 21.96479499230679266, -20.44982766488791270 ) ) ;
#452 = SECURITY_CLASSIFICATION_LEVEL ( 'unclassified' ) ;
#453 = CARTESIAN_POINT ( 'NONE',  ( 1206.640168659389246, 14.08100904089098826, -26.50362290870979010 ) ) ;
#454 = CARTESIAN_POINT ( 'NONE',  ( 1208.640895054224529, -17.30324110808616567, 24.50710270572853844 ) ) ;
#455 = CARTESIAN_POINT ( 'NONE',  ( 1222.974442071941894, 29.98573479617725113, -1.070890978448977293 ) ) ;
#456 = CIRCLE ( 'NONE', #558, 40.00000000000003553 ) ;
#457 = CARTESIAN_POINT ( 'NONE',  ( 1210.802971108409110, -20.12021756225827573, -22.25726169118683728 ) ) ;
#458 = CARTESIAN_POINT ( 'NONE',  ( 1213.037929233639943, -1.807364700825129900, 39.94072487076580558 ) ) ;
#459 = CARTESIAN_POINT ( 'NONE',  ( 1217.656518020970907, 26.52567961880579972, -14.01481504496996955 ) ) ;
#460 = CARTESIAN_POINT ( 'NONE',  ( 1208.970606513358007, 17.77543012598118466, 24.17115792703874533 ) ) ;
#461 = CARTESIAN_POINT ( 'NONE',  ( 1224.720871803081991, -28.29126087298138614, -18.70143392759584700 ) ) ;
#462 = CARTESIAN_POINT ( 'NONE',  ( 1203.088667826689516, 2.475723455701531073, -29.91113631214902568 ) ) ;
#463 = CARTESIAN_POINT ( 'NONE',  ( 1213.216573711576530, 4.796486410704990710, 39.66279407443684590 ) ) ;
#464 = CARTESIAN_POINT ( 'NONE',  ( 1220.219400093350714, 28.31618051444090156, 9.909350783021492859 ) ) ;
#465 = CARTESIAN_POINT ( 'NONE',  ( 1223.003099264409002, -30.00327632386898813, -0.1070936456040420676 ) ) ;
#466 = CARTESIAN_POINT ( 'NONE',  ( 1211.694274276769420, -21.16487072075260301, -21.29745881252778616 ) ) ;
#467 = CARTESIAN_POINT ( 'NONE',  ( 1210.408988370136967, -19.64387223929476534, 22.67428403221805056 ) ) ;
#468 = CARTESIAN_POINT ( 'NONE',  ( 1222.897511202744226, 29.94231162951935232, -1.879028730315291273 ) ) ;
#469 = CARTESIAN_POINT ( 'NONE',  ( 1219.016772333067365, -27.50711309439548913, -11.97326351117002652 ) ) ;
#470 = CARTESIAN_POINT ( 'NONE',  ( 1216.988907050669923, 17.49095784578240043, 33.56925513661219895 ) ) ;
#471 = CARTESIAN_POINT ( 'NONE',  ( 1208.232487761227958, 16.70175398035782521, 24.92141132625754452 ) ) ;
#472 = CARTESIAN_POINT ( 'NONE',  ( 1221.134698157904040, -24.17876946684675943, -26.20239401018480407 ) ) ;
#473 = CARTESIAN_POINT ( 'NONE',  ( 1206.732456561969684, -14.28189483426089268, -26.41424079655631374 ) ) ;
#474 = CARTESIAN_POINT ( 'NONE',  ( 1220.071503389675399, 28.21960257817952211, 10.18211703307310678 ) ) ;
#475 = CARTESIAN_POINT ( 'NONE',  ( 1216.425262964387457, 16.19906999465011666, -34.49919695262636310 ) ) ;
#476 = CARTESIAN_POINT ( 'NONE',  ( 1209.773491461289495, 18.86873340280657985, -23.33755968854171314 ) ) ;
#477 = CARTESIAN_POINT ( 'NONE',  ( 1222.919609449609879, -29.95627195754948247, -1.681992309450448531 ) ) ;
#478 = CARTESIAN_POINT ( 'NONE',  ( 1219.958822141939891, -22.57428551259019756, -28.39856867973709953 ) ) ;
#479 = ORIENTED_EDGE ( 'NONE', *, *, #570, .F. ) ;
#480 = CARTESIAN_POINT ( 'NONE',  ( 1221.874896821193033, 29.34820016724259872, -6.219736878674376968 ) ) ;
#481 = CARTESIAN_POINT ( 'NONE',  ( 1215.340624130154310, -24.66791526612127328, -17.07384527506897598 ) ) ;
#482 = CARTESIAN_POINT ( 'NONE',  ( 1209.351537895909132, 18.33443537271050872, 23.77872363125881350 ) ) ;
#483 = CARTESIAN_POINT ( 'NONE',  ( 1210.066037779116641, 19.21926062633187371, 23.03519214323632625 ) ) ;
#484 = CARTESIAN_POINT ( 'NONE',  ( 1218.037510456356586, -19.43258053096337434, -31.77987543705568285 ) ) ;
#485 = CARTESIAN_POINT ( 'NONE',  ( 1209.634510481600046, -18.68892104177670888, -23.48209513665920412 ) ) ;
#486 = CARTESIAN_POINT ( 'NONE',  ( 1204.701681956119046, -9.739403592837595269, 28.38300813650898391 ) ) ;
#487 = LINE ( 'NONE', #279, #40 ) ;
#488 = LINE ( 'NONE', #655, #600 ) ;
#489 = CARTESIAN_POINT ( 'NONE',  ( 1204.597553520920656, 9.509983313764525548, -28.48361496932281511 ) ) ;
#490 = CARTESIAN_POINT ( 'NONE',  ( 1225.609761681220562, -29.35297464262402656, -6.324300227559296772 ) ) ;
#491 = CARTESIAN_POINT ( 'NONE',  ( 1214.792633213249474, 24.21158856719590702, 17.75698779188809695 ) ) ;
#492 = CARTESIAN_POINT ( 'NONE',  ( 1216.018700403320054, -25.24909818705688025, -16.22168547093370350 ) ) ;
#493 = CARTESIAN_POINT ( 'NONE',  ( 1220.168957102629747, -28.28368531105209627, -10.00634883562161193 ) ) ;
#494 = CARTESIAN_POINT ( 'NONE',  ( 1227.868007081754513, 31.12036031151767546, 9.386384326189013194 ) ) ;
#495 = CARTESIAN_POINT ( 'NONE',  ( 1210.640831598077284, 19.92393562867271228, -22.42874990987901995 ) ) ;
#496 = CARTESIAN_POINT ( 'NONE',  ( 1214.242130211183849, 23.69139725909782612, 18.40457225420858478 ) ) ;
#497 = CARTESIAN_POINT ( 'NONE',  ( 1217.047795202296129, -17.53699604118405020, -33.46119350603964904 ) ) ;
#498 = CARTESIAN_POINT ( 'NONE',  ( 1212.760521328519644, -22.28804544455272563, 20.11825555874908034 ) ) ;
#499 = CARTESIAN_POINT ( 'NONE',  ( 1213.307617979779934, 4.990431636156889006, -39.51851366995312276 ) ) ;
#500 = CARTESIAN_POINT ( 'NONE',  ( 1228.937876921839916, -31.95334504416290500, -2.242927983584550145 ) ) ;
#501 = CARTESIAN_POINT ( 'NONE',  ( 1222.597531900639524, -29.77342674375402609, 3.785081264752422570 ) ) ;
#502 = CARTESIAN_POINT ( 'NONE',  ( 1222.978523124880212, 29.98791164566290135, 0.8516544501270650880 ) ) ;
#503 = CARTESIAN_POINT ( 'NONE',  ( 1209.634510481600046, -18.68892104177670888, -23.48209513665920412 ) ) ;
#504 = CARTESIAN_POINT ( 'NONE',  ( 1218.989955325488836, -27.48847671883461885, -12.01602652694756479 ) ) ;
#505 = CARTESIAN_POINT ( 'NONE',  ( 1228.982242733789917, 31.98667434927049413, 1.152403220805140016 ) ) ;
#506 = CARTESIAN_POINT ( 'NONE',  ( 1213.173379993079379, 22.67564770008879904, -19.64732534847023260 ) ) ;
#507 = CARTESIAN_POINT ( 'NONE',  ( 1216.553823247088303, 25.67290563613709864, 15.52237144239405708 ) ) ;
#508 = CARTESIAN_POINT ( 'NONE',  ( 1219.083666218708004, -27.55351827660896546, 11.86608885013181691 ) ) ;
#509 = ADVANCED_FACE ( 'NONE', ( #262 ), #752, .F. ) ;
#510 = CARTESIAN_POINT ( 'NONE',  ( 1207.600065682339164, -15.76756176294561307, 25.55422648303748190 ) ) ;
#511 = CARTESIAN_POINT ( 'NONE',  ( 1203.000002828539891, 1.802340244767820169E-11, 30.00000000000000000 ) ) ;
#512 = CARTESIAN_POINT ( 'NONE',  ( 1228.680244103009954, -31.75826302489840458, 5.047382117470919916 ) ) ;
#513 = CARTESIAN_POINT ( 'NONE',  ( 1222.807150545380182, -26.51139323054438179, -14.18574444633960496 ) ) ;
#514 = DIRECTION ( 'NONE',  ( -1.384456086174630240E-17, 1.000000000000000000, 0.000000000000000000 ) ) ;
#515 = CARTESIAN_POINT ( 'NONE',  ( 1205.844544948780140, -12.50889921496498935, -27.28136651007392643 ) ) ;
#516 = ORIENTED_EDGE ( 'NONE', *, *, #1871, .F. ) ;
#517 = CARTESIAN_POINT ( 'NONE',  ( 1215.568582258698370, -24.86212338981852454, -16.78913831707449589 ) ) ;
#518 = CARTESIAN_POINT ( 'NONE',  ( 1222.555885722129688, 29.74954409680389844, 3.968667206901042022 ) ) ;
#519 = CARTESIAN_POINT ( 'NONE',  ( 1217.056494311056895, 26.06793072556265045, 14.84799637119943405 ) ) ;
#520 = CARTESIAN_POINT ( 'NONE',  ( 1213.683098011567836, -7.360811018715299525, -38.92736523179431885 ) ) ;
#521 = CARTESIAN_POINT ( 'NONE',  ( 1217.526826382799982, -18.52522385218260226, 32.65945378241939778 ) ) ;
#522 = CARTESIAN_POINT ( 'NONE',  ( 1220.492141045562676, 23.30848520175907979, -27.40839690860282118 ) ) ;
#523 = CARTESIAN_POINT ( 'NONE',  ( 1212.760521328519644, -22.28804544455272563, 20.11825555874908034 ) ) ;
#524 = FACE_BOUND ( 'NONE', #66, .T. ) ;
#525 = CARTESIAN_POINT ( 'NONE',  ( 1222.988584150219140, 29.99511675997978344, 0.6017125894733793556 ) ) ;
#526 = CARTESIAN_POINT ( 'NONE',  ( 1226.150332172830758, 29.64954320636266161, 15.04704485107849976 ) ) ;
#527 = CARTESIAN_POINT ( 'NONE',  ( 1210.988636848110218, 20.33461931393054911, -22.05800713055020168 ) ) ;
#528 = CARTESIAN_POINT ( 'NONE',  ( 1212.033078578207324, 21.50143701443349897, 20.92422662408020173 ) ) ;
#529 = CARTESIAN_POINT ( 'NONE',  ( 1215.482970704454829, -13.87345748674927037, -36.04527379376438745 ) ) ;
#530 = CARTESIAN_POINT ( 'NONE',  ( 1213.750202598180522, 8.388924279099164494, 28.92278384395183366 ) ) ;
#531 = CARTESIAN_POINT ( 'NONE',  ( 1213.238064993280659, -4.935768710996208952, 29.64993130024650014 ) ) ;
#532 = CARTESIAN_POINT ( 'NONE',  ( 1226.648788195820998, 30.09341630448981419, -13.60067954263924683 ) ) ;
#533 = CARTESIAN_POINT ( 'NONE',  ( 1222.985053072299934, -29.99312998518239581, 0.9474231817126167465 ) ) ;
#534 = CARTESIAN_POINT ( 'NONE',  ( 1224.255153907810154, -27.82253724996749966, 19.79055511762909703 ) ) ;
#535 = CARTESIAN_POINT ( 'NONE',  ( 1253.000000000000000, 1.714505518806299963E-14, 40.00000000000000000 ) ) ;
#536 = CARTESIAN_POINT ( 'NONE',  ( 1208.113615127011144, 16.52650328194003393, -25.04195628808544782 ) ) ;
#537 = CARTESIAN_POINT ( 'NONE',  ( 1221.932352433119831, 29.38459594720433188, -6.061313498652264542 ) ) ;
#538 = CARTESIAN_POINT ( 'NONE',  ( 1222.922542799790335, 29.95792659120698076, 1.651578040323872676 ) ) ;
#539 = CARTESIAN_POINT ( 'NONE',  ( 1217.648282153888886, -26.51945218346412503, 14.02658752677823095 ) ) ;
#540 = CARTESIAN_POINT ( 'NONE',  ( 1215.658960913449164, 24.94156306687670011, 16.67900012579271873 ) ) ;
#541 = CARTESIAN_POINT ( 'NONE',  ( 1221.858142013334600, -29.33818566521738802, 6.266669064988367843 ) ) ;
#542 = CARTESIAN_POINT ( 'NONE',  ( 1221.496819870950503, 29.12045664805194889, 7.211449911420824144 ) ) ;
#543 = CARTESIAN_POINT ( 'NONE',  ( 1213.468699671529976, 6.743733126305617276, 29.32131549133649173 ) ) ;
#544 = CARTESIAN_POINT ( 'NONE',  ( 1224.527929824783087, 28.09707438744775487, -19.15381195974488193 ) ) ;
#545 = CARTESIAN_POINT ( 'NONE',  ( 1226.900301181669874, -30.31503809216929923, 12.85770647384220133 ) ) ;
#546 = CARTESIAN_POINT ( 'NONE',  ( 1222.999970604299961, 30.00000000000000000, 0.2748055303421519380 ) ) ;
#547 = CARTESIAN_POINT ( 'NONE',  ( 1204.632149332245717, 9.503208152496897654, -28.45505414053855020 ) ) ;
#548 = CARTESIAN_POINT ( 'NONE',  ( 1225.448844133690272, 29.20320587907200149, -6.939804959530963657 ) ) ;
#549 = CARTESIAN_POINT ( 'NONE',  ( 1220.790699841418700, 23.71842191535603561, 26.85147209452244610 ) ) ;
#550 = CARTESIAN_POINT ( 'NONE',  ( 1214.662632962983025, 11.41828610438983205, 37.36980276843704729 ) ) ;
#551 = DIRECTION ( 'NONE',  ( 0.000000000000000000, 1.000000000000000000, 0.000000000000000000 ) ) ;
#552 = CARTESIAN_POINT ( 'NONE',  ( 1227.053371363316501, 30.44754057768939504, -12.37447114336287690 ) ) ;
#553 = CARTESIAN_POINT ( 'NONE',  ( 1211.552040872070393, -20.99186703787829700, 21.44743028240289462 ) ) ;
#554 = CARTESIAN_POINT ( 'NONE',  ( 1228.679042405480004, 31.75734357742419789, -5.057075647664611040 ) ) ;
#555 = CARTESIAN_POINT ( 'NONE',  ( 1206.133385016928287, 13.06998915421144503, -27.00515722968808063 ) ) ;
#556 = CARTESIAN_POINT ( 'NONE',  ( 1219.612385147128180, 27.92069099402589316, -11.00570265586419438 ) ) ;
#557 = CARTESIAN_POINT ( 'NONE',  ( 1223.584734722425537, 27.10616242054959102, 21.25951079764351093 ) ) ;
#558 = AXIS2_PLACEMENT_3D ( 'NONE', #1019, #1030, #1914 ) ;
#559 = CARTESIAN_POINT ( 'NONE',  ( 1215.203928720115528, 13.10538676740678987, 36.49843649932393674 ) ) ;
#560 = CARTESIAN_POINT ( 'NONE',  ( 1226.407114130331593, -29.88006848453917996, -14.31682680088526460 ) ) ;
#561 = CARTESIAN_POINT ( 'NONE',  ( 1221.088666968287271, 24.11782473322328357, -26.28968466782699664 ) ) ;
#562 = CARTESIAN_POINT ( 'NONE',  ( 1218.336255338830597, -20.41902068518361091, 22.18666806488688437 ) ) ;
#563 = AXIS2_PLACEMENT_3D ( 'NONE', #2068, #1544, #355 ) ;
#564 = CARTESIAN_POINT ( 'NONE',  ( 1226.292410765030127, 29.78156949652569807, -14.67586460093829892 ) ) ;
#565 = CARTESIAN_POINT ( 'NONE',  ( 1213.195491728100023, 4.017456653432949665, -39.69419397206749522 ) ) ;
#566 = CARTESIAN_POINT ( 'NONE',  ( 1205.774059161439027, -12.31715902063721479, 27.35484998373403087 ) ) ;
#567 = CARTESIAN_POINT ( 'NONE',  ( 1225.150674357781554, 28.92423920911997826, -8.060551031509845643 ) ) ;
#568 = CARTESIAN_POINT ( 'NONE',  ( 1224.447443222678430, 28.01532262530150064, 19.33935170462212483 ) ) ;
#569 = CARTESIAN_POINT ( 'NONE',  ( 1202.993036629550716, -0.6524614452378721952, 30.00081472273060967 ) ) ;
#570 = EDGE_CURVE ( 'NONE', #1109, #1651, #1502, .T. ) ;
#571 = CARTESIAN_POINT ( 'NONE',  ( 1203.000016379385897, 0.5264502496676143339, 29.99999999999969091 ) ) ;
#572 = CARTESIAN_POINT ( 'NONE',  ( 1225.094330071239028, -28.65789648578818927, 17.79781797735191873 ) ) ;
#573 = CARTESIAN_POINT ( 'NONE',  ( 1229.059130063388238, 32.04440655320486542, -1.352895239657077475 ) ) ;
#574 = CARTESIAN_POINT ( 'NONE',  ( 1213.241770738930427, 22.78317217633310321, 19.58323124984160302 ) ) ;
#575 = CARTESIAN_POINT ( 'NONE',  ( 1222.869663957109196, 29.92819978704922690, -2.258399940622402458 ) ) ;
#576 = CARTESIAN_POINT ( 'NONE',  ( 1222.703315538980632, -29.83182207272955466, 3.172173030471893806 ) ) ;
#577 = DATE_AND_TIME ( #2195, #711 ) ;
#578 = CARTESIAN_POINT ( 'NONE',  ( 1213.128367266140231, 3.574184439895960796, -29.80791078947331130 ) ) ;
#579 = CARTESIAN_POINT ( 'NONE',  ( 1217.410172486063630, -26.33947080832252396, 14.36080446902695051 ) ) ;
#580 =( LENGTH_UNIT ( ) NAMED_UNIT ( * ) SI_UNIT ( .MILLI., .METRE. ) );
#581 = CARTESIAN_POINT ( 'NONE',  ( 1213.241770738930427, 22.78317217633310321, 19.58323124984160302 ) ) ;
#582 = CARTESIAN_POINT ( 'NONE',  ( 1213.736656818636220, 7.643673431037818489, 38.84287413212816631 ) ) ;
#583 = CARTESIAN_POINT ( 'NONE',  ( 1205.923261682963130, -12.64294044968802666, -27.21005398766153860 ) ) ;
#584 = CARTESIAN_POINT ( 'NONE',  ( 1226.362801593172890, -29.84057179106590496, 14.44484317046569899 ) ) ;
#585 = CARTESIAN_POINT ( 'NONE',  ( 1217.808746553460196, -19.01582371000960592, 32.17210080445003939 ) ) ;
#586 = CARTESIAN_POINT ( 'NONE',  ( 1214.298811060679554, -23.78175366732319418, 18.35709241367709765 ) ) ;
#587 = CARTESIAN_POINT ( 'NONE',  ( 1210.514123012750360, 19.79178311573300064, 22.56018319493990276 ) ) ;
#588 = EDGE_LOOP ( 'NONE', ( #1271, #2194 ) ) ;
#589 = CARTESIAN_POINT ( 'NONE',  ( 1225.150674357781554, 28.92423920911997826, -8.060551031509845643 ) ) ;
#590 = COORDINATED_UNIVERSAL_TIME_OFFSET ( 8, 0, .AHEAD. ) ;
#591 = CARTESIAN_POINT ( 'NONE',  ( 1215.916304504130039, 15.01797710015480014, -35.33933172548959334 ) ) ;
#592 = CARTESIAN_POINT ( 'NONE',  ( 1221.270098912292951, 24.35675890354577433, 25.94486858873046486 ) ) ;
#593 = CARTESIAN_POINT ( 'NONE',  ( 1209.992991329544338, -19.13213204241734999, 23.11280475717647676 ) ) ;
#594 = CARTESIAN_POINT ( 'NONE',  ( 1219.683001385689067, 27.96219668704137362, 10.87058960260587526 ) ) ;
#595 = CARTESIAN_POINT ( 'NONE',  ( 1224.573393626528969, 28.36638908348719212, 9.871588051963421151 ) ) ;
#596 = CARTESIAN_POINT ( 'NONE',  ( 1208.600351759117075, -17.24464210091937133, -24.54837086641064303 ) ) ;
#597 = CARTESIAN_POINT ( 'NONE',  ( 1221.477104503490409, 29.10913413175249786, -7.273671543548292817 ) ) ;
#598 = CARTESIAN_POINT ( 'NONE',  ( 1228.235099281807379, -31.41178541968289650, 7.634844710563694292 ) ) ;
#599 = CARTESIAN_POINT ( 'NONE',  ( 1228.457295851029585, 31.58568806350180225, -6.415826257222889240 ) ) ;
#600 = VECTOR ( 'NONE', #979, 1000.000000000000000 ) ;
#601 = CARTESIAN_POINT ( 'NONE',  ( 1217.049357695579602, 26.07187874598142940, -14.86319168748529229 ) ) ;
#602 = CIRCLE ( 'NONE', #1557, 40.00000000000003553 ) ;
#603 = VERTEX_POINT ( 'NONE', #184 ) ;
#604 = EDGE_CURVE ( 'NONE', #308, #340, #1367, .T. ) ;
#605 = DATE_AND_TIME ( #756, #738 ) ;
#606 = CARTESIAN_POINT ( 'NONE',  ( 1203.991564168669584, 7.572936366622196047, -29.05983613791082121 ) ) ;
#607 = CARTESIAN_POINT ( 'NONE',  ( 1215.614483658310292, -24.90093678752888806, 16.73150811138616945 ) ) ;
#608 = CARTESIAN_POINT ( 'NONE',  ( 1218.084961902119858, 19.55496350294290053, 31.70666559673460227 ) ) ;
#609 = CARTESIAN_POINT ( 'NONE',  ( 1212.508908572515338, -22.00323205810521898, -20.39758195549162423 ) ) ;
#610 = CARTESIAN_POINT ( 'NONE',  ( 1226.482619064936216, -29.94712790502983069, -14.09658335321586087 ) ) ;
#611 = DIRECTION ( 'NONE',  ( 0.000000000000000000, 0.000000000000000000, 1.000000000000000000 ) ) ;
#612 = CARTESIAN_POINT ( 'NONE',  ( 1216.779848953880219, -17.02032930944110234, -33.91504399083009957 ) ) ;
#613 = ORIENTED_EDGE ( 'NONE', *, *, #1055, .T. ) ;
#614 = CARTESIAN_POINT ( 'NONE',  ( 1213.891863081280007, 9.035369783428315316, -28.72263235793741742 ) ) ;
#615 = CALENDAR_DATE ( 2026, 17, 8 ) ;
#616 = CARTESIAN_POINT ( 'NONE',  ( 1214.185369024730107, 10.30710172923989987, -28.30785377593356955 ) ) ;
#617 = CARTESIAN_POINT ( 'NONE',  ( 1209.703207457158669, -18.76049408924252759, 23.41500613441301226 ) ) ;
#618 = CARTESIAN_POINT ( 'NONE',  ( 1222.922542799790335, 29.95792659120698076, 1.651578040323872676 ) ) ;
#619 = CARTESIAN_POINT ( 'NONE',  ( 1210.008585085838831, -19.14737734672783631, -23.09553484401940793 ) ) ;
#620 = CARTESIAN_POINT ( 'NONE',  ( 1219.191340067723786, 27.62787482732754896, -11.69219352013189628 ) ) ;
#621 = CARTESIAN_POINT ( 'NONE',  ( 1210.339971555058128, 19.56292651902888835, 22.74789231335562434 ) ) ;
#622 = CARTESIAN_POINT ( 'NONE',  ( 1225.254164519287315, -28.81269108462523931, -17.40302937595315669 ) ) ;
#623 = CARTESIAN_POINT ( 'NONE',  ( 1213.056489365598281, -2.452480216207710395, 39.91199706746899523 ) ) ;
#624 = CARTESIAN_POINT ( 'NONE',  ( 1219.958822141939891, -22.57428551259019756, -28.39856867973709953 ) ) ;
#625 = CARTESIAN_POINT ( 'NONE',  ( 1293.000000000000000, 1.224646799147359843E-14, -40.00000000000419931 ) ) ;
#626 = ORIENTED_EDGE ( 'NONE', *, *, #908, .F. ) ;
#627 = CARTESIAN_POINT ( 'NONE',  ( 1213.797917449940087, 8.076582585054620012, -38.74683013376959906 ) ) ;
#628 = DATE_TIME_ROLE ( 'classification_date' ) ;
#629 = CARTESIAN_POINT ( 'NONE',  ( 1212.994146013599902, -0.6657916772756979906, -40.00914649421800107 ) ) ;
#630 = CARTESIAN_POINT ( 'NONE',  ( 1208.687499313743729, -17.37030125704559680, 24.45964015216164711 ) ) ;
#631 = CARTESIAN_POINT ( 'NONE',  ( 1206.971550114793217, -14.64695036851021648, -26.18155365141264568 ) ) ;
#632 = CARTESIAN_POINT ( 'NONE',  ( 1213.468699671529976, 6.743733126305617276, 29.32131549133649173 ) ) ;
#633 = CARTESIAN_POINT ( 'NONE',  ( 1217.994478961001960, 26.77692656411397465, -13.52977292932176923 ) ) ;
#634 = CARTESIAN_POINT ( 'NONE',  ( 1208.408212235884093, 16.96352452532860511, 24.74349278181606948 ) ) ;
#635 = CARTESIAN_POINT ( 'NONE',  ( 1224.380652032281432, -27.94564465606119441, -19.48956632694946833 ) ) ;
#636 = CARTESIAN_POINT ( 'NONE',  ( 1203.531319271799020, -5.525560349564415219, -29.49468648890648481 ) ) ;
#637 = CARTESIAN_POINT ( 'NONE',  ( 1221.738889110945820, -24.95559071350097113, 25.03992529468996509 ) ) ;
#638 = CARTESIAN_POINT ( 'NONE',  ( 1215.559921485114955, 14.07980256862655288, -35.91999739874749764 ) ) ;
#639 = CARTESIAN_POINT ( 'NONE',  ( 1214.566627121549573, -11.75413633101440070, -27.76826000013888063 ) ) ;
#640 = CARTESIAN_POINT ( 'NONE',  ( 1211.405455252994898, -20.81388699651373031, 21.60994379569675061 ) ) ;
#641 = CARTESIAN_POINT ( 'NONE',  ( 1214.851270584268377, -24.24153347121663060, -17.67484949858901899 ) ) ;
#642 = CARTESIAN_POINT ( 'NONE',  ( 1213.385710975210031, 5.623057855407040506, 39.39587073131919936 ) ) ;
#643 = CARTESIAN_POINT ( 'NONE',  ( 1216.039183977793527, 25.25527026312810364, -16.19216023249961722 ) ) ;
#644 = CARTESIAN_POINT ( 'NONE',  ( 1225.696835917259932, -29.23280749064096895, -16.27401765663946875 ) ) ;
#645 = CARTESIAN_POINT ( 'NONE',  ( 1214.821087214163981, 11.94574049030808460, -37.11590745651957235 ) ) ;
#646 = CARTESIAN_POINT ( 'NONE',  ( 1226.160503984450543, -29.84823337956040845, -3.132088409626588632 ) ) ;
#647 = CARTESIAN_POINT ( 'NONE',  ( 1214.352518656309940, -10.35389123039880133, -37.86618200647470189 ) ) ;
#648 = CARTESIAN_POINT ( 'NONE',  ( 1221.994924177071198, 29.41968118310396818, -5.874839271140538166 ) ) ;
#649 = CARTESIAN_POINT ( 'NONE',  ( 1221.809027787992363, -29.30882009671886479, -6.402600229637943841 ) ) ;
#650 = CARTESIAN_POINT ( 'NONE',  ( 1212.999718207970318, -0.4774136415106517983, 29.99430630246503426 ) ) ;
#651 = CARTESIAN_POINT ( 'NONE',  ( 1208.002597367272756, 16.35250637026071274, 25.15343842722450063 ) ) ;
#652 = CARTESIAN_POINT ( 'NONE',  ( 1219.550222812798211, -21.93434269268358960, -29.12495813440148495 ) ) ;
#653 = CARTESIAN_POINT ( 'NONE',  ( 1220.811681484550036, -23.77245696116629858, 26.82635998775419850 ) ) ;
#654 = CARTESIAN_POINT ( 'NONE',  ( 1203.763786569040576, -6.529612323318565892, 29.28079919876580917 ) ) ;
#655 = CARTESIAN_POINT ( 'NONE',  ( 1293.000000000000000, 1.224646799147359843E-14, 40.00000000000000000 ) ) ;
#656 = CARTESIAN_POINT ( 'NONE',  ( 1223.977656009210023, -27.76634022414160796, -11.47490178191808674 ) ) ;
#657 = CARTESIAN_POINT ( 'NONE',  ( 1222.141169004349649, 29.50883939568878844, 5.477144660889025296 ) ) ;
#658 = CARTESIAN_POINT ( 'NONE',  ( 1216.779848953880219, -17.02032930944110234, -33.91504399083009957 ) ) ;
#659 = CARTESIAN_POINT ( 'NONE',  ( 1216.847319985263994, -25.90526742886221356, -15.13147991437213946 ) ) ;
#660 = CARTESIAN_POINT ( 'NONE',  ( 1222.961703335749235, 29.97998408604369303, 1.126687869333088843 ) ) ;
#661 = CARTESIAN_POINT ( 'NONE',  ( 1210.539187791998756, 19.80205281666960460, -22.53660997735666527 ) ) ;
#662 = CARTESIAN_POINT ( 'NONE',  ( 1213.128459205197032, 22.62799784879486964, 19.69741775250003712 ) ) ;
#663 = CARTESIAN_POINT ( 'NONE',  ( 1216.728826286177082, -16.86424992968085590, -33.99443321168569554 ) ) ;
#664 = CARTESIAN_POINT ( 'NONE',  ( 1215.914377766080179, -15.01308508493980121, 35.34248024844080049 ) ) ;
#665 = CARTESIAN_POINT ( 'NONE',  ( 1222.590982655423204, -25.98916316019661465, 23.34532178779092249 ) ) ;
#666 = CARTESIAN_POINT ( 'NONE',  ( 1221.415000250786761, 29.07062222749918234, 7.411018750400350186 ) ) ;
#667 = CARTESIAN_POINT ( 'NONE',  ( 1213.675560643825975, 7.320596083103392715, -38.93927021020676449 ) ) ;
#668 = CARTESIAN_POINT ( 'NONE',  ( 1225.246382326439971, -29.01480643107909074, -7.722031676864935079 ) ) ;
#669 = CARTESIAN_POINT ( 'NONE',  ( 1222.985053072299934, -29.99312998518239581, 0.9474231817126167465 ) ) ;
#670 = AXIS2_PLACEMENT_3D ( 'NONE', #693, #1386, #2113 ) ;
#671 = DIRECTION ( 'NONE',  ( 1.000000000000000000, 1.384456086174630086E-17, 0.000000000000000000 ) ) ;
#672 = CARTESIAN_POINT ( 'NONE',  ( 1225.543365832000063, -29.09323160979970169, -16.69340545427479938 ) ) ;
#673 = EDGE_CURVE ( 'NONE', #820, #1651, #1436, .T. ) ;
#674 = CARTESIAN_POINT ( 'NONE',  ( 1217.683884993027959, -26.54800628230474402, -13.98041127009420315 ) ) ;
#675 = CARTESIAN_POINT ( 'NONE',  ( 1225.964615487829633, 29.67435814827499030, 4.553679805254283508 ) ) ;
#676 = CARTESIAN_POINT ( 'NONE',  ( 1214.168520156303885, 23.62340667211092793, 18.49160756394399741 ) ) ;
#677 = CARTESIAN_POINT ( 'NONE',  ( 1219.177572073163674, -27.61842632094915118, 11.71449548811012775 ) ) ;
#678 = CARTESIAN_POINT ( 'NONE',  ( 1219.910952061429043, -22.47877725158318896, 28.47570395027654655 ) ) ;
#679 = CARTESIAN_POINT ( 'NONE',  ( 1214.186332565220027, -10.31034237186240610, 28.30648890679281848 ) ) ;
#680 = CARTESIAN_POINT ( 'NONE',  ( 1215.229047620783376, 13.17189771780899932, -36.45748797643204853 ) ) ;
#681 = CARTESIAN_POINT ( 'NONE',  ( 1226.317434021089866, -29.98624233477482903, -1.027563764220229992 ) ) ;
#682 = CARTESIAN_POINT ( 'NONE',  ( 1221.374522345760170, -29.04824054211542261, 7.509255603841335613 ) ) ;
#683 = DIRECTION ( 'NONE',  ( 0.000000000000000000, 1.000000000000000000, 0.000000000000000000 ) ) ;
#684 = ORIENTED_EDGE ( 'NONE', *, *, #196, .T. ) ;
#685 = CARTESIAN_POINT ( 'NONE',  ( 1218.826505508521677, -27.37438901226938626, -12.27450048653893866 ) ) ;
#686 = CARTESIAN_POINT ( 'NONE',  ( 1226.302485531200318, 29.97313598589701655, 1.293586693062818593 ) ) ;
#687 = CARTESIAN_POINT ( 'NONE',  ( 1213.855769445885016, 23.33123732454756194, -18.85877551129360441 ) ) ;
#688 = CARTESIAN_POINT ( 'NONE',  ( 1215.311432456059492, 24.64261865567126009, 17.10968621302260217 ) ) ;
#689 = CARTESIAN_POINT ( 'NONE',  ( 1219.055906705702910, -27.53427724058315107, 11.91065156401927361 ) ) ;
#690 = CARTESIAN_POINT ( 'NONE',  ( 1219.845058611199875, -22.38974165110979797, 28.59850896303600010 ) ) ;
#691 = CARTESIAN_POINT ( 'NONE',  ( 1218.404329240710467, 20.08395032457105600, -31.14757061371316382 ) ) ;
#692 = CARTESIAN_POINT ( 'NONE',  ( 1222.545844366119582, -29.74378008567578391, -4.011679841294081506 ) ) ;
#693 = CARTESIAN_POINT ( 'NONE',  ( 1253.000000000000000, 1.714505518806299963E-14, 40.00000000000000000 ) ) ;
#694 = CARTESIAN_POINT ( 'NONE',  ( 1203.041000259259135, 1.559523455845886364, -29.96156013738199064 ) ) ;
#695 = ORIENTED_EDGE ( 'NONE', *, *, #2137, .T. ) ;
#696 = CARTESIAN_POINT ( 'NONE',  ( 1222.983654182711689, 29.99234330097189982, -0.9657986546510375359 ) ) ;
#697 = CARTESIAN_POINT ( 'NONE',  ( 1227.581512477220258, 30.88828520969770963, 10.52055259517806896 ) ) ;
#698 = CARTESIAN_POINT ( 'NONE',  ( 1217.050891231988544, 26.06358494716320706, 14.85562518785536135 ) ) ;
#699 = CARTESIAN_POINT ( 'NONE',  ( 1222.474817709666695, -29.70091254278727178, 4.257768391563997668 ) ) ;
#700 = CARTESIAN_POINT ( 'NONE',  ( 1210.660504530570279, -19.96700330101718279, 22.40488980977299249 ) ) ;
#701 = CARTESIAN_POINT ( 'NONE',  ( 1217.756723619829017, 18.92133211806703841, -32.26136955073114621 ) ) ;
#702 = CARTESIAN_POINT ( 'NONE',  ( 1226.321937889450055, -29.99018055433649366, 1.088009214412810621 ) ) ;
#703 = CARTESIAN_POINT ( 'NONE',  ( 1205.065904069311500, -10.69203899880729303, 28.03340774786352085 ) ) ;
#704 = FACE_OUTER_BOUND ( 'NONE', #435, .T. ) ;
#705 = CARTESIAN_POINT ( 'NONE',  ( 1224.731483230329786, 28.52285762263887392, -9.422573645686570742 ) ) ;
#706 = CARTESIAN_POINT ( 'NONE',  ( 1228.410701038852494, 31.54944421310407066, 6.690406615304408611 ) ) ;
#707 = CARTESIAN_POINT ( 'NONE',  ( 1213.542441077271405, 23.03246532632062937, 19.22252702240634648 ) ) ;
#708 = CARTESIAN_POINT ( 'NONE',  ( 1221.156938535696781, -28.91198902186561526, 8.009994239147104622 ) ) ;
#709 = CARTESIAN_POINT ( 'NONE',  ( 1222.924692949960445, 29.95756810219724287, 1.904440664059311450 ) ) ;
#710 = CARTESIAN_POINT ( 'NONE',  ( 1204.506927194457376, -9.137518767558169941, -28.57469657229948012 ) ) ;
#711 = LOCAL_TIME ( 14, 13, 48.00000000000000000, #590 ) ;
#712 = CARTESIAN_POINT ( 'NONE',  ( 1223.639626458402518, 27.16655411529857389, -21.14250379489103793 ) ) ;
#713 = CARTESIAN_POINT ( 'NONE',  ( 1226.226716332730575, -29.90679745283638979, 2.584747476510697695 ) ) ;
#714 = CARTESIAN_POINT ( 'NONE',  ( 1213.944226876879611, -9.262889573555401768, 28.64863218230371089 ) ) ;
#715 = CARTESIAN_POINT ( 'NONE',  ( 1277.999999999999773, 1.714505518806299963E-14, -40.00000000000000000 ) ) ;
#716 = CARTESIAN_POINT ( 'NONE',  ( 1207.337330542831751, 15.27785621181712372, -25.81880125627784039 ) ) ;
#717 = APPLICATION_PROTOCOL_DEFINITION ( 'international standard', 'config_control_design', 1994, #1723 ) ;
#718 = CARTESIAN_POINT ( 'NONE',  ( 1226.225710127120010, 29.90591058471473929, -2.593563423225519582 ) ) ;
#719 = CARTESIAN_POINT ( 'NONE',  ( 1218.046790986843462, 19.44984722014978118, 31.76407351186148631 ) ) ;
#720 = CARTESIAN_POINT ( 'NONE',  ( 1215.899813423873638, -25.14020836123924241, 16.37064349036033306 ) ) ;
#721 = CARTESIAN_POINT ( 'NONE',  ( 1228.186303397457777, 31.37334668428420770, -7.883389309929993871 ) ) ;
#722 = CARTESIAN_POINT ( 'NONE',  ( 1218.248323566400359, -26.97698918808680801, 13.18302324997289432 ) ) ;
#723 = CARTESIAN_POINT ( 'NONE',  ( 1214.365871224779994, -10.38724009305279949, 37.84463104690910029 ) ) ;
#724 = CARTESIAN_POINT ( 'NONE',  ( 1221.060705357569077, 28.85635973540009047, -8.248443986108979331 ) ) ;
#725 = CARTESIAN_POINT ( 'NONE',  ( 1205.059256930658648, 10.65396738835839585, -28.04562638152131626 ) ) ;
#726 = CARTESIAN_POINT ( 'NONE',  ( 1222.975143741748752, 29.98755042231730883, 0.8642002534923117762 ) ) ;
#727 = CARTESIAN_POINT ( 'NONE',  ( 1223.731328614601580, 27.26458881663270617, 20.94138503829808684 ) ) ;
#728 = CARTESIAN_POINT ( 'NONE',  ( 1213.657268747434500, 7.221549638323964793, 38.96811667328585571 ) ) ;
#729 = CARTESIAN_POINT ( 'NONE',  ( 1224.957991844924436, -28.52465712243787266, 18.13009958920100573 ) ) ;
#730 = CARTESIAN_POINT ( 'NONE',  ( 1225.329044892183447, 28.88461037982175128, -17.21573557367233676 ) ) ;
#731 = CARTESIAN_POINT ( 'NONE',  ( 1205.449720532710671, -11.62597779136568654, 27.66360562418920566 ) ) ;
#732 = CARTESIAN_POINT ( 'NONE',  ( 1226.337048342097887, 30.00340145468701536, 0.08802548356856734757 ) ) ;
#733 = CARTESIAN_POINT ( 'NONE',  ( 1203.758976519552562, 6.509189363011917528, -29.28534780840767482 ) ) ;
#734 = CARTESIAN_POINT ( 'NONE',  ( 1205.793059504452458, -12.35810755105624992, 27.33639968045071811 ) ) ;
#735 = APPLICATION_PROTOCOL_DEFINITION ( 'international standard', 'config_control_design', 1994, #1642 ) ;
#736 = CARTESIAN_POINT ( 'NONE',  ( 1225.642184094479944, 29.18616209652690330, -16.43874792875769941 ) ) ;
#737 = CARTESIAN_POINT ( 'NONE',  ( 1221.630001385172136, 24.82088830381020372, 25.25357810893991584 ) ) ;
#738 = LOCAL_TIME ( 14, 13, 48.00000000000000000, #1457 ) ;
#739 = CARTESIAN_POINT ( 'NONE',  ( 1214.113776886935511, 9.390875566770622740, 38.24570540036428667 ) ) ;
#740 = CARTESIAN_POINT ( 'NONE',  ( 1226.218374934264830, -29.71114284339997624, 14.85714547221065729 ) ) ;
#741 = PLANE ( 'NONE',  #1032 ) ;
#742 = CARTESIAN_POINT ( 'NONE',  ( 1203.228751908890672, 3.738332480933652224, 29.77959850037223077 ) ) ;
#743 = CC_DESIGN_APPROVAL ( #2156, ( #1144 ) ) ;
#744 = DIRECTION ( 'NONE',  ( 0.000000000000000000, 1.000000000000000000, 0.000000000000000000 ) ) ;
#745 = CARTESIAN_POINT ( 'NONE',  ( 1221.846418003590998, -29.33118547964625478, 6.299352161566885044 ) ) ;
#746 = CARTESIAN_POINT ( 'NONE',  ( 1213.331982098819708, 5.746305957277382248, -29.51583710743753031 ) ) ;
#747 = CARTESIAN_POINT ( 'NONE',  ( 1220.880488518251695, 23.84019143110298700, 26.68308231835846556 ) ) ;
#748 = CARTESIAN_POINT ( 'NONE',  ( 1214.085089325189983, 9.361054530404368634, 38.29216839658749905 ) ) ;
#749 = CARTESIAN_POINT ( 'NONE',  ( 1214.465149133754721, 10.72723106002445270, 37.68568362999488386 ) ) ;
#750 = DIRECTION ( 'NONE',  ( 0.000000000000000000, 0.000000000000000000, 1.000000000000000000 ) ) ;
#751 = CARTESIAN_POINT ( 'NONE',  ( 1228.941465384624280, -31.95636371380979668, -2.423053044316071603 ) ) ;
#752 = CYLINDRICAL_SURFACE ( 'NONE', #1589, 24.99999999999991118 ) ;
#753 = CARTESIAN_POINT ( 'NONE',  ( 1220.599617271818715, -23.81573467527570998, 18.44304708824521910 ) ) ;
#754 = CARTESIAN_POINT ( 'NONE',  ( 1215.281734655950004, 13.34623898196270098, 36.37322562109880408 ) ) ;
#755 = CARTESIAN_POINT ( 'NONE',  ( 1253.000000000000000, 47.50000000000002132, 0.000000000000000000 ) ) ;
#756 = CALENDAR_DATE ( 2026, 17, 8 ) ;
#757 = CARTESIAN_POINT ( 'NONE',  ( 1208.653141859379502, 17.36733762860150776, -24.49387332176538123 ) ) ;
#758 = CARTESIAN_POINT ( 'NONE',  ( 1216.324576818642754, 15.97386683309141198, 34.66660744962008778 ) ) ;
#759 = CARTESIAN_POINT ( 'NONE',  ( 1210.300089343599893, -19.51034842810798864, 22.78917205300229298 ) ) ;
#760 = CARTESIAN_POINT ( 'NONE',  ( 1219.300661981318854, 27.70417592226118941, 11.51934390322131208 ) ) ;
#761 = CARTESIAN_POINT ( 'NONE',  ( 1226.165581569899587, 29.85271828556193086, 3.086601910371530533 ) ) ;
#762 = CARTESIAN_POINT ( 'NONE',  ( 1212.001002940252647, -21.46470783824384654, -20.95868155089215534 ) ) ;
#763 = CARTESIAN_POINT ( 'NONE',  ( 1225.584659884688108, -29.12865500464219792, 16.57137252759273949 ) ) ;
#764 = CARTESIAN_POINT ( 'NONE',  ( 1215.459595731849276, -13.81008174761872631, 36.08327971368073861 ) ) ;
#765 = ORIENTED_EDGE ( 'NONE', *, *, #1650, .T. ) ;
#766 = CARTESIAN_POINT ( 'NONE',  ( 1222.596029606689854, 29.77256496745948056, -3.792350553664699309 ) ) ;
#767 = CARTESIAN_POINT ( 'NONE',  ( 1221.438176052228528, -24.89034747369471035, -16.90771394759531177 ) ) ;
#768 = APPROVAL_STATUS ( 'not_yet_approved' ) ;
#769 = CARTESIAN_POINT ( 'NONE',  ( 1213.000276026600204, 0.6773921648310393673, -29.99349319070397257 ) ) ;
#770 = CARTESIAN_POINT ( 'NONE',  ( 1209.287415983837946, -18.20634797719326414, 23.84499016607317046 ) ) ;
#771 = CARTESIAN_POINT ( 'NONE',  ( 1225.257459281299134, 29.02524998101380405, 7.682698587220525788 ) ) ;
#772 = CARTESIAN_POINT ( 'NONE',  ( 1208.131261641187166, -16.55024121006972848, -25.02384179606864834 ) ) ;
#773 = CARTESIAN_POINT ( 'NONE',  ( 1215.642432845805160, 24.92452407011894167, -16.69635331884451190 ) ) ;
#774 = CARTESIAN_POINT ( 'NONE',  ( 1205.463214259650613, 11.62633323625668957, 27.65605978530416209 ) ) ;
#775 = CARTESIAN_POINT ( 'NONE',  ( 1228.688844549902569, -31.76445038618511063, -4.883006805445668341 ) ) ;
#776 = CARTESIAN_POINT ( 'NONE',  ( 1216.309038240191740, -15.93394738331597971, 34.69152738462195629 ) ) ;
#777 = CARTESIAN_POINT ( 'NONE',  ( 1213.028479451799740, 1.818362875940119583, -29.95240967865769477 ) ) ;
#778 = ORIENTED_EDGE ( 'NONE', *, *, #970, .F. ) ;
#779 = LOCAL_TIME ( 14, 13, 48.00000000000000000, #1315 ) ;
#780 = ORIENTED_EDGE ( 'NONE', *, *, #1411, .T. ) ;
#781 = DATE_AND_TIME ( #1446, #1432 ) ;
#782 = CARTESIAN_POINT ( 'NONE',  ( 1213.565906223900811, 7.365576025835389729, -29.18348391603731784 ) ) ;
#783 = CARTESIAN_POINT ( 'NONE',  ( 1213.326036998209929, 5.119134842452170098, -39.48942693630860390 ) ) ;
#784 = CARTESIAN_POINT ( 'NONE',  ( 1210.351960105107082, -19.57408340339150854, 22.73447744130585946 ) ) ;
#785 = CARTESIAN_POINT ( 'NONE',  ( 1221.446663842450107, 24.90112129736939295, 16.89205145804478292 ) ) ;
#786 = CARTESIAN_POINT ( 'NONE',  ( 1206.651617231984801, -14.07123699533319794, -26.49733989731220163 ) ) ;
#787 = CARTESIAN_POINT ( 'NONE',  ( 1215.140381593695338, 24.49487928635456768, -17.32089595671966009 ) ) ;
#788 = CARTESIAN_POINT ( 'NONE',  ( 1207.812026850048824, 16.05298309787440303, 25.34476332712103996 ) ) ;
#789 = CARTESIAN_POINT ( 'NONE',  ( 1222.965873444886029, -26.41938742117259409, -22.57179977891834355 ) ) ;
#790 = CARTESIAN_POINT ( 'NONE',  ( 1253.000000000000000, 1.714505518806299963E-14, -47.50000000000000000 ) ) ;
#791 = CARTESIAN_POINT ( 'NONE',  ( 1217.595981246888641, -19.11292851573442420, -23.33283160512686649 ) ) ;
#792 = CARTESIAN_POINT ( 'NONE',  ( 1203.742074386469994, -6.436854152759585723, 29.30133200187903242 ) ) ;
#793 = CARTESIAN_POINT ( 'NONE',  ( 1210.646031060449559, 19.94997303164530322, -22.42031697874789131 ) ) ;
#794 = ORIENTED_EDGE ( 'NONE', *, *, #151, .T. ) ;
#795 = CARTESIAN_POINT ( 'NONE',  ( 1204.597553520920656, 9.509983313764525548, -28.48361496932281511 ) ) ;
#796 = CARTESIAN_POINT ( 'NONE',  ( 1228.971548210720130, 31.97864411712859933, 1.502432486708240145 ) ) ;
#797 = CARTESIAN_POINT ( 'NONE',  ( 1210.261067026399587, -19.46223024380900668, -22.83027929497747621 ) ) ;
#798 = CARTESIAN_POINT ( 'NONE',  ( 1214.792633213249474, 24.21158856719590702, 17.75698779188809695 ) ) ;
#799 = CARTESIAN_POINT ( 'NONE',  ( 1220.594918791848613, 28.55827238434915216, -9.188315643735045057 ) ) ;
#800 = CARTESIAN_POINT ( 'NONE',  ( 1221.318601764448204, -24.42048787686582756, -25.85256768995098042 ) ) ;
#801 = CARTESIAN_POINT ( 'NONE',  ( 1213.020922398819721, -1.595826328403770589, -29.96340548707289742 ) ) ;
#802 = CARTESIAN_POINT ( 'NONE',  ( 1220.640973712828782, -23.51391553463984607, 27.13137960540655769 ) ) ;
#803 = CARTESIAN_POINT ( 'NONE',  ( 1213.697392549548340, 7.436758613035905796, -38.90481274836557191 ) ) ;
#804 = CARTESIAN_POINT ( 'NONE',  ( 1203.401557451589724, 4.799943322654499411, -29.61695082930009804 ) ) ;
#805 = CARTESIAN_POINT ( 'NONE',  ( 1215.279946151290233, -13.34113629517290001, -36.37611812109700082 ) ) ;
#806 = CARTESIAN_POINT ( 'NONE',  ( 1212.563541709637775, -22.05753762427079323, 20.33491497065788778 ) ) ;
#807 = EDGE_CURVE ( 'NONE', #1567, #422, #487, .T. ) ;
#808 = CARTESIAN_POINT ( 'NONE',  ( 1213.774517631261006, -23.25437395815190200, -18.95347366178463488 ) ) ;
#809 = CARTESIAN_POINT ( 'NONE',  ( 1211.712187721140253, 21.18487013366391736, 21.27805521200469485 ) ) ;
#810 = CARTESIAN_POINT ( 'NONE',  ( 1221.163532824595450, 28.91604771846986566, -7.995259923799884483 ) ) ;
#811 = CARTESIAN_POINT ( 'NONE',  ( 1203.922642648989495, 7.237441915498657785, 29.13062307406539020 ) ) ;
#812 = CARTESIAN_POINT ( 'NONE',  ( 1222.784471959237635, -26.21226136071578949, -22.94757310083370783 ) ) ;
#813 = CARTESIAN_POINT ( 'NONE',  ( 1213.112036014119894, -3.345776270238419059, -29.83145957294994588 ) ) ;
#814 = CARTESIAN_POINT ( 'NONE',  ( 1204.674106512927210, -9.622795198243821346, 28.41493838406292127 ) ) ;
#815 = CARTESIAN_POINT ( 'NONE',  ( 1223.371609054989221, -26.87400717365156666, 21.71870775842327816 ) ) ;
#816 = CARTESIAN_POINT ( 'NONE',  ( 1213.234520777744819, 4.370026151122868185, -39.63315327234589347 ) ) ;
#817 = CARTESIAN_POINT ( 'NONE',  ( 1214.185369024730107, 10.30710172923989987, -28.30785377593356955 ) ) ;
#818 = CARTESIAN_POINT ( 'NONE',  ( 1226.709241023339928, -30.14818471405959954, -13.43737143685399893 ) ) ;
#819 = CARTESIAN_POINT ( 'NONE',  ( 1205.230848728919909, -11.12364650411091027, -27.87517164883359300 ) ) ;
#820 = VERTEX_POINT ( 'NONE', #625 ) ;
#821 = CIRCLE ( 'NONE', #1325, 30.00000000000000000 ) ;
#822 = CARTESIAN_POINT ( 'NONE',  ( 1221.792949072943657, -29.29919487432184866, -6.446608388952289381 ) ) ;
#823 = CARTESIAN_POINT ( 'NONE',  ( 1223.423198330139940, 26.93718392892160196, 21.61940096625299645 ) ) ;
#824 = CARTESIAN_POINT ( 'NONE',  ( 1220.129212101272515, 28.25844587792207108, -10.08401361402331275 ) ) ;
#825 = CARTESIAN_POINT ( 'NONE',  ( 1205.555051051098417, 11.83459908379822600, 27.56718342723725002 ) ) ;
#826 = CARTESIAN_POINT ( 'NONE',  ( 1222.601646126933929, -25.99901852350385667, -23.32057664862583479 ) ) ;
#827 = CARTESIAN_POINT ( 'NONE',  ( 1218.828332349150514, -20.79302826652565983, 30.40653093078165981 ) ) ;
#828 = CARTESIAN_POINT ( 'NONE',  ( 1213.266206619950253, -5.122344607997872501, -29.60997889519682857 ) ) ;
#829 = CARTESIAN_POINT ( 'NONE',  ( 1203.950346684332317, -7.284458315179035637, 29.10419120413622807 ) ) ;
#830 = EDGE_LOOP ( 'NONE', ( #450, #1556 ) ) ;
#831 = CARTESIAN_POINT ( 'NONE',  ( 1227.952115761630012, -31.18771964832539823, -8.998646175769899003 ) ) ;
#832 = CARTESIAN_POINT ( 'NONE',  ( 1215.990115780130054, -15.23223633421789991, -35.22018510987840045 ) ) ;
#833 = CARTESIAN_POINT ( 'NONE',  ( 1215.595662758804110, -24.88503638737826051, -16.75514936119656539 ) ) ;
#834 = DIRECTION ( 'NONE',  ( 1.000000000000000000, 0.000000000000000000, 0.000000000000000000 ) ) ;
#835 = CARTESIAN_POINT ( 'NONE',  ( 1213.842484881937253, 23.31871113102827664, -18.87426226225544212 ) ) ;
#836 = CARTESIAN_POINT ( 'NONE',  ( 1214.334451740376380, 23.77601384554665742, 18.29491876341088386 ) ) ;
#837 = CARTESIAN_POINT ( 'NONE',  ( 1216.860642931865186, -17.14566582860557276, -33.77444574134476341 ) ) ;
#838 = CARTESIAN_POINT ( 'NONE',  ( 1215.642748406380178, -14.91057379602861666, 26.23016512447768633 ) ) ;
#839 = FACE_OUTER_BOUND ( 'NONE', #1820, .T. ) ;
#840 = CARTESIAN_POINT ( 'NONE',  ( 1228.835192677679970, -31.87586905008280169, -3.638575989669190047 ) ) ;
#841 = EDGE_CURVE ( 'NONE', #422, #1845, #310, .T. ) ;
#842 = CARTESIAN_POINT ( 'NONE',  ( 1217.608011824118421, 19.13564907267069870, 23.31453993137498415 ) ) ;
#843 = CARTESIAN_POINT ( 'NONE',  ( 1224.858019936239998, -28.43151413028390095, -18.38829568132180015 ) ) ;
#844 = CARTESIAN_POINT ( 'NONE',  ( 1219.028226339813273, -27.51506567181678875, -11.95496571487459647 ) ) ;
#845 = CARTESIAN_POINT ( 'NONE',  ( 1228.940223335399878, 31.95511041430029664, 2.202370734215949977 ) ) ;
#846 = CARTESIAN_POINT ( 'NONE',  ( 1209.106100714698869, 17.96018624275999898, -24.03166797126932863 ) ) ;
#847 = CARTESIAN_POINT ( 'NONE',  ( 1217.061481245700179, 26.07179795957659607, 14.84120501086239763 ) ) ;
#848 = CARTESIAN_POINT ( 'NONE',  ( 1220.583517472001631, -28.55099281935006061, 9.210910687231276484 ) ) ;
#849 = CARTESIAN_POINT ( 'NONE',  ( 1213.693535225805363, 7.416347254671749489, -38.91090138672404919 ) ) ;
#850 = CARTESIAN_POINT ( 'NONE',  ( 1221.769946246540712, -29.28830438262659897, 6.529972746879712631 ) ) ;
#851 = CARTESIAN_POINT ( 'NONE',  ( 1253.000000000000000, -29.99999999999998224, 3.673940397442059178E-15 ) ) ;
#852 = CARTESIAN_POINT ( 'NONE',  ( 1221.180302927429921, -24.27943974564179896, -26.14397394709969902 ) ) ;
#853 = CARTESIAN_POINT ( 'NONE',  ( 1214.398097171257859, -23.83445151395207873, -18.21899099540693001 ) ) ;
#854 = CARTESIAN_POINT ( 'NONE',  ( 1228.538788002675574, 31.64910685194050899, 5.938626884160232322 ) ) ;
#855 = CARTESIAN_POINT ( 'NONE',  ( 1214.806879399607851, 24.20173772119546385, -17.72787872598133418 ) ) ;
#856 = CARTESIAN_POINT ( 'NONE',  ( 1218.426949556117734, 27.09059086128732119, 12.88842955362833287 ) ) ;
#857 = CARTESIAN_POINT ( 'NONE',  ( 1214.286438195307255, -10.07884070487401651, -37.97130368184753024 ) ) ;
#858 = AXIS2_PLACEMENT_3D ( 'NONE', #155, #351, #1374 ) ;
#859 = CC_DESIGN_PERSON_AND_ORGANIZATION_ASSIGNMENT ( #211, #27, ( #1407 ) ) ;
#860 = CARTESIAN_POINT ( 'NONE',  ( 1218.336255338830597, -20.41902068518361091, 22.18666806488688437 ) ) ;
#861 = CARTESIAN_POINT ( 'NONE',  ( 1226.631592625019266, 30.07835024161328974, -13.65265265980319498 ) ) ;
#862 = CARTESIAN_POINT ( 'NONE',  ( 1225.314484790649203, -29.07874357940098520, 7.474178525711454135 ) ) ;
#863 = DIRECTION ( 'NONE',  ( 1.000000000000000000, 1.384456086174630086E-17, 0.000000000000000000 ) ) ;
#864 = CARTESIAN_POINT ( 'NONE',  ( 1204.641964441328128, 9.531259378836557161, -28.44566868317327391 ) ) ;
#865 = CARTESIAN_POINT ( 'NONE',  ( 1214.610994572290338, 24.05085699350210504, -17.97345601470451371 ) ) ;
#866 = CARTESIAN_POINT ( 'NONE',  ( 1220.280501752580903, 28.36137333038919550, 9.815302329616644172 ) ) ;
#867 = CARTESIAN_POINT ( 'NONE',  ( 1215.212733510576072, 24.55749472671089251, 17.23174422917851345 ) ) ;
#868 = CARTESIAN_POINT ( 'NONE',  ( 1222.145144701346453, -29.50849120895515654, 5.419545955670256987 ) ) ;
#869 = CARTESIAN_POINT ( 'NONE',  ( 1213.448721668409689, -6.554447375086551730, 29.34993713640731983 ) ) ;
#870 = CARTESIAN_POINT ( 'NONE',  ( 1222.481792119047896, 25.85875473390440149, -23.56460553664466318 ) ) ;
#871 = CARTESIAN_POINT ( 'NONE',  ( 1217.065484891679944, -26.08444992463760670, 14.84147114599119099 ) ) ;
#872 = PLANE ( 'NONE',  #1550 ) ;
#873 = CARTESIAN_POINT ( 'NONE',  ( 1203.055666308015361, -2.066272508432079658, -29.94819804068599467 ) ) ;
#874 = CARTESIAN_POINT ( 'NONE',  ( 1222.683025913009942, -29.82021981462431270, -3.279449037169180237 ) ) ;
#875 = CARTESIAN_POINT ( 'NONE',  ( 1227.962888755669837, 31.19637991957230128, 8.952404693238300126 ) ) ;
#876 = CARTESIAN_POINT ( 'NONE',  ( 1213.493620511994322, 22.98951975252854751, -19.28074752601051500 ) ) ;
#877 = CARTESIAN_POINT ( 'NONE',  ( 1214.382223287931993, 23.81962214091010566, 18.23804687111681488 ) ) ;
#878 = CARTESIAN_POINT ( 'NONE',  ( 1222.693574408689301, -29.82625734776664572, 3.224069794423860547 ) ) ;
#879 = CARTESIAN_POINT ( 'NONE',  ( 1220.260866015441025, 28.34314608037385597, 9.831892841959618323 ) ) ;
#880 = CARTESIAN_POINT ( 'NONE',  ( 1215.998556957109940, 15.25379837052130050, 35.20640283433899498 ) ) ;
#881 = CARTESIAN_POINT ( 'NONE',  ( 1203.119169713669862, -2.742039365899499259, 29.88249170972180835 ) ) ;
#882 = CARTESIAN_POINT ( 'NONE',  ( 1204.434202435668567, -8.918803339075356718, -28.64410946530612634 ) ) ;
#883 = CARTESIAN_POINT ( 'NONE',  ( 1225.646335608570780, 29.18683638254855595, -16.41154085877789726 ) ) ;
#884 = CARTESIAN_POINT ( 'NONE',  ( 1224.650879043108489, -28.44157368395742225, -9.632622312099238471 ) ) ;
#885 = CARTESIAN_POINT ( 'NONE',  ( 1204.291953437559414, -8.533416297111951820, 28.77418492456440902 ) ) ;
#886 = DIRECTION ( 'NONE',  ( 1.000000000000000000, 1.384456086174630086E-17, 0.000000000000000000 ) ) ;
#887 = CARTESIAN_POINT ( 'NONE',  ( 1207.147624214942198, 14.95417918185735395, -26.00716691697057215 ) ) ;
#888 = DIRECTION ( 'NONE',  ( 1.000000000000000000, 0.000000000000000000, 0.000000000000000000 ) ) ;
#889 = CARTESIAN_POINT ( 'NONE',  ( 1226.898367709040031, 30.31336535809519717, -12.86366732313799943 ) ) ;
#890 = EDGE_CURVE ( 'NONE', #91, #121, #821, .T. ) ;
#891 = CARTESIAN_POINT ( 'NONE',  ( 1220.761457535248610, 28.66499761255159484, 8.863159094003139060 ) ) ;
#892 = CARTESIAN_POINT ( 'NONE',  ( 40.00000000000000000, 47.50000000000000000, 0.000000000000000000 ) ) ;
#893 = VECTOR ( 'NONE', #19, 1000.000000000000000 ) ;
#894 = CARTESIAN_POINT ( 'NONE',  ( 1213.037929233639943, -1.807364700825129900, 39.94072487076580558 ) ) ;
#895 = CARTESIAN_POINT ( 'NONE',  ( 1222.852897011314781, 26.29252775985110802, -22.80864782103155974 ) ) ;
#896 = CARTESIAN_POINT ( 'NONE',  ( 1219.131951214690162, -21.29647072141659692, 29.87504023971559874 ) ) ;
#897 = CARTESIAN_POINT ( 'NONE',  ( 1226.320772058800685, 29.98916028374770448, -1.109105498289500114 ) ) ;
#898 = CARTESIAN_POINT ( 'NONE',  ( 1203.000864316922389, 0.3460656049496769748, -29.99919684789089658 ) ) ;
#899 = CARTESIAN_POINT ( 'NONE',  ( 1213.075126037900645, 2.785235379170238001, -29.88475147666972376 ) ) ;
#900 = CARTESIAN_POINT ( 'NONE',  ( 1227.858968104849964, 31.11257635236919938, -9.396600757160019413 ) ) ;
#901 = CARTESIAN_POINT ( 'NONE',  ( 1221.090167967329535, 24.12120240188508191, 26.28778592475885745 ) ) ;
#902 = CARTESIAN_POINT ( 'NONE',  ( 1218.809464631400715, -27.36331971482882608, 12.30562091015826809 ) ) ;
#903 = CARTESIAN_POINT ( 'NONE',  ( 1213.385710975210031, 5.623057855407040506, 39.39587073131919936 ) ) ;
#904 = CARTESIAN_POINT ( 'NONE',  ( 1213.834131550995153, 8.134990446677347720, 38.68889598844148736 ) ) ;
#905 = CARTESIAN_POINT ( 'NONE',  ( 1225.409896926769761, 28.96181246150927535, -17.01161987189188807 ) ) ;
#906 = CARTESIAN_POINT ( 'NONE',  ( 1220.599617271818715, -23.81573467527570998, 18.44304708824521910 ) ) ;
#907 = CARTESIAN_POINT ( 'NONE',  ( 1226.898367709040031, 30.31336535809519717, -12.86366732313799943 ) ) ;
#908 = EDGE_CURVE ( 'NONE', #922, #1567, #346, .T. ) ;
#909 = CARTESIAN_POINT ( 'NONE',  ( 1205.550086635771777, 11.83347674869255783, -27.57234210234430094 ) ) ;
#910 = CARTESIAN_POINT ( 'NONE',  ( 1205.927819516775116, -12.64478290344291445, 27.20541824812978149 ) ) ;
#911 = CARTESIAN_POINT ( 'NONE',  ( 1221.529925582759233, 25.00467584203789073, -16.73552984570450874 ) ) ;
#912 = CARTESIAN_POINT ( 'NONE',  ( 1219.267938180423471, 21.49770053039431872, 29.62924387577581697 ) ) ;
#913 = CARTESIAN_POINT ( 'NONE',  ( 1214.756034394922153, -11.73540700862399611, 37.22044366268496418 ) ) ;
#914 = CARTESIAN_POINT ( 'NONE',  ( 1213.014263797890180, -1.244028330235329660, 29.97311839175831594 ) ) ;
#915 = CARTESIAN_POINT ( 'NONE',  ( 1253.000000000000000, 1.734723475976809934E-14, 0.000000000000000000 ) ) ;
#916 = CARTESIAN_POINT ( 'NONE',  ( 1220.575662271115561, -28.54597510412277472, 9.226449588738535823 ) ) ;
#917 = CARTESIAN_POINT ( 'NONE',  ( 1214.875859434019958, 12.13919501960629965, -37.02826299791289699 ) ) ;
#918 = CARTESIAN_POINT ( 'NONE',  ( 1226.792483463364988, -30.22352806648004275, 13.20217114769154421 ) ) ;
#919 = CARTESIAN_POINT ( 'NONE',  ( 1214.139292098124770, -9.546699499871451167, 38.20635346632156626 ) ) ;
#920 = CARTESIAN_POINT ( 'NONE',  ( 1224.989811759230406, -28.77023509164002135, 8.583393794285637313 ) ) ;
#921 = CARTESIAN_POINT ( 'NONE',  ( 1215.240071706240087, 13.87237377225259927, 26.81045583009860422 ) ) ;
#922 = VERTEX_POINT ( 'NONE', #1425 ) ;
#923 = CARTESIAN_POINT ( 'NONE',  ( 1217.937646678311467, 26.74291118506981135, -13.61958518839160526 ) ) ;
#924 = CARTESIAN_POINT ( 'NONE',  ( 1219.797357291858816, -22.69826240549036100, -19.82066455187288767 ) ) ;
#925 = CARTESIAN_POINT ( 'NONE',  ( 1213.062878738719519, -2.559195242372722223, -29.90248882775730976 ) ) ;
#926 = CARTESIAN_POINT ( 'NONE',  ( 1218.998235440883263, 21.07320239775731707, 30.10858887176026144 ) ) ;
#927 = CARTESIAN_POINT ( 'NONE',  ( 1210.311492338922335, -19.52437895262789525, 22.77715235150410678 ) ) ;
#928 = CARTESIAN_POINT ( 'NONE',  ( 1218.730827839223366, 27.30679921800389565, 12.42331510079952217 ) ) ;
#929 = CARTESIAN_POINT ( 'NONE',  ( 1219.014866408879925, 21.10955684346830097, 30.08208257550770170 ) ) ;
#930 = CARTESIAN_POINT ( 'NONE',  ( 1208.367112723973150, -16.90321936740535591, -24.78522429220449652 ) ) ;
#931 = CARTESIAN_POINT ( 'NONE',  ( 1215.016690877177098, -12.54385900730662762, 36.80061099208123920 ) ) ;
#932 = EDGE_LOOP ( 'NONE', ( #626, #684, #2218, #1464 ) ) ;
#933 = CARTESIAN_POINT ( 'NONE',  ( 1224.168354539440088, 27.96304680534440479, -10.99560952870029595 ) ) ;
#934 = ORIENTED_EDGE ( 'NONE', *, *, #673, .T. ) ;
#935 = CARTESIAN_POINT ( 'NONE',  ( 1213.112036014119894, -3.345776270238419059, -29.83145957294994588 ) ) ;
#936 = CARTESIAN_POINT ( 'NONE',  ( 1208.743144007694355, -17.45000581278893748, 24.40292559524764826 ) ) ;
#937 = CARTESIAN_POINT ( 'NONE',  ( 1221.700733846921594, 29.24678494322412092, 6.713519434909155592 ) ) ;
#938 = CARTESIAN_POINT ( 'NONE',  ( 1208.573453843605876, -17.20563261708984726, -24.57572873523754353 ) ) ;
#939 = CARTESIAN_POINT ( 'NONE',  ( 1219.128999044584816, 27.58486670886397363, -11.79308499760312046 ) ) ;
#940 = CARTESIAN_POINT ( 'NONE',  ( 1203.679003392262302, 6.159228628874699574, 29.36095733995229295 ) ) ;
#941 = CARTESIAN_POINT ( 'NONE',  ( 1224.596086665196708, -28.16458938066617534, 18.99070715839512857 ) ) ;
#942 = CARTESIAN_POINT ( 'NONE',  ( 1215.478301552235280, -13.86082301153059504, 36.05286632459246476 ) ) ;
#943 = ORIENTED_EDGE ( 'NONE', *, *, #71, .T. ) ;
#944 = CARTESIAN_POINT ( 'NONE',  ( 1213.565906223900811, 7.365576025835389729, -29.18348391603731784 ) ) ;
#945 = EDGE_LOOP ( 'NONE', ( #1205, #400 ) ) ;
#946 = PERSON_AND_ORGANIZATION_ROLE ( 'creator' ) ;
#947 = CARTESIAN_POINT ( 'NONE',  ( 1210.646031060449559, 19.94997303164530322, -22.42031697874789131 ) ) ;
#948 = CARTESIAN_POINT ( 'NONE',  ( 1210.830619437152109, -20.14977308024157665, 22.22688274203425962 ) ) ;
#949 = CARTESIAN_POINT ( 'NONE',  ( 1227.639964423839956, 30.93385889122069798, 10.25537986199579876 ) ) ;
#950 = CARTESIAN_POINT ( 'NONE',  ( 1211.387128179530237, -20.79052428063897295, -21.62893284508315261 ) ) ;
#951 = CARTESIAN_POINT ( 'NONE',  ( 1211.184338684006207, 20.56035854201428137, 21.84780735245382743 ) ) ;
#952 = CARTESIAN_POINT ( 'NONE',  ( 1222.417622424533192, -25.78230242052719134, -23.69357721916014015 ) ) ;
#953 = CARTESIAN_POINT ( 'NONE',  ( 1213.489353764141697, -6.250776571696761152, 39.23279534729608997 ) ) ;
#954 = AXIS2_PLACEMENT_3D ( 'NONE', #167, #863, #514 ) ;
#955 = CARTESIAN_POINT ( 'NONE',  ( 1213.429818761620254, -5.893013836866439981, -39.32645779623850046 ) ) ;
#956 = CIRCLE ( 'NONE', #1553, 47.50000000000000000 ) ;
#957 = CARTESIAN_POINT ( 'NONE',  ( 1218.422467038109971, 20.12491593027499803, -31.11849494536850358 ) ) ;
#958 =( GEOMETRIC_REPRESENTATION_CONTEXT ( 3 ) GLOBAL_UNCERTAINTY_ASSIGNED_CONTEXT ( ( #353 ) ) GLOBAL_UNIT_ASSIGNED_CONTEXT ( ( #580, #2186, #1123 ) ) REPRESENTATION_CONTEXT ( 'NONE', 'WORKASPACE' ) );
#959 = CARTESIAN_POINT ( 'NONE',  ( 1205.339320283350389, 11.38200488632969609, -27.77058303133038564 ) ) ;
#960 = CARTESIAN_POINT ( 'NONE',  ( 1210.524343656270275, -19.78414454796483213, 22.55232854139488552 ) ) ;
#961 = CARTESIAN_POINT ( 'NONE',  ( 1222.975143741748752, 29.98755042231730883, 0.8642002534923117762 ) ) ;
#962 = CARTESIAN_POINT ( 'NONE',  ( 1211.940857863829706, -21.39997099478952336, -21.02481631413980523 ) ) ;
#963 = CARTESIAN_POINT ( 'NONE',  ( 1213.750202598180522, 8.388924279099164494, 28.92278384395183366 ) ) ;
#964 = CARTESIAN_POINT ( 'NONE',  ( 1205.642161153356255, 12.02895267027126991, 27.48280407329921005 ) ) ;
#965 = CARTESIAN_POINT ( 'NONE',  ( 1218.943860308417015, -20.98550906875321331, -30.20441557944324629 ) ) ;
#966 = CARTESIAN_POINT ( 'NONE',  ( 1217.954391749977958, -19.28227844551731707, 31.92258255306825632 ) ) ;
#967 = CARTESIAN_POINT ( 'NONE',  ( 1212.997809037560501, -0.4566040278555049681, -29.99709309026298243 ) ) ;
#968 = CARTESIAN_POINT ( 'NONE',  ( 1203.591281375669723, 5.819225830493975238, -29.43811226611470744 ) ) ;
#969 = MANIFOLD_SOLID_BREP ( 'Solid1[1]', #3 ) ;
#970 = EDGE_CURVE ( 'NONE', #340, #1832, #21, .T. ) ;
#971 = EDGE_LOOP ( 'NONE', ( #2017, #1976 ) ) ;
#972 = CARTESIAN_POINT ( 'NONE',  ( 1220.615376980668771, -28.57427265795031701, -9.148381579872864933 ) ) ;
#973 = CARTESIAN_POINT ( 'NONE',  ( 1215.118599523281773, -24.47588732254635957, 17.34772666771773331 ) ) ;
#974 = CARTESIAN_POINT ( 'NONE',  ( 1213.757587988831119, -23.23830647990747877, -18.97318143741328811 ) ) ;
#975 = CARTESIAN_POINT ( 'NONE',  ( 1202.987007584959429, 0.6461077598904776398, 30.00646424365513099 ) ) ;
#976 = CARTESIAN_POINT ( 'NONE',  ( 1217.212027012124963, -17.86844646151669025, -33.18483602212165096 ) ) ;
#977 = CARTESIAN_POINT ( 'NONE',  ( 1213.971657949250130, -8.811366858578718819, -38.47150901559439973 ) ) ;
#978 = CARTESIAN_POINT ( 'NONE',  ( 1222.225121186758770, -25.55221943583678268, 24.07986491596862422 ) ) ;
#979 = DIRECTION ( 'NONE',  ( 0.000000000000000000, 0.000000000000000000, 1.000000000000000000 ) ) ;
#980 = CARTESIAN_POINT ( 'NONE',  ( 1219.674612915940088, 22.51982713776251543, -20.02283145789692398 ) ) ;
#981 = CARTESIAN_POINT ( 'NONE',  ( 1228.638898794240049, -31.72663234686320166, -5.349548908248369372 ) ) ;
#982 = CARTESIAN_POINT ( 'NONE',  ( 1213.971657949250130, -8.811366858578718819, -38.47150901559439973 ) ) ;
#983 = CARTESIAN_POINT ( 'NONE',  ( 1222.476780773775545, 29.70205077469755750, -4.250066466797029818 ) ) ;
#984 = CARTESIAN_POINT ( 'NONE',  ( 1221.677429308693945, -29.22985159223619078, -6.755846350403161615 ) ) ;
#985 = CARTESIAN_POINT ( 'NONE',  ( 1218.668867628188309, 20.99156030089850944, 21.67013470018677879 ) ) ;
#986 = CARTESIAN_POINT ( 'NONE',  ( 1220.999046769225515, 28.81394192060738391, -8.358855298832676084 ) ) ;
#987 = CARTESIAN_POINT ( 'NONE',  ( 1205.137597146885128, 10.85020717979112348, 27.97031724559631272 ) ) ;
#988 = CARTESIAN_POINT ( 'NONE',  ( 1218.588135461293632, -20.39305370368928649, -30.82691264800699216 ) ) ;
#989 = CARTESIAN_POINT ( 'NONE',  ( 1202.986581407549465, -0.6242818459129697573, -30.00686396423707691 ) ) ;
#990 = DIRECTION ( 'NONE',  ( 1.000000000000000000, 0.000000000000000000, 0.000000000000000000 ) ) ;
#991 = CARTESIAN_POINT ( 'NONE',  ( 1223.753177645322921, -27.28782294549495191, 20.89320897027927160 ) ) ;
#992 = CARTESIAN_POINT ( 'NONE',  ( 1216.753015168758566, 16.91618059146995989, -33.95401479519372145 ) ) ;
#993 = CARTESIAN_POINT ( 'NONE',  ( 1218.132155365749895, 20.05171268730561707, -22.50133117259668225 ) ) ;
#994 = CARTESIAN_POINT ( 'NONE',  ( 1222.127922709089262, -29.50106049773200567, -5.518545956341541547 ) ) ;
#995 = AXIS2_PLACEMENT_3D ( 'NONE', #1203, #1901, #1937 ) ;
#996 = CARTESIAN_POINT ( 'NONE',  ( 1204.684987897620431, -9.708139119218776258, -28.39917442017849680 ) ) ;
#997 = CARTESIAN_POINT ( 'NONE',  ( 1221.845466984319955, 29.33061500654921616, -6.302008139849016644 ) ) ;
#998 = CARTESIAN_POINT ( 'NONE',  ( 1215.471057016742179, -24.77932889293174412, -16.91125055143875855 ) ) ;
#999 = CARTESIAN_POINT ( 'NONE',  ( 1223.477627731170514, 27.24470517665751856, 12.69619474147770433 ) ) ;
#1000 = CARTESIAN_POINT ( 'NONE',  ( 1217.380430318835806, 26.31906472843580147, 14.40669671174329380 ) ) ;
#1001 = CARTESIAN_POINT ( 'NONE',  ( 1218.023694848126752, -19.40770454052972838, -31.80361996423784632 ) ) ;
#1002 = CARTESIAN_POINT ( 'NONE',  ( 1218.473071943838249, -20.20155481974733647, 31.02825977494620702 ) ) ;
#1003 = EDGE_CURVE ( 'NONE', #1096, #1405, #1769, .T. ) ;
#1004 = DIRECTION ( 'NONE',  ( 0.000000000000000000, 0.000000000000000000, 1.000000000000000000 ) ) ;
#1005 = CARTESIAN_POINT ( 'NONE',  ( 1221.687266015738942, -29.23866779843272923, -6.748196874573908488 ) ) ;
#1006 = CARTESIAN_POINT ( 'NONE',  ( 1224.650879043108489, -28.44157368395742225, -9.632622312099238471 ) ) ;
#1007 = CARTESIAN_POINT ( 'NONE',  ( 6.576166409329493455E-16, -47.50000000000000000, 5.817072295949928215E-15 ) ) ;
#1008 = CARTESIAN_POINT ( 'NONE',  ( 1206.732456561969684, -14.28189483426089268, -26.41424079655631374 ) ) ;
#1009 = ORIENTED_EDGE ( 'NONE', *, *, #71, .F. ) ;
#1010 = CARTESIAN_POINT ( 'NONE',  ( 1220.468800388559657, -28.47751753289707466, -9.435921792052758050 ) ) ;
#1011 = CARTESIAN_POINT ( 'NONE',  ( 1221.297030436690420, 29.00072722829148120, 7.690649791795209467 ) ) ;
#1012 = CARTESIAN_POINT ( 'NONE',  ( 1213.902396555999076, 23.37514083270841425, -18.80436544222230566 ) ) ;
#1013 = CARTESIAN_POINT ( 'NONE',  ( 1215.977197069620615, 25.20622581549180907, 16.27408883220924096 ) ) ;
#1014 = CARTESIAN_POINT ( 'NONE',  ( 1213.954826138906810, -8.692285954124958636, -38.49778590780190513 ) ) ;
#1015 = CARTESIAN_POINT ( 'NONE',  ( 1214.524029956279264, -11.57092905354739720, 27.82840633990610257 ) ) ;
#1016 = CARTESIAN_POINT ( 'NONE',  ( 1222.103701751609151, -25.40527186654982472, 24.32160569615344770 ) ) ;
#1017 = CARTESIAN_POINT ( 'NONE',  ( 1215.528528868992225, 13.99610977464534223, -35.97110761237619414 ) ) ;
#1018 = CARTESIAN_POINT ( 'NONE',  ( 1225.667896045069256, -29.40615626425468676, 6.068165144107329212 ) ) ;
#1019 = CARTESIAN_POINT ( 'NONE',  ( 1253.000000000000000, 1.714505518806299963E-14, 40.00000000000000000 ) ) ;
#1020 = CARTESIAN_POINT ( 'NONE',  ( 1214.127780753519346, -10.07268526591190039, -28.38927161572871327 ) ) ;
#1021 = CC_DESIGN_PERSON_AND_ORGANIZATION_ASSIGNMENT ( #106, #2003, ( #2033 ) ) ;
#1022 = CARTESIAN_POINT ( 'NONE',  ( 1221.048652984278533, -28.84531866574493364, -8.258272404328163674 ) ) ;
#1023 = CARTESIAN_POINT ( 'NONE',  ( 1228.646930962599981, 31.73278209794610305, 5.292192027920259889 ) ) ;
#1024 = CARTESIAN_POINT ( 'NONE',  ( 1211.425187282771958, 20.83606994965170500, -21.58860518673549223 ) ) ;
#1025 = CARTESIAN_POINT ( 'NONE',  ( 1215.165925958958951, 24.51691391141257981, 17.28939850076359974 ) ) ;
#1026 = CARTESIAN_POINT ( 'NONE',  ( 1219.738280192943193, -27.99920798931217547, 10.77502441655503240 ) ) ;
#1027 = CARTESIAN_POINT ( 'NONE',  ( 1226.572685944207251, 30.02663495734681831, -13.82972906425062831 ) ) ;
#1028 = CARTESIAN_POINT ( 'NONE',  ( 1227.094706976279895, -30.47887302607509952, -12.19921346538889928 ) ) ;
#1029 = CARTESIAN_POINT ( 'NONE',  ( 1228.680244103009954, -31.75826302489840458, 5.047382117470919916 ) ) ;
#1030 = DIRECTION ( 'NONE',  ( 0.000000000000000000, 0.000000000000000000, 1.000000000000000000 ) ) ;
#1031 = CARTESIAN_POINT ( 'NONE',  ( 1205.812123495690230, 12.39899888197304278, -27.31787707509866436 ) ) ;
#1032 = AXIS2_PLACEMENT_3D ( 'NONE', #1988, #88, #1809 ) ;
#1033 = CARTESIAN_POINT ( 'NONE',  ( 1227.295435400050110, 30.64909436717509905, 11.53262263559429890 ) ) ;
#1034 = CARTESIAN_POINT ( 'NONE',  ( 1212.110323227956314, 21.58170560590491149, -20.83821045582016396 ) ) ;
#1035 = CARTESIAN_POINT ( 'NONE',  ( 1218.685264147058888, 27.27459821755591562, 12.49389721617180982 ) ) ;
#1036 = CARTESIAN_POINT ( 'NONE',  ( 1215.488293203602780, -13.88784088079481016, -36.03661765567859732 ) ) ;
#1037 = APPROVAL_PERSON_ORGANIZATION ( #1145, #1671, #1628 ) ;
#1038 = CARTESIAN_POINT ( 'NONE',  ( 1205.965573163950239, -12.76189889651509013, 27.16362891149989878 ) ) ;
#1039 = ORIENTED_EDGE ( 'NONE', *, *, #1055, .F. ) ;
#1040 = CARTESIAN_POINT ( 'NONE',  ( 1221.368262645357845, 24.48678252081310802, -25.75872525724383877 ) ) ;
#1041 = CARTESIAN_POINT ( 'NONE',  ( 1216.349050407249479, -16.56521118760830902, 25.19800887072523565 ) ) ;
#1042 = CARTESIAN_POINT ( 'NONE',  ( 1223.000000000000000, 30.00000000000000000, 2.530836802696770018E-15 ) ) ;
#1043 = CARTESIAN_POINT ( 'NONE',  ( 1203.803243229981490, 6.695231938456182696, -29.24347922626279228 ) ) ;
#1044 = CARTESIAN_POINT ( 'NONE',  ( 1223.556004301919074, 27.32804234607160154, -12.51288761037679542 ) ) ;
#1045 = CARTESIAN_POINT ( 'NONE',  ( 1228.383516564318143, 31.52823809580682024, 6.844621569442905340 ) ) ;
#1046 = CARTESIAN_POINT ( 'NONE',  ( 1209.720910509414352, 18.78341803065242743, -23.39654860983742424 ) ) ;
#1047 = CARTESIAN_POINT ( 'NONE',  ( 1214.424023660141756, 23.85768234419018441, 18.18821104066796579 ) ) ;
#1048 = CARTESIAN_POINT ( 'NONE',  ( 1222.896639139875560, -29.94184619114187029, 1.886538403236840189 ) ) ;
#1049 = CARTESIAN_POINT ( 'NONE',  ( 1215.281734655950004, 13.34623898196270098, 36.37322562109880408 ) ) ;
#1050 = CARTESIAN_POINT ( 'NONE',  ( 1216.684057575439738, -16.81691950929279855, 34.07369288311579680 ) ) ;
#1051 = CARTESIAN_POINT ( 'NONE',  ( 1204.180603126029837, -8.104834609994700401, -28.88562357616785192 ) ) ;
#1052 = CARTESIAN_POINT ( 'NONE',  ( 1219.595945363661485, 22.00391359522879497, -29.04281260430830258 ) ) ;
#1053 = CARTESIAN_POINT ( 'NONE',  ( 1225.609761681220562, -29.35297464262402656, -6.324300227559296772 ) ) ;
#1054 = CARTESIAN_POINT ( 'NONE',  ( 1203.330560259779986, -4.554590474801133659, 29.68393780112491598 ) ) ;
#1055 = EDGE_CURVE ( 'NONE', #603, #308, #440, .T. ) ;
#1056 = DIRECTION ( 'NONE',  ( 0.000000000000000000, 1.000000000000000000, 0.000000000000000000 ) ) ;
#1057 = CARTESIAN_POINT ( 'NONE',  ( 1222.869663957109196, 29.92819978704922690, -2.258399940622402458 ) ) ;
#1058 = CYLINDRICAL_SURFACE ( 'NONE', #563, 40.00000000000003553 ) ;
#1059 = CARTESIAN_POINT ( 'NONE',  ( 1217.512973343817748, -26.41742854166337295, 14.21710999403589604 ) ) ;
#1060 = CARTESIAN_POINT ( 'NONE',  ( 1213.676521628025284, -7.325596873296252198, -38.93774417102075347 ) ) ;
#1061 = CARTESIAN_POINT ( 'NONE',  ( 1221.778333300778286, 29.29111639055780003, 6.504159709177180559 ) ) ;
#1062 = CARTESIAN_POINT ( 'NONE',  ( 1221.542372468999929, -25.02023230295592882, 16.71229046977220634 ) ) ;
#1063 = CARTESIAN_POINT ( 'NONE',  ( 1213.772941963439507, -8.426227682249097128, 28.89076842863739714 ) ) ;
#1064 = CARTESIAN_POINT ( 'NONE',  ( 1222.979774402170051, 29.98861710664029800, 0.8263437730848359752 ) ) ;
#1065 = CARTESIAN_POINT ( 'NONE',  ( 1203.318349545128058, 4.357450699032361818, -29.70110834221084417 ) ) ;
#1066 = CARTESIAN_POINT ( 'NONE',  ( 1222.674126290386084, -29.81513077251705468, -3.325391491019193069 ) ) ;
#1067 = CARTESIAN_POINT ( 'NONE',  ( 1225.429257796772163, 28.98059324443347862, 16.96423813667609437 ) ) ;
#1068 = CARTESIAN_POINT ( 'NONE',  ( 1204.570987399914657, -9.326347867128980340, -28.51350931563481339 ) ) ;
#1069 = LOCAL_TIME ( 14, 13, 48.00000000000000000, #80 ) ;
#1070 = CARTESIAN_POINT ( 'NONE',  ( 1203.123043617546273, 2.632438143459801871, 29.88457277260360101 ) ) ;
#1071 = CARTESIAN_POINT ( 'NONE',  ( 1219.007020310222515, 21.08391324243524778, -30.09198397537676328 ) ) ;
#1072 = ADVANCED_FACE ( 'NONE', ( #18 ), #306, .F. ) ;
#1073 = CARTESIAN_POINT ( 'NONE',  ( 1218.434169787490191, -20.14523619618269734, 31.09824399907270021 ) ) ;
#1074 = CARTESIAN_POINT ( 'NONE',  ( 1222.260751256029380, 29.57846046415751573, -5.057029482261304665 ) ) ;
#1075 = CARTESIAN_POINT ( 'NONE',  ( 1208.688395533622270, 17.37156038022568438, -24.45872198057505642 ) ) ;
#1076 = DIRECTION ( 'NONE',  ( 0.000000000000000000, 0.000000000000000000, 1.000000000000000000 ) ) ;
#1077 = CARTESIAN_POINT ( 'NONE',  ( 1225.997977063888356, 29.70417362219227542, -4.351858839503681686 ) ) ;
#1078 = CARTESIAN_POINT ( 'NONE',  ( 1222.588362030430972, 25.98580067274133754, 23.35074124443077537 ) ) ;
#1079 = CARTESIAN_POINT ( 'NONE',  ( 1216.262042622304079, -25.43812201120781324, 15.90476909669244066 ) ) ;
#1080 = CARTESIAN_POINT ( 'NONE',  ( 1203.476170270628700, 5.272443137717555572, 29.54676149454111922 ) ) ;
#1081 = CARTESIAN_POINT ( 'NONE',  ( 1215.410354458262418, 13.67550986755826337, 36.16325357032086885 ) ) ;
#1082 = CARTESIAN_POINT ( 'NONE',  ( 1226.046473739746261, -29.55568753775434132, 15.33777804940358713 ) ) ;
#1083 = CARTESIAN_POINT ( 'NONE',  ( 1228.438734073577962, 31.57125792817556231, -6.526027040389274170 ) ) ;
#1084 = CARTESIAN_POINT ( 'NONE',  ( 1221.769946246540712, -29.28830438262659897, 6.529972746879712631 ) ) ;
#1085 = CARTESIAN_POINT ( 'NONE',  ( 1213.037997437110107, -2.018255020000299993, 29.93860270158971559 ) ) ;
#1086 = CARTESIAN_POINT ( 'NONE',  ( 1226.324879808930064, 29.99275660197593041, 0.6909174322656275180 ) ) ;
#1087 = CARTESIAN_POINT ( 'NONE',  ( 1220.597644994389839, 23.81260972421661393, -18.44600543282811600 ) ) ;
#1088 = CARTESIAN_POINT ( 'NONE',  ( 1221.869988103509513, 25.12099543771384802, 24.78544337876797599 ) ) ;
#1089 = CARTESIAN_POINT ( 'NONE',  ( 1217.985018929100761, -26.76986178199831201, 13.54372738763702522 ) ) ;
#1090 = CARTESIAN_POINT ( 'NONE',  ( 1203.148939452922377, 2.895288070544655312, 29.86025330382754106 ) ) ;
#1091 = CARTESIAN_POINT ( 'NONE',  ( 1228.304399888324042, -31.46628921065527251, -7.274990646379948522 ) ) ;
#1092 = CARTESIAN_POINT ( 'NONE',  ( 1228.448139617181369, 31.57857133215653889, -6.470333547642092675 ) ) ;
#1093 = CARTESIAN_POINT ( 'NONE',  ( 1219.362617527499651, -27.75640262459310748, 11.45394786222238892 ) ) ;
#1094 = CARTESIAN_POINT ( 'NONE',  ( 1219.809633286790358, 22.71561670332209459, 19.79974765067189324 ) ) ;
#1095 = CARTESIAN_POINT ( 'NONE',  ( 1228.148162236140024, 31.34341263103560138, -8.082700885889201103 ) ) ;
#1096 = VERTEX_POINT ( 'NONE', #1007 ) ;
#1097 = PERSON_AND_ORGANIZATION_ROLE ( 'creator' ) ;
#1098 = CARTESIAN_POINT ( 'NONE',  ( 1207.603939617659307, 15.77383201765120724, -25.55036640951719562 ) ) ;
#1099 = CARTESIAN_POINT ( 'NONE',  ( 1224.669595553014005, 28.23970608692281559, 18.82224900948007829 ) ) ;
#1100 = CARTESIAN_POINT ( 'NONE',  ( 1228.315195685790059, 31.47596949012739742, 7.303725803915249948 ) ) ;
#1101 = CARTESIAN_POINT ( 'NONE',  ( 1209.752227270259482, -18.82139598777333234, -23.36356038331024365 ) ) ;
#1102 = EDGE_LOOP ( 'NONE', ( #794, #1700, #479, #516, #1200, #1039, #79 ) ) ;
#1103 = CARTESIAN_POINT ( 'NONE',  ( 1228.878478454893184, -31.90858590165090192, 3.079660322266658756 ) ) ;
#1104 = CARTESIAN_POINT ( 'NONE',  ( 1228.454383858930669, 31.58342514504729337, -6.433206925971560963 ) ) ;
#1105 = CARTESIAN_POINT ( 'NONE',  ( 1219.435988382521145, -22.18548340270552188, 20.43019904984348400 ) ) ;
#1106 = AXIS2_PLACEMENT_3D ( 'NONE', #1239, #1764, #1056 ) ;
#1107 = CARTESIAN_POINT ( 'NONE',  ( 1222.983654182711689, 29.99234330097189982, -0.9657986546510375359 ) ) ;
#1108 = CARTESIAN_POINT ( 'NONE',  ( 1216.018700403320054, -25.24909818705688025, -16.22168547093370350 ) ) ;
#1109 = VERTEX_POINT ( 'NONE', #2209 ) ;
#1110 = CARTESIAN_POINT ( 'NONE',  ( 1215.642735361320774, 14.90933657320479000, -26.23009907650163441 ) ) ;
#1111 = CARTESIAN_POINT ( 'NONE',  ( 1210.303422750827394, -19.51445115536997577, 22.78565862190794533 ) ) ;
#1112 = CARTESIAN_POINT ( 'NONE',  ( 1227.295435400050110, 30.64909436717509905, 11.53262263559429890 ) ) ;
#1113 = CARTESIAN_POINT ( 'NONE',  ( 1207.935852690776301, -16.24763714827708228, -25.22045260956549129 ) ) ;
#1114 = CARTESIAN_POINT ( 'NONE',  ( 1216.869959598252763, 25.92458132993855102, -15.10367862992138654 ) ) ;
#1115 = CARTESIAN_POINT ( 'NONE',  ( 1227.322621005242127, -30.67107163048182983, -11.42428821331061428 ) ) ;
#1116 = CARTESIAN_POINT ( 'NONE',  ( 1215.399012585564151, -13.64457569176378904, 36.18172648103393385 ) ) ;
#1117 = CARTESIAN_POINT ( 'NONE',  ( 1205.761416179175285, -12.28986059342641290, 27.36712536176210619 ) ) ;
#1118 = DIRECTION ( 'NONE',  ( 0.000000000000000000, 0.000000000000000000, 1.000000000000000000 ) ) ;
#1119 = CARTESIAN_POINT ( 'NONE',  ( 1228.989106891270012, 31.99183047500009991, -1.287887836487690008 ) ) ;
#1120 = APPROVAL_STATUS ( 'not_yet_approved' ) ;
#1121 = CARTESIAN_POINT ( 'NONE',  ( 1218.132155365749895, 20.05171268730561707, -22.50133117259668225 ) ) ;
#1122 = CARTESIAN_POINT ( 'NONE',  ( 1213.150849699951777, -22.65339802614011333, 19.67295923237084665 ) ) ;
#1123 =( NAMED_UNIT ( * ) SI_UNIT ( $, .STERADIAN. ) SOLID_ANGLE_UNIT ( ) );
#1124 = CARTESIAN_POINT ( 'NONE',  ( 1222.437124039320224, 25.82449557609669810, 23.67803211104839889 ) ) ;
#1125 = CARTESIAN_POINT ( 'NONE',  ( 1205.694767539861459, -12.14480043098997797, -27.43180788299311601 ) ) ;
#1126 = CARTESIAN_POINT ( 'NONE',  ( 1215.629087400474873, 24.91326775681235617, -16.71314171630339374 ) ) ;
#1127 = CARTESIAN_POINT ( 'NONE',  ( 1206.870652600910262, 14.46729950097069839, 26.28124743223832738 ) ) ;
#1128 = CARTESIAN_POINT ( 'NONE',  ( 1228.280492278344354, -31.44751118821862690, 7.400834399600514146 ) ) ;
#1129 = CARTESIAN_POINT ( 'NONE',  ( 1228.416513737018477, 31.55396427686186200, -6.656003445155525000 ) ) ;
#1130 = CARTESIAN_POINT ( 'NONE',  ( 1219.008422158869962, -21.09901199390639803, -30.09339655977780126 ) ) ;
#1131 = DIRECTION ( 'NONE',  ( 0.000000000000000000, 0.000000000000000000, 1.000000000000000000 ) ) ;
#1132 = VERTEX_POINT ( 'NONE', #1882 ) ;
#1133 = ORIENTED_EDGE ( 'NONE', *, *, #673, .F. ) ;
#1134 = CARTESIAN_POINT ( 'NONE',  ( 1203.088667826689516, 2.475723455701531073, -29.91113631214902568 ) ) ;
#1135 = CARTESIAN_POINT ( 'NONE',  ( 1210.971359805803104, -20.31453752824417336, 22.07649101879106723 ) ) ;
#1136 = CARTESIAN_POINT ( 'NONE',  ( 1226.269851726540082, 29.94452751995977025, 1.896218738100811096 ) ) ;
#1137 = CARTESIAN_POINT ( 'NONE',  ( 1211.238105977570058, -20.62168057557977008, -21.78987157888729698 ) ) ;
#1138 = CARTESIAN_POINT ( 'NONE',  ( 1213.187829440920041, 3.986915928873020931, 39.70622350948149659 ) ) ;
#1139 = CARTESIAN_POINT ( 'NONE',  ( 1216.277437539156381, 25.45054056623058258, -15.88486389998311488 ) ) ;
#1140 = CARTESIAN_POINT ( 'NONE',  ( 1211.523126453872692, 20.94233569266628336, 21.48123826675655579 ) ) ;
#1141 = CARTESIAN_POINT ( 'NONE',  ( 1225.212851837114613, -28.77281295521159521, -17.50556999675074721 ) ) ;
#1142 = CC_DESIGN_APPROVAL ( #288, ( #1748 ) ) ;
#1143 = CARTESIAN_POINT ( 'NONE',  ( 1218.654231616789730, -20.96790966234089382, -21.69335393950879975 ) ) ;
#1144 = PRODUCT_DEFINITION_FORMATION_WITH_SPECIFIED_SOURCE ( '�', '', #1407, .NOT_KNOWN. ) ;
#1145 = PERSON_AND_ORGANIZATION ( #2120, #1842 ) ;
#1146 = CARTESIAN_POINT ( 'NONE',  ( 1213.326036998209929, 5.119134842452170098, -39.48942693630860390 ) ) ;
#1147 = CARTESIAN_POINT ( 'NONE',  ( 1208.087504067634200, -16.48667081054387396, 25.06823866708064230 ) ) ;
#1148 = CARTESIAN_POINT ( 'NONE',  ( 1205.353960174872100, -11.37539132984361956, -27.76176945714952993 ) ) ;
#1149 = CARTESIAN_POINT ( 'NONE',  ( 1213.267437048779584, 5.134589581555467852, 29.60821962211727154 ) ) ;
#1150 = CARTESIAN_POINT ( 'NONE',  ( 1215.557240480778773, -14.07292930110430262, -35.92442515427753591 ) ) ;
#1151 = CARTESIAN_POINT ( 'NONE',  ( 1213.648693235509882, -7.235272661002070116, -38.98200990200049887 ) ) ;
#1152 = CARTESIAN_POINT ( 'NONE',  ( 1204.428679886666032, -8.915353041239464815, 28.64947947824683538 ) ) ;
#1153 = CARTESIAN_POINT ( 'NONE',  ( 1221.536944262199995, 29.14483130098005503, 7.111982973115765105 ) ) ;
#1154 = CARTESIAN_POINT ( 'NONE',  ( 40.00000000000000000, 30.00000000000000000, 0.000000000000000000 ) ) ;
#1155 = CARTESIAN_POINT ( 'NONE',  ( 1227.362620454069884, -30.70526774071180043, 11.29692573439040082 ) ) ;
#1156 = CARTESIAN_POINT ( 'NONE',  ( 1223.417841196070185, -26.93134571530420018, -21.63091099189500000 ) ) ;
#1157 = CARTESIAN_POINT ( 'NONE',  ( 1214.333475116014597, -23.77610046413463607, 18.29713123800610575 ) ) ;
#1158 = CARTESIAN_POINT ( 'NONE',  ( 1214.548434078813898, -23.97071860715041325, -18.03932818367866986 ) ) ;
#1159 = CARTESIAN_POINT ( 'NONE',  ( 1216.815701470009799, 17.56732832351649520, 24.50692893125662764 ) ) ;
#1160 = CARTESIAN_POINT ( 'NONE',  ( 1209.830285634987149, 18.92038669604123058, 23.28183057272444501 ) ) ;
#1161 = CARTESIAN_POINT ( 'NONE',  ( 1218.108945603498569, -19.56068348544466673, -31.65699799843550011 ) ) ;
#1162 = CARTESIAN_POINT ( 'NONE',  ( 1214.566627121549573, -11.75413633101440070, -27.76826000013888063 ) ) ;
#1163 = CARTESIAN_POINT ( 'NONE',  ( 1253.000000000000000, 1.714505518806299963E-14, -40.00000000000000000 ) ) ;
#1164 = CARTESIAN_POINT ( 'NONE',  ( 1221.129879406280907, -24.17564771347505470, 26.21365530272309030 ) ) ;
#1165 = CARTESIAN_POINT ( 'NONE',  ( 1220.253977099280291, 28.33866922379114328, 9.844789140136082750 ) ) ;
#1166 = CARTESIAN_POINT ( 'NONE',  ( 1216.615121206548338, 16.61838704654751098, -34.18378340418889394 ) ) ;
#1167 = CARTESIAN_POINT ( 'NONE',  ( 1225.543365832000063, -29.09323160979970169, -16.69340545427479938 ) ) ;
#1168 = CARTESIAN_POINT ( 'NONE',  ( 1219.797357291858816, -22.69826240549036100, -19.82066455187288767 ) ) ;
#1169 = CARTESIAN_POINT ( 'NONE',  ( 1221.857266548096277, 29.33766749776053118, -6.269094755064666735 ) ) ;
#1170 = CARTESIAN_POINT ( 'NONE',  ( 1215.536102361187204, -24.83459807675590625, -16.82985797164420561 ) ) ;
#1171 = CARTESIAN_POINT ( 'NONE',  ( 1224.872845366020101, 28.44624325753489913, 18.35311855384609814 ) ) ;
#1172 = CARTESIAN_POINT ( 'NONE',  ( 1205.845854083503809, 12.47936368176963917, 27.28539695285872924 ) ) ;
#1173 = CARTESIAN_POINT ( 'NONE',  ( 1222.113822044940889, -25.42020833273839742, -24.30449334128945438 ) ) ;
#1174 = CARTESIAN_POINT ( 'NONE',  ( 1216.252208159000247, -16.34729926122698984, -25.34030998602429463 ) ) ;
#1175 = CARTESIAN_POINT ( 'NONE',  ( 1214.365871224779994, -10.38724009305279949, 37.84463104690910029 ) ) ;
#1176 = CARTESIAN_POINT ( 'NONE',  ( 1221.088658266405218, 28.86963758930568602, 8.161093356618868810 ) ) ;
#1177 = CARTESIAN_POINT ( 'NONE',  ( 1213.686328678877544, 7.378050345560324352, -38.92227578477395156 ) ) ;
#1178 = CARTESIAN_POINT ( 'NONE',  ( 1216.339897361290241, 16.54446354421270371, -25.21144055934632888 ) ) ;
#1179 = CARTESIAN_POINT ( 'NONE',  ( 1221.687266015738942, -29.23866779843272923, -6.748196874573908488 ) ) ;
#1180 = CARTESIAN_POINT ( 'NONE',  ( 1226.313683926009617, 29.98294739432600764, 0.9922182629631173256 ) ) ;
#1181 = CARTESIAN_POINT ( 'NONE',  ( 1221.438176052228528, -24.89034747369471035, -16.90771394759531177 ) ) ;
#1182 = APPROVAL_PERSON_ORGANIZATION ( #1265, #288, #42 ) ;
#1183 = CARTESIAN_POINT ( 'NONE',  ( 1213.947306723910060, -23.41809311381988579, -18.75216687230400225 ) ) ;
#1184 = CARTESIAN_POINT ( 'NONE',  ( 1227.086883240650423, 30.47222994140186003, 12.22729156054871780 ) ) ;
#1185 = CARTESIAN_POINT ( 'NONE',  ( 1210.313705190364772, 19.52710179563614545, -22.77481840183082795 ) ) ;
#1186 = CARTESIAN_POINT ( 'NONE',  ( 1213.510059894917276, 23.00123303010122910, 19.25989976159513262 ) ) ;
#1187 = CARTESIAN_POINT ( 'NONE',  ( 1224.033504658492348, -27.58531149859501497, -20.27405934481124561 ) ) ;
#1188 = CARTESIAN_POINT ( 'NONE',  ( 1221.570239157772903, 29.16502593355017936, 7.028622160561769583 ) ) ;
#1189 = CARTESIAN_POINT ( 'NONE',  ( 1213.438893033917566, 5.917450059506776050, -39.31216238564609000 ) ) ;
#1190 = CARTESIAN_POINT ( 'NONE',  ( 1228.990225875920032, -31.99266980850899600, 1.263384240247389823 ) ) ;
#1191 = CARTESIAN_POINT ( 'NONE',  ( 1219.493223011931377, -27.84041671311572230, -11.20712439635500779 ) ) ;
#1192 = CYLINDRICAL_SURFACE ( 'NONE', #413, 47.50000000000000000 ) ;
#1193 = CARTESIAN_POINT ( 'NONE',  ( 1219.008422158869962, -21.09901199390639803, -30.09339655977780126 ) ) ;
#1194 = CARTESIAN_POINT ( 'NONE',  ( 1219.035853678420381, -27.52035975191937567, -11.94277368508479498 ) ) ;
#1195 = CARTESIAN_POINT ( 'NONE',  ( 1224.926253406730211, 28.70919287857572044, 8.788668422555574011 ) ) ;
#1196 = CARTESIAN_POINT ( 'NONE',  ( 1211.732207684730838, 21.17719451194051317, -21.25494321864575653 ) ) ;
#1197 = CARTESIAN_POINT ( 'NONE',  ( 1217.011431034256020, 26.03294679477458828, 14.90928093101386764 ) ) ;
#1198 = CARTESIAN_POINT ( 'NONE',  ( 1220.783826728761824, -28.67837173109720084, 8.807971141185433339 ) ) ;
#1199 = CARTESIAN_POINT ( 'NONE',  ( 1213.944226876879611, -9.262889573555401768, 28.64863218230371089 ) ) ;
#1200 = ORIENTED_EDGE ( 'NONE', *, *, #604, .F. ) ;
#1201 = CARTESIAN_POINT ( 'NONE',  ( 1213.602233540095767, 6.917986563197272787, -39.05493977777729242 ) ) ;
#1202 = CARTESIAN_POINT ( 'NONE',  ( 1228.304599875100166, -31.46767004954000058, -7.358933703727169373 ) ) ;
#1203 = CARTESIAN_POINT ( 'NONE',  ( 1253.000000000000000, 1.714505518806299963E-14, 40.00000000000000000 ) ) ;
#1204 = CARTESIAN_POINT ( 'NONE',  ( 1203.765948542709793, 6.538773432659291451, -29.27875459322061147 ) ) ;
#1205 = ORIENTED_EDGE ( 'NONE', *, *, #1498, .F. ) ;
#1206 = CARTESIAN_POINT ( 'NONE',  ( 1221.755007962748550, -29.27645610861286940, -6.549463437208747685 ) ) ;
#1207 = CARTESIAN_POINT ( 'NONE',  ( 1226.489070568564784, 29.95331229684013508, 14.08163103154799067 ) ) ;
#1208 = CARTESIAN_POINT ( 'NONE',  ( 1218.231672509820783, 26.94994773764041796, 13.18132145228479501 ) ) ;
#1209 = CARTESIAN_POINT ( 'NONE',  ( 1222.775068045755461, -29.87276496357875288, 2.765915770506337967 ) ) ;
#1210 = CARTESIAN_POINT ( 'NONE',  ( 1214.964159959459948, -12.39941771440810037, 36.88565670505519734 ) ) ;
#1211 = CARTESIAN_POINT ( 'NONE',  ( 1218.642795375218839, 20.48899103390821708, -30.73262810379065968 ) ) ;
#1212 = EDGE_CURVE ( 'NONE', #121, #91, #1619, .T. ) ;
#1213 = CARTESIAN_POINT ( 'NONE',  ( 1228.835192677679970, -31.87586905008280169, -3.638575989669190047 ) ) ;
#1214 = CARTESIAN_POINT ( 'NONE',  ( 1208.653736532629864, -17.36908380200229018, 24.49339731308239720 ) ) ;
#1215 = DIRECTION ( 'NONE',  ( -1.384456086174630086E-17, 1.000000000000000000, 0.000000000000000000 ) ) ;
#1216 = CARTESIAN_POINT ( 'NONE',  ( 1205.857002106257596, 12.49483491214522601, -27.27426337036496662 ) ) ;
#1217 = CARTESIAN_POINT ( 'NONE',  ( 1222.291834197839989, 25.65302326522200005, -23.96665835887689866 ) ) ;
#1218 = CARTESIAN_POINT ( 'NONE',  ( 1228.971548210720130, 31.97864411712859933, 1.502432486708240145 ) ) ;
#1219 = CARTESIAN_POINT ( 'NONE',  ( 1210.325223896094030, 19.54125727911982580, -22.76267354840335599 ) ) ;
#1220 = CARTESIAN_POINT ( 'NONE',  ( 1217.678204516989808, 26.54336512295881434, 13.98771002295000621 ) ) ;
#1221 = CARTESIAN_POINT ( 'NONE',  ( 1213.763996090882074, -7.782792985159534105, -38.79963672505941474 ) ) ;
#1222 = CARTESIAN_POINT ( 'NONE',  ( 1214.128844244690526, 10.07715540923610931, 28.38777062686641628 ) ) ;
#1223 = CARTESIAN_POINT ( 'NONE',  ( 1213.592791642939801, -7.006347856192769896, 39.07070011904910700 ) ) ;
#1224 = CARTESIAN_POINT ( 'NONE',  ( 1203.691156002836124, -6.213683387588942786, -29.34946836879069565 ) ) ;
#1225 = CARTESIAN_POINT ( 'NONE',  ( 1227.998050499239071, 31.22384034968519018, -8.777959989457807310 ) ) ;
#1226 = CARTESIAN_POINT ( 'NONE',  ( 1222.919609449609879, -29.95627195754948247, -1.681992309450448531 ) ) ;
#1227 = CARTESIAN_POINT ( 'NONE',  ( 1204.701681956119046, -9.739403592837595269, 28.38300813650898391 ) ) ;
#1228 = CARTESIAN_POINT ( 'NONE',  ( 1222.979155843539957, 29.98826834269350172, 0.8390006706155140881 ) ) ;
#1229 = CARTESIAN_POINT ( 'NONE',  ( 1205.774380293448985, 12.31785073734453917, -27.35453915198270280 ) ) ;
#1230 = CARTESIAN_POINT ( 'NONE',  ( 1222.223438447488206, 25.84184796226517733, -15.39024931873471402 ) ) ;
#1231 = CARTESIAN_POINT ( 'NONE',  ( 1225.943840411489873, 29.46239176805385895, 15.62170461176296676 ) ) ;
#1232 = CARTESIAN_POINT ( 'NONE',  ( 1217.395392417083713, -26.32823035961018121, 14.38138892193180673 ) ) ;
#1233 = CARTESIAN_POINT ( 'NONE',  ( 1213.538385822073906, 23.02855730578378157, 19.22720929653597466 ) ) ;
#1234 = CARTESIAN_POINT ( 'NONE',  ( 1221.839947091090380, -29.32732007598254143, 6.317319377171195960 ) ) ;
#1235 = CARTESIAN_POINT ( 'NONE',  ( 1222.977876285320008, 29.98754702852600218, 0.8643050456500750434 ) ) ;
#1236 = CARTESIAN_POINT ( 'NONE',  ( 1207.981211086740814, 16.39948600112802524, 25.17583161958261684 ) ) ;
#1237 = CARTESIAN_POINT ( 'NONE',  ( 1223.459817490513615, 26.97053925497795746, -21.52949402790356714 ) ) ;
#1238 = CARTESIAN_POINT ( 'NONE',  ( 1219.845058611199875, -22.38974165110979797, 28.59850896303600010 ) ) ;
#1239 = CARTESIAN_POINT ( 'NONE',  ( 40.00000000000000000, 5.537824344698490392E-16, 0.000000000000000000 ) ) ;
#1240 = CARTESIAN_POINT ( 'NONE',  ( 1204.071882429712559, 7.727209060949228103, -28.98891830749701981 ) ) ;
#1241 = MECHANICAL_CONTEXT ( 'NONE', #1723, 'mechanical' ) ;
#1242 = CARTESIAN_POINT ( 'NONE',  ( 1226.292410765030127, 29.78156949652569807, -14.67586460093829892 ) ) ;
#1243 = CARTESIAN_POINT ( 'NONE',  ( 1220.428190737723298, 23.22169941755104361, 27.52833580937723568 ) ) ;
#1244 = ADVANCED_FACE ( 'NONE', ( #2089 ), #1192, .T. ) ;
#1245 = CARTESIAN_POINT ( 'NONE',  ( 1215.753114670864534, -25.01762575785192766, 16.55673961036406183 ) ) ;
#1246 = CARTESIAN_POINT ( 'NONE',  ( 1204.538590584913663, -9.231198991633942086, -28.54445730080270138 ) ) ;
#1247 = CARTESIAN_POINT ( 'NONE',  ( 1253.000000000000000, 1.714505518806299963E-14, -40.00000000000000000 ) ) ;
#1248 = CARTESIAN_POINT ( 'NONE',  ( 1222.359346252407931, 25.71356988860273418, -23.81154793421232085 ) ) ;
#1249 = CARTESIAN_POINT ( 'NONE',  ( 1228.360777248150043, -31.51158278044460204, 7.059474489108790607 ) ) ;
#1250 = CARTESIAN_POINT ( 'NONE',  ( 1219.435988382521145, -22.18548340270552188, 20.43019904984348400 ) ) ;
#1251 = CARTESIAN_POINT ( 'NONE',  ( 1221.570817681320023, 29.16823703442981142, -7.046631235999056386 ) ) ;
#1252 = CARTESIAN_POINT ( 'NONE',  ( 1203.856754587593969, 6.914249304884191538, -29.19284261452331464 ) ) ;
#1253 = CARTESIAN_POINT ( 'NONE',  ( 1222.999974251360072, -30.00000000000000000, -1.699661669294389822E-14 ) ) ;
#1254 = CARTESIAN_POINT ( 'NONE',  ( 1220.186948827058131, 22.87976846414391119, 27.97218132479574848 ) ) ;
#1255 = CARTESIAN_POINT ( 'NONE',  ( 1217.761676480495225, -26.60412213470453935, 13.86489085013670142 ) ) ;
#1256 = CARTESIAN_POINT ( 'NONE',  ( 1219.867609636619136, 28.08541853420594947, 10.54977730548491088 ) ) ;
#1257 = CARTESIAN_POINT ( 'NONE',  ( 1203.706128945390446, -6.280157470292614619, -29.33531620624144054 ) ) ;
#1258 = VECTOR ( 'NONE', #54, 1000.000000000000000 ) ;
#1259 = CARTESIAN_POINT ( 'NONE',  ( 1228.069073456582146, -31.28142661799607893, -8.511125740398133743 ) ) ;
#1260 = CARTESIAN_POINT ( 'NONE',  ( 1222.112348250304194, 25.41633938798815606, -24.30508336053361162 ) ) ;
#1261 = CARTESIAN_POINT ( 'NONE',  ( 1224.641985676009426, -28.43386517375727962, 9.672382834318780098 ) ) ;
#1262 = CARTESIAN_POINT ( 'NONE',  ( 1207.600065682339164, -15.76756176294561307, 25.55422648303748190 ) ) ;
#1263 = CARTESIAN_POINT ( 'NONE',  ( 1221.529925582759233, 25.00467584203789073, -16.73552984570450874 ) ) ;
#1264 = PRODUCT_RELATED_PRODUCT_CATEGORY ( 'detail', '', ( #1407 ) ) ;
#1265 = PERSON_AND_ORGANIZATION ( #2120, #1842 ) ;
#1266 = CARTESIAN_POINT ( 'NONE',  ( 1224.242253922389864, 27.80912569370570253, -19.81951705519160001 ) ) ;
#1267 = CARTESIAN_POINT ( 'NONE',  ( 1215.641324230731470, -24.92359336439941231, 16.69775300767634718 ) ) ;
#1268 = CARTESIAN_POINT ( 'NONE',  ( 1227.156638688289149, -30.53343826102114633, 12.03233082568960377 ) ) ;
#1269 = CARTESIAN_POINT ( 'NONE',  ( 1213.000000000000000, -1.226920107501692669, 39.99999268602176983 ) ) ;
#1270 = CARTESIAN_POINT ( 'NONE',  ( 1213.057240651349957, 2.342099842270289667, 39.91055723364970476 ) ) ;
#1271 = ORIENTED_EDGE ( 'NONE', *, *, #16, .T. ) ;
#1272 = CARTESIAN_POINT ( 'NONE',  ( 1225.719977380899991, 29.45317808792588821, -5.796544649649298719 ) ) ;
#1273 = CARTESIAN_POINT ( 'NONE',  ( 1220.676926845490243, -28.61053386167621682, 9.024675037664399824 ) ) ;
#1274 = CARTESIAN_POINT ( 'NONE',  ( 1217.526350906569860, 18.52336166630700021, -32.66008794132200421 ) ) ;
#1275 = CARTESIAN_POINT ( 'NONE',  ( 1218.415696377393942, 20.09920035045906772, 31.12695212144223689 ) ) ;
#1276 = CARTESIAN_POINT ( 'NONE',  ( 1218.668867628188309, 20.99156030089850944, 21.67013470018677879 ) ) ;
#1277 = CARTESIAN_POINT ( 'NONE',  ( 1213.785819930626985, -23.26509443547324096, -18.94031290507232868 ) ) ;
#1278 = CARTESIAN_POINT ( 'NONE',  ( 1228.763138126570539, -31.82106368335949753, -4.267318110011482979 ) ) ;
#1279 = CARTESIAN_POINT ( 'NONE',  ( 1217.910546632378328, -19.20251831058647340, 31.99778361815832639 ) ) ;
#1280 = ORIENTED_EDGE ( 'NONE', *, *, #168, .F. ) ;
#1281 = CARTESIAN_POINT ( 'NONE',  ( 1223.003185229669953, 30.00332460539058488, 0.07665233293276801918 ) ) ;
#1282 = SHAPE_DEFINITION_REPRESENTATION ( #1369, #2229 ) ;
#1283 = CARTESIAN_POINT ( 'NONE',  ( 1211.547467358339645, 20.98701746455409989, -21.45246990374799978 ) ) ;
#1284 = CARTESIAN_POINT ( 'NONE',  ( 1210.625446054793883, -19.90553607352510213, 22.44507855920607398 ) ) ;
#1285 = CARTESIAN_POINT ( 'NONE',  ( 1217.837701897910165, 26.66906876272020455, 13.76344965872478809 ) ) ;
#1286 = CARTESIAN_POINT ( 'NONE',  ( 1207.026072070675127, -14.74280515507737199, -26.12759896135864324 ) ) ;
#1287 = CARTESIAN_POINT ( 'NONE',  ( 1217.520741020479591, 26.42332094316388336, -14.20615754273038256 ) ) ;
#1288 = CARTESIAN_POINT ( 'NONE',  ( 1203.605192969058180, 5.819346413921077321, 29.43069404307466996 ) ) ;
#1289 = CARTESIAN_POINT ( 'NONE',  ( 1228.982242733789917, 31.98667434927049413, 1.152403220805140016 ) ) ;
#1290 = ADVANCED_FACE ( 'NONE', ( #704 ), #1926, .T. ) ;
#1291 = CARTESIAN_POINT ( 'NONE',  ( 1215.841498377748849, 25.11102889441900388, -16.46042919697330476 ) ) ;
#1292 = CARTESIAN_POINT ( 'NONE',  ( 1220.570581530379968, 23.42762856684699813, -27.26843098758509853 ) ) ;
#1293 = CARTESIAN_POINT ( 'NONE',  ( 1215.342816906088046, -24.67020084592198970, 17.07137701760450454 ) ) ;
#1294 = CARTESIAN_POINT ( 'NONE',  ( 1222.145935169440008, 29.50904694376513149, -5.416646900769960915 ) ) ;
#1295 = CARTESIAN_POINT ( 'NONE',  ( 1219.809633286790358, 22.71561670332209459, 19.79974765067189324 ) ) ;
#1296 = CARTESIAN_POINT ( 'NONE',  ( 1212.006028866807583, -21.47010651229690481, -20.95315110630140509 ) ) ;
#1297 = CARTESIAN_POINT ( 'NONE',  ( 1220.582686672318914, 28.55045988597162676, -9.212561508622938433 ) ) ;
#1298 = CARTESIAN_POINT ( 'NONE',  ( 1203.697105611736561, 6.240109066754111034, 29.34384624150055387 ) ) ;
#1299 = CARTESIAN_POINT ( 'NONE',  ( 1229.000850102401955, -32.00063757766491079, -1.197277694661977421 ) ) ;
#1300 = DIRECTION ( 'NONE',  ( 1.000000000000000000, 0.000000000000000000, 0.000000000000000000 ) ) ;
#1301 = CARTESIAN_POINT ( 'NONE',  ( 1215.279946151290233, -13.34113629517290001, -36.37611812109700082 ) ) ;
#1302 = CARTESIAN_POINT ( 'NONE',  ( 1204.642738675031978, -9.533465142343072074, 28.44492974229143911 ) ) ;
#1303 = CARTESIAN_POINT ( 'NONE',  ( 1219.120374402029938, 21.27830376385929867, -29.89560841574079930 ) ) ;
#1304 = CARTESIAN_POINT ( 'NONE',  ( 1213.797917449940087, 8.076582585054620012, -38.74683013376959906 ) ) ;
#1305 = CARTESIAN_POINT ( 'NONE',  ( 1212.143219366776293, -21.61677494063314953, 20.80190607250658985 ) ) ;
#1306 = CARTESIAN_POINT ( 'NONE',  ( 1224.872845366020101, 28.44624325753489913, 18.35311855384609814 ) ) ;
#1307 = CARTESIAN_POINT ( 'NONE',  ( 1205.534956411559278, -11.78994003628056575, -27.58670656271175403 ) ) ;
#1308 = CARTESIAN_POINT ( 'NONE',  ( 1213.651519738840079, 7.251815203451680070, 38.97756199889380468 ) ) ;
#1309 = ADVANCED_FACE ( 'NONE', ( #1740 ), #364, .T. ) ;
#1310 = CARTESIAN_POINT ( 'NONE',  ( 1221.665618380295655, 29.22302537610188367, -6.800092580733274161 ) ) ;
#1311 = CARTESIAN_POINT ( 'NONE',  ( 1210.610352216452839, 19.89110348721197852, 22.46215478904043650 ) ) ;
#1312 = CARTESIAN_POINT ( 'NONE',  ( 1226.006373544320013, -29.51988044736651418, -15.45183513683457477 ) ) ;
#1313 = CARTESIAN_POINT ( 'NONE',  ( 1213.421171890537380, -5.797398329415288210, 39.34003735139132374 ) ) ;
#1314 = CARTESIAN_POINT ( 'NONE',  ( 1213.062878738719519, -2.559195242372722223, -29.90248882775730976 ) ) ;
#1315 = COORDINATED_UNIVERSAL_TIME_OFFSET ( 8, 0, .AHEAD. ) ;
#1316 = CARTESIAN_POINT ( 'NONE',  ( 1213.020922398819721, -1.595826328403770589, -29.96340548707289742 ) ) ;
#1317 = CARTESIAN_POINT ( 'NONE',  ( 1208.663762238166328, -17.33617219098202611, 24.48381767269465925 ) ) ;
#1318 = CARTESIAN_POINT ( 'NONE',  ( 1212.955430655071950, -22.45582156968547238, -19.89439544919384062 ) ) ;
#1319 = CARTESIAN_POINT ( 'NONE',  ( 1226.214448509279919, 29.71156409240549934, 14.89585509352609982 ) ) ;
#1320 = CARTESIAN_POINT ( 'NONE',  ( 1205.601511630764435, 11.93863382755470681, 27.52218849090561292 ) ) ;
#1321 = CARTESIAN_POINT ( 'NONE',  ( 1215.804169850934841, -14.71702209166115871, -35.52161885899403160 ) ) ;
#1322 = CARTESIAN_POINT ( 'NONE',  ( 1213.607333103579549, -7.553940466188939773, -29.12500046727987879 ) ) ;
#1323 = CARTESIAN_POINT ( 'NONE',  ( 1221.921444647957969, -25.18309122157847568, 24.68283631802706424 ) ) ;
#1324 = CARTESIAN_POINT ( 'NONE',  ( 1213.058873549915916, 2.503653979012569142, -39.90828831808856592 ) ) ;
#1325 = AXIS2_PLACEMENT_3D ( 'NONE', #1603, #1807, #551 ) ;
#1326 = CARTESIAN_POINT ( 'NONE',  ( 1222.291834197839989, 25.65302326522200005, -23.96665835887689866 ) ) ;
#1327 = CARTESIAN_POINT ( 'NONE',  ( 1216.930890172731097, -25.97978885648968728, -15.02354072605502289 ) ) ;
#1328 = CARTESIAN_POINT ( 'NONE',  ( 1213.875737316459208, -23.35003394041769198, 18.83553262740982959 ) ) ;
#1329 = CARTESIAN_POINT ( 'NONE',  ( 1216.706084931818395, -25.79407076226868512, -15.32049789754229607 ) ) ;
#1330 = CARTESIAN_POINT ( 'NONE',  ( 1214.128844244690526, 10.07715540923610931, 28.38777062686641628 ) ) ;
#1331 = CARTESIAN_POINT ( 'NONE',  ( 1219.554996050884711, 27.87629669408202560, -11.09133185568498092 ) ) ;
#1332 = CARTESIAN_POINT ( 'NONE',  ( 1206.923864392176256, 14.56221792536428872, 26.22867692823911767 ) ) ;
#1333 = CARTESIAN_POINT ( 'NONE',  ( 1226.400375757380516, -29.87406991352463592, -14.33637055809748340 ) ) ;
#1334 = CARTESIAN_POINT ( 'NONE',  ( 1219.007595003057759, -21.08570440292043813, 30.09125387252282735 ) ) ;
#1335 = CARTESIAN_POINT ( 'NONE',  ( 1214.789102548929804, -11.86363362732260107, -37.16768220369910125 ) ) ;
#1336 = CARTESIAN_POINT ( 'NONE',  ( 1205.755612017140038, -12.27730695863145627, 27.37276008791888415 ) ) ;
#1337 = CARTESIAN_POINT ( 'NONE',  ( 1222.420585407437329, 29.66916677032786254, 4.446069212086118050 ) ) ;
#1338 = CYLINDRICAL_SURFACE ( 'NONE', #1662, 24.99999999999991118 ) ;
#1339 = CARTESIAN_POINT ( 'NONE',  ( 1229.004661190090019, -32.00349519656570152, -0.1428088613089770198 ) ) ;
#1340 = CARTESIAN_POINT ( 'NONE',  ( 1213.429818761620254, -5.893013836866439981, -39.32645779623850046 ) ) ;
#1341 = CARTESIAN_POINT ( 'NONE',  ( 1221.915550617113922, 29.37245456601052140, -6.104654553993923649 ) ) ;
#1342 = CARTESIAN_POINT ( 'NONE',  ( 1217.361689376958338, -26.30256238281032566, -14.42827949991125713 ) ) ;
#1343 = CARTESIAN_POINT ( 'NONE',  ( 1219.014866408879925, 21.10955684346830097, 30.08208257550770170 ) ) ;
#1344 = CARTESIAN_POINT ( 'NONE',  ( 1219.185405985824445, -21.37233904770898718, -29.77755889856426919 ) ) ;
#1345 = CARTESIAN_POINT ( 'NONE',  ( 1203.199528840340463, -3.466632189416198440, -29.80703858317508903 ) ) ;
#1346 = CARTESIAN_POINT ( 'NONE',  ( 1221.958315170370497, 29.39834262289655697, 5.999640734451876511 ) ) ;
#1347 = CARTESIAN_POINT ( 'NONE',  ( 1213.650727837287377, 7.186474269530036096, -38.97845366805586309 ) ) ;
#1348 = CARTESIAN_POINT ( 'NONE',  ( 1227.370812335230084, -30.71132526180830169, -11.25180249354590067 ) ) ;
#1349 = CARTESIAN_POINT ( 'NONE',  ( 1219.973150414609790, 22.59561989014740035, 28.37269880179619719 ) ) ;
#1350 = CARTESIAN_POINT ( 'NONE',  ( 1218.311302477329946, -19.93310713164969883, -31.31119032158739657 ) ) ;
#1351 = CARTESIAN_POINT ( 'NONE',  ( 1218.730193874261204, -27.30655806539594721, -12.42433755027662912 ) ) ;
#1352 = CARTESIAN_POINT ( 'NONE',  ( 1228.167831118160166, 31.35871899482455660, 7.973246124858572870 ) ) ;
#1353 = CARTESIAN_POINT ( 'NONE',  ( 1210.365901085444420, 19.59115709727318944, -22.71976629018773508 ) ) ;
#1354 = CARTESIAN_POINT ( 'NONE',  ( 1213.528932254121628, 23.01944313656801100, 19.23812239043230576 ) ) ;
#1355 = CARTESIAN_POINT ( 'NONE',  ( 1221.869578300949343, -25.12076007158955093, -24.78636537620572966 ) ) ;
#1356 = CARTESIAN_POINT ( 'NONE',  ( 1219.402326595805107, -21.70707572608356628, 29.38972163059947817 ) ) ;
#1357 = CARTESIAN_POINT ( 'NONE',  ( 1216.911657787211198, -17.76397247019490777, 24.36358732765082991 ) ) ;
#1358 = CARTESIAN_POINT ( 'NONE',  ( 1222.833452683463747, -26.26994251952084269, 22.84887987233737761 ) ) ;
#1359 = CARTESIAN_POINT ( 'NONE',  ( 1214.653024155185904, 11.39484538987480988, -37.38558267327265128 ) ) ;
#1360 = CARTESIAN_POINT ( 'NONE',  ( 1228.638898794240049, -31.72663234686320166, -5.349548908248369372 ) ) ;
#1361 = CARTESIAN_POINT ( 'NONE',  ( 1226.321937889450055, -29.99018055433649366, 1.088009214412810621 ) ) ;
#1362 = AXIS2_PLACEMENT_3D ( 'NONE', #152, #104, #117 ) ;
#1363 = DIRECTION ( 'NONE',  ( 1.000000000000000000, 1.384456086174630086E-17, 0.000000000000000000 ) ) ;
#1364 = CARTESIAN_POINT ( 'NONE',  ( 1223.460195301509884, -27.22609999132558301, -12.73665336663678360 ) ) ;
#1365 = CARTESIAN_POINT ( 'NONE',  ( 1217.049982624541826, -26.06305141020888883, -14.85693415307433796 ) ) ;
#1366 = CARTESIAN_POINT ( 'NONE',  ( 1228.852003786581236, 31.88902251847409985, 3.539456422712704775 ) ) ;
#1367 = B_SPLINE_CURVE_WITH_KNOTS ( 'NONE', 3,
 ( #369, #1392, #1722, #1048, #1561, #1209, #2274, #1616, #576, #1747, #878, #1402, #699, #150, #868, #1582, #358, #324, #541, #745, #1234, #1383, #2296, #708, #2119, #1198, #1273, #1768, #220, #848, #916, #1547, #41, #1445, #1026, #2157, #344, #2262, #677, #2084, #508, #1898, #162, #689, #902, #2117, #2138, #1089, #1255, #539, #1059, #2150, #579, #1232, #1767, #1942, #1950, #9, #202, #1079, #1786, #720, #1245, #30, #1267, #285, #607, #2172, #1631, #1680, #1293, #973, #108, #2005, #58, #1667, #2185, #427, #1993, #2220, #1157, #416, #1644, #1328, #270, #2197, #2040, #243, #255, #1122, #95, #806, #1981, #1823, #1305, #1489, #2208, #1813, #1858, #82, #1504, #640, #1135, #948, #1284, #960, #467, #784, #1479, #927, #1111, #759, #593, #617, #770, #69, #1656, #936, #630, #1317, #2021, #454, #1467, #1147, #1542, #1377, #1518, #2065, #366, #7, #2127, #210, #1939, #1774, #1598, #1420, #910, #1609, #734, #566, #1117, #1336, #2251, #1686, #2059, #2035, #1526, #814, #1302, #1702, #103, #1152, #2001, #2240, #829, #127, #1865, #654, #115, #792, #2047, #449, #1843 ),
 .UNSPECIFIED., .F., .F.,
 ( 4, 2, 1, 1, 1, 1, 2, 2, 2, 1, 1, 1, 1, 2, 2, 2, 1, 1, 1, 1, 1, 2, 2, 2, 2, 1, 1, 1, 1, 2, 2, 2, 2, 1, 1, 1, 1, 2, 2, 2, 2, 1, 1, 1, 1, 1, 2, 2, 2, 1, 1, 1, 1, 2, 2, 1, 1, 1, 1, 1, 2, 2, 2, 2, 1, 1, 1, 1, 2, 2, 2, 2, 1, 1, 1, 1, 2, 2, 2, 1, 1, 1, 1, 2, 2, 2, 1, 1, 1, 1, 2, 2, 2, 1, 1, 1, 1, 2, 2, 2, 1, 1, 1, 2, 2, 2, 1, 1, 1, 2, 2, 4 ),
 ( 0.000000000000000000, 0.03124999999841347742, 0.04687499999762021613, 0.05468749999722270771, 0.05859374999702395698, 0.06054687499692570224, 0.06152343749687771285, 0.06249999999682973040, 0.09374999999530915507, 0.1093749999945489021, 0.1171874999941669160, 0.1210937499939739592, 0.1230468749938775086, 0.1240234374938272571, 0.1249999999937769779, 0.1562499999921243832, 0.1718749999912956572, 0.1796874999908787129, 0.1835937499906702408, 0.1855468749905660464, 0.1865234374905140047, 0.1870117187404853609, 0.1874999999904567172, 0.2187499999888944668, 0.2343749999881133694, 0.2421874999877197954, 0.2460937499875230638, 0.2480468749874276957, 0.2490234374873799839, 0.2495117187373591117, 0.2499999999873382395, 0.2812499999862200784, 0.2968749999856609145, 0.3046874999853781407, 0.3085937499852366983, 0.3105468749851659771, 0.3115234374851337806, 0.3120117187351145183, 0.3124999999850952559, 0.3437499999841903686, 0.3593749999837379527, 0.3671874999835150755, 0.3710937499834036091, 0.3730468749833447117, 0.3740234374833152353, 0.3745117187333035780, 0.3747558593583008024, 0.3749999999832980824, 0.3906249999835891829, 0.3984374999837346776, 0.4023437499838106723, 0.4042968749838486975, 0.4052734374838677933, 0.4057617187338742326, 0.4062499999838807274, 0.4218749999841603371, 0.4296874999842965059, 0.4335937499843681708, 0.4355468749844075838, 0.4365234374844273457, 0.4370117187344372267, 0.4374999999844471077, 0.4687499999854288779, 0.4843749999859233157, 0.4921874999861706179, 0.4960937499862943523, 0.4980468749863601330, 0.4990234374863929956, 0.4995117187364094269, 0.4999999999864258582, 0.5312499999872020151, 0.5468749999875901491, 0.5546874999877877688, 0.5585937499878865786, 0.5605468749879395363, 0.5615234374879697343, 0.5620117187379849444, 0.5624999999880001544, 0.5937499999890669677, 0.6093749999896004299, 0.6171874999898637748, 0.6210937499899955583, 0.6230468749900647252, 0.6240234374900959224, 0.6249999999901271197, 0.6562499999909897630, 0.6718749999914240822, 0.6796874999916382443, 0.6835937499917483784, 0.6855468749918003368, 0.6865234374918234295, 0.6874999999918464111, 0.7187499999925947014, 0.7343749999929660710, 0.7421874999931519223, 0.7460937499932446260, 0.7480468749932936978, 0.7490234374933208983, 0.7499999999933479877, 0.7812499999942137396, 0.7968749999946488360, 0.8046874999948663287, 0.8085937499949730212, 0.8105468749950263119, 0.8124999999950796026, 0.8437499999959374719, 0.8593749999963646857, 0.8671874999965782926, 0.8710937499966836528, 0.8730468749967348341, 0.8749999999967859043, 1.000000000000000000 ),
 .UNSPECIFIED. ) ;
#1368 = CARTESIAN_POINT ( 'NONE',  ( 1214.753329215276835, 24.15409727320941613, -17.79268530876634813 ) ) ;
#1369 = PRODUCT_DEFINITION_SHAPE ( 'NONE', 'NONE',  #1748 ) ;
#1370 = CARTESIAN_POINT ( 'NONE',  ( 1211.726607431074854, 21.16687278297003161, 21.25947082160411128 ) ) ;
#1371 = CARTESIAN_POINT ( 'NONE',  ( 1205.449720532710671, -11.62597779136568654, 27.66360562418920566 ) ) ;
#1372 = DIRECTION ( 'NONE',  ( 0.000000000000000000, 0.000000000000000000, 1.000000000000000000 ) ) ;
#1373 = CARTESIAN_POINT ( 'NONE',  ( 1228.990225875920032, -31.99266980850899600, 1.263384240247389823 ) ) ;
#1374 = DIRECTION ( 'NONE',  ( 1.000000000000000000, 0.000000000000000000, 0.000000000000000000 ) ) ;
#1375 = CARTESIAN_POINT ( 'NONE',  ( 1220.737996474769034, -23.98804008587718783, -18.18397590017629994 ) ) ;
#1376 = ORIENTED_EDGE ( 'NONE', *, *, #1381, .F. ) ;
#1377 = CARTESIAN_POINT ( 'NONE',  ( 1207.519202225129675, -15.58207473131890630, 25.63776262092307689 ) ) ;
#1378 = CARTESIAN_POINT ( 'NONE',  ( 1219.985640490476044, -28.16327842760677669, -10.33861206445797976 ) ) ;
#1379 = FACE_OUTER_BOUND ( 'NONE', #1678, .T. ) ;
#1380 = CARTESIAN_POINT ( 'NONE',  ( 1213.846443675995488, 23.32244483636983290, -18.86964800239301354 ) ) ;
#1381 = EDGE_CURVE ( 'NONE', #1641, #1109, #456, .T. ) ;
#1382 = CARTESIAN_POINT ( 'NONE',  ( 1217.037783288792980, 26.05341373655750914, 14.87346207558101163 ) ) ;
#1383 = CARTESIAN_POINT ( 'NONE',  ( 1221.664353033337193, -29.22238903572077717, 6.803262321333115814 ) ) ;
#1384 = CARTESIAN_POINT ( 'NONE',  ( 1225.040347801252665, 28.60593919809152652, -17.93231043521257462 ) ) ;
#1385 = CARTESIAN_POINT ( 'NONE',  ( 1223.352077905550459, -27.11667719834309764, 13.01832901468270265 ) ) ;
#1386 = DIRECTION ( 'NONE',  ( 0.000000000000000000, 0.000000000000000000, 1.000000000000000000 ) ) ;
#1387 = CARTESIAN_POINT ( 'NONE',  ( 1203.005494139408484, 0.6170590509996165540, -29.99486314370606621 ) ) ;
#1388 = CARTESIAN_POINT ( 'NONE',  ( 1223.003185229669953, 30.00332460539058488, 0.07665233293276801918 ) ) ;
#1389 = CARTESIAN_POINT ( 'NONE',  ( 1226.182358750569392, 29.67852149435026377, 14.95759228870520374 ) ) ;
#1390 = CARTESIAN_POINT ( 'NONE',  ( 1212.727904275018545, 22.22615294937390829, -20.15065068584224761 ) ) ;
#1391 = CARTESIAN_POINT ( 'NONE',  ( 1213.616509088471048, 23.10381501197364429, 19.13699017406048952 ) ) ;
#1392 = CARTESIAN_POINT ( 'NONE',  ( 1222.999841640480554, -29.99999999999997868, 0.5370925620438387060 ) ) ;
#1393 = CARTESIAN_POINT ( 'NONE',  ( 1214.657179447470071, -11.40329606926369976, 37.37861039639579985 ) ) ;
#1394 = CARTESIAN_POINT ( 'NONE',  ( 1223.935291162936210, 27.48171254642634764, -20.49233853245993586 ) ) ;
#1395 = CARTESIAN_POINT ( 'NONE',  ( 1210.660504530570279, -19.96700330101718279, 22.40488980977299249 ) ) ;
#1396 = FACE_OUTER_BOUND ( 'NONE', #1638, .T. ) ;
#1397 = CARTESIAN_POINT ( 'NONE',  ( 1208.672698900520345, 17.34901988206241086, -24.47471552641000869 ) ) ;
#1398 = DESIGN_CONTEXT ( 'detailed design', #1642, 'design' ) ;
#1399 = CARTESIAN_POINT ( 'NONE',  ( 1217.937646678311467, 26.74291118506981135, -13.61958518839160526 ) ) ;
#1400 = CARTESIAN_POINT ( 'NONE',  ( 1228.253415853481101, 31.42633783997641217, 7.549647574577385001 ) ) ;
#1401 = CARTESIAN_POINT ( 'NONE',  ( 1218.096812211902716, 26.85180433599627392, 13.38029034944992901 ) ) ;
#1402 = CARTESIAN_POINT ( 'NONE',  ( 1222.594285895444273, -29.76952386278897933, 3.746324258914595084 ) ) ;
#1403 = CARTESIAN_POINT ( 'NONE',  ( 1222.518416452715428, 29.72569240727827378, 4.047647338856944721 ) ) ;
#1404 = CARTESIAN_POINT ( 'NONE',  ( 1213.152289201410440, 3.932157204825377228, 29.77335229032957997 ) ) ;
#1405 = VERTEX_POINT ( 'NONE', #2125 ) ;
#1406 = CARTESIAN_POINT ( 'NONE',  ( 1225.396810603436734, 28.94933998063619285, -17.04475503527811497 ) ) ;
#1407 = PRODUCT ( 'Arm_Rod_Default_sldprt', 'Arm_Rod_Default_sldprt', '', ( #1241 ) ) ;
#1408 = CARTESIAN_POINT ( 'NONE',  ( 1228.898892024350062, -31.92412414699680312, 3.001302687731669749 ) ) ;
#1409 = CARTESIAN_POINT ( 'NONE',  ( 1216.911657787211198, -17.76397247019490777, 24.36358732765082991 ) ) ;
#1410 = CARTESIAN_POINT ( 'NONE',  ( 1293.000000000000000, 1.224646799147359843E-14, 40.00000000000000000 ) ) ;
#1411 = EDGE_CURVE ( 'NONE', #1832, #603, #2094, .T. ) ;
#1412 = CARTESIAN_POINT ( 'NONE',  ( 1207.162065074629709, 14.97906023567865219, -25.99284440968657250 ) ) ;
#1413 = CARTESIAN_POINT ( 'NONE',  ( 1228.410850603489962, 31.55024963229289270, -6.743507602438330473 ) ) ;
#1414 = CARTESIAN_POINT ( 'NONE',  ( 1225.079623612508158, 28.64372330899546881, 17.83441979509791153 ) ) ;
#1415 = CARTESIAN_POINT ( 'NONE',  ( 1217.022394256275902, 17.48895991001060679, -33.50420610858667203 ) ) ;
#1416 = CARTESIAN_POINT ( 'NONE',  ( 1217.065484891679944, -26.08444992463760670, 14.84147114599119099 ) ) ;
#1417 = CARTESIAN_POINT ( 'NONE',  ( 1213.448721668409689, -6.554447375086551730, 29.34993713640731983 ) ) ;
#1418 = CARTESIAN_POINT ( 'NONE',  ( 1219.612385147128180, 27.92069099402589316, -11.00570265586419438 ) ) ;
#1419 = CARTESIAN_POINT ( 'NONE',  ( 1205.345817879429205, 11.36214049348559563, -27.76974044499963767 ) ) ;
#1420 = CARTESIAN_POINT ( 'NONE',  ( 1206.112186496493905, -13.02706899688157982, 27.02587314442947175 ) ) ;
#1421 = CARTESIAN_POINT ( 'NONE',  ( 1225.719977380899991, 29.45317808792588821, -5.796544649649298719 ) ) ;
#1422 = CARTESIAN_POINT ( 'NONE',  ( 1217.383639622063356, 18.23284123520328137, 32.89940394198227835 ) ) ;
#1423 = CARTESIAN_POINT ( 'NONE',  ( 1212.999718207970318, -0.4774136415106517983, 29.99430630246503426 ) ) ;
#1424 = CARTESIAN_POINT ( 'NONE',  ( 1213.651105149645673, 7.187897628634148717, 38.97783423911292999 ) ) ;
#1425 = CARTESIAN_POINT ( 'NONE',  ( 1228.000000000000000, 2.020667218593139411E-14, -40.00000000000000000 ) ) ;
#1426 = CARTESIAN_POINT ( 'NONE',  ( 1228.483336280003869, -31.60602525565316157, -6.270757263203783793 ) ) ;
#1427 = CARTESIAN_POINT ( 'NONE',  ( 1220.899395932722200, 23.86567745664949669, -26.64752591281549243 ) ) ;
#1428 = CC_DESIGN_DATE_AND_TIME_ASSIGNMENT ( #781, #93, ( #1748 ) ) ;
#1429 = CARTESIAN_POINT ( 'NONE',  ( 1213.592791642939801, -7.006347856192769896, 39.07070011904910700 ) ) ;
#1430 = CARTESIAN_POINT ( 'NONE',  ( 1203.000002828539891, 1.802340244767820169E-11, 30.00000000000000000 ) ) ;
#1431 = CARTESIAN_POINT ( 'NONE',  ( 1203.134626262969277, 2.763327013032826240, -29.87365162795433804 ) ) ;
#1432 = LOCAL_TIME ( 14, 13, 48.00000000000000000, #67 ) ;
#1433 = CARTESIAN_POINT ( 'NONE',  ( 0.000000000000000000, 0.000000000000000000, 0.000000000000000000 ) ) ;
#1434 = CARTESIAN_POINT ( 'NONE',  ( 1222.664879435281364, -29.80984190794636390, -3.372697552797657483 ) ) ;
#1435 = CARTESIAN_POINT ( 'NONE',  ( 1215.840548309600081, 14.80673085764108876, 35.46203262189972349 ) ) ;
#1436 = CIRCLE ( 'NONE', #1514, 40.00000000000003553 ) ;
#1437 = CARTESIAN_POINT ( 'NONE',  ( 1204.350620357039588, 8.777268548251681679, 28.71874522246159955 ) ) ;
#1438 = APPROVAL_PERSON_ORGANIZATION ( #1654, #2156, #425 ) ;
#1439 = CARTESIAN_POINT ( 'NONE',  ( 1228.270286474251407, -31.43948613681672200, 7.453921322845636688 ) ) ;
#1440 = CARTESIAN_POINT ( 'NONE',  ( 1216.626218145176836, -16.64178578328791147, 34.16531285944135021 ) ) ;
#1441 = CARTESIAN_POINT ( 'NONE',  ( 1226.900301181669874, -30.31503809216929923, 12.85770647384220133 ) ) ;
#1442 = CARTESIAN_POINT ( 'NONE',  ( 1203.476170270628700, 5.272443137717555572, 29.54676149454111922 ) ) ;
#1443 = ORIENTED_EDGE ( 'NONE', *, *, #196, .F. ) ;
#1444 = CARTESIAN_POINT ( 'NONE',  ( 1228.993050417079758, 31.99478954881880455, 0.8023807475264831401 ) ) ;
#1445 = CARTESIAN_POINT ( 'NONE',  ( 1220.117199396815749, -28.25068768384055673, 10.10573313592737144 ) ) ;
#1446 = CALENDAR_DATE ( 2026, 17, 8 ) ;
#1447 = CARTESIAN_POINT ( 'NONE',  ( 1203.238332260910738, 3.766967427037792415, -29.77057363652198774 ) ) ;
#1448 = CARTESIAN_POINT ( 'NONE',  ( 1219.649923048855044, 22.08740776658125426, 28.94643662614316781 ) ) ;
#1449 = CARTESIAN_POINT ( 'NONE',  ( 1203.059225250678764, 1.843187264987122598, 29.94448485463802001 ) ) ;
#1450 = CARTESIAN_POINT ( 'NONE',  ( 1228.297094475883569, -31.46055435352315044, -7.313642606470281748 ) ) ;
#1451 = CARTESIAN_POINT ( 'NONE',  ( 1216.492768669676707, -16.34782188334174080, 34.38707795761426667 ) ) ;
#1452 = CARTESIAN_POINT ( 'NONE',  ( 1223.278407473969992, -26.78696796835100002, 21.94502038783319975 ) ) ;
#1453 = CARTESIAN_POINT ( 'NONE',  ( 1217.608011824118421, 19.13564907267069870, 23.31453993137498415 ) ) ;
#1454 = ORIENTED_EDGE ( 'NONE', *, *, #1003, .T. ) ;
#1455 = CARTESIAN_POINT ( 'NONE',  ( 1227.450926101529831, 30.77983144275359706, -10.99918456807079892 ) ) ;
#1456 = ORIENTED_EDGE ( 'NONE', *, *, #2137, .F. ) ;
#1457 = COORDINATED_UNIVERSAL_TIME_OFFSET ( 8, 0, .AHEAD. ) ;
#1458 = CARTESIAN_POINT ( 'NONE',  ( 1214.525245698129993, 11.57533235066350130, -27.82668381872403529 ) ) ;
#1459 = CARTESIAN_POINT ( 'NONE',  ( 1216.126225081664415, 15.51068140860273203, 34.99359517668585795 ) ) ;
#1460 = CARTESIAN_POINT ( 'NONE',  ( 1228.940223335399878, 31.95511041430029664, 2.202370734215949977 ) ) ;
#1461 = CARTESIAN_POINT ( 'NONE',  ( 1210.251625156754926, -19.45056168050826173, -22.84022130064538203 ) ) ;
#1462 = CARTESIAN_POINT ( 'NONE',  ( 1203.309344292863898, 4.197436539307815906, 29.70956195347598694 ) ) ;
#1463 = CARTESIAN_POINT ( 'NONE',  ( 1228.370978404958350, 31.51845878348174423, -6.916055941446334288 ) ) ;
#1464 = ORIENTED_EDGE ( 'NONE', *, *, #807, .F. ) ;
#1465 = CARTESIAN_POINT ( 'NONE',  ( 1222.223438447488206, 25.84184796226517733, -15.39024931873471402 ) ) ;
#1466 = CARTESIAN_POINT ( 'NONE',  ( 1202.986581407549465, -0.6242818459129697573, -30.00686396423707691 ) ) ;
#1467 = CARTESIAN_POINT ( 'NONE',  ( 1208.353920825883279, -16.88906862332175862, 24.79921159425601118 ) ) ;
#1468 = CARTESIAN_POINT ( 'NONE',  ( 1209.351537895909132, 18.33443537271050872, 23.77872363125881350 ) ) ;
#1469 = CARTESIAN_POINT ( 'NONE',  ( 1205.674550704133026, -12.10046894328689149, -27.45142033485703337 ) ) ;
#1470 = CARTESIAN_POINT ( 'NONE',  ( 1215.634427370771164, 24.91777242918519519, -16.70642491735452850 ) ) ;
#1471 = CARTESIAN_POINT ( 'NONE',  ( 1207.439523671442885, 15.45408476900730399, 25.71755123929998277 ) ) ;
#1472 = CARTESIAN_POINT ( 'NONE',  ( 1228.389678360599419, -31.53306586863856964, -6.811323041482101104 ) ) ;
#1473 = CARTESIAN_POINT ( 'NONE',  ( 1216.888773066566500, -17.21125726011318591, 33.72811346215888761 ) ) ;
#1474 = CARTESIAN_POINT ( 'NONE',  ( 1203.063766510990263, -2.174939584900578815, -29.93449657793359719 ) ) ;
#1475 = VERTEX_POINT ( 'NONE', #1753 ) ;
#1476 = ADVANCED_FACE ( 'NONE', ( #198 ), #5, .T. ) ;
#1477 = DATE_AND_TIME ( #253, #1069 ) ;
#1478 = CARTESIAN_POINT ( 'NONE',  ( 1203.591281375669723, 5.819225830493975238, -29.43811226611470744 ) ) ;
#1479 = CARTESIAN_POINT ( 'NONE',  ( 1210.323608317101389, -19.53927699793230488, 22.76437906530068744 ) ) ;
#1480 = CARTESIAN_POINT ( 'NONE',  ( 1227.962888755669837, 31.19637991957230128, 8.952404693238300126 ) ) ;
#1481 = CARTESIAN_POINT ( 'NONE',  ( 1208.590815907338538, -17.23082602318596912, -24.55807140597451976 ) ) ;
#1482 = CARTESIAN_POINT ( 'NONE',  ( 1205.621539490036866, 11.98319864965760040, 27.50278554479034909 ) ) ;
#1483 = CARTESIAN_POINT ( 'NONE',  ( 1216.702631940401034, -16.80779700660029619, -34.03809247991193843 ) ) ;
#1484 = CARTESIAN_POINT ( 'NONE',  ( 1213.665565497807165, -7.266541591165410097, 38.95504497315322823 ) ) ;
#1485 = CARTESIAN_POINT ( 'NONE',  ( 1203.351865673779912, -4.501842741892488675, -29.66373933727360779 ) ) ;
#1486 = CARTESIAN_POINT ( 'NONE',  ( 1213.331982098819708, 5.746305957277382248, -29.51583710743753031 ) ) ;
#1487 = EDGE_LOOP ( 'NONE', ( #424, #765, #2034, #2281, #780, #411 ) ) ;
#1488 = CARTESIAN_POINT ( 'NONE',  ( 1213.028479451799740, 1.818362875940119583, -29.95240967865769477 ) ) ;
#1489 = CARTESIAN_POINT ( 'NONE',  ( 1212.087179371376806, -21.55702030558154902, 20.86374654971353237 ) ) ;
#1490 = CARTESIAN_POINT ( 'NONE',  ( 1222.698665929106483, 29.82916385631812872, -3.197072646384573780 ) ) ;
#1491 = CARTESIAN_POINT ( 'NONE',  ( 1222.144939324540474, 25.74938820135951545, 15.54671496722700930 ) ) ;
#1492 = CARTESIAN_POINT ( 'NONE',  ( 1207.049548809713997, -14.78387567373376754, -26.10435342434157846 ) ) ;
#1493 = CARTESIAN_POINT ( 'NONE',  ( 1218.084961902119858, 19.55496350294290053, 31.70666559673460227 ) ) ;
#1494 = CARTESIAN_POINT ( 'NONE',  ( 1218.139332751194843, 26.88297994351157527, -13.31763375868447419 ) ) ;
#1495 = CARTESIAN_POINT ( 'NONE',  ( 1217.774178697481375, -18.95722610462459912, -32.23222213729301444 ) ) ;
#1496 = CARTESIAN_POINT ( 'NONE',  ( 1220.274662513269504, -23.00211765102110562, 27.80979183155924517 ) ) ;
#1497 = CARTESIAN_POINT ( 'NONE',  ( 1213.000796786659976, 0.9873892706386230289, -39.99875834654240236 ) ) ;
#1498 = EDGE_CURVE ( 'NONE', #1475, #1096, #272, .T. ) ;
#1499 = CARTESIAN_POINT ( 'NONE',  ( 1220.825757682855510, -23.76612167312343260, 26.78579445710134976 ) ) ;
#1500 = CARTESIAN_POINT ( 'NONE',  ( 1215.547351505563256, 14.04633191706596307, -35.94046454234290167 ) ) ;
#1501 = CARTESIAN_POINT ( 'NONE',  ( 1215.642735361320774, 14.90933657320479000, -26.23009907650163441 ) ) ;
#1502 = B_SPLINE_CURVE_WITH_KNOTS ( 'NONE', 3,
 ( #1819, #1269, #623, #238, #1829, #1313, #953, #217, #1798, #1663, #249, #1484, #409, #1636, #919, #2177, #913, #931, #421, #63, #1116, #1613, #764, #433, #942, #1999, #1649, #35, #776, #1451, #2164, #1440, #1963, #396, #1473, #76, #226, #1624, #585, #1279, #966, #291, #325, #2014, #1002, #827, #1334, #1524, #1712, #138, #1356, #1548, #2263, #678, #1496, #2029, #802, #139, #1499, #1164, #2215, #637, #1323, #1016, #978, #1725, #665, #1358, #1687, #815, #1512, #1866, #303, #991, #1703, #128, #941, #408, #729, #62, #572, #2163, #1623, #763, #34, #1082, #740, #1998, #237, #584, #432, #1612, #918, #1268, #2176, #1648, #387, #395, #1973, #598, #1987, #1439, #2151, #1128, #420, #75, #1103, #49, #1952, #1635, #1299, #751, #1278, #775, #1789, #1426, #1472, #1808, #1962, #1091, #1450, #261, #1259, #225, #1115, #1818, #2140, #1828, #248, #610, #1604, #22, #560, #1333, #2013, #1312, #644, #1509, #314, #622, #1141, #87, #1698, #2214, #461, #635, #2249, #1187, #113, #1523, #2056, #2045, #789, #812, #826, #1684, #952, #1173, #1355, #1876, #800, #472, #126, #2237, #1841, #1887, #2224, #1711, #1661, #652, #2202, #301, #1344, #965, #988, #290, #137, #1161, #1863, #484, #1001, #1495, #1674, #976, #497, #837, #1535, #663, #1483, #447, #2070, #277, #101, #1321, #2027, #1150, #1851, #2097, #1036, #529, #1909, #1572, #857, #2108, #1014, #174, #1221, #2285, #1919, #520, #1060, #1736, #1931, #1758, #335 ),
 .UNSPECIFIED., .F., .F.,
 ( 4, 2, 2, 1, 1, 1, 1, 2, 2, 2, 2, 1, 1, 1, 1, 2, 2, 2, 1, 1, 1, 2, 2, 2, 1, 1, 1, 2, 2, 2, 1, 1, 1, 2, 2, 2, 1, 2, 2, 2, 1, 2, 2, 2, 1, 1, 2, 2, 2, 1, 1, 2, 2, 2, 1, 1, 1, 1, 2, 2, 2, 2, 1, 1, 1, 1, 2, 2, 2, 2, 2, 2, 2, 1, 1, 1, 1, 2, 2, 2, 2, 1, 1, 1, 1, 2, 2, 2, 1, 1, 1, 2, 2, 2, 1, 2, 2, 2, 1, 2, 2, 2, 1, 2, 2, 2, 1, 1, 2, 2, 2, 1, 1, 1, 2, 2, 2, 1, 1, 1, 2, 2, 2, 1, 1, 1, 1, 2, 2, 2, 2, 1, 1, 1, 1, 2, 2, 4 ),
 ( 0.000000000000000000, 0.03125000000007745193, 0.04687500000011645546, 0.05468750000013558599, 0.05859375000014471063, 0.06054687500014926255, 0.06152343750015103890, 0.06201171875015148299, 0.06250000000015192014, 0.09375000000020951296, 0.1093750000002382955, 0.1171875000002534778, 0.1210937500002602502, 0.1230468750002637057, 0.1240234375002662037, 0.1245117187502673833, 0.1250000000002685629, 0.1406250000002933764, 0.1484375000003058109, 0.1523437500003110567, 0.1542968750003145817, 0.1552734375003153866, 0.1562500000003161915, 0.1718750000002985390, 0.1796875000002887135, 0.1835937500002848000, 0.1855468750002818301, 0.1865234375002802480, 0.1875000000002786660, 0.2031250000002463030, 0.2109375000002301770, 0.2148437500002220724, 0.2167968750002190192, 0.2177734375002175204, 0.2187500000002160216, 0.2343750000002076117, 0.2421875000002033651, 0.2460937500002012834, 0.2500000000001991740, 0.2656250000001864064, 0.2734375000001788569, 0.2773437500001762479, 0.2812500000001735834, 0.2968750000001630918, 0.3046875000001589284, 0.3085937500001568190, 0.3105468750001568190, 0.3125000000001568190, 0.3281250000001633693, 0.3359375000001676992, 0.3398437500001699196, 0.3417968750001710854, 0.3437500000001721956, 0.3593750000001713074, 0.3671875000001709188, 0.3710937500001698641, 0.3730468750001693090, 0.3740234375001690315, 0.3745117187501689204, 0.3750000000001688094, 0.4062500000001790235, 0.4218750000001848521, 0.4296875000001877387, 0.4335937500001891265, 0.4355468750001898481, 0.4365234375001896816, 0.4370117187501895706, 0.4375000000001894040, 0.4687500000002225442, 0.4843750000002388090, 0.5000000000002551293, 0.5312500000002877698, 0.5468750000003042011, 0.5546875000003121947, 0.5585937500003160805, 0.5605468750003176348, 0.5615234375003183009, 0.5620117187503186340, 0.5625000000003189671, 0.5937500000003493872, 0.6093750000003645972, 0.6171875000003721468, 0.6210937500003766987, 0.6230468750003782530, 0.6240234375003790301, 0.6245117187503785861, 0.6250000000003780309, 0.6406250000004150014, 0.6484375000004326539, 0.6523437500004414247, 0.6542968750004448664, 0.6552734375004454215, 0.6562500000004460876, 0.6718750000004388712, 0.6796875000004352074, 0.6835937500004335421, 0.6875000000004317657, 0.7031250000004268808, 0.7109375000004233280, 0.7148437500004204415, 0.7187500000004175549, 0.7343750000004062306, 0.7421875000003994582, 0.7460937500003960166, 0.7500000000003925749, 0.7656250000003786971, 0.7734375000003717027, 0.7773437500003682610, 0.7792968750003665956, 0.7812500000003649303, 0.7968750000003447242, 0.8046875000003337330, 0.8085937500003291811, 0.8105468750003269607, 0.8115234375003268497, 0.8125000000003268497, 0.8281250000003241851, 0.8359375000003227418, 0.8398437500003210765, 0.8417968750003190781, 0.8427734375003171907, 0.8437500000003153033, 0.8593750000002614575, 0.8671875000002335909, 0.8710937500002196021, 0.8730468750002127187, 0.8740234375002092770, 0.8745117187502083889, 0.8750000000002073897, 0.9062500000001314504, 0.9218750000000927036, 0.9296875000000732747, 0.9335937500000637268, 0.9355468750000593969, 0.9365234375000571765, 0.9370117187500560663, 0.9375000000000549560, 1.000000000000000000 ),
 .UNSPECIFIED. ) ;
#1503 = CARTESIAN_POINT ( 'NONE',  ( 1213.266206619950253, -5.122344607997872501, -29.60997889519682857 ) ) ;
#1504 = CARTESIAN_POINT ( 'NONE',  ( 1211.710684672772913, -21.15354797122076391, 21.27841324017235536 ) ) ;
#1505 = CARTESIAN_POINT ( 'NONE',  ( 1217.260535333303324, -26.22529658264975794, -14.56839490466647469 ) ) ;
#1506 = CARTESIAN_POINT ( 'NONE',  ( 1220.743119282278712, 23.99479111167882195, 18.17480805020238677 ) ) ;
#1507 = CARTESIAN_POINT ( 'NONE',  ( 1220.793670993431078, 28.68461355992877415, -8.787601946333873926 ) ) ;
#1508 = CARTESIAN_POINT ( 'NONE',  ( 1204.679736470816579, 9.650291349349110703, 28.40999807774300479 ) ) ;
#1509 = CARTESIAN_POINT ( 'NONE',  ( 1225.539062791096057, -29.08496640902801644, -16.68485270227645145 ) ) ;
#1510 = CARTESIAN_POINT ( 'NONE',  ( 1202.994897167790214, 0.9258288190761110314, -29.99907029965729777 ) ) ;
#1511 = ORIENTED_EDGE ( 'NONE', *, *, #1003, .F. ) ;
#1512 = CARTESIAN_POINT ( 'NONE',  ( 1223.578003694254676, -27.09906349147260585, 21.27443772929367327 ) ) ;
#1513 = CARTESIAN_POINT ( 'NONE',  ( 1213.917807758616846, 8.598739679174837391, -38.55687221169019807 ) ) ;
#1514 = AXIS2_PLACEMENT_3D ( 'NONE', #1163, #1131, #990 ) ;
#1515 = CARTESIAN_POINT ( 'NONE',  ( 1215.375321368009963, 13.60763232176219972, -36.22150660788000209 ) ) ;
#1516 = CARTESIAN_POINT ( 'NONE',  ( 1221.285528158499574, -28.99365509088409354, -7.717192136276148418 ) ) ;
#1517 = CARTESIAN_POINT ( 'NONE',  ( 1218.654231616789730, -20.96790966234089382, -21.69335393950879975 ) ) ;
#1518 = CARTESIAN_POINT ( 'NONE',  ( 1207.309439459328587, -15.23090330540963500, 25.84653182586272635 ) ) ;
#1519 = CARTESIAN_POINT ( 'NONE',  ( 1219.038935970225339, -27.52249864526133649, -11.93784447928763193 ) ) ;
#1520 = CARTESIAN_POINT ( 'NONE',  ( 1214.632136967210272, 11.39197241708529873, 37.42083007867950073 ) ) ;
#1521 = CARTESIAN_POINT ( 'NONE',  ( 1217.770318325942981, 26.61063120926987935, -13.85239851357780694 ) ) ;
#1522 = CARTESIAN_POINT ( 'NONE',  ( 1206.946774876254949, 14.60288323611209726, 26.20603064314005337 ) ) ;
#1523 = CARTESIAN_POINT ( 'NONE',  ( 1223.856532732378355, -27.39827809349153398, -20.66646643882959467 ) ) ;
#1524 = CARTESIAN_POINT ( 'NONE',  ( 1219.219408427474491, -21.42181237897712265, 29.71570852457850265 ) ) ;
#1525 = CARTESIAN_POINT ( 'NONE',  ( 1213.842977933890324, -8.802044915261516778, -28.79170695306608252 ) ) ;
#1526 = CARTESIAN_POINT ( 'NONE',  ( 1204.748382545510140, -9.831194047745048792, 28.34387700394729492 ) ) ;
#1527 = CARTESIAN_POINT ( 'NONE',  ( 1226.314858546219739, 29.98385895688809555, 0.9922896242202481343 ) ) ;
#1528 = CARTESIAN_POINT ( 'NONE',  ( 1205.963790884448827, 12.75875320528849954, -27.16538357551691263 ) ) ;
#1529 = CARTESIAN_POINT ( 'NONE',  ( 1227.094706976279895, -30.47887302607509952, -12.19921346538889928 ) ) ;
#1530 = CARTESIAN_POINT ( 'NONE',  ( 1210.506066242028965, -19.78189786607680389, -22.56866941409068872 ) ) ;
#1531 = CARTESIAN_POINT ( 'NONE',  ( 1219.605318590025490, -27.91077108284984831, -11.00988021741318867 ) ) ;
#1532 = CARTESIAN_POINT ( 'NONE',  ( 1222.975143741748752, 29.98755042231730883, 0.8642002534923117762 ) ) ;
#1533 = CARTESIAN_POINT ( 'NONE',  ( 1212.279463868675066, 21.76111512540217774, -20.65118280890916580 ) ) ;
#1534 = CARTESIAN_POINT ( 'NONE',  ( 1214.614014843761197, 24.03039944697652075, 17.96149275959064084 ) ) ;
#1535 = CARTESIAN_POINT ( 'NONE',  ( 1216.768199815121989, -16.94884725653842850, -33.92878065168090274 ) ) ;
#1536 = CARTESIAN_POINT ( 'NONE',  ( 1203.041325447198460, -1.694679316810862257, 29.95553106742811877 ) ) ;
#1537 = DIRECTION ( 'NONE',  ( 1.000000000000000000, 0.000000000000000000, 0.000000000000000000 ) ) ;
#1538 = CARTESIAN_POINT ( 'NONE',  ( 1227.630763694590087, -30.92631357757240096, -10.29077326625009903 ) ) ;
#1539 = CARTESIAN_POINT ( 'NONE',  ( 1222.130441250639024, -25.73215603187250622, -15.57529464087320292 ) ) ;
#1540 = CARTESIAN_POINT ( 'NONE',  ( 1212.999996819929947, -8.395508520243090280E-12, -40.00000000000280664 ) ) ;
#1541 = CARTESIAN_POINT ( 'NONE',  ( 1217.636282466289913, -18.71015193808660015, -32.46912233284909632 ) ) ;
#1542 = CARTESIAN_POINT ( 'NONE',  ( 1207.705670852292087, -15.88353189753713046, 25.45132885589983474 ) ) ;
#1543 = CARTESIAN_POINT ( 'NONE',  ( 1219.333519088203730, -27.72684155956838126, -11.46639509438806925 ) ) ;
#1544 = DIRECTION ( 'NONE',  ( 0.000000000000000000, 0.000000000000000000, -1.000000000000000000 ) ) ;
#1545 = CARTESIAN_POINT ( 'NONE',  ( 1215.024256295412897, 24.39370875529848703, -17.46347263991752641 ) ) ;
#1546 = CARTESIAN_POINT ( 'NONE',  ( 1211.760874232851620, 21.20438875922978283, 21.22202393141364496 ) ) ;
#1547 = CARTESIAN_POINT ( 'NONE',  ( 1220.571170087024939, -28.54310464038205453, 9.235324932369433526 ) ) ;
#1548 = CARTESIAN_POINT ( 'NONE',  ( 1219.418082535871235, -21.73144185958089381, 29.36157095295237696 ) ) ;
#1549 = CARTESIAN_POINT ( 'NONE',  ( 1222.042119614729927, -25.36593246793169598, 24.47818930573430052 ) ) ;
#1550 = AXIS2_PLACEMENT_3D ( 'NONE', #535, #1810, #219 ) ;
#1551 = DIRECTION ( 'NONE',  ( 0.000000000000000000, 0.000000000000000000, 1.000000000000000000 ) ) ;
#1552 = CARTESIAN_POINT ( 'NONE',  ( 1228.018252197849961, -31.24067753883610266, 8.707649461461928198 ) ) ;
#1553 = AXIS2_PLACEMENT_3D ( 'NONE', #2191, #388, #2203 ) ;
#1554 = FACE_OUTER_BOUND ( 'NONE', #1487, .T. ) ;
#1555 = CARTESIAN_POINT ( 'NONE',  ( 1220.133486402099379, -28.26431968966222641, -10.07691381055400193 ) ) ;
#1556 = ORIENTED_EDGE ( 'NONE', *, *, #1212, .F. ) ;
#1557 = AXIS2_PLACEMENT_3D ( 'NONE', #368, #2116, #834 ) ;
#1558 = CARTESIAN_POINT ( 'NONE',  ( 1215.591764871917349, -24.88174012360375542, -16.76004348640113761 ) ) ;
#1559 = CARTESIAN_POINT ( 'NONE',  ( 1226.911212594049857, 30.32220253754132955, 12.79711897598677517 ) ) ;
#1560 = CARTESIAN_POINT ( 'NONE',  ( 1215.068957431762556, 24.43258216776976255, 17.40857264816579786 ) ) ;
#1561 = CARTESIAN_POINT ( 'NONE',  ( 1222.848318912931745, -29.91446192840961515, 2.292170520480975693 ) ) ;
#1562 = CARTESIAN_POINT ( 'NONE',  ( 1211.552040872070393, -20.99186703787829700, 21.44743028240289462 ) ) ;
#1563 = CARTESIAN_POINT ( 'NONE',  ( 1227.406112143664814, 30.74256210254647570, -11.17198840490241807 ) ) ;
#1564 = CARTESIAN_POINT ( 'NONE',  ( 1220.950309540490252, -28.78647133303589101, 8.471729514678202122 ) ) ;
#1565 = CARTESIAN_POINT ( 'NONE',  ( 1253.000000000000000, 1.734723475976809934E-14, 0.000000000000000000 ) ) ;
#1566 = CARTESIAN_POINT ( 'NONE',  ( 1203.968361286695199, 7.352164607674165353, -29.08714260780767447 ) ) ;
#1567 = VERTEX_POINT ( 'NONE', #715 ) ;
#1568 = CARTESIAN_POINT ( 'NONE',  ( 1219.674612915940088, 22.51982713776251543, -20.02283145789692398 ) ) ;
#1569 = CARTESIAN_POINT ( 'NONE',  ( 1225.620720511329637, 29.36302195179128560, 6.277106187742195864 ) ) ;
#1570 = CARTESIAN_POINT ( 'NONE',  ( 1214.359172330550109, 23.79960958020691919, -18.26653171917993390 ) ) ;
#1571 = CARTESIAN_POINT ( 'NONE',  ( 1215.301880265412137, 24.63439860188065822, 17.12152022118780792 ) ) ;
#1572 = CARTESIAN_POINT ( 'NONE',  ( 1214.739325869340746, -11.72230375427739446, -37.24808400910167450 ) ) ;
#1573 = CARTESIAN_POINT ( 'NONE',  ( 1219.131951214690162, -21.29647072141659692, 29.87504023971559874 ) ) ;
#1574 = CARTESIAN_POINT ( 'NONE',  ( 1223.846972768267506, 27.38820803230657930, -20.68786120838760212 ) ) ;
#1575 = CARTESIAN_POINT ( 'NONE',  ( 1222.979651165640234, -29.99009459909561315, -0.8948535013693463824 ) ) ;
#1576 = CARTESIAN_POINT ( 'NONE',  ( 1217.526826382799982, -18.52522385218260226, 32.65945378241939778 ) ) ;
#1577 = CARTESIAN_POINT ( 'NONE',  ( 1.304342292137899968E-16, 47.50000000000000000, 0.000000000000000000 ) ) ;
#1578 = CARTESIAN_POINT ( 'NONE',  ( 1208.767256557238852, 17.48436824593832739, -24.37831537026616502 ) ) ;
#1579 = CARTESIAN_POINT ( 'NONE',  ( 1221.060705357569077, 28.85635973540009047, -8.248443986108979331 ) ) ;
#1580 = CARTESIAN_POINT ( 'NONE',  ( 1224.095768761169438, 27.88926256451958352, 11.18457548543791624 ) ) ;
#1581 = CARTESIAN_POINT ( 'NONE',  ( 1216.849499198950980, 25.90662512715232069, 15.12823412026602021 ) ) ;
#1582 = CARTESIAN_POINT ( 'NONE',  ( 1221.994957846051875, -29.41963561426409868, 5.875033590329890920 ) ) ;
#1583 = CARTESIAN_POINT ( 'NONE',  ( 1220.263735360970031, 28.34501037006876345, 9.826517712026770823 ) ) ;
#1584 = CARTESIAN_POINT ( 'NONE',  ( 1219.563860723958214, 21.95513255872102576, -29.10044394391891132 ) ) ;
#1585 = CARTESIAN_POINT ( 'NONE',  ( 1225.956271206969404, -29.66689300599793100, -4.602909167213342201 ) ) ;
#1586 = CARTESIAN_POINT ( 'NONE',  ( 1225.201296898560031, -28.77474937367469821, 17.57918010370200079 ) ) ;
#1587 = CARTESIAN_POINT ( 'NONE',  ( 1222.993215537100014, 29.99619566594530085, 0.5513123386856990660 ) ) ;
#1588 = CARTESIAN_POINT ( 'NONE',  ( 1208.711977050187897, 17.40538140054749050, -24.43468924931059050 ) ) ;
#1589 = AXIS2_PLACEMENT_3D ( 'NONE', #790, #611, #1300 ) ;
#1590 = CARTESIAN_POINT ( 'NONE',  ( 1222.497268919295493, -29.71364233876583327, -4.149067570348608847 ) ) ;
#1591 = CARTESIAN_POINT ( 'NONE',  ( 1224.106993655964061, 27.66262613137093851, 20.11046286124769367 ) ) ;
#1592 = CARTESIAN_POINT ( 'NONE',  ( 1219.028271841726109, 27.51672668239192276, 11.96136718264128973 ) ) ;
#1593 = CARTESIAN_POINT ( 'NONE',  ( 1215.029160869608631, 12.59019097657197861, 36.78069086320672199 ) ) ;
#1594 = CARTESIAN_POINT ( 'NONE',  ( 1226.489325054283654, 29.95315079244242540, -14.07759023963569689 ) ) ;
#1595 = CARTESIAN_POINT ( 'NONE',  ( 1206.637759698058971, -14.07642257629708915, 26.50598476511650148 ) ) ;
#1596 = CARTESIAN_POINT ( 'NONE',  ( 1227.858968104849964, 31.11257635236919938, -9.396600757160019413 ) ) ;
#1597 = CARTESIAN_POINT ( 'NONE',  ( 1204.920937002709934, 10.29958746431000449, -28.17851756972008914 ) ) ;
#1598 = CARTESIAN_POINT ( 'NONE',  ( 1206.277102302717140, -13.35469288304980573, 26.86469969996067420 ) ) ;
#1599 = CARTESIAN_POINT ( 'NONE',  ( 1214.776342905969841, -24.19742300974780491, -17.77694604816890944 ) ) ;
#1600 = CARTESIAN_POINT ( 'NONE',  ( 1226.320772058800685, 29.98916028374770448, -1.109105498289500114 ) ) ;
#1601 = CARTESIAN_POINT ( 'NONE',  ( 1215.700672625403286, 14.45246306937754888, 35.69074030816043575 ) ) ;
#1602 = CARTESIAN_POINT ( 'NONE',  ( 1213.689882698947713, 7.397543313052268310, 38.91668313156591097 ) ) ;
#1603 = CARTESIAN_POINT ( 'NONE',  ( 40.00000000000000000, 5.537824344698490392E-16, 0.000000000000000000 ) ) ;
#1604 = CARTESIAN_POINT ( 'NONE',  ( 1226.438675812943302, -29.90813526119471888, -14.22504895813769110 ) ) ;
#1605 = CARTESIAN_POINT ( 'NONE',  ( 1223.097681830890451, 26.57030014330981516, -22.29986994384627863 ) ) ;
#1606 = CARTESIAN_POINT ( 'NONE',  ( 1214.964159959459948, -12.39941771440810037, 36.88565670505519734 ) ) ;
#1607 = CYLINDRICAL_SURFACE ( 'NONE', #2144, 47.50000000000000000 ) ;
#1608 = CARTESIAN_POINT ( 'NONE',  ( 1203.504326985144644, 5.420096974162345482, -29.52613062858981152 ) ) ;
#1609 = CARTESIAN_POINT ( 'NONE',  ( 1205.837644725467499, -12.45365982032786611, 27.29308800284600167 ) ) ;
#1610 = CARTESIAN_POINT ( 'NONE',  ( 1228.148162236140024, 31.34341263103560138, -8.082700885889201103 ) ) ;
#1611 = CARTESIAN_POINT ( 'NONE',  ( 1223.554693067538892, 27.07352439892144247, 21.32439021615049057 ) ) ;
#1612 = CARTESIAN_POINT ( 'NONE',  ( 1226.380271110580225, -29.85615691971904084, 14.39443945768044664 ) ) ;
#1613 = CARTESIAN_POINT ( 'NONE',  ( 1215.441354553931887, -13.76046242752937943, 36.11293120442007876 ) ) ;
#1614 = CARTESIAN_POINT ( 'NONE',  ( 1224.170311883459817, -27.96504032433473341, 10.99061595822579740 ) ) ;
#1615 = CARTESIAN_POINT ( 'NONE',  ( 1213.000001667500101, 7.657618775878359524E-12, 39.99999791726380494 ) ) ;
#1616 = CARTESIAN_POINT ( 'NONE',  ( 1222.712746090152905, -29.83720826210413435, 3.121382984971822872 ) ) ;
#1617 = CARTESIAN_POINT ( 'NONE',  ( 1203.199528840340463, -3.466632189416198440, -29.80703858317508903 ) ) ;
#1618 = CARTESIAN_POINT ( 'NONE',  ( 1225.742360556799667, 29.27633060561035450, 16.15941611242464049 ) ) ;
#1619 = CIRCLE ( 'NONE', #1106, 30.00000000000000000 ) ;
#1620 = CARTESIAN_POINT ( 'NONE',  ( 1214.632136967210272, 11.39197241708529873, 37.42083007867950073 ) ) ;
#1621 = CARTESIAN_POINT ( 'NONE',  ( 1203.668877089975922, -6.113948782519040392, -29.37052451402242426 ) ) ;
#1622 = AXIS2_PLACEMENT_3D ( 'NONE', #190, #671, #329 ) ;
#1623 = CARTESIAN_POINT ( 'NONE',  ( 1225.370181786469630, -28.92556938220101870, 17.11852733552992589 ) ) ;
#1624 = CARTESIAN_POINT ( 'NONE',  ( 1217.607186597165537, -18.64008854080825728, 32.51612731469288065 ) ) ;
#1625 = CARTESIAN_POINT ( 'NONE',  ( 1215.844388015729010, -25.11377029619218249, 16.45725257361190330 ) ) ;
#1626 = CARTESIAN_POINT ( 'NONE',  ( 1219.514920211869139, 27.85507451419536906, 11.17068214645749080 ) ) ;
#1627 = CARTESIAN_POINT ( 'NONE',  ( 1223.556004301919074, 27.32804234607160154, -12.51288761037679542 ) ) ;
#1628 = APPROVAL_ROLE ( '' ) ;
#1629 = CARTESIAN_POINT ( 'NONE',  ( 1215.375321368009963, 13.60763232176219972, -36.22150660788000209 ) ) ;
#1630 = CARTESIAN_POINT ( 'NONE',  ( 1217.948999777000608, 19.27260369067501244, 31.93191101322353376 ) ) ;
#1631 = CARTESIAN_POINT ( 'NONE',  ( 1215.605663550991039, -24.89348527390593802, 16.74259237811059364 ) ) ;
#1632 = CARTESIAN_POINT ( 'NONE',  ( 1219.514920211869139, 27.85507451419536906, 11.17068214645749080 ) ) ;
#1633 = CARTESIAN_POINT ( 'NONE',  ( 1211.975903408702152, -21.43772299103588352, -20.98629194787142893 ) ) ;
#1634 = DIRECTION ( 'NONE',  ( 0.000000000000000000, 0.000000000000000000, 1.000000000000000000 ) ) ;
#1635 = CARTESIAN_POINT ( 'NONE',  ( 1228.999544117668847, -31.99965808780450160, 0.6357832886049499255 ) ) ;
#1636 = CARTESIAN_POINT ( 'NONE',  ( 1213.882074070007775, -8.432367887146556384, 38.61339437801411378 ) ) ;
#1637 = CARTESIAN_POINT ( 'NONE',  ( 1223.352077905550459, -27.11667719834309764, 13.01832901468270265 ) ) ;
#1638 = EDGE_LOOP ( 'NONE', ( #1009, #1133 ) ) ;
#1639 = CARTESIAN_POINT ( 'NONE',  ( 1226.225710127120010, 29.90591058471473929, -2.593563423225519582 ) ) ;
#1640 = CARTESIAN_POINT ( 'NONE',  ( 1216.930890172731097, -25.97978885648968728, -15.02354072605502289 ) ) ;
#1641 = VERTEX_POINT ( 'NONE', #1410 ) ;
#1642 = APPLICATION_CONTEXT ( 'configuration controlled 3d designs of mechanical parts and assemblies' ) ;
#1643 = CARTESIAN_POINT ( 'NONE',  ( 1213.286294190369972, -4.801207560077320302, -39.55179237856530250 ) ) ;
#1644 = CARTESIAN_POINT ( 'NONE',  ( 1213.941144807153250, -23.41154526829098259, 18.75913232728255409 ) ) ;
#1645 = CARTESIAN_POINT ( 'NONE',  ( 1220.280501752580903, 28.36137333038919550, 9.815302329616644172 ) ) ;
#1646 = CARTESIAN_POINT ( 'NONE',  ( 1204.921202502249571, -10.30706391280299350, -28.17842154056837600 ) ) ;
#1647 = CARTESIAN_POINT ( 'NONE',  ( 1215.772091237597579, 25.03349173299728392, -16.53273777112834964 ) ) ;
#1648 = CARTESIAN_POINT ( 'NONE',  ( 1227.780246500004523, -31.04825482260972436, 9.701842328541458116 ) ) ;
#1649 = CARTESIAN_POINT ( 'NONE',  ( 1215.857012215992654, -14.85493801391168667, 35.43549933449392597 ) ) ;
#1650 = EDGE_CURVE ( 'NONE', #121, #308, #373, .T. ) ;
#1651 = VERTEX_POINT ( 'NONE', #1540 ) ;
#1652 = CARTESIAN_POINT ( 'NONE',  ( 1214.282585894720114, 10.14253440257720129, -37.97874634343579459 ) ) ;
#1653 = ORIENTED_EDGE ( 'NONE', *, *, #264, .T. ) ;
#1654 = PERSON_AND_ORGANIZATION ( #2120, #1842 ) ;
#1655 = CARTESIAN_POINT ( 'NONE',  ( 1209.773491461289495, 18.86873340280657985, -23.33755968854171314 ) ) ;
#1656 = CARTESIAN_POINT ( 'NONE',  ( 1208.855466132681158, -17.60968883576747501, 24.28829013156109440 ) ) ;
#1657 = CARTESIAN_POINT ( 'NONE',  ( 1221.196615563130081, 24.30064306881229896, 26.11302604935089988 ) ) ;
#1658 = CARTESIAN_POINT ( 'NONE',  ( 1205.715519707430758, -12.19017865971121140, -27.41167214549167497 ) ) ;
#1659 = CARTESIAN_POINT ( 'NONE',  ( 1215.363386395114730, 24.68787699271194569, -17.04578896909964314 ) ) ;
#1660 = CARTESIAN_POINT ( 'NONE',  ( 1204.193754671657871, 8.204699554673048567, 28.87399107910578522 ) ) ;
#1661 = CARTESIAN_POINT ( 'NONE',  ( 1219.640013380098935, -22.07106819766515571, -28.96375513401354951 ) ) ;
#1662 = AXIS2_PLACEMENT_3D ( 'NONE', #2049, #1372, #1891 ) ;
#1663 = CARTESIAN_POINT ( 'NONE',  ( 1213.648313588641486, -7.172679196781821531, 38.98226359319052392 ) ) ;
#1664 = CARTESIAN_POINT ( 'NONE',  ( 1213.171523555899739, -4.132821886986680404, -29.74576888535163377 ) ) ;
#1665 = CARTESIAN_POINT ( 'NONE',  ( 1220.570581530379968, 23.42762856684699813, -27.26843098758509853 ) ) ;
#1666 = CARTESIAN_POINT ( 'NONE',  ( 1213.379275116279587, 22.88889639829348965, -19.40981693380281925 ) ) ;
#1667 = CARTESIAN_POINT ( 'NONE',  ( 1214.744928564152360, -24.14657451665323862, 17.80290432644230947 ) ) ;
#1668 = CARTESIAN_POINT ( 'NONE',  ( 1225.620720511329637, 29.36302195179128560, 6.277106187742195864 ) ) ;
#1669 = CARTESIAN_POINT ( 'NONE',  ( 1208.859776758715270, -17.62003295969291372, -24.28440782369331785 ) ) ;
#1670 = CARTESIAN_POINT ( 'NONE',  ( 1215.998556957109940, 15.25379837052130050, 35.20640283433899498 ) ) ;
#1671 = APPROVAL ( #768, '未' ) ;
#1672 = CARTESIAN_POINT ( 'NONE',  ( 1218.822322003539966, 27.37245205479981891, -12.28537502947387949 ) ) ;
#1673 = CARTESIAN_POINT ( 'NONE',  ( 1206.558269991034422, 13.89694202368590581, 26.58911502441152308 ) ) ;
#1674 = CARTESIAN_POINT ( 'NONE',  ( 1217.545394883965855, -18.52599617245403962, -32.62164696369612216 ) ) ;
#1675 = CARTESIAN_POINT ( 'NONE',  ( 1215.101226350529259, -13.43805628836748767, -27.00803818139796775 ) ) ;
#1676 = CARTESIAN_POINT ( 'NONE',  ( 1215.484835930695453, 13.87881189891143840, -36.04220459160181633 ) ) ;
#1677 = CARTESIAN_POINT ( 'NONE',  ( 1213.192008525330039, 4.362320953683531677, -29.71635004867328078 ) ) ;
#1678 = EDGE_LOOP ( 'NONE', ( #2231, #934, #64, #695, #1376 ) ) ;
#1679 = CARTESIAN_POINT ( 'NONE',  ( 1224.369443805690253, -28.16264786139433340, -10.43234613179910220 ) ) ;
#1680 = CARTESIAN_POINT ( 'NONE',  ( 1215.479612121871924, -24.78695440841449482, 16.90095280750880846 ) ) ;
#1681 = CARTESIAN_POINT ( 'NONE',  ( 1210.528790177928613, -19.79268460373619121, -22.54828739958077932 ) ) ;
#1682 = CARTESIAN_POINT ( 'NONE',  ( 1214.085089325189983, 9.361054530404368634, 38.29216839658749905 ) ) ;
#1683 = CARTESIAN_POINT ( 'NONE',  ( 1219.750925006205989, 28.00753993524738306, -10.75334739866328171 ) ) ;
#1684 = CARTESIAN_POINT ( 'NONE',  ( 1222.479468665460900, -25.85548393349188601, -23.56863017512647218 ) ) ;
#1685 = CARTESIAN_POINT ( 'NONE',  ( 1205.844544948780140, -12.50889921496498935, -27.28136651007392643 ) ) ;
#1686 = CARTESIAN_POINT ( 'NONE',  ( 1205.326639711752250, -11.31694437190665603, 27.78823971359745570 ) ) ;
#1687 = CARTESIAN_POINT ( 'NONE',  ( 1223.192927679463537, -26.67528920036754059, 22.09668682536070605 ) ) ;
#1688 = CARTESIAN_POINT ( 'NONE',  ( 1220.243630909704052, 28.33194384602560589, 9.864141351952927295 ) ) ;
#1689 = CARTESIAN_POINT ( 'NONE',  ( 1215.958105845072851, 15.10555473059874032, -35.26980691989998462 ) ) ;
#1690 = CARTESIAN_POINT ( 'NONE',  ( 1218.784032814730153, 21.13841277024547693, -21.47140515709789810 ) ) ;
#1691 = CARTESIAN_POINT ( 'NONE',  ( 1226.317434021089866, -29.98624233477482903, -1.027563764220229992 ) ) ;
#1692 = CARTESIAN_POINT ( 'NONE',  ( 1213.221376811549135, -22.76329647501649944, -19.60644259185881211 ) ) ;
#1693 = CARTESIAN_POINT ( 'NONE',  ( 1222.262111229966422, 29.57706677226931546, -5.026513945812654427 ) ) ;
#1694 = CARTESIAN_POINT ( 'NONE',  ( 1214.622587270019039, -24.03742647206191307, -17.95035350790308115 ) ) ;
#1695 = CARTESIAN_POINT ( 'NONE',  ( 1222.437124039320224, 25.82449557609669810, 23.67803211104839889 ) ) ;
#1696 = CARTESIAN_POINT ( 'NONE',  ( 1221.838847721965976, 29.32665676252390341, -6.320397479307050759 ) ) ;
#1697 = CARTESIAN_POINT ( 'NONE',  ( 1210.020350302215547, 19.16176623685377578, 23.08307344655283799 ) ) ;
#1698 = CARTESIAN_POINT ( 'NONE',  ( 1225.171023754004864, -28.73235862914505034, -17.60908668445640402 ) ) ;
#1699 = CARTESIAN_POINT ( 'NONE',  ( 1213.416444876110972, -6.327920105223093117, -29.39581076871239063 ) ) ;
#1700 = ORIENTED_EDGE ( 'NONE', *, *, #399, .F. ) ;
#1701 = B_SPLINE_CURVE_WITH_KNOTS ( 'NONE', 3,
 ( #505, #1896, #1366, #2081, #854, #706, #1045, #2246, #1400, #1352, #494, #697, #1184, #1559, #2093, #1207, #341, #1744, #1389, #2105, #526, #182, #1231, #1618, #1067, #1949, #1414, #233, #2136, #405, #1099, #568, #1591, #221, #727, #45, #557, #1611, #385, #1803, #1078, #201, #1088, #737, #592, #901, #747, #549, #29, #1796, #1243, #1254, #1959, #1448, #2160, #376, #1980, #912, #926, #194, #1275, #1785, #719, #1630, #1969, #1941, #2129, #1422, #57, #758, #1459, #1435, #1601, #213, #2171, #1933, #1081, #48, #559, #1593, #11, #550, #216, #749, #32, #1961, #1778, #205, #739, #393, #904, #582, #1602, #20, #728, #1424, #463, #347, #2122 ),
 .UNSPECIFIED., .F., .F.,
 ( 4, 2, 2, 2, 1, 2, 2, 2, 1, 1, 1, 1, 2, 2, 2, 1, 1, 2, 2, 2, 1, 1, 2, 2, 2, 2, 2, 1, 1, 2, 2, 2, 1, 1, 2, 2, 2, 1, 1, 1, 2, 2, 2, 2, 1, 1, 1, 2, 2, 2, 1, 1, 1, 2, 2, 2, 1, 1, 1, 2, 2, 4 ),
 ( 0.000000000000000000, 0.06250000000000244249, 0.09375000000000366374, 0.1015625000000034694, 0.1093750000000032752, 0.1250000000000028311, 0.1874999999999963640, 0.2187499999999931166, 0.2343749999999898692, 0.2421874999999882039, 0.2460937499999856226, 0.2480468749999825973, 0.2490234374999828748, 0.2499999999999831246, 0.2812499999999841793, 0.2968749999999827360, 0.3046874999999800160, 0.3085937499999807931, 0.3124999999999815703, 0.3437499999999831246, 0.3593749999999818479, 0.3671874999999790168, 0.3710937499999776290, 0.3749999999999762412, 0.4062499999999780176, 0.4374999999999797939, 0.4687499999999815703, 0.4843749999999824030, 0.4921874999999804046, 0.4960937499999816813, 0.4999999999999829581, 0.5312499999999836797, 0.5468749999999840128, 0.5546874999999841238, 0.5585937499999864553, 0.5624999999999886757, 0.5937500000000325295, 0.6093750000000544009, 0.6171875000000630607, 0.6210937500000675016, 0.6230468750000697220, 0.6250000000000720535, 0.6875000000000499600, 0.7187500000000388578, 0.7343750000000353051, 0.7421875000000335287, 0.7460937500000345279, 0.7480468750000367484, 0.7500000000000390799, 0.7812500000000656142, 0.7968750000000774936, 0.8046875000000833777, 0.8085937500000849321, 0.8105468750000855982, 0.8125000000000863754, 0.8437500000000728306, 0.8593750000000672795, 0.8671875000000633937, 0.8710937500000616174, 0.8730468750000606182, 0.8750000000000597300, 1.000000000000000000 ),
 .UNSPECIFIED. ) ;
#1702 = CARTESIAN_POINT ( 'NONE',  ( 1204.621930060323166, -9.473908539959396080, 28.46482114190515844 ) ) ;
#1703 = CARTESIAN_POINT ( 'NONE',  ( 1224.021041763086032, -27.57429078598380556, 20.30607083302737692 ) ) ;
#1704 = CARTESIAN_POINT ( 'NONE',  ( 1216.780797624615161, 16.97558406801990216, -33.90765913213416383 ) ) ;
#1705 = CARTESIAN_POINT ( 'NONE',  ( 1206.640168659389246, 14.08100904089098826, -26.50362290870979010 ) ) ;
#1706 = CARTESIAN_POINT ( 'NONE',  ( 1222.870872866579930, -29.92888405720589162, 2.250704030544508960 ) ) ;
#1707 = CARTESIAN_POINT ( 'NONE',  ( 1222.019181223781743, -29.43448989164711094, -5.822026500950952865 ) ) ;
#1708 = CARTESIAN_POINT ( 'NONE',  ( 1212.997937966750669, 0.4725718125312229345, 29.99690529705451425 ) ) ;
#1709 = CARTESIAN_POINT ( 'NONE',  ( 1213.967669090179925, 23.43642188849985075, -18.72804324035969969 ) ) ;
#1710 = CARTESIAN_POINT ( 'NONE',  ( 1213.545145408753569, 23.03507110563579730, 19.21940434284078236 ) ) ;
#1711 = CARTESIAN_POINT ( 'NONE',  ( 1219.850377368010868, -22.38714998525028221, -28.58445914256521192 ) ) ;
#1712 = CARTESIAN_POINT ( 'NONE',  ( 1219.325961004795090, -21.58853106619033113, 29.52600532227912566 ) ) ;
#1713 = CARTESIAN_POINT ( 'NONE',  ( 1222.127922709089262, -29.50106049773200567, -5.518545956341541547 ) ) ;
#1714 = CARTESIAN_POINT ( 'NONE',  ( 1224.858019936239998, -28.43151413028390095, -18.38829568132180015 ) ) ;
#1715 = CARTESIAN_POINT ( 'NONE',  ( 1216.067321937920497, 15.94745025814060568, 25.61376349457110280 ) ) ;
#1716 = CARTESIAN_POINT ( 'NONE',  ( 1217.819167640228670, -26.65526272955979437, -13.78983106977579531 ) ) ;
#1717 = ORIENTED_EDGE ( 'NONE', *, *, #2287, .F. ) ;
#1718 = CARTESIAN_POINT ( 'NONE',  ( 1220.517027537435752, -28.50845869900302887, -9.341797410264943480 ) ) ;
#1719 = CARTESIAN_POINT ( 'NONE',  ( 1226.165581569899587, 29.85271828556193086, 3.086601910371530533 ) ) ;
#1720 = CARTESIAN_POINT ( 'NONE',  ( 1210.008721064828478, 19.15195115042715912, -23.09630722472779141 ) ) ;
#1721 = CARTESIAN_POINT ( 'NONE',  ( 1216.958181052598775, 25.99151260827209953, 14.98149749428086430 ) ) ;
#1722 = CARTESIAN_POINT ( 'NONE',  ( 1222.973991286249884, -29.98557320461118891, 1.076160543061951191 ) ) ;
#1723 = APPLICATION_CONTEXT ( 'configuration controlled 3d designs of mechanical parts and assemblies' ) ;
#1724 = CARTESIAN_POINT ( 'NONE',  ( 1215.035174119650492, -13.24206942397448650, 27.10167869070211566 ) ) ;
#1725 = CARTESIAN_POINT ( 'NONE',  ( 1222.285258331355180, -25.62447468398729455, 23.95959903727752049 ) ) ;
#1726 = CARTESIAN_POINT ( 'NONE',  ( 40.00000000000000000, -30.00000000000000000, 3.673940397442059967E-15 ) ) ;
#1727 = CARTESIAN_POINT ( 'NONE',  ( 1222.597531900639524, -29.77342674375402609, 3.785081264752422570 ) ) ;
#1728 = CARTESIAN_POINT ( 'NONE',  ( 1228.985904839859813, -31.98943127611680026, -1.193282736880900030 ) ) ;
#1729 = ADVANCED_FACE ( 'NONE', ( #2256, #1396 ), #1893, .F. ) ;
#1730 = CARTESIAN_POINT ( 'NONE',  ( 1253.000000000000000, 1.734723475976809934E-14, 0.000000000000000000 ) ) ;
#1731 = CARTESIAN_POINT ( 'NONE',  ( 1214.776342905969841, -24.19742300974780491, -17.77694604816890944 ) ) ;
#1732 = CARTESIAN_POINT ( 'NONE',  ( 1215.944770019236785, -25.18010469163769827, -16.31665233891534328 ) ) ;
#1733 = CARTESIAN_POINT ( 'NONE',  ( 1220.866318163070218, 28.73382047332189160, 8.648484912235865352 ) ) ;
#1734 = CARTESIAN_POINT ( 'NONE',  ( 1210.847116731269580, 20.16917006943348056, -22.20929338209200310 ) ) ;
#1735 = CARTESIAN_POINT ( 'NONE',  ( 1211.785411807535638, 21.23120142646708786, 21.19519152030980536 ) ) ;
#1736 = CARTESIAN_POINT ( 'NONE',  ( 1213.673451974978889, -7.309102770683345796, -38.94258848293842590 ) ) ;
#1737 = CIRCLE ( 'NONE', #4, 24.99999999999991118 ) ;
#1738 = CARTESIAN_POINT ( 'NONE',  ( 1218.051456964678437, 19.45772504805963976, -31.75593059397230178 ) ) ;
#1739 = CARTESIAN_POINT ( 'NONE',  ( 1224.989811759230406, -28.77023509164002135, 8.583393794285637313 ) ) ;
#1740 = FACE_OUTER_BOUND ( 'NONE', #2182, .T. ) ;
#1741 = CARTESIAN_POINT ( 'NONE',  ( 1203.311460600415103, -4.211817820765057618, -29.70781003812900067 ) ) ;
#1742 = VECTOR ( 'NONE', #1363, 1000.000000000000000 ) ;
#1743 = CARTESIAN_POINT ( 'NONE',  ( 1215.582493048764036, -24.87389654955906693, -16.77168207683541823 ) ) ;
#1744 = CARTESIAN_POINT ( 'NONE',  ( 1226.226972193132269, 29.71879936898125862, 14.83237995466579662 ) ) ;
#1745 = CARTESIAN_POINT ( 'NONE',  ( 1212.070897654969031, 21.53961119734079332, -20.88169499341646329 ) ) ;
#1746 = CARTESIAN_POINT ( 'NONE',  ( 1214.779076068938139, 24.17762187618273018, 17.76208191075684795 ) ) ;
#1747 = CARTESIAN_POINT ( 'NONE',  ( 1222.696978274897674, -29.82820204310344536, 3.206033809872806728 ) ) ;
#1748 = PRODUCT_DEFINITION ( '�', '', #1144, #1398 ) ;
#1749 = CARTESIAN_POINT ( 'NONE',  ( 1213.615566804910259, -7.586107315784064831, 29.11340620639828103 ) ) ;
#1750 = CARTESIAN_POINT ( 'NONE',  ( 1220.118515083735929, 22.78142784178428215, -28.09767037273560319 ) ) ;
#1751 = CARTESIAN_POINT ( 'NONE',  ( 1227.370812335230084, -30.71132526180830169, -11.25180249354590067 ) ) ;
#1752 = CARTESIAN_POINT ( 'NONE',  ( 1215.642748406380178, -14.91057379602861666, 26.23016512447768633 ) ) ;
#1753 = CARTESIAN_POINT ( 'NONE',  ( -6.576166409329493455E-16, 47.50000000000000000, 0.000000000000000000 ) ) ;
#1754 = CARTESIAN_POINT ( 'NONE',  ( 1207.546617745721505, 15.62694256293787554, -25.61042112309093710 ) ) ;
#1755 = CARTESIAN_POINT ( 'NONE',  ( 1218.799499647178209, 27.36260970649452773, -12.32776404696860162 ) ) ;
#1756 = CARTESIAN_POINT ( 'NONE',  ( 1222.141169004349649, 29.50883939568878844, 5.477144660889025296 ) ) ;
#1757 = CARTESIAN_POINT ( 'NONE',  ( 1211.791525782215786, 21.23787550166075633, 21.18850341926027880 ) ) ;
#1758 = CARTESIAN_POINT ( 'NONE',  ( 1212.999999999999773, -2.449253601610262177, -40.00000000000280664 ) ) ;
#1759 = CARTESIAN_POINT ( 'NONE',  ( 1222.521717673296735, 29.72759621580004463, 4.033646287093240801 ) ) ;
#1760 = CARTESIAN_POINT ( 'NONE',  ( 1206.743010427690251, 14.30211022765818996, 26.40390201802708958 ) ) ;
#1761 = CARTESIAN_POINT ( 'NONE',  ( 1203.618156466772461, -5.881074556532785991, -29.41845087696349736 ) ) ;
#1762 = CARTESIAN_POINT ( 'NONE',  ( 1224.871084690380030, 28.43923725776183886, -18.34011324443118696 ) ) ;
#1763 = CARTESIAN_POINT ( 'NONE',  ( 1215.035174119650492, -13.24206942397448650, 27.10167869070211566 ) ) ;
#1764 = DIRECTION ( 'NONE',  ( 1.000000000000000000, 1.384456086174630086E-17, 0.000000000000000000 ) ) ;
#1765 = CARTESIAN_POINT ( 'NONE',  ( 1207.183761015949585, 15.01638589500620746, -25.97132263842030753 ) ) ;
#1766 = CARTESIAN_POINT ( 'NONE',  ( 1228.897925007009917, 31.92339408250390065, -3.011565117892990084 ) ) ;
#1767 = CARTESIAN_POINT ( 'NONE',  ( 1217.385530063273336, -26.32072682083370552, 14.39511725605620818 ) ) ;
#1768 = CARTESIAN_POINT ( 'NONE',  ( 1220.622638832271605, -28.57595947492985999, 9.133257926995311138 ) ) ;
#1769 = LINE ( 'NONE', #2048, #893 ) ;
#1770 = CARTESIAN_POINT ( 'NONE',  ( 1226.168800047548757, 29.66658068185025243, -14.99764863216635113 ) ) ;
#1771 = CARTESIAN_POINT ( 'NONE',  ( 1218.248323566400359, -26.97698918808680801, 13.18302324997289432 ) ) ;
#1772 = DIRECTION ( 'NONE',  ( -1.000000000000000000, -1.384456086174630086E-17, 0.000000000000000000 ) ) ;
#1773 = CARTESIAN_POINT ( 'NONE',  ( 1204.768244709699047, 9.885900666568934625, -28.32483616287932193 ) ) ;
#1774 = CARTESIAN_POINT ( 'NONE',  ( 1206.616116537114749, -14.00954742165037992, 26.53247498668608273 ) ) ;
#1775 = CARTESIAN_POINT ( 'NONE',  ( 1228.982299313899830, 31.98671683297370194, 1.152406617117370136 ) ) ;
#1776 = ADVANCED_FACE ( 'NONE', ( #1554 ), #2269, .T. ) ;
#1777 = CARTESIAN_POINT ( 'NONE',  ( 1213.057240651349957, 2.342099842270289667, 39.91055723364970476 ) ) ;
#1778 = CARTESIAN_POINT ( 'NONE',  ( 1214.410960583424185, 10.53030430979002041, 37.77221154471841658 ) ) ;
#1779 = CARTESIAN_POINT ( 'NONE',  ( 1204.744498480366474, -9.831481376766054936, -28.34770449261948499 ) ) ;
#1780 = CARTESIAN_POINT ( 'NONE',  ( 1218.110992197414589, 19.56427506678285155, -31.65347579790732979 ) ) ;
#1781 = CARTESIAN_POINT ( 'NONE',  ( 1221.542372468999929, -25.02023230295592882, 16.71229046977220634 ) ) ;
#1782 = CARTESIAN_POINT ( 'NONE',  ( 1228.410850603489962, 31.55024963229289270, -6.743507602438330473 ) ) ;
#1783 = CARTESIAN_POINT ( 'NONE',  ( 1208.379413075412231, 16.92681889648468285, -24.77342305688729596 ) ) ;
#1784 = CARTESIAN_POINT ( 'NONE',  ( 1226.337048342097887, 30.00340145468701536, 0.08802548356856734757 ) ) ;
#1785 = CARTESIAN_POINT ( 'NONE',  ( 1218.243984794466769, 19.80182081994356480, 31.42455552123650619 ) ) ;
#1786 = CARTESIAN_POINT ( 'NONE',  ( 1216.022094558370782, -25.24124618248233176, 16.21401936671994903 ) ) ;
#1787 = CARTESIAN_POINT ( 'NONE',  ( 1213.267437048779584, 5.134589581555467852, 29.60821962211727154 ) ) ;
#1788 = DIRECTION ( 'NONE',  ( 1.000000000000000000, 0.000000000000000000, 0.000000000000000000 ) ) ;
#1789 = CARTESIAN_POINT ( 'NONE',  ( 1228.555489857460998, -31.66179197084566255, -5.807940358900474997 ) ) ;
#1790 = CARTESIAN_POINT ( 'NONE',  ( 1277.999999999999773, 1.714505518806299963E-14, 40.00000000000000000 ) ) ;
#1791 = CARTESIAN_POINT ( 'NONE',  ( 1222.463244968959543, -26.13051206440991692, 14.92334266616009941 ) ) ;
#1792 = CARTESIAN_POINT ( 'NONE',  ( 1213.100187619019835, -2.924370113495080137, 39.84337047935400733 ) ) ;
#1793 = EDGE_CURVE ( 'NONE', #1845, #422, #1835, .T. ) ;
#1794 = CARTESIAN_POINT ( 'NONE',  ( 1225.642184094479944, 29.18616209652690330, -16.43874792875769941 ) ) ;
#1795 = CARTESIAN_POINT ( 'NONE',  ( 1223.276096213479832, 26.78404353460440035, -21.94925558861080006 ) ) ;
#1796 = CARTESIAN_POINT ( 'NONE',  ( 1220.701406504849274, 23.59668442331209093, 27.01855370095532294 ) ) ;
#1797 = CARTESIAN_POINT ( 'NONE',  ( 1213.021434168009819, 1.611446015092008466, 29.96266002961742103 ) ) ;
#1798 = CARTESIAN_POINT ( 'NONE',  ( 1213.624479353768947, -7.041205599016249650, 39.01985837686719094 ) ) ;
#1799 = CARTESIAN_POINT ( 'NONE',  ( 1218.697329374129595, 27.29062408052110200, 12.48591792064109640 ) ) ;
#1800 = CARTESIAN_POINT ( 'NONE',  ( 1220.369924332421533, 28.41914399005482039, -9.646672397372521246 ) ) ;
#1801 = ORIENTED_EDGE ( 'NONE', *, *, #1650, .F. ) ;
#1802 = CARTESIAN_POINT ( 'NONE',  ( 1203.401557451589724, 4.799943322654499411, -29.61695082930009804 ) ) ;
#1803 = CARTESIAN_POINT ( 'NONE',  ( 1223.060922250775093, 26.52887453552203212, 22.37625061504106938 ) ) ;
#1804 = CIRCLE ( 'NONE', #2028, 40.00000000000003553 ) ;
#1805 = CARTESIAN_POINT ( 'NONE',  ( 1222.555885722129688, 29.74954409680389844, 3.968667206901042022 ) ) ;
#1806 = CARTESIAN_POINT ( 'NONE',  ( 1209.124084002286054, -17.98775393051448646, -24.01373959796761071 ) ) ;
#1807 = DIRECTION ( 'NONE',  ( 1.000000000000000000, 1.384456086174630086E-17, 0.000000000000000000 ) ) ;
#1808 = CARTESIAN_POINT ( 'NONE',  ( 1228.340494742789588, -31.49459284601574538, -7.081759111435710352 ) ) ;
#1809 = DIRECTION ( 'NONE',  ( -1.384456086174630086E-17, 1.000000000000000000, 0.000000000000000000 ) ) ;
#1810 = DIRECTION ( 'NONE',  ( 0.000000000000000000, 0.000000000000000000, 1.000000000000000000 ) ) ;
#1811 = CARTESIAN_POINT ( 'NONE',  ( 1220.737996474769034, -23.98804008587718783, -18.18397590017629994 ) ) ;
#1812 = CARTESIAN_POINT ( 'NONE',  ( 1213.164457394379951, -3.697148213622249990, -39.74279852119109790 ) ) ;
#1813 = CARTESIAN_POINT ( 'NONE',  ( 1212.047524864283560, -21.51460862662644757, 20.90745447082854724 ) ) ;
#1814 = CARTESIAN_POINT ( 'NONE',  ( 1220.866318163070218, 28.73382047332189160, 8.648484912235865352 ) ) ;
#1815 = CARTESIAN_POINT ( 'NONE',  ( 1205.206357748437540, -11.01944799512479278, -27.90405916059316027 ) ) ;
#1816 = CARTESIAN_POINT ( 'NONE',  ( 1215.917763227226033, 25.15506091030851010, -16.34780024293216627 ) ) ;
#1817 = CARTESIAN_POINT ( 'NONE',  ( 1203.689847589594820, 6.207758373176182509, 29.35070713611639803 ) ) ;
#1818 = CARTESIAN_POINT ( 'NONE',  ( 1227.152370103194244, -30.52797175675946306, -12.00873098777725367 ) ) ;
#1819 = CARTESIAN_POINT ( 'NONE',  ( 1213.000001667500101, 7.657618775878359524E-12, 39.99999791726380494 ) ) ;
#1820 = EDGE_LOOP ( 'NONE', ( #1443, #1717, #282, #2179 ) ) ;
#1821 = CARTESIAN_POINT ( 'NONE',  ( 1222.975143741748752, 29.98755042231730883, 0.8642002534923117762 ) ) ;
#1822 = CARTESIAN_POINT ( 'NONE',  ( 1213.477775789890075, 6.206213374181919207, -39.25104818134849438 ) ) ;
#1823 = CARTESIAN_POINT ( 'NONE',  ( 1212.257120872252017, -21.73758449625968936, 20.67595372766936279 ) ) ;
#1824 = CARTESIAN_POINT ( 'NONE',  ( 1216.941961477549057, 25.98853821073908321, 15.00881242285948325 ) ) ;
#1825 = CARTESIAN_POINT ( 'NONE',  ( 1206.477025701787852, -13.74176070883178546, -26.66879440473920937 ) ) ;
#1826 = CARTESIAN_POINT ( 'NONE',  ( 1215.625680674986370, 24.91039310286743103, -16.71742576089164700 ) ) ;
#1827 = CARTESIAN_POINT ( 'NONE',  ( 1205.283878148286021, 11.20905016256554099, 27.82936586150822578 ) ) ;
#1828 = CARTESIAN_POINT ( 'NONE',  ( 1226.740217692728947, -30.17370665930955909, -13.32636722182491518 ) ) ;
#1829 = CARTESIAN_POINT ( 'NONE',  ( 1213.295188538233560, -4.888946146027932649, 39.53802277132891874 ) ) ;
#1830 = CARTESIAN_POINT ( 'NONE',  ( 1215.733308566989990, -15.10994864666040804, -26.09689082915399894 ) ) ;
#1831 = DIRECTION ( 'NONE',  ( 0.000000000000000000, 0.000000000000000000, 1.000000000000000000 ) ) ;
#1832 = VERTEX_POINT ( 'NONE', #2102 ) ;
#1833 = CARTESIAN_POINT ( 'NONE',  ( 1203.991564168669584, 7.572936366622196047, -29.05983613791082121 ) ) ;
#1834 = CARTESIAN_POINT ( 'NONE',  ( 1213.075792700139800, 2.640343438322439784, -39.88155116673819833 ) ) ;
#1835 = CIRCLE ( 'NONE', #670, 24.99999999999991118 ) ;
#1836 = CARTESIAN_POINT ( 'NONE',  ( 1222.961703335749235, 29.97998408604369303, 1.126687869333088843 ) ) ;
#1837 = CARTESIAN_POINT ( 'NONE',  ( 1211.616627350829958, -21.04591158083086455, -21.37951741041147002 ) ) ;
#1838 = CARTESIAN_POINT ( 'NONE',  ( 1216.025397738999800, 25.25457061259440295, 16.21305324304752560 ) ) ;
#1839 = CARTESIAN_POINT ( 'NONE',  ( 1220.587122731863474, 28.55329376065316893, -9.203775386515639312 ) ) ;
#1840 = CARTESIAN_POINT ( 'NONE',  ( 1210.080363657009684, 19.23724999450213602, 23.02017061839627843 ) ) ;
#1841 = CARTESIAN_POINT ( 'NONE',  ( 1220.642494114787496, -23.51942596734556190, -27.13056464276026603 ) ) ;
#1842 = ORGANIZATION ( '未', '未', '' ) ;
#1843 = CARTESIAN_POINT ( 'NONE',  ( 1203.000002828539891, 1.802340244767820169E-11, 30.00000000000000000 ) ) ;
#1844 = CARTESIAN_POINT ( 'NONE',  ( 1216.902052542148340, 17.74467874381099364, -24.37799147325192095 ) ) ;
#1845 = VERTEX_POINT ( 'NONE', #2291 ) ;
#1846 = CARTESIAN_POINT ( 'NONE',  ( 1219.493223011931377, -27.84041671311572230, -11.20712439635500779 ) ) ;
#1847 = CARTESIAN_POINT ( 'NONE',  ( 1213.486903117412112, -22.97919295765679948, -19.28695393243818046 ) ) ;
#1848 = CARTESIAN_POINT ( 'NONE',  ( 1206.743010427690251, 14.30211022765818996, 26.40390201802708958 ) ) ;
#1849 = CARTESIAN_POINT ( 'NONE',  ( 1217.452100025728669, 26.37131798138659988, -14.30228316330078542 ) ) ;
#1850 = CARTESIAN_POINT ( 'NONE',  ( 1208.459740976321882, 17.03946540463687143, 24.69122934477665510 ) ) ;
#1851 = CARTESIAN_POINT ( 'NONE',  ( 1215.516934765508040, -13.96501763265162843, -35.99002596314568336 ) ) ;
#1852 = CARTESIAN_POINT ( 'NONE',  ( 1204.684987897620431, -9.708139119218776258, -28.39917442017849680 ) ) ;
#1853 = CARTESIAN_POINT ( 'NONE',  ( 1222.773933493750064, 29.87301277654051290, 2.957441650225666852 ) ) ;
#1854 = DIRECTION ( 'NONE',  ( 1.000000000000000000, 1.384456086174630086E-17, 0.000000000000000000 ) ) ;
#1855 = CARTESIAN_POINT ( 'NONE',  ( 1226.197092912240123, -29.69592588048340076, -14.94444865799610156 ) ) ;
#1856 = CARTESIAN_POINT ( 'NONE',  ( 1207.719829931559616, -15.95825868831481742, -25.43522037551638704 ) ) ;
#1857 = ADVANCED_FACE ( 'NONE', ( #524, #179 ), #872, .T. ) ;
#1858 = CARTESIAN_POINT ( 'NONE',  ( 1212.039627574147289, -21.50615070676571250, 20.91615448844645186 ) ) ;
#1859 = CARTESIAN_POINT ( 'NONE',  ( 1213.792453515133957, -23.27138234521328641, -18.93258601984026157 ) ) ;
#1860 = CARTESIAN_POINT ( 'NONE',  ( 1203.065471410181090, 2.196075457874510750, 29.93289790249290405 ) ) ;
#1861 = CARTESIAN_POINT ( 'NONE',  ( 1220.606597842341671, 28.56572842381887867, -9.165130698697877776 ) ) ;
#1862 = CARTESIAN_POINT ( 'NONE',  ( 1209.581433112344712, 18.59886134924112966, 23.54100786900373166 ) ) ;
#1863 = CARTESIAN_POINT ( 'NONE',  ( 1218.066061404010270, -19.48385986793611124, -31.73078004895993942 ) ) ;
#1864 = CARTESIAN_POINT ( 'NONE',  ( 1212.994146013599902, -0.6657916772756979906, -40.00914649421800107 ) ) ;
#1865 = CARTESIAN_POINT ( 'NONE',  ( 1203.786097359292171, -6.624003919647980076, 29.25969670838244596 ) ) ;
#1866 = CARTESIAN_POINT ( 'NONE',  ( 1223.665993081362558, -27.19407818397405663, 21.08333033444474225 ) ) ;
#1867 = CARTESIAN_POINT ( 'NONE',  ( 1221.553972125842847, 29.15516205190385080, 7.069422787198764269 ) ) ;
#1868 = CARTESIAN_POINT ( 'NONE',  ( 1216.711439826546894, 16.82700013736117484, -34.02335380207634330 ) ) ;
#1869 = CARTESIAN_POINT ( 'NONE',  ( 1215.037323792730604, 13.24846624043398258, -27.09861728640620271 ) ) ;
#1870 = CARTESIAN_POINT ( 'NONE',  ( 1227.630763694590087, -30.92631357757240096, -10.29077326625009903 ) ) ;
#1871 = EDGE_CURVE ( 'NONE', #340, #1109, #143, .T. ) ;
#1872 = CARTESIAN_POINT ( 'NONE',  ( 1215.101226350529259, -13.43805628836748767, -27.00803818139796775 ) ) ;
#1873 = ORIENTED_EDGE ( 'NONE', *, *, #16, .F. ) ;
#1874 = CARTESIAN_POINT ( 'NONE',  ( 1221.819706540080006, -29.31521034046921415, -6.373277638424218239 ) ) ;
#1875 = CARTESIAN_POINT ( 'NONE',  ( 1225.560458322149998, 29.10936232122979916, 16.64963447656030127 ) ) ;
#1876 = CARTESIAN_POINT ( 'NONE',  ( 1221.502396000368662, -24.65643684144453118, -25.49888213439935924 ) ) ;
#1877 = CARTESIAN_POINT ( 'NONE',  ( 1203.330560259779986, -4.554590474801133659, 29.68393780112491598 ) ) ;
#1878 = CARTESIAN_POINT ( 'NONE',  ( 1222.474284199031899, 29.70021987618786596, 4.231269251119455177 ) ) ;
#1879 = CARTESIAN_POINT ( 'NONE',  ( 1253.000000000000000, 1.714505518806299963E-14, -40.00000000000000000 ) ) ;
#1880 = CARTESIAN_POINT ( 'NONE',  ( 1224.916825927729178, -28.70011153207289567, -8.818685810329323971 ) ) ;
#1881 = CARTESIAN_POINT ( 'NONE',  ( 1217.819167640228670, -26.65526272955979437, -13.78983106977579531 ) ) ;
#1882 = CARTESIAN_POINT ( 'NONE',  ( 1228.982242733789917, 31.98667434927049413, 1.152403220805140016 ) ) ;
#1883 = CARTESIAN_POINT ( 'NONE',  ( 1224.147492703030139, -27.71087936097899984, -20.03332538686200337 ) ) ;
#1884 = CARTESIAN_POINT ( 'NONE',  ( 1217.364459570958843, -26.30467357459580313, -14.42443097012501063 ) ) ;
#1885 = CARTESIAN_POINT ( 'NONE',  ( 1226.826838334500053, 30.25173001828020247, 13.08852766566409898 ) ) ;
#1886 = CARTESIAN_POINT ( 'NONE',  ( 1215.264408074830726, 24.60211465506727890, 17.16789982497695277 ) ) ;
#1887 = CARTESIAN_POINT ( 'NONE',  ( 1220.397039890044880, -23.17819587950932103, -27.58568456813974024 ) ) ;
#1888 = EDGE_CURVE ( 'NONE', #1475, #2206, #1990, .T. ) ;
#1889 = CARTESIAN_POINT ( 'NONE',  ( 1206.637759698058971, -14.07642257629708915, 26.50598476511650148 ) ) ;
#1890 = CARTESIAN_POINT ( 'NONE',  ( 1222.511171102834169, 29.72151311603607482, 4.078222181928415679 ) ) ;
#1891 = DIRECTION ( 'NONE',  ( 1.000000000000000000, 0.000000000000000000, 0.000000000000000000 ) ) ;
#1892 = CARTESIAN_POINT ( 'NONE',  ( 1222.791239561590373, -29.88365577766852965, -2.728602477716480124 ) ) ;
#1893 = PLANE ( 'NONE',  #858 ) ;
#1894 = CARTESIAN_POINT ( 'NONE',  ( 1217.595981246888641, -19.11292851573442420, -23.33283160512686649 ) ) ;
#1895 = CARTESIAN_POINT ( 'NONE',  ( 1220.557968514130607, -28.53467499849656974, -9.261337502565030633 ) ) ;
#1896 = CARTESIAN_POINT ( 'NONE',  ( 1228.945670748021257, 31.95921362985392022, 2.344065627983547451 ) ) ;
#1897 = CARTESIAN_POINT ( 'NONE',  ( 1218.522834729121769, 27.15926927135240732, 12.74337347966140932 ) ) ;
#1898 = CARTESIAN_POINT ( 'NONE',  ( 1219.070157729875291, -27.54415756132696913, 11.88778559413622737 ) ) ;
#1899 = CARTESIAN_POINT ( 'NONE',  ( 1222.999974251360072, -30.00000000000000000, -1.699661669294389822E-14 ) ) ;
#1900 = CARTESIAN_POINT ( 'NONE',  ( 1225.956271206969404, -29.66689300599793100, -4.602909167213342201 ) ) ;
#1901 = DIRECTION ( 'NONE',  ( 0.000000000000000000, 0.000000000000000000, -1.000000000000000000 ) ) ;
#1902 = CARTESIAN_POINT ( 'NONE',  ( 1207.234627441549037, 15.10350704188800819, -25.92083866730591524 ) ) ;
#1903 = ORIENTED_EDGE ( 'NONE', *, *, #151, .F. ) ;
#1904 = ADVANCED_FACE ( 'NONE', ( #39 ), #1607, .T. ) ;
#1905 = CARTESIAN_POINT ( 'NONE',  ( 1217.342415476938640, -26.28786798136267322, -14.45504267613810079 ) ) ;
#1906 = CARTESIAN_POINT ( 'NONE',  ( 1221.700733846921594, 29.24678494322412092, 6.713519434909155592 ) ) ;
#1907 = CARTESIAN_POINT ( 'NONE',  ( 1212.379931216842806, 21.86637321535322442, -20.53953764524267100 ) ) ;
#1908 = CARTESIAN_POINT ( 'NONE',  ( 1215.310640657364729, 24.64193731986212654, 17.11066720172599176 ) ) ;
#1909 = CARTESIAN_POINT ( 'NONE',  ( 1215.086636802044040, -12.80022771641829138, -36.68973672593718760 ) ) ;
#1910 = CARTESIAN_POINT ( 'NONE',  ( 1205.065904069311500, -10.69203899880729303, 28.03340774786352085 ) ) ;
#1911 = CARTESIAN_POINT ( 'NONE',  ( 1227.859509060728669, 31.11259825842783755, -9.375555671529259172 ) ) ;
#1912 = CARTESIAN_POINT ( 'NONE',  ( 1223.003099264409002, -30.00327632386898813, -0.1070936456040420676 ) ) ;
#1913 = CARTESIAN_POINT ( 'NONE',  ( 1209.788122620288959, -18.88778285689941328, 23.32236993385809853 ) ) ;
#1914 = DIRECTION ( 'NONE',  ( 1.000000000000000000, 0.000000000000000000, 0.000000000000000000 ) ) ;
#1915 = CARTESIAN_POINT ( 'NONE',  ( 1222.596835739692551, -29.77086657424490213, -3.704588827950264562 ) ) ;
#1916 = CARTESIAN_POINT ( 'NONE',  ( 1228.982299313899830, 31.98671683297370194, 1.152406617117370136 ) ) ;
#1917 = CARTESIAN_POINT ( 'NONE',  ( 1210.317112656960717, 19.53129055045666362, -22.77122597827302997 ) ) ;
#1918 = CARTESIAN_POINT ( 'NONE',  ( 1214.028663625783111, 23.49367205671993730, 18.65655235220801345 ) ) ;
#1919 = CARTESIAN_POINT ( 'NONE',  ( 1213.692997392916823, -7.413622007612032938, -38.91174101179645817 ) ) ;
#1920 = CARTESIAN_POINT ( 'NONE',  ( 1212.999308764240141, -0.6958451090891178969, 40.00108348768190325 ) ) ;
#1921 = CARTESIAN_POINT ( 'NONE',  ( 1213.103798413269715, -3.371734561566088306, 29.84316893577933172 ) ) ;
#1922 = CARTESIAN_POINT ( 'NONE',  ( 1203.714087240775598, -6.315184514019407835, -29.32779361363504478 ) ) ;
#1923 = CARTESIAN_POINT ( 'NONE',  ( 1228.275542384808205, 31.44375845025114558, -7.436559681060926685 ) ) ;
#1924 = CARTESIAN_POINT ( 'NONE',  ( 1229.004661190090019, -32.00349519656570152, -0.1428088613089770198 ) ) ;
#1925 = CARTESIAN_POINT ( 'NONE',  ( 1203.735091123289294, -6.569464742828731829, 29.30280788343359077 ) ) ;
#1926 = CYLINDRICAL_SURFACE ( 'NONE', #995, 40.00000000000003553 ) ;
#1927 = CARTESIAN_POINT ( 'NONE',  ( 1208.665714639299722, 17.33897940648834890, -24.48183055270986941 ) ) ;
#1928 = CARTESIAN_POINT ( 'NONE',  ( 1222.642829767200283, -29.79722287589297025, -3.483185904805304212 ) ) ;
#1929 = CARTESIAN_POINT ( 'NONE',  ( 1226.269851726540082, 29.94452751995977025, 1.896218738100811096 ) ) ;
#1930 = CARTESIAN_POINT ( 'NONE',  ( 1212.298047628038148, 21.78331478702759938, 20.63212308731841560 ) ) ;
#1931 = CARTESIAN_POINT ( 'NONE',  ( 1213.225574726714285, -4.892899610593746118, -39.64935576636484882 ) ) ;
#1932 = CARTESIAN_POINT ( 'NONE',  ( 1215.240071706240087, 13.87237377225259927, 26.81045583009860422 ) ) ;
#1933 = CARTESIAN_POINT ( 'NONE',  ( 1215.432262881545739, 13.73557970709229537, 36.12766151426944106 ) ) ;
#1934 = CARTESIAN_POINT ( 'NONE',  ( 1220.993766529286404, 23.99174365351179361, -26.46933345129191650 ) ) ;
#1935 = CARTESIAN_POINT ( 'NONE',  ( 1215.376746916640059, -13.61098773134530049, 36.21916742971269798 ) ) ;
#1936 = ADVANCED_FACE ( 'NONE', ( #65 ), #2030, .F. ) ;
#1937 = DIRECTION ( 'NONE',  ( -1.000000000000000000, 0.000000000000000000, 0.000000000000000000 ) ) ;
#1938 = CARTESIAN_POINT ( 'NONE',  ( 1204.289402393179898, 8.476592011758317113, -28.78221613961656189 ) ) ;
#1939 = CARTESIAN_POINT ( 'NONE',  ( 1206.854369522649449, -14.44559688818073973, 26.29781831802460701 ) ) ;
#1940 = CARTESIAN_POINT ( 'NONE',  ( 1224.952790698139779, 28.52502316623790080, -18.16128814203459996 ) ) ;
#1941 = CARTESIAN_POINT ( 'NONE',  ( 1217.879479668316435, 19.14549272877620822, 32.05101719521648107 ) ) ;
#1942 = CARTESIAN_POINT ( 'NONE',  ( 1217.379499614458837, -26.31613647318326343, 14.40350645817125752 ) ) ;
#1943 = CARTESIAN_POINT ( 'NONE',  ( 1212.994486862569829, 0.6890688443262250606, 40.00861370547949747 ) ) ;
#1944 = CARTESIAN_POINT ( 'NONE',  ( 1204.559809653371303, -9.293639859239995360, -28.52418860523883737 ) ) ;
#1945 = CARTESIAN_POINT ( 'NONE',  ( 1217.583898574210252, 18.59464734519967521, -32.55550486105635599 ) ) ;
#1946 = CARTESIAN_POINT ( 'NONE',  ( 1205.965573163950239, -12.76189889651509013, 27.16362891149989878 ) ) ;
#1947 = CARTESIAN_POINT ( 'NONE',  ( 1206.640853871245554, 14.05564133867446941, -26.50812265401044598 ) ) ;
#1948 = CARTESIAN_POINT ( 'NONE',  ( 1228.993050417079758, 31.99478954881880455, 0.8023807475264831401 ) ) ;
#1949 = CARTESIAN_POINT ( 'NONE',  ( 1225.269987394846567, 28.82856239871508208, 17.36621284211651428 ) ) ;
#1950 = CARTESIAN_POINT ( 'NONE',  ( 1217.129550776802489, -26.12581262713338148, 14.75107269456349712 ) ) ;
#1951 = DIRECTION ( 'NONE',  ( 1.000000000000000000, 0.000000000000000000, 0.000000000000000000 ) ) ;
#1952 = CARTESIAN_POINT ( 'NONE',  ( 1228.984170431097709, -31.98814412526397533, 1.244808310304187371 ) ) ;
#1953 = CARTESIAN_POINT ( 'NONE',  ( 1223.994046558502987, 27.54371959662298863, -20.36183989225474633 ) ) ;
#1954 = EDGE_CURVE ( 'NONE', #1109, #1641, #602, .T. ) ;
#1955 = CARTESIAN_POINT ( 'NONE',  ( 1220.372341470769470, -28.42071184659550553, 9.642202153917372343 ) ) ;
#1956 = CARTESIAN_POINT ( 'NONE',  ( 1214.298811060679554, -23.78175366732319418, 18.35709241367709765 ) ) ;
#1957 = CARTESIAN_POINT ( 'NONE',  ( 1218.799499647178209, 27.36260970649452773, -12.32776404696860162 ) ) ;
#1958 = CARTESIAN_POINT ( 'NONE',  ( 1223.000240544011831, -29.99999999999998934, -1.078523184461116946 ) ) ;
#1959 = CARTESIAN_POINT ( 'NONE',  ( 1219.828381877661286, 22.35371969513082391, 28.62400839315538192 ) ) ;
#1960 = CARTESIAN_POINT ( 'NONE',  ( 1213.014263797890180, -1.244028330235329660, 29.97311839175831594 ) ) ;
#1961 = CARTESIAN_POINT ( 'NONE',  ( 1214.419635888632001, 10.56203956012635103, 37.75836280045548676 ) ) ;
#1962 = CARTESIAN_POINT ( 'NONE',  ( 1228.315316204835199, -31.47485559678653999, -7.217015441616124072 ) ) ;
#1963 = CARTESIAN_POINT ( 'NONE',  ( 1216.653105689275208, -16.70042857067455344, 34.12057335321572538 ) ) ;
#1964 = CARTESIAN_POINT ( 'NONE',  ( 1222.198152528671471, -29.54221899134589790, 5.293976796361154591 ) ) ;
#1965 = CARTESIAN_POINT ( 'NONE',  ( 1221.196615563130081, 24.30064306881229896, 26.11302604935089988 ) ) ;
#1966 = ORIENTED_EDGE ( 'NONE', *, *, #1212, .T. ) ;
#1967 = CARTESIAN_POINT ( 'NONE',  ( 1221.932352433119831, 29.38459594720433188, -6.061313498652264542 ) ) ;
#1968 = CARTESIAN_POINT ( 'NONE',  ( 1218.784032814730153, 21.13841277024547693, -21.47140515709789810 ) ) ;
#1969 = CARTESIAN_POINT ( 'NONE',  ( 1217.907264227484347, 19.19637299586164758, 32.00342962224644339 ) ) ;
#1970 = CARTESIAN_POINT ( 'NONE',  ( 1220.743119282278712, 23.99479111167882195, 18.17480805020238677 ) ) ;
#1971 = CARTESIAN_POINT ( 'NONE',  ( 1207.311486004940207, -15.23996760773938064, -25.84485694490369312 ) ) ;
#1972 = CARTESIAN_POINT ( 'NONE',  ( 1203.162969883276219, 3.028060565509457458, 29.84707546107851783 ) ) ;
#1973 = CARTESIAN_POINT ( 'NONE',  ( 1228.184668253489235, -31.37198932974125754, 7.888233803345731765 ) ) ;
#1974 = CARTESIAN_POINT ( 'NONE',  ( 1228.882100494641691, 31.91569865314716026, -3.869057601439663152 ) ) ;
#1975 = CARTESIAN_POINT ( 'NONE',  ( 1225.314484790649203, -29.07874357940098520, 7.474178525711454135 ) ) ;
#1976 = ORIENTED_EDGE ( 'NONE', *, *, #1381, .T. ) ;
#1977 = CARTESIAN_POINT ( 'NONE',  ( 1223.276096213479832, 26.78404353460440035, -21.94925558861080006 ) ) ;
#1978 = EDGE_LOOP ( 'NONE', ( #1511, #1989, #437, #1280 ) ) ;
#1979 = CARTESIAN_POINT ( 'NONE',  ( 1216.687156084610251, 16.82360774078830090, -34.06854693538670631 ) ) ;
#1980 = CARTESIAN_POINT ( 'NONE',  ( 1219.296525347835086, 21.54248713667994153, 29.57836843353163658 ) ) ;
#1981 = CARTESIAN_POINT ( 'NONE',  ( 1212.357873330675829, -21.84331420982104888, 20.56405985107345913 ) ) ;
#1982 = CC_DESIGN_APPROVAL ( #1671, ( #2033 ) ) ;
#1983 = CARTESIAN_POINT ( 'NONE',  ( 1216.988907050669923, 17.49095784578240043, 33.56925513661219895 ) ) ;
#1984 = CARTESIAN_POINT ( 'NONE',  ( 1212.009239945071613, -21.47355454449788326, -20.94961725271480546 ) ) ;
#1985 = CARTESIAN_POINT ( 'NONE',  ( 1217.417591404725499, 26.34510915608322890, -14.35045833459126996 ) ) ;
#1986 = CARTESIAN_POINT ( 'NONE',  ( 1203.654000116314364, 6.045967130842411663, 29.38458658438704774 ) ) ;
#1987 = CARTESIAN_POINT ( 'NONE',  ( 1228.259806664977759, -31.43124198525870128, 7.508192055466911263 ) ) ;
#1988 = CARTESIAN_POINT ( 'NONE',  ( 40.00000000000000000, 47.50000000000000000, 0.000000000000000000 ) ) ;
#1989 = ORIENTED_EDGE ( 'NONE', *, *, #402, .T. ) ;
#1990 = LINE ( 'NONE', #755, #1258 ) ;
#1991 = ORIENTED_EDGE ( 'NONE', *, *, #1498, .T. ) ;
#1992 = CARTESIAN_POINT ( 'NONE',  ( 1214.282585894720114, 10.14253440257720129, -37.97874634343579459 ) ) ;
#1993 = CARTESIAN_POINT ( 'NONE',  ( 1214.711521076848840, -24.11676648190616845, 17.84325148458381705 ) ) ;
#1994 = CARTESIAN_POINT ( 'NONE',  ( 1223.423198330139940, 26.93718392892160196, 21.61940096625299645 ) ) ;
#1995 = CARTESIAN_POINT ( 'NONE',  ( 1213.112397341808901, -22.61261221356031825, -19.71628131923682758 ) ) ;
#1996 = CARTESIAN_POINT ( 'NONE',  ( 1217.392866244446623, 26.32630433299244288, -14.38491438433472958 ) ) ;
#1997 = CARTESIAN_POINT ( 'NONE',  ( 1210.075193332920435, 19.23076032403116997, 23.02559257561800621 ) ) ;
#1998 = CARTESIAN_POINT ( 'NONE',  ( 1226.302955110402763, -29.78707122687009701, 14.61667317359354357 ) ) ;
#1999 = CARTESIAN_POINT ( 'NONE',  ( 1215.666047286667663, -14.36841646983539889, 35.74753568575088281 ) ) ;
#2000 = CARTESIAN_POINT ( 'NONE',  ( 1217.636282466289913, -18.71015193808660015, -32.46912233284909632 ) ) ;
#2001 = CARTESIAN_POINT ( 'NONE',  ( 1204.270143895409319, -8.414441756859854848, 28.80048689126805073 ) ) ;
#2002 = CARTESIAN_POINT ( 'NONE',  ( 1207.603939617659307, 15.77383201765120724, -25.55036640951719562 ) ) ;
#2003 = PERSON_AND_ORGANIZATION_ROLE ( 'classification_officer' ) ;
#2004 = CARTESIAN_POINT ( 'NONE',  ( 1213.891863081280007, 9.035369783428315316, -28.72263235793741742 ) ) ;
#2005 = CARTESIAN_POINT ( 'NONE',  ( 1214.857069144425850, -24.24624545142391696, 17.66710582447098332 ) ) ;
#2006 = CARTESIAN_POINT ( 'NONE',  ( 1222.776463401555475, 29.87357941497500136, -2.757097903211130685 ) ) ;
#2007 = CARTESIAN_POINT ( 'NONE',  ( 1253.000000000000000, 1.714505518806299963E-14, -40.00000000000000000 ) ) ;
#2008 = CARTESIAN_POINT ( 'NONE',  ( 1223.477627731170514, 27.24470517665751856, 12.69619474147770433 ) ) ;
#2009 = CARTESIAN_POINT ( 'NONE',  ( 1207.065224454965573, -14.81125371377774691, -26.08882923907195561 ) ) ;
#2010 = CARTESIAN_POINT ( 'NONE',  ( 1214.571922700389678, 11.77339480648590531, 27.76076719828937911 ) ) ;
#2011 = CARTESIAN_POINT ( 'NONE',  ( 1219.075170716989078, 27.54763330294689538, -11.87972900796768982 ) ) ;
#2012 = CARTESIAN_POINT ( 'NONE',  ( 1207.202705360160053, 15.05502199252945417, 25.95292487510280921 ) ) ;
#2013 = CARTESIAN_POINT ( 'NONE',  ( 1226.204715472744965, -29.69978597410290178, -14.90303021892340318 ) ) ;
#2014 = CARTESIAN_POINT ( 'NONE',  ( 1218.240583781942860, -19.79907574387905456, 31.43097864125173757 ) ) ;
#2015 = CARTESIAN_POINT ( 'NONE',  ( 1213.221376811549135, -22.76329647501649944, -19.60644259185881211 ) ) ;
#2016 = CARTESIAN_POINT ( 'NONE',  ( 1253.000000000000000, 1.714505518806299963E-14, 40.00000000000000000 ) ) ;
#2017 = ORIENTED_EDGE ( 'NONE', *, *, #1954, .T. ) ;
#2018 = CARTESIAN_POINT ( 'NONE',  ( 1213.379275116279587, 22.88889639829348965, -19.40981693380281925 ) ) ;
#2019 = APPROVAL_DATE_TIME ( #2169, #2156 ) ;
#2020 = CARTESIAN_POINT ( 'NONE',  ( 1216.902052542148340, 17.74467874381099364, -24.37799147325192095 ) ) ;
#2021 = CARTESIAN_POINT ( 'NONE',  ( 1208.647962110092521, -17.31342622872710280, 24.49990747508158506 ) ) ;
#2022 = B_SPLINE_CURVE_WITH_KNOTS ( 'NONE', 3,
 ( #317, #336, #1324, #816, #499, #1189, #2216, #1201, #1347, #667, #1177, #849, #803, #1513, #2266, #1359, #645, #129, #680, #327, #1676, #1017, #1500, #638, #2036, #141, #1689, #2226, #475, #1166, #1868, #992, #1704, #2061, #1415, #163, #1945, #701, #2276, #1738, #1780, #378, #691, #1211, #1071, #2110, #348, #2141, #1584, #1052, #195, #1750, #522, #176, #1427, #1934, #1, #561, #1040, #361, #2288, #1260, #1248, #870, #895, #1605, #1237, #712, #1574, #1394, #1953, #2131, #206, #544, #1762, #1384, #371, #730, #188, #1406, #905, #883, #2123, #1770, #23, #1594, #1027, #12, #861, #2099, #532, #552, #1563, #1911, #1225, #721, #1923, #1463, #1129, #1083, #1092, #1104, #599, #1974, #573, #1289 ),
 .UNSPECIFIED., .F., .F.,
 ( 4, 2, 2, 1, 1, 1, 1, 2, 2, 2, 2, 1, 1, 1, 1, 2, 2, 2, 1, 1, 1, 2, 2, 2, 1, 1, 2, 2, 2, 1, 1, 2, 2, 2, 1, 1, 2, 2, 2, 2, 2, 2, 1, 1, 2, 2, 2, 1, 1, 1, 2, 2, 2, 1, 1, 1, 1, 2, 2, 2, 2, 1, 1, 1, 1, 2, 2, 4 ),
 ( 0.000000000000000000, 0.06250000000008040790, 0.09375000000012059798, 0.1093750000001407208, 0.1171875000001499217, 0.1210937500001536132, 0.1230468750001554590, 0.1240234375001553618, 0.1250000000001552647, 0.1875000000001546263, 0.2187500000001542377, 0.2343750000001540990, 0.2421875000001540157, 0.2460937500001523226, 0.2480468750001514344, 0.2490234375001509626, 0.2500000000001504352, 0.2812500000001448286, 0.2968750000001437184, 0.3046875000001413869, 0.3085937500001401657, 0.3105468750001414424, 0.3125000000001427192, 0.3437500000001404432, 0.3593750000001394440, 0.3671875000001391109, 0.3710937500001389444, 0.3750000000001388334, 0.4062500000001206812, 0.4218750000001116329, 0.4296875000001070255, 0.4335937500001026401, 0.4375000000000981992, 0.4687500000000318634, 0.4843750000000008882, 0.4921874999999875655, 0.4960937499999808487, 0.4999999999999741873, 0.5312499999999198419, 0.5468749999998926414, 0.5624999999998654410, 0.5937499999998110400, 0.6093749999997817302, 0.6171874999997650768, 0.6210937499997545297, 0.6249999999997439826, 0.6562499999996671551, 0.6718749999996306288, 0.6796874999996141975, 0.6835937499996059818, 0.6855468749996020961, 0.6874999999995982103, 0.7187499999995858868, 0.7343749999995796696, 0.7421874999995747846, 0.7460937499995724531, 0.7480468749995728972, 0.7490234374995732303, 0.7499999999995734523, 0.8124999999996470601, 0.8437499999996839195, 0.8593749999997023492, 0.8671874999997115641, 0.8710937499997161160, 0.8730468749997194466, 0.8740234374997201128, 0.8749999999997207789, 1.000000000000000000 ),
 .UNSPECIFIED. ) ;
#2023 = CARTESIAN_POINT ( 'NONE',  ( 1205.627652881365066, -11.99699836301530986, -27.49689663338501333 ) ) ;
#2024 = CARTESIAN_POINT ( 'NONE',  ( 1202.993036629550716, -0.6524614452378721952, 30.00081472273060967 ) ) ;
#2025 = CARTESIAN_POINT ( 'NONE',  ( 1220.633743683770263, 28.58304269084061744, -9.111065273256720332 ) ) ;
#2026 = CARTESIAN_POINT ( 'NONE',  ( 1208.433551923634241, 17.00090566107774137, 24.71779592811628845 ) ) ;
#2027 = CARTESIAN_POINT ( 'NONE',  ( 1215.638582161318482, -14.28827184320847898, -35.79190904481625779 ) ) ;
#2028 = AXIS2_PLACEMENT_3D ( 'NONE', #1879, #1004, #1537 ) ;
#2029 = CARTESIAN_POINT ( 'NONE',  ( 1220.457308250713822, -23.26047722350364566, 27.47326431293334181 ) ) ;
#2030 =( BOUNDED_SURFACE ( )  B_SPLINE_SURFACE ( 3, 2, ( 
 ( #1821, #25, #381 ),
 ( #2155, #1086, #1444 ),
 ( #1281, #732, #15 ),
 ( #1107, #897, #1119 ),
 ( #575, #1639, #239 ),
 ( #766, #2133, #554 ),
 ( #1074, #1272, #1782 ),
 ( #1967, #401, #1095 ),
 ( #1251, #589, #1596 ),
 ( #724, #208, #1455 ),
 ( #1800, #933, #907 ),
 ( #1418, #1627, #564 ),
 ( #1957, #229, #1794 ),
 ( #923, #1465, #2180 ),
 ( #601, #1263, #390 ),
 ( #1291, #2167, #1977 ),
 ( #436, #980, #1326 ),
 ( #2018, #1690, #2205 ),
 ( #451, #993, #1665 ),
 ( #118, #266, #2193 ),
 ( #793, #1844, #1303 ),
 ( #476, #1178, #957 ),
 ( #2037, #1501, #281 ),
 ( #2002, #1869, #90 ),
 ( #1705, #130, #251 ),
 ( #1528, #817, #1515 ),
 ( #2227, #614, #2242 ),
 ( #489, #944, #1652 ),
 ( #1833, #1486, #627 ),
 ( #968, #1677, #105 ),
 ( #804, #2217, #783 ),
 ( #192, #899, #565 ),
 ( #462, #777, #114 ),
 ( #1510, #448, #1497 ),
 ( #989, #967, #1864 ),
 ( #1474, #801, #2225 ),
 ( #1345, #1314, #102 ),
 ( #1485, #813, #2238 ),
 ( #636, #1664, #955 ),
 ( #2046, #828, #1151 ),
 ( #315, #1699, #977 ),
 ( #1852, #1322, #2031 ),
 ( #292, #1525, #1335 ),
 ( #1685, #78, #1301 ),
 ( #473, #1162, #2192 ),
 ( #302, #1675, #612 ),
 ( #2057, #1830, #2000 ),
 ( #485, #1174, #434 ),
 ( #2204, #89, #1130 ),
 ( #263, #791, #624 ),
 ( #2015, #1143, #278 ),
 ( #1599, #924, #412 ),
 ( #1108, #1811, #240 ),
 ( #1640, #767, #2181 ),
 ( #1881, #1539, #1714 ),
 ( #2243, #513, #1167 ),
 ( #1191, #2050, #1855 ),
 ( #305, #656, #818 ),
 ( #2228, #318, #1529 ),
 ( #142, #1006, #1348 ),
 ( #1516, #154, #1870 ),
 ( #1179, #131, #831 ),
 ( #994, #490, #1202 ),
 ( #692, #1900, #981 ),
 ( #1892, #646, #840 ),
 ( #477, #2062, #2255 ),
 ( #294, #1691, #1728 ),
 ( #465, #2278, #1339 ),
 ( #669, #1361, #1373 ),
 ( #1706, #2087, #2077 ),
 ( #501, #328, #1029 ),
 ( #337, #1018, #2268 ),
 ( #850, #862, #1552 ),
 ( #682, #1739, #166 ),
 ( #1564, #2038, #1155 ),
 ( #119, #1614, #545 ),
 ( #37, #1385, #2111 ),
 ( #1771, #372, #1586 ),
 ( #871, #1781, #534 ),
 ( #2143, #906, #2101 ),
 ( #1956, #1250, #197 ),
 ( #523, #562, #350 ),
 ( #553, #178, #1238 ),
 ( #1395, #1409, #896 ),
 ( #1913, #1041, #1073 ),
 ( #1214, #1752, #1576 ),
 ( #1262, #1763, #24 ),
 ( #1595, #2290, #2132 ),
 ( #1946, #189, #1935 ),
 ( #731, #714, #1606 ),
 ( #703, #1063, #379 ),
 ( #1227, #14, #723 ),
 ( #885, #1417, #207 ),
 ( #1925, #363, #1429 ),
 ( #1054, #389, #2 ),
 ( #2124, #1085, #1792 ),
 ( #218, #914, #458 ),
 ( #2024, #650, #2222 ),
 ( #975, #1708, #398 ),
 ( #1860, #298, #1270 ),
 ( #742, #2234, #1138 ),
 ( #1442, #287, #642 ),
 ( #98, #1149, #1308 ),
 ( #2154, #632, #1682 ),
 ( #110, #963, #1520 ),
 ( #124, #1330, #754 ),
 ( #1848, #2010, #1670 ),
 ( #2042, #921, #470 ),
 ( #482, #444, #1493 ),
 ( #587, #1159, #1343 ),
 ( #809, #1453, #52 ),
 ( #574, #985, #1965 ),
 ( #798, #1094, #1695 ),
 ( #1838, #1506, #823 ),
 ( #2053, #275, #2166 ),
 ( #312, #2211, #1171 ),
 ( #1799, #228, #1875 ),
 ( #1626, #999, #1319 ),
 ( #866, #1580, #1885 ),
 ( #1733, #322, #1033 ),
 ( #1011, #1195, #171 ),
 ( #1906, #332, #875 ),
 ( #1756, #1569, #147 ),
 ( #518, #675, #1023 ),
 ( #2282, #1719, #2272 ),
 ( #538, #1929, #845 ),
 ( #660, #686, #1218 ),
 ( #1532, #2294, #1916 ) ),
 .UNSPECIFIED., .T., .F., .T. ) 
 B_SPLINE_SURFACE_WITH_KNOTS ( ( 4, 1, 1, 1, 1, 1, 1, 1, 1, 1, 1, 1, 1, 1, 1, 1, 1, 1, 1, 1, 1, 1, 1, 1, 1, 1, 1, 1, 1, 1, 1, 1, 1, 1, 1, 1, 1, 1, 1, 1, 1, 1, 1, 1, 1, 1, 1, 1, 1, 1, 1, 1, 1, 1, 1, 1, 1, 1, 1, 1, 1, 1, 1, 1, 1, 1, 1, 1, 1, 1, 1, 1, 1, 1, 1, 1, 1, 1, 1, 1, 1, 1, 1, 1, 1, 1, 1, 1, 1, 1, 1, 1, 1, 1, 1, 1, 1, 1, 1, 1, 1, 1, 1, 1, 1, 1, 1, 1, 1, 1, 1, 1, 1, 1, 1, 1, 1, 1, 1, 1, 1, 1, 1, 1, 1, 4 ),
 ( 3, 3 ),
 ( -0.2653221699265149724, -0.2642857552002390031, -0.2632493404739639775, -0.2611765110214129826, -0.2591036815688619876, -0.2570308521163109927, -0.2559944373900360226, -0.2549580226637599978, -0.2528851932112090029, -0.2508123637586580079, -0.2487395343061080122, -0.2466667048535569895, -0.2445938754010059946, -0.2425210459484549996, -0.2404482164959040047, -0.2363025575908019871, -0.2342297281382509921, -0.2321568986856999972, -0.2300840692331500015, -0.2280112397805990065, -0.2259384103280480116, -0.2238655808754970167, -0.2197199219703949991, -0.2176470925178439764, -0.2155742630652929814, -0.2135014336127420143, -0.2114286041601909916, -0.2072829452550900009, -0.2052101158025390060, -0.2041737010762630089, -0.2031372863499880110, -0.2010644568974370161, -0.1989916274448860212, -0.1969187979923349985, -0.1948459685397840035, -0.1927731390872330086, -0.1917367243609579830, -0.1907003096346820137, -0.1886274801821319902, -0.1865546507295809953, -0.1844818212770300003, -0.1824089918244790054, -0.1803361623719279827, -0.1782633329193769878, -0.1741176740142749979, -0.1720448445617239752, -0.1699720151091740072, -0.1678991856566230123, -0.1658263562040719896, -0.1616806972989699998, -0.1575350383938680099, -0.1554622089413170150, -0.1533893794887659923, -0.1513165500362149973, -0.1492437205836650016, -0.1471708911311140067, -0.1450980616785629840, -0.1440616469522870147, -0.1430252322260119890, -0.1419888174997359920, -0.1409524027734609941, -0.1388795733209099992, -0.1368067438683590042, -0.1347339144158079816, -0.1336974996895329837, -0.1326610849632570144, -0.1316246702369819888, -0.1305882555107059917, -0.1285154260581559960, -0.1264425966056050010, -0.1243697671530540061, -0.1222969377005029973, -0.1212605229742270002, -0.1202241082479520023, -0.1181512787954010074, -0.1160784493428499986, -0.1119327904377479949, -0.1098599609851979991, -0.1077871315326469903, -0.1036414726275450005, -0.09949581372244301058, -0.09742298426989220994, -0.09535015481734120113, -0.09327732536479030334, -0.09120449591223940555, -0.08705883700713769324, -0.08498600755458669831, -0.08291317810203589767, -0.08084034864948499988, -0.07980393392320950241, -0.07876751919693410209, -0.07669468974438309328, -0.07462186029183230651, -0.07047620138673049706, -0.06840337193417959927, -0.06736695720790408792, -0.06633054248162870148, -0.06425771302907778981, -0.06218488357652690590, -0.06011205412397600117, -0.05803922467142510339, -0.05596639521887419866, -0.05389356576632330087, -0.04974790686122149835, -0.04767507740867060056, -0.04560224795611969584, -0.04145658905101790026, -0.03731093014591609774, -0.03523810069336519996, -0.03316527124081430217, -0.02901961233571249965, -0.02487395343061079775, -0.02280112397805989996, -0.02072829452550899870, -0.01865546507295809744, -0.01658263562040719966, -0.01450980616785630013, -0.01243697671530540061, -0.01036414726275449935, -0.009327732536479060865, -0.008291317810203591154, -0.006218488357652709846, -0.004145658905101819863, -0.002072829452550880008, -0.001036414726275409863, 0.000000000000000000 ),
 ( -0.0004313260864965319931, 1.000000000000000000 ),
 .UNSPECIFIED. ) 
 GEOMETRIC_REPRESENTATION_ITEM ( )  RATIONAL_B_SPLINE_SURFACE ( (
 ( 1.000044438588620022, 0.9484860874273119968, 1.000000000000000000),
 ( 1.000044346812329898, 0.9485924759503400194, 1.000000000000000000),
 ( 1.000044247226099969, 0.9487079178819870506, 1.000000000000000000),
 ( 1.000044380457460136, 0.9485534739843490826, 1.000000000000000000),
 ( 1.000045158560040059, 0.9476514852102350117, 1.000000000000000000),
 ( 1.000047042441370104, 0.9454676602703000476, 1.000000000000000000),
 ( 1.000049383435449801, 0.9427539430214940674, 1.000000000000000000),
 ( 1.000051711808910060, 0.9400548557955179518, 1.000000000000000000),
 ( 1.000054302605349887, 0.9370515637121220598, 1.000000000000000000),
 ( 1.000058019497649830, 0.9327428835577189492, 1.000000000000000000),
 ( 1.000063188150019933, 0.9267513002329869076, 1.000000000000000000),
 ( 1.000069024417840069, 0.9199858065614060498, 1.000000000000000000),
 ( 1.000075486358150023, 0.9124950234683989470, 1.000000000000000000),
 ( 1.000082569337849892, 0.9042843217269059819, 1.000000000000000000),
 ( 1.000090126350099862, 0.8955241139762130098, 1.000000000000000000),
 ( 1.000100768372099935, 0.8831877142887399890, 1.000000000000000000),
 ( 1.000112196075219950, 0.8699405406554699960, 1.000000000000000000),
 ( 1.000124274786790002, 0.8559387077636829710, 1.000000000000000000),
 ( 1.000133627003240155, 0.8450974710005989543, 1.000000000000000000),
 ( 1.000143227958399939, 0.8339678924080620170, 1.000000000000000000),
 ( 1.000153064796910130, 0.8225648741200659586, 1.000000000000000000),
 ( 1.000162925443909945, 0.8111342566394870168, 1.000000000000000000),
 ( 1.000176022561169997, 0.7959518718216649358, 1.000000000000000000),
 ( 1.000188919045490010, 0.7810020638608109467, 1.000000000000000000),
 ( 1.000201308969860037, 0.7666394681837660485, 1.000000000000000000),
 ( 1.000210259158879955, 0.7562642679642240795, 1.000000000000000000),
 ( 1.000218751969500053, 0.7464192679899360749, 1.000000000000000000),
 ( 1.000229097074880169, 0.7344270587279149165, 1.000000000000000000),
 ( 1.000237856577069984, 0.7242729056828969281, 1.000000000000000000),
 ( 1.000243777566479864, 0.7174092013990660543, 1.000000000000000000),
 ( 1.000246610811809989, 0.7141248587394449787, 1.000000000000000000),
 ( 1.000249062837929914, 0.7112824314063199704, 1.000000000000000000),
 ( 1.000251329670349909, 0.7086546835207510053, 1.000000000000000000),
 ( 1.000252758595490121, 0.7069982509692310790, 1.000000000000000000),
 ( 1.000252885607750164, 0.7068510163538920255, 1.000000000000000000),
 ( 1.000251708548499874, 0.7082154819927869438, 1.000000000000000000),
 ( 1.000249649202559876, 0.7106027082825370211, 1.000000000000000000),
 ( 1.000247356070540050, 0.7132609430753449331, 1.000000000000000000),
 ( 1.000244669815010035, 0.7163748928314900288, 1.000000000000000000),
 ( 1.000240610015440179, 0.7210810765126169919, 1.000000000000000000),
 ( 1.000234715484469961, 0.7279141097498539326, 1.000000000000000000),
 ( 1.000227896613000045, 0.7358186530657870872, 1.000000000000000000),
 ( 1.000220250056119919, 0.7446826623558989722, 1.000000000000000000),
 ( 1.000211863782800137, 0.7544041626103570319, 1.000000000000000000),
 ( 1.000200052682099994, 0.7680957767606190201, 1.000000000000000000),
 ( 1.000187458349370173, 0.7826953258374140798, 1.000000000000000000),
 ( 1.000174448083100076, 0.7977770316270419437, 1.000000000000000000),
 ( 1.000164526435540102, 0.8092783619011439944, 1.000000000000000000),
 ( 1.000154624152910010, 0.8207572440534690594, 1.000000000000000000),
 ( 1.000141583993449990, 0.8358736024935090603, 1.000000000000000000),
 ( 1.000125687882349901, 0.8543006251141880281, 1.000000000000000000),
 ( 1.000110628016050107, 0.8717582595759630903, 1.000000000000000000),
 ( 1.000099228493810166, 0.8849727654872210358, 1.000000000000000000),
 ( 1.000091154086489853, 0.8943327457555840798, 1.000000000000000000),
 ( 1.000083562825459849, 0.9031326552231749849, 1.000000000000000000),
 ( 1.000076487581940121, 0.9113343890712090056, 1.000000000000000000),
 ( 1.000069958664500103, 0.9189028131038340375, 1.000000000000000000),
 ( 1.000065003133010055, 0.9246473433439589273, 1.000000000000000000),
 ( 1.000061353547230025, 0.9288780007150130302, 1.000000000000000000),
 ( 1.000058776365989832, 0.9318655098404319270, 1.000000000000000000),
 ( 1.000056382761739915, 0.9346402136225020474, 1.000000000000000000),
 ( 1.000053461250480114, 0.9380268755469940434, 1.000000000000000000),
 ( 1.000050315631950015, 0.9416733261364689245, 1.000000000000000000),
 ( 1.000047390275709880, 0.9450644452092309411, 1.000000000000000000),
 ( 1.000045697891289942, 0.9470262839132710386, 1.000000000000000000),
 ( 1.000044817945800135, 0.9480463305997820500, 1.000000000000000000),
 ( 1.000044407745110053, 0.9485218417159629878, 1.000000000000000000),
 ( 1.000044247811979981, 0.9487072387122029715, 1.000000000000000000),
 ( 1.000044370913429903, 0.9485645375693799730, 1.000000000000000000),
 ( 1.000045150268290106, 0.9476610971361449920, 1.000000000000000000),
 ( 1.000047032031249783, 0.9454797278442510500, 1.000000000000000000),
 ( 1.000049820513550181, 0.9422472751956780801, 1.000000000000000000),
 ( 1.000052867268219847, 0.9387154291478589929, 1.000000000000000000),
 ( 1.000055732732660019, 0.9353937375890569728, 1.000000000000000000),
 ( 1.000058845655770190, 0.9317851880391510022, 1.000000000000000000),
 ( 1.000063169756409964, 0.9267726223955680132, 1.000000000000000000),
 ( 1.000070948044309960, 0.9177559084291430080, 1.000000000000000000),
 ( 1.000079930933839956, 0.9073428012556900013, 1.000000000000000000),
 ( 1.000089986186010194, 0.8956865943979689382, 1.000000000000000000),
 ( 1.000100739736579980, 0.8832209090336360369, 1.000000000000000000),
 ( 1.000115095902269990, 0.8665790154168020454, 1.000000000000000000),
 ( 1.000130452584450103, 0.8487773073116289257, 1.000000000000000000),
 ( 1.000143180078910010, 0.8340233950687530040, 1.000000000000000000),
 ( 1.000152905056759911, 0.8227500474175999390, 1.000000000000000000),
 ( 1.000162756397199981, 0.8113302182496709980, 1.000000000000000000),
 ( 1.000176012381710056, 0.7959636720053909764, 1.000000000000000000),
 ( 1.000188967771699966, 0.7809455796741399114, 1.000000000000000000),
 ( 1.000201340669420125, 0.7666027215622340796, 1.000000000000000000),
 ( 1.000210236021449983, 0.7562910892372119998, 1.000000000000000000),
 ( 1.000217249821140131, 0.7481605820470520474, 1.000000000000000000),
 ( 1.000222565162530053, 0.7419989545104390682, 1.000000000000000000),
 ( 1.000227669991510027, 0.7360813562689410006, 1.000000000000000000),
 ( 1.000233514342780072, 0.7293064921348929586, 1.000000000000000000),
 ( 1.000241616494629948, 0.7199143499670399571, 1.000000000000000000),
 ( 1.000247666700379900, 0.7129008560655629712, 1.000000000000000000),
 ( 1.000250867560860124, 0.7091903681259960068, 1.000000000000000000),
 ( 1.000252051148249999, 0.7078183349611270048, 1.000000000000000000),
 ( 1.000252786969569874, 0.7069653592960110089, 1.000000000000000000),
 ( 1.000252879116489968, 0.7068585411294759924, 1.000000000000000000),
 ( 1.000251682564810007, 0.7082456026957349993, 1.000000000000000000),
 ( 1.000249206207379782, 0.7111162352720349356, 1.000000000000000000),
 ( 1.000245487931920030, 0.7154265188159890654, 1.000000000000000000),
 ( 1.000240557695099897, 0.7211417270757699560, 1.000000000000000000),
 ( 1.000232646439309869, 0.7303125795194870262, 1.000000000000000000),
 ( 1.000222930960520173, 0.7415749157078189713, 1.000000000000000000),
 ( 1.000211833529500050, 0.7544392327108339069, 1.000000000000000000),
 ( 1.000199913714530098, 0.7682568701576659720, 1.000000000000000000),
 ( 1.000184129942399913, 0.7865536676765370050, 1.000000000000000000),
 ( 1.000167739766279817, 0.8055534182452149805, 1.000000000000000000),
 ( 1.000154533541379953, 0.8208622823687230508, 1.000000000000000000),
 ( 1.000141391247590050, 0.8360970365404559734, 1.000000000000000000),
 ( 1.000125483595829978, 0.8545374372650249573, 1.000000000000000000),
 ( 1.000110475945090061, 0.8719345426216760231, 1.000000000000000000),
 ( 1.000099168422420082, 0.8850424011878810227, 1.000000000000000000),
 ( 1.000091056963799963, 0.8944453319040169825, 1.000000000000000000),
 ( 1.000083406659239893, 0.9033136855768549855, 1.000000000000000000),
 ( 1.000076313959470165, 0.9115356549706430389, 1.000000000000000000),
 ( 1.000069788205240062, 0.9191004121641930258, 1.000000000000000000),
 ( 1.000063867713489874, 0.9259635395435309446, 1.000000000000000000),
 ( 1.000059469498250087, 0.9310620200030940152, 1.000000000000000000),
 ( 1.000056298591170068, 0.9347377854851200984, 1.000000000000000000),
 ( 1.000053364200709893, 0.9381393771644810364, 1.000000000000000000),
 ( 1.000050222095330010, 0.9417817552589150543, 1.000000000000000000),
 ( 1.000047320635850001, 0.9451451728394399954, 1.000000000000000000),
 ( 1.000045655991410154, 0.9470748549206200462, 1.000000000000000000),
 ( 1.000044797883839820, 0.9480695867438230229, 1.000000000000000000),
 ( 1.000044530364910145, 0.9483796989042849734, 1.000000000000000000),
 ( 1.000044438588620022, 0.9484860874273119968, 1.000000000000000000) ) ) 
 REPRESENTATION_ITEM ( '' )  SURFACE ( )  );
#2031 = CARTESIAN_POINT ( 'NONE',  ( 1214.352518656309940, -10.35389123039880133, -37.86618200647470189 ) ) ;
#2032 = ADVANCED_FACE ( 'NONE', ( #1379 ), #1058, .T. ) ;
#2033 = SECURITY_CLASSIFICATION ( '', '', #452 ) ;
#2034 = ORIENTED_EDGE ( 'NONE', *, *, #604, .T. ) ;
#2035 = CARTESIAN_POINT ( 'NONE',  ( 1204.901272253981915, -10.24780764980043735, 28.19741437948208329 ) ) ;
#2036 = CARTESIAN_POINT ( 'NONE',  ( 1215.566642595106032, 14.09766048812372752, -35.90905181925460710 ) ) ;
#2037 = CARTESIAN_POINT ( 'NONE',  ( 1208.653141859379502, 17.36733762860150776, -24.49387332176538123 ) ) ;
#2038 = CARTESIAN_POINT ( 'NONE',  ( 1224.641985676009426, -28.43386517375727962, 9.672382834318780098 ) ) ;
#2039 = CARTESIAN_POINT ( 'NONE',  ( 1203.531319271799020, -5.525560349564415219, -29.49468648890648481 ) ) ;
#2040 = CARTESIAN_POINT ( 'NONE',  ( 1213.819669415190901, -23.29714004017695572, 18.90088132953666999 ) ) ;
#2041 = CARTESIAN_POINT ( 'NONE',  ( 1220.560813606724878, -28.53649525288852828, -9.255728257532396697 ) ) ;
#2042 = CARTESIAN_POINT ( 'NONE',  ( 1207.981211086740814, 16.39948600112802524, 25.17583161958261684 ) ) ;
#2043 = CARTESIAN_POINT ( 'NONE',  ( 1219.069973271636172, 27.54403344395136344, -11.88807242438288547 ) ) ;
#2044 = CARTESIAN_POINT ( 'NONE',  ( 1206.387637799929280, 13.57021119086953220, 26.75646912082834561 ) ) ;
#2045 = CARTESIAN_POINT ( 'NONE',  ( 1223.326512476613743, -26.82564625044298623, -21.81656010292312331 ) ) ;
#2046 = CARTESIAN_POINT ( 'NONE',  ( 1203.804984509270298, -6.784100827116889221, -29.23627335474749955 ) ) ;
#2047 = CARTESIAN_POINT ( 'NONE',  ( 1203.244754744161582, -4.284834837309523081, 29.77153533703951638 ) ) ;
#2048 = CARTESIAN_POINT ( 'NONE',  ( 1253.000000000000000, -47.49999999999997868, 5.817072295949928215E-15 ) ) ;
#2049 = CARTESIAN_POINT ( 'NONE',  ( 1253.000000000000000, 1.714505518806299963E-14, -47.50000000000000000 ) ) ;
#2050 = CARTESIAN_POINT ( 'NONE',  ( 1223.460195301509884, -27.22609999132558301, -12.73665336663678360 ) ) ;
#2051 = CARTESIAN_POINT ( 'NONE',  ( 1213.648693235509882, -7.235272661002070116, -38.98200990200049887 ) ) ;
#2052 = CARTESIAN_POINT ( 'NONE',  ( 1220.540953962004551, -28.52378538427591437, -9.294838092679984953 ) ) ;
#2053 = CARTESIAN_POINT ( 'NONE',  ( 1216.941961477549057, 25.98853821073908321, 15.00881242285948325 ) ) ;
#2054 = CARTESIAN_POINT ( 'NONE',  ( 1214.769470114989645, 24.16847196818853405, -17.77316568164293642 ) ) ;
#2055 = CARTESIAN_POINT ( 'NONE',  ( 1208.349322489171300, 16.87628645165005636, 24.80317179806124273 ) ) ;
#2056 = CARTESIAN_POINT ( 'NONE',  ( 1223.564049636025402, -27.08582758649728461, -21.30814294270706810 ) ) ;
#2057 = CARTESIAN_POINT ( 'NONE',  ( 1208.790577541820312, -17.54243983209280344, -24.35063949929678628 ) ) ;
#2058 = CARTESIAN_POINT ( 'NONE',  ( 1216.349050407249479, -16.56521118760830902, 25.19800887072523565 ) ) ;
#2059 = CARTESIAN_POINT ( 'NONE',  ( 1205.039756535482184, -10.60447799823795911, 28.06438883102896042 ) ) ;
#2060 = CARTESIAN_POINT ( 'NONE',  ( 1222.306032602432879, 29.60269449201132019, 4.877493414361944168 ) ) ;
#2061 = CARTESIAN_POINT ( 'NONE',  ( 1216.795321075074298, 17.00653426388737799, -33.88341541091672582 ) ) ;
#2062 = CARTESIAN_POINT ( 'NONE',  ( 1226.267408152439430, -29.94238202831478546, -1.931125464861448870 ) ) ;
#2063 = CARTESIAN_POINT ( 'NONE',  ( 1211.712187721140253, 21.18487013366391736, 21.27805521200469485 ) ) ;
#2064 = CARTESIAN_POINT ( 'NONE',  ( 1216.810512035270222, -17.55638560379628288, -24.51463028405799349 ) ) ;
#2065 = CARTESIAN_POINT ( 'NONE',  ( 1207.206504067900823, -15.05548957814334976, 25.94875902178153382 ) ) ;
#2066 = EDGE_CURVE ( 'NONE', #91, #603, #158, .T. ) ;
#2067 = CARTESIAN_POINT ( 'NONE',  ( 1214.172635864986660, -23.62853164194977396, -18.48733297013403032 ) ) ;
#2068 = CARTESIAN_POINT ( 'NONE',  ( 1253.000000000000000, 1.714505518806299963E-14, 40.00000000000000000 ) ) ;
#2069 = CARTESIAN_POINT ( 'NONE',  ( 1213.397799487313250, 22.89248891280568898, 19.38920108002039555 ) ) ;
#2070 = CARTESIAN_POINT ( 'NONE',  ( 1216.459763316513317, -16.28124690270072961, -34.44257007022910955 ) ) ;
#2071 = CARTESIAN_POINT ( 'NONE',  ( 1215.376746916640059, -13.61098773134530049, 36.21916742971269798 ) ) ;
#2072 = CIRCLE ( 'NONE', #380, 47.50000000000000000 ) ;
#2073 = CARTESIAN_POINT ( 'NONE',  ( 1222.500239192102754, 29.71520584345347871, 4.124101220674511126 ) ) ;
#2074 = LINE ( 'NONE', #293, #269 ) ;
#2075 = AXIS2_PLACEMENT_3D ( 'NONE', #1565, #2279, #683 ) ;
#2076 = CARTESIAN_POINT ( 'NONE',  ( 1226.160503984450543, -29.84823337956040845, -3.132088409626588632 ) ) ;
#2077 = CARTESIAN_POINT ( 'NONE',  ( 1228.898892024350062, -31.92412414699680312, 3.001302687731669749 ) ) ;
#2078 = CARTESIAN_POINT ( 'NONE',  ( 1222.977876285320008, 29.98754702852600218, 0.8643050456500750434 ) ) ;
#2079 = CARTESIAN_POINT ( 'NONE',  ( 1222.424093597170213, -25.80938333474329838, -23.70464366763989972 ) ) ;
#2080 = CARTESIAN_POINT ( 'NONE',  ( 1217.980648436261845, -26.76783726444899258, -13.55345002401267251 ) ) ;
#2081 = CARTESIAN_POINT ( 'NONE',  ( 1228.627567590948729, 31.71739913742931805, 5.338135196132578031 ) ) ;
#2082 = CARTESIAN_POINT ( 'NONE',  ( 1214.736379559495617, 24.13899163157725525, -17.81317298771982749 ) ) ;
#2083 = CARTESIAN_POINT ( 'NONE',  ( 1214.406511757449380, 23.84174828297214077, 18.20909747543292312 ) ) ;
#2084 = CARTESIAN_POINT ( 'NONE',  ( 1219.115092659217453, -27.57527165261254609, 11.81550353315004642 ) ) ;
#2085 = CARTESIAN_POINT ( 'NONE',  ( 1222.977876285320008, 29.98754702852600218, 0.8643050456500750434 ) ) ;
#2086 = CARTESIAN_POINT ( 'NONE',  ( 1226.336976676089535, -30.00333882493419324, -0.1229842627564939339 ) ) ;
#2087 = CARTESIAN_POINT ( 'NONE',  ( 1226.226716332730575, -29.90679745283638979, 2.584747476510697695 ) ) ;
#2088 = CC_DESIGN_DATE_AND_TIME_ASSIGNMENT ( #577, #628, ( #2033 ) ) ;
#2089 = FACE_OUTER_BOUND ( 'NONE', #250, .T. ) ;
#2090 = CARTESIAN_POINT ( 'NONE',  ( 1222.807150545380182, -26.51139323054438179, -14.18574444633960496 ) ) ;
#2091 = EDGE_LOOP ( 'NONE', ( #1903, #778, #414, #1456 ) ) ;
#2092 = CARTESIAN_POINT ( 'NONE',  ( 1221.365045255593259, -29.04023829132737688, -7.531761280805334913 ) ) ;
#2093 = CARTESIAN_POINT ( 'NONE',  ( 1226.632343650327584, 30.07926025329919284, 13.65323173961563086 ) ) ;
#2094 = B_SPLINE_CURVE_WITH_KNOTS ( 'NONE', 3,
 ( #2078, #502, #1228, #1064, #1587, #546, #1042 ),
 .UNSPECIFIED., .F., .F.,
 ( 4, 3, 4 ),
 ( 0.2063122342751229910, 0.2063494741416960210, 0.2071586877657810022 ),
 .UNSPECIFIED. ) ;
#2095 = CARTESIAN_POINT ( 'NONE',  ( 1214.742544537876483, 24.14448786756447163, -17.80572298991211966 ) ) ;
#2096 = CARTESIAN_POINT ( 'NONE',  ( 1214.428210157152535, 23.86148930141083468, 18.18321607162120657 ) ) ;
#2097 = CARTESIAN_POINT ( 'NONE',  ( 1215.499739351627113, -13.91871841849160418, -36.01799975711863766 ) ) ;
#2098 = CARTESIAN_POINT ( 'NONE',  ( 1218.434169787490191, -20.14523619618269734, 31.09824399907270021 ) ) ;
#2099 = CARTESIAN_POINT ( 'NONE',  ( 1226.643316513853279, 30.08862403569173694, -13.61723443995700045 ) ) ;
#2100 = CARTESIAN_POINT ( 'NONE',  ( 1221.285528158499574, -28.99365509088409354, -7.717192136276148418 ) ) ;
#2101 = CARTESIAN_POINT ( 'NONE',  ( 1223.278407473969992, -26.78696796835100002, 21.94502038783319975 ) ) ;
#2102 = CARTESIAN_POINT ( 'NONE',  ( 1222.977876285320008, 29.98754702852600218, 0.8643050456500750434 ) ) ;
#2103 = CARTESIAN_POINT ( 'NONE',  ( 1202.997081535061852, -0.9915856102283961970, -30.00269862396656961 ) ) ;
#2104 = CARTESIAN_POINT ( 'NONE',  ( 1222.905350284520637, 26.62123723021243293, -13.97576980797900426 ) ) ;
#2105 = CARTESIAN_POINT ( 'NONE',  ( 1226.163154063875481, 29.66114925244848166, 15.01126275453504100 ) ) ;
#2106 = CARTESIAN_POINT ( 'NONE',  ( 1212.060261852740950, 21.52823920902590515, -20.89341945831661818 ) ) ;
#2107 = CARTESIAN_POINT ( 'NONE',  ( 1213.724439617287089, 23.20737704223134301, 19.01227158530066674 ) ) ;
#2108 = CARTESIAN_POINT ( 'NONE',  ( 1214.146818209385856, -9.526595013471277795, -38.19332669742936304 ) ) ;
#2109 = CARTESIAN_POINT ( 'NONE',  ( 1214.038168921670149, -9.100983927194009837, 38.36606483032450399 ) ) ;
#2110 = CARTESIAN_POINT ( 'NONE',  ( 1219.190764655324983, 21.37821537127259930, -29.76710432028728093 ) ) ;
#2111 = CARTESIAN_POINT ( 'NONE',  ( 1226.092619622270149, -29.60629006060809942, 15.27358137535050098 ) ) ;
#2112 = AXIS2_PLACEMENT_3D ( 'NONE', #1247, #750, #1951 ) ;
#2113 = DIRECTION ( 'NONE',  ( 1.000000000000000000, 0.000000000000000000, 0.000000000000000000 ) ) ;
#2114 = CARTESIAN_POINT ( 'NONE',  ( 1206.880843832683922, 14.49317178477615009, -26.27167280785026549 ) ) ;
#2115 = CARTESIAN_POINT ( 'NONE',  ( 1228.989106891270012, 31.99183047500009991, -1.287887836487690008 ) ) ;
#2116 = DIRECTION ( 'NONE',  ( 0.000000000000000000, 0.000000000000000000, 1.000000000000000000 ) ) ;
#2117 = CARTESIAN_POINT ( 'NONE',  ( 1218.548434215726274, -27.17906511975679962, 12.70875011786776732 ) ) ;
#2118 = CARTESIAN_POINT ( 'NONE',  ( 1214.999840515017922, 24.37213537155035326, 17.49317740660201892 ) ) ;
#2119 = CARTESIAN_POINT ( 'NONE',  ( 1220.990921922644702, -28.80885739648373800, 8.376457642521419444 ) ) ;
#2120 = PERSON ( '未', '未', '未', ('未'), ('未'), ('未') ) ;
#2121 = CARTESIAN_POINT ( 'NONE',  ( 1203.808518575819789, 6.799611577210391111, 29.23293642748459931 ) ) ;
#2122 = CARTESIAN_POINT ( 'NONE',  ( 1213.000001667500101, 7.657618775878359524E-12, 39.99999791726380494 ) ) ;
#2123 = CARTESIAN_POINT ( 'NONE',  ( 1225.860666816693538, 29.38594554085438659, -15.84627520926123978 ) ) ;
#2124 = CARTESIAN_POINT ( 'NONE',  ( 1203.119169713669862, -2.742039365899499259, 29.88249170972180835 ) ) ;
#2125 = CARTESIAN_POINT ( 'NONE',  ( 40.00000000000000000, -47.50000000000000000, 5.817072295949928215E-15 ) ) ;
#2126 = CARTESIAN_POINT ( 'NONE',  ( 1207.141104699991729, 14.94293131214680770, -26.01363201660791091 ) ) ;
#2127 = CARTESIAN_POINT ( 'NONE',  ( 1207.119304644539852, -14.90523756833033175, 26.03524728521876952 ) ) ;
#2128 = CARTESIAN_POINT ( 'NONE',  ( 1222.680245748757443, -29.81863023063271712, -3.293864405168065002 ) ) ;
#2129 = CARTESIAN_POINT ( 'NONE',  ( 1217.866382521996684, 19.12145031103231574, 32.07343825538850268 ) ) ;
#2130 = CARTESIAN_POINT ( 'NONE',  ( 1204.293378860533494, -8.480893141597356077, -28.77836177827630948 ) ) ;
#2131 = CARTESIAN_POINT ( 'NONE',  ( 1224.022569395546270, 27.57372682469425484, -20.29828855957106271 ) ) ;
#2132 = CARTESIAN_POINT ( 'NONE',  ( 1215.914377766080179, -15.01308508493980121, 35.34248024844080049 ) ) ;
#2133 = CARTESIAN_POINT ( 'NONE',  ( 1225.997977063888356, 29.70417362219227542, -4.351858839503681686 ) ) ;
#2134 = CARTESIAN_POINT ( 'NONE',  ( 1204.694068802258926, 9.679029152290206994, -28.39583089317939013 ) ) ;
#2135 = CARTESIAN_POINT ( 'NONE',  ( 1221.570817681320023, 29.16823703442981142, -7.046631235999056386 ) ) ;
#2136 = CARTESIAN_POINT ( 'NONE',  ( 1224.941856006355692, 28.50863122222269297, 18.16854428237295593 ) ) ;
#2137 = EDGE_CURVE ( 'NONE', #1132, #1109, #1701, .T. ) ;
#2138 = CARTESIAN_POINT ( 'NONE',  ( 1218.129318955363260, -26.87555479455737739, 13.33259284874248252 ) ) ;
#2139 = CARTESIAN_POINT ( 'NONE',  ( 1203.228751908890672, 3.738332480933652224, 29.77959850037223077 ) ) ;
#2140 = CARTESIAN_POINT ( 'NONE',  ( 1226.880370791607220, -30.29487131070192873, -12.88690371604731411 ) ) ;
#2141 = CARTESIAN_POINT ( 'NONE',  ( 1219.501363588747154, 21.85965722385823184, -29.21253515468418627 ) ) ;
#2142 = CARTESIAN_POINT ( 'NONE',  ( 1227.701950603429850, -30.98455121859180039, 10.01349608680970071 ) ) ;
#2143 = CARTESIAN_POINT ( 'NONE',  ( 1215.844388015729010, -25.11377029619218249, 16.45725257361190330 ) ) ;
#2144 = AXIS2_PLACEMENT_3D ( 'NONE', #915, #423, #744 ) ;
#2145 = CARTESIAN_POINT ( 'NONE',  ( 1212.999994266019485, 9.146282710011656825E-07, 30.00000598247272521 ) ) ;
#2146 = CARTESIAN_POINT ( 'NONE',  ( 1203.099172158994179, 2.364921394832267598, -29.90693742660051413 ) ) ;
#2147 = CIRCLE ( 'NONE', #1362, 47.50000000000000000 ) ;
#2148 = VECTOR ( 'NONE', #2259, 1000.000000000000000 ) ;
#2149 = CARTESIAN_POINT ( 'NONE',  ( 1226.313683926009617, 29.98294739432600764, 0.9922182629631173256 ) ) ;
#2150 = CARTESIAN_POINT ( 'NONE',  ( 1217.444565081524388, -26.36559468622215974, 14.31283057256924174 ) ) ;
#2151 = CARTESIAN_POINT ( 'NONE',  ( 1228.277248755978007, -31.44496129014743957, 7.417742829254990511 ) ) ;
#2152 = FACE_OUTER_BOUND ( 'NONE', #588, .T. ) ;
#2153 = CARTESIAN_POINT ( 'NONE',  ( 1226.092619622270149, -29.60629006060809942, 15.27358137535050098 ) ) ;
#2154 = CARTESIAN_POINT ( 'NONE',  ( 1204.350620357039588, 8.777268548251681679, 28.71874522246159955 ) ) ;
#2155 = CARTESIAN_POINT ( 'NONE',  ( 1222.988584150219140, 29.99511675997978344, 0.6017125894733793556 ) ) ;
#2156 = APPROVAL ( #1120, '未' ) ;
#2157 = CARTESIAN_POINT ( 'NONE',  ( 1219.607421050209950, -27.91148705160664889, 11.00041312898770940 ) ) ;
#2158 = PERSON_AND_ORGANIZATION ( #2120, #1842 ) ;
#2159 = CARTESIAN_POINT ( 'NONE',  ( 1213.075126037900645, 2.785235379170238001, -29.88475147666972376 ) ) ;
#2160 = CARTESIAN_POINT ( 'NONE',  ( 1219.443361780050054, 21.77091175724278926, 29.31650362087624018 ) ) ;
#2161 = CARTESIAN_POINT ( 'NONE',  ( 1216.815701470009799, 17.56732832351649520, 24.50692893125662764 ) ) ;
#2162 = CARTESIAN_POINT ( 'NONE',  ( 1210.266482730550479, -19.46891846692571093, -22.82457571579906386 ) ) ;
#2163 = CARTESIAN_POINT ( 'NONE',  ( 1225.120751262985095, -28.68360125185207821, 17.73300671146050078 ) ) ;
#2164 = CARTESIAN_POINT ( 'NONE',  ( 1216.585982268173439, -16.55374890430711332, 34.23223510913897627 ) ) ;
#2165 = CARTESIAN_POINT ( 'NONE',  ( 1220.950309540490252, -28.78647133303589101, 8.471729514678202122 ) ) ;
#2166 = CARTESIAN_POINT ( 'NONE',  ( 1224.156348503089930, 27.72021355763390105, 20.01368693157889922 ) ) ;
#2167 = CARTESIAN_POINT ( 'NONE',  ( 1220.597644994389839, 23.81260972421661393, -18.44600543282811600 ) ) ;
#2168 = ORIENTED_EDGE ( 'NONE', *, *, #2066, .T. ) ;
#2169 = DATE_AND_TIME ( #615, #779 ) ;
#2170 = CARTESIAN_POINT ( 'NONE',  ( 1219.841400348329898, 22.38456820533859926, -28.60522826444509903 ) ) ;
#2171 = CARTESIAN_POINT ( 'NONE',  ( 1215.465222726872753, 13.82561541631915603, 36.07410121030645911 ) ) ;
#2172 = CARTESIAN_POINT ( 'NONE',  ( 1215.609106231303031, -24.89639427444349451, 16.73826659810830364 ) ) ;
#2173 = CARTESIAN_POINT ( 'NONE',  ( 1228.840071439970188, 31.87956021564929898, 3.585691510211530098 ) ) ;
#2174 = CARTESIAN_POINT ( 'NONE',  ( 1207.073732167310254, -14.82608641055854193, -26.08040202895558579 ) ) ;
#2175 = CARTESIAN_POINT ( 'NONE',  ( 1203.441043631265757, 4.976438975139092058, 29.58554024128937243 ) ) ;
#2176 = CARTESIAN_POINT ( 'NONE',  ( 1227.633052497047174, -30.92831256897536107, 10.28369844059051275 ) ) ;
#2177 = CARTESIAN_POINT ( 'NONE',  ( 1214.593326357814476, -11.19155673874842094, 37.48124011194839511 ) ) ;
#2178 = CARTESIAN_POINT ( 'NONE',  ( 1228.018252197849961, -31.24067753883610266, 8.707649461461928198 ) ) ;
#2179 = ORIENTED_EDGE ( 'NONE', *, *, #841, .T. ) ;
#2180 = CARTESIAN_POINT ( 'NONE',  ( 1224.952790698139779, 28.52502316623790080, -18.16128814203459996 ) ) ;
#2181 = CARTESIAN_POINT ( 'NONE',  ( 1224.147492703030139, -27.71087936097899984, -20.03332538686200337 ) ) ;
#2182 = EDGE_LOOP ( 'NONE', ( #1801, #1966, #2168, #613 ) ) ;
#2183 = PERSON_AND_ORGANIZATION ( #2120, #1842 ) ;
#2184 = CARTESIAN_POINT ( 'NONE',  ( 1219.120374402029938, 21.27830376385929867, -29.89560841574079930 ) ) ;
#2185 = CARTESIAN_POINT ( 'NONE',  ( 1214.728648379861852, -24.13205374059953101, 17.82257133420532469 ) ) ;
#2186 =( NAMED_UNIT ( * ) PLANE_ANGLE_UNIT ( ) SI_UNIT ( $, .RADIAN. ) );
#2187 = CARTESIAN_POINT ( 'NONE',  ( 1210.514123012750360, 19.79178311573300064, 22.56018319493990276 ) ) ;
#2188 = CARTESIAN_POINT ( 'NONE',  ( 1209.539660279035616, -18.54292016487340788, -23.58420778815911589 ) ) ;
#2189 = CARTESIAN_POINT ( 'NONE',  ( 1220.363309077216854, 28.41027760203686015, -9.646650049488343370 ) ) ;
#2190 = CARTESIAN_POINT ( 'NONE',  ( 1208.713046603700150, 17.41158570538183881, 24.43417736230558646 ) ) ;
#2191 = CARTESIAN_POINT ( 'NONE',  ( 0.000000000000000000, 0.000000000000000000, 0.000000000000000000 ) ) ;
#2192 = CARTESIAN_POINT ( 'NONE',  ( 1215.990115780130054, -15.23223633421789991, -35.22018510987840045 ) ) ;
#2193 = CARTESIAN_POINT ( 'NONE',  ( 1219.841400348329898, 22.38456820533859926, -28.60522826444509903 ) ) ;
#2194 = ORIENTED_EDGE ( 'NONE', *, *, #168, .T. ) ;
#2195 = CALENDAR_DATE ( 2026, 17, 8 ) ;
#2196 = CARTESIAN_POINT ( 'NONE',  ( 1213.195491728100023, 4.017456653432949665, -39.69419397206749522 ) ) ;
#2197 = CARTESIAN_POINT ( 'NONE',  ( 1213.829014317223255, -23.30596554289566313, 18.88999786125462066 ) ) ;
#2198 = CARTESIAN_POINT ( 'NONE',  ( 1223.000057130005189, 30.00000000000002842, -0.5340795206538814233 ) ) ;
#2199 = CARTESIAN_POINT ( 'NONE',  ( 1222.797338707519430, 29.88711540990432169, 2.688943860943227016 ) ) ;
#2200 = CARTESIAN_POINT ( 'NONE',  ( 1210.138854741749583, -19.31057971524618821, -22.95883336114038897 ) ) ;
#2201 = CARTESIAN_POINT ( 'NONE',  ( 1208.450467543216519, 17.02582488513360204, 24.70063796385897703 ) ) ;
#2202 = CARTESIAN_POINT ( 'NONE',  ( 1219.490446083128063, -21.84291142512318373, -29.23212626254490232 ) ) ;
#2203 = DIRECTION ( 'NONE',  ( -1.384456086174630240E-17, 1.000000000000000000, 0.000000000000000000 ) ) ;
#2204 = CARTESIAN_POINT ( 'NONE',  ( 1210.506066242028965, -19.78189786607680389, -22.56866941409068872 ) ) ;
#2205 = CARTESIAN_POINT ( 'NONE',  ( 1221.306611120229945, 24.41344563032070170, -25.88178540618890011 ) ) ;
#2206 = VERTEX_POINT ( 'NONE', #892 ) ;
#2207 = CARTESIAN_POINT ( 'NONE',  ( 1212.997809037560501, -0.4566040278555049681, -29.99709309026298243 ) ) ;
#2208 = CARTESIAN_POINT ( 'NONE',  ( 1212.059387063010945, -21.52730734222586761, 20.89438434938616496 ) ) ;
#2209 = CARTESIAN_POINT ( 'NONE',  ( 1213.000001667500101, 7.657618775878359524E-12, 39.99999791726380494 ) ) ;
#2210 = CARTESIAN_POINT ( 'NONE',  ( 1211.993466963441961, -21.45661064961675990, -20.96697316861798654 ) ) ;
#2211 = CARTESIAN_POINT ( 'NONE',  ( 1222.144939324540474, 25.74938820135951545, 15.54671496722700930 ) ) ;
#2212 = CARTESIAN_POINT ( 'NONE',  ( 1219.097642994520129, 27.56318847796983817, -11.84360897577804472 ) ) ;
#2213 = CARTESIAN_POINT ( 'NONE',  ( 1204.854949364728100, 10.13126291196663864, 28.24216851559705788 ) ) ;
#2214 = CARTESIAN_POINT ( 'NONE',  ( 1224.942254154656894, -28.51057399163333983, -18.17323946593772632 ) ) ;
#2215 = CARTESIAN_POINT ( 'NONE',  ( 1221.373615162937995, -24.49338746780491505, 25.74858105440134537 ) ) ;
#2216 = CARTESIAN_POINT ( 'NONE',  ( 1213.509937139330077, 6.380062011101435004, -39.20038877331318616 ) ) ;
#2217 = CARTESIAN_POINT ( 'NONE',  ( 1213.128367266140231, 3.574184439895960796, -29.80791078947331130 ) ) ;
#2218 = ORIENTED_EDGE ( 'NONE', *, *, #1793, .T. ) ;
#2219 = CARTESIAN_POINT ( 'NONE',  ( 1215.733308566989990, -15.10994864666040804, -26.09689082915399894 ) ) ;
#2220 = CARTESIAN_POINT ( 'NONE',  ( 1214.557532852160648, -23.97921107710506305, 18.02907926250805559 ) ) ;
#2221 = CARTESIAN_POINT ( 'NONE',  ( 1218.935957342975371, -27.45088123426858928, -12.10182435709326754 ) ) ;
#2222 = CARTESIAN_POINT ( 'NONE',  ( 1212.999308764240141, -0.6958451090891178969, 40.00108348768190325 ) ) ;
#2223 = CARTESIAN_POINT ( 'NONE',  ( 1217.138692989170522, 26.13278549684071805, -14.73864534859139042 ) ) ;
#2224 = CARTESIAN_POINT ( 'NONE',  ( 1220.032063581309785, -22.65304861013722970, -28.25393859467849467 ) ) ;
#2225 = CARTESIAN_POINT ( 'NONE',  ( 1213.055877107919741, -2.319558518660770119, -39.91268810558070612 ) ) ;
#2226 = CARTESIAN_POINT ( 'NONE',  ( 1216.267349398702663, 15.83610767767759242, -34.76021601279388307 ) ) ;
#2227 = CARTESIAN_POINT ( 'NONE',  ( 1205.339320283350389, 11.38200488632969609, -27.77058303133038564 ) ) ;
#2228 = CARTESIAN_POINT ( 'NONE',  ( 1220.615376980668771, -28.57427265795031701, -9.148381579872864933 ) ) ;
#2229 = ADVANCED_BREP_SHAPE_REPRESENTATION ( 'Arm_Rod_Default_sldprt', ( #969, #159 ), #958 ) ;
#2230 = CARTESIAN_POINT ( 'NONE',  ( 1213.607333103579549, -7.553940466188939773, -29.12500046727987879 ) ) ;
#2231 = ORIENTED_EDGE ( 'NONE', *, *, #264, .F. ) ;
#2232 = CARTESIAN_POINT ( 'NONE',  ( 1222.714376203635538, 29.83814378208364104, -3.112427295046920062 ) ) ;
#2233 = CARTESIAN_POINT ( 'NONE',  ( 1220.551168040419725, -28.53032324155483579, -9.274734785353128785 ) ) ;
#2234 = CARTESIAN_POINT ( 'NONE',  ( 1213.071911581399718, 2.761293652295607082, 29.88937934670516938 ) ) ;
#2235 = CARTESIAN_POINT ( 'NONE',  ( 1214.582737651089019, 24.00195529782294557, -17.99878314729238227 ) ) ;
#2236 = CARTESIAN_POINT ( 'NONE',  ( 1206.970363528432472, 14.64465723559089660, 26.18270836972179438 ) ) ;
#2237 = CARTESIAN_POINT ( 'NONE',  ( 1220.951248797416383, -23.93508450818578481, -26.54964318476055496 ) ) ;
#2238 = CARTESIAN_POINT ( 'NONE',  ( 1213.286294190369972, -4.801207560077320302, -39.55179237856530250 ) ) ;
#2239 = CARTESIAN_POINT ( 'NONE',  ( 1213.037997437110107, -2.018255020000299993, 29.93860270158971559 ) ) ;
#2240 = CARTESIAN_POINT ( 'NONE',  ( 1204.053430633809967, -7.661399203579673411, 29.00639034862508936 ) ) ;
#2241 = CARTESIAN_POINT ( 'NONE',  ( 1228.982242733789917, 31.98667434927049413, 1.152403220805140016 ) ) ;
#2242 = CARTESIAN_POINT ( 'NONE',  ( 1214.875859434019958, 12.13919501960629965, -37.02826299791289699 ) ) ;
#2243 = CARTESIAN_POINT ( 'NONE',  ( 1218.675961018459020, -27.27550449565008250, -12.51874390772209189 ) ) ;
#2244 = CARTESIAN_POINT ( 'NONE',  ( 1203.804984509270298, -6.784100827116889221, -29.23627335474749955 ) ) ;
#2245 = CARTESIAN_POINT ( 'NONE',  ( 1217.149016458958158, -26.13969014569752503, -14.72190562721025664 ) ) ;
#2246 = CARTESIAN_POINT ( 'NONE',  ( 1228.332366237843871, 31.48823429062361257, 7.126563389473110632 ) ) ;
#2247 = CARTESIAN_POINT ( 'NONE',  ( 1212.082689556051264, 21.55221292954910695, -20.86869361758052221 ) ) ;
#2248 = CARTESIAN_POINT ( 'NONE',  ( 1212.889033741773801, 22.38928458356540219, 19.96943030941027430 ) ) ;
#2249 = CARTESIAN_POINT ( 'NONE',  ( 1224.208507202027704, -27.76867453675493280, -19.88259270334289042 ) ) ;
#2250 = CARTESIAN_POINT ( 'NONE',  ( 1209.788122620288959, -18.88778285689941328, 23.32236993385809853 ) ) ;
#2251 = CARTESIAN_POINT ( 'NONE',  ( 1205.531114646960305, -11.79075899595870602, 27.59067330128248230 ) ) ;
#2252 = CARTESIAN_POINT ( 'NONE',  ( 1220.170579631279907, 28.28436965084623722, 9.999986069011921330 ) ) ;
#2253 = DIRECTION ( 'NONE',  ( 0.000000000000000000, 1.000000000000000000, 0.000000000000000000 ) ) ;
#2254 = CARTESIAN_POINT ( 'NONE',  ( 1226.267408152439430, -29.94238202831478546, -1.931125464861448870 ) ) ;
#2255 = CARTESIAN_POINT ( 'NONE',  ( 1228.937876921839916, -31.95334504416290500, -2.242927983584550145 ) ) ;
#2256 = FACE_BOUND ( 'NONE', #280, .T. ) ;
#2257 = CARTESIAN_POINT ( 'NONE',  ( 1213.416444876110972, -6.327920105223093117, -29.39581076871239063 ) ) ;
#2258 = CARTESIAN_POINT ( 'NONE',  ( 1215.078389566179794, -24.44157889847562259, -17.39824468990383721 ) ) ;
#2259 = DIRECTION ( 'NONE',  ( 1.000000000000000000, 1.384456086174630086E-17, 0.000000000000000000 ) ) ;
#2260 = CARTESIAN_POINT ( 'NONE',  ( 1212.063047743394236, 21.53121850612525279, -20.89034863213564819 ) ) ;
#2261 = CARTESIAN_POINT ( 'NONE',  ( 1211.775592451471312, 21.22047527126962407, 21.20593046426554196 ) ) ;
#2262 = CARTESIAN_POINT ( 'NONE',  ( 1219.301037032771319, -27.70333602972435472, 11.51313699908199695 ) ) ;
#2263 = CARTESIAN_POINT ( 'NONE',  ( 1219.670584662965211, -22.12105364695729293, 28.91012147137540467 ) ) ;
#2264 = CC_DESIGN_PERSON_AND_ORGANIZATION_ASSIGNMENT ( #438, #946, ( #1748 ) ) ;
#2265 = CARTESIAN_POINT ( 'NONE',  ( 1208.653736532629864, -17.36908380200229018, 24.49339731308239720 ) ) ;
#2266 = CARTESIAN_POINT ( 'NONE',  ( 1214.183861487470949, 9.728289807759081143, -38.13557947508260781 ) ) ;
#2267 = CARTESIAN_POINT ( 'NONE',  ( 1228.304599875100166, -31.46767004954000058, -7.358933703727169373 ) ) ;
#2268 = CARTESIAN_POINT ( 'NONE',  ( 1228.360777248150043, -31.51158278044460204, 7.059474489108790607 ) ) ;
#2269 = CYLINDRICAL_SURFACE ( 'NONE', #2075, 30.00000000000000000 ) ;
#2270 = CARTESIAN_POINT ( 'NONE',  ( 1226.709241023339928, -30.14818471405959954, -13.43737143685399893 ) ) ;
#2271 = CARTESIAN_POINT ( 'NONE',  ( 1217.353986996591630, -26.29669119393163967, -14.43897743886965657 ) ) ;
#2272 = CARTESIAN_POINT ( 'NONE',  ( 1228.840071439970188, 31.87956021564929898, 3.585691510211530098 ) ) ;
#2273 = CARTESIAN_POINT ( 'NONE',  ( 1215.289511795466751, 24.62374935251784080, 17.13683658242890573 ) ) ;
#2274 = CARTESIAN_POINT ( 'NONE',  ( 1222.734223294899266, -29.84946920267605819, 3.002881281056370089 ) ) ;
#2275 = CARTESIAN_POINT ( 'NONE',  ( 1217.507162864309066, -18.92676861679842659, 23.46468966113041077 ) ) ;
#2276 = CARTESIAN_POINT ( 'NONE',  ( 1217.962436887138892, 19.29754711825431457, -31.90895133417627605 ) ) ;
#2277 = CARTESIAN_POINT ( 'NONE',  ( 1220.960550218881281, -28.79214865198619577, -8.437891760086305482 ) ) ;
#2278 = CARTESIAN_POINT ( 'NONE',  ( 1226.336976676089535, -30.00333882493419324, -0.1229842627564939339 ) ) ;
#2279 = DIRECTION ( 'NONE',  ( 1.000000000000000000, 1.384456086174630086E-17, 0.000000000000000000 ) ) ;
#2280 = CARTESIAN_POINT ( 'NONE',  ( 1203.068222227269416, 1.963159402749609983, -29.93600149244110398 ) ) ;
#2281 = ORIENTED_EDGE ( 'NONE', *, *, #970, .T. ) ;
#2282 = CARTESIAN_POINT ( 'NONE',  ( 1222.797338707519430, 29.88711540990432169, 2.688943860943227016 ) ) ;
#2283 = CARTESIAN_POINT ( 'NONE',  ( 1210.337402463859235, 19.55621379050493758, -22.74983087311904839 ) ) ;
#2284 = CARTESIAN_POINT ( 'NONE',  ( 1216.752602940965744, 25.83034125366634015, 15.25791582977687888 ) ) ;
#2285 = CARTESIAN_POINT ( 'NONE',  ( 1213.716339427496678, -7.536775729279817426, -38.87489382036065422 ) ) ;
#2286 = CARTESIAN_POINT ( 'NONE',  ( 1203.735091123289294, -6.569464742828731829, 29.30280788343359077 ) ) ;
#2287 = EDGE_CURVE ( 'NONE', #1567, #922, #1737, .T. ) ;
#2288 = CARTESIAN_POINT ( 'NONE',  ( 1221.988592825278829, 25.26522497614143958, -24.55005344821068647 ) ) ;
#2289 = CARTESIAN_POINT ( 'NONE',  ( 1228.985904839859813, -31.98943127611680026, -1.193282736880900030 ) ) ;
#2290 = CARTESIAN_POINT ( 'NONE',  ( 1214.524029956279264, -11.57092905354739720, 27.82840633990610257 ) ) ;
#2291 = CARTESIAN_POINT ( 'NONE',  ( 1228.000000000000000, 2.020667218593139411E-14, 40.00000000000000000 ) ) ;
#2292 = CARTESIAN_POINT ( 'NONE',  ( 1203.447815677791823, -5.014061179254757583, -29.57925856313691426 ) ) ;
#2293 = CARTESIAN_POINT ( 'NONE',  ( 1226.324879808930064, 29.99275660197593041, 0.6909174322656275180 ) ) ;
#2294 = CARTESIAN_POINT ( 'NONE',  ( 1226.313683926009617, 29.98294739432600764, 0.9922182629631173256 ) ) ;
#2295 = CARTESIAN_POINT ( 'NONE',  ( 1213.547314590806081, 23.03716083403203641, 19.21689936898351903 ) ) ;
#2296 = CARTESIAN_POINT ( 'NONE',  ( 1221.473647024289221, -29.10712827284939053, 7.282001878225783820 ) ) ;
ENDSEC;
END-ISO-10303-21;
