ISO-10303-21;
HEADER;
FILE_DESCRIPTION (( 'STEP AP203' ),
    '1' );
FILE_NAME ('Boom_Housing_Default_sldprt.STEP',
    '2026-08-17T06:13:50',
    ( '' ),
    ( '' ),
    'SwSTEP 2.0',
    'SolidWorks 2026',
    '' );
FILE_SCHEMA (( 'CONFIG_CONTROL_DESIGN' ));
ENDSEC;

DATA;
#1 = LOCAL_TIME ( 14, 13, 50.00000000000000000, #469 ) ;
#2 = CARTESIAN_POINT ( 'NONE',  ( -17.63487682125106915, 56.45227971987336701, 32.23565364797219956 ) ) ;
#3 = APPROVAL_DATE_TIME ( #871, #1151 ) ;
#4 = CARTESIAN_POINT ( 'NONE',  ( -17.31893188233335579, -57.49643433590809849, -30.31765345602964601 ) ) ;
#5 = EDGE_CURVE ( 'NONE', #1144, #516, #273, .T. ) ;
#6 = ORIENTED_EDGE ( 'NONE', *, *, #600, .T. ) ;
#7 = CARTESIAN_POINT ( 'NONE',  ( -17.63487682125365552, 32.23565364796182564, -56.45227971987931426 ) ) ;
#8 = CARTESIAN_POINT ( 'NONE',  ( -23.11452834722340555, 50.78318191295770134, 40.57203139319035756 ) ) ;
#9 = CARTESIAN_POINT ( 'NONE',  ( -21.70147977937383033, -39.63126998594601957, 51.52050676312825317 ) ) ;
#10 = CARTESIAN_POINT ( 'NONE',  ( 845.0000000000000000, 4.286263797015736496E-15, 35.00000000000000000 ) ) ;
#11 = VERTEX_POINT ( 'NONE', #555 ) ;
#12 = ADVANCED_FACE ( 'NONE', ( #986, #320 ), #990, .T. ) ;
#13 = CARTESIAN_POINT ( 'NONE',  ( -18.60540823833847313, 35.31997178184989394, -54.56651813304762300 ) ) ;
#14 = CARTESIAN_POINT ( 'NONE',  ( -19.05971256988066642, 53.88016529417501488, 36.37394054067896576 ) ) ;
#15 = CARTESIAN_POINT ( 'NONE',  ( -17.00000000000000000, 50.00000000000000000, 50.00000000000000000 ) ) ;
#16 = CARTESIAN_POINT ( 'NONE',  ( -17.16207628539324404, -58.19204427018386383, -28.96610063136962054 ) ) ;
#17 = CARTESIAN_POINT ( 'NONE',  ( -21.77777657199680306, 39.69234346125866608, 51.47347005524670749 ) ) ;
#18 = ORIENTED_EDGE ( 'NONE', *, *, #741, .T. ) ;
#19 = CARTESIAN_POINT ( 'NONE',  ( -19.50775772748305315, 37.16388883190001735, -53.33455271362124250 ) ) ;
#20 = AXIS2_PLACEMENT_3D ( 'NONE', #1216, #673, #1139 ) ;
#21 = CARTESIAN_POINT ( 'NONE',  ( -18.63954140116856806, 54.51414470272489865, 35.40069693421239805 ) ) ;
#22 = AXIS2_PLACEMENT_3D ( 'NONE', #106, #881, #456 ) ;
#23 = CARTESIAN_POINT ( 'NONE',  ( -21.19416455655899156, -39.19432833311335429, 51.85418819383203726 ) ) ;
#24 = DIRECTION ( 'NONE',  ( 0.000000000000000000, 0.000000000000000000, -1.000000000000000000 ) ) ;
#25 = VERTEX_POINT ( 'NONE', #10 ) ;
#26 = FACE_OUTER_BOUND ( 'NONE', #841, .T. ) ;
#27 = CARTESIAN_POINT ( 'NONE',  ( -27.00000000000000000, 50.00000000000000000, 41.53311931459039386 ) ) ;
#28 = DIRECTION ( 'NONE',  ( -0.000000000000000000, -0.000000000000000000, 1.000000000000000000 ) ) ;
#29 = CARTESIAN_POINT ( 'NONE',  ( -22.19232717803356181, -51.22590327435057134, -40.01248221055890752 ) ) ;
#30 = CARTESIAN_POINT ( 'NONE',  ( -17.34910732631046315, 30.53359055889603368, 57.38212583972008218 ) ) ;
#31 = ORIENTED_EDGE ( 'NONE', *, *, #191, .T. ) ;
#32 = CARTESIAN_POINT ( 'NONE',  ( -26.26268970723221585, -50.00000000000017053, 41.53311931459019490 ) ) ;
#33 = DATE_AND_TIME ( #1084, #1109 ) ;
#34 = DIRECTION ( 'NONE',  ( 0.000000000000000000, 0.000000000000000000, -1.000000000000000000 ) ) ;
#35 = CARTESIAN_POINT ( 'NONE',  ( -17.00000000000000000, -50.00000000000000000, -41.53311931459039386 ) ) ;
#36 = CARTESIAN_POINT ( 'NONE',  ( -62.00000000000000711, 0.000000000000000000, 50.00000000000000000 ) ) ;
#37 = CARTESIAN_POINT ( 'NONE',  ( -19.18742021000105069, 36.54628739612608967, 53.75338563582386087 ) ) ;
#38 = ORIENTED_EDGE ( 'NONE', *, *, #1093, .F. ) ;
#39 = EDGE_CURVE ( 'NONE', #734, #926, #1080, .T. ) ;
#40 = CARTESIAN_POINT ( 'NONE',  ( -21.89915759374263260, -51.40038652778224559, 39.78695144653760707 ) ) ;
#41 = EDGE_CURVE ( 'NONE', #1203, #1292, #1286, .T. ) ;
#42 = CARTESIAN_POINT ( 'NONE',  ( -19.32897056075550068, -53.56745174077009608, 36.82264990098597224 ) ) ;
#43 = AXIS2_PLACEMENT_3D ( 'NONE', #1021, #148, #903 ) ;
#44 = CARTESIAN_POINT ( 'NONE',  ( -26.04074165716609457, 50.03459287172030656, -41.49157992677912432 ) ) ;
#45 = CARTESIAN_POINT ( 'NONE',  ( -19.92893218813451739, -52.92893218813452449, 0.000000000000000000 ) ) ;
#46 = CARTESIAN_POINT ( 'NONE',  ( -25.09559565754051391, -41.31444892306846128, -50.18090159666240169 ) ) ;
#47 = ORIENTED_EDGE ( 'NONE', *, *, #219, .F. ) ;
#48 = ADVANCED_FACE ( 'NONE', ( #97, #429 ), #1303, .F. ) ;
#49 = DIRECTION ( 'NONE',  ( 0.000000000000000000, 0.000000000000000000, -1.000000000000000000 ) ) ;
#50 = CYLINDRICAL_SURFACE ( 'NONE', #136, 9.999999999999998224 ) ;
#51 = CARTESIAN_POINT ( 'NONE',  ( -25.33106798379546731, 50.13790398785734226, -41.36657474180304916 ) ) ;
#52 = CARTESIAN_POINT ( 'NONE',  ( -17.38058962041389321, 30.74817705216385377, 57.26764565811299690 ) ) ;
#53 = ORIENTED_EDGE ( 'NONE', *, *, #1050, .T. ) ;
#54 = B_SPLINE_CURVE_WITH_KNOTS ( 'NONE', 3,
 ( #108, #975, #777, #1200, #231, #763, #237, #538, #557, #784, #1211, #655, #1090, #123, #1096, #2, #993, #1218, #870, #1322, #553, #346, #21, #1001, #1192, #988, #1301, #14, #458, #220, #891, #242, #324, #116, #1082, #339, #664, #982, #1103, #135, #756, #883, #8, #648, #442, #1314, #252, #564, #675, #1205, #771, #877, #1307, #27 ),
 .UNSPECIFIED., .F., .F.,
 ( 4, 2, 2, 1, 1, 1, 1, 1, 2, 2, 2, 2, 1, 1, 1, 1, 1, 2, 2, 2, 2, 1, 1, 1, 1, 1, 2, 2, 2, 2, 1, 1, 1, 2, 2, 4 ),
 ( 0.000000000000000000, 0.1250000000000659472, 0.1875000000000989209, 0.2187500000001154077, 0.2343750000001236511, 0.2421875000001272871, 0.2460937500001291467, 0.2480468750001298406, 0.2490234375001301736, 0.2500000000001305067, 0.3750000000001616485, 0.4375000000001773581, 0.4687500000001851297, 0.4843750000001884048, 0.4921875000001895706, 0.4960937500001900702, 0.4980468750001900147, 0.4990234375001893485, 0.5000000000001886269, 0.6250000000001258993, 0.6875000000000951461, 0.7187500000000793809, 0.7343750000000720535, 0.7421875000000680567, 0.7460937500000657252, 0.7480468750000647260, 0.7490234375000642819, 0.7500000000000639488, 0.8125000000000467404, 0.8437500000000379696, 0.8593750000000335287, 0.8671875000000313083, 0.8710937500000299760, 0.8730468750000293099, 0.8750000000000285327, 1.000000000000000000 ),
 .UNSPECIFIED. ) ;
#55 = LINE ( 'NONE', #1119, #274 ) ;
#56 = CARTESIAN_POINT ( 'NONE',  ( -18.66213811263117606, -54.47979491303764377, 35.45352212268867476 ) ) ;
#57 = CARTESIAN_POINT ( 'NONE',  ( -17.00000000000000000, 41.53311931459039386, -50.00000000000000000 ) ) ;
#58 = CARTESIAN_POINT ( 'NONE',  ( -17.32310750727821258, 30.34816326022670196, 57.48033632160512241 ) ) ;
#59 = ORIENTED_EDGE ( 'NONE', *, *, #1093, .T. ) ;
#60 = CARTESIAN_POINT ( 'NONE',  ( -18.30120531259538552, -34.53453422000622197, 55.06741990726838765 ) ) ;
#61 = CARTESIAN_POINT ( 'NONE',  ( -17.00000000000000000, -41.53311931459039386, 50.00000000000000000 ) ) ;
#62 = LINE ( 'NONE', #470, #336 ) ;
#63 = CARTESIAN_POINT ( 'NONE',  ( -17.64625392370021473, 56.45511018840686290, -32.21959045467581717 ) ) ;
#64 = VECTOR ( 'NONE', #1382, 1000.000000000000000 ) ;
#65 = CARTESIAN_POINT ( 'NONE',  ( -21.75992901053356121, -39.67815333874893469, -51.48440718728559062 ) ) ;
#66 = VECTOR ( 'NONE', #971, 1000.000000000000000 ) ;
#67 = EDGE_LOOP ( 'NONE', ( #561, #1253 ) ) ;
#68 = CC_DESIGN_APPROVAL ( #949, ( #724 ) ) ;
#69 = CARTESIAN_POINT ( 'NONE',  ( 0.000000000000000000, 0.000000000000000000, 0.000000000000000000 ) ) ;
#70 = CARTESIAN_POINT ( 'NONE',  ( -23.31691097555088277, 50.69221717566660601, -40.68641424497075576 ) ) ;
#71 = EDGE_CURVE ( 'NONE', #73, #25, #857, .T. ) ;
#72 = DIRECTION ( 'NONE',  ( 0.000000000000000000, 0.000000000000000000, 1.000000000000000000 ) ) ;
#73 = VERTEX_POINT ( 'NONE', #651 ) ;
#74 = ORIENTED_EDGE ( 'NONE', *, *, #544, .F. ) ;
#75 = CARTESIAN_POINT ( 'NONE',  ( -87.00000000000000000, -50.00000000000000000, 50.00000000000000000 ) ) ;
#76 = CARTESIAN_POINT ( 'NONE',  ( -24.63931090832278414, -50.28195850244349430, -41.19136627022734132 ) ) ;
#77 = DIRECTION ( 'NONE',  ( 1.000000000000000000, 0.000000000000000000, -0.000000000000000000 ) ) ;
#78 = ORIENTED_EDGE ( 'NONE', *, *, #690, .T. ) ;
#79 = CARTESIAN_POINT ( 'NONE',  ( -17.31780336200516146, -30.30936367304759216, 57.50080478350417934 ) ) ;
#80 = VERTEX_POINT ( 'NONE', #1086 ) ;
#81 = EDGE_CURVE ( 'NONE', #141, #419, #1386, .T. ) ;
#82 = CARTESIAN_POINT ( 'NONE',  ( 805.0000000000000000, 0.000000000000000000, 0.000000000000000000 ) ) ;
#83 = CARTESIAN_POINT ( 'NONE',  ( -27.00000000000000000, -41.53311931459039386, -50.00000000000000000 ) ) ;
#84 = FACE_OUTER_BOUND ( 'NONE', #1057, .T. ) ;
#85 = CARTESIAN_POINT ( 'NONE',  ( -19.02521794944582112, -36.24002908644312271, -53.96084967100993168 ) ) ;
#86 = ORIENTED_EDGE ( 'NONE', *, *, #494, .F. ) ;
#87 = AXIS2_PLACEMENT_3D ( 'NONE', #92, #611, #1186 ) ;
#88 = AXIS2_PLACEMENT_3D ( 'NONE', #1220, #355, #1302 ) ;
#89 = VERTEX_POINT ( 'NONE', #287 ) ;
#90 =( GEOMETRIC_REPRESENTATION_CONTEXT ( 3 ) GLOBAL_UNCERTAINTY_ASSIGNED_CONTEXT ( ( #379 ) ) GLOBAL_UNIT_ASSIGNED_CONTEXT ( ( #943, #492, #840 ) ) REPRESENTATION_CONTEXT ( 'NONE', 'WORKASPACE' ) );
#91 = DIRECTION ( 'NONE',  ( 1.000000000000000000, -0.000000000000000000, -0.000000000000000000 ) ) ;
#92 = CARTESIAN_POINT ( 'NONE',  ( -17.00000000000000000, -50.00000000000000000, 50.00000000000000000 ) ) ;
#93 = CYLINDRICAL_SURFACE ( 'NONE', #790, 65.00000000000000000 ) ;
#94 = APPROVAL_ROLE ( '' ) ;
#95 = ADVANCED_FACE ( 'NONE', ( #365 ), #172, .F. ) ;
#96 = ADVANCED_FACE ( 'NONE', ( #1330 ), #823, .F. ) ;
#97 = FACE_OUTER_BOUND ( 'NONE', #67, .T. ) ;
#98 = VERTEX_POINT ( 'NONE', #460 ) ;
#99 = DIRECTION ( 'NONE',  ( 0.000000000000000000, -1.000000000000000000, 0.000000000000000000 ) ) ;
#100 = DIRECTION ( 'NONE',  ( 0.7071067811865480168, 0.7071067811865470176, 0.000000000000000000 ) ) ;
#101 = CARTESIAN_POINT ( 'NONE',  ( -17.00000000000001421, 0.000000000000000000, 0.000000000000000000 ) ) ;
#102 = APPROVAL_STATUS ( 'not_yet_approved' ) ;
#103 = CARTESIAN_POINT ( 'NONE',  ( 805.0000000000000000, 0.000000000000000000, 0.000000000000000000 ) ) ;
#104 = EDGE_CURVE ( 'NONE', #73, #424, #1199, .T. ) ;
#105 = ORIENTED_EDGE ( 'NONE', *, *, #330, .T. ) ;
#106 = CARTESIAN_POINT ( 'NONE',  ( -87.00000000000000000, 50.00000000000000000, 50.00000000000000000 ) ) ;
#107 = CARTESIAN_POINT ( 'NONE',  ( -27.00000000000000000, -50.00000000000000000, 41.53311931459039386 ) ) ;
#108 = CARTESIAN_POINT ( 'NONE',  ( -17.00000000000001421, 60.00000000000000000, 25.00000000000001066 ) ) ;
#109 = ORIENTED_EDGE ( 'NONE', *, *, #494, .T. ) ;
#110 = AXIS2_PLACEMENT_3D ( 'NONE', #103, #1189, #326 ) ;
#111 = ORIENTED_EDGE ( 'NONE', *, *, #637, .T. ) ;
#112 = CIRCLE ( 'NONE', #696, 65.00000000000000000 ) ;
#113 = AXIS2_PLACEMENT_3D ( 'NONE', #1114, #1345, #168 ) ;
#114 = CARTESIAN_POINT ( 'NONE',  ( -24.10781564401083088, 41.01255270777475204, -50.42787483517507496 ) ) ;
#115 = SECURITY_CLASSIFICATION ( '', '', #1069 ) ;
#116 = CARTESIAN_POINT ( 'NONE',  ( -21.46175074089613588, 51.67353495921145168, 39.43168692906976958 ) ) ;
#117 = SHAPE_DEFINITION_REPRESENTATION ( #1263, #1225 ) ;
#118 = CARTESIAN_POINT ( 'NONE',  ( -18.60540823833730428, -35.31997178184952446, 54.56651813304787879 ) ) ;
#119 = ORIENTED_EDGE ( 'NONE', *, *, #649, .T. ) ;
#120 = EDGE_CURVE ( 'NONE', #1277, #849, #1324, .T. ) ;
#121 = EDGE_LOOP ( 'NONE', ( #467, #18 ) ) ;
#122 = CARTESIAN_POINT ( 'NONE',  ( 845.0000000000000000, 0.000000000000000000, -35.00000000000000000 ) ) ;
#123 = CARTESIAN_POINT ( 'NONE',  ( -17.31780336200512949, 57.50080478350421487, 30.30936367304755663 ) ) ;
#124 = DIRECTION ( 'NONE',  ( 1.000000000000000000, 0.000000000000000000, 0.000000000000000000 ) ) ;
#125 = ORIENTED_EDGE ( 'NONE', *, *, #333, .T. ) ;
#126 = VERTEX_POINT ( 'NONE', #36 ) ;
#127 = CARTESIAN_POINT ( 'NONE',  ( -18.09789202189305257, 33.93829092117285029, -55.43835825035431242 ) ) ;
#128 = DIRECTION ( 'NONE',  ( 0.000000000000000000, 0.000000000000000000, -1.000000000000000000 ) ) ;
#129 = CARTESIAN_POINT ( 'NONE',  ( -21.72623479472353125, -39.65121287614259415, 51.50515840907035425 ) ) ;
#130 = CARTESIAN_POINT ( 'NONE',  ( -21.75033007747320113, -51.49023017281476911, -39.67060807221240992 ) ) ;
#131 = B_SPLINE_CURVE_WITH_KNOTS ( 'NONE', 3,
 ( #1123, #908, #152, #481, #1349, #661, #130, #560, #1148, #29, #605, #138, #566, #180, #1391, #300, #1280, #958, #76, #1048, #1295, #415 ),
 .UNSPECIFIED., .F., .F.,
 ( 4, 2, 1, 2, 2, 1, 1, 2, 1, 2, 2, 2, 4 ),
 ( 0.6174326451109269920, 0.7130744838331900537, 0.7369849435137557636, 0.7489401733540386186, 0.7549177882741803236, 0.7608954031943220286, 0.8087163225554572232, 0.8565372419165924178, 0.8684924717568762720, 0.8744700866770185321, 0.8804477015971605702, 0.9043581612777287226, 1.000000000000000000 ),
 .UNSPECIFIED. ) ;
#132 = CARTESIAN_POINT ( 'NONE',  ( -21.90314028777263644, 39.79028701208965657, 51.39782948861768830 ) ) ;
#133 = DIRECTION ( 'NONE',  ( 0.000000000000000000, 0.000000000000000000, 1.000000000000000000 ) ) ;
#134 = AXIS2_PLACEMENT_3D ( 'NONE', #318, #853, #1173 ) ;
#135 = CARTESIAN_POINT ( 'NONE',  ( -21.73021536515095065, 51.50269676897570292, 39.65441036715702694 ) ) ;
#136 = AXIS2_PLACEMENT_3D ( 'NONE', #1354, #375, #490 ) ;
#137 = CARTESIAN_POINT ( 'NONE',  ( -24.06776042769525858, -40.99772712190522839, 50.43993118239062312 ) ) ;
#138 = CARTESIAN_POINT ( 'NONE',  ( -23.46252153776596217, -50.64016567524783596, -40.75050588649501293 ) ) ;
#139 = CARTESIAN_POINT ( 'NONE',  ( -21.10127584616530072, 39.15061593539954288, 51.89066652460476803 ) ) ;
#140 = EDGE_CURVE ( 'NONE', #265, #602, #919, .T. ) ;
#141 = VERTEX_POINT ( 'NONE', #256 ) ;
#142 = CARTESIAN_POINT ( 'NONE',  ( -27.00000000000000000, 41.53311931459039386, -50.00000000000000000 ) ) ;
#143 = FACE_OUTER_BOUND ( 'NONE', #575, .T. ) ;
#144 = CARTESIAN_POINT ( 'NONE',  ( -27.00000000000000000, -41.53311931459039386, 50.00000000000000000 ) ) ;
#145 = DIRECTION ( 'NONE',  ( 1.000000000000000000, 0.000000000000000000, 0.000000000000000000 ) ) ;
#146 = CARTESIAN_POINT ( 'NONE',  ( -18.71639846719672207, 35.57833078967578899, 54.39838506436087329 ) ) ;
#147 = ORIENTED_EDGE ( 'NONE', *, *, #150, .F. ) ;
#148 = DIRECTION ( 'NONE',  ( -0.000000000000000000, -0.000000000000000000, 1.000000000000000000 ) ) ;
#149 = CARTESIAN_POINT ( 'NONE',  ( -18.67127540576293043, -54.46598529156469226, 35.47473068800825047 ) ) ;
#150 = EDGE_CURVE ( 'NONE', #98, #1292, #1042, .T. ) ;
#151 = CARTESIAN_POINT ( 'NONE',  ( -17.10628703875553569, 58.31917938886038399, -28.75730864379562846 ) ) ;
#152 = CARTESIAN_POINT ( 'NONE',  ( -20.73204077592024674, -52.18598156691248136, -38.75453541145467540 ) ) ;
#153 = CARTESIAN_POINT ( 'NONE',  ( -17.33382971078109236, 30.42559351556517555, 57.43940635719869903 ) ) ;
#154 = ORIENTED_EDGE ( 'NONE', *, *, #120, .T. ) ;
#155 = LINE ( 'NONE', #61, #1408 ) ;
#156 = CARTESIAN_POINT ( 'NONE',  ( -27.00000000000000000, 41.53311931459039386, 50.00000000000000000 ) ) ;
#157 = VECTOR ( 'NONE', #239, 1000.000000000000000 ) ;
#158 = AXIS2_PLACEMENT_3D ( 'NONE', #362, #585, #34 ) ;
#159 = CARTESIAN_POINT ( 'NONE',  ( -24.21938041687543830, 50.39509446235048529, -41.05282570510713214 ) ) ;
#160 = CARTESIAN_POINT ( 'NONE',  ( -18.84619613485510214, 35.86611070036870075, 54.20933268202066557 ) ) ;
#161 = ORIENTED_EDGE ( 'NONE', *, *, #185, .T. ) ;
#162 = CARTESIAN_POINT ( 'NONE',  ( -17.00000000000001421, -25.00000000000000000, -60.00000000000000000 ) ) ;
#163 = DIRECTION ( 'NONE',  ( 0.000000000000000000, 1.000000000000000000, 0.000000000000000000 ) ) ;
#164 = CARTESIAN_POINT ( 'NONE',  ( -17.00000000000001421, 25.00000000000000000, 60.00000000000000000 ) ) ;
#165 = CARTESIAN_POINT ( 'NONE',  ( -17.51076761343621513, 31.52522061116124519, 56.84391642278585266 ) ) ;
#166 = ORIENTED_EDGE ( 'NONE', *, *, #1193, .F. ) ;
#167 = CARTESIAN_POINT ( 'NONE',  ( -87.00000000000000000, 0.000000000000000000, 50.00000000000000000 ) ) ;
#168 = DIRECTION ( 'NONE',  ( 0.000000000000000000, 0.000000000000000000, -1.000000000000000000 ) ) ;
#169 = CARTESIAN_POINT ( 'NONE',  ( -24.17468652082409619, 50.40806119632288329, -41.03690296843047491 ) ) ;
#170 = ORIENTED_EDGE ( 'NONE', *, *, #81, .T. ) ;
#171 = CARTESIAN_POINT ( 'NONE',  ( -87.00000000000000000, 50.00000000000000000, 50.00000000000000000 ) ) ;
#172 = PLANE ( 'NONE',  #406 ) ;
#173 = CARTESIAN_POINT ( 'NONE',  ( -17.33382971078191659, 57.43940635719740584, -30.42559351556762337 ) ) ;
#174 = AXIS2_PLACEMENT_3D ( 'NONE', #1100, #342, #145 ) ;
#175 = CARTESIAN_POINT ( 'NONE',  ( -17.00000000000001421, -25.00000000000000000, -60.00000000000000000 ) ) ;
#176 = AXIS2_PLACEMENT_3D ( 'NONE', #1022, #272, #498 ) ;
#177 = ORIENTED_EDGE ( 'NONE', *, *, #1018, .T. ) ;
#178 = LOCAL_TIME ( 14, 13, 50.00000000000000000, #674 ) ;
#179 = DIRECTION ( 'NONE',  ( 0.000000000000000000, 1.000000000000000000, 0.000000000000000000 ) ) ;
#180 = CARTESIAN_POINT ( 'NONE',  ( -23.98693397092362645, -50.46434734882800655, -40.96769958614609664 ) ) ;
#181 = DIRECTION ( 'NONE',  ( 0.000000000000000000, 0.000000000000000000, -1.000000000000000000 ) ) ;
#182 = PERSON_AND_ORGANIZATION ( #854, #457 ) ;
#183 = EDGE_LOOP ( 'NONE', ( #393, #1164, #732 ) ) ;
#184 = EDGE_CURVE ( 'NONE', #709, #1191, #539, .T. ) ;
#185 = EDGE_CURVE ( 'NONE', #1351, #317, #677, .T. ) ;
#186 = CARTESIAN_POINT ( 'NONE',  ( -17.00000000000001421, -25.00000000000001066, 60.00000000000000000 ) ) ;
#187 = VERTEX_POINT ( 'NONE', #263 ) ;
#188 = CARTESIAN_POINT ( 'NONE',  ( -17.30670883065984356, -57.54412030897337615, 30.22707820502163756 ) ) ;
#189 = CARTESIAN_POINT ( 'NONE',  ( -17.00000000000001421, 25.00000000000001066, -60.00000000000000000 ) ) ;
#190 = DIRECTION ( 'NONE',  ( 0.000000000000000000, 0.000000000000000000, 1.000000000000000000 ) ) ;
#191 = EDGE_CURVE ( 'NONE', #211, #141, #668, .T. ) ;
#192 = CARTESIAN_POINT ( 'NONE',  ( -18.71639846719746814, -35.57833078967719587, -54.39838506435997090 ) ) ;
#193 = ORIENTED_EDGE ( 'NONE', *, *, #961, .T. ) ;
#194 = B_SPLINE_CURVE_WITH_KNOTS ( 'NONE', 3,
 ( #359, #32, #806, #266, #1256, #792, #1227, #680, #484, #1344, #285, #712, #40, #477, #368, #799, #688, #1127, #1163, #819, #1373, #523 ),
 .UNSPECIFIED., .F., .F.,
 ( 4, 2, 2, 2, 1, 1, 1, 2, 2, 2, 1, 2, 4 ),
 ( 0.000000000000000000, 0.09564521480436594114, 0.1195565185054576762, 0.1255343444307303880, 0.1315121703560030997, 0.1434678222065489117, 0.1912904296087308831, 0.2391130370109128822, 0.2450908629361853996, 0.2510686888614578338, 0.2630243407120028687, 0.2869356444130929384, 0.3825808592174538836 ),
 .UNSPECIFIED. ) ;
#195 = ORIENTED_EDGE ( 'NONE', *, *, #613, .T. ) ;
#196 = CARTESIAN_POINT ( 'NONE',  ( -17.00000000000001421, -60.00000000000000000, 25.00000000000000000 ) ) ;
#197 = DIRECTION ( 'NONE',  ( 0.000000000000000000, 0.000000000000000000, -1.000000000000000000 ) ) ;
#198 = EDGE_CURVE ( 'NONE', #1153, #1144, #1003, .T. ) ;
#199 = CARTESIAN_POINT ( 'NONE',  ( -87.00000000000000000, 0.000000000000000000, -50.00000000000000000 ) ) ;
#200 = CARTESIAN_POINT ( 'NONE',  ( -17.38058962041371558, -30.74817705216459274, -57.26764565811255636 ) ) ;
#201 = CARTESIAN_POINT ( 'NONE',  ( 845.0000000000000000, 0.000000000000000000, 0.000000000000000000 ) ) ;
#202 = CLOSED_SHELL ( 'NONE', ( #96, #762, #720, #800, #322, #839, #95, #996, #571, #1088, #340, #1401, #1142, #1347, #589, #685, #243, #389, #1228, #397, #402, #751, #1239, #12, #1098, #706, #913, #48, #446, #441 ) ) ;
#203 = CIRCLE ( 'NONE', #1221, 24.99999999999998579 ) ;
#204 = AXIS2_PLACEMENT_3D ( 'NONE', #797, #473, #678 ) ;
#205 = DIRECTION ( 'NONE',  ( 0.000000000000000000, 0.000000000000000000, 1.000000000000000000 ) ) ;
#206 = DIRECTION ( 'NONE',  ( -1.000000000000000000, 0.000000000000000000, 0.000000000000000000 ) ) ;
#207 = EDGE_CURVE ( 'NONE', #25, #581, #626, .T. ) ;
#208 = CARTESIAN_POINT ( 'NONE',  ( -17.00000000000001421, 0.000000000000000000, 0.000000000000000000 ) ) ;
#209 = DATE_TIME_ROLE ( 'creation_date' ) ;
#210 = CARTESIAN_POINT ( 'NONE',  ( -17.31688416559284960, -57.50437110083145598, -30.30259686431444521 ) ) ;
#211 = VERTEX_POINT ( 'NONE', #714 ) ;
#212 = CARTESIAN_POINT ( 'NONE',  ( -17.00000000000000000, 50.00000000000000000, -41.53311931459039386 ) ) ;
#213 = CARTESIAN_POINT ( 'NONE',  ( -17.00000000000000000, 60.00000000000000000, 25.00000000000000000 ) ) ;
#214 = APPROVAL_DATE_TIME ( #1398, #461 ) ;
#215 = DIRECTION ( 'NONE',  ( -0.000000000000000000, 0.000000000000000000, -1.000000000000000000 ) ) ;
#216 = CARTESIAN_POINT ( 'NONE',  ( -23.31691097560873160, 40.68641424499996617, 50.69221717564313678 ) ) ;
#217 = ORIENTED_EDGE ( 'NONE', *, *, #746, .T. ) ;
#218 = CARTESIAN_POINT ( 'NONE',  ( -18.40710232802200252, 34.82669139783900647, -54.88342837715212141 ) ) ;
#219 = EDGE_CURVE ( 'NONE', #1292, #411, #131, .T. ) ;
#220 = CARTESIAN_POINT ( 'NONE',  ( -20.27329998195041583, 52.58854556671374070, 38.20506722603217042 ) ) ;
#221 = APPROVAL_STATUS ( 'not_yet_approved' ) ;
#222 = CARTESIAN_POINT ( 'NONE',  ( -87.00000000000000000, -50.00000000000000000, 50.00000000000000000 ) ) ;
#223 = CARTESIAN_POINT ( 'NONE',  ( -18.67440426081849125, -54.46125673680597856, -35.48199260859064452 ) ) ;
#224 = APPLICATION_CONTEXT ( 'configuration controlled 3d designs of mechanical parts and assemblies' ) ;
#225 = AXIS2_PLACEMENT_3D ( 'NONE', #579, #391, #24 ) ;
#226 = ORIENTED_EDGE ( 'NONE', *, *, #198, .T. ) ;
#227 = VECTOR ( 'NONE', #676, 1000.000000000000000 ) ;
#228 = AXIS2_PLACEMENT_3D ( 'NONE', #396, #1272, #617 ) ;
#229 = CARTESIAN_POINT ( 'NONE',  ( -21.71632822439799071, 39.64324229428995494, -51.51129357421367416 ) ) ;
#230 = DIRECTION ( 'NONE',  ( 1.000000000000000000, 0.000000000000000000, 0.000000000000000000 ) ) ;
#231 = CARTESIAN_POINT ( 'NONE',  ( -17.13950173836663637, 58.32660019754955982, 28.69188594029235162 ) ) ;
#232 = CARTESIAN_POINT ( 'NONE',  ( -20.27329998195829575, -38.20506722604977057, 52.58854556670097935 ) ) ;
#233 = CARTESIAN_POINT ( 'NONE',  ( -17.29273446272931736, -57.59972148371426925, -30.12109407803908923 ) ) ;
#234 = CARTESIAN_POINT ( 'NONE',  ( -21.81948242286825490, 39.72525542863046155, 51.44808123768419250 ) ) ;
#235 = ORIENTED_EDGE ( 'NONE', *, *, #582, .T. ) ;
#236 = CARTESIAN_POINT ( 'NONE',  ( -23.31964911968868748, 40.67690928700571362, -50.69915325640836556 ) ) ;
#237 = CARTESIAN_POINT ( 'NONE',  ( -17.23167252978745978, 57.85803798625677530, 29.62324976942726096 ) ) ;
#238 = CARTESIAN_POINT ( 'NONE',  ( -19.50775772749259218, -37.16388883190246162, 53.33455271361948746 ) ) ;
#239 = DIRECTION ( 'NONE',  ( 0.000000000000000000, 0.000000000000000000, -1.000000000000000000 ) ) ;
#240 = VERTEX_POINT ( 'NONE', #292 ) ;
#241 = CARTESIAN_POINT ( 'NONE',  ( -21.72623479472343888, 39.65121287614241652, -51.50515840907051768 ) ) ;
#242 = CARTESIAN_POINT ( 'NONE',  ( -20.97356820604492000, 52.01678225796514710, 38.97806218379297860 ) ) ;
#243 = ADVANCED_FACE ( 'NONE', ( #634 ), #511, .F. ) ;
#244 = EDGE_CURVE ( 'NONE', #734, #11, #307, .T. ) ;
#245 = CARTESIAN_POINT ( 'NONE',  ( -23.78911076908488553, -40.88871131143377369, 50.52839415378794286 ) ) ;
#246 = DIRECTION ( 'NONE',  ( 1.000000000000000000, -0.000000000000000000, -0.000000000000000000 ) ) ;
#247 = CARTESIAN_POINT ( 'NONE',  ( -22.71062284285955712, -40.34375877317135917, -50.96471744870891030 ) ) ;
#248 = ORIENTED_EDGE ( 'NONE', *, *, #452, .F. ) ;
#249 = CARTESIAN_POINT ( 'NONE',  ( -23.78911076906189948, 40.88871131141412718, -50.52839415380383059 ) ) ;
#250 = VECTOR ( 'NONE', #532, 1000.000000000000000 ) ;
#251 = CIRCLE ( 'NONE', #1039, 24.99999999999998224 ) ;
#252 = CARTESIAN_POINT ( 'NONE',  ( -23.97454637849005366, 50.46864464195269306, 40.96238659710331831 ) ) ;
#253 = VECTOR ( 'NONE', #1335, 1000.000000000000000 ) ;
#254 = CC_DESIGN_PERSON_AND_ORGANIZATION_ASSIGNMENT ( #856, #1188, ( #115 ) ) ;
#255 = CARTESIAN_POINT ( 'NONE',  ( -24.14679556147545725, -41.02683056821740593, 50.41625947237267269 ) ) ;
#256 = CARTESIAN_POINT ( 'NONE',  ( -17.00000000000001421, 7.960204194457797252E-15, -65.00000000000000000 ) ) ;
#257 = CARTESIAN_POINT ( 'NONE',  ( -19.02521794944011901, 36.24002908643241483, 53.96084967101709395 ) ) ;
#258 = VERTEX_POINT ( 'NONE', #736 ) ;
#259 = CARTESIAN_POINT ( 'NONE',  ( 805.0000000000000000, 0.000000000000000000, -34.99999999999999289 ) ) ;
#260 = DATE_AND_TIME ( #360, #178 ) ;
#261 = CARTESIAN_POINT ( 'NONE',  ( -17.00000000000000000, -50.00000000000000000, -41.53311931459039386 ) ) ;
#262 = CARTESIAN_POINT ( 'NONE',  ( -24.56863253120612001, 50.29986007058528230, -41.16950397757829450 ) ) ;
#263 = CARTESIAN_POINT ( 'NONE',  ( -17.00000000000000000, -50.00000000000000000, -50.00000000000000000 ) ) ;
#264 = CARTESIAN_POINT ( 'NONE',  ( -18.75923876657995493, 35.67495929703150637, 54.33511633988177891 ) ) ;
#265 = VERTEX_POINT ( 'NONE', #107 ) ;
#266 = CARTESIAN_POINT ( 'NONE',  ( -24.63933337481692121, -50.28197832799767752, 41.19134207619263321 ) ) ;
#267 = CARTESIAN_POINT ( 'NONE',  ( -27.00000000000000000, -50.00000000000000000, 41.53311931459039386 ) ) ;
#268 = EDGE_CURVE ( 'NONE', #1203, #475, #1130, .T. ) ;
#269 = CARTESIAN_POINT ( 'NONE',  ( -17.31969148375688405, 57.49349880549630853, -30.32321952810045929 ) ) ;
#270 = CARTESIAN_POINT ( 'NONE',  ( -24.19033650096517363, -41.04251082845050291, -50.40349540597019029 ) ) ;
#271 = ORIENTED_EDGE ( 'NONE', *, *, #1121, .T. ) ;
#272 = DIRECTION ( 'NONE',  ( -1.000000000000000000, 0.000000000000000000, 0.000000000000000000 ) ) ;
#273 = CIRCLE ( 'NONE', #110, 54.99999999999989342 ) ;
#274 = VECTOR ( 'NONE', #1032, 1000.000000000000000 ) ;
#275 = CARTESIAN_POINT ( 'NONE',  ( -24.19033650096486809, 50.40349540597030398, -41.04251082845035370 ) ) ;
#276 = VECTOR ( 'NONE', #1165, 1000.000000000000000 ) ;
#277 = CARTESIAN_POINT ( 'NONE',  ( -21.81948242286854267, -39.72525542862963732, -51.44808123768483199 ) ) ;
#278 = ORIENTED_EDGE ( 'NONE', *, *, #219, .T. ) ;
#279 = CARTESIAN_POINT ( 'NONE',  ( 845.0000000000000000, 0.000000000000000000, -35.00000000000000000 ) ) ;
#280 = DIRECTION ( 'NONE',  ( 0.000000000000000000, 1.000000000000000000, 0.000000000000000000 ) ) ;
#281 = CARTESIAN_POINT ( 'NONE',  ( -18.45016355496028027, -54.81427353655676171, 34.93444107486963190 ) ) ;
#282 = CARTESIAN_POINT ( 'NONE',  ( 1.110223024625156540E-13, -2.069653090559026528E-13, 0.000000000000000000 ) ) ;
#283 = ORIENTED_EDGE ( 'NONE', *, *, #1045, .F. ) ;
#284 = EDGE_LOOP ( 'NONE', ( #413, #509, #933, #305 ) ) ;
#285 = CARTESIAN_POINT ( 'NONE',  ( -22.83228472316550040, -50.89132081672524066, 40.43794546749540331 ) ) ;
#286 = DIRECTION ( 'NONE',  ( 0.000000000000000000, 0.000000000000000000, -1.000000000000000000 ) ) ;
#287 = CARTESIAN_POINT ( 'NONE',  ( -17.00000000000001421, 49.99999999999998579, 41.53311931459038675 ) ) ;
#288 = CARTESIAN_POINT ( 'NONE',  ( -17.00000000000000000, 59.17080200341870011, -26.99007519179512471 ) ) ;
#289 = ORIENTED_EDGE ( 'NONE', *, *, #301, .F. ) ;
#290 = EDGE_LOOP ( 'NONE', ( #1357, #311, #385, #177 ) ) ;
#291 = CARTESIAN_POINT ( 'NONE',  ( -17.32024136838483130, -57.49137189143350923, 30.32725301363410608 ) ) ;
#292 = CARTESIAN_POINT ( 'NONE',  ( -17.00000000000001421, -41.53311931459037254, 50.00000000000000000 ) ) ;
#293 = DIRECTION ( 'NONE',  ( 0.000000000000000000, 0.000000000000000000, -1.000000000000000000 ) ) ;
#294 = PRODUCT_RELATED_PRODUCT_CATEGORY ( 'detail', '', ( #590 ) ) ;
#295 = VECTOR ( 'NONE', #388, 1000.000000000000000 ) ;
#296 = CARTESIAN_POINT ( 'NONE',  ( -17.64625392368904500, -32.21959045464890181, -56.45511018842212536 ) ) ;
#297 = ORIENTED_EDGE ( 'NONE', *, *, #1050, .F. ) ;
#298 = ORIENTED_EDGE ( 'NONE', *, *, #515, .F. ) ;
#299 = CARTESIAN_POINT ( 'NONE',  ( -17.04051729892223221, -58.96726865917361238, 27.37256077406754784 ) ) ;
#300 = CARTESIAN_POINT ( 'NONE',  ( -24.19136383546898372, -50.40311245687523467, -41.04298504725232988 ) ) ;
#301 = EDGE_CURVE ( 'NONE', #849, #912, #1067, .T. ) ;
#302 = CARTESIAN_POINT ( 'NONE',  ( -17.00000000000000000, 50.00000000000000000, 41.53311931459039386 ) ) ;
#303 = COORDINATED_UNIVERSAL_TIME_OFFSET ( 8, 0, .AHEAD. ) ;
#304 = VERTEX_POINT ( 'NONE', #729 ) ;
#305 = ORIENTED_EDGE ( 'NONE', *, *, #120, .F. ) ;
#306 = DIRECTION ( 'NONE',  ( 0.000000000000000000, 0.000000000000000000, -1.000000000000000000 ) ) ;
#307 = LINE ( 'NONE', #641, #334 ) ;
#308 = DIRECTION ( 'NONE',  ( 0.000000000000000000, 1.000000000000000000, 0.000000000000000000 ) ) ;
#309 = CARTESIAN_POINT ( 'NONE',  ( -21.77777657199694161, -39.69234346125821844, -51.47347005524705565 ) ) ;
#310 = ORIENTED_EDGE ( 'NONE', *, *, #1150, .T. ) ;
#311 = ORIENTED_EDGE ( 'NONE', *, *, #1250, .F. ) ;
#312 = CARTESIAN_POINT ( 'NONE',  ( -87.00000000000000000, 0.000000000000000000, 50.00000000000000000 ) ) ;
#313 = CARTESIAN_POINT ( 'NONE',  ( -17.27381367991904071, 29.97302852043102561, -57.67702641317498546 ) ) ;
#314 = LINE ( 'NONE', #302, #767 ) ;
#315 = CARTESIAN_POINT ( 'NONE',  ( -17.00000000000000000, -59.48809451435322160, -26.22857316555224116 ) ) ;
#316 = VECTOR ( 'NONE', #246, 1000.000000000000000 ) ;
#317 = VERTEX_POINT ( 'NONE', #1396 ) ;
#318 = CARTESIAN_POINT ( 'NONE',  ( -87.00000000000000000, 0.000000000000000000, 50.00000000000000000 ) ) ;
#319 = DIRECTION ( 'NONE',  ( -1.000000000000000000, -0.000000000000000000, 0.000000000000000000 ) ) ;
#320 = FACE_OUTER_BOUND ( 'NONE', #1215, .T. ) ;
#321 = ORIENTED_EDGE ( 'NONE', *, *, #1353, .F. ) ;
#322 = ADVANCED_FACE ( 'NONE', ( #750 ), #740, .T. ) ;
#323 = CARTESIAN_POINT ( 'NONE',  ( -21.59809977691969607, 39.54665765146847889, -51.58550955019070017 ) ) ;
#324 = CARTESIAN_POINT ( 'NONE',  ( -21.19416455655497700, 51.85418819383881583, 39.19432833310441566 ) ) ;
#325 = FACE_OUTER_BOUND ( 'NONE', #749, .T. ) ;
#326 = DIRECTION ( 'NONE',  ( 0.000000000000000000, 0.000000000000000000, -1.000000000000000000 ) ) ;
#327 = ORIENTED_EDGE ( 'NONE', *, *, #746, .F. ) ;
#328 = CARTESIAN_POINT ( 'NONE',  ( -18.65672393020284048, 35.44090066076832812, -54.48800682740791501 ) ) ;
#329 = DIRECTION ( 'NONE',  ( 0.000000000000000000, 1.000000000000000000, 0.000000000000000000 ) ) ;
#330 = EDGE_CURVE ( 'NONE', #1101, #748, #1178, .T. ) ;
#331 = PLANE ( 'NONE',  #1270 ) ;
#332 = CARTESIAN_POINT ( 'NONE',  ( -19.92750360748807381, -52.92851819198302366, -37.73022066248180550 ) ) ;
#333 = EDGE_CURVE ( 'NONE', #646, #11, #1105, .T. ) ;
#334 = VECTOR ( 'NONE', #206, 1000.000000000000000 ) ;
#335 = ORIENTED_EDGE ( 'NONE', *, *, #558, .T. ) ;
#336 = VECTOR ( 'NONE', #923, 1000.000000000000000 ) ;
#337 = AXIS2_PLACEMENT_3D ( 'NONE', #420, #713, #414 ) ;
#338 = CARTESIAN_POINT ( 'NONE',  ( -20.54405981978073115, 38.52815919176289583, -52.35189415483380060 ) ) ;
#339 = CARTESIAN_POINT ( 'NONE',  ( -21.66691328089511615, 51.54207721557914823, 39.60321949539041952 ) ) ;
#340 = ADVANCED_FACE ( 'NONE', ( #836 ), #625, .F. ) ;
#341 = CARTESIAN_POINT ( 'NONE',  ( -17.00000000000000000, 41.53311931459039386, 50.00000000000000000 ) ) ;
#342 = DIRECTION ( 'NONE',  ( 0.000000000000000000, 0.000000000000000000, 1.000000000000000000 ) ) ;
#343 = ORIENTED_EDGE ( 'NONE', *, *, #1258, .T. ) ;
#344 = CARTESIAN_POINT ( 'NONE',  ( -19.05971256987953666, 36.37394054068946048, -53.88016529416817235 ) ) ;
#345 = EDGE_CURVE ( 'NONE', #609, #709, #398, .T. ) ;
#346 = CARTESIAN_POINT ( 'NONE',  ( -18.60540823833815693, 54.56651813304671350, 35.31997178185129371 ) ) ;
#347 = CARTESIAN_POINT ( 'NONE',  ( -26.03616055370603277, -41.53311931459052886, 49.99999999999987210 ) ) ;
#348 = DIRECTION ( 'NONE',  ( -1.000000000000000000, 0.000000000000000000, 0.000000000000000000 ) ) ;
#349 = CARTESIAN_POINT ( 'NONE',  ( -26.04074165717366185, -41.49157992677908169, -50.03459287172034209 ) ) ;
#350 = B_SPLINE_CURVE_WITH_KNOTS ( 'NONE', 3,
 ( #1085, #1355, #44, #51, #937, #480, #262, #1129, #392, #159, #275, #169, #1015, #70, #578, #907, #364, #599, #586, #1023, #486, #500, #924, #376, #808, #491, #796, #1237, #1034, #1028, #824, #918, #1242, #1338, #701, #816, #1348, #371, #1370, #1230, #63, #691, #715, #683, #1122, #173, #929, #803, #1260, #269, #151, #288, #1135 ),
 .UNSPECIFIED., .F., .F.,
 ( 4, 2, 2, 1, 1, 1, 2, 2, 2, 2, 1, 1, 1, 1, 2, 2, 2, 2, 1, 1, 1, 1, 1, 2, 2, 2, 2, 1, 1, 1, 1, 1, 2, 2, 4 ),
 ( 0.000000000000000000, 0.06249999999998741285, 0.09374999999998104294, 0.1093749999999778372, 0.1171874999999764078, 0.1210937499999758388, 0.1230468749999755335, 0.1249999999999752420, 0.1874999999999585609, 0.2187499999999500400, 0.2343749999999457656, 0.2421874999999438227, 0.2460937499999427958, 0.2480468749999417688, 0.2490234374999412414, 0.2499999999999407141, 0.3749999999998407940, 0.4374999999997905564, 0.4687499999997655209, 0.4843749999997527533, 0.4921874999997465916, 0.4960937499997438715, 0.4980468749997424838, 0.4990234374997418731, 0.4999999999997412070, 0.6249999999997452038, 0.6874999999997469802, 0.7187499999997482014, 0.7343749999997492006, 0.7421874999997495337, 0.7460937499997498668, 0.7480468749997501998, 0.7490234374997504219, 0.7499999999997507549, 1.000000000000000000 ),
 .UNSPECIFIED. ) ;
#351 = VERTEX_POINT ( 'NONE', #83 ) ;
#352 = CARTESIAN_POINT ( 'NONE',  ( -17.97365748159940679, 33.52488969145534980, -55.68959583348100040 ) ) ;
#353 = EDGE_CURVE ( 'NONE', #211, #80, #785, .T. ) ;
#354 = CARTESIAN_POINT ( 'NONE',  ( 845.0000000000000000, 7.960204194457797252E-15, -65.00000000000000000 ) ) ;
#355 = DIRECTION ( 'NONE',  ( 1.000000000000000000, -0.000000000000000000, -0.000000000000000000 ) ) ;
#356 = DIRECTION ( 'NONE',  ( 1.000000000000000000, 0.000000000000000000, 0.000000000000000000 ) ) ;
#357 = CARTESIAN_POINT ( 'NONE',  ( -20.52865663000313745, 38.55237668380723193, 52.33969237874541847 ) ) ;
#358 = ORIENTED_EDGE ( 'NONE', *, *, #474, .T. ) ;
#359 = CARTESIAN_POINT ( 'NONE',  ( -27.00000000000000000, -50.00000000000000000, 41.53311931459039386 ) ) ;
#360 = CALENDAR_DATE ( 2026, 17, 8 ) ;
#361 = AXIS2_PLACEMENT_3D ( 'NONE', #1063, #427, #181 ) ;
#362 = CARTESIAN_POINT ( 'NONE',  ( 805.0000000000000000, 0.000000000000000000, 0.000000000000000000 ) ) ;
#363 = CIRCLE ( 'NONE', #1040, 65.00000000000000000 ) ;
#364 = CARTESIAN_POINT ( 'NONE',  ( -22.21738611682855336, 51.21876183247892556, -40.02056448503007857 ) ) ;
#365 = FACE_OUTER_BOUND ( 'NONE', #524, .T. ) ;
#366 = CARTESIAN_POINT ( 'NONE',  ( -27.00000000000000000, 0.000000000000000000, 60.00000000000000000 ) ) ;
#367 = ORIENTED_EDGE ( 'NONE', *, *, #550, .F. ) ;
#368 = CARTESIAN_POINT ( 'NONE',  ( -21.78941800971535159, -51.46629075580877100, 39.70166516386774447 ) ) ;
#369 = EDGE_CURVE ( 'NONE', #424, #581, #1321, .T. ) ;
#370 = CARTESIAN_POINT ( 'NONE',  ( -17.00000000000001421, 0.000000000000000000, 0.000000000000000000 ) ) ;
#371 = CARTESIAN_POINT ( 'NONE',  ( -18.35771926430830447, 54.93882326178339781, -34.74894326136439560 ) ) ;
#372 = FACE_OUTER_BOUND ( 'NONE', #1319, .T. ) ;
#373 = ORIENTED_EDGE ( 'NONE', *, *, #191, .F. ) ;
#374 = DIRECTION ( 'NONE',  ( 1.000000000000000000, -0.000000000000000000, -0.000000000000000000 ) ) ;
#375 = DIRECTION ( 'NONE',  ( 0.000000000000000000, 0.000000000000000000, -1.000000000000000000 ) ) ;
#376 = CARTESIAN_POINT ( 'NONE',  ( -21.74111275152306888, 51.49597405724691868, -39.66314008045591066 ) ) ;
#377 = CARTESIAN_POINT ( 'NONE',  ( -17.00000000000000000, 41.53311931459039386, 50.00000000000000000 ) ) ;
#378 = ORIENTED_EDGE ( 'NONE', *, *, #301, .T. ) ;
#379 = UNCERTAINTY_MEASURE_WITH_UNIT (LENGTH_MEASURE( 1.000000000000000082E-05 ), #943, 'distance_accuracy_value', 'NONE');
#380 = LINE ( 'NONE', #390, #253 ) ;
#381 = VECTOR ( 'NONE', #190, 1000.000000000000000 ) ;
#382 = FACE_OUTER_BOUND ( 'NONE', #439, .T. ) ;
#383 = VECTOR ( 'NONE', #1017, 1000.000000000000000 ) ;
#384 = CARTESIAN_POINT ( 'NONE',  ( -21.10127584617279695, -39.15061593541286555, -51.89066652459454332 ) ) ;
#385 = ORIENTED_EDGE ( 'NONE', *, *, #1196, .T. ) ;
#386 = CARTESIAN_POINT ( 'NONE',  ( -17.27381367991903360, -29.97302852041848453, 57.67702641318146561 ) ) ;
#387 = ORIENTED_EDGE ( 'NONE', *, *, #613, .F. ) ;
#388 = DIRECTION ( 'NONE',  ( -0.000000000000000000, -0.000000000000000000, 1.000000000000000000 ) ) ;
#389 = ADVANCED_FACE ( 'NONE', ( #663 ), #654, .T. ) ;
#390 = CARTESIAN_POINT ( 'NONE',  ( -40.00000000000000000, 7.960204194457797252E-15, -65.00000000000000000 ) ) ;
#391 = DIRECTION ( 'NONE',  ( -1.000000000000000000, -0.000000000000000000, 0.000000000000000000 ) ) ;
#392 = CARTESIAN_POINT ( 'NONE',  ( -24.26295901220453999, 50.38259068304166988, -41.06817328954095103 ) ) ;
#393 = ORIENTED_EDGE ( 'NONE', *, *, #1353, .T. ) ;
#394 = B_SPLINE_CURVE_WITH_KNOTS ( 'NONE', 3,
 ( #1350, #1029, #349, #692, #46, #482, #894, #804, #1238, #780, #270, #1325, #1131, #1356, #247, #667, #925, #1108, #1244, #277, #309, #65, #731, #1168, #384, #817, #1143, #1371, #738, #85, #1044, #1261, #192, #1267, #1152, #417, #938, #601, #1175, #620, #296, #614, #708, #200, #725, #1056, #1035, #1161, #629, #1064, #502, #521, #175 ),
 .UNSPECIFIED., .F., .F.,
 ( 4, 2, 2, 1, 1, 1, 2, 2, 2, 2, 1, 1, 1, 1, 2, 2, 2, 2, 1, 1, 1, 1, 1, 2, 2, 2, 2, 1, 1, 1, 1, 1, 2, 2, 4 ),
 ( 0.000000000000000000, 0.06250000000000448253, 0.09375000000000664746, 0.1093750000000074385, 0.1171875000000077438, 0.1210937500000077716, 0.1230468750000077854, 0.1250000000000077993, 0.1875000000000104916, 0.2187500000000116851, 0.2343750000000121292, 0.2421875000000121847, 0.2460937500000119904, 0.2480468750000115741, 0.2490234375000117406, 0.2500000000000119349, 0.3749999999999685807, 0.4374999999999469313, 0.4687499999999358291, 0.4843749999999299449, 0.4921874999999271139, 0.4960937499999254485, 0.4980468749999247824, 0.4990234374999245048, 0.4999999999999241718, 0.6249999999999731326, 0.6874999999999973355, 0.7187500000000099920, 0.7343750000000165423, 0.7421875000000196509, 0.7460937500000210942, 0.7480468750000215383, 0.7490234375000216493, 0.7500000000000216493, 1.000000000000000000 ),
 .UNSPECIFIED. ) ;
#395 = ORIENTED_EDGE ( 'NONE', *, *, #1097, .F. ) ;
#396 = CARTESIAN_POINT ( 'NONE',  ( -17.00000000000001421, 0.000000000000000000, 0.000000000000000000 ) ) ;
#397 = ADVANCED_FACE ( 'NONE', ( #1198, #26 ), #463, .T. ) ;
#398 = LINE ( 'NONE', #1166, #250 ) ;
#399 = CARTESIAN_POINT ( 'NONE',  ( -87.00000000000000000, 0.000000000000000000, -50.00000000000000000 ) ) ;
#400 = MECHANICAL_CONTEXT ( 'NONE', #802, 'mechanical' ) ;
#401 = ORIENTED_EDGE ( 'NONE', *, *, #1159, .F. ) ;
#402 = ADVANCED_FACE ( 'NONE', ( #782 ), #761, .F. ) ;
#403 = ORIENTED_EDGE ( 'NONE', *, *, #1305, .F. ) ;
#404 = FACE_OUTER_BOUND ( 'NONE', #1271, .T. ) ;
#405 = DIRECTION ( 'NONE',  ( 1.000000000000000000, 0.000000000000000000, 0.000000000000000000 ) ) ;
#406 = AXIS2_PLACEMENT_3D ( 'NONE', #1016, #773, #995 ) ;
#407 = CARTESIAN_POINT ( 'NONE',  ( -27.00000000000000000, 50.00000000000000000, -41.53311931459039386 ) ) ;
#408 = AXIS2_PLACEMENT_3D ( 'NONE', #946, #436, #872 ) ;
#409 = APPROVAL_STATUS ( 'not_yet_approved' ) ;
#410 = CIRCLE ( 'NONE', #584, 34.99999999999999289 ) ;
#411 = VERTEX_POINT ( 'NONE', #695 ) ;
#412 = CARTESIAN_POINT ( 'NONE',  ( -17.31554775536302415, -30.29273457064721242, 57.50956685436994320 ) ) ;
#413 = ORIENTED_EDGE ( 'NONE', *, *, #954, .F. ) ;
#414 = DIRECTION ( 'NONE',  ( 1.000000000000000000, 0.000000000000000000, 0.000000000000000000 ) ) ;
#415 = CARTESIAN_POINT ( 'NONE',  ( -27.00000000000000000, -50.00000000000000000, -41.53311931459039386 ) ) ;
#416 = CARTESIAN_POINT ( 'NONE',  ( 845.0000000000000000, 0.000000000000000000, 65.00000000000000000 ) ) ;
#417 = CARTESIAN_POINT ( 'NONE',  ( -18.68001640250601270, -35.49494722757446397, -54.45281251179512338 ) ) ;
#418 = CARTESIAN_POINT ( 'NONE',  ( -26.04074165719055856, 41.49157992677917406, 50.03459287172028525 ) ) ;
#419 = VERTEX_POINT ( 'NONE', #162 ) ;
#420 = CARTESIAN_POINT ( 'NONE',  ( -87.00000000000000000, 0.000000000000000000, -50.00000000000000000 ) ) ;
#421 = CARTESIAN_POINT ( 'NONE',  ( -17.10628703875552858, 28.26255621889893632, -58.53603957187220175 ) ) ;
#422 = CARTESIAN_POINT ( 'NONE',  ( -17.00000000000001421, 50.00000000000000000, -41.53311931459037254 ) ) ;
#423 = CARTESIAN_POINT ( 'NONE',  ( 845.0000000000000000, 0.000000000000000000, 0.000000000000000000 ) ) ;
#424 = VERTEX_POINT ( 'NONE', #259 ) ;
#425 = CARTESIAN_POINT ( 'NONE',  ( -17.00000000000000711, -59.48803728542897318, 26.22871051497052264 ) ) ;
#426 = CARTESIAN_POINT ( 'NONE',  ( -17.31720200309754887, 30.30493526533896187, -57.50313857615549296 ) ) ;
#427 = DIRECTION ( 'NONE',  ( 1.000000000000000000, -0.000000000000000000, -0.000000000000000000 ) ) ;
#428 = DATE_TIME_ROLE ( 'classification_date' ) ;
#429 = FACE_BOUND ( 'NONE', #1030, .T. ) ;
#430 = VECTOR ( 'NONE', #755, 1000.000000000000000 ) ;
#431 = ORIENTED_EDGE ( 'NONE', *, *, #1196, .F. ) ;
#432 = VECTOR ( 'NONE', #624, 1000.000000000000000 ) ;
#433 = CARTESIAN_POINT ( 'NONE',  ( -21.73021536515043906, 39.65441036715670720, -51.50269676897595872 ) ) ;
#434 = CYLINDRICAL_SURFACE ( 'NONE', #976, 54.99999999999984368 ) ;
#435 = PERSON_AND_ORGANIZATION ( #854, #457 ) ;
#436 = DIRECTION ( 'NONE',  ( -1.000000000000000000, 0.000000000000000000, 0.000000000000000000 ) ) ;
#437 = CARTESIAN_POINT ( 'NONE',  ( -18.80901455949067014, -54.25939215212417110, -35.79142405596157062 ) ) ;
#438 = CARTESIAN_POINT ( 'NONE',  ( -24.19033650096588062, 41.04251082845045318, 50.40349540597021871 ) ) ;
#439 = EDGE_LOOP ( 'NONE', ( #1071, #358 ) ) ;
#440 = CARTESIAN_POINT ( 'NONE',  ( -87.00000000000000000, 0.000000000000000000, 50.00000000000000000 ) ) ;
#441 = ADVANCED_FACE ( 'NONE', ( #489 ), #1352, .F. ) ;
#442 = CARTESIAN_POINT ( 'NONE',  ( -23.63186737053013786, 50.58357089464416845, 40.82041312948128819 ) ) ;
#443 = CARTESIAN_POINT ( 'NONE',  ( -22.11614703871450160, -39.96359313139421232, 51.26459655602302234 ) ) ;
#444 = CARTESIAN_POINT ( 'NONE',  ( -17.40877128450883760, -57.16302680744184528, -30.94498888755419586 ) ) ;
#445 = ORIENTED_EDGE ( 'NONE', *, *, #81, .F. ) ;
#446 = ADVANCED_FACE ( 'NONE', ( #812 ), #468, .F. ) ;
#447 = CARTESIAN_POINT ( 'NONE',  ( -23.63186737056264874, 40.82041312950040890, -50.58357089462872125 ) ) ;
#448 = CARTESIAN_POINT ( 'NONE',  ( 845.0000000000000000, 0.000000000000000000, 0.000000000000000000 ) ) ;
#449 = CARTESIAN_POINT ( 'NONE',  ( -23.11452834731719364, -40.57203139325802965, 50.78318191290365746 ) ) ;
#450 = CARTESIAN_POINT ( 'NONE',  ( -18.51887133891929693, -54.70189954254817621, -35.11032928643830076 ) ) ;
#451 = CARTESIAN_POINT ( 'NONE',  ( -21.75992901053347595, 39.67815333874922601, 51.48440718728535614 ) ) ;
#452 = EDGE_CURVE ( 'NONE', #693, #646, #55, .T. ) ;
#453 = AXIS2_PLACEMENT_3D ( 'NONE', #201, #549, #866 ) ;
#454 = ORIENTED_EDGE ( 'NONE', *, *, #150, .T. ) ;
#455 = AXIS2_PLACEMENT_3D ( 'NONE', #989, #1194, #650 ) ;
#456 = DIRECTION ( 'NONE',  ( 0.000000000000000000, 0.000000000000000000, -1.000000000000000000 ) ) ;
#457 = ORGANIZATION ( '未', '未', '' ) ;
#458 = CARTESIAN_POINT ( 'NONE',  ( -19.50775772748471937, 53.33455271363193617, 37.16388883188461989 ) ) ;
#459 = CARTESIAN_POINT ( 'NONE',  ( -21.66691328089568103, -39.60321949539178377, 51.54207721557810373 ) ) ;
#460 = CARTESIAN_POINT ( 'NONE',  ( -19.92751747653390737, -52.92850222116731373, 37.73024305628889863 ) ) ;
#461 = APPROVAL ( #102, '未' ) ;
#462 = ORIENTED_EDGE ( 'NONE', *, *, #698, .F. ) ;
#463 = PLANE ( 'NONE',  #909 ) ;
#464 = LINE ( 'NONE', #899, #1387 ) ;
#465 = CARTESIAN_POINT ( 'NONE',  ( -21.73021536514997010, -39.65441036715644429, 51.50269676897615767 ) ) ;
#466 = CARTESIAN_POINT ( 'NONE',  ( -17.64625392368965606, 32.21959045464649307, 56.45511018842351803 ) ) ;
#467 = ORIENTED_EDGE ( 'NONE', *, *, #550, .T. ) ;
#468 = CYLINDRICAL_SURFACE ( 'NONE', #886, 35.00000000000000000 ) ;
#469 = COORDINATED_UNIVERSAL_TIME_OFFSET ( 8, 0, .AHEAD. ) ;
#470 = CARTESIAN_POINT ( 'NONE',  ( -17.00000000000000000, -41.53311931459039386, -50.00000000000000000 ) ) ;
#471 = CARTESIAN_POINT ( 'NONE',  ( -20.54405981978947793, -38.52815919176509851, 52.35189415483220188 ) ) ;
#472 = DIRECTION ( 'NONE',  ( 1.000000000000000000, -0.000000000000000000, -0.000000000000000000 ) ) ;
#473 = DIRECTION ( 'NONE',  ( -1.000000000000000000, -0.000000000000000000, 0.000000000000000000 ) ) ;
#474 = EDGE_CURVE ( 'NONE', #1153, #1362, #1313, .T. ) ;
#475 = VERTEX_POINT ( 'NONE', #1333 ) ;
#476 = AXIS2_PLACEMENT_3D ( 'NONE', #666, #1107, #356 ) ;
#477 = CARTESIAN_POINT ( 'NONE',  ( -21.86250452770133990, -51.42219802076269985, 39.75875817551128932 ) ) ;
#478 = AXIS2_PLACEMENT_3D ( 'NONE', #101, #1055, #1275 ) ;
#479 = CARTESIAN_POINT ( 'NONE',  ( -17.75930696381002605, -56.12076734810141687, 32.82055081549394515 ) ) ;
#480 = CARTESIAN_POINT ( 'NONE',  ( -24.74401551543318334, 50.25809216942742097, -41.22045384523352141 ) ) ;
#481 = CARTESIAN_POINT ( 'NONE',  ( -21.30414843177955930, -51.77970096144287737, -39.29224778865150114 ) ) ;
#482 = CARTESIAN_POINT ( 'NONE',  ( -24.74401551543823530, -41.22045384523360667, -50.25809216942731439 ) ) ;
#483 = ORIENTED_EDGE ( 'NONE', *, *, #1305, .T. ) ;
#484 = CARTESIAN_POINT ( 'NONE',  ( -23.98691252369667026, -50.46434294630798689, 40.96770497223139529 ) ) ;
#485 = FACE_OUTER_BOUND ( 'NONE', #1406, .T. ) ;
#486 = CARTESIAN_POINT ( 'NONE',  ( -21.77777657199260375, 51.47347005524838437, -39.69234346125649893 ) ) ;
#487 = CARTESIAN_POINT ( 'NONE',  ( -19.52349805234512203, 37.14015400285946100, 53.34640868567663574 ) ) ;
#488 = ORIENTED_EDGE ( 'NONE', *, *, #544, .T. ) ;
#489 = FACE_OUTER_BOUND ( 'NONE', #669, .T. ) ;
#490 = DIRECTION ( 'NONE',  ( -1.000000000000000000, 0.000000000000000000, 0.000000000000000000 ) ) ;
#491 = CARTESIAN_POINT ( 'NONE',  ( -20.52865662998633312, 52.33969237877629865, -38.55237668376526727 ) ) ;
#492 =( NAMED_UNIT ( * ) PLANE_ANGLE_UNIT ( ) SI_UNIT ( $, .RADIAN. ) );
#493 = ORIENTED_EDGE ( 'NONE', *, *, #1249, .F. ) ;
#494 = EDGE_CURVE ( 'NONE', #748, #1385, #927, .T. ) ;
#495 = EDGE_CURVE ( 'NONE', #999, #1094, #1248, .T. ) ;
#496 = CARTESIAN_POINT ( 'NONE',  ( -18.40710232801765400, -34.82669139783710932, 54.88342837715336486 ) ) ;
#497 = DIRECTION ( 'NONE',  ( -1.000000000000000000, -0.000000000000000000, 0.000000000000000000 ) ) ;
#498 = DIRECTION ( 'NONE',  ( 0.000000000000000000, 0.000000000000000000, 1.000000000000000000 ) ) ;
#499 = AXIS2_PLACEMENT_3D ( 'NONE', #1068, #293, #1160 ) ;
#500 = CARTESIAN_POINT ( 'NONE',  ( -21.75992901053104234, 51.48440718728630827, -39.67815333874798966 ) ) ;
#501 = AXIS2_PLACEMENT_3D ( 'NONE', #370, #598, #807 ) ;
#502 = CARTESIAN_POINT ( 'NONE',  ( -17.10628703875553569, -28.75730864373304030, -58.31917938889337449 ) ) ;
#503 = ORIENTED_EDGE ( 'NONE', *, *, #1296, .T. ) ;
#504 = CC_DESIGN_PERSON_AND_ORGANIZATION_ASSIGNMENT ( #636, #1334, ( #724 ) ) ;
#505 = LINE ( 'NONE', #1395, #432 ) ;
#506 = CARTESIAN_POINT ( 'NONE',  ( -17.00000000000000000, 50.00000000000000000, -50.00000000000000000 ) ) ;
#507 = CARTESIAN_POINT ( 'NONE',  ( -111.9999999999999716, 3.061616997868380282E-15, -50.00000000000000000 ) ) ;
#508 = APPLICATION_PROTOCOL_DEFINITION ( 'international standard', 'config_control_design', 1994, #802 ) ;
#509 = ORIENTED_EDGE ( 'NONE', *, *, #741, .F. ) ;
#510 = DIRECTION ( 'NONE',  ( 1.000000000000000000, 0.000000000000000000, 0.000000000000000000 ) ) ;
#511 = PLANE ( 'NONE',  #87 ) ;
#512 = DIRECTION ( 'NONE',  ( -1.000000000000000000, 0.000000000000000000, 0.000000000000000000 ) ) ;
#513 = CARTESIAN_POINT ( 'NONE',  ( 0.000000000000000000, 0.000000000000000000, 0.000000000000000000 ) ) ;
#514 = EDGE_LOOP ( 'NONE', ( #1110, #401, #595, #1299 ) ) ;
#515 = EDGE_CURVE ( 'NONE', #1385, #126, #203, .T. ) ;
#516 = VERTEX_POINT ( 'NONE', #1368 ) ;
#517 = CARTESIAN_POINT ( 'NONE',  ( 845.0000000000000000, 0.000000000000000000, -54.99999999999984368 ) ) ;
#518 = DIRECTION ( 'NONE',  ( 0.000000000000000000, 0.000000000000000000, -1.000000000000000000 ) ) ;
#519 = CARTESIAN_POINT ( 'NONE',  ( -17.00000000000000000, 50.00000000000000000, -41.53311931459039386 ) ) ;
#520 = AXIS2_PLACEMENT_3D ( 'NONE', #1206, #1099, #1212 ) ;
#521 = CARTESIAN_POINT ( 'NONE',  ( -17.00000000000000000, -26.99007519172982583, -59.17080200344591390 ) ) ;
#522 = ORIENTED_EDGE ( 'NONE', *, *, #742, .F. ) ;
#523 = CARTESIAN_POINT ( 'NONE',  ( -19.92751747653390737, -52.92850222116731373, 37.73024305628889863 ) ) ;
#524 = EDGE_LOOP ( 'NONE', ( #947, #59, #551 ) ) ;
#525 = CARTESIAN_POINT ( 'NONE',  ( -27.00000000000000000, -41.53311931459039386, -50.00000000000000000 ) ) ;
#526 = CARTESIAN_POINT ( 'NONE',  ( -17.02657175968888836, 26.93424048397844928, -59.16508041654352468 ) ) ;
#527 = DIRECTION ( 'NONE',  ( 1.000000000000000000, 0.000000000000000000, 0.000000000000000000 ) ) ;
#528 = PERSON_AND_ORGANIZATION ( #854, #457 ) ;
#529 = CARTESIAN_POINT ( 'NONE',  ( 805.0000000000000000, 54.99999999999989342, 0.000000000000000000 ) ) ;
#530 = ORIENTED_EDGE ( 'NONE', *, *, #794, .T. ) ;
#531 = LINE ( 'NONE', #1059, #276 ) ;
#532 = DIRECTION ( 'NONE',  ( -1.000000000000000000, 0.000000000000000000, 0.000000000000000000 ) ) ;
#533 = CARTESIAN_POINT ( 'NONE',  ( -62.00000000000001421, 0.000000000000000000, 50.00000000000000000 ) ) ;
#534 = CARTESIAN_POINT ( 'NONE',  ( -18.64399086181495591, -54.50732327490968743, -35.41120885545257835 ) ) ;
#535 = CARTESIAN_POINT ( 'NONE',  ( -24.74401551544950806, 41.22045384523357114, 50.25809216942737123 ) ) ;
#536 = ORIENTED_EDGE ( 'NONE', *, *, #600, .F. ) ;
#537 = CARTESIAN_POINT ( 'NONE',  ( -17.00000000000001421, 0.000000000000000000, 0.000000000000000000 ) ) ;
#538 = CARTESIAN_POINT ( 'NONE',  ( -17.27381367991903716, 57.67702641317816870, 29.97302852042483678 ) ) ;
#539 = CIRCLE ( 'NONE', #174, 50.00000000000000000 ) ;
#540 = COORDINATED_UNIVERSAL_TIME_OFFSET ( 8, 0, .AHEAD. ) ;
#541 = CARTESIAN_POINT ( 'NONE',  ( -17.04051907134831012, -58.96735015088132315, -27.37238799779887799 ) ) ;
#542 = VECTOR ( 'NONE', #1008, 1000.000000000000000 ) ;
#543 = ORIENTED_EDGE ( 'NONE', *, *, #979, .T. ) ;
#544 = EDGE_CURVE ( 'NONE', #240, #999, #155, .T. ) ;
#545 = CC_DESIGN_PERSON_AND_ORGANIZATION_ASSIGNMENT ( #1283, #831, ( #590 ) ) ;
#546 = CARTESIAN_POINT ( 'NONE',  ( -26.03616055361723625, 41.53311931459036543, -50.00000000000001421 ) ) ;
#547 = DIRECTION ( 'NONE',  ( 1.000000000000000000, -0.000000000000000000, -0.000000000000000000 ) ) ;
#548 = CARTESIAN_POINT ( 'NONE',  ( -21.46175074089829593, -39.43168692907445916, 51.67353495920786344 ) ) ;
#549 = DIRECTION ( 'NONE',  ( 1.000000000000000000, 0.000000000000000000, -0.000000000000000000 ) ) ;
#550 = EDGE_CURVE ( 'NONE', #621, #1372, #112, .T. ) ;
#551 = ORIENTED_EDGE ( 'NONE', *, *, #1150, .F. ) ;
#552 = DIRECTION ( 'NONE',  ( -1.000000000000000000, 0.000000000000000000, 0.000000000000000000 ) ) ;
#553 = CARTESIAN_POINT ( 'NONE',  ( -18.53806949362947876, 54.67165137490766114, 35.15724842123231753 ) ) ;
#554 = CARTESIAN_POINT ( 'NONE',  ( -17.00000000000001421, -25.00000000000001066, 60.00000000000000000 ) ) ;
#555 = CARTESIAN_POINT ( 'NONE',  ( -17.00000000000001421, 0.000000000000000000, 65.00000000000000000 ) ) ;
#556 = ORIENTED_EDGE ( 'NONE', *, *, #104, .T. ) ;
#557 = CARTESIAN_POINT ( 'NONE',  ( -17.29597411231581816, 57.58677772231229142, 30.14578604218172586 ) ) ;
#558 = EDGE_CURVE ( 'NONE', #265, #98, #194, .T. ) ;
#559 = CARTESIAN_POINT ( 'NONE',  ( -23.97454637851570780, -40.96238659712160057, 50.46864464193790667 ) ) ;
#560 = CARTESIAN_POINT ( 'NONE',  ( -21.78955115051666525, -51.46620545361518140, -39.70177572955811485 ) ) ;
#561 = ORIENTED_EDGE ( 'NONE', *, *, #1018, .F. ) ;
#562 = VECTOR ( 'NONE', #642, 1000.000000000000000 ) ;
#563 = VECTOR ( 'NONE', #1254, 1000.000000000000000 ) ;
#564 = CARTESIAN_POINT ( 'NONE',  ( -24.06776042768199986, 50.43993118239821172, 40.99772712189590607 ) ) ;
#565 = CARTESIAN_POINT ( 'NONE',  ( -18.63954140116814528, -35.40069693421164487, 54.51414470272539603 ) ) ;
#566 = CARTESIAN_POINT ( 'NONE',  ( -23.86540491807701159, -50.50373325855076700, -40.91912522037240052 ) ) ;
#567 = CARTESIAN_POINT ( 'NONE',  ( 0.000000000000000000, 0.000000000000000000, -54.99999999999979394 ) ) ;
#568 = ORIENTED_EDGE ( 'NONE', *, *, #1258, .F. ) ;
#569 = DIRECTION ( 'NONE',  ( 0.000000000000000000, 0.000000000000000000, -1.000000000000000000 ) ) ;
#570 = DIRECTION ( 'NONE',  ( 0.000000000000000000, 0.000000000000000000, 1.000000000000000000 ) ) ;
#571 = ADVANCED_FACE ( 'NONE', ( #953 ), #1255, .F. ) ;
#572 = CARTESIAN_POINT ( 'NONE',  ( -18.67097025130410515, -35.47402248615559017, 54.46644653337661168 ) ) ;
#573 = DIRECTION ( 'NONE',  ( -1.000000000000000000, -0.000000000000000000, 0.000000000000000000 ) ) ;
#574 = CYLINDRICAL_SURFACE ( 'NONE', #915, 10.00000000000000178 ) ;
#575 = EDGE_LOOP ( 'NONE', ( #615, #31, #170 ) ) ;
#576 = CARTESIAN_POINT ( 'NONE',  ( -111.9999999999999716, 3.061616997868380282E-15, 50.00000000000000000 ) ) ;
#577 = CARTESIAN_POINT ( 'NONE',  ( -18.60174451428674658, -54.57208069902712566, 35.31141597977959634 ) ) ;
#578 = CARTESIAN_POINT ( 'NONE',  ( -22.71062284279961929, 50.96471744872825127, -40.34375877314695202 ) ) ;
#579 = CARTESIAN_POINT ( 'NONE',  ( -17.00000000000001421, 0.000000000000000000, 0.000000000000000000 ) ) ;
#580 = DIRECTION ( 'NONE',  ( 0.000000000000000000, -1.000000000000000000, 0.000000000000000000 ) ) ;
#581 = VERTEX_POINT ( 'NONE', #279 ) ;
#582 = EDGE_CURVE ( 'NONE', #646, #999, #1281, .T. ) ;
#583 = AXIS2_PLACEMENT_3D ( 'NONE', #723, #319, #1174 ) ;
#584 = AXIS2_PLACEMENT_3D ( 'NONE', #82, #1402, #1293 ) ;
#585 = DIRECTION ( 'NONE',  ( 1.000000000000000000, -0.000000000000000000, -0.000000000000000000 ) ) ;
#586 = CARTESIAN_POINT ( 'NONE',  ( -21.90314028775677357, 51.39782948862396950, -39.79028701208152796 ) ) ;
#587 = CARTESIAN_POINT ( 'NONE',  ( -18.35771926430064838, 34.74894326134384670, 54.93882326179677023 ) ) ;
#588 = ORIENTED_EDGE ( 'NONE', *, *, #495, .T. ) ;
#589 = ADVANCED_FACE ( 'NONE', ( #1091 ), #331, .F. ) ;
#590 = PRODUCT ( 'Boom_Housing_Default_sldprt', 'Boom_Housing_Default_sldprt', '', ( #400 ) ) ;
#591 = CARTESIAN_POINT ( 'NONE',  ( -19.92751747653390737, -52.92850222116731373, 37.73024305628889863 ) ) ;
#592 = LINE ( 'NONE', #57, #1245 ) ;
#593 = EDGE_CURVE ( 'NONE', #1051, #711, #745, .T. ) ;
#594 = CARTESIAN_POINT ( 'NONE',  ( -17.32630678589698547, 30.37141878710914256, 57.46805598291224726 ) ) ;
#595 = ORIENTED_EDGE ( 'NONE', *, *, #353, .F. ) ;
#596 = CARTESIAN_POINT ( 'NONE',  ( -17.31307124919571194, -30.27442405719807894, 57.51921054147332768 ) ) ;
#597 = DIRECTION ( 'NONE',  ( -0.000000000000000000, -0.000000000000000000, 1.000000000000000000 ) ) ;
#598 = DIRECTION ( 'NONE',  ( 1.000000000000000000, 0.000000000000000000, -0.000000000000000000 ) ) ;
#599 = CARTESIAN_POINT ( 'NONE',  ( -22.07144067019774170, 51.29943946363298579, -39.91718808054925915 ) ) ;
#600 = EDGE_CURVE ( 'NONE', #1094, #754, #1316, .T. ) ;
#601 = CARTESIAN_POINT ( 'NONE',  ( -18.35771926430019363, -34.74894326134548805, -54.93882326179571152 ) ) ;
#602 = VERTEX_POINT ( 'NONE', #665 ) ;
#603 = CARTESIAN_POINT ( 'NONE',  ( -17.29597411231582882, -30.14578604217839342, 57.58677772231403225 ) ) ;
#604 = CARTESIAN_POINT ( 'NONE',  ( -27.00000000000000000, 0.000000000000000000, -60.00000000000000000 ) ) ;
#605 = CARTESIAN_POINT ( 'NONE',  ( -22.83207428933850380, -50.89141781251007757, -40.43782308054885277 ) ) ;
#606 = AXIS2_PLACEMENT_3D ( 'NONE', #1234, #1026, #569 ) ;
#607 = CARTESIAN_POINT ( 'NONE',  ( -87.00000000000000000, 50.00000000000000000, 50.00000000000000000 ) ) ;
#608 = ORIENTED_EDGE ( 'NONE', *, *, #593, .T. ) ;
#609 = VERTEX_POINT ( 'NONE', #15 ) ;
#610 = CARTESIAN_POINT ( 'NONE',  ( -17.29272165764324498, -57.59975720617897110, 30.12102572077395735 ) ) ;
#611 = DIRECTION ( 'NONE',  ( -1.000000000000000000, 0.000000000000000000, 0.000000000000000000 ) ) ;
#612 = CARTESIAN_POINT ( 'NONE',  ( -40.00000000000000000, 0.000000000000000000, 0.000000000000000000 ) ) ;
#613 = EDGE_CURVE ( 'NONE', #126, #1385, #652, .T. ) ;
#614 = CARTESIAN_POINT ( 'NONE',  ( -17.51076761343578170, -31.52522061116298957, -56.84391642278488632 ) ) ;
#615 = ORIENTED_EDGE ( 'NONE', *, *, #1201, .T. ) ;
#616 = ORIENTED_EDGE ( 'NONE', *, *, #954, .T. ) ;
#617 = DIRECTION ( 'NONE',  ( -0.000000000000000000, 0.000000000000000000, -1.000000000000000000 ) ) ;
#618 = CARTESIAN_POINT ( 'NONE',  ( -87.00000000000000000, 0.000000000000000000, -50.00000000000000000 ) ) ;
#619 = CYLINDRICAL_SURFACE ( 'NONE', #499, 10.00000000000000178 ) ;
#620 = CARTESIAN_POINT ( 'NONE',  ( -17.74787947049777515, -32.66570435690729823, -56.19787426395983942 ) ) ;
#621 = VERTEX_POINT ( 'NONE', #900 ) ;
#622 = CARTESIAN_POINT ( 'NONE',  ( -17.63487682124504730, -32.23565364795776134, 56.45227971988160931 ) ) ;
#623 = EDGE_LOOP ( 'NONE', ( #387, #298 ) ) ;
#624 = DIRECTION ( 'NONE',  ( 0.000000000000000000, 0.000000000000000000, -1.000000000000000000 ) ) ;
#625 = CYLINDRICAL_SURFACE ( 'NONE', #1219, 10.00000000000000178 ) ;
#626 = CIRCLE ( 'NONE', #694, 35.00000000000000000 ) ;
#627 = DIRECTION ( 'NONE',  ( 1.000000000000000000, 0.000000000000000000, 0.000000000000000000 ) ) ;
#628 = AXIS2_PLACEMENT_3D ( 'NONE', #656, #28, #124 ) ;
#629 = CARTESIAN_POINT ( 'NONE',  ( -17.32098017309809634, -30.33265117567139413, -57.48852363358492568 ) ) ;
#630 = AXIS2_PLACEMENT_3D ( 'NONE', #312, #843, #230 ) ;
#631 = CARTESIAN_POINT ( 'NONE',  ( -17.75925909764413291, -56.12087357835378754, -32.82036381024099825 ) ) ;
#632 = DESIGN_CONTEXT ( 'detailed design', #224, 'design' ) ;
#633 = CARTESIAN_POINT ( 'NONE',  ( -137.0000000000000000, 0.000000000000000000, 50.00000000000000000 ) ) ;
#634 = FACE_OUTER_BOUND ( 'NONE', #183, .T. ) ;
#635 = CYLINDRICAL_SURFACE ( 'NONE', #1180, 54.99999999999984368 ) ;
#636 = PERSON_AND_ORGANIZATION ( #854, #457 ) ;
#637 = EDGE_CURVE ( 'NONE', #711, #187, #772, .T. ) ;
#638 = CARTESIAN_POINT ( 'NONE',  ( -17.34256257179928085, -57.40538381994940664, -30.49019397917160745 ) ) ;
#639 = CARTESIAN_POINT ( 'NONE',  ( -24.36473145155501996, 41.10311184086389602, 50.35409944028616991 ) ) ;
#640 = ORIENTED_EDGE ( 'NONE', *, *, #649, .F. ) ;
#641 = CARTESIAN_POINT ( 'NONE',  ( -40.00000000000000000, 0.000000000000000000, 65.00000000000000000 ) ) ;
#642 = DIRECTION ( 'NONE',  ( 0.000000000000000000, 0.000000000000000000, -1.000000000000000000 ) ) ;
#643 = ORIENTED_EDGE ( 'NONE', *, *, #1296, .F. ) ;
#644 = CC_DESIGN_DATE_AND_TIME_ASSIGNMENT ( #260, #428, ( #115 ) ) ;
#645 = CARTESIAN_POINT ( 'NONE',  ( -22.51152764476598378, 40.22018563159883087, 51.06236627077066004 ) ) ;
#646 = VERTEX_POINT ( 'NONE', #554 ) ;
#647 = CARTESIAN_POINT ( 'NONE',  ( -18.67097025130410870, 35.47402248615545517, -54.46644653337671826 ) ) ;
#648 = CARTESIAN_POINT ( 'NONE',  ( -23.31964911964400500, 50.69915325642954684, 40.67690928697933117 ) ) ;
#649 = EDGE_CURVE ( 'NONE', #581, #25, #1019, .T. ) ;
#650 = DIRECTION ( 'NONE',  ( -1.000000000000000000, 0.000000000000000000, 0.000000000000000000 ) ) ;
#651 = CARTESIAN_POINT ( 'NONE',  ( 805.0000000000000000, 4.286263797015735707E-15, 34.99999999999999289 ) ) ;
#652 = CIRCLE ( 'NONE', #628, 24.99999999999998579 ) ;
#653 = ORIENTED_EDGE ( 'NONE', *, *, #859, .F. ) ;
#654 = CYLINDRICAL_SURFACE ( 'NONE', #1336, 65.00000000000000000 ) ;
#655 = CARTESIAN_POINT ( 'NONE',  ( -17.31554775536300994, 57.50956685436967319, 30.29273457064770980 ) ) ;
#656 = CARTESIAN_POINT ( 'NONE',  ( -87.00000000000000000, 0.000000000000000000, 50.00000000000000000 ) ) ;
#657 = CARTESIAN_POINT ( 'NONE',  ( -17.31382000974564761, -57.51627819208460579, -30.27999753674413697 ) ) ;
#658 = ORIENTED_EDGE ( 'NONE', *, *, #1073, .F. ) ;
#659 = CARTESIAN_POINT ( 'NONE',  ( -87.00000000000000000, -50.00000000000000000, 50.00000000000000000 ) ) ;
#660 = DIRECTION ( 'NONE',  ( 9.912705577010319386E-17, 1.000000000000000000, 0.000000000000000000 ) ) ;
#661 = CARTESIAN_POINT ( 'NONE',  ( -21.65938365795456733, -51.54657180442960396, -39.59740809049134924 ) ) ;
#662 = ORIENTED_EDGE ( 'NONE', *, *, #582, .F. ) ;
#663 = FACE_OUTER_BOUND ( 'NONE', #1246, .T. ) ;
#664 = CARTESIAN_POINT ( 'NONE',  ( -21.70147977937353190, 51.52050676312881450, 39.63126998594525219 ) ) ;
#665 = CARTESIAN_POINT ( 'NONE',  ( -17.00000000000001421, -50.00000000000000000, 41.53311931459037254 ) ) ;
#666 = CARTESIAN_POINT ( 'NONE',  ( -87.00000000000000000, 0.000000000000000000, 50.00000000000000000 ) ) ;
#667 = CARTESIAN_POINT ( 'NONE',  ( -22.51152764476789159, -40.22018563159429050, -51.06236627077423407 ) ) ;
#668 = CIRCLE ( 'NONE', #1037, 65.00000000000000000 ) ;
#669 = EDGE_LOOP ( 'NONE', ( #86, #1226, #805, #195 ) ) ;
#670 = AXIS2_PLACEMENT_3D ( 'NONE', #838, #752, #527 ) ;
#671 = CARTESIAN_POINT ( 'NONE',  ( -27.00000000000000000, 41.53311931459039386, 50.00000000000000000 ) ) ;
#672 = APPROVAL_PERSON_ORGANIZATION ( #1217, #949, #1075 ) ;
#673 = DIRECTION ( 'NONE',  ( 1.000000000000000000, 0.000000000000000000, -0.000000000000000000 ) ) ;
#674 = COORDINATED_UNIVERSAL_TIME_OFFSET ( 8, 0, .AHEAD. ) ;
#675 = CARTESIAN_POINT ( 'NONE',  ( -24.10781564400685184, 50.42787483517689395, 41.01255270777250672 ) ) ;
#676 = DIRECTION ( 'NONE',  ( 1.000000000000000000, 0.000000000000000000, 0.000000000000000000 ) ) ;
#677 = LINE ( 'NONE', #506, #743 ) ;
#678 = DIRECTION ( 'NONE',  ( 0.000000000000000000, 0.000000000000000000, -1.000000000000000000 ) ) ;
#679 = EDGE_LOOP ( 'NONE', ( #1006, #109, #1332, #1145 ) ) ;
#680 = CARTESIAN_POINT ( 'NONE',  ( -24.10938972532718338, -50.42731135698623035, 41.01324951494927262 ) ) ;
#681 = CALENDAR_DATE ( 2026, 17, 8 ) ;
#682 = LINE ( 'NONE', #261, #542 ) ;
#683 = CARTESIAN_POINT ( 'NONE',  ( -17.38058962041704092, 57.26764565810818652, -30.74817705217282082 ) ) ;
#684 = DIRECTION ( 'NONE',  ( 0.000000000000000000, 0.000000000000000000, -1.000000000000000000 ) ) ;
#685 = ADVANCED_FACE ( 'NONE', ( #325 ), #757, .T. ) ;
#686 = CARTESIAN_POINT ( 'NONE',  ( -18.08666013084419788, 33.95493625620758849, 55.43518337229281912 ) ) ;
#687 = ORIENTED_EDGE ( 'NONE', *, *, #826, .T. ) ;
#688 = CARTESIAN_POINT ( 'NONE',  ( -21.65926164430797130, -51.54664224333073719, 39.59731637042819585 ) ) ;
#689 = DIRECTION ( 'NONE',  ( 0.000000000000000000, 0.000000000000000000, -1.000000000000000000 ) ) ;
#690 = EDGE_CURVE ( 'NONE', #849, #1372, #350, .T. ) ;
#691 = CARTESIAN_POINT ( 'NONE',  ( -17.51076761344390320, 56.84391642277395107, -31.52522061118270713 ) ) ;
#692 = CARTESIAN_POINT ( 'NONE',  ( -25.33106798380303459, -41.36657474180299943, -50.13790398785733515 ) ) ;
#693 = VERTEX_POINT ( 'NONE', #164 ) ;
#694 = AXIS2_PLACEMENT_3D ( 'NONE', #941, #472, #1207 ) ;
#695 = CARTESIAN_POINT ( 'NONE',  ( -27.00000000000000000, -50.00000000000000000, -41.53311931459039386 ) ) ;
#696 = AXIS2_PLACEMENT_3D ( 'NONE', #916, #497, #821 ) ;
#697 = APPROVAL_PERSON_ORGANIZATION ( #528, #461, #94 ) ;
#698 = EDGE_CURVE ( 'NONE', #1240, #80, #592, .T. ) ;
#699 = CARTESIAN_POINT ( 'NONE',  ( -62.00000000000001421, 0.000000000000000000, -50.00000000000000000 ) ) ;
#700 = DIRECTION ( 'NONE',  ( 1.000000000000000000, 0.000000000000000000, 0.000000000000000000 ) ) ;
#701 = CARTESIAN_POINT ( 'NONE',  ( -18.68606044708954528, 54.44372989263479212, -35.50887698183134233 ) ) ;
#702 = CARTESIAN_POINT ( 'NONE',  ( -18.67645457400399422, 35.48671777740032240, 54.45817576800462945 ) ) ;
#703 = EDGE_LOOP ( 'NONE', ( #147, #1125, #297, #47 ) ) ;
#704 = CARTESIAN_POINT ( 'NONE',  ( -17.13950173836664348, -28.69188594027086125, 58.32660019756017533 ) ) ;
#705 = CARTESIAN_POINT ( 'NONE',  ( -17.40877912158809337, -57.16303618073589377, 30.94497266931993806 ) ) ;
#706 = ADVANCED_FACE ( 'NONE', ( #382 ), #1252, .F. ) ;
#707 = DIRECTION ( 'NONE',  ( -1.000000000000000000, 0.000000000000000000, 0.000000000000000000 ) ) ;
#708 = CARTESIAN_POINT ( 'NONE',  ( -17.44726246079909160, -31.17173624798010323, -57.03905571137934771 ) ) ;
#709 = VERTEX_POINT ( 'NONE', #607 ) ;
#710 = CARTESIAN_POINT ( 'NONE',  ( -25.09559565755600374, 41.31444892306846128, 50.18090159666240879 ) ) ;
#711 = VERTEX_POINT ( 'NONE', #1043 ) ;
#712 = CARTESIAN_POINT ( 'NONE',  ( -22.23002345154904091, -51.20621209361508619, 40.03752292981366878 ) ) ;
#713 = DIRECTION ( 'NONE',  ( 0.000000000000000000, 0.000000000000000000, 1.000000000000000000 ) ) ;
#714 = CARTESIAN_POINT ( 'NONE',  ( -17.00000000000001421, 25.00000000000001066, -60.00000000000000000 ) ) ;
#715 = CARTESIAN_POINT ( 'NONE',  ( -17.44726246080531595, 57.03905571137109121, -31.17173624799524845 ) ) ;
#716 = ORIENTED_EDGE ( 'NONE', *, *, #1193, .T. ) ;
#717 = ORIENTED_EDGE ( 'NONE', *, *, #846, .T. ) ;
#718 = VECTOR ( 'NONE', #779, 1000.000000000000000 ) ;
#719 = FACE_OUTER_BOUND ( 'NONE', #514, .T. ) ;
#720 = ADVANCED_FACE ( 'NONE', ( #1167 ), #635, .F. ) ;
#721 = CARTESIAN_POINT ( 'NONE',  ( -17.31307124919571905, 30.27442405719956753, -57.51921054147256740 ) ) ;
#722 = CIRCLE ( 'NONE', #1361, 50.00000000000000000 ) ;
#723 = CARTESIAN_POINT ( 'NONE',  ( 845.0000000000000000, 0.000000000000000000, 0.000000000000000000 ) ) ;
#724 = PRODUCT_DEFINITION_FORMATION_WITH_SPECIFIED_SOURCE ( '�', '', #590, .NOT_KNOWN. ) ;
#725 = CARTESIAN_POINT ( 'NONE',  ( -17.34910732631037078, -30.53359055889636764, -57.38212583971991876 ) ) ;
#726 = ORIENTED_EDGE ( 'NONE', *, *, #495, .F. ) ;
#727 = ORIENTED_EDGE ( 'NONE', *, *, #998, .F. ) ;
#728 = CYLINDRICAL_SURFACE ( 'NONE', #865, 10.00000000000000178 ) ;
#729 = CARTESIAN_POINT ( 'NONE',  ( -17.00000000000000000, -50.00000000000000000, 50.00000000000000000 ) ) ;
#730 = LINE ( 'NONE', #533, #66 ) ;
#731 = CARTESIAN_POINT ( 'NONE',  ( -21.74803649725228993, -39.66867435855998991, -51.49171108473695568 ) ) ;
#732 = ORIENTED_EDGE ( 'NONE', *, *, #897, .F. ) ;
#733 = CARTESIAN_POINT ( 'NONE',  ( -17.30732679284696829, -30.23163320447730840, 57.54172131002943757 ) ) ;
#734 = VERTEX_POINT ( 'NONE', #416 ) ;
#735 = CARTESIAN_POINT ( 'NONE',  ( -17.31687030412613026, -57.50442366315996878, 30.30249711764789922 ) ) ;
#736 = CARTESIAN_POINT ( 'NONE',  ( -137.0000000000000000, 0.000000000000000000, -50.00000000000000000 ) ) ;
#737 = DIRECTION ( 'NONE',  ( -0.000000000000000000, 0.000000000000000000, -1.000000000000000000 ) ) ;
#738 = CARTESIAN_POINT ( 'NONE',  ( -19.18742021000852560, -36.54628739613999500, -53.75338563581443196 ) ) ;
#739 = CARTESIAN_POINT ( 'NONE',  ( -18.68194701577263572, -54.44989425342783562, -35.49942867690830894 ) ) ;
#740 = CYLINDRICAL_SURFACE ( 'NONE', #134, 50.00000000000001421 ) ;
#741 = EDGE_CURVE ( 'NONE', #1372, #621, #1182, .T. ) ;
#742 = EDGE_CURVE ( 'NONE', #912, #1351, #847, .T. ) ;
#743 = VECTOR ( 'NONE', #348, 1000.000000000000000 ) ;
#744 = CYLINDRICAL_SURFACE ( 'NONE', #361, 35.00000000000000000 ) ;
#745 = CIRCLE ( 'NONE', #520, 65.00000000000000000 ) ;
#746 = EDGE_CURVE ( 'NONE', #317, #258, #722, .T. ) ;
#747 = AXIS2_PLACEMENT_3D ( 'NONE', #513, #72, #1384 ) ;
#748 = VERTEX_POINT ( 'NONE', #507 ) ;
#749 = EDGE_LOOP ( 'NONE', ( #874, #987, #775, #217 ) ) ;
#750 = FACE_OUTER_BOUND ( 'NONE', #889, .T. ) ;
#751 = ADVANCED_FACE ( 'NONE', ( #1377 ), #830, .F. ) ;
#752 = DIRECTION ( 'NONE',  ( 0.000000000000000000, 0.000000000000000000, 1.000000000000000000 ) ) ;
#753 = CARTESIAN_POINT ( 'NONE',  ( 845.0000000000000000, 4.286263797015736496E-15, 35.00000000000000000 ) ) ;
#754 = VERTEX_POINT ( 'NONE', #1289 ) ;
#755 = DIRECTION ( 'NONE',  ( 1.000000000000000000, -0.000000000000000000, -0.000000000000000000 ) ) ;
#756 = CARTESIAN_POINT ( 'NONE',  ( -22.11614703865198095, 51.26459655605833632, 39.96359313134838231 ) ) ;
#757 = CYLINDRICAL_SURFACE ( 'NONE', #455, 50.00000000000001421 ) ;
#758 = DIRECTION ( 'NONE',  ( 1.000000000000000000, -0.000000000000000000, -0.000000000000000000 ) ) ;
#759 = CARTESIAN_POINT ( 'NONE',  ( -24.56863253121861490, 41.16950397757835844, 50.29986007058523256 ) ) ;
#760 = ORIENTED_EDGE ( 'NONE', *, *, #369, .T. ) ;
#761 = PLANE ( 'NONE',  #20 ) ;
#762 = ADVANCED_FACE ( 'NONE', ( #84 ), #744, .F. ) ;
#763 = CARTESIAN_POINT ( 'NONE',  ( -17.19928819766662897, 58.01397117675949033, 29.31609286136204773 ) ) ;
#764 = AXIS2_PLACEMENT_3D ( 'NONE', #787, #1339, #893 ) ;
#765 = DIRECTION ( 'NONE',  ( 1.000000000000000000, -9.912705577010319386E-17, 0.000000000000000000 ) ) ;
#766 = ORIENTED_EDGE ( 'NONE', *, *, #268, .T. ) ;
#767 = VECTOR ( 'NONE', #960, 1000.000000000000000 ) ;
#768 = CC_DESIGN_APPROVAL ( #461, ( #115 ) ) ;
#769 = EDGE_LOOP ( 'NONE', ( #640, #1012 ) ) ;
#770 = CARTESIAN_POINT ( 'NONE',  ( -20.97356820604381511, 38.97806218380296883, -52.01678225795762245 ) ) ;
#771 = CARTESIAN_POINT ( 'NONE',  ( -24.14679556147753914, 50.41625947237250926, 41.02683056821760488 ) ) ;
#772 = LINE ( 'NONE', #35, #813 ) ;
#773 = DIRECTION ( 'NONE',  ( -1.000000000000000000, 0.000000000000000000, 0.000000000000000000 ) ) ;
#774 = CARTESIAN_POINT ( 'NONE',  ( -24.17468652082288116, 41.03690296842996332, 50.40806119632329541 ) ) ;
#775 = ORIENTED_EDGE ( 'NONE', *, *, #1249, .T. ) ;
#776 = CARTESIAN_POINT ( 'NONE',  ( -21.19416455655413145, 39.19432833311202558, -51.85418819383306044 ) ) ;
#777 = CARTESIAN_POINT ( 'NONE',  ( -17.02657175968888481, 59.16508041655433914, 26.93424048395469939 ) ) ;
#778 = CARTESIAN_POINT ( 'NONE',  ( -18.66904409640630291, -35.46955337251882412, 54.46935680063496221 ) ) ;
#779 = DIRECTION ( 'NONE',  ( 0.000000000000000000, 0.000000000000000000, -1.000000000000000000 ) ) ;
#780 = CARTESIAN_POINT ( 'NONE',  ( -24.21938041687606358, -41.05282570510726714, -50.39509446235037871 ) ) ;
#781 = ORIENTED_EDGE ( 'NONE', *, *, #39, .T. ) ;
#782 = FACE_OUTER_BOUND ( 'NONE', #121, .T. ) ;
#783 = CALENDAR_DATE ( 2026, 17, 8 ) ;
#784 = CARTESIAN_POINT ( 'NONE',  ( -17.30732679284696829, 57.54172131002851387, 30.23163320447905278 ) ) ;
#785 = B_SPLINE_CURVE_WITH_KNOTS ( 'NONE', 3,
 ( #189, #1060, #526, #421, #829, #1288, #970, #313, #1181, #1265, #721, #1403, #426, #861, #1158, #7, #352, #127, #1306, #218, #981, #13, #1312, #328, #1210, #1000, #647, #344, #19, #882, #338, #770, #776, #974, #323, #1409, #1204, #229, #241, #433, #869, #1300, #1327, #236, #447, #249, #1095, #1112, #114, #992, #890, #1079, #546, #142 ),
 .UNSPECIFIED., .F., .F.,
 ( 4, 2, 2, 1, 1, 1, 1, 1, 2, 2, 2, 2, 1, 1, 1, 1, 1, 2, 2, 2, 2, 1, 1, 1, 1, 1, 2, 2, 2, 2, 1, 1, 1, 2, 2, 4 ),
 ( 0.000000000000000000, 0.1249999999999910349, 0.1874999999999863443, 0.2187499999999842071, 0.2343749999999826805, 0.2421874999999819034, 0.2460937499999813205, 0.2480468749999812372, 0.2490234374999809874, 0.2499999999999807099, 0.3749999999999581446, 0.4374999999999464873, 0.4687499999999399924, 0.4843749999999365508, 0.4921874999999344413, 0.4960937499999333866, 0.4980468749999333311, 0.4990234374999333866, 0.4999999999999334976, 0.6249999999999833467, 0.6875000000000083267, 0.7187500000000203171, 0.7343750000000263123, 0.7421875000000293099, 0.7460937500000303091, 0.7480468750000306422, 0.7490234375000309752, 0.7500000000000313083, 0.8125000000000258682, 0.8437500000000230926, 0.8593750000000220934, 0.8671875000000217604, 0.8710937500000213163, 0.8730468750000206501, 0.8750000000000199840, 1.000000000000000000 ),
 .UNSPECIFIED. ) ;
#786 = CARTESIAN_POINT ( 'NONE',  ( -23.63186737059266562, -40.82041312952608791, 50.58357089460799472 ) ) ;
#787 = CARTESIAN_POINT ( 'NONE',  ( 805.0000000000000000, 0.000000000000000000, 0.000000000000000000 ) ) ;
#788 = CARTESIAN_POINT ( 'NONE',  ( -17.10628703875553214, 28.75730864374096996, 58.31917938888918940 ) ) ;
#789 = EDGE_LOOP ( 'NONE', ( #842, #980, #53, #1285, #321, #568, #717, #483 ) ) ;
#790 = AXIS2_PLACEMENT_3D ( 'NONE', #612, #512, #942 ) ;
#791 = CC_DESIGN_SECURITY_CLASSIFICATION ( #115, ( #724 ) ) ;
#792 = CARTESIAN_POINT ( 'NONE',  ( -24.23826105416563337, -50.38958721736568691, 41.05958951736495521 ) ) ;
#793 = CARTESIAN_POINT ( 'NONE',  ( -17.00000000000000000, -50.00000000000000000, -50.00000000000000000 ) ) ;
#794 = EDGE_CURVE ( 'NONE', #926, #734, #935, .T. ) ;
#795 = CC_DESIGN_DATE_AND_TIME_ASSIGNMENT ( #33, #209, ( #1318 ) ) ;
#796 = CARTESIAN_POINT ( 'NONE',  ( -19.76311437552064021, 53.08570449871618280, -37.51120185281924080 ) ) ;
#797 = CARTESIAN_POINT ( 'NONE',  ( -17.00000000000001421, 0.000000000000000000, 0.000000000000000000 ) ) ;
#798 = ORIENTED_EDGE ( 'NONE', *, *, #474, .F. ) ;
#799 = CARTESIAN_POINT ( 'NONE',  ( -21.75019332664412985, -51.49031541389927469, 39.67049742759213160 ) ) ;
#800 = ADVANCED_FACE ( 'NONE', ( #1074 ), #93, .T. ) ;
#801 = CARTESIAN_POINT ( 'NONE',  ( -27.00000000000000000, -41.53311931459039386, 50.00000000000000000 ) ) ;
#802 = APPLICATION_CONTEXT ( 'configuration controlled 3d designs of mechanical parts and assemblies' ) ;
#803 = CARTESIAN_POINT ( 'NONE',  ( -17.32310750727844706, 57.48033632160473161, -30.34816326022745159 ) ) ;
#804 = CARTESIAN_POINT ( 'NONE',  ( -24.36473145155040854, -41.10311184086395286, -50.35409944028613438 ) ) ;
#805 = ORIENTED_EDGE ( 'NONE', *, *, #875, .T. ) ;
#806 = CARTESIAN_POINT ( 'NONE',  ( -25.53554850769647899, -50.08117683257699326, 41.43597269168974861 ) ) ;
#807 = DIRECTION ( 'NONE',  ( -0.000000000000000000, 0.000000000000000000, -1.000000000000000000 ) ) ;
#808 = CARTESIAN_POINT ( 'NONE',  ( -21.10127584615408836, 51.89066652462601326, -39.15061593537201645 ) ) ;
#809 = CARTESIAN_POINT ( 'NONE',  ( -18.69513791369367439, 35.52975273856400662, 54.43011255707971685 ) ) ;
#810 = ORIENTED_EDGE ( 'NONE', *, *, #1073, .T. ) ;
#811 = AXIS2_PLACEMENT_3D ( 'NONE', #845, #950, #518 ) ;
#812 = FACE_OUTER_BOUND ( 'NONE', #930, .T. ) ;
#813 = VECTOR ( 'NONE', #1329, 1000.000000000000000 ) ;
#814 = CIRCLE ( 'NONE', #630, 50.00000000000000000 ) ;
#815 = CARTESIAN_POINT ( 'NONE',  ( -17.00000000000000000, -60.00000000000000000, 25.00000000000000000 ) ) ;
#816 = CARTESIAN_POINT ( 'NONE',  ( -18.68001640250572137, 54.45281251179552839, -35.49494722757382448 ) ) ;
#817 = CARTESIAN_POINT ( 'NONE',  ( -20.52865663001438534, -38.55237668382758898, -52.33969237873041180 ) ) ;
#818 = EDGE_LOOP ( 'NONE', ( #880, #1380, #1036, #543, #1268, #403, #1137, #327, #1020 ) ) ;
#819 = CARTESIAN_POINT ( 'NONE',  ( -20.73203874964880100, -52.18594259154717463, 38.75458679008378482 ) ) ;
#820 = ORIENTED_EDGE ( 'NONE', *, *, #1045, .T. ) ;
#821 = DIRECTION ( 'NONE',  ( 0.000000000000000000, 0.000000000000000000, -1.000000000000000000 ) ) ;
#822 = PLANE ( 'NONE',  #176 ) ;
#823 = CYLINDRICAL_SURFACE ( 'NONE', #476, 24.99999999999998224 ) ;
#824 = CARTESIAN_POINT ( 'NONE',  ( -18.84619613485048006, 54.20933268202852418, -35.86611070035684889 ) ) ;
#825 = ORIENTED_EDGE ( 'NONE', *, *, #1379, .T. ) ;
#826 = EDGE_CURVE ( 'NONE', #11, #693, #1155, .T. ) ;
#827 = CARTESIAN_POINT ( 'NONE',  ( -17.10628703875552858, -28.26255621885202274, 58.53603957189483964 ) ) ;
#828 = LINE ( 'NONE', #517, #1315 ) ;
#829 = CARTESIAN_POINT ( 'NONE',  ( -17.13950173836663637, 28.69188594031371053, -58.32660019753902247 ) ) ;
#830 = PLANE ( 'NONE',  #835 ) ;
#831 = PERSON_AND_ORGANIZATION_ROLE ( 'design_owner' ) ;
#832 = ORIENTED_EDGE ( 'NONE', *, *, #1358, .T. ) ;
#833 = VECTOR ( 'NONE', #758, 1000.000000000000000 ) ;
#834 = FACE_BOUND ( 'NONE', #1284, .T. ) ;
#835 = AXIS2_PLACEMENT_3D ( 'NONE', #208, #77, #737 ) ;
#836 = FACE_OUTER_BOUND ( 'NONE', #703, .T. ) ;
#837 = CIRCLE ( 'NONE', #113, 65.00000000000000000 ) ;
#838 = CARTESIAN_POINT ( 'NONE',  ( -87.00000000000000000, 0.000000000000000000, -50.00000000000000000 ) ) ;
#839 = ADVANCED_FACE ( 'NONE', ( #1266 ), #619, .F. ) ;
#840 =( NAMED_UNIT ( * ) SI_UNIT ( $, .STERADIAN. ) SOLID_ANGLE_UNIT ( ) );
#841 = EDGE_LOOP ( 'NONE', ( #588, #6, #825, #1202, #1025, #503, #343, #1133, #488 ) ) ;
#842 = ORIENTED_EDGE ( 'NONE', *, *, #637, .F. ) ;
#843 = DIRECTION ( 'NONE',  ( 0.000000000000000000, 0.000000000000000000, 1.000000000000000000 ) ) ;
#844 = CARTESIAN_POINT ( 'NONE',  ( 0.000000000000000000, 6.735557395310420527E-15, 54.99999999999979394 ) ) ;
#845 = CARTESIAN_POINT ( 'NONE',  ( -17.00000000000001421, 0.000000000000000000, 0.000000000000000000 ) ) ;
#846 = EDGE_CURVE ( 'NONE', #921, #968, #951, .T. ) ;
#847 = LINE ( 'NONE', #519, #562 ) ;
#848 = CALENDAR_DATE ( 2026, 17, 8 ) ;
#849 = VERTEX_POINT ( 'NONE', #407 ) ;
#850 = ORIENTED_EDGE ( 'NONE', *, *, #71, .F. ) ;
#851 = EDGE_CURVE ( 'NONE', #258, #968, #911, .T. ) ;
#852 = CARTESIAN_POINT ( 'NONE',  ( -27.00000000000000000, 50.00000000000000000, 41.53311931459039386 ) ) ;
#853 = DIRECTION ( 'NONE',  ( 0.000000000000000000, 0.000000000000000000, -1.000000000000000000 ) ) ;
#854 = PERSON ( '未', '未', '未', ('未'), ('未'), ('未') ) ;
#855 = FACE_OUTER_BOUND ( 'NONE', #290, .T. ) ;
#856 = PERSON_AND_ORGANIZATION ( #854, #457 ) ;
#857 = LINE ( 'NONE', #753, #833 ) ;
#858 = ORIENTED_EDGE ( 'NONE', *, *, #1364, .F. ) ;
#859 = EDGE_CURVE ( 'NONE', #89, #1277, #314, .T. ) ;
#860 = PLANE ( 'NONE',  #337 ) ;
#861 = CARTESIAN_POINT ( 'NONE',  ( -17.31780336200511883, 30.30936367304743229, -57.50080478350426461 ) ) ;
#862 = AXIS2_PLACEMENT_3D ( 'NONE', #537, #1054, #197 ) ;
#863 = CARTESIAN_POINT ( 'NONE',  ( -87.00000000000000000, -50.00000000000000000, 50.00000000000000000 ) ) ;
#864 = VECTOR ( 'NONE', #308, 1000.000000000000000 ) ;
#865 = AXIS2_PLACEMENT_3D ( 'NONE', #604, #179, #205 ) ;
#866 = DIRECTION ( 'NONE',  ( -0.000000000000000000, 0.000000000000000000, -1.000000000000000000 ) ) ;
#867 = CARTESIAN_POINT ( 'NONE',  ( -24.26295901220800033, 41.06817328954100788, 50.38259068304161303 ) ) ;
#868 = ORIENTED_EDGE ( 'NONE', *, *, #369, .F. ) ;
#869 = CARTESIAN_POINT ( 'NONE',  ( -22.11614703868448117, 39.96359313136787961, -51.26459655604331545 ) ) ;
#870 = CARTESIAN_POINT ( 'NONE',  ( -18.30120531259940719, 55.06741990726257541, 34.53453422001546613 ) ) ;
#871 = DATE_AND_TIME ( #848, #977 ) ;
#872 = DIRECTION ( 'NONE',  ( 0.000000000000000000, 0.000000000000000000, 1.000000000000000000 ) ) ;
#873 = DIRECTION ( 'NONE',  ( -1.000000000000000000, -0.000000000000000000, 0.000000000000000000 ) ) ;
#874 = ORIENTED_EDGE ( 'NONE', *, *, #1273, .F. ) ;
#875 = EDGE_CURVE ( 'NONE', #1101, #126, #730, .T. ) ;
#876 = DIRECTION ( 'NONE',  ( 0.000000000000000000, 0.000000000000000000, 1.000000000000000000 ) ) ;
#877 = CARTESIAN_POINT ( 'NONE',  ( -25.08992898907870739, 50.13900037609943894, 41.36747103499554612 ) ) ;
#878 = CARTESIAN_POINT ( 'NONE',  ( -22.50824021456591950, -40.22937503948060822, 51.05568107694894309 ) ) ;
#879 = CARTESIAN_POINT ( 'NONE',  ( -17.48467915861746391, -56.92170052039296024, -31.38515661274179180 ) ) ;
#880 = ORIENTED_EDGE ( 'NONE', *, *, #961, .F. ) ;
#881 = DIRECTION ( 'NONE',  ( 9.912705577010319386E-17, -1.000000000000000000, 0.000000000000000000 ) ) ;
#882 = CARTESIAN_POINT ( 'NONE',  ( -20.27329998194875671, 38.20506722604734051, -52.58854556670274150 ) ) ;
#883 = CARTESIAN_POINT ( 'NONE',  ( -22.50824021447214918, 51.05568107700261749, 40.22937503941250981 ) ) ;
#884 = CARTESIAN_POINT ( 'NONE',  ( -18.65672393020257758, -35.44090066076831391, 54.48800682740791501 ) ) ;
#885 = CARTESIAN_POINT ( 'NONE',  ( -18.66221869463083038, -54.47967476458183711, -35.45370675082876488 ) ) ;
#886 = AXIS2_PLACEMENT_3D ( 'NONE', #934, #374, #49 ) ;
#887 = CARTESIAN_POINT ( 'NONE',  ( -21.74803649725224730, 39.66867435856016755, 51.49171108473679936 ) ) ;
#888 = AXIS2_PLACEMENT_3D ( 'NONE', #69, #1047, #940 ) ;
#889 = EDGE_LOOP ( 'NONE', ( #643, #1078, #1058, #1209 ) ) ;
#890 = CARTESIAN_POINT ( 'NONE',  ( -24.14679556147683925, 41.02683056821752672, -50.41625947237257321 ) ) ;
#891 = CARTESIAN_POINT ( 'NONE',  ( -20.54405981978225171, 52.35189415484401110, 38.52815919174905446 ) ) ;
#892 = CARTESIAN_POINT ( 'NONE',  ( -24.10781564401450439, -41.01255270777777184, 50.42787483517260938 ) ) ;
#893 = DIRECTION ( 'NONE',  ( 0.000000000000000000, 0.000000000000000000, -1.000000000000000000 ) ) ;
#894 = CARTESIAN_POINT ( 'NONE',  ( -24.56863253120998536, -41.16950397757839397, -50.29986007058518993 ) ) ;
#895 = ORIENTED_EDGE ( 'NONE', *, *, #5, .T. ) ;
#896 = DIRECTION ( 'NONE',  ( 1.000000000000000000, 0.000000000000000000, 0.000000000000000000 ) ) ;
#897 = EDGE_CURVE ( 'NONE', #304, #240, #1282, .T. ) ;
#898 = APPROVAL_DATE_TIME ( #1113, #949 ) ;
#899 = CARTESIAN_POINT ( 'NONE',  ( -17.00000000000000000, 41.53311931459039386, -50.00000000000000000 ) ) ;
#900 = CARTESIAN_POINT ( 'NONE',  ( -17.00000000000001421, 60.00000000000000000, 25.00000000000001066 ) ) ;
#901 = CARTESIAN_POINT ( 'NONE',  ( -17.32098017309810345, 30.33265117567139768, 57.48852363358493278 ) ) ;
#902 = ORIENTED_EDGE ( 'NONE', *, *, #140, .F. ) ;
#903 = DIRECTION ( 'NONE',  ( 1.000000000000000000, 0.000000000000000000, 0.000000000000000000 ) ) ;
#904 = EDGE_CURVE ( 'NONE', #748, #1101, #251, .T. ) ;
#905 = PERSON_AND_ORGANIZATION ( #854, #457 ) ;
#906 = CARTESIAN_POINT ( 'NONE',  ( -19.61568206002099046, -53.23869217030053846, 37.29514774966930446 ) ) ;
#907 = CARTESIAN_POINT ( 'NONE',  ( -22.51152764471294532, 51.06236627079189816, -40.22018563157187288 ) ) ;
#908 = CARTESIAN_POINT ( 'NONE',  ( -20.31083657933766062, -52.54311660683039520, -38.27088553017383532 ) ) ;
#909 = AXIS2_PLACEMENT_3D ( 'NONE', #440, #876, #896 ) ;
#910 = CARTESIAN_POINT ( 'NONE',  ( -17.74787947049842884, 32.66570435690471896, 56.19787426396137420 ) ) ;
#911 = CIRCLE ( 'NONE', #670, 50.00000000000000000 ) ;
#912 = VERTEX_POINT ( 'NONE', #422 ) ;
#913 = ADVANCED_FACE ( 'NONE', ( #855 ), #434, .F. ) ;
#914 = VECTOR ( 'NONE', #700, 1000.000000000000000 ) ;
#915 = AXIS2_PLACEMENT_3D ( 'NONE', #366, #580, #1024 ) ;
#916 = CARTESIAN_POINT ( 'NONE',  ( -17.00000000000001421, 0.000000000000000000, 0.000000000000000000 ) ) ;
#917 = CARTESIAN_POINT ( 'NONE',  ( -17.48469922778343033, -56.92167755205994695, 31.38519861945397693 ) ) ;
#918 = CARTESIAN_POINT ( 'NONE',  ( -18.75923876657752842, 54.33511633988580769, -35.67495929702534596 ) ) ;
#919 = LINE ( 'NONE', #1231, #955 ) ;
#920 = CARTESIAN_POINT ( 'NONE',  ( -17.00000000000000000, 26.99007519173809655, 59.17080200344245355 ) ) ;
#921 = VERTEX_POINT ( 'NONE', #659 ) ;
#922 = CARTESIAN_POINT ( 'NONE',  ( -87.00000000000000000, -50.00000000000000000, -50.00000000000000000 ) ) ;
#923 = DIRECTION ( 'NONE',  ( 1.000000000000000000, 0.000000000000000000, 0.000000000000000000 ) ) ;
#924 = CARTESIAN_POINT ( 'NONE',  ( -21.74803649725100030, 51.49171108473728253, -39.66867435855956359 ) ) ;
#925 = CARTESIAN_POINT ( 'NONE',  ( -22.21738611686852494, -40.02056448504641395, -51.21876183246619263 ) ) ;
#926 = VERTEX_POINT ( 'NONE', #354 ) ;
#927 = LINE ( 'NONE', #576, #295 ) ;
#928 = CARTESIAN_POINT ( 'NONE',  ( -18.64391401241936208, -54.50743570364279833, 35.41103578157058251 ) ) ;
#929 = CARTESIAN_POINT ( 'NONE',  ( -17.32630678589740114, 57.46805598291160067, -30.37141878711036469 ) ) ;
#930 = EDGE_LOOP ( 'NONE', ( #850, #166, #760, #119 ) ) ;
#931 = AXIS2_PLACEMENT_3D ( 'NONE', #618, #1072, #405 ) ;
#932 = CARTESIAN_POINT ( 'NONE',  ( -18.53806949362783740, -35.15724842122867955, 54.67165137491003435 ) ) ;
#933 = ORIENTED_EDGE ( 'NONE', *, *, #690, .F. ) ;
#934 = CARTESIAN_POINT ( 'NONE',  ( 845.0000000000000000, 0.000000000000000000, 0.000000000000000000 ) ) ;
#935 = CIRCLE ( 'NONE', #583, 65.00000000000000000 ) ;
#936 = LINE ( 'NONE', #815, #957 ) ;
#937 = CARTESIAN_POINT ( 'NONE',  ( -25.09559565753356480, 50.18090159666243721, -41.31444892306840444 ) ) ;
#938 = CARTESIAN_POINT ( 'NONE',  ( -18.67645457400394449, -35.48671777740023003, -54.45817576800469340 ) ) ;
#939 = ORIENTED_EDGE ( 'NONE', *, *, #333, .F. ) ;
#940 = DIRECTION ( 'NONE',  ( 0.000000000000000000, 0.000000000000000000, -1.000000000000000000 ) ) ;
#941 = CARTESIAN_POINT ( 'NONE',  ( 845.0000000000000000, 0.000000000000000000, 0.000000000000000000 ) ) ;
#942 = DIRECTION ( 'NONE',  ( 0.000000000000000000, 0.000000000000000000, 1.000000000000000000 ) ) ;
#943 =( LENGTH_UNIT ( ) NAMED_UNIT ( * ) SI_UNIT ( .MILLI., .METRE. ) );
#944 = ORIENTED_EDGE ( 'NONE', *, *, #593, .F. ) ;
#945 = CARTESIAN_POINT ( 'NONE',  ( -25.33106798381993485, 41.36657474180304916, 50.13790398785732094 ) ) ;
#946 = CARTESIAN_POINT ( 'NONE',  ( -17.00000000000000000, -50.00000000000000000, 50.00000000000000000 ) ) ;
#947 = ORIENTED_EDGE ( 'NONE', *, *, #1379, .F. ) ;
#948 = LINE ( 'NONE', #1279, #997 ) ;
#949 = APPROVAL ( #221, '未' ) ;
#950 = DIRECTION ( 'NONE',  ( -1.000000000000000000, -0.000000000000000000, 0.000000000000000000 ) ) ;
#951 = LINE ( 'NONE', #863, #1294 ) ;
#952 = ORIENTED_EDGE ( 'NONE', *, *, #104, .F. ) ;
#953 = FACE_OUTER_BOUND ( 'NONE', #1197, .T. ) ;
#954 = EDGE_CURVE ( 'NONE', #621, #1277, #54, .T. ) ;
#955 = VECTOR ( 'NONE', #1116, 1000.000000000000000 ) ;
#956 = LINE ( 'NONE', #171, #1389 ) ;
#957 = VECTOR ( 'NONE', #689, 1000.000000000000000 ) ;
#958 = CARTESIAN_POINT ( 'NONE',  ( -24.46074251821710988, -50.32706535842157791, -41.13627051473509511 ) ) ;
#959 = CIRCLE ( 'NONE', #204, 65.00000000000000000 ) ;
#960 = DIRECTION ( 'NONE',  ( -1.000000000000000000, 0.000000000000000000, 0.000000000000000000 ) ) ;
#961 = EDGE_CURVE ( 'NONE', #1240, #1351, #464, .T. ) ;
#962 = ORIENTED_EDGE ( 'NONE', *, *, #268, .F. ) ;
#963 = ORIENTED_EDGE ( 'NONE', *, *, #244, .F. ) ;
#964 = CARTESIAN_POINT ( 'NONE',  ( -17.31891793129334189, -57.49648835208692077, 30.31755101546932707 ) ) ;
#965 = DIRECTION ( 'NONE',  ( 0.000000000000000000, 0.000000000000000000, 1.000000000000000000 ) ) ;
#966 = COORDINATED_UNIVERSAL_TIME_OFFSET ( 8, 0, .AHEAD. ) ;
#967 = DIRECTION ( 'NONE',  ( 0.000000000000000000, 0.000000000000000000, -1.000000000000000000 ) ) ;
#968 = VERTEX_POINT ( 'NONE', #1328 ) ;
#969 = DIRECTION ( 'NONE',  ( 0.000000000000000000, 0.000000000000000000, -1.000000000000000000 ) ) ;
#970 = CARTESIAN_POINT ( 'NONE',  ( -17.23167252978745623, 29.62324976943896360, -57.85803798625077121 ) ) ;
#971 = DIRECTION ( 'NONE',  ( -0.000000000000000000, -0.000000000000000000, 1.000000000000000000 ) ) ;
#972 = CARTESIAN_POINT ( 'NONE',  ( -19.32896023876376645, -53.56743428588441702, -36.82267386244712526 ) ) ;
#973 = ORIENTED_EDGE ( 'NONE', *, *, #1104, .T. ) ;
#974 = CARTESIAN_POINT ( 'NONE',  ( -21.46175074089569534, 39.43168692907385520, -51.67353495920832529 ) ) ;
#975 = CARTESIAN_POINT ( 'NONE',  ( -17.00000000000000000, 59.58545641399749115, 25.99490460640602763 ) ) ;
#976 = AXIS2_PLACEMENT_3D ( 'NONE', #448, #547, #128 ) ;
#977 = LOCAL_TIME ( 14, 13, 50.00000000000000000, #303 ) ;
#978 = EDGE_LOOP ( 'NONE', ( #798, #226, #895, #431 ) ) ;
#979 = EDGE_CURVE ( 'NONE', #351, #1051, #62, .T. ) ;
#980 = ORIENTED_EDGE ( 'NONE', *, *, #998, .T. ) ;
#981 = CARTESIAN_POINT ( 'NONE',  ( -18.53806949363014667, 35.15724842122959615, -54.67165137490942328 ) ) ;
#982 = CARTESIAN_POINT ( 'NONE',  ( -21.71632822439802979, 51.51129357421389443, 39.64324229428968493 ) ) ;
#983 = MANIFOLD_SOLID_BREP ( 'M45 Clearance Hole1', #202 ) ;
#984 = PERSON_AND_ORGANIZATION_ROLE ( 'creator' ) ;
#985 = CARTESIAN_POINT ( 'NONE',  ( -21.59809977692103544, -39.54665765146889811, 51.58550955019035911 ) ) ;
#986 = FACE_BOUND ( 'NONE', #769, .T. ) ;
#987 = ORIENTED_EDGE ( 'NONE', *, *, #184, .F. ) ;
#988 = CARTESIAN_POINT ( 'NONE',  ( -18.66904409640637397, 54.46935680063497642, 35.46955337251880280 ) ) ;
#989 = CARTESIAN_POINT ( 'NONE',  ( -87.00000000000000000, 0.000000000000000000, 50.00000000000000000 ) ) ;
#990 = PLANE ( 'NONE',  #453 ) ;
#991 = ORIENTED_EDGE ( 'NONE', *, *, #1407, .T. ) ;
#992 = CARTESIAN_POINT ( 'NONE',  ( -24.13454275224760437, 41.02236529182332703, -50.41989275934942327 ) ) ;
#993 = CARTESIAN_POINT ( 'NONE',  ( -17.97365748159684884, 55.68959583347487552, 33.52488969146553899 ) ) ;
#994 = CARTESIAN_POINT ( 'NONE',  ( -19.05971256988592089, -36.37394054069117999, 53.88016529416704259 ) ) ;
#995 = DIRECTION ( 'NONE',  ( 0.000000000000000000, 0.000000000000000000, 1.000000000000000000 ) ) ;
#996 = ADVANCED_FACE ( 'NONE', ( #485 ), #822, .F. ) ;
#997 = VECTOR ( 'NONE', #306, 1000.000000000000000 ) ;
#998 = EDGE_CURVE ( 'NONE', #711, #411, #682, .T. ) ;
#999 = VERTEX_POINT ( 'NONE', #801 ) ;
#1000 = CARTESIAN_POINT ( 'NONE',  ( -18.66904409640635620, 35.46955337251873175, -54.46935680063503327 ) ) ;
#1001 = CARTESIAN_POINT ( 'NONE',  ( -18.65672393020279074, 54.48800682740772316, 35.44090066076866918 ) ) ;
#1002 = CARTESIAN_POINT ( 'NONE',  ( -20.97356820605015670, -38.97806218380458176, 52.01678225795640031 ) ) ;
#1003 = LINE ( 'NONE', #1010, #316 ) ;
#1004 = CARTESIAN_POINT ( 'NONE',  ( -18.68001640250593809, 35.49494722757429344, 54.45281251179525839 ) ) ;
#1005 = CC_DESIGN_PERSON_AND_ORGANIZATION_ASSIGNMENT ( #905, #984, ( #724 ) ) ;
#1006 = ORIENTED_EDGE ( 'NONE', *, *, #904, .F. ) ;
#1007 = CARTESIAN_POINT ( 'NONE',  ( -27.00000000000000000, -41.53311931459039386, 50.00000000000000000 ) ) ;
#1008 = DIRECTION ( 'NONE',  ( -1.000000000000000000, 0.000000000000000000, 0.000000000000000000 ) ) ;
#1009 = CARTESIAN_POINT ( 'NONE',  ( -18.66411271713570130, -35.45809682033102916, 54.47681540436144587 ) ) ;
#1010 = CARTESIAN_POINT ( 'NONE',  ( 845.0000000000000000, 6.735557395310422893E-15, 54.99999999999984368 ) ) ;
#1011 = LINE ( 'NONE', #377, #383 ) ;
#1012 = ORIENTED_EDGE ( 'NONE', *, *, #207, .F. ) ;
#1013 = DIRECTION ( 'NONE',  ( 1.000000000000000000, 0.000000000000000000, 0.000000000000000000 ) ) ;
#1014 = CARTESIAN_POINT ( 'NONE',  ( -18.04792344183285735, -55.49185334926425384, 33.86618713879906295 ) ) ;
#1015 = CARTESIAN_POINT ( 'NONE',  ( -23.73310644870669606, 50.53784199554696954, -40.87745430607539987 ) ) ;
#1016 = CARTESIAN_POINT ( 'NONE',  ( -17.00000000000000000, -50.00000000000000000, 50.00000000000000000 ) ) ;
#1017 = DIRECTION ( 'NONE',  ( 0.000000000000000000, 1.000000000000000000, 0.000000000000000000 ) ) ;
#1018 = EDGE_CURVE ( 'NONE', #516, #1144, #1340, .T. ) ;
#1019 = CIRCLE ( 'NONE', #88, 35.00000000000000000 ) ;
#1020 = ORIENTED_EDGE ( 'NONE', *, *, #185, .F. ) ;
#1021 = CARTESIAN_POINT ( 'NONE',  ( -87.00000000000000000, 0.000000000000000000, 50.00000000000000000 ) ) ;
#1022 = CARTESIAN_POINT ( 'NONE',  ( -17.00000000000000000, -50.00000000000000000, 50.00000000000000000 ) ) ;
#1023 = CARTESIAN_POINT ( 'NONE',  ( -21.81948242286005168, 51.44808123768743968, -39.72525542862625514 ) ) ;
#1024 = DIRECTION ( 'NONE',  ( 0.000000000000000000, 0.000000000000000000, -1.000000000000000000 ) ) ;
#1025 = ORIENTED_EDGE ( 'NONE', *, *, #184, .T. ) ;
#1026 = DIRECTION ( 'NONE',  ( 1.000000000000000000, -0.000000000000000000, -0.000000000000000000 ) ) ;
#1027 = CARTESIAN_POINT ( 'NONE',  ( -18.80894689871761116, -54.25950811821579123, 35.79124881698937344 ) ) ;
#1028 = CARTESIAN_POINT ( 'NONE',  ( -19.02521794943150724, 53.96084967103187324, -36.24002908641032406 ) ) ;
#1029 = CARTESIAN_POINT ( 'NONE',  ( -26.51819969886480166, -41.53311931459028727, -50.00000000000008527 ) ) ;
#1030 = EDGE_LOOP ( 'NONE', ( #716, #556 ) ) ;
#1031 = CARTESIAN_POINT ( 'NONE',  ( -18.09789202188518686, -33.93829092116923363, 55.43835825035653642 ) ) ;
#1032 = DIRECTION ( 'NONE',  ( 0.000000000000000000, -1.000000000000000000, 0.000000000000000000 ) ) ;
#1033 = CARTESIAN_POINT ( 'NONE',  ( -18.68558597780150166, -54.44444074957172575, 35.50778754942299997 ) ) ;
#1034 = CARTESIAN_POINT ( 'NONE',  ( -19.18742020998983122, 53.75338563584339369, -36.54628739609734112 ) ) ;
#1035 = CARTESIAN_POINT ( 'NONE',  ( -17.32630678589696416, -30.37141878710919229, -57.46805598291221884 ) ) ;
#1036 = ORIENTED_EDGE ( 'NONE', *, *, #1159, .T. ) ;
#1037 = AXIS2_PLACEMENT_3D ( 'NONE', #1213, #573, #684 ) ;
#1038 = CARTESIAN_POINT ( 'NONE',  ( -17.31720200309755953, -30.30493526533863502, 57.50313857615567770 ) ) ;
#1039 = AXIS2_PLACEMENT_3D ( 'NONE', #199, #965, #1397 ) ;
#1040 = AXIS2_PLACEMENT_3D ( 'NONE', #1241, #1128, #286 ) ;
#1041 = CARTESIAN_POINT ( 'NONE',  ( -17.16206919568892530, -58.19200190074402457, 28.96618509395227292 ) ) ;
#1042 = LINE ( 'NONE', #45, #718 ) ;
#1043 = CARTESIAN_POINT ( 'NONE',  ( -17.00000000000001421, -49.99999999999998579, -41.53311931459038675 ) ) ;
#1044 = CARTESIAN_POINT ( 'NONE',  ( -18.84619613485813616, -35.86611070037442062, -54.20933268201689259 ) ) ;
#1045 = EDGE_CURVE ( 'NONE', #475, #1203, #936, .T. ) ;
#1046 = ORIENTED_EDGE ( 'NONE', *, *, #859, .T. ) ;
#1047 = DIRECTION ( 'NONE',  ( 1.000000000000000000, -0.000000000000000000, -0.000000000000000000 ) ) ;
#1048 = CARTESIAN_POINT ( 'NONE',  ( -25.53537417199078519, -50.08117108164648812, -41.43597953328021077 ) ) ;
#1049 = DIRECTION ( 'NONE',  ( 1.000000000000000000, -0.000000000000000000, -0.000000000000000000 ) ) ;
#1050 = EDGE_CURVE ( 'NONE', #411, #265, #1134, .T. ) ;
#1051 = VERTEX_POINT ( 'NONE', #1369 ) ;
#1052 = CARTESIAN_POINT ( 'NONE',  ( -17.23167252978745623, -29.62324976941536292, 57.85803798626287175 ) ) ;
#1053 = CARTESIAN_POINT ( 'NONE',  ( -17.00000000000001421, 41.53311931459037254, -50.00000000000000000 ) ) ;
#1054 = DIRECTION ( 'NONE',  ( -1.000000000000000000, -0.000000000000000000, 0.000000000000000000 ) ) ;
#1055 = DIRECTION ( 'NONE',  ( -1.000000000000000000, -0.000000000000000000, 0.000000000000000000 ) ) ;
#1056 = CARTESIAN_POINT ( 'NONE',  ( -17.33382971078103907, -30.42559351556539227, -57.43940635719859955 ) ) ;
#1057 = EDGE_LOOP ( 'NONE', ( #952, #1400, #1233, #868 ) ) ;
#1058 = ORIENTED_EDGE ( 'NONE', *, *, #851, .T. ) ;
#1059 = CARTESIAN_POINT ( 'NONE',  ( -17.00000000000000000, -25.00000000000000000, -60.00000000000000000 ) ) ;
#1060 = CARTESIAN_POINT ( 'NONE',  ( -17.00000000000000000, 25.99490460642210721, -59.58545641399079074 ) ) ;
#1061 = VECTOR ( 'NONE', #510, 1000.000000000000000 ) ;
#1062 = CC_DESIGN_PERSON_AND_ORGANIZATION_ASSIGNMENT ( #435, #1183, ( #1318 ) ) ;
#1063 = CARTESIAN_POINT ( 'NONE',  ( 845.0000000000000000, 0.000000000000000000, 0.000000000000000000 ) ) ;
#1064 = CARTESIAN_POINT ( 'NONE',  ( -17.31969148375688050, -30.32321952810059784, -57.49349880549621616 ) ) ;
#1065 = CARTESIAN_POINT ( 'NONE',  ( -18.04789486325883985, -55.49194689477430131, -33.86604106279045823 ) ) ;
#1066 = FACE_OUTER_BOUND ( 'NONE', #818, .T. ) ;
#1067 = LINE ( 'NONE', #212, #64 ) ;
#1068 = CARTESIAN_POINT ( 'NONE',  ( -27.00000000000000000, -60.00000000000000000, 0.000000000000000000 ) ) ;
#1069 = SECURITY_CLASSIFICATION_LEVEL ( 'unclassified' ) ;
#1070 = CARTESIAN_POINT ( 'NONE',  ( -18.60181286717062932, -54.57198573146835230, -35.31156280699273253 ) ) ;
#1071 = ORIENTED_EDGE ( 'NONE', *, *, #1250, .T. ) ;
#1072 = DIRECTION ( 'NONE',  ( 0.000000000000000000, 0.000000000000000000, 1.000000000000000000 ) ) ;
#1073 = EDGE_CURVE ( 'NONE', #926, #141, #380, .T. ) ;
#1074 = FACE_OUTER_BOUND ( 'NONE', #1304, .T. ) ;
#1075 = APPROVAL_ROLE ( '' ) ;
#1076 = CARTESIAN_POINT ( 'NONE',  ( -18.93454664895376283, -54.08353295369255420, -36.05643208686939971 ) ) ;
#1077 = CARTESIAN_POINT ( 'NONE',  ( -22.07144067022731804, 39.91718808056437240, 51.29943946362125473 ) ) ;
#1078 = ORIENTED_EDGE ( 'NONE', *, *, #1273, .T. ) ;
#1079 = CARTESIAN_POINT ( 'NONE',  ( -25.08992898912310210, 41.36747103499551770, -50.13900037609946736 ) ) ;
#1080 = CIRCLE ( 'NONE', #1243, 65.00000000000000000 ) ;
#1081 = VECTOR ( 'NONE', #280, 1000.000000000000000 ) ;
#1082 = CARTESIAN_POINT ( 'NONE',  ( -21.59809977691992700, 51.58550955019231310, 39.54665765146640410 ) ) ;
#1083 = APPROVAL_PERSON_ORGANIZATION ( #182, #1151, #1276 ) ;
#1084 = CALENDAR_DATE ( 2026, 17, 8 ) ;
#1085 = CARTESIAN_POINT ( 'NONE',  ( -27.00000000000000000, 50.00000000000000000, -41.53311931459039386 ) ) ;
#1086 = CARTESIAN_POINT ( 'NONE',  ( -27.00000000000000000, 41.53311931459039386, -50.00000000000000000 ) ) ;
#1087 = ORIENTED_EDGE ( 'NONE', *, *, #452, .T. ) ;
#1088 = ADVANCED_FACE ( 'NONE', ( #1257 ), #50, .F. ) ;
#1089 = CARTESIAN_POINT ( 'NONE',  ( -40.00000000000000000, 0.000000000000000000, 0.000000000000000000 ) ) ;
#1090 = CARTESIAN_POINT ( 'NONE',  ( -17.31720200309755597, 57.50313857615553559, 30.30493526533889792 ) ) ;
#1091 = FACE_OUTER_BOUND ( 'NONE', #789, .T. ) ;
#1092 = CARTESIAN_POINT ( 'NONE',  ( -18.45020339076794258, -54.81423562898041268, -34.93450066323195102 ) ) ;
#1093 = EDGE_CURVE ( 'NONE', #754, #89, #363, .T. ) ;
#1094 = VERTEX_POINT ( 'NONE', #156 ) ;
#1095 = CARTESIAN_POINT ( 'NONE',  ( -23.97454637850339054, 40.96238659711112007, -50.46864464194640476 ) ) ;
#1096 = CARTESIAN_POINT ( 'NONE',  ( -17.45425366173497039, 56.97278029463114279, 31.31076701347378233 ) ) ;
#1097 = EDGE_CURVE ( 'NONE', #912, #1240, #837, .T. ) ;
#1098 = ADVANCED_FACE ( 'NONE', ( #143 ), #1141, .F. ) ;
#1099 = DIRECTION ( 'NONE',  ( -1.000000000000000000, -0.000000000000000000, 0.000000000000000000 ) ) ;
#1100 = CARTESIAN_POINT ( 'NONE',  ( -87.00000000000000000, 0.000000000000000000, 50.00000000000000000 ) ) ;
#1101 = VERTEX_POINT ( 'NONE', #699 ) ;
#1102 = CARTESIAN_POINT ( 'NONE',  ( -17.00000000000000000, 50.00000000000000000, -50.00000000000000000 ) ) ;
#1103 = CARTESIAN_POINT ( 'NONE',  ( -21.72623479472344954, 51.50515840907058163, 39.65121287614228152 ) ) ;
#1104 = EDGE_CURVE ( 'NONE', #187, #1051, #1120, .T. ) ;
#1105 = CIRCLE ( 'NONE', #862, 65.00000000000000000 ) ;
#1106 = CARTESIAN_POINT ( 'NONE',  ( -23.31964911972996291, -40.67690928704116970, 50.69915325637987991 ) ) ;
#1107 = DIRECTION ( 'NONE',  ( -0.000000000000000000, -0.000000000000000000, 1.000000000000000000 ) ) ;
#1108 = CARTESIAN_POINT ( 'NONE',  ( -22.07144067022838030, -39.91718808056177181, -51.29943946362325846 ) ) ;
#1109 = LOCAL_TIME ( 14, 13, 50.00000000000000000, #540 ) ;
#1110 = ORIENTED_EDGE ( 'NONE', *, *, #1407, .F. ) ;
#1111 = CARTESIAN_POINT ( 'NONE',  ( -26.51819969887607087, 41.53311931459037964, 49.99999999999999289 ) ) ;
#1112 = CARTESIAN_POINT ( 'NONE',  ( -24.06776042768888857, 40.99772712189990642, -50.43993118239498585 ) ) ;
#1113 = DATE_AND_TIME ( #681, #1 ) ;
#1114 = CARTESIAN_POINT ( 'NONE',  ( -17.00000000000001421, 0.000000000000000000, 0.000000000000000000 ) ) ;
#1115 = CARTESIAN_POINT ( 'NONE',  ( -21.71632822439818966, -39.64324229429014679, 51.51129357421351784 ) ) ;
#1116 = DIRECTION ( 'NONE',  ( 1.000000000000000000, 0.000000000000000000, 0.000000000000000000 ) ) ;
#1117 = CARTESIAN_POINT ( 'NONE',  ( -111.9999999999999858, 3.061616997868381070E-15, 50.00000000000000000 ) ) ;
#1118 = EDGE_LOOP ( 'NONE', ( #1378, #454, #1326, #283 ) ) ;
#1119 = CARTESIAN_POINT ( 'NONE',  ( -17.00000000000000000, -25.00000000000000000, 60.00000000000000000 ) ) ;
#1120 = LINE ( 'NONE', #793, #1156 ) ;
#1121 = EDGE_CURVE ( 'NONE', #98, #475, #1346, .T. ) ;
#1122 = CARTESIAN_POINT ( 'NONE',  ( -17.34910732631209029, 57.38212583971761660, -30.53359055890068774 ) ) ;
#1123 = CARTESIAN_POINT ( 'NONE',  ( -19.92750360748807381, -52.92851819198302366, -37.73022066248180550 ) ) ;
#1124 = CARTESIAN_POINT ( 'NONE',  ( -17.44726246079942911, 31.17173624797872122, 57.03905571138007957 ) ) ;
#1125 = ORIENTED_EDGE ( 'NONE', *, *, #558, .F. ) ;
#1126 = LINE ( 'NONE', #1365, #563 ) ;
#1127 = CARTESIAN_POINT ( 'NONE',  ( -21.47910688164602178, -51.66086248906393052, 39.44848859066652125 ) ) ;
#1128 = DIRECTION ( 'NONE',  ( -1.000000000000000000, -0.000000000000000000, 0.000000000000000000 ) ) ;
#1129 = CARTESIAN_POINT ( 'NONE',  ( -24.36473145154833020, 50.35409944028627649, -41.10311184086380365 ) ) ;
#1130 = CIRCLE ( 'NONE', #811, 65.00000000000000000 ) ;
#1131 = CARTESIAN_POINT ( 'NONE',  ( -23.73310644874665698, -40.87745430609164288, -50.53784199553378187 ) ) ;
#1132 = VECTOR ( 'NONE', #570, 1000.000000000000000 ) ;
#1133 = ORIENTED_EDGE ( 'NONE', *, *, #897, .T. ) ;
#1134 = LINE ( 'NONE', #267, #1132 ) ;
#1135 = CARTESIAN_POINT ( 'NONE',  ( -17.00000000000001421, 60.00000000000000000, -25.00000000000000000 ) ) ;
#1136 = CARTESIAN_POINT ( 'NONE',  ( -19.76311437553743389, 37.51120185286180941, 53.08570449868614105 ) ) ;
#1137 = ORIENTED_EDGE ( 'NONE', *, *, #851, .F. ) ;
#1138 = CARTESIAN_POINT ( 'NONE',  ( -17.97365748159082344, -33.52488969145133524, 55.68959583348338782 ) ) ;
#1139 = DIRECTION ( 'NONE',  ( -0.000000000000000000, 0.000000000000000000, -1.000000000000000000 ) ) ;
#1140 = PLANE ( 'NONE',  #22 ) ;
#1141 = PLANE ( 'NONE',  #501 ) ;
#1142 = ADVANCED_FACE ( 'NONE', ( #719 ), #728, .F. ) ;
#1143 = CARTESIAN_POINT ( 'NONE',  ( -19.76311437554867112, -37.51120185288246489, -53.08570449867152519 ) ) ;
#1144 = VERTEX_POINT ( 'NONE', #1375 ) ;
#1145 = ORIENTED_EDGE ( 'NONE', *, *, #875, .F. ) ;
#1146 = DIRECTION ( 'NONE',  ( -1.000000000000000000, 0.000000000000000000, 0.000000000000000000 ) ) ;
#1147 = PLANE ( 'NONE',  #228 ) ;
#1148 = CARTESIAN_POINT ( 'NONE',  ( -21.86260205404156309, -51.42213077012142719, -39.75884514085374377 ) ) ;
#1149 = DIRECTION ( 'NONE',  ( 0.000000000000000000, 0.000000000000000000, 1.000000000000000000 ) ) ;
#1150 = EDGE_CURVE ( 'NONE', #609, #89, #505, .T. ) ;
#1151 = APPROVAL ( #409, '未' ) ;
#1152 = CARTESIAN_POINT ( 'NONE',  ( -18.68606044709011016, -35.50887698183262131, -54.44372989263391815 ) ) ;
#1153 = VERTEX_POINT ( 'NONE', #844 ) ;
#1154 = CARTESIAN_POINT ( 'NONE',  ( -17.19928819766663608, -29.31609286134646908, 58.01397117676737025 ) ) ;
#1155 = CIRCLE ( 'NONE', #478, 65.00000000000000000 ) ;
#1156 = VECTOR ( 'NONE', #163, 1000.000000000000000 ) ;
#1157 = CARTESIAN_POINT ( 'NONE',  ( -17.31380628231432794, -57.51632858430723161, 30.27990181449290574 ) ) ;
#1158 = CARTESIAN_POINT ( 'NONE',  ( -17.45425366173668280, 31.31076701346667690, -56.97278029463488025 ) ) ;
#1159 = EDGE_CURVE ( 'NONE', #80, #351, #1179, .T. ) ;
#1160 = DIRECTION ( 'NONE',  ( 0.7071067811865480168, 0.7071067811865470176, 0.000000000000000000 ) ) ;
#1161 = CARTESIAN_POINT ( 'NONE',  ( -17.32310750727819837, -30.34816326022674460, -57.48033632160510820 ) ) ;
#1162 = ORIENTED_EDGE ( 'NONE', *, *, #742, .T. ) ;
#1163 = CARTESIAN_POINT ( 'NONE',  ( -21.30407792501528519, -51.77972194856115351, 39.29222006351375995 ) ) ;
#1164 = ORIENTED_EDGE ( 'NONE', *, *, #1364, .T. ) ;
#1165 = DIRECTION ( 'NONE',  ( 0.000000000000000000, 1.000000000000000000, 0.000000000000000000 ) ) ;
#1166 = CARTESIAN_POINT ( 'NONE',  ( -17.00000000000000000, 50.00000000000000000, 50.00000000000000000 ) ) ;
#1167 = FACE_OUTER_BOUND ( 'NONE', #978, .T. ) ;
#1168 = CARTESIAN_POINT ( 'NONE',  ( -21.74111275152297651, -39.66314008045551276, -51.49597405724723842 ) ) ;
#1169 = ORIENTED_EDGE ( 'NONE', *, *, #794, .F. ) ;
#1170 = CARTESIAN_POINT ( 'NONE',  ( -17.00000000000000000, -25.99490460639010792, 59.58545641400412762 ) ) ;
#1171 = EDGE_LOOP ( 'NONE', ( #820, #766 ) ) ;
#1172 = CARTESIAN_POINT ( 'NONE',  ( -17.34255233731172652, -57.40543548743313096, 30.49009689051482042 ) ) ;
#1173 = DIRECTION ( 'NONE',  ( -1.000000000000000000, 0.000000000000000000, 0.000000000000000000 ) ) ;
#1174 = DIRECTION ( 'NONE',  ( 0.000000000000000000, 0.000000000000000000, -1.000000000000000000 ) ) ;
#1175 = CARTESIAN_POINT ( 'NONE',  ( -18.08666013084352642, -33.95493625621014644, -55.43518337229124882 ) ) ;
#1176 = CARTESIAN_POINT ( 'NONE',  ( -19.61565906053139940, -53.23870256402955903, -37.29513276665804256 ) ) ;
#1177 = ORIENTED_EDGE ( 'NONE', *, *, #41, .T. ) ;
#1178 = CIRCLE ( 'NONE', #931, 24.99999999999998224 ) ;
#1179 = LINE ( 'NONE', #525, #1363 ) ;
#1180 = AXIS2_PLACEMENT_3D ( 'NONE', #1187, #1049, #1404 ) ;
#1181 = CARTESIAN_POINT ( 'NONE',  ( -17.29597411231582527, 30.14578604218483093, -57.58677772231066427 ) ) ;
#1182 = LINE ( 'NONE', #213, #381 ) ;
#1183 = PERSON_AND_ORGANIZATION_ROLE ( 'creator' ) ;
#1184 = CARTESIAN_POINT ( 'NONE',  ( -17.28110105747891367, -57.64750673688416072, -30.02948138630864960 ) ) ;
#1185 = ORIENTED_EDGE ( 'NONE', *, *, #353, .T. ) ;
#1186 = DIRECTION ( 'NONE',  ( 0.000000000000000000, 0.000000000000000000, 1.000000000000000000 ) ) ;
#1187 = CARTESIAN_POINT ( 'NONE',  ( 845.0000000000000000, 0.000000000000000000, 0.000000000000000000 ) ) ;
#1188 = PERSON_AND_ORGANIZATION_ROLE ( 'classification_officer' ) ;
#1189 = DIRECTION ( 'NONE',  ( 1.000000000000000000, -0.000000000000000000, -0.000000000000000000 ) ) ;
#1190 = CARTESIAN_POINT ( 'NONE',  ( -23.73310644874527142, 40.87745430609481190, 50.53784199553119549 ) ) ;
#1191 = VERTEX_POINT ( 'NONE', #633 ) ;
#1192 = CARTESIAN_POINT ( 'NONE',  ( -18.66411271713582209, 54.47681540436136061, 35.45809682033112153 ) ) ;
#1193 = EDGE_CURVE ( 'NONE', #424, #73, #410, .T. ) ;
#1194 = DIRECTION ( 'NONE',  ( 0.000000000000000000, 0.000000000000000000, -1.000000000000000000 ) ) ;
#1195 = CARTESIAN_POINT ( 'NONE',  ( -17.32025869260204232, -57.49130413927195349, -30.32738145031536448 ) ) ;
#1196 = EDGE_CURVE ( 'NONE', #1362, #516, #828, .T. ) ;
#1197 = EDGE_LOOP ( 'NONE', ( #973, #608, #111 ) ) ;
#1198 = FACE_BOUND ( 'NONE', #623, .T. ) ;
#1199 = CIRCLE ( 'NONE', #764, 34.99999999999999289 ) ;
#1200 = CARTESIAN_POINT ( 'NONE',  ( -17.10628703875553924, 58.53603957188352780, 28.26255621887550262 ) ) ;
#1201 = EDGE_CURVE ( 'NONE', #419, #211, #531, .T. ) ;
#1202 = ORIENTED_EDGE ( 'NONE', *, *, #345, .T. ) ;
#1203 = VERTEX_POINT ( 'NONE', #1381 ) ;
#1204 = CARTESIAN_POINT ( 'NONE',  ( -21.70147977937347861, 39.63126998594579931, -51.52050676312841659 ) ) ;
#1205 = CARTESIAN_POINT ( 'NONE',  ( -24.13454275224558998, 50.41989275935030435, 41.02236529182224700 ) ) ;
#1206 = CARTESIAN_POINT ( 'NONE',  ( -17.00000000000001421, 0.000000000000000000, 0.000000000000000000 ) ) ;
#1207 = DIRECTION ( 'NONE',  ( 0.000000000000000000, 0.000000000000000000, -1.000000000000000000 ) ) ;
#1208 = CARTESIAN_POINT ( 'NONE',  ( -22.21738611686713583, 40.02056448504976061, 51.21876183246355652 ) ) ;
#1209 = ORIENTED_EDGE ( 'NONE', *, *, #846, .F. ) ;
#1210 = CARTESIAN_POINT ( 'NONE',  ( -18.66411271713583275, 35.45809682033093679, -54.47681540436146719 ) ) ;
#1211 = CARTESIAN_POINT ( 'NONE',  ( -17.31307124919571550, 57.51921054147286583, 30.27442405719894936 ) ) ;
#1212 = DIRECTION ( 'NONE',  ( 0.000000000000000000, 0.000000000000000000, -1.000000000000000000 ) ) ;
#1213 = CARTESIAN_POINT ( 'NONE',  ( -17.00000000000001421, 0.000000000000000000, 0.000000000000000000 ) ) ;
#1214 = CARTESIAN_POINT ( 'NONE',  ( -21.74111275152302269, 39.66314008045571882, 51.49597405724705368 ) ) ;
#1215 = EDGE_LOOP ( 'NONE', ( #1399, #1169 ) ) ;
#1216 = CARTESIAN_POINT ( 'NONE',  ( -17.00000000000001421, 0.000000000000000000, 0.000000000000000000 ) ) ;
#1217 = PERSON_AND_ORGANIZATION ( #854, #457 ) ;
#1218 = CARTESIAN_POINT ( 'NONE',  ( -18.09789202189070423, 55.43835825034859255, 33.93829092118211577 ) ) ;
#1219 = AXIS2_PLACEMENT_3D ( 'NONE', #1274, #1376, #100 ) ;
#1220 = CARTESIAN_POINT ( 'NONE',  ( 845.0000000000000000, 0.000000000000000000, 0.000000000000000000 ) ) ;
#1221 = AXIS2_PLACEMENT_3D ( 'NONE', #167, #597, #1013 ) ;
#1222 = B_SPLINE_CURVE_WITH_KNOTS ( 'NONE', 3,
 ( #671, #1111, #418, #945, #710, #535, #759, #639, #867, #1291, #438, #774, #1190, #216, #1310, #645, #1208, #1077, #132, #234, #17, #451, #887, #1214, #139, #357, #1136, #487, #37, #257, #160, #264, #146, #809, #1331, #1004, #702, #587, #686, #910, #466, #165, #1124, #52, #30, #153, #594, #58, #901, #1232, #788, #920, #1223 ),
 .UNSPECIFIED., .F., .F.,
 ( 4, 2, 2, 1, 1, 1, 2, 2, 2, 2, 1, 1, 1, 1, 2, 2, 2, 2, 1, 1, 1, 1, 1, 2, 2, 2, 2, 1, 1, 1, 1, 1, 2, 2, 4 ),
 ( 0.000000000000000000, 0.06249999999998935574, 0.09374999999998404054, 0.1093749999999815842, 0.1171874999999801270, 0.1210937499999794609, 0.1230468749999791278, 0.1249999999999787947, 0.1874999999999635847, 0.2187499999999559519, 0.2343749999999519273, 0.2421874999999495959, 0.2460937499999484301, 0.2480468749999480693, 0.2490234374999479028, 0.2499999999999477363, 0.3749999999999364397, 0.4374999999999310552, 0.4687499999999280575, 0.4843749999999266698, 0.4921874999999257816, 0.4960937499999248379, 0.4980468749999242828, 0.4990234374999242828, 0.4999999999999242828, 0.6249999999999137357, 0.6874999999999081846, 0.7187499999999055200, 0.7343749999999041878, 0.7421874999999034106, 0.7460937499999032996, 0.7480468749999034106, 0.7490234374999036326, 0.7499999999999037437, 1.000000000000000000 ),
 .UNSPECIFIED. ) ;
#1223 = CARTESIAN_POINT ( 'NONE',  ( -17.00000000000001421, 25.00000000000000000, 60.00000000000000000 ) ) ;
#1224 = LOCAL_TIME ( 14, 13, 50.00000000000000000, #966 ) ;
#1225 = ADVANCED_BREP_SHAPE_REPRESENTATION ( 'Boom_Housing_Default_sldprt', ( #983, #747 ), #90 ) ;
#1226 = ORIENTED_EDGE ( 'NONE', *, *, #330, .F. ) ;
#1227 = CARTESIAN_POINT ( 'NONE',  ( -24.19126080717746063, -50.40314466631628676, 41.04294548660356412 ) ) ;
#1228 = ADVANCED_FACE ( 'NONE', ( #834, #1066 ), #860, .F. ) ;
#1229 = CARTESIAN_POINT ( 'NONE',  ( -18.68185356227561300, -54.45004812680105744, 35.49918822427906662 ) ) ;
#1230 = CARTESIAN_POINT ( 'NONE',  ( -17.74787947050993964, 56.19787426394289298, -32.66570435693650154 ) ) ;
#1231 = CARTESIAN_POINT ( 'NONE',  ( -17.00000000000000000, -50.00000000000000000, 41.53311931459039386 ) ) ;
#1232 = CARTESIAN_POINT ( 'NONE',  ( -17.31969148375688050, 30.32321952810058008, 57.49349880549623748 ) ) ;
#1233 = ORIENTED_EDGE ( 'NONE', *, *, #207, .T. ) ;
#1234 = CARTESIAN_POINT ( 'NONE',  ( 0.000000000000000000, 0.000000000000000000, 0.000000000000000000 ) ) ;
#1235 = FACE_OUTER_BOUND ( 'NONE', #1343, .T. ) ;
#1236 = CARTESIAN_POINT ( 'NONE',  ( -18.67440031962149405, -54.46126957269977709, 35.48197038107480239 ) ) ;
#1237 = CARTESIAN_POINT ( 'NONE',  ( -19.52349805232971747, 53.34640868570388506, -37.14015400282021773 ) ) ;
#1238 = CARTESIAN_POINT ( 'NONE',  ( -24.26295901220562001, -41.06817328954110025, -50.38259068304155619 ) ) ;
#1239 = ADVANCED_FACE ( 'NONE', ( #404 ), #1147, .F. ) ;
#1240 = VERTEX_POINT ( 'NONE', #1053 ) ;
#1241 = CARTESIAN_POINT ( 'NONE',  ( -17.00000000000001421, 0.000000000000000000, 0.000000000000000000 ) ) ;
#1242 = CARTESIAN_POINT ( 'NONE',  ( -18.71639846719546085, 54.39838506436290544, -35.57833078967268392 ) ) ;
#1243 = AXIS2_PLACEMENT_3D ( 'NONE', #423, #873, #967 ) ;
#1244 = CARTESIAN_POINT ( 'NONE',  ( -21.90314028777320132, -39.79028701208821417, -51.39782948861880385 ) ) ;
#1245 = VECTOR ( 'NONE', #1360, 1000.000000000000000 ) ;
#1246 = EDGE_LOOP ( 'NONE', ( #658, #530, #1290, #939, #235, #74, #858, #902, #335, #271, #962, #1177, #278, #727, #944, #1394, #991, #445 ) ) ;
#1247 = CC_DESIGN_APPROVAL ( #1151, ( #1318 ) ) ;
#1248 = LINE ( 'NONE', #1007, #1081 ) ;
#1249 = EDGE_CURVE ( 'NONE', #709, #317, #956, .T. ) ;
#1250 = EDGE_CURVE ( 'NONE', #1362, #1153, #1342, .T. ) ;
#1251 = CARTESIAN_POINT ( 'NONE',  ( -18.51881912746801717, -54.70196178202670723, 35.11023209106050302 ) ) ;
#1252 = PLANE ( 'NONE',  #1337 ) ;
#1253 = ORIENTED_EDGE ( 'NONE', *, *, #5, .F. ) ;
#1254 = DIRECTION ( 'NONE',  ( 0.000000000000000000, 0.000000000000000000, -1.000000000000000000 ) ) ;
#1255 = PLANE ( 'NONE',  #408 ) ;
#1256 = CARTESIAN_POINT ( 'NONE',  ( -24.46072591656801265, -50.32708834081550009, 41.13624240826957390 ) ) ;
#1257 = FACE_OUTER_BOUND ( 'NONE', #284, .T. ) ;
#1258 = EDGE_CURVE ( 'NONE', #921, #304, #1390, .T. ) ;
#1259 = CARTESIAN_POINT ( 'NONE',  ( -27.00000000000000000, 50.00000000000000000, 41.53311931459039386 ) ) ;
#1260 = CARTESIAN_POINT ( 'NONE',  ( -17.32098017309821714, 57.48852363358470541, -30.33265117567179914 ) ) ;
#1261 = CARTESIAN_POINT ( 'NONE',  ( -18.75923876658148615, -35.67495929703444091, -54.33511633987985334 ) ) ;
#1262 = ORIENTED_EDGE ( 'NONE', *, *, #904, .T. ) ;
#1263 = PRODUCT_DEFINITION_SHAPE ( 'NONE', 'NONE',  #1318 ) ;
#1264 = CARTESIAN_POINT ( 'NONE',  ( -17.21904664729832390, -57.90234659958194641, 29.54090547490035590 ) ) ;
#1265 = CARTESIAN_POINT ( 'NONE',  ( -17.30732679284696474, 30.23163320448059110, -57.54172131002768253 ) ) ;
#1266 = FACE_OUTER_BOUND ( 'NONE', #1118, .T. ) ;
#1267 = CARTESIAN_POINT ( 'NONE',  ( -18.69513791369404032, -35.52975273856471716, -54.43011255707924079 ) ) ;
#1268 = ORIENTED_EDGE ( 'NONE', *, *, #1104, .F. ) ;
#1269 = AXIS2_PLACEMENT_3D ( 'NONE', #529, #1298, #215 ) ;
#1270 = AXIS2_PLACEMENT_3D ( 'NONE', #222, #660, #765 ) ;
#1271 = EDGE_LOOP ( 'NONE', ( #1087, #125, #687 ) ) ;
#1272 = DIRECTION ( 'NONE',  ( 1.000000000000000000, 0.000000000000000000, -0.000000000000000000 ) ) ;
#1273 = EDGE_CURVE ( 'NONE', #1191, #258, #948, .T. ) ;
#1274 = CARTESIAN_POINT ( 'NONE',  ( -27.00000000000000000, -60.00000000000000000, 0.000000000000000000 ) ) ;
#1275 = DIRECTION ( 'NONE',  ( 0.000000000000000000, 0.000000000000000000, -1.000000000000000000 ) ) ;
#1276 = APPROVAL_ROLE ( '' ) ;
#1277 = VERTEX_POINT ( 'NONE', #852 ) ;
#1278 = CARTESIAN_POINT ( 'NONE',  ( -17.45425366173095583, -31.31076701346394842, 56.97278029463631555 ) ) ;
#1279 = CARTESIAN_POINT ( 'NONE',  ( -137.0000000000000000, 0.000000000000000000, 50.00000000000000000 ) ) ;
#1280 = CARTESIAN_POINT ( 'NONE',  ( -24.23833735886993068, -50.38955987228132472, -41.05962307539544298 ) ) ;
#1281 = B_SPLINE_CURVE_WITH_KNOTS ( 'NONE', 3,
 ( #186, #1170, #1366, #827, #704, #1154, #1052, #386, #603, #733, #596, #412, #1038, #79, #1278, #622, #1138, #1031, #60, #496, #932, #118, #565, #884, #1009, #778, #572, #994, #238, #232, #471, #1002, #23, #548, #985, #459, #9, #1115, #129, #465, #443, #878, #449, #1106, #786, #245, #559, #137, #892, #1308, #255, #1323, #347, #144 ),
 .UNSPECIFIED., .F., .F.,
 ( 4, 2, 2, 1, 1, 1, 1, 1, 2, 2, 2, 2, 1, 1, 1, 1, 1, 2, 2, 2, 2, 1, 1, 1, 1, 1, 2, 2, 2, 2, 1, 1, 1, 2, 2, 4 ),
 ( 0.000000000000000000, 0.1249999999999824585, 0.1874999999999740763, 0.2187499999999694689, 0.2343749999999673872, 0.2421874999999660827, 0.2460937499999656664, 0.2480468749999652223, 0.2490234374999650002, 0.2499999999999647782, 0.3749999999999790168, 0.4374999999999855671, 0.4687499999999884537, 0.4843749999999903966, 0.4921874999999914513, 0.4960937499999921174, 0.4980468749999927280, 0.4990234374999927280, 0.4999999999999927836, 0.6249999999999671374, 0.6874999999999545919, 0.7187499999999485967, 0.7343749999999459321, 0.7421874999999443778, 0.7460937499999434896, 0.7480468749999432676, 0.7490234374999437117, 0.7499999999999441558, 0.8124999999999489297, 0.8437499999999514833, 0.8593749999999529265, 0.8671874999999534817, 0.8710937499999542588, 0.8730468749999547029, 0.8749999999999552580, 1.000000000000000000 ),
 .UNSPECIFIED. ) ;
#1282 = LINE ( 'NONE', #1392, #864 ) ;
#1283 = PERSON_AND_ORGANIZATION ( #854, #457 ) ;
#1284 = EDGE_LOOP ( 'NONE', ( #105, #1262 ) ) ;
#1285 = ORIENTED_EDGE ( 'NONE', *, *, #140, .T. ) ;
#1286 = B_SPLINE_CURVE_WITH_KNOTS ( 'NONE', 3,
 ( #1309, #315, #541, #16, #1317, #1184, #233, #1405, #657, #210, #4, #1195, #638, #444, #879, #631, #1065, #1092, #450, #1070, #534, #885, #223, #739, #437, #1076, #972, #1176, #332 ),
 .UNSPECIFIED., .F., .F.,
 ( 4, 2, 2, 1, 1, 1, 2, 2, 1, 2, 2, 1, 1, 1, 2, 2, 2, 4 ),
 ( 0.000000000000000000, 0.1543581612777230050, 0.2315372419165845352, 0.2411846269964423861, 0.2460083195363710618, 0.2484201658063356632, 0.2496260889413181583, 0.2508320120763006811, 0.2701267822360189919, 0.3087163225554558910, 0.4630744838332037649, 0.4823692539929217982, 0.4920166390727808703, 0.4968403316127108504, 0.4992521778826755074, 0.5016640241526401089, 0.5402535644720691810, 0.6174326451109269920 ),
 .UNSPECIFIED. ) ;
#1287 = CARTESIAN_POINT ( 'NONE',  ( -19.92750360748807381, -52.92851819198302366, -37.73022066248180550 ) ) ;
#1288 = CARTESIAN_POINT ( 'NONE',  ( -17.19928819766662897, 29.31609286137744519, -58.01397117675169568 ) ) ;
#1289 = CARTESIAN_POINT ( 'NONE',  ( -17.00000000000000000, 41.53311931459039386, 50.00000000000000000 ) ) ;
#1290 = ORIENTED_EDGE ( 'NONE', *, *, #244, .T. ) ;
#1291 = CARTESIAN_POINT ( 'NONE',  ( -24.21938041687745624, 41.05282570510721740, 50.39509446235043555 ) ) ;
#1292 = VERTEX_POINT ( 'NONE', #1287 ) ;
#1293 = DIRECTION ( 'NONE',  ( 0.000000000000000000, 0.000000000000000000, -1.000000000000000000 ) ) ;
#1294 = VECTOR ( 'NONE', #1383, 1000.000000000000000 ) ;
#1295 = CARTESIAN_POINT ( 'NONE',  ( -26.26253298497199751, -49.99999999999995737, -41.53311931459042938 ) ) ;
#1296 = EDGE_CURVE ( 'NONE', #1191, #921, #814, .T. ) ;
#1297 = DIRECTION ( 'NONE',  ( 0.000000000000000000, 0.000000000000000000, 1.000000000000000000 ) ) ;
#1298 = DIRECTION ( 'NONE',  ( 1.000000000000000000, 0.000000000000000000, -0.000000000000000000 ) ) ;
#1299 = ORIENTED_EDGE ( 'NONE', *, *, #1201, .F. ) ;
#1300 = CARTESIAN_POINT ( 'NONE',  ( -22.50824021452089951, 40.22937503944150706, -51.05568107697973090 ) ) ;
#1301 = CARTESIAN_POINT ( 'NONE',  ( -18.67097025130415133, 54.46644653337670405, 35.47402248615549780 ) ) ;
#1302 = DIRECTION ( 'NONE',  ( 0.000000000000000000, 0.000000000000000000, -1.000000000000000000 ) ) ;
#1303 = PLANE ( 'NONE',  #1269 ) ;
#1304 = EDGE_LOOP ( 'NONE', ( #781, #810, #373, #1185, #462, #395, #289, #78, #367, #616, #653, #38, #536, #832, #1388, #963 ) ) ;
#1305 = EDGE_CURVE ( 'NONE', #968, #187, #1320, .T. ) ;
#1306 = CARTESIAN_POINT ( 'NONE',  ( -18.30120531260109829, 34.53453422000875150, -55.06741990726681024 ) ) ;
#1307 = CARTESIAN_POINT ( 'NONE',  ( -26.03616055357283798, 49.99999999999997868, 41.53311931459034412 ) ) ;
#1308 = CARTESIAN_POINT ( 'NONE',  ( -24.13454275224946244, -41.02236529182479785, 50.41989275934822246 ) ) ;
#1309 = CARTESIAN_POINT ( 'NONE',  ( -17.00000000000001421, -60.00000000000000000, -25.00000000000001066 ) ) ;
#1310 = CARTESIAN_POINT ( 'NONE',  ( -22.71062284285748589, 40.34375877317629033, 50.96471744870501652 ) ) ;
#1311 = ORIENTED_EDGE ( 'NONE', *, *, #1358, .F. ) ;
#1312 = CARTESIAN_POINT ( 'NONE',  ( -18.63954140116871017, 35.40069693421172303, -54.51414470272536050 ) ) ;
#1313 = CIRCLE ( 'NONE', #606, 54.99999999999979394 ) ;
#1314 = CARTESIAN_POINT ( 'NONE',  ( -23.78911076903702693, 50.52839415381566823, 40.88871131139953263 ) ) ;
#1315 = VECTOR ( 'NONE', #91, 1000.000000000000000 ) ;
#1316 = LINE ( 'NONE', #341, #227 ) ;
#1317 = CARTESIAN_POINT ( 'NONE',  ( -17.21272512457863613, -57.93454734224477676, -29.47701620032239589 ) ) ;
#1318 = PRODUCT_DEFINITION ( '�', '', #724, #632 ) ;
#1319 = EDGE_LOOP ( 'NONE', ( #662, #248, #1311, #726 ) ) ;
#1320 = LINE ( 'NONE', #922, #914 ) ;
#1321 = LINE ( 'NONE', #122, #430 ) ;
#1322 = CARTESIAN_POINT ( 'NONE',  ( -18.40710232802073421, 54.88342837714890976, 34.82669139784409396 ) ) ;
#1323 = CARTESIAN_POINT ( 'NONE',  ( -25.08992898921187376, -41.36747103499557454, 50.13900037609939631 ) ) ;
#1324 = LINE ( 'NONE', #1259, #157 ) ;
#1325 = CARTESIAN_POINT ( 'NONE',  ( -24.17468652082284919, -41.03690296843014806, -50.40806119632314619 ) ) ;
#1326 = ORIENTED_EDGE ( 'NONE', *, *, #41, .F. ) ;
#1327 = CARTESIAN_POINT ( 'NONE',  ( -23.11452834727215233, 40.57203139321919139, -50.78318191293466555 ) ) ;
#1328 = CARTESIAN_POINT ( 'NONE',  ( -87.00000000000000000, -50.00000000000000000, -50.00000000000000000 ) ) ;
#1329 = DIRECTION ( 'NONE',  ( 0.000000000000000000, 0.000000000000000000, -1.000000000000000000 ) ) ;
#1330 = FACE_OUTER_BOUND ( 'NONE', #679, .T. ) ;
#1331 = CARTESIAN_POINT ( 'NONE',  ( -18.68606044708992897, 35.50887698183223762, 54.44372989263420237 ) ) ;
#1332 = ORIENTED_EDGE ( 'NONE', *, *, #515, .T. ) ;
#1333 = CARTESIAN_POINT ( 'NONE',  ( -17.00000000000001421, -60.00000000000000000, 25.00000000000000000 ) ) ;
#1334 = PERSON_AND_ORGANIZATION_ROLE ( 'design_supplier' ) ;
#1335 = DIRECTION ( 'NONE',  ( -1.000000000000000000, 0.000000000000000000, 0.000000000000000000 ) ) ;
#1336 = AXIS2_PLACEMENT_3D ( 'NONE', #1089, #552, #133 ) ;
#1337 = AXIS2_PLACEMENT_3D ( 'NONE', #282, #707, #1149 ) ;
#1338 = CARTESIAN_POINT ( 'NONE',  ( -18.69513791369301714, 54.43011255708073293, -35.52975273856242211 ) ) ;
#1339 = DIRECTION ( 'NONE',  ( 1.000000000000000000, -0.000000000000000000, -0.000000000000000000 ) ) ;
#1340 = CIRCLE ( 'NONE', #158, 54.99999999999989342 ) ;
#1341 = CARTESIAN_POINT ( 'NONE',  ( -17.00000000000001421, 60.00000000000000000, -25.00000000000000000 ) ) ;
#1342 = CIRCLE ( 'NONE', #888, 54.99999999999979394 ) ;
#1343 = EDGE_LOOP ( 'NONE', ( #154, #378, #1162, #161, #493, #1367, #310, #1046 ) ) ;
#1344 = CARTESIAN_POINT ( 'NONE',  ( -23.54145308364548228, -50.60869026622055600, 40.78967631660935211 ) ) ;
#1345 = DIRECTION ( 'NONE',  ( -1.000000000000000000, -0.000000000000000000, 0.000000000000000000 ) ) ;
#1346 = B_SPLINE_CURVE_WITH_KNOTS ( 'NONE', 3,
 ( #591, #906, #42, #1359, #1027, #1033, #1229, #1236, #149, #56, #928, #577, #1251, #281, #1014, #479, #917, #705, #1172, #291, #964, #735, #1157, #188, #610, #1264, #1041, #299, #425, #196 ),
 .UNSPECIFIED., .F., .F.,
 ( 4, 2, 2, 2, 2, 1, 1, 1, 2, 2, 1, 2, 2, 1, 1, 1, 1, 2, 4 ),
 ( 0.3825808592174538836, 0.4597582518152873443, 0.4983469481142040469, 0.4995528448735451210, 0.5007587416328861396, 0.5031705351515685098, 0.5079941221889321401, 0.5176412962636589565, 0.5369356444131128114, 0.6912904296087422074, 0.7298791259076499172, 0.7491734740571036610, 0.7503793708164447906, 0.7515852675757856982, 0.7539970610944670693, 0.7588206481318309216, 0.7684678222065580711, 0.8456452148043722694, 1.000000000000000000 ),
 .UNSPECIFIED. ) ;
#1347 = ADVANCED_FACE ( 'NONE', ( #1235 ), #1140, .F. ) ;
#1348 = CARTESIAN_POINT ( 'NONE',  ( -18.67645457400388054, 54.45817576800472182, -35.48671777740018030 ) ) ;
#1349 = CARTESIAN_POINT ( 'NONE',  ( -21.47920090929717674, -51.66081969397243512, -39.44854479481234932 ) ) ;
#1350 = CARTESIAN_POINT ( 'NONE',  ( -27.00000000000000000, -41.53311931459039386, -50.00000000000000000 ) ) ;
#1351 = VERTEX_POINT ( 'NONE', #1102 ) ;
#1352 = CYLINDRICAL_SURFACE ( 'NONE', #43, 24.99999999999998224 ) ;
#1353 = EDGE_CURVE ( 'NONE', #304, #602, #1126, .T. ) ;
#1354 = CARTESIAN_POINT ( 'NONE',  ( -27.00000000000000000, 60.00000000000000000, 50.00000000000000000 ) ) ;
#1355 = CARTESIAN_POINT ( 'NONE',  ( -26.51819969885975681, 50.00000000000000711, -41.53311931459034412 ) ) ;
#1356 = CARTESIAN_POINT ( 'NONE',  ( -23.31691097561080639, -40.68641424499513448, -50.69221717564705187 ) ) ;
#1357 = ORIENTED_EDGE ( 'NONE', *, *, #198, .F. ) ;
#1358 = EDGE_CURVE ( 'NONE', #1094, #693, #1222, .T. ) ;
#1359 = CARTESIAN_POINT ( 'NONE',  ( -18.93450286951932071, -54.08362073240445511, 36.05630078649236481 ) ) ;
#1360 = DIRECTION ( 'NONE',  ( -1.000000000000000000, 0.000000000000000000, 0.000000000000000000 ) ) ;
#1361 = AXIS2_PLACEMENT_3D ( 'NONE', #399, #1297, #627 ) ;
#1362 = VERTEX_POINT ( 'NONE', #567 ) ;
#1363 = VECTOR ( 'NONE', #99, 1000.000000000000000 ) ;
#1364 = EDGE_CURVE ( 'NONE', #602, #240, #959, .T. ) ;
#1365 = CARTESIAN_POINT ( 'NONE',  ( -17.00000000000000000, -50.00000000000000000, 50.00000000000000000 ) ) ;
#1366 = CARTESIAN_POINT ( 'NONE',  ( -17.02657175968888836, -26.93424048393104187, 59.16508041656511097 ) ) ;
#1367 = ORIENTED_EDGE ( 'NONE', *, *, #345, .F. ) ;
#1368 = CARTESIAN_POINT ( 'NONE',  ( 805.0000000000000000, 0.000000000000000000, -54.99999999999989342 ) ) ;
#1369 = CARTESIAN_POINT ( 'NONE',  ( -17.00000000000001421, -41.53311931459037254, -50.00000000000000000 ) ) ;
#1370 = CARTESIAN_POINT ( 'NONE',  ( -18.08666013085570512, 55.43518337227362736, -33.95493625623893763 ) ) ;
#1371 = CARTESIAN_POINT ( 'NONE',  ( -19.52349805235542135, -37.14015400287849644, -53.34640868566343386 ) ) ;
#1372 = VERTEX_POINT ( 'NONE', #1341 ) ;
#1373 = CARTESIAN_POINT ( 'NONE',  ( -20.31085758557742338, -52.54307055282937711, 38.27094963436555020 ) ) ;
#1374 = ORIENTED_EDGE ( 'NONE', *, *, #1097, .T. ) ;
#1375 = CARTESIAN_POINT ( 'NONE',  ( 805.0000000000000000, 6.735557395310430782E-15, 54.99999999999990052 ) ) ;
#1376 = DIRECTION ( 'NONE',  ( 0.000000000000000000, 0.000000000000000000, -1.000000000000000000 ) ) ;
#1377 = FACE_OUTER_BOUND ( 'NONE', #1171, .T. ) ;
#1378 = ORIENTED_EDGE ( 'NONE', *, *, #1121, .F. ) ;
#1379 = EDGE_CURVE ( 'NONE', #754, #609, #1011, .T. ) ;
#1380 = ORIENTED_EDGE ( 'NONE', *, *, #698, .T. ) ;
#1381 = CARTESIAN_POINT ( 'NONE',  ( -17.00000000000001421, -60.00000000000000000, -25.00000000000001066 ) ) ;
#1382 = DIRECTION ( 'NONE',  ( 1.000000000000000000, 0.000000000000000000, 0.000000000000000000 ) ) ;
#1383 = DIRECTION ( 'NONE',  ( 0.000000000000000000, 0.000000000000000000, -1.000000000000000000 ) ) ;
#1384 = DIRECTION ( 'NONE',  ( 1.000000000000000000, 0.000000000000000000, 0.000000000000000000 ) ) ;
#1385 = VERTEX_POINT ( 'NONE', #1117 ) ;
#1386 = CIRCLE ( 'NONE', #225, 65.00000000000000000 ) ;
#1387 = VECTOR ( 'NONE', #329, 1000.000000000000000 ) ;
#1388 = ORIENTED_EDGE ( 'NONE', *, *, #826, .F. ) ;
#1389 = VECTOR ( 'NONE', #969, 1000.000000000000000 ) ;
#1390 = LINE ( 'NONE', #75, #1061 ) ;
#1391 = CARTESIAN_POINT ( 'NONE',  ( -24.10945908190016951, -50.42729431043791521, -41.01327047990521635 ) ) ;
#1392 = CARTESIAN_POINT ( 'NONE',  ( -17.00000000000000000, -50.00000000000000000, 50.00000000000000000 ) ) ;
#1393 = APPLICATION_PROTOCOL_DEFINITION ( 'international standard', 'config_control_design', 1994, #224 ) ;
#1394 = ORIENTED_EDGE ( 'NONE', *, *, #979, .F. ) ;
#1395 = CARTESIAN_POINT ( 'NONE',  ( -17.00000000000000000, 50.00000000000000000, 50.00000000000000000 ) ) ;
#1396 = CARTESIAN_POINT ( 'NONE',  ( -87.00000000000000000, 50.00000000000000000, -50.00000000000000000 ) ) ;
#1397 = DIRECTION ( 'NONE',  ( 1.000000000000000000, 0.000000000000000000, 0.000000000000000000 ) ) ;
#1398 = DATE_AND_TIME ( #783, #1224 ) ;
#1399 = ORIENTED_EDGE ( 'NONE', *, *, #39, .F. ) ;
#1400 = ORIENTED_EDGE ( 'NONE', *, *, #71, .T. ) ;
#1401 = ADVANCED_FACE ( 'NONE', ( #372 ), #574, .F. ) ;
#1402 = DIRECTION ( 'NONE',  ( 1.000000000000000000, -0.000000000000000000, -0.000000000000000000 ) ) ;
#1403 = CARTESIAN_POINT ( 'NONE',  ( -17.31554775536302415, 30.29273457064802599, -57.50956685436950977 ) ) ;
#1404 = DIRECTION ( 'NONE',  ( 0.000000000000000000, 0.000000000000000000, -1.000000000000000000 ) ) ;
#1405 = CARTESIAN_POINT ( 'NONE',  ( -17.30672224761370970, -57.54407490576588913, -30.22716465201950342 ) ) ;
#1406 = EDGE_LOOP ( 'NONE', ( #522, #1374, #193 ) ) ;
#1407 = EDGE_CURVE ( 'NONE', #351, #419, #394, .T. ) ;
#1408 = VECTOR ( 'NONE', #1146, 1000.000000000000000 ) ;
#1409 = CARTESIAN_POINT ( 'NONE',  ( -21.66691328089499180, 39.60321949539147823, -51.54207721557833821 ) ) ;
ENDSEC;
END-ISO-10303-21;
