ISO-10303-21;
HEADER;
FILE_DESCRIPTION (( 'STEP AP203' ),
    '1' );
FILE_NAME ('boom_XCGM_Default_sldprt.STEP',
    '2026-08-17T06:13:58',
    ( '' ),
    ( '' ),
    'SwSTEP 2.0',
    'SolidWorks 2026',
    '' );
FILE_SCHEMA (( 'CONFIG_CONTROL_DESIGN' ));
ENDSEC;

DATA;
#1 = ORIENTED_EDGE ( 'NONE', *, *, #3661, .F. ) ;
#2 = ORIENTED_EDGE ( 'NONE', *, *, #2506, .T. ) ;
#3 = VECTOR ( 'NONE', #2620, 1000.000000000000000 ) ;
#4 = VECTOR ( 'NONE', #598, 1000.000000000000000 ) ;
#5 = CARTESIAN_POINT ( 'NONE',  ( 1467.133450125188801, 569.9333486084397009, -150.0000000000000284 ) ) ;
#6 = CARTESIAN_POINT ( 'NONE',  ( 1311.293769765892193, 994.8998642608610226, -150.0000000000000284 ) ) ;
#7 = CARTESIAN_POINT ( 'NONE',  ( 1073.819992399008697, 1194.164023263687568, 130.0000000000000000 ) ) ;
#8 = AXIS2_PLACEMENT_3D ( 'NONE', #2186, #2761, #221 ) ;
#9 = CARTESIAN_POINT ( 'NONE',  ( 1983.163289924184710, 1579.690746854398412, 43.00000000000000000 ) ) ;
#10 = EDGE_CURVE ( 'NONE', #1343, #2036, #888, .T. ) ;
#11 = ORIENTED_EDGE ( 'NONE', *, *, #2116, .F. ) ;
#12 = FACE_OUTER_BOUND ( 'NONE', #3341, .T. ) ;
#13 = EDGE_CURVE ( 'NONE', #586, #2931, #3200, .T. ) ;
#14 = LINE ( 'NONE', #3123, #4 ) ;
#15 = LINE ( 'NONE', #859, #3612 ) ;
#16 = ADVANCED_FACE ( 'NONE', ( #2076 ), #651, .T. ) ;
#17 = CARTESIAN_POINT ( 'NONE',  ( 3294.353850041327860, 1195.729460061636019, 130.0000000000000000 ) ) ;
#18 = VERTEX_POINT ( 'NONE', #3459 ) ;
#19 = ORIENTED_EDGE ( 'NONE', *, *, #3401, .T. ) ;
#20 = DIRECTION ( 'NONE',  ( 0.000000000000000000, 0.000000000000000000, 1.000000000000000000 ) ) ;
#21 = DIRECTION ( 'NONE',  ( 1.000000000000000000, 0.000000000000000000, 0.000000000000000000 ) ) ;
#22 = CARTESIAN_POINT ( 'NONE',  ( 1311.293769765892193, 994.8998642608610226, 135.0000000000000000 ) ) ;
#23 = ORIENTED_EDGE ( 'NONE', *, *, #1075, .T. ) ;
#24 = EDGE_CURVE ( 'NONE', #699, #3185, #1710, .T. ) ;
#25 = DIRECTION ( 'NONE',  ( 1.000000000000000000, 0.000000000000000000, 0.000000000000000000 ) ) ;
#26 = DIRECTION ( 'NONE',  ( -1.000000000000000000, 0.000000000000000000, 0.000000000000000000 ) ) ;
#27 = CARTESIAN_POINT ( 'NONE',  ( 3346.090394174529592, 1210.673689755841451, 108.0000000000000142 ) ) ;
#28 = ORIENTED_EDGE ( 'NONE', *, *, #1940, .F. ) ;
#29 = ORIENTED_EDGE ( 'NONE', *, *, #3031, .T. ) ;
#30 = VERTEX_POINT ( 'NONE', #2540 ) ;
#31 = EDGE_CURVE ( 'NONE', #1461, #214, #3425, .T. ) ;
#32 = VECTOR ( 'NONE', #2807, 1000.000000000000000 ) ;
#33 = CYLINDRICAL_SURFACE ( 'NONE', #2205, 310.0053239921676322 ) ;
#34 = PLANE ( 'NONE',  #3490 ) ;
#35 = CARTESIAN_POINT ( 'NONE',  ( 3316.347008179312070, 912.1517793547128576, 108.0000000000000142 ) ) ;
#36 = LINE ( 'NONE', #3069, #3137 ) ;
#37 = CIRCLE ( 'NONE', #168, 99.99999999999987210 ) ;
#38 = DIRECTION ( 'NONE',  ( -0.000000000000000000, -0.000000000000000000, 1.000000000000000000 ) ) ;
#39 = DIRECTION ( 'NONE',  ( 1.000000000000000000, 0.000000000000000000, 0.000000000000000000 ) ) ;
#40 = CIRCLE ( 'NONE', #290, 30.00000000000002842 ) ;
#41 = CARTESIAN_POINT ( 'NONE',  ( 1352.674452321006356, 1753.899426706029317, 105.0000000000000000 ) ) ;
#42 = EDGE_CURVE ( 'NONE', #2115, #276, #1014, .T. ) ;
#43 = LINE ( 'NONE', #1560, #2355 ) ;
#44 = VERTEX_POINT ( 'NONE', #1955 ) ;
#45 = APPROVAL_PERSON_ORGANIZATION ( #2854, #256, #3104 ) ;
#46 = ORIENTED_EDGE ( 'NONE', *, *, #3530, .T. ) ;
#47 = ORIENTED_EDGE ( 'NONE', *, *, #1291, .T. ) ;
#48 = CIRCLE ( 'NONE', #955, 310.0000323772092088 ) ;
#49 = CIRCLE ( 'NONE', #3080, 310.0053239921676322 ) ;
#50 = DIRECTION ( 'NONE',  ( -0.000000000000000000, -0.000000000000000000, 1.000000000000000000 ) ) ;
#51 = ORIENTED_EDGE ( 'NONE', *, *, #2941, .T. ) ;
#52 = VECTOR ( 'NONE', #2920, 1000.000000000000000 ) ;
#53 = PERSON_AND_ORGANIZATION ( #442, #1188 ) ;
#54 = CARTESIAN_POINT ( 'NONE',  ( 1230.365799264589896, 1230.365799264594671, -82.99999999999998579 ) ) ;
#55 = VECTOR ( 'NONE', #907, 1000.000000000000000 ) ;
#56 = ORIENTED_EDGE ( 'NONE', *, *, #3046, .T. ) ;
#57 = VERTEX_POINT ( 'NONE', #305 ) ;
#58 = EDGE_CURVE ( 'NONE', #1751, #733, #1498, .T. ) ;
#59 = CARTESIAN_POINT ( 'NONE',  ( 3316.347008179312070, 912.1517793547128576, 108.0000000000000142 ) ) ;
#60 = DIRECTION ( 'NONE',  ( 0.9786376751969829701, 0.2055925598971045931, 0.000000000000000000 ) ) ;
#61 = LINE ( 'NONE', #1493, #953 ) ;
#62 = CARTESIAN_POINT ( 'NONE',  ( 1073.911064018044726, 1194.272558192857332, 140.0000000000000000 ) ) ;
#63 = DIRECTION ( 'NONE',  ( 1.000000000000000000, 0.000000000000000000, 0.000000000000000000 ) ) ;
#64 = ORIENTED_EDGE ( 'NONE', *, *, #1089, .F. ) ;
#65 = ORIENTED_EDGE ( 'NONE', *, *, #132, .F. ) ;
#66 = VERTEX_POINT ( 'NONE', #2632 ) ;
#67 = EDGE_CURVE ( 'NONE', #2931, #1781, #2349, .T. ) ;
#68 = CARTESIAN_POINT ( 'NONE',  ( 3283.580471521982417, 1188.464331030797439, 135.0000000000000000 ) ) ;
#69 = EDGE_LOOP ( 'NONE', ( #135, #220 ) ) ;
#70 = DIRECTION ( 'NONE',  ( -0.000000000000000000, -0.000000000000000000, 1.000000000000000000 ) ) ;
#71 = ORIENTED_EDGE ( 'NONE', *, *, #2357, .T. ) ;
#72 = EDGE_CURVE ( 'NONE', #2393, #1792, #3244, .T. ) ;
#73 = CARTESIAN_POINT ( 'NONE',  ( 1081.480436830198414, 1187.736147166822320, 82.99999999999998579 ) ) ;
#74 = EDGE_CURVE ( 'NONE', #2393, #30, #559, .T. ) ;
#75 = ORIENTED_EDGE ( 'NONE', *, *, #1098, .T. ) ;
#76 = DIRECTION ( 'NONE',  ( -0.3621048707768527719, 0.9321373624952916659, 0.000000000000000000 ) ) ;
#77 = DIRECTION ( 'NONE',  ( 0.000000000000000000, 0.000000000000000000, 1.000000000000000000 ) ) ;
#78 = EDGE_CURVE ( 'NONE', #3657, #3034, #1992, .T. ) ;
#79 = DIRECTION ( 'NONE',  ( -0.3621048707768533825, 0.9321373624952914438, 0.000000000000000000 ) ) ;
#80 = CARTESIAN_POINT ( 'NONE',  ( 1081.480436830198414, 1187.736147166822320, -82.99999999999998579 ) ) ;
#81 = ORIENTED_EDGE ( 'NONE', *, *, #1950, .T. ) ;
#82 = ORIENTED_EDGE ( 'NONE', *, *, #3301, .T. ) ;
#83 = ORIENTED_EDGE ( 'NONE', *, *, #3206, .T. ) ;
#84 = VERTEX_POINT ( 'NONE', #68 ) ;
#85 = PERSON_AND_ORGANIZATION_ROLE ( 'classification_officer' ) ;
#86 = LINE ( 'NONE', #2353, #1243 ) ;
#87 = ADVANCED_FACE ( 'NONE', ( #1693 ), #258, .F. ) ;
#88 = EDGE_LOOP ( 'NONE', ( #2756, #1360, #1288, #3026, #2616, #2157 ) ) ;
#89 = EDGE_LOOP ( 'NONE', ( #1817, #1907, #672, #2884 ) ) ;
#90 = CARTESIAN_POINT ( 'NONE',  ( 1957.213206220272241, 1662.573725405637333, 43.00000000000000000 ) ) ;
#91 = ORIENTED_EDGE ( 'NONE', *, *, #326, .T. ) ;
#92 = DIRECTION ( 'NONE',  ( -0.9188323965756164391, 0.3946479785873850399, -0.000000000000000000 ) ) ;
#93 = CARTESIAN_POINT ( 'NONE',  ( 64.39926034060059123, -8.816760606001992073, -130.0000000000000000 ) ) ;
#94 = DIRECTION ( 'NONE',  ( -0.000000000000000000, -0.000000000000000000, -1.000000000000000000 ) ) ;
#95 = CARTESIAN_POINT ( 'NONE',  ( 65.00000000000000000, 0.000000000000000000, -130.0000000000000000 ) ) ;
#96 = EDGE_CURVE ( 'NONE', #616, #196, #1419, .T. ) ;
#97 = VECTOR ( 'NONE', #3307, 1000.000000000000000 ) ;
#98 = CARTESIAN_POINT ( 'NONE',  ( 1311.293769765892193, 994.8998642608610226, -140.0000000000000000 ) ) ;
#99 = CARTESIAN_POINT ( 'NONE',  ( 0.000000000000000000, 0.000000000000000000, -150.0000000000000284 ) ) ;
#100 = ORIENTED_EDGE ( 'NONE', *, *, #2873, .T. ) ;
#101 = AXIS2_PLACEMENT_3D ( 'NONE', #2329, #3455, #322 ) ;
#102 = VERTEX_POINT ( 'NONE', #2563 ) ;
#103 = ORIENTED_EDGE ( 'NONE', *, *, #2822, .F. ) ;
#104 = LINE ( 'NONE', #1438, #548 ) ;
#105 = DIRECTION ( 'NONE',  ( -0.04985963054998234639, -0.9987562351452027309, 0.000000000000000000 ) ) ;
#106 = AXIS2_PLACEMENT_3D ( 'NONE', #3359, #2559, #2813 ) ;
#107 = ADVANCED_FACE ( 'NONE', ( #2523 ), #2275, .T. ) ;
#108 = AXIS2_PLACEMENT_3D ( 'NONE', #1045, #400, #2723 ) ;
#109 = VECTOR ( 'NONE', #70, 1000.000000000000000 ) ;
#110 = DIRECTION ( 'NONE',  ( 0.000000000000000000, -0.000000000000000000, -1.000000000000000000 ) ) ;
#111 = VECTOR ( 'NONE', #2095, 1000.000000000000000 ) ;
#112 = ORIENTED_EDGE ( 'NONE', *, *, #1442, .F. ) ;
#113 = VECTOR ( 'NONE', #2662, 1000.000000000000114 ) ;
#114 = VECTOR ( 'NONE', #624, 1000.000000000000000 ) ;
#115 = FACE_OUTER_BOUND ( 'NONE', #2772, .T. ) ;
#116 = ORIENTED_EDGE ( 'NONE', *, *, #2241, .T. ) ;
#117 = AXIS2_PLACEMENT_3D ( 'NONE', #2855, #2565, #3362 ) ;
#118 = CARTESIAN_POINT ( 'NONE',  ( 3144.005435556837256, -313.2546187821735089, 135.0000000000000000 ) ) ;
#119 = VERTEX_POINT ( 'NONE', #2929 ) ;
#120 = EDGE_CURVE ( 'NONE', #2226, #2751, #2394, .T. ) ;
#121 = CARTESIAN_POINT ( 'NONE',  ( 0.000000000000000000, 0.000000000000000000, 130.0000000000000000 ) ) ;
#122 = CARTESIAN_POINT ( 'NONE',  ( 3572.428216253328173, 1037.379698913113543, -130.0000000000000000 ) ) ;
#123 = DIRECTION ( 'NONE',  ( -1.000000000000000000, 0.000000000000000000, 0.000000000000000000 ) ) ;
#124 = LINE ( 'NONE', #2703, #478 ) ;
#125 = EDGE_CURVE ( 'NONE', #84, #137, #3291, .T. ) ;
#126 = DIRECTION ( 'NONE',  ( 0.000000000000000000, 0.000000000000000000, 1.000000000000000000 ) ) ;
#127 = CARTESIAN_POINT ( 'NONE',  ( 0.000000000000000000, 0.000000000000000000, -190.0000000000000000 ) ) ;
#128 = EDGE_LOOP ( 'NONE', ( #2526, #755, #364, #1735 ) ) ;
#129 = ORIENTED_EDGE ( 'NONE', *, *, #741, .T. ) ;
#130 = ORIENTED_EDGE ( 'NONE', *, *, #2717, .F. ) ;
#131 = LINE ( 'NONE', #1303, #2187 ) ;
#132 = EDGE_CURVE ( 'NONE', #276, #607, #1873, .T. ) ;
#133 = DIRECTION ( 'NONE',  ( 1.000000000000000000, 0.000000000000000000, 0.000000000000000000 ) ) ;
#134 = DIRECTION ( 'NONE',  ( -0.000000000000000000, -0.000000000000000000, -1.000000000000000000 ) ) ;
#135 = ORIENTED_EDGE ( 'NONE', *, *, #1311, .T. ) ;
#136 = DIRECTION ( 'NONE',  ( -0.000000000000000000, -0.000000000000000000, -1.000000000000000000 ) ) ;
#137 = VERTEX_POINT ( 'NONE', #2648 ) ;
#138 = DIRECTION ( 'NONE',  ( -0.6427876096865382527, -0.7660444431189789016, -0.000000000000000000 ) ) ;
#139 = ORIENTED_EDGE ( 'NONE', *, *, #1089, .T. ) ;
#140 = CARTESIAN_POINT ( 'NONE',  ( 1257.924866982799813, 1188.646525703049065, -82.99999999999998579 ) ) ;
#141 = LINE ( 'NONE', #3233, #1235 ) ;
#142 = EDGE_CURVE ( 'NONE', #1224, #439, #131, .T. ) ;
#143 = LINE ( 'NONE', #376, #1312 ) ;
#144 = CARTESIAN_POINT ( 'NONE',  ( 3346.090394174529592, 1210.673689755841451, -108.0000000000000142 ) ) ;
#145 = PLANE ( 'NONE',  #599 ) ;
#146 = ADVANCED_FACE ( 'NONE', ( #3272 ), #3584, .T. ) ;
#147 = DIRECTION ( 'NONE',  ( 1.000000000000000000, 0.000000000000000000, 0.000000000000000000 ) ) ;
#148 = ORIENTED_EDGE ( 'NONE', *, *, #592, .T. ) ;
#149 = ORIENTED_EDGE ( 'NONE', *, *, #3370, .F. ) ;
#150 = DIRECTION ( 'NONE',  ( 0.9411964128971334054, 0.3378599004758757185, 0.000000000000000000 ) ) ;
#151 = CARTESIAN_POINT ( 'NONE',  ( 0.000000000000000000, 0.000000000000000000, -130.0000000000000000 ) ) ;
#152 = ORIENTED_EDGE ( 'NONE', *, *, #2227, .T. ) ;
#153 = DIRECTION ( 'NONE',  ( -0.4846167061386938424, -0.8747266133663036403, -0.000000000000000000 ) ) ;
#154 = ORIENTED_EDGE ( 'NONE', *, *, #3408, .T. ) ;
#155 = DIRECTION ( 'NONE',  ( 0.000000000000000000, 0.000000000000000000, 1.000000000000000000 ) ) ;
#156 = CYLINDRICAL_SURFACE ( 'NONE', #2969, 299.9999999999998295 ) ;
#157 = EDGE_LOOP ( 'NONE', ( #2978, #1119, #1011, #2331 ) ) ;
#158 = CARTESIAN_POINT ( 'NONE',  ( 579.8708342162759664, 1980.202666426642509, -105.0000000000000000 ) ) ;
#159 = CARTESIAN_POINT ( 'NONE',  ( 3294.353850041327405, 1195.729460061635791, 115.0000000000000000 ) ) ;
#160 = CARTESIAN_POINT ( 'NONE',  ( 0.000000000000000000, 0.000000000000000000, -190.0000000000000000 ) ) ;
#161 = CARTESIAN_POINT ( 'NONE',  ( 1549.772507406236628, 1706.602339723742034, -65.00000000000000000 ) ) ;
#162 = CARTESIAN_POINT ( 'NONE',  ( 1209.724174309755654, 1287.793903432650268, 115.0000000000000000 ) ) ;
#163 = DIRECTION ( 'NONE',  ( -0.000000000000000000, -0.000000000000000000, -1.000000000000000000 ) ) ;
#164 = ORIENTED_EDGE ( 'NONE', *, *, #2118, .T. ) ;
#165 = ORIENTED_EDGE ( 'NONE', *, *, #2360, .T. ) ;
#166 = DIRECTION ( 'NONE',  ( -0.09914461998405910137, -0.9950730346704289575, 0.000000000000000000 ) ) ;
#167 = EDGE_CURVE ( 'NONE', #1618, #66, #1813, .T. ) ;
#168 = AXIS2_PLACEMENT_3D ( 'NONE', #2515, #1147, #1892 ) ;
#169 = CARTESIAN_POINT ( 'NONE',  ( 64.39926034060059123, -8.816760606001992073, -130.0000000000000000 ) ) ;
#170 = EDGE_LOOP ( 'NONE', ( #2766, #2375, #879, #1820 ) ) ;
#171 = DIRECTION ( 'NONE',  ( 0.000000000000000000, 0.000000000000000000, 1.000000000000000000 ) ) ;
#172 = ORIENTED_EDGE ( 'NONE', *, *, #1940, .T. ) ;
#173 = AXIS2_PLACEMENT_3D ( 'NONE', #2429, #3263, #730 ) ;
#174 = ADVANCED_FACE ( 'NONE', ( #1267, #1597 ), #191, .F. ) ;
#175 = LINE ( 'NONE', #1879, #833 ) ;
#176 = AXIS2_PLACEMENT_3D ( 'NONE', #2974, #2709, #3225 ) ;
#177 = DIRECTION ( 'NONE',  ( 1.000000000000000000, 0.000000000000000000, 0.000000000000000000 ) ) ;
#178 = AXIS2_PLACEMENT_3D ( 'NONE', #2416, #3312, #3277 ) ;
#179 = AXIS2_PLACEMENT_3D ( 'NONE', #2215, #1141, #1371 ) ;
#180 = DIRECTION ( 'NONE',  ( 0.000000000000000000, 0.000000000000000000, 1.000000000000000000 ) ) ;
#181 = CC_DESIGN_APPROVAL ( #404, ( #3434 ) ) ;
#182 = CIRCLE ( 'NONE', #345, 310.0053239921676322 ) ;
#183 = LINE ( 'NONE', #2999, #2308 ) ;
#184 = CIRCLE ( 'NONE', #655, 30.00000000000002842 ) ;
#185 = CARTESIAN_POINT ( 'NONE',  ( 1897.213206220272241, 1662.573725405637333, -65.00000000000000000 ) ) ;
#186 = AXIS2_PLACEMENT_3D ( 'NONE', #1642, #180, #1317 ) ;
#187 = CARTESIAN_POINT ( 'NONE',  ( 1200.330162775168219, 1284.359840636884883, -130.0000000000000000 ) ) ;
#188 = CARTESIAN_POINT ( 'NONE',  ( 3316.347008179312070, 912.1517793547128576, -108.0000000000000142 ) ) ;
#189 = ORIENTED_EDGE ( 'NONE', *, *, #3167, .F. ) ;
#190 = ORIENTED_EDGE ( 'NONE', *, *, #2992, .T. ) ;
#191 = PLANE ( 'NONE',  #1526 ) ;
#192 = FACE_OUTER_BOUND ( 'NONE', #476, .T. ) ;
#193 = ORIENTED_EDGE ( 'NONE', *, *, #1989, .T. ) ;
#194 = ADVANCED_FACE ( 'NONE', ( #384 ), #752, .T. ) ;
#195 = VERTEX_POINT ( 'NONE', #1580 ) ;
#196 = VERTEX_POINT ( 'NONE', #3243 ) ;
#197 = FACE_OUTER_BOUND ( 'NONE', #1643, .T. ) ;
#198 = CARTESIAN_POINT ( 'NONE',  ( 1311.293769765892193, 994.8998642608610226, -150.0000000000000284 ) ) ;
#199 = PLANE ( 'NONE',  #2311 ) ;
#200 = ORIENTED_EDGE ( 'NONE', *, *, #3390, .F. ) ;
#201 = CARTESIAN_POINT ( 'NONE',  ( 3602.428216253327719, 1037.379698913113543, 108.0000000000000142 ) ) ;
#202 = EDGE_CURVE ( 'NONE', #453, #1462, #1841, .T. ) ;
#203 = EDGE_CURVE ( 'NONE', #1122, #1135, #2973, .T. ) ;
#204 = DIRECTION ( 'NONE',  ( -1.000000000000000000, 0.000000000000000000, 0.000000000000000000 ) ) ;
#205 = ADVANCED_FACE ( 'NONE', ( #1326 ), #1247, .T. ) ;
#206 = PLANE ( 'NONE',  #718 ) ;
#207 = CARTESIAN_POINT ( 'NONE',  ( 3268.576248845471582, 937.0104710473243586, 130.0000000000000000 ) ) ;
#208 = ORIENTED_EDGE ( 'NONE', *, *, #466, .F. ) ;
#209 = ORIENTED_EDGE ( 'NONE', *, *, #1950, .F. ) ;
#210 = VERTEX_POINT ( 'NONE', #435 ) ;
#211 = CARTESIAN_POINT ( 'NONE',  ( 42.13244437154385480, -35.35331853275958025, 130.0000000000000000 ) ) ;
#212 = CARTESIAN_POINT ( 'NONE',  ( 781.9345791031233830, 1522.403183421872200, -140.0000000000000000 ) ) ;
#213 = ORIENTED_EDGE ( 'NONE', *, *, #2992, .F. ) ;
#214 = VERTEX_POINT ( 'NONE', #1564 ) ;
#215 = CARTESIAN_POINT ( 'NONE',  ( 1203.951248641350958, 1275.038371358024278, 140.0000000000000000 ) ) ;
#216 = EDGE_LOOP ( 'NONE', ( #1480, #1340, #1540, #656 ) ) ;
#217 = CARTESIAN_POINT ( 'NONE',  ( 1541.988273482522118, 1257.230264299567352, -82.99999999999998579 ) ) ;
#218 = DIRECTION ( 'NONE',  ( -0.000000000000000000, 0.000000000000000000, -1.000000000000000000 ) ) ;
#219 = EDGE_CURVE ( 'NONE', #3056, #1773, #2692, .T. ) ;
#220 = ORIENTED_EDGE ( 'NONE', *, *, #3167, .T. ) ;
#221 = DIRECTION ( 'NONE',  ( -1.000000000000000000, 0.000000000000000000, 0.000000000000000000 ) ) ;
#222 = DIRECTION ( 'NONE',  ( 1.000000000000000000, 0.000000000000000000, 0.000000000000000000 ) ) ;
#223 = LINE ( 'NONE', #3303, #1248 ) ;
#224 = CYLINDRICAL_SURFACE ( 'NONE', #2356, 490.0000000000004547 ) ;
#225 = ORIENTED_EDGE ( 'NONE', *, *, #24, .F. ) ;
#226 = ORIENTED_EDGE ( 'NONE', *, *, #741, .F. ) ;
#227 = ADVANCED_FACE ( 'NONE', ( #1283 ), #972, .F. ) ;
#228 = LINE ( 'NONE', #3028, #332 ) ;
#229 = PLANE ( 'NONE',  #2138 ) ;
#230 = ORIENTED_EDGE ( 'NONE', *, *, #3264, .F. ) ;
#231 = ORIENTED_EDGE ( 'NONE', *, *, #3601, .T. ) ;
#232 = EDGE_CURVE ( 'NONE', #2040, #3007, #2708, .T. ) ;
#233 = FACE_OUTER_BOUND ( 'NONE', #2877, .T. ) ;
#234 = AXIS2_PLACEMENT_3D ( 'NONE', #198, #2657, #1022 ) ;
#235 = PERSON_AND_ORGANIZATION ( #442, #1188 ) ;
#236 = DIRECTION ( 'NONE',  ( 1.000000000000000000, 0.000000000000000000, 0.000000000000000000 ) ) ;
#237 = VECTOR ( 'NONE', #2372, 1000.000000000000000 ) ;
#238 = LINE ( 'NONE', #158, #922 ) ;
#239 = CIRCLE ( 'NONE', #2897, 30.00000000000002842 ) ;
#240 = LINE ( 'NONE', #563, #841 ) ;
#241 = AXIS2_PLACEMENT_3D ( 'NONE', #3201, #2912, #133 ) ;
#242 = DIRECTION ( 'NONE',  ( -0.3621048707768551589, 0.9321373624952907777, 0.000000000000000000 ) ) ;
#243 = ORIENTED_EDGE ( 'NONE', *, *, #1606, .T. ) ;
#244 = VECTOR ( 'NONE', #94, 1000.000000000000000 ) ;
#245 = DIRECTION ( 'NONE',  ( 1.000000000000000000, 0.000000000000000000, 0.000000000000000000 ) ) ;
#246 = EDGE_CURVE ( 'NONE', #1638, #2142, #3569, .T. ) ;
#247 = AXIS2_PLACEMENT_3D ( 'NONE', #2779, #3575, #1041 ) ;
#248 = CYLINDRICAL_SURFACE ( 'NONE', #2297, 310.0053239921676322 ) ;
#249 = DIRECTION ( 'NONE',  ( -0.1823542384240916248, -0.9832328980098100635, 0.000000000000000000 ) ) ;
#250 = ORIENTED_EDGE ( 'NONE', *, *, #335, .T. ) ;
#251 = ORIENTED_EDGE ( 'NONE', *, *, #634, .T. ) ;
#252 = AXIS2_PLACEMENT_3D ( 'NONE', #1628, #522, #1645 ) ;
#253 = EDGE_CURVE ( 'NONE', #3197, #299, #1517, .T. ) ;
#254 = CYLINDRICAL_SURFACE ( 'NONE', #349, 65.00000000000000000 ) ;
#255 = EDGE_CURVE ( 'NONE', #3150, #631, #2496, .T. ) ;
#256 = APPROVAL ( #3361, '未' ) ;
#257 = FACE_OUTER_BOUND ( 'NONE', #2237, .T. ) ;
#258 = CYLINDRICAL_SURFACE ( 'NONE', #2295, 490.0216242335462198 ) ;
#259 = LINE ( 'NONE', #1695, #1721 ) ;
#260 = PLANE ( 'NONE',  #721 ) ;
#261 = CARTESIAN_POINT ( 'NONE',  ( 1541.988273482522118, 1257.230264299567352, 82.99999999999998579 ) ) ;
#262 = DIRECTION ( 'NONE',  ( -0.000000000000000000, -0.000000000000000000, -1.000000000000000000 ) ) ;
#263 = VERTEX_POINT ( 'NONE', #2769 ) ;
#264 = LINE ( 'NONE', #863, #473 ) ;
#265 = EDGE_CURVE ( 'NONE', #477, #66, #1941, .T. ) ;
#266 = DIRECTION ( 'NONE',  ( 0.6835914424816253998, -0.7298648777451143266, 0.000000000000000000 ) ) ;
#267 = ORIENTED_EDGE ( 'NONE', *, *, #765, .T. ) ;
#268 = VERTEX_POINT ( 'NONE', #2532 ) ;
#269 = CARTESIAN_POINT ( 'NONE',  ( 1230.365799264589896, 1230.365799264594671, 82.99999999999998579 ) ) ;
#270 = PLANE ( 'NONE',  #1468 ) ;
#271 = DIRECTION ( 'NONE',  ( 0.000000000000000000, 0.000000000000000000, -1.000000000000000000 ) ) ;
#272 = APPROVAL_STATUS ( 'not_yet_approved' ) ;
#273 = DIRECTION ( 'NONE',  ( -0.000000000000000000, -0.000000000000000000, -1.000000000000000000 ) ) ;
#274 = CARTESIAN_POINT ( 'NONE',  ( 3572.428216253328173, 1037.379698913113543, -108.0000000000000142 ) ) ;
#275 = FACE_OUTER_BOUND ( 'NONE', #2575, .T. ) ;
#276 = VERTEX_POINT ( 'NONE', #1066 ) ;
#277 = CARTESIAN_POINT ( 'NONE',  ( 1927.213206220272241, 1662.573725405637333, 65.00000000000000000 ) ) ;
#278 = LINE ( 'NONE', #2533, #1055 ) ;
#279 = ORIENTED_EDGE ( 'NONE', *, *, #72, .F. ) ;
#280 = EDGE_LOOP ( 'NONE', ( #3458, #226, #2792, #1391, #1064, #2899 ) ) ;
#281 = EDGE_CURVE ( 'NONE', #1654, #586, #3044, .T. ) ;
#282 = CARTESIAN_POINT ( 'NONE',  ( 1200.365799264589896, 1230.365799264594671, 42.99999999999999289 ) ) ;
#283 = PLANE ( 'NONE',  #3431 ) ;
#284 = EDGE_CURVE ( 'NONE', #477, #2333, #1374, .T. ) ;
#285 = CARTESIAN_POINT ( 'NONE',  ( 1367.823583677360602, 1299.702062643902082, -105.0000000000000000 ) ) ;
#286 = VECTOR ( 'NONE', #150, 1000.000000000000227 ) ;
#287 = DIRECTION ( 'NONE',  ( 0.4846167061386940644, 0.8747266133663035292, 0.000000000000000000 ) ) ;
#288 = DIRECTION ( 'NONE',  ( 0.000000000000000000, 0.000000000000000000, 1.000000000000000000 ) ) ;
#289 = ORIENTED_EDGE ( 'NONE', *, *, #2991, .T. ) ;
#290 = AXIS2_PLACEMENT_3D ( 'NONE', #2487, #1616, #222 ) ;
#291 = AXIS2_PLACEMENT_3D ( 'NONE', #3473, #878, #2072 ) ;
#292 = DIRECTION ( 'NONE',  ( 1.000000000000000000, 0.000000000000000000, 0.000000000000000000 ) ) ;
#293 = AXIS2_PLACEMENT_3D ( 'NONE', #620, #2606, #3449 ) ;
#294 = CARTESIAN_POINT ( 'NONE',  ( 3346.090394174529592, 1210.673689755841451, 130.0000000000000000 ) ) ;
#295 = VECTOR ( 'NONE', #1708, 1000.000000000000000 ) ;
#296 = CIRCLE ( 'NONE', #2256, 30.00000000000002842 ) ;
#297 = VECTOR ( 'NONE', #728, 1000.000000000000000 ) ;
#298 = VERTEX_POINT ( 'NONE', #1651 ) ;
#299 = VERTEX_POINT ( 'NONE', #3375 ) ;
#300 = CIRCLE ( 'NONE', #2504, 99.99999999999987210 ) ;
#301 = VECTOR ( 'NONE', #873, 1000.000000000000000 ) ;
#302 = EDGE_CURVE ( 'NONE', #3486, #1409, #498, .T. ) ;
#303 = CARTESIAN_POINT ( 'NONE',  ( 582.6811579132299812, 1989.799649323278345, -135.0000000000000000 ) ) ;
#304 = DIRECTION ( 'NONE',  ( -0.000000000000000000, -0.000000000000000000, 1.000000000000000000 ) ) ;
#305 = CARTESIAN_POINT ( 'NONE',  ( 1203.951248641350958, 1275.038371358024733, -150.0000000000000284 ) ) ;
#306 = DIRECTION ( 'NONE',  ( -0.09914461998405910137, -0.9950730346704289575, 0.000000000000000000 ) ) ;
#307 = PLANE ( 'NONE',  #493 ) ;
#308 = ORIENTED_EDGE ( 'NONE', *, *, #3415, .T. ) ;
#309 = FACE_OUTER_BOUND ( 'NONE', #3502, .T. ) ;
#310 = LINE ( 'NONE', #3126, #3180 ) ;
#311 = FACE_OUTER_BOUND ( 'NONE', #1143, .T. ) ;
#312 = EDGE_CURVE ( 'NONE', #914, #363, #37, .T. ) ;
#313 = ORIENTED_EDGE ( 'NONE', *, *, #2219, .F. ) ;
#314 = EDGE_LOOP ( 'NONE', ( #2987, #2185, #3270, #3042 ) ) ;
#315 = DIRECTION ( 'NONE',  ( -1.000000000000000000, 0.000000000000000000, 0.000000000000000000 ) ) ;
#316 = LINE ( 'NONE', #1179, #111 ) ;
#317 = LINE ( 'NONE', #2589, #342 ) ;
#318 = ORIENTED_EDGE ( 'NONE', *, *, #3124, .F. ) ;
#319 = PLANE ( 'NONE',  #1013 ) ;
#320 = EDGE_CURVE ( 'NONE', #2634, #2738, #513, .T. ) ;
#321 = CARTESIAN_POINT ( 'NONE',  ( 1927.213206220272241, 1662.573725405637333, -65.00000000000000000 ) ) ;
#322 = DIRECTION ( 'NONE',  ( 1.000000000000000000, 0.000000000000000000, 0.000000000000000000 ) ) ;
#323 = ORIENTED_EDGE ( 'NONE', *, *, #3301, .F. ) ;
#324 = ORIENTED_EDGE ( 'NONE', *, *, #593, .F. ) ;
#325 = DIRECTION ( 'NONE',  ( 1.000000000000000000, 0.000000000000000000, 0.000000000000000000 ) ) ;
#326 = EDGE_CURVE ( 'NONE', #57, #1343, #228, .T. ) ;
#327 = LINE ( 'NONE', #1738, #295 ) ;
#328 = DIRECTION ( 'NONE',  ( 0.09914461998406086385, 0.9950730346704287355, 0.000000000000000000 ) ) ;
#329 = ORIENTED_EDGE ( 'NONE', *, *, #350, .T. ) ;
#330 = ORIENTED_EDGE ( 'NONE', *, *, #1180, .F. ) ;
#331 = CARTESIAN_POINT ( 'NONE',  ( 1081.480436830198414, 1187.736147166822320, -105.0000000000000000 ) ) ;
#332 = VECTOR ( 'NONE', #3354, 1000.000000000000114 ) ;
#333 = AXIS2_PLACEMENT_3D ( 'NONE', #1827, #2939, #396 ) ;
#334 = CARTESIAN_POINT ( 'NONE',  ( 61.83497134727062416, 1238.638604054665848, 42.99999999999999289 ) ) ;
#335 = EDGE_CURVE ( 'NONE', #363, #2332, #2485, .T. ) ;
#336 = AXIS2_PLACEMENT_3D ( 'NONE', #1279, #2367, #2668 ) ;
#337 = CARTESIAN_POINT ( 'NONE',  ( 3316.347008179312070, 912.1517793547128576, 130.0000000000000000 ) ) ;
#338 = AXIS2_PLACEMENT_3D ( 'NONE', #1268, #993, #1874 ) ;
#339 = LINE ( 'NONE', #1447, #489 ) ;
#340 = CARTESIAN_POINT ( 'NONE',  ( 3572.428216253328173, 1037.379698913113543, 108.0000000000000142 ) ) ;
#341 = EDGE_LOOP ( 'NONE', ( #213, #2002, #932, #2057 ) ) ;
#342 = VECTOR ( 'NONE', #1464, 1000.000000000000000 ) ;
#343 = ORIENTED_EDGE ( 'NONE', *, *, #615, .T. ) ;
#344 = VERTEX_POINT ( 'NONE', #1356 ) ;
#345 = AXIS2_PLACEMENT_3D ( 'NONE', #3259, #1028, #3517 ) ;
#346 = CIRCLE ( 'NONE', #2564, 299.9999999999998295 ) ;
#347 = LINE ( 'NONE', #635, #1314 ) ;
#348 = EDGE_CURVE ( 'NONE', #298, #477, #821, .T. ) ;
#349 = AXIS2_PLACEMENT_3D ( 'NONE', #1112, #826, #2537 ) ;
#350 = EDGE_CURVE ( 'NONE', #2321, #363, #3624, .T. ) ;
#351 = ADVANCED_FACE ( 'NONE', ( #845 ), #1341, .F. ) ;
#352 = CARTESIAN_POINT ( 'NONE',  ( 0.000000000000000000, 0.000000000000000000, 135.0000000000000000 ) ) ;
#353 = VECTOR ( 'NONE', #889, 1000.000000000000000 ) ;
#354 = ORIENTED_EDGE ( 'NONE', *, *, #2539, .T. ) ;
#355 = EDGE_LOOP ( 'NONE', ( #2494, #1265, #2863, #1309 ) ) ;
#356 = AXIS2_PLACEMENT_3D ( 'NONE', #783, #1573, #2468 ) ;
#357 = DIRECTION ( 'NONE',  ( -0.000000000000000000, -0.000000000000000000, -1.000000000000000000 ) ) ;
#358 = ORIENTED_EDGE ( 'NONE', *, *, #976, .T. ) ;
#359 = LINE ( 'NONE', #1491, #835 ) ;
#360 = CARTESIAN_POINT ( 'NONE',  ( 61.83497134727062416, 1238.638604054665848, -82.99999999999998579 ) ) ;
#361 = DIRECTION ( 'NONE',  ( -0.09914461998405910137, -0.9950730346704289575, 0.000000000000000000 ) ) ;
#362 = EDGE_LOOP ( 'NONE', ( #324, #456, #960 ) ) ;
#363 = VERTEX_POINT ( 'NONE', #1967 ) ;
#364 = ORIENTED_EDGE ( 'NONE', *, *, #132, .T. ) ;
#365 = CARTESIAN_POINT ( 'NONE',  ( 1020.456010646260097, 1747.395362326518125, 140.0000000000000000 ) ) ;
#366 = EDGE_CURVE ( 'NONE', #3034, #874, #1181, .T. ) ;
#367 = CARTESIAN_POINT ( 'NONE',  ( 3542.428216253328173, 1037.379698913113543, 108.0000000000000142 ) ) ;
#368 = APPROVAL_ROLE ( '' ) ;
#369 = DIRECTION ( 'NONE',  ( 1.000000000000000000, 3.700743415417190309E-15, 0.000000000000000000 ) ) ;
#370 = ORIENTED_EDGE ( 'NONE', *, *, #3661, .T. ) ;
#371 = ORIENTED_EDGE ( 'NONE', *, *, #904, .F. ) ;
#372 = CARTESIAN_POINT ( 'NONE',  ( -29.38782100821346432, 57.97720221250085615, -130.0000000000000000 ) ) ;
#373 = VERTEX_POINT ( 'NONE', #3094 ) ;
#374 = CARTESIAN_POINT ( 'NONE',  ( 1230.365799264589896, 1230.365799264594671, 42.99999999999999289 ) ) ;
#375 = CARTESIAN_POINT ( 'NONE',  ( 1927.213206220272241, 1662.573725405637333, 65.00000000000000000 ) ) ;
#376 = CARTESIAN_POINT ( 'NONE',  ( 64.39926034060060545, -8.816760606001883716, -150.0000000000000284 ) ) ;
#377 = DIRECTION ( 'NONE',  ( 0.9832328980098100635, -0.1823542384240915970, 0.000000000000000000 ) ) ;
#378 = DIRECTION ( 'NONE',  ( -0.4846167061386940644, -0.8747266133663035292, -0.000000000000000000 ) ) ;
#379 = CARTESIAN_POINT ( 'NONE',  ( 1081.480436830198187, 1187.736147166822093, -104.9999999999999858 ) ) ;
#380 = DIRECTION ( 'NONE',  ( 0.6427876096865379196, 0.7660444431189792347, 0.000000000000000000 ) ) ;
#381 = ORIENTED_EDGE ( 'NONE', *, *, #869, .F. ) ;
#382 = ORIENTED_EDGE ( 'NONE', *, *, #312, .T. ) ;
#383 = EDGE_LOOP ( 'NONE', ( #2033, #149 ) ) ;
#384 = FACE_OUTER_BOUND ( 'NONE', #1696, .T. ) ;
#385 = DIRECTION ( 'NONE',  ( 0.8870807309472032998, -0.4616143160498550335, 0.000000000000000000 ) ) ;
#386 = ORIENTED_EDGE ( 'NONE', *, *, #1800, .T. ) ;
#387 = EDGE_CURVE ( 'NONE', #565, #680, #1650, .T. ) ;
#388 = EDGE_CURVE ( 'NONE', #2938, #3640, #567, .T. ) ;
#389 = LINE ( 'NONE', #638, #483 ) ;
#390 = EDGE_LOOP ( 'NONE', ( #734, #1822, #1037, #3380 ) ) ;
#391 = CARTESIAN_POINT ( 'NONE',  ( 1230.365799264589896, 1230.365799264594671, -42.99999999999999289 ) ) ;
#392 = VERTEX_POINT ( 'NONE', #2788 ) ;
#393 = ADVANCED_FACE ( 'NONE', ( #3655 ), #2474, .F. ) ;
#394 = DIRECTION ( 'NONE',  ( 0.000000000000000000, 0.000000000000000000, 1.000000000000000000 ) ) ;
#395 = EDGE_LOOP ( 'NONE', ( #1870, #696, #1501, #843 ) ) ;
#396 = DIRECTION ( 'NONE',  ( 1.000000000000000000, 0.000000000000000000, 0.000000000000000000 ) ) ;
#397 = DIRECTION ( 'NONE',  ( 0.000000000000000000, 0.000000000000000000, 1.000000000000000000 ) ) ;
#398 = VECTOR ( 'NONE', #271, 1000.000000000000000 ) ;
#399 = DIRECTION ( 'NONE',  ( 0.000000000000000000, 0.000000000000000000, -1.000000000000000000 ) ) ;
#400 = DIRECTION ( 'NONE',  ( -0.000000000000000000, 0.000000000000000000, 1.000000000000000000 ) ) ;
#401 = EDGE_CURVE ( 'NONE', #2040, #299, #264, .T. ) ;
#402 = DIRECTION ( 'NONE',  ( 0.000000000000000000, -0.000000000000000000, -1.000000000000000000 ) ) ;
#403 = VECTOR ( 'NONE', #690, 1000.000000000000000 ) ;
#404 = APPROVAL ( #272, '未' ) ;
#405 = CARTESIAN_POINT ( 'NONE',  ( -5.225835647943760875, 5.579581105427685372, 82.99999999999998579 ) ) ;
#406 = DIRECTION ( 'NONE',  ( 1.000000000000000000, 3.552713678800500929E-15, 0.000000000000000000 ) ) ;
#407 = ORIENTED_EDGE ( 'NONE', *, *, #2103, .T. ) ;
#408 = VECTOR ( 'NONE', #155, 1000.000000000000000 ) ;
#409 = EDGE_LOOP ( 'NONE', ( #193, #1047, #3353 ) ) ;
#410 = VERTEX_POINT ( 'NONE', #2572 ) ;
#411 = DIRECTION ( 'NONE',  ( -0.3621048707768551589, 0.9321373624952907777, 0.000000000000000000 ) ) ;
#412 = AXIS2_PLACEMENT_3D ( 'NONE', #3214, #2363, #3258 ) ;
#413 = CARTESIAN_POINT ( 'NONE',  ( 3572.428216253328173, 1037.379698913113543, 130.0000000000000000 ) ) ;
#414 = ORIENTED_EDGE ( 'NONE', *, *, #2928, .T. ) ;
#415 = VECTOR ( 'NONE', #737, 1000.000000000000000 ) ;
#416 = CIRCLE ( 'NONE', #3133, 50.00000000000004263 ) ;
#417 = ADVANCED_FACE ( 'NONE', ( #911 ), #1998, .F. ) ;
#418 = CARTESIAN_POINT ( 'NONE',  ( 3596.654966709331347, 1103.053624959471790, -108.0000000000000142 ) ) ;
#419 = VECTOR ( 'NONE', #2053, 1000.000000000000000 ) ;
#420 = ORIENTED_EDGE ( 'NONE', *, *, #2369, .T. ) ;
#421 = CIRCLE ( 'NONE', #654, 30.00000000000002842 ) ;
#422 = CARTESIAN_POINT ( 'NONE',  ( 1927.213206220272241, 1662.573725405637333, 43.00000000000000000 ) ) ;
#423 = VECTOR ( 'NONE', #3315, 1000.000000000000114 ) ;
#424 = CARTESIAN_POINT ( 'NONE',  ( 1541.988273482522118, 1257.230264299567352, -82.99999999999998579 ) ) ;
#425 = ORIENTED_EDGE ( 'NONE', *, *, #919, .F. ) ;
#426 = DIRECTION ( 'NONE',  ( -0.000000000000000000, -0.000000000000000000, 1.000000000000000000 ) ) ;
#427 = DIRECTION ( 'NONE',  ( -0.000000000000000000, -0.000000000000000000, 1.000000000000000000 ) ) ;
#428 = DIRECTION ( 'NONE',  ( -0.000000000000000000, -0.000000000000000000, -1.000000000000000000 ) ) ;
#429 = DIRECTION ( 'NONE',  ( -0.000000000000000000, -0.000000000000000000, 1.000000000000000000 ) ) ;
#430 = CARTESIAN_POINT ( 'NONE',  ( 1210.550619652612568, 1284.940997413912100, 150.0000000000000284 ) ) ;
#431 = EDGE_CURVE ( 'NONE', #1339, #453, #2030, .T. ) ;
#432 = CARTESIAN_POINT ( 'NONE',  ( 1927.213206220272241, 1662.573725405637333, -43.00000000000000000 ) ) ;
#433 = VERTEX_POINT ( 'NONE', #62 ) ;
#434 = EDGE_LOOP ( 'NONE', ( #1441, #1913, #1276, #3513 ) ) ;
#435 = CARTESIAN_POINT ( 'NONE',  ( 1915.617102975736998, 1761.899101768085757, -43.00000000000000000 ) ) ;
#436 = FACE_OUTER_BOUND ( 'NONE', #3476, .T. ) ;
#437 = ORIENTED_EDGE ( 'NONE', *, *, #3590, .F. ) ;
#438 = DIRECTION ( 'NONE',  ( -0.3621048707768527719, 0.9321373624952916659, 0.000000000000000000 ) ) ;
#439 = VERTEX_POINT ( 'NONE', #41 ) ;
#440 = DIRECTION ( 'NONE',  ( -0.3946479785873850399, -0.9188323965756164391, 0.000000000000000000 ) ) ;
#441 = ORIENTED_EDGE ( 'NONE', *, *, #3046, .F. ) ;
#442 = PERSON ( '未', '未', '未', ('未'), ('未'), ('未') ) ;
#443 = PLANE ( 'NONE',  #2957 ) ;
#444 = VERTEX_POINT ( 'NONE', #3161 ) ;
#445 = FACE_OUTER_BOUND ( 'NONE', #3332, .T. ) ;
#446 = CARTESIAN_POINT ( 'NONE',  ( 3259.704029255035039, 948.8264780890556267, -135.0000000000000000 ) ) ;
#447 = CARTESIAN_POINT ( 'NONE',  ( 0.000000000000000000, 0.000000000000000000, 42.99999999999999289 ) ) ;
#448 = ADVANCED_FACE ( 'NONE', ( #1494 ), #626, .F. ) ;
#449 = CARTESIAN_POINT ( 'NONE',  ( 1024.069928445096593, 1738.092345225269128, -105.0000000000000000 ) ) ;
#450 = CARTESIAN_POINT ( 'NONE',  ( 1352.674452321006356, 1753.899426706029317, -105.0000000000000000 ) ) ;
#451 = ORIENTED_EDGE ( 'NONE', *, *, #1776, .F. ) ;
#452 = EDGE_CURVE ( 'NONE', #1410, #3282, #3423, .T. ) ;
#453 = VERTEX_POINT ( 'NONE', #17 ) ;
#454 = VERTEX_POINT ( 'NONE', #2614 ) ;
#455 = DIRECTION ( 'NONE',  ( -0.000000000000000000, 0.000000000000000000, 1.000000000000000000 ) ) ;
#456 = ORIENTED_EDGE ( 'NONE', *, *, #203, .F. ) ;
#457 = CARTESIAN_POINT ( 'NONE',  ( 3283.580471521982417, 1188.464331030797439, -135.0000000000000000 ) ) ;
#458 = ORIENTED_EDGE ( 'NONE', *, *, #2415, .T. ) ;
#459 = DIRECTION ( 'NONE',  ( -0.3621048707768527164, 0.9321373624952916659, 0.000000000000000000 ) ) ;
#460 = DIRECTION ( 'NONE',  ( 1.000000000000000000, 0.000000000000000000, 0.000000000000000000 ) ) ;
#461 = CARTESIAN_POINT ( 'NONE',  ( -29.38782100821346432, 57.97720221250085615, 130.0000000000000000 ) ) ;
#462 = LINE ( 'NONE', #2780, #849 ) ;
#463 = DIRECTION ( 'NONE',  ( 1.000000000000000000, 0.000000000000000000, 0.000000000000000000 ) ) ;
#464 = FACE_OUTER_BOUND ( 'NONE', #1878, .T. ) ;
#465 = CARTESIAN_POINT ( 'NONE',  ( 278.5166040334648869, 1501.729217232690416, 135.0000000000000000 ) ) ;
#466 = EDGE_CURVE ( 'NONE', #1462, #1323, #1767, .T. ) ;
#467 = DIRECTION ( 'NONE',  ( -1.000000000000000000, 0.000000000000000000, 0.000000000000000000 ) ) ;
#468 = LINE ( 'NONE', #1593, #2493 ) ;
#469 = ORIENTED_EDGE ( 'NONE', *, *, #1345, .T. ) ;
#470 = VERTEX_POINT ( 'NONE', #3110 ) ;
#471 = AXIS2_PLACEMENT_3D ( 'NONE', #1747, #3409, #2019 ) ;
#472 = DIRECTION ( 'NONE',  ( -0.9987562351452027309, 0.04985963054998234639, 0.000000000000000000 ) ) ;
#473 = VECTOR ( 'NONE', #1433, 1000.000000000000000 ) ;
#474 = AXIS2_PLACEMENT_3D ( 'NONE', #982, #1232, #1530 ) ;
#475 = VERTEX_POINT ( 'NONE', #1984 ) ;
#476 = EDGE_LOOP ( 'NONE', ( #3582, #650, #11, #2093, #2233, #2645, #2174 ) ) ;
#477 = VERTEX_POINT ( 'NONE', #2872 ) ;
#478 = VECTOR ( 'NONE', #3564, 1000.000000000000000 ) ;
#479 = DIRECTION ( 'NONE',  ( 1.000000000000000000, 0.000000000000000000, 0.000000000000000000 ) ) ;
#480 = ADVANCED_FACE ( 'NONE', ( #2312 ), #876, .F. ) ;
#481 = CARTESIAN_POINT ( 'NONE',  ( 49.79288880273363560, -41.78119462962494879, 140.0000000000000000 ) ) ;
#482 = EDGE_CURVE ( 'NONE', #444, #3221, #2599, .T. ) ;
#483 = VECTOR ( 'NONE', #2100, 1000.000000000000000 ) ;
#484 = EDGE_CURVE ( 'NONE', #1328, #1670, #1473, .T. ) ;
#485 = VECTOR ( 'NONE', #1983, 1000.000000000000227 ) ;
#486 = DIRECTION ( 'NONE',  ( 0.000000000000000000, 0.000000000000000000, -1.000000000000000000 ) ) ;
#487 = CIRCLE ( 'NONE', #2965, 30.00000000000002842 ) ;
#488 = ORIENTED_EDGE ( 'NONE', *, *, #2719, .F. ) ;
#489 = VECTOR ( 'NONE', #2328, 1000.000000000000000 ) ;
#490 = CYLINDRICAL_SURFACE ( 'NONE', #2666, 50.00000000000004263 ) ;
#491 = CIRCLE ( 'NONE', #1768, 99.99999999999987210 ) ;
#492 = DIRECTION ( 'NONE',  ( 1.000000000000000000, 0.000000000000000000, 0.000000000000000000 ) ) ;
#493 = AXIS2_PLACEMENT_3D ( 'NONE', #3349, #591, #1976 ) ;
#494 = CARTESIAN_POINT ( 'NONE',  ( 1351.066804500354237, 1764.790142245738934, 135.0000000000000000 ) ) ;
#495 = FACE_OUTER_BOUND ( 'NONE', #314, .T. ) ;
#496 = ORIENTED_EDGE ( 'NONE', *, *, #2880, .F. ) ;
#497 = EDGE_LOOP ( 'NONE', ( #1988, #916, #1624, #1523 ) ) ;
#498 = LINE ( 'NONE', #3327, #2837 ) ;
#499 = ORIENTED_EDGE ( 'NONE', *, *, #1742, .F. ) ;
#500 = ORIENTED_EDGE ( 'NONE', *, *, #1871, .F. ) ;
#501 = EDGE_CURVE ( 'NONE', #3640, #975, #828, .T. ) ;
#502 = CARTESIAN_POINT ( 'NONE',  ( -47.06294214384741537, 26.07384713627812189, -150.0000000000000284 ) ) ;
#503 = CARTESIAN_POINT ( 'NONE',  ( 1311.293769765892193, 994.8998642608610226, 105.0000000000000000 ) ) ;
#504 = CARTESIAN_POINT ( 'NONE',  ( 1191.051052278277211, 1280.629997367371516, 150.0000000000000284 ) ) ;
#505 = CARTESIAN_POINT ( 'NONE',  ( 773.1873129694606632, 1527.249350483259377, 140.0000000000000000 ) ) ;
#506 = ADVANCED_FACE ( 'NONE', ( #1722 ), #2860, .F. ) ;
#507 = DIRECTION ( 'NONE',  ( 1.000000000000000000, 0.000000000000000000, 0.000000000000000000 ) ) ;
#508 = FACE_OUTER_BOUND ( 'NONE', #434, .T. ) ;
#509 = EDGE_LOOP ( 'NONE', ( #2459, #2697, #1854, #1110, #761, #813, #3457, #3521 ) ) ;
#510 = ORIENTED_EDGE ( 'NONE', *, *, #125, .T. ) ;
#511 = ORIENTED_EDGE ( 'NONE', *, *, #527, .F. ) ;
#512 = EDGE_CURVE ( 'NONE', #470, #1192, #1460, .T. ) ;
#513 = LINE ( 'NONE', #3075, #1591 ) ;
#514 = CARTESIAN_POINT ( 'NONE',  ( 1311.293769765892193, 994.8998642608610226, -105.0000000000000000 ) ) ;
#515 = ORIENTED_EDGE ( 'NONE', *, *, #1867, .F. ) ;
#516 = LINE ( 'NONE', #1405, #777 ) ;
#517 = ORIENTED_EDGE ( 'NONE', *, *, #2415, .F. ) ;
#518 = EDGE_CURVE ( 'NONE', #1372, #2739, #1595, .T. ) ;
#519 = CALENDAR_DATE ( 2026, 17, 8 ) ;
#520 = PLANE ( 'NONE',  #899 ) ;
#521 = ORIENTED_EDGE ( 'NONE', *, *, #326, .F. ) ;
#522 = DIRECTION ( 'NONE',  ( -0.000000000000000000, 0.000000000000000000, 1.000000000000000000 ) ) ;
#523 = ADVANCED_FACE ( 'NONE', ( #2582 ), #2345, .T. ) ;
#524 = CARTESIAN_POINT ( 'NONE',  ( 3602.428216253327719, 1037.379698913113543, -108.0000000000000142 ) ) ;
#525 = FACE_OUTER_BOUND ( 'NONE', #1222, .T. ) ;
#526 = ORIENTED_EDGE ( 'NONE', *, *, #1522, .T. ) ;
#527 = EDGE_CURVE ( 'NONE', #1206, #1253, #2552, .T. ) ;
#528 = DIRECTION ( 'NONE',  ( 1.000000000000000000, 0.000000000000000000, 0.000000000000000000 ) ) ;
#529 = ADVANCED_FACE ( 'NONE', ( #1534 ), #1806, .T. ) ;
#530 = CARTESIAN_POINT ( 'NONE',  ( 1476.454823750140804, 573.5543973162068596, -130.0000000000000000 ) ) ;
#531 = ORIENTED_EDGE ( 'NONE', *, *, #281, .F. ) ;
#532 = ORIENTED_EDGE ( 'NONE', *, *, #1142, .T. ) ;
#533 = AXIS2_PLACEMENT_3D ( 'NONE', #277, #1123, #3057 ) ;
#534 = DIRECTION ( 'NONE',  ( 0.000000000000000000, 0.000000000000000000, 1.000000000000000000 ) ) ;
#535 = CYLINDRICAL_SURFACE ( 'NONE', #106, 65.00000000000000000 ) ;
#536 = VECTOR ( 'NONE', #2934, 1000.000000000000000 ) ;
#537 = FACE_OUTER_BOUND ( 'NONE', #2408, .T. ) ;
#538 = CARTESIAN_POINT ( 'NONE',  ( 1366.000041293119693, 1289.869733663803800, 105.0000000000000000 ) ) ;
#539 = ORIENTED_EDGE ( 'NONE', *, *, #78, .T. ) ;
#540 = VECTOR ( 'NONE', #77, 1000.000000000000000 ) ;
#541 = AXIS2_PLACEMENT_3D ( 'NONE', #3050, #3555, #460 ) ;
#542 = VECTOR ( 'NONE', #2206, 1000.000000000000114 ) ;
#543 = VECTOR ( 'NONE', #1121, 1000.000000000000114 ) ;
#544 = EDGE_CURVE ( 'NONE', #1462, #2142, #3469, .T. ) ;
#545 = CARTESIAN_POINT ( 'NONE',  ( 3583.220413673132953, 968.2166417593701908, 130.0000000000000000 ) ) ;
#546 = CARTESIAN_POINT ( 'NONE',  ( 579.8708342162748295, 1980.202666426642054, 135.0000000000000000 ) ) ;
#547 = DIRECTION ( 'NONE',  ( -0.000000000000000000, 0.000000000000000000, 1.000000000000000000 ) ) ;
#548 = VECTOR ( 'NONE', #2376, 1000.000000000000114 ) ;
#549 = LINE ( 'NONE', #3108, #834 ) ;
#550 = ORIENTED_EDGE ( 'NONE', *, *, #3262, .T. ) ;
#551 = AXIS2_PLACEMENT_3D ( 'NONE', #1786, #2775, #123 ) ;
#552 = DIRECTION ( 'NONE',  ( 0.6427876096865379196, 0.7660444431189792347, 0.000000000000000000 ) ) ;
#553 = VECTOR ( 'NONE', #288, 1000.000000000000000 ) ;
#554 = DIRECTION ( 'NONE',  ( -0.000000000000000000, -0.000000000000000000, 1.000000000000000000 ) ) ;
#555 = VERTEX_POINT ( 'NONE', #449 ) ;
#556 = ORIENTED_EDGE ( 'NONE', *, *, #1944, .T. ) ;
#557 = CIRCLE ( 'NONE', #605, 30.00000000000002842 ) ;
#558 = DIRECTION ( 'NONE',  ( 0.000000000000000000, 0.000000000000000000, -1.000000000000000000 ) ) ;
#559 = LINE ( 'NONE', #3176, #1228 ) ;
#560 = DATE_AND_TIME ( #1117, #716 ) ;
#561 = DIRECTION ( 'NONE',  ( 1.000000000000000000, 0.000000000000000000, 0.000000000000000000 ) ) ;
#562 = DIRECTION ( 'NONE',  ( 0.3621048707768533825, -0.9321373624952914438, 0.000000000000000000 ) ) ;
#563 = CARTESIAN_POINT ( 'NONE',  ( 1024.069928445096593, 1738.092345225269128, -130.0000000000000000 ) ) ;
#564 = CYLINDRICAL_SURFACE ( 'NONE', #652, 99.99999999999987210 ) ;
#565 = VERTEX_POINT ( 'NONE', #2406 ) ;
#566 = EDGE_CURVE ( 'NONE', #2182, #3242, #124, .T. ) ;
#567 = LINE ( 'NONE', #211, #2419 ) ;
#568 = CARTESIAN_POINT ( 'NONE',  ( -5.225835647943760875, 5.579581105427685372, 42.99999999999999289 ) ) ;
#569 = EDGE_CURVE ( 'NONE', #594, #3212, #2130, .T. ) ;
#570 = VERTEX_POINT ( 'NONE', #985 ) ;
#571 = ORIENTED_EDGE ( 'NONE', *, *, #1685, .T. ) ;
#572 = CARTESIAN_POINT ( 'NONE',  ( 0.000000000000000000, 0.000000000000000000, 130.0000000000000000 ) ) ;
#573 = DIRECTION ( 'NONE',  ( 0.3621048707768551589, -0.9321373624952907777, 0.000000000000000000 ) ) ;
#574 = CIRCLE ( 'NONE', #1166, 29.99999999999980460 ) ;
#575 = DIRECTION ( 'NONE',  ( -1.000000000000000000, 0.000000000000000000, 0.000000000000000000 ) ) ;
#576 = PLANE ( 'NONE',  #3427 ) ;
#577 = LINE ( 'NONE', #2866, #2071 ) ;
#578 = ORIENTED_EDGE ( 'NONE', *, *, #1746, .T. ) ;
#579 = CARTESIAN_POINT ( 'NONE',  ( 3134.054705210137854, -312.2631725823264333, -135.0000000000000000 ) ) ;
#580 = APPLICATION_CONTEXT ( 'configuration controlled 3d designs of mechanical parts and assemblies' ) ;
#581 = CARTESIAN_POINT ( 'NONE',  ( 1549.772507406236628, 1706.602339723742034, 43.00000000000000000 ) ) ;
#582 = ORIENTED_EDGE ( 'NONE', *, *, #1429, .T. ) ;
#583 = CARTESIAN_POINT ( 'NONE',  ( 1927.213206220272241, 1662.573725405637333, 43.00000000000000000 ) ) ;
#584 = CARTESIAN_POINT ( 'NONE',  ( 1927.213206220272241, 1662.573725405637333, 43.00000000000000000 ) ) ;
#585 = ADVANCED_FACE ( 'NONE', ( #1787 ), #3538, .F. ) ;
#586 = VERTEX_POINT ( 'NONE', #2068 ) ;
#587 = LINE ( 'NONE', #2274, #2366 ) ;
#588 = LINE ( 'NONE', #902, #1365 ) ;
#589 = AXIS2_PLACEMENT_3D ( 'NONE', #2269, #1621, #245 ) ;
#590 =( NAMED_UNIT ( * ) PLANE_ANGLE_UNIT ( ) SI_UNIT ( $, .RADIAN. ) );
#591 = DIRECTION ( 'NONE',  ( -0.6835914424816253998, 0.7298648777451143266, 0.000000000000000000 ) ) ;
#592 = EDGE_CURVE ( 'NONE', #3558, #2384, #1261, .T. ) ;
#593 = EDGE_CURVE ( 'NONE', #1135, #2079, #1031, .T. ) ;
#594 = VERTEX_POINT ( 'NONE', #2921 ) ;
#595 = VECTOR ( 'NONE', #3022, 1000.000000000000000 ) ;
#596 = EDGE_CURVE ( 'NONE', #298, #195, #3475, .T. ) ;
#597 = AXIS2_PLACEMENT_3D ( 'NONE', #3603, #2162, #713 ) ;
#598 = DIRECTION ( 'NONE',  ( 0.09914461998406087773, 0.9950730346704287355, 0.000000000000000000 ) ) ;
#599 = AXIS2_PLACEMENT_3D ( 'NONE', #1298, #2431, #1321 ) ;
#600 = VECTOR ( 'NONE', #738, 1000.000000000000114 ) ;
#601 = DIRECTION ( 'NONE',  ( -1.000000000000000000, 0.000000000000000000, 0.000000000000000000 ) ) ;
#602 = AXIS2_PLACEMENT_3D ( 'NONE', #6, #2287, #3414 ) ;
#603 = AXIS2_PLACEMENT_3D ( 'NONE', #121, #2326, #3213 ) ;
#604 = LOCAL_TIME ( 14, 13, 58.00000000000000000, #2276 ) ;
#605 = AXIS2_PLACEMENT_3D ( 'NONE', #1882, #1613, #3020 ) ;
#606 = ORIENTED_EDGE ( 'NONE', *, *, #527, .T. ) ;
#607 = VERTEX_POINT ( 'NONE', #2967 ) ;
#608 = VECTOR ( 'NONE', #1824, 1000.000000000000000 ) ;
#609 = DIRECTION ( 'NONE',  ( 1.000000000000000000, 0.000000000000000000, 0.000000000000000000 ) ) ;
#610 = COORDINATED_UNIVERSAL_TIME_OFFSET ( 8, 0, .AHEAD. ) ;
#611 = LINE ( 'NONE', #1155, #2787 ) ;
#612 = ORIENTED_EDGE ( 'NONE', *, *, #74, .T. ) ;
#613 = CARTESIAN_POINT ( 'NONE',  ( 1366.037207927518693, 1300.033370912839246, 135.0000000000000000 ) ) ;
#614 = CARTESIAN_POINT ( 'NONE',  ( 0.000000000000000000, 0.000000000000000000, -140.0000000000000000 ) ) ;
#615 = EDGE_CURVE ( 'NONE', #3428, #3371, #1852, .T. ) ;
#616 = VERTEX_POINT ( 'NONE', #3286 ) ;
#617 = VERTEX_POINT ( 'NONE', #95 ) ;
#618 = ORIENTED_EDGE ( 'NONE', *, *, #3370, .T. ) ;
#619 = DIRECTION ( 'NONE',  ( -0.09914461998406126630, -0.9950730346704286244, 0.000000000000000000 ) ) ;
#620 = CARTESIAN_POINT ( 'NONE',  ( 0.000000000000000000, 0.000000000000000000, 190.0000000000000000 ) ) ;
#621 = ORIENTED_EDGE ( 'NONE', *, *, #1058, .F. ) ;
#622 = CARTESIAN_POINT ( 'NONE',  ( 966.4282906591732853, 1050.622338631828597, 82.99999999999998579 ) ) ;
#623 = FACE_OUTER_BOUND ( 'NONE', #2629, .T. ) ;
#624 = DIRECTION ( 'NONE',  ( -0.000000000000000000, -0.000000000000000000, -1.000000000000000000 ) ) ;
#625 = EDGE_CURVE ( 'NONE', #874, #975, #748, .T. ) ;
#626 = PLANE ( 'NONE',  #471 ) ;
#627 = EDGE_CURVE ( 'NONE', #2908, #137, #2687, .T. ) ;
#628 = DIRECTION ( 'NONE',  ( -0.000000000000000000, 0.000000000000000000, 1.000000000000000000 ) ) ;
#629 = ORIENTED_EDGE ( 'NONE', *, *, #3014, .F. ) ;
#630 = VERTEX_POINT ( 'NONE', #1511 ) ;
#631 = VERTEX_POINT ( 'NONE', #3498 ) ;
#632 = ADVANCED_FACE ( 'NONE', ( #3002 ), #2088, .F. ) ;
#633 = CARTESIAN_POINT ( 'NONE',  ( 3542.428216253328173, 1037.379698913113543, -108.0000000000000142 ) ) ;
#634 = EDGE_CURVE ( 'NONE', #3542, #1625, #2109, .T. ) ;
#635 = CARTESIAN_POINT ( 'NONE',  ( 1081.480436830198187, 1187.736147166822093, 140.0000000000000000 ) ) ;
#636 = VERTEX_POINT ( 'NONE', #2983 ) ;
#637 = PERSON_AND_ORGANIZATION ( #442, #1188 ) ;
#638 = CARTESIAN_POINT ( 'NONE',  ( -30.00000000000000000, 3.673940397442059178E-15, -190.0000000000000000 ) ) ;
#639 = ORIENTED_EDGE ( 'NONE', *, *, #2719, .T. ) ;
#640 = ORIENTED_EDGE ( 'NONE', *, *, #544, .F. ) ;
#641 = CARTESIAN_POINT ( 'NONE',  ( 1200.365799264589896, 1230.365799264594671, 82.99999999999998579 ) ) ;
#642 = CYLINDRICAL_SURFACE ( 'NONE', #3018, 69.99999999999984368 ) ;
#643 = EDGE_CURVE ( 'NONE', #1619, #1461, #1320, .T. ) ;
#644 = CIRCLE ( 'NONE', #1826, 30.00000000000002842 ) ;
#645 = CARTESIAN_POINT ( 'NONE',  ( 276.6930616492239778, 1491.896888252592134, 115.0000000000000000 ) ) ;
#646 = AXIS2_PLACEMENT_3D ( 'NONE', #2628, #628, #3172 ) ;
#647 = EDGE_LOOP ( 'NONE', ( #928, #1106, #2710, #3276 ) ) ;
#648 = VECTOR ( 'NONE', #438, 1000.000000000000000 ) ;
#649 = ORIENTED_EDGE ( 'NONE', *, *, #1746, .F. ) ;
#650 = ORIENTED_EDGE ( 'NONE', *, *, #850, .F. ) ;
#651 = PLANE ( 'NONE',  #1520 ) ;
#652 = AXIS2_PLACEMENT_3D ( 'NONE', #3596, #842, #2232 ) ;
#653 = VECTOR ( 'NONE', #76, 1000.000000000000000 ) ;
#654 = AXIS2_PLACEMENT_3D ( 'NONE', #1451, #534, #1660 ) ;
#655 = AXIS2_PLACEMENT_3D ( 'NONE', #1463, #1816, #2952 ) ;
#656 = ORIENTED_EDGE ( 'NONE', *, *, #1835, .F. ) ;
#657 = CIRCLE ( 'NONE', #3187, 299.9999999999998295 ) ;
#658 = CALENDAR_DATE ( 2026, 17, 8 ) ;
#659 = EDGE_LOOP ( 'NONE', ( #2586, #2574, #1688, #2318 ) ) ;
#660 = EDGE_LOOP ( 'NONE', ( #103, #2844, #1499, #2947 ) ) ;
#661 = CARTESIAN_POINT ( 'NONE',  ( 0.000000000000000000, 0.000000000000000000, 150.0000000000000284 ) ) ;
#662 = VERTEX_POINT ( 'NONE', #804 ) ;
#663 = LINE ( 'NONE', #1784, #1942 ) ;
#664 = FACE_BOUND ( 'NONE', #1683, .T. ) ;
#665 = CARTESIAN_POINT ( 'NONE',  ( 1549.772507406236628, 1706.602339723742034, -43.00000000000000000 ) ) ;
#666 = EDGE_CURVE ( 'NONE', #1000, #1150, #1885, .T. ) ;
#667 = ORIENTED_EDGE ( 'NONE', *, *, #2991, .F. ) ;
#668 = ORIENTED_EDGE ( 'NONE', *, *, #2506, .F. ) ;
#669 = ORIENTED_EDGE ( 'NONE', *, *, #2285, .F. ) ;
#670 = DIRECTION ( 'NONE',  ( -0.9887691772148655689, -0.1494507082279564192, 0.000000000000000000 ) ) ;
#671 = DIRECTION ( 'NONE',  ( 1.000000000000000000, 0.000000000000000000, 0.000000000000000000 ) ) ;
#672 = ORIENTED_EDGE ( 'NONE', *, *, #2777, .F. ) ;
#673 = EDGE_CURVE ( 'NONE', #607, #344, #2652, .T. ) ;
#674 = SECURITY_CLASSIFICATION_LEVEL ( 'unclassified' ) ;
#675 = CARTESIAN_POINT ( 'NONE',  ( 1200.330162775168219, 1284.359840636884883, -130.0000000000000000 ) ) ;
#676 = ORIENTED_EDGE ( 'NONE', *, *, #1703, .T. ) ;
#677 = CARTESIAN_POINT ( 'NONE',  ( 1033.361289226544613, 1741.790653575321357, -135.0000000000000000 ) ) ;
#678 = ORIENTED_EDGE ( 'NONE', *, *, #1290, .F. ) ;
#679 = CARTESIAN_POINT ( 'NONE',  ( 1367.823583677360602, 1299.702062643902082, 105.0000000000000000 ) ) ;
#680 = VERTEX_POINT ( 'NONE', #2763 ) ;
#681 = CARTESIAN_POINT ( 'NONE',  ( 1311.293769765892193, 994.8998642608610226, 150.0000000000000284 ) ) ;
#682 = DIRECTION ( 'NONE',  ( 0.3621048707768533825, -0.9321373624952913328, 0.000000000000000000 ) ) ;
#683 = CARTESIAN_POINT ( 'NONE',  ( 966.4282906591732853, 1050.622338631828597, -82.99999999999998579 ) ) ;
#684 = CARTESIAN_POINT ( 'NONE',  ( 1210.550619652612568, 1284.940997413912100, 130.0000000000000000 ) ) ;
#685 = CARTESIAN_POINT ( 'NONE',  ( 3294.353850041327860, 1195.729460061636019, 135.0000000000000000 ) ) ;
#686 = VERTEX_POINT ( 'NONE', #494 ) ;
#687 = EDGE_LOOP ( 'NONE', ( #3445, #2348, #1325, #414 ) ) ;
#688 = ORIENTED_EDGE ( 'NONE', *, *, #3014, .T. ) ;
#689 = EDGE_CURVE ( 'NONE', #680, #565, #40, .T. ) ;
#690 = DIRECTION ( 'NONE',  ( -0.09914461998405960097, -0.9950730346704288465, -0.000000000000000000 ) ) ;
#691 = FACE_OUTER_BOUND ( 'NONE', #807, .T. ) ;
#692 = EDGE_LOOP ( 'NONE', ( #1215, #2925, #1091, #629 ) ) ;
#693 = FACE_OUTER_BOUND ( 'NONE', #3541, .T. ) ;
#694 = ORIENTED_EDGE ( 'NONE', *, *, #484, .F. ) ;
#695 = DIRECTION ( 'NONE',  ( -0.000000000000000000, 0.000000000000000000, 1.000000000000000000 ) ) ;
#696 = ORIENTED_EDGE ( 'NONE', *, *, #1029, .F. ) ;
#697 = ADVANCED_FACE ( 'NONE', ( #2173 ), #786, .T. ) ;
#698 = CARTESIAN_POINT ( 'NONE',  ( 3294.353850041327860, 1195.729460061636019, -135.0000000000000000 ) ) ;
#699 = VERTEX_POINT ( 'NONE', #3302 ) ;
#700 = CYLINDRICAL_SURFACE ( 'NONE', #704, 310.0000323772092088 ) ;
#701 = LINE ( 'NONE', #1829, #3184 ) ;
#702 = CARTESIAN_POINT ( 'NONE',  ( -29.38782100821346432, 57.97720221250085615, -130.0000000000000000 ) ) ;
#703 = AXIS2_PLACEMENT_3D ( 'NONE', #2334, #1774, #2676 ) ;
#704 = AXIS2_PLACEMENT_3D ( 'NONE', #681, #3190, #1555 ) ;
#705 = LINE ( 'NONE', #1837, #2307 ) ;
#706 = CARTESIAN_POINT ( 'NONE',  ( 1210.550619652612568, 1284.940997413912100, 150.0000000000000284 ) ) ;
#707 = EDGE_LOOP ( 'NONE', ( #1603, #896, #951, #2804 ) ) ;
#708 = VECTOR ( 'NONE', #2188, 1000.000000000000000 ) ;
#709 = VERTEX_POINT ( 'NONE', #1059 ) ;
#710 = DIRECTION ( 'NONE',  ( 0.7298648777451143266, 0.6835914424816253998, 0.000000000000000000 ) ) ;
#711 = VECTOR ( 'NONE', #427, 1000.000000000000000 ) ;
#712 = VECTOR ( 'NONE', #2713, 1000.000000000000000 ) ;
#713 = DIRECTION ( 'NONE',  ( -0.4846167061386941755, -0.8747266133663035292, 0.000000000000000000 ) ) ;
#714 = ORIENTED_EDGE ( 'NONE', *, *, #1674, .T. ) ;
#715 = CIRCLE ( 'NONE', #3182, 65.00000000000000000 ) ;
#716 = LOCAL_TIME ( 14, 13, 58.00000000000000000, #2524 ) ;
#717 = CARTESIAN_POINT ( 'NONE',  ( 1476.454823750140804, 573.5543973162068596, 130.0000000000000000 ) ) ;
#718 = AXIS2_PLACEMENT_3D ( 'NONE', #787, #3368, #1104 ) ;
#719 = ORIENTED_EDGE ( 'NONE', *, *, #736, .F. ) ;
#720 = EDGE_CURVE ( 'NONE', #3340, #680, #2746, .T. ) ;
#721 = AXIS2_PLACEMENT_3D ( 'NONE', #3651, #2264, #25 ) ;
#722 = CARTESIAN_POINT ( 'NONE',  ( 1476.454823750140804, 573.5543973162068596, -130.0000000000000000 ) ) ;
#723 = VECTOR ( 'NONE', #875, 1000.000000000000114 ) ;
#724 = CARTESIAN_POINT ( 'NONE',  ( 1311.293769765892193, 994.8998642608610226, 140.0000000000000000 ) ) ;
#725 = ORIENTED_EDGE ( 'NONE', *, *, #3202, .T. ) ;
#726 = LINE ( 'NONE', #505, #2265 ) ;
#727 = PLANE ( 'NONE',  #2555 ) ;
#728 = DIRECTION ( 'NONE',  ( 0.000000000000000000, 0.000000000000000000, -1.000000000000000000 ) ) ;
#729 = PLANE ( 'NONE',  #1893 ) ;
#730 = DIRECTION ( 'NONE',  ( 1.000000000000000000, 0.000000000000000000, 0.000000000000000000 ) ) ;
#731 = DIRECTION ( 'NONE',  ( 0.000000000000000000, 0.000000000000000000, -1.000000000000000000 ) ) ;
#732 = FACE_OUTER_BOUND ( 'NONE', #280, .T. ) ;
#733 = VERTEX_POINT ( 'NONE', #3320 ) ;
#734 = ORIENTED_EDGE ( 'NONE', *, *, #3461, .T. ) ;
#735 = CARTESIAN_POINT ( 'NONE',  ( 61.83497134727062416, 1238.638604054665848, -42.99999999999999289 ) ) ;
#736 = EDGE_CURVE ( 'NONE', #2216, #195, #1336, .T. ) ;
#737 = DIRECTION ( 'NONE',  ( -0.000000000000000000, -0.000000000000000000, -1.000000000000000000 ) ) ;
#738 = DIRECTION ( 'NONE',  ( -0.4846167061386938424, -0.8747266133663036403, 0.000000000000000000 ) ) ;
#739 = ORIENTED_EDGE ( 'NONE', *, *, #2212, .T. ) ;
#740 = DIRECTION ( 'NONE',  ( -0.6427876096865378086, -0.7660444431189792347, 0.000000000000000000 ) ) ;
#741 = EDGE_CURVE ( 'NONE', #2760, #3558, #1704, .T. ) ;
#742 = DIRECTION ( 'NONE',  ( 0.000000000000000000, 0.000000000000000000, 1.000000000000000000 ) ) ;
#743 = ORIENTED_EDGE ( 'NONE', *, *, #1835, .T. ) ;
#744 = DIRECTION ( 'NONE',  ( -0.000000000000000000, -0.000000000000000000, -1.000000000000000000 ) ) ;
#745 = DIRECTION ( 'NONE',  ( -0.6427876096865379196, -0.7660444431189792347, -0.000000000000000000 ) ) ;
#746 = CARTESIAN_POINT ( 'NONE',  ( 278.5166040334649438, 1501.729217232690189, 105.0000000000000000 ) ) ;
#747 = DIRECTION ( 'NONE',  ( 0.9786376751969829701, 0.2055925598971045654, 0.000000000000000000 ) ) ;
#748 = LINE ( 'NONE', #187, #1069 ) ;
#749 = CYLINDRICAL_SURFACE ( 'NONE', #1830, 299.9999999999998295 ) ;
#750 = EDGE_LOOP ( 'NONE', ( #3598, #1221, #3623, #1702 ) ) ;
#751 = ORIENTED_EDGE ( 'NONE', *, *, #3526, .T. ) ;
#752 = PLANE ( 'NONE',  #2649 ) ;
#753 = EDGE_CURVE ( 'NONE', #2321, #268, #1231, .T. ) ;
#754 = ADVANCED_FACE ( 'NONE', ( #115 ), #2716, .F. ) ;
#755 = ORIENTED_EDGE ( 'NONE', *, *, #42, .T. ) ;
#756 = ADVANCED_FACE ( 'NONE', ( #2398 ), #3509, .T. ) ;
#757 = DIRECTION ( 'NONE',  ( 1.000000000000000000, 0.000000000000000000, 0.000000000000000000 ) ) ;
#758 = VERTEX_POINT ( 'NONE', #3529 ) ;
#759 = DIRECTION ( 'NONE',  ( -0.000000000000000000, 0.000000000000000000, 1.000000000000000000 ) ) ;
#760 = CARTESIAN_POINT ( 'NONE',  ( 1191.051052278277211, 1280.629997367371516, -140.0000000000000000 ) ) ;
#761 = ORIENTED_EDGE ( 'NONE', *, *, #2873, .F. ) ;
#762 = CARTESIAN_POINT ( 'NONE',  ( 1203.951248641350958, 1275.038371358024278, -135.0000000000000000 ) ) ;
#763 = CARTESIAN_POINT ( 'NONE',  ( 0.000000000000000000, 0.000000000000000000, -190.0000000000000000 ) ) ;
#764 = CARTESIAN_POINT ( 'NONE',  ( 1485.776197375094853, 577.1754460239801574, 135.0000000000000000 ) ) ;
#765 = EDGE_CURVE ( 'NONE', #263, #2182, #644, .T. ) ;
#766 = DIRECTION ( 'NONE',  ( -0.000000000000000000, -0.000000000000000000, 1.000000000000000000 ) ) ;
#767 = ORIENTED_EDGE ( 'NONE', *, *, #167, .F. ) ;
#768 = ORIENTED_EDGE ( 'NONE', *, *, #868, .F. ) ;
#769 = VECTOR ( 'NONE', #1855, 1000.000000000000114 ) ;
#770 = DIRECTION ( 'NONE',  ( -0.3378599004758757740, 0.9411964128971335164, 0.000000000000000000 ) ) ;
#771 = VECTOR ( 'NONE', #1004, 1000.000000000000000 ) ;
#772 = LINE ( 'NONE', #2737, #2428 ) ;
#773 = ORIENTED_EDGE ( 'NONE', *, *, #1075, .F. ) ;
#774 = ORIENTED_EDGE ( 'NONE', *, *, #3089, .F. ) ;
#775 = VECTOR ( 'NONE', #38, 1000.000000000000000 ) ;
#776 = LINE ( 'NONE', #1287, #3430 ) ;
#777 = VECTOR ( 'NONE', #1700, 1000.000000000000227 ) ;
#778 = CARTESIAN_POINT ( 'NONE',  ( 1210.550619652612568, 1284.940997413912100, -105.0000000000000000 ) ) ;
#779 = VECTOR ( 'NONE', #1039, 1000.000000000000227 ) ;
#780 = AXIS2_PLACEMENT_3D ( 'NONE', #1910, #1632, #2490 ) ;
#781 = DIRECTION ( 'NONE',  ( 0.000000000000000000, 0.000000000000000000, -1.000000000000000000 ) ) ;
#782 = AXIS2_PLACEMENT_3D ( 'NONE', #870, #558, #315 ) ;
#783 = CARTESIAN_POINT ( 'NONE',  ( 1311.293769765892193, 994.8998642608610226, 140.0000000000000000 ) ) ;
#784 = ADVANCED_FACE ( 'NONE', ( #3279 ), #2121, .F. ) ;
#785 = VECTOR ( 'NONE', #3158, 1000.000000000000114 ) ;
#786 = PLANE ( 'NONE',  #2058 ) ;
#787 = CARTESIAN_POINT ( 'NONE',  ( 3572.428216253328173, 1037.379698913113543, -130.0000000000000000 ) ) ;
#788 = DIRECTION ( 'NONE',  ( -1.000000000000000000, 0.000000000000000000, 0.000000000000000000 ) ) ;
#789 = ORIENTED_EDGE ( 'NONE', *, *, #1503, .F. ) ;
#790 = ORIENTED_EDGE ( 'NONE', *, *, #3408, .F. ) ;
#791 = DIRECTION ( 'NONE',  ( 0.6427876096865379196, 0.7660444431189792347, 0.000000000000000000 ) ) ;
#792 = CYLINDRICAL_SURFACE ( 'NONE', #2141, 309.9999999999998295 ) ;
#793 = ADVANCED_FACE ( 'NONE', ( #998 ), #979, .F. ) ;
#794 = VERTEX_POINT ( 'NONE', #3251 ) ;
#795 = ORIENTED_EDGE ( 'NONE', *, *, #2046, .F. ) ;
#796 = LINE ( 'NONE', #2183, #600 ) ;
#797 = EDGE_CURVE ( 'NONE', #44, #2739, #1316, .T. ) ;
#798 = DIRECTION ( 'NONE',  ( 1.000000000000000000, 0.000000000000000000, -0.000000000000000000 ) ) ;
#799 = DIRECTION ( 'NONE',  ( 1.000000000000000000, 0.000000000000000000, 0.000000000000000000 ) ) ;
#800 = FACE_OUTER_BOUND ( 'NONE', #905, .T. ) ;
#801 = ORIENTED_EDGE ( 'NONE', *, *, #1111, .T. ) ;
#802 = CARTESIAN_POINT ( 'NONE',  ( 966.4282906591730580, 1050.622338631828597, -105.0000000000000142 ) ) ;
#803 = EDGE_CURVE ( 'NONE', #444, #3444, #1861, .T. ) ;
#804 = CARTESIAN_POINT ( 'NONE',  ( 3316.347008179312070, 912.1517793547128576, -108.0000000000000142 ) ) ;
#805 = LINE ( 'NONE', #1923, #2793 ) ;
#806 = DIRECTION ( 'NONE',  ( 0.9321373624952907777, 0.3621048707768551589, 0.000000000000000000 ) ) ;
#807 = EDGE_LOOP ( 'NONE', ( #1515, #988 ) ) ;
#808 = VERTEX_POINT ( 'NONE', #1880 ) ;
#809 = DIRECTION ( 'NONE',  ( 0.9596982896636531146, -0.2810323696954837303, 0.000000000000000000 ) ) ;
#810 = CARTESIAN_POINT ( 'NONE',  ( 1549.772507406236628, 1706.602339723742034, -43.00000000000000000 ) ) ;
#811 = ADVANCED_FACE ( 'NONE', ( #1289 ), #2997, .F. ) ;
#812 = ORIENTED_EDGE ( 'NONE', *, *, #3620, .F. ) ;
#813 = ORIENTED_EDGE ( 'NONE', *, *, #3237, .F. ) ;
#814 = DIRECTION ( 'NONE',  ( 1.000000000000000000, 0.000000000000000000, -0.000000000000000000 ) ) ;
#815 = EDGE_CURVE ( 'NONE', #3558, #1343, #1845, .T. ) ;
#816 = DIRECTION ( 'NONE',  ( 1.000000000000000000, 0.000000000000000000, 0.000000000000000000 ) ) ;
#817 = ORIENTED_EDGE ( 'NONE', *, *, #1705, .T. ) ;
#818 = CARTESIAN_POINT ( 'NONE',  ( 781.9345791031230419, 1522.403183421872427, -150.0000000000000284 ) ) ;
#819 = DIRECTION ( 'NONE',  ( 1.000000000000000000, 0.000000000000000000, 0.000000000000000000 ) ) ;
#820 = ORIENTED_EDGE ( 'NONE', *, *, #2116, .T. ) ;
#821 = LINE ( 'NONE', #3637, #2890 ) ;
#822 = CARTESIAN_POINT ( 'NONE',  ( 1485.776197375094853, 577.1754460239801574, -115.0000000000000000 ) ) ;
#823 = ORIENTED_EDGE ( 'NONE', *, *, #2412, .T. ) ;
#824 = ORIENTED_EDGE ( 'NONE', *, *, #431, .F. ) ;
#825 = AXIS2_PLACEMENT_3D ( 'NONE', #2411, #770, #2096 ) ;
#826 = DIRECTION ( 'NONE',  ( -0.000000000000000000, -0.000000000000000000, 1.000000000000000000 ) ) ;
#827 = LINE ( 'NONE', #5, #3027 ) ;
#828 = CIRCLE ( 'NONE', #101, 310.0000000000000568 ) ;
#829 = FACE_OUTER_BOUND ( 'NONE', #2195, .T. ) ;
#830 = DIRECTION ( 'NONE',  ( -0.9188323965756164391, 0.3946479785873850399, 0.000000000000000000 ) ) ;
#831 = VECTOR ( 'NONE', #3441, 1000.000000000000000 ) ;
#832 = ADVANCED_FACE ( 'NONE', ( #1332 ), #2977, .T. ) ;
#833 = VECTOR ( 'NONE', #306, 999.9999999999998863 ) ;
#834 = VECTOR ( 'NONE', #262, 1000.000000000000000 ) ;
#835 = VECTOR ( 'NONE', #2362, 1000.000000000000114 ) ;
#837 = EDGE_CURVE ( 'NONE', #3568, #3197, #2447, .T. ) ;
#836 = LOCAL_TIME ( 14, 13, 58.00000000000000000, #3416 ) ;
#838 = VECTOR ( 'NONE', #2633, 1000.000000000000000 ) ;
#839 = DIRECTION ( 'NONE',  ( 0.2810323696954841743, 0.9596982896636530036, 0.000000000000000000 ) ) ;
#840 = DIRECTION ( 'NONE',  ( 1.000000000000000000, 0.000000000000000000, 0.000000000000000000 ) ) ;
#841 = VECTOR ( 'NONE', #1370, 1000.000000000000000 ) ;
#842 = DIRECTION ( 'NONE',  ( 0.000000000000000000, 0.000000000000000000, 1.000000000000000000 ) ) ;
#843 = ORIENTED_EDGE ( 'NONE', *, *, #2835, .T. ) ;
#844 = VECTOR ( 'NONE', #1627, 1000.000000000000000 ) ;
#845 = FACE_OUTER_BOUND ( 'NONE', #707, .T. ) ;
#846 = LINE ( 'NONE', #3638, #32 ) ;
#847 = ORIENTED_EDGE ( 'NONE', *, *, #1225, .F. ) ;
#848 = ORIENTED_EDGE ( 'NONE', *, *, #1445, .T. ) ;
#849 = VECTOR ( 'NONE', #1587, 1000.000000000000000 ) ;
#850 = EDGE_CURVE ( 'NONE', #1977, #2022, #943, .T. ) ;
#851 = DIRECTION ( 'NONE',  ( -0.000000000000000000, 0.000000000000000000, 1.000000000000000000 ) ) ;
#852 = DIRECTION ( 'NONE',  ( 0.000000000000000000, 0.000000000000000000, 1.000000000000000000 ) ) ;
#853 = DIRECTION ( 'NONE',  ( -0.000000000000000000, -0.000000000000000000, 1.000000000000000000 ) ) ;
#854 = LINE ( 'NONE', #3087, #2013 ) ;
#855 = DIRECTION ( 'NONE',  ( 1.000000000000000000, 0.000000000000000000, 0.000000000000000000 ) ) ;
#856 = ORIENTED_EDGE ( 'NONE', *, *, #120, .T. ) ;
#857 = EDGE_CURVE ( 'NONE', #2699, #433, #939, .T. ) ;
#858 = DIRECTION ( 'NONE',  ( 0.000000000000000000, 0.000000000000000000, -1.000000000000000000 ) ) ;
#859 = CARTESIAN_POINT ( 'NONE',  ( 49.79288880273363560, -41.78119462962494879, -150.0000000000000284 ) ) ;
#860 = CARTESIAN_POINT ( 'NONE',  ( 1485.776197375094853, 577.1754460239801574, -135.0000000000000000 ) ) ;
#861 = ORIENTED_EDGE ( 'NONE', *, *, #58, .T. ) ;
#862 = LINE ( 'NONE', #2181, #415 ) ;
#863 = CARTESIAN_POINT ( 'NONE',  ( 3268.576248845470673, 937.0104710473249270, -135.0000000000000000 ) ) ;
#864 = DIRECTION ( 'NONE',  ( -0.000000000000000000, -0.000000000000000000, -1.000000000000000000 ) ) ;
#865 = ORIENTED_EDGE ( 'NONE', *, *, #302, .F. ) ;
#866 = ORIENTED_EDGE ( 'NONE', *, *, #1399, .T. ) ;
#867 = EDGE_CURVE ( 'NONE', #2519, #410, #3017, .T. ) ;
#868 = EDGE_CURVE ( 'NONE', #1199, #373, #1611, .T. ) ;
#869 = EDGE_CURVE ( 'NONE', #3394, #2751, #1903, .T. ) ;
#870 = CARTESIAN_POINT ( 'NONE',  ( 3572.428216253328173, 1037.379698913113543, -108.0000000000000142 ) ) ;
#871 = DIRECTION ( 'NONE',  ( -0.1494507082279564192, 0.9887691772148655689, 0.000000000000000000 ) ) ;
#872 = DATE_AND_TIME ( #519, #604 ) ;
#873 = DIRECTION ( 'NONE',  ( -0.9832328980098101745, 0.1823542384240912917, 0.000000000000000000 ) ) ;
#874 = VERTEX_POINT ( 'NONE', #1114 ) ;
#875 = DIRECTION ( 'NONE',  ( 0.9832328980098100635, -0.1823542384240916248, 0.000000000000000000 ) ) ;
#876 = PLANE ( 'NONE',  #1411 ) ;
#877 = EDGE_CURVE ( 'NONE', #1224, #555, #3128, .T. ) ;
#878 = DIRECTION ( 'NONE',  ( 0.000000000000000000, 0.000000000000000000, 1.000000000000000000 ) ) ;
#879 = ORIENTED_EDGE ( 'NONE', *, *, #2323, .T. ) ;
#880 = ORIENTED_EDGE ( 'NONE', *, *, #3321, .F. ) ;
#881 = LINE ( 'NONE', #1414, #1427 ) ;
#882 = CARTESIAN_POINT ( 'NONE',  ( 1014.865348754754336, 1734.170643311899994, -140.0000000000000000 ) ) ;
#883 = ADVANCED_FACE ( 'NONE', ( #1415 ), #1690, .F. ) ;
#884 = PERSON_AND_ORGANIZATION_ROLE ( 'creator' ) ;
#885 = LINE ( 'NONE', #3139, #1015 ) ;
#886 = VECTOR ( 'NONE', #1236, 1000.000000000000114 ) ;
#887 = AXIS2_PLACEMENT_3D ( 'NONE', #375, #397, #2386 ) ;
#888 = CIRCLE ( 'NONE', #541, 500.0000000000002274 ) ;
#889 = DIRECTION ( 'NONE',  ( 0.000000000000000000, 0.000000000000000000, 1.000000000000000000 ) ) ;
#890 = ADVANCED_FACE ( 'NONE', ( #3643 ), #1677, .F. ) ;
#891 = AXIS2_PLACEMENT_3D ( 'NONE', #3090, #1730, #562 ) ;
#892 = CIRCLE ( 'NONE', #3614, 65.00000000000000000 ) ;
#893 = CIRCLE ( 'NONE', #1470, 299.9999999999998295 ) ;
#894 = AXIS2_PLACEMENT_3D ( 'NONE', #3617, #547, #3338 ) ;
#895 = AXIS2_PLACEMENT_3D ( 'NONE', #3084, #2812, #609 ) ;
#896 = ORIENTED_EDGE ( 'NONE', *, *, #2454, .T. ) ;
#897 = ORIENTED_EDGE ( 'NONE', *, *, #2066, .T. ) ;
#898 = EDGE_LOOP ( 'NONE', ( #817, #318, #880, #3658 ) ) ;
#899 = AXIS2_PLACEMENT_3D ( 'NONE', #3591, #218, #2720 ) ;
#900 = ADVANCED_FACE ( 'NONE', ( #2224 ), #535, .T. ) ;
#901 = FACE_BOUND ( 'NONE', #1561, .T. ) ;
#902 = CARTESIAN_POINT ( 'NONE',  ( 1541.988273482522118, 1257.230264299567352, 105.0000000000000000 ) ) ;
#903 = CARTESIAN_POINT ( 'NONE',  ( 42.13244437154380506, -35.35331853275954472, 140.0000000000000000 ) ) ;
#904 = EDGE_CURVE ( 'NONE', #1699, #475, #1134, .T. ) ;
#905 = EDGE_LOOP ( 'NONE', ( #3571, #1359, #582, #1245, #116, #1671, #2972 ) ) ;
#906 = CARTESIAN_POINT ( 'NONE',  ( 1230.365799264589896, 1230.365799264594671, -42.99999999999999289 ) ) ;
#907 = DIRECTION ( 'NONE',  ( -0.000000000000000000, -0.000000000000000000, 1.000000000000000000 ) ) ;
#908 = ADVANCED_FACE ( 'NONE', ( #1079, #2208 ), #270, .T. ) ;
#909 = ADVANCED_FACE ( 'NONE', ( #1160 ), #3669, .T. ) ;
#910 = EDGE_CURVE ( 'NONE', #709, #454, #15, .T. ) ;
#911 = FACE_OUTER_BOUND ( 'NONE', #1063, .T. ) ;
#912 = EDGE_CURVE ( 'NONE', #2960, #1192, #310, .T. ) ;
#913 = PLANE ( 'NONE',  #291 ) ;
#914 = VERTEX_POINT ( 'NONE', #3421 ) ;
#915 = EDGE_LOOP ( 'NONE', ( #129, #990, #1894, #3508, #2531, #971, #669, #100 ) ) ;
#916 = ORIENTED_EDGE ( 'NONE', *, *, #2360, .F. ) ;
#917 = DIRECTION ( 'NONE',  ( -0.000000000000000000, -0.000000000000000000, 1.000000000000000000 ) ) ;
#918 = LINE ( 'NONE', #1740, #1834 ) ;
#919 = EDGE_CURVE ( 'NONE', #2784, #3163, #2016, .T. ) ;
#920 = ORIENTED_EDGE ( 'NONE', *, *, #2320, .T. ) ;
#921 = ORIENTED_EDGE ( 'NONE', *, *, #387, .T. ) ;
#922 = VECTOR ( 'NONE', #1864, 1000.000000000000227 ) ;
#923 = CARTESIAN_POINT ( 'NONE',  ( 42.13244437154380506, -35.35331853275954472, 150.0000000000000284 ) ) ;
#924 = CARTESIAN_POINT ( 'NONE',  ( 1927.213206220272241, 1662.573725405637333, 43.00000000000000000 ) ) ;
#925 = CARTESIAN_POINT ( 'NONE',  ( 0.000000000000000000, 0.000000000000000000, 140.0000000000000000 ) ) ;
#926 = DIRECTION ( 'NONE',  ( 0.000000000000000000, 0.000000000000000000, 1.000000000000000000 ) ) ;
#927 = ORIENTED_EDGE ( 'NONE', *, *, #3146, .T. ) ;
#928 = ORIENTED_EDGE ( 'NONE', *, *, #265, .F. ) ;
#929 = EDGE_LOOP ( 'NONE', ( #848, #1948 ) ) ;
#930 = DIRECTION ( 'NONE',  ( 1.000000000000000000, 0.000000000000000000, 0.000000000000000000 ) ) ;
#931 = CARTESIAN_POINT ( 'NONE',  ( 42.13244437154380506, -35.35331853275954472, -140.0000000000000000 ) ) ;
#932 = ORIENTED_EDGE ( 'NONE', *, *, #569, .T. ) ;
#933 = DIRECTION ( 'NONE',  ( 0.9786376751969829701, 0.2055925598971045931, 0.000000000000000000 ) ) ;
#934 = ORIENTED_EDGE ( 'NONE', *, *, #1566, .F. ) ;
#935 = AXIS2_PLACEMENT_3D ( 'NONE', #2910, #2258, #930 ) ;
#936 = EDGE_CURVE ( 'NONE', #2374, #555, #1979, .T. ) ;
#937 = CARTESIAN_POINT ( 'NONE',  ( 3572.428216253328173, 1037.379698913113543, 108.0000000000000142 ) ) ;
#938 = ORIENTED_EDGE ( 'NONE', *, *, #753, .T. ) ;
#939 = CIRCLE ( 'NONE', #2954, 310.0000323772092088 ) ;
#940 = CARTESIAN_POINT ( 'NONE',  ( 3268.576248845471582, 937.0104710473244722, 108.0000000000000142 ) ) ;
#941 = CARTESIAN_POINT ( 'NONE',  ( 1549.772507406236628, 1706.602339723742034, 43.00000000000000000 ) ) ;
#942 = DIRECTION ( 'NONE',  ( 0.000000000000000000, 0.000000000000000000, 1.000000000000000000 ) ) ;
#943 = CIRCLE ( 'NONE', #2548, 490.0000000000004547 ) ;
#944 = ADVANCED_FACE ( 'NONE', ( #1731 ), #2029, .F. ) ;
#945 = CARTESIAN_POINT ( 'NONE',  ( 65.00000000000000000, 7.960204194457797252E-15, 190.0000000000000000 ) ) ;
#946 = DIRECTION ( 'NONE',  ( 0.000000000000000000, 0.000000000000000000, 1.000000000000000000 ) ) ;
#947 = VECTOR ( 'NONE', #2107, 1000.000000000000000 ) ;
#948 = VERTEX_POINT ( 'NONE', #446 ) ;
#949 = VECTOR ( 'NONE', #3227, 1000.000000000000000 ) ;
#950 = ORIENTED_EDGE ( 'NONE', *, *, #2452, .T. ) ;
#951 = ORIENTED_EDGE ( 'NONE', *, *, #1445, .F. ) ;
#952 = CARTESIAN_POINT ( 'NONE',  ( 1210.550619652612568, 1284.940997413912100, -105.0000000000000000 ) ) ;
#953 = VECTOR ( 'NONE', #942, 1000.000000000000000 ) ;
#954 = VECTOR ( 'NONE', #1296, 1000.000000000000114 ) ;
#955 = AXIS2_PLACEMENT_3D ( 'NONE', #98, #1238, #2089 ) ;
#956 = PLANE ( 'NONE',  #1430 ) ;
#957 = VECTOR ( 'NONE', #394, 1000.000000000000000 ) ;
#958 = DATE_AND_TIME ( #2337, #2561 ) ;
#959 = DIRECTION ( 'NONE',  ( -0.000000000000000000, 0.000000000000000000, 1.000000000000000000 ) ) ;
#960 = ORIENTED_EDGE ( 'NONE', *, *, #1705, .F. ) ;
#961 = ORIENTED_EDGE ( 'NONE', *, *, #2990, .F. ) ;
#962 = LINE ( 'NONE', #59, #785 ) ;
#963 = ORIENTED_EDGE ( 'NONE', *, *, #3620, .T. ) ;
#964 = PLANE ( 'NONE',  #2420 ) ;
#965 = DIRECTION ( 'NONE',  ( 0.000000000000000000, 0.000000000000000000, 1.000000000000000000 ) ) ;
#966 = EDGE_CURVE ( 'NONE', #794, #3271, #141, .T. ) ;
#967 = DIRECTION ( 'NONE',  ( 0.3378599004758757740, -0.9411964128971335164, 0.000000000000000000 ) ) ;
#968 = CARTESIAN_POINT ( 'NONE',  ( 1476.454823750141486, 573.5543973162082239, -135.0000000000000000 ) ) ;
#969 = ORIENTED_EDGE ( 'NONE', *, *, #867, .F. ) ;
#970 = ORIENTED_EDGE ( 'NONE', *, *, #3471, .T. ) ;
#971 = ORIENTED_EDGE ( 'NONE', *, *, #13, .T. ) ;
#972 = PLANE ( 'NONE',  #825 ) ;
#973 = CARTESIAN_POINT ( 'NONE',  ( 1200.365799264589896, 1230.365799264594671, 105.0000000000000000 ) ) ;
#974 = EDGE_CURVE ( 'NONE', #1921, #709, #1304, .T. ) ;
#975 = VERTEX_POINT ( 'NONE', #1574 ) ;
#976 = EDGE_CURVE ( 'NONE', #410, #1921, #1828, .T. ) ;
#977 = LINE ( 'NONE', #903, #2556 ) ;
#978 = VERTEX_POINT ( 'NONE', #2403 ) ;
#979 = PLANE ( 'NONE',  #2004 ) ;
#980 = LINE ( 'NONE', #2042, #608 ) ;
#981 = ORIENTED_EDGE ( 'NONE', *, *, #284, .F. ) ;
#982 = CARTESIAN_POINT ( 'NONE',  ( 1311.293769765892193, 994.8998642608610226, 150.0000000000000284 ) ) ;
#983 = CARTESIAN_POINT ( 'NONE',  ( 1467.133450125188801, 569.9333486084397009, 140.0000000000000000 ) ) ;
#984 = LINE ( 'NONE', #3234, #52 ) ;
#985 = CARTESIAN_POINT ( 'NONE',  ( 1257.924866982800040, 1188.646525703048610, 82.99999999999998579 ) ) ;
#986 = CARTESIAN_POINT ( 'NONE',  ( 1927.213206220272241, 1662.573725405637333, 43.00000000000000000 ) ) ;
#987 = DIRECTION ( 'NONE',  ( 0.9596982896636531146, -0.2810323696954837303, 0.000000000000000000 ) ) ;
#988 = ORIENTED_EDGE ( 'NONE', *, *, #1434, .T. ) ;
#989 = ORIENTED_EDGE ( 'NONE', *, *, #2320, .F. ) ;
#990 = ORIENTED_EDGE ( 'NONE', *, *, #815, .T. ) ;
#991 = DIRECTION ( 'NONE',  ( 1.000000000000000000, 0.000000000000000000, 0.000000000000000000 ) ) ;
#992 = EDGE_CURVE ( 'NONE', #1876, #1206, #3536, .T. ) ;
#993 = DIRECTION ( 'NONE',  ( -0.000000000000000000, -0.000000000000000000, 1.000000000000000000 ) ) ;
#994 = ORIENTED_EDGE ( 'NONE', *, *, #566, .T. ) ;
#995 = LINE ( 'NONE', #2742, #712 ) ;
#996 = VECTOR ( 'NONE', #3656, 1000.000000000000114 ) ;
#997 = ORIENTED_EDGE ( 'NONE', *, *, #974, .T. ) ;
#998 = FACE_OUTER_BOUND ( 'NONE', #1724, .T. ) ;
#999 = CARTESIAN_POINT ( 'NONE',  ( 49.79288880273363560, -41.78119462962494879, 150.0000000000000284 ) ) ;
#1000 = VERTEX_POINT ( 'NONE', #1508 ) ;
#1001 = CARTESIAN_POINT ( 'NONE',  ( 1467.133450125188801, 569.9333486084397009, -140.0000000000000000 ) ) ;
#1002 = LINE ( 'NONE', #1556, #2129 ) ;
#1003 = DIRECTION ( 'NONE',  ( -0.000000000000000000, -0.000000000000000000, 1.000000000000000000 ) ) ;
#1004 = DIRECTION ( 'NONE',  ( 0.000000000000000000, 0.000000000000000000, 1.000000000000000000 ) ) ;
#1005 = VECTOR ( 'NONE', #1154, 1000.000000000000114 ) ;
#1006 = VECTOR ( 'NONE', #3626, 1000.000000000000000 ) ;
#1007 = FACE_BOUND ( 'NONE', #2503, .T. ) ;
#1008 = CARTESIAN_POINT ( 'NONE',  ( 1020.456010646259870, 1747.395362326518580, -150.0000000000000284 ) ) ;
#1009 = ORIENTED_EDGE ( 'NONE', *, *, #689, .F. ) ;
#1010 = AXIS2_PLACEMENT_3D ( 'NONE', #584, #926, #2044 ) ;
#1011 = ORIENTED_EDGE ( 'NONE', *, *, #1182, .F. ) ;
#1012 = CARTESIAN_POINT ( 'NONE',  ( 1927.213206220272241, 1662.573725405637333, 43.00000000000000000 ) ) ;
#1013 = AXIS2_PLACEMENT_3D ( 'NONE', #1455, #2591, #3122 ) ;
#1014 = CIRCLE ( 'NONE', #2786, 50.00000000000004263 ) ;
#1015 = VECTOR ( 'NONE', #1958, 1000.000000000000000 ) ;
#1016 = VERTEX_POINT ( 'NONE', #1804 ) ;
#1017 = VERTEX_POINT ( 'NONE', #2940 ) ;
#1018 = LINE ( 'NONE', #3527, #2430 ) ;
#1019 = CIRCLE ( 'NONE', #2900, 490.0216242335459924 ) ;
#1020 = ORIENTED_EDGE ( 'NONE', *, *, #1926, .F. ) ;
#1021 = AXIS2_PLACEMENT_3D ( 'NONE', #340, #2615, #63 ) ;
#1022 = DIRECTION ( 'NONE',  ( 1.000000000000000000, 0.000000000000000000, 0.000000000000000000 ) ) ;
#1023 = VECTOR ( 'NONE', #1200, 1000.000000000000000 ) ;
#1024 = FACE_BOUND ( 'NONE', #2534, .T. ) ;
#1025 = ORIENTED_EDGE ( 'NONE', *, *, #1148, .T. ) ;
#1026 = CARTESIAN_POINT ( 'NONE',  ( 1366.000041293119921, 1289.869733663803800, 115.0000000000000000 ) ) ;
#1027 = CARTESIAN_POINT ( 'NONE',  ( 784.1655123326112289, 1526.429987788615563, -130.0000000000000000 ) ) ;
#1028 = DIRECTION ( 'NONE',  ( -0.000000000000000000, -0.000000000000000000, 1.000000000000000000 ) ) ;
#1029 = EDGE_CURVE ( 'NONE', #3568, #3106, #1002, .T. ) ;
#1030 = EDGE_CURVE ( 'NONE', #453, #1638, #2425, .T. ) ;
#1031 = LINE ( 'NONE', #161, #3422 ) ;
#1032 = EDGE_CURVE ( 'NONE', #268, #2976, #2127, .T. ) ;
#1033 = DIRECTION ( 'NONE',  ( 1.000000000000000000, 0.000000000000000000, 0.000000000000000000 ) ) ;
#1034 = ORIENTED_EDGE ( 'NONE', *, *, #1182, .T. ) ;
#1035 = ORIENTED_EDGE ( 'NONE', *, *, #2118, .F. ) ;
#1036 = CARTESIAN_POINT ( 'NONE',  ( 3268.576248845471582, 937.0104710473243586, 108.0000000000000142 ) ) ;
#1037 = ORIENTED_EDGE ( 'NONE', *, *, #3054, .F. ) ;
#1038 = EDGE_LOOP ( 'NONE', ( #866, #989, #2101, #1802, #2712, #2651 ) ) ;
#1039 = DIRECTION ( 'NONE',  ( -0.9596982896636528926, 0.2810323696954841188, 0.000000000000000000 ) ) ;
#1040 = DIRECTION ( 'NONE',  ( 1.000000000000000000, 0.000000000000000000, 0.000000000000000000 ) ) ;
#1041 = DIRECTION ( 'NONE',  ( -1.000000000000000000, 0.000000000000000000, 0.000000000000000000 ) ) ;
#1042 = EDGE_CURVE ( 'NONE', #1281, #636, #2724, .T. ) ;
#1043 = ORIENTED_EDGE ( 'NONE', *, *, #2046, .T. ) ;
#1044 = CARTESIAN_POINT ( 'NONE',  ( 1014.865348754754336, 1734.170643311899994, 150.0000000000000284 ) ) ;
#1045 = CARTESIAN_POINT ( 'NONE',  ( 0.000000000000000000, 0.000000000000000000, -105.0000000000000000 ) ) ;
#1046 = DIRECTION ( 'NONE',  ( 0.000000000000000000, 0.000000000000000000, -1.000000000000000000 ) ) ;
#1047 = ORIENTED_EDGE ( 'NONE', *, *, #3321, .T. ) ;
#1048 = VERTEX_POINT ( 'NONE', #93 ) ;
#1049 = CARTESIAN_POINT ( 'NONE',  ( 278.5166040334648869, 1501.729217232690416, 135.0000000000000000 ) ) ;
#1050 = PLANE ( 'NONE',  #3021 ) ;
#1051 = VERTEX_POINT ( 'NONE', #1531 ) ;
#1052 = ORIENTED_EDGE ( 'NONE', *, *, #1944, .F. ) ;
#1053 = CARTESIAN_POINT ( 'NONE',  ( 1227.872817737090827, 1180.427987507334365, -42.99999999999999289 ) ) ;
#1054 = DIRECTION ( 'NONE',  ( -1.000000000000000000, 0.000000000000000000, 0.000000000000000000 ) ) ;
#1055 = VECTOR ( 'NONE', #554, 1000.000000000000000 ) ;
#1056 = LINE ( 'NONE', #1712, #553 ) ;
#1057 = CARTESIAN_POINT ( 'NONE',  ( 65.00000000000000000, 7.960204194457797252E-15, -190.0000000000000000 ) ) ;
#1058 = EDGE_CURVE ( 'NONE', #733, #3163, #2842, .T. ) ;
#1059 = CARTESIAN_POINT ( 'NONE',  ( 49.79288880273364981, -41.78119462962495589, -150.0000000000000284 ) ) ;
#1060 = ADVANCED_FACE ( 'NONE', ( #2064 ), #727, .F. ) ;
#1061 = CARTESIAN_POINT ( 'NONE',  ( 966.4282906591730580, 1050.622338631828597, -82.99999999999998579 ) ) ;
#1062 = DIRECTION ( 'NONE',  ( -0.6427876096865382527, -0.7660444431189789016, -0.000000000000000000 ) ) ;
#1063 = EDGE_LOOP ( 'NONE', ( #381, #51, #1649, #1925, #2354, #1284, #1875, #847, #640, #2391, #2294, #3463, #1020, #488, #1553, #2553, #1479, #2971 ) ) ;
#1064 = ORIENTED_EDGE ( 'NONE', *, *, #2619, .F. ) ;
#1065 = VECTOR ( 'NONE', #411, 1000.000000000000000 ) ;
#1066 = CARTESIAN_POINT ( 'NONE',  ( 1227.872817737090827, 1180.427987507334365, 42.99999999999999289 ) ) ;
#1067 = EDGE_CURVE ( 'NONE', #268, #2332, #1850, .T. ) ;
#1068 = FACE_OUTER_BOUND ( 'NONE', #1157, .T. ) ;
#1069 = VECTOR ( 'NONE', #1868, 1000.000000000000000 ) ;
#1070 = VERTEX_POINT ( 'NONE', #2085 ) ;
#1071 = VERTEX_POINT ( 'NONE', #1259 ) ;
#1072 = DIRECTION ( 'NONE',  ( -0.000000000000000000, -0.000000000000000000, -1.000000000000000000 ) ) ;
#1073 = VERTEX_POINT ( 'NONE', #3191 ) ;
#1074 = VECTOR ( 'NONE', #163, 1000.000000000000000 ) ;
#1075 = EDGE_CURVE ( 'NONE', #392, #2933, #1492, .T. ) ;
#1076 = DIRECTION ( 'NONE',  ( -0.000000000000000000, -0.000000000000000000, -1.000000000000000000 ) ) ;
#1077 = ADVANCED_FACE ( 'NONE', ( #664, #1785 ), #2919, .T. ) ;
#1078 = VECTOR ( 'NONE', #3653, 1000.000000000000227 ) ;
#1079 = FACE_BOUND ( 'NONE', #2647, .T. ) ;
#1080 = CIRCLE ( 'NONE', #3554, 299.9999999999998295 ) ;
#1081 = CARTESIAN_POINT ( 'NONE',  ( 42.13244437154385480, -35.35331853275958025, -130.0000000000000000 ) ) ;
#1082 = VECTOR ( 'NONE', #3400, 1000.000000000000114 ) ;
#1083 = DIRECTION ( 'NONE',  ( 1.000000000000000000, 0.000000000000000000, 0.000000000000000000 ) ) ;
#1084 = APPROVAL_PERSON_ORGANIZATION ( #1678, #404, #368 ) ;
#1085 = AXIS2_PLACEMENT_3D ( 'NONE', #2543, #839, #3143 ) ;
#1086 = DIRECTION ( 'NONE',  ( -0.000000000000000000, -0.000000000000000000, 1.000000000000000000 ) ) ;
#1087 = AXIS2_PLACEMENT_3D ( 'NONE', #1680, #2836, #1457 ) ;
#1088 = CARTESIAN_POINT ( 'NONE',  ( 1897.213206220272241, 1662.573725405637333, 43.00000000000000000 ) ) ;
#1089 = EDGE_CURVE ( 'NONE', #2699, #1987, #3516, .T. ) ;
#1090 = CARTESIAN_POINT ( 'NONE',  ( 3283.580471521982417, 1188.464331030796757, 105.0000000000000000 ) ) ;
#1091 = ORIENTED_EDGE ( 'NONE', *, *, #1246, .F. ) ;
#1092 = ORIENTED_EDGE ( 'NONE', *, *, #1058, .T. ) ;
#1093 = ORIENTED_EDGE ( 'NONE', *, *, #2081, .F. ) ;
#1094 = CARTESIAN_POINT ( 'NONE',  ( 2027.213206220272014, 1662.573725405637333, 43.00000000000000000 ) ) ;
#1095 = FACE_OUTER_BOUND ( 'NONE', #3619, .T. ) ;
#1096 = EDGE_LOOP ( 'NONE', ( #3482, #279, #612, #927 ) ) ;
#1097 = VERTEX_POINT ( 'NONE', #2484 ) ;
#1098 = EDGE_CURVE ( 'NONE', #3606, #1073, #2228, .T. ) ;
#1099 = CARTESIAN_POINT ( 'NONE',  ( 0.000000000000000000, 0.000000000000000000, 140.0000000000000000 ) ) ;
#1100 =( NAMED_UNIT ( * ) SI_UNIT ( $, .STERADIAN. ) SOLID_ANGLE_UNIT ( ) );
#1101 = CARTESIAN_POINT ( 'NONE',  ( 1260.365799264590123, 1230.365799264594671, 105.0000000000000000 ) ) ;
#1102 = ORIENTED_EDGE ( 'NONE', *, *, #2741, .F. ) ;
#1103 = CARTESIAN_POINT ( 'NONE',  ( 1230.365799264589896, 1230.365799264594671, 42.99999999999999289 ) ) ;
#1104 = DIRECTION ( 'NONE',  ( -1.000000000000000000, 0.000000000000000000, 0.000000000000000000 ) ) ;
#1105 = LINE ( 'NONE', #3071, #1137 ) ;
#1106 = ORIENTED_EDGE ( 'NONE', *, *, #348, .F. ) ;
#1107 = DIRECTION ( 'NONE',  ( -0.000000000000000000, -0.000000000000000000, -1.000000000000000000 ) ) ;
#1108 = CARTESIAN_POINT ( 'NONE',  ( 1014.865348754754336, 1734.170643311899994, 140.0000000000000000 ) ) ;
#1109 = ORIENTED_EDGE ( 'NONE', *, *, #867, .T. ) ;
#1110 = ORIENTED_EDGE ( 'NONE', *, *, #2603, .T. ) ;
#1111 = EDGE_CURVE ( 'NONE', #1016, #948, #3405, .T. ) ;
#1112 = CARTESIAN_POINT ( 'NONE',  ( 0.000000000000000000, 0.000000000000000000, -130.0000000000000000 ) ) ;
#1113 = LINE ( 'NONE', #3116, #3677 ) ;
#1114 = CARTESIAN_POINT ( 'NONE',  ( 1200.330162775168219, 1284.359840636884883, 104.9999999999999858 ) ) ;
#1115 = ADVANCED_FACE ( 'NONE', ( #12 ), #319, .T. ) ;
#1116 = CARTESIAN_POINT ( 'NONE',  ( -47.06294214384741537, 26.07384713627812189, 150.0000000000000284 ) ) ;
#1117 = CALENDAR_DATE ( 2026, 17, 8 ) ;
#1118 = DIRECTION ( 'NONE',  ( -0.000000000000000000, -0.000000000000000000, -1.000000000000000000 ) ) ;
#1119 = ORIENTED_EDGE ( 'NONE', *, *, #2279, .F. ) ;
#1120 = FACE_OUTER_BOUND ( 'NONE', #362, .T. ) ;
#1121 = DIRECTION ( 'NONE',  ( -0.4846167061386938424, -0.8747266133663036403, -0.000000000000000000 ) ) ;
#1122 = VERTEX_POINT ( 'NONE', #1185 ) ;
#1123 = DIRECTION ( 'NONE',  ( 0.000000000000000000, 0.000000000000000000, 1.000000000000000000 ) ) ;
#1124 = FACE_OUTER_BOUND ( 'NONE', #1151, .T. ) ;
#1125 = ORIENTED_EDGE ( 'NONE', *, *, #3089, .T. ) ;
#1126 = ORIENTED_EDGE ( 'NONE', *, *, #125, .F. ) ;
#1127 = AXIS2_PLACEMENT_3D ( 'NONE', #3599, #1107, #2806 ) ;
#1128 = CIRCLE ( 'NONE', #474, 299.9999999999998295 ) ;
#1129 = ADVANCED_FACE ( 'NONE', ( #2857 ), #2579, .T. ) ;
#1130 = DIRECTION ( 'NONE',  ( 0.000000000000000000, 0.000000000000000000, -1.000000000000000000 ) ) ;
#1131 = VECTOR ( 'NONE', #3209, 1000.000000000000000 ) ;
#1132 = DIRECTION ( 'NONE',  ( -0.000000000000000000, 0.000000000000000000, 1.000000000000000000 ) ) ;
#1133 = FACE_OUTER_BOUND ( 'NONE', #2397, .T. ) ;
#1134 = CIRCLE ( 'NONE', #3250, 69.99999999999984368 ) ;
#1135 = VERTEX_POINT ( 'NONE', #3275 ) ;
#1136 = VECTOR ( 'NONE', #3607, 1000.000000000000000 ) ;
#1137 = VECTOR ( 'NONE', #1980, 1000.000000000000000 ) ;
#1138 = CIRCLE ( 'NONE', #895, 30.00000000000000000 ) ;
#1139 = DIRECTION ( 'NONE',  ( 0.000000000000000000, 0.000000000000000000, -1.000000000000000000 ) ) ;
#1140 = CIRCLE ( 'NONE', #241, 30.00000000000002842 ) ;
#1141 = DIRECTION ( 'NONE',  ( -0.000000000000000000, -0.000000000000000000, 1.000000000000000000 ) ) ;
#1142 = EDGE_CURVE ( 'NONE', #1563, #1017, #2194, .T. ) ;
#1143 = EDGE_LOOP ( 'NONE', ( #1465, #190, #2624, #3011 ) ) ;
#1144 = CARTESIAN_POINT ( 'NONE',  ( 3283.580471521982417, 1188.464331030797439, 135.0000000000000000 ) ) ;
#1145 = VECTOR ( 'NONE', #3512, 1000.000000000000114 ) ;
#1146 = ADVANCED_FACE ( 'NONE', ( #3245 ), #1327, .F. ) ;
#1147 = DIRECTION ( 'NONE',  ( 0.000000000000000000, 0.000000000000000000, 1.000000000000000000 ) ) ;
#1148 = EDGE_CURVE ( 'NONE', #1048, #2938, #3292, .T. ) ;
#1149 = CARTESIAN_POINT ( 'NONE',  ( 1476.454823750140804, 573.5543973162068596, -130.0000000000000000 ) ) ;
#1150 = VERTEX_POINT ( 'NONE', #1856 ) ;
#1151 = EDGE_LOOP ( 'NONE', ( #2221, #3115, #1495, #3246, #2075, #1791, #2953, #3306 ) ) ;
#1152 = APPLICATION_CONTEXT ( 'configuration controlled 3d designs of mechanical parts and assemblies' ) ;
#1153 = CARTESIAN_POINT ( 'NONE',  ( -29.38782100821354604, 57.97720221250076378, -140.0000000000000000 ) ) ;
#1154 = DIRECTION ( 'NONE',  ( 0.3621048707768533825, -0.9321373624952914438, 0.000000000000000000 ) ) ;
#1155 = CARTESIAN_POINT ( 'NONE',  ( 1957.213206220272241, 1662.573725405637333, -43.00000000000000000 ) ) ;
#1156 = UNCERTAINTY_MEASURE_WITH_UNIT (LENGTH_MEASURE( 1.000000000000000082E-05 ), #1396, 'distance_accuracy_value', 'NONE');
#1157 = EDGE_LOOP ( 'NONE', ( #2278, #1634, #2120, #2834 ) ) ;
#1158 = EDGE_CURVE ( 'NONE', #410, #2306, #772, .T. ) ;
#1159 = DIRECTION ( 'NONE',  ( -1.000000000000000000, 0.000000000000000000, 0.000000000000000000 ) ) ;
#1160 = FACE_OUTER_BOUND ( 'NONE', #1872, .T. ) ;
#1161 = DIRECTION ( 'NONE',  ( 0.000000000000000000, 0.000000000000000000, 1.000000000000000000 ) ) ;
#1162 = EDGE_LOOP ( 'NONE', ( #532, #743 ) ) ;
#1163 = ORIENTED_EDGE ( 'NONE', *, *, #1644, .F. ) ;
#1164 = LINE ( 'NONE', #303, #2014 ) ;
#1165 = DIRECTION ( 'NONE',  ( -0.9832328980098101745, 0.1823542384240912917, 0.000000000000000000 ) ) ;
#1166 = AXIS2_PLACEMENT_3D ( 'NONE', #3053, #2512, #1368 ) ;
#1167 = ADVANCED_FACE ( 'NONE', ( #192 ), #2097, .F. ) ;
#1168 = DATE_AND_TIME ( #1739, #2966 ) ;
#1169 = LINE ( 'NONE', #3632, #301 ) ;
#1170 = ORIENTED_EDGE ( 'NONE', *, *, #3204, .T. ) ;
#1171 = LINE ( 'NONE', #1664, #723 ) ;
#1172 = ADVANCED_FACE ( 'NONE', ( #436 ), #1815, .T. ) ;
#1173 = DIRECTION ( 'NONE',  ( -0.2775073786861076974, 0.9607235058927023896, 0.000000000000000000 ) ) ;
#1174 = ORIENTED_EDGE ( 'NONE', *, *, #3281, .T. ) ;
#1175 = ORIENTED_EDGE ( 'NONE', *, *, #3522, .T. ) ;
#1176 = EDGE_LOOP ( 'NONE', ( #856, #1810, #3305, #2443 ) ) ;
#1177 = ADVANCED_FACE ( 'NONE', ( #3585 ), #1050, .T. ) ;
#1178 = FACE_OUTER_BOUND ( 'NONE', #3636, .T. ) ;
#1179 = CARTESIAN_POINT ( 'NONE',  ( 781.9345791031230419, 1522.403183421872427, -150.0000000000000284 ) ) ;
#1180 = EDGE_CURVE ( 'NONE', #1670, #699, #2252, .T. ) ;
#1181 = CIRCLE ( 'NONE', #589, 309.9999999999998295 ) ;
#1182 = EDGE_CURVE ( 'NONE', #1328, #978, #1422, .T. ) ;
#1183 = LINE ( 'NONE', #3155, #109 ) ;
#1184 = ORIENTED_EDGE ( 'NONE', *, *, #3156, .F. ) ;
#1185 = CARTESIAN_POINT ( 'NONE',  ( 1915.617102975736998, 1761.899101768085757, -65.00000000000000000 ) ) ;
#1186 = VECTOR ( 'NONE', #3062, 1000.000000000000000 ) ;
#1187 = DIRECTION ( 'NONE',  ( 0.000000000000000000, -0.000000000000000000, 1.000000000000000000 ) ) ;
#1188 = ORGANIZATION ( '未', '未', '' ) ;
#1189 = DIRECTION ( 'NONE',  ( -0.000000000000000000, -0.000000000000000000, 1.000000000000000000 ) ) ;
#1190 = AXIS2_PLACEMENT_3D ( 'NONE', #2529, #3506, #2677 ) ;
#1191 = CIRCLE ( 'NONE', #2732, 50.00000000000004263 ) ;
#1192 = VERTEX_POINT ( 'NONE', #80 ) ;
#1193 = ORIENTED_EDGE ( 'NONE', *, *, #877, .F. ) ;
#1194 = ORIENTED_EDGE ( 'NONE', *, *, #142, .F. ) ;
#1195 = AXIS2_PLACEMENT_3D ( 'NONE', #1292, #3255, #1083 ) ;
#1196 = ADVANCED_FACE ( 'NONE', ( #2346, #1748 ), #913, .F. ) ;
#1197 = DIRECTION ( 'NONE',  ( -1.000000000000000000, 0.000000000000000000, 0.000000000000000000 ) ) ;
#1198 = VERTEX_POINT ( 'NONE', #2923 ) ;
#1199 = VERTEX_POINT ( 'NONE', #3195 ) ;
#1200 = DIRECTION ( 'NONE',  ( -0.6427876096865379196, -0.7660444431189792347, 0.000000000000000000 ) ) ;
#1201 = CARTESIAN_POINT ( 'NONE',  ( 278.5166040334648869, 1501.729217232690416, -135.0000000000000000 ) ) ;
#1202 = CARTESIAN_POINT ( 'NONE',  ( 3316.347008179312070, 912.1517793547128576, -108.0000000000000142 ) ) ;
#1203 = DIRECTION ( 'NONE',  ( -0.9950730346704289575, 0.09914461998405910137, 0.000000000000000000 ) ) ;
#1204 = EDGE_LOOP ( 'NONE', ( #3477, #3545 ) ) ;
#1205 = VERTEX_POINT ( 'NONE', #379 ) ;
#1206 = VERTEX_POINT ( 'NONE', #2000 ) ;
#1207 = DIRECTION ( 'NONE',  ( -0.000000000000000000, -0.000000000000000000, 1.000000000000000000 ) ) ;
#1208 = CARTESIAN_POINT ( 'NONE',  ( 784.1655123326112289, 1526.429987788615563, -130.0000000000000000 ) ) ;
#1209 = ADVANCED_FACE ( 'NONE', ( #1723 ), #2583, .F. ) ;
#1210 = PERSON_AND_ORGANIZATION ( #442, #1188 ) ;
#1211 = LINE ( 'NONE', #2932, #2961 ) ;
#1212 = ORIENTED_EDGE ( 'NONE', *, *, #1904, .F. ) ;
#1213 = EDGE_CURVE ( 'NONE', #1640, #453, #43, .T. ) ;
#1214 = LINE ( 'NONE', #2104, #1369 ) ;
#1215 = ORIENTED_EDGE ( 'NONE', *, *, #3202, .F. ) ;
#1216 = FACE_OUTER_BOUND ( 'NONE', #1502, .T. ) ;
#1217 = DIRECTION ( 'NONE',  ( -0.000000000000000000, -0.000000000000000000, 1.000000000000000000 ) ) ;
#1218 = DIRECTION ( 'NONE',  ( 0.000000000000000000, 0.000000000000000000, 1.000000000000000000 ) ) ;
#1219 = DIRECTION ( 'NONE',  ( -0.000000000000000000, 0.000000000000000000, 1.000000000000000000 ) ) ;
#1220 = EDGE_LOOP ( 'NONE', ( #820, #1255, #2203, #308 ) ) ;
#1221 = ORIENTED_EDGE ( 'NONE', *, *, #2941, .F. ) ;
#1222 = EDGE_LOOP ( 'NONE', ( #714, #329, #3096, #1783 ) ) ;
#1223 = DIRECTION ( 'NONE',  ( -0.000000000000000000, 0.000000000000000000, 1.000000000000000000 ) ) ;
#1224 = VERTEX_POINT ( 'NONE', #450 ) ;
#1225 = EDGE_CURVE ( 'NONE', #2142, #3197, #1869, .T. ) ;
#1226 = DIRECTION ( 'NONE',  ( -0.000000000000000000, -0.000000000000000000, 1.000000000000000000 ) ) ;
#1227 = ORIENTED_EDGE ( 'NONE', *, *, #3140, .T. ) ;
#1228 = VECTOR ( 'NONE', #1395, 1000.000000000000000 ) ;
#1229 = DIRECTION ( 'NONE',  ( -0.9950730346704287355, 0.09914461998406128018, 0.000000000000000000 ) ) ;
#1230 = ORIENTED_EDGE ( 'NONE', *, *, #3146, .F. ) ;
#1231 = CIRCLE ( 'NONE', #3366, 99.99999999999987210 ) ;
#1232 = DIRECTION ( 'NONE',  ( 0.000000000000000000, -0.000000000000000000, -1.000000000000000000 ) ) ;
#1233 = CARTESIAN_POINT ( 'NONE',  ( 42.13244437154380506, -35.35331853275954472, -150.0000000000000284 ) ) ;
#1234 = CARTESIAN_POINT ( 'NONE',  ( 966.4282906591732853, 1050.622338631828597, 82.99999999999998579 ) ) ;
#1235 = VECTOR ( 'NONE', #2684, 1000.000000000000000 ) ;
#1236 = DIRECTION ( 'NONE',  ( 0.3621048707768533825, -0.9321373624952914438, 0.000000000000000000 ) ) ;
#1237 = ADVANCED_FACE ( 'NONE', ( #2156, #732 ), #3288, .T. ) ;
#1238 = DIRECTION ( 'NONE',  ( -0.000000000000000000, -0.000000000000000000, 1.000000000000000000 ) ) ;
#1239 = AXIS2_PLACEMENT_3D ( 'NONE', #3304, #766, #3500 ) ;
#1240 = ADVANCED_FACE ( 'NONE', ( #1299 ), #749, .F. ) ;
#1241 = CARTESIAN_POINT ( 'NONE',  ( 1191.051052278277211, 1280.629997367371516, 150.0000000000000284 ) ) ;
#1242 = VERTEX_POINT ( 'NONE', #2433 ) ;
#1243 = VECTOR ( 'NONE', #1521, 1000.000000000000000 ) ;
#1244 = ORIENTED_EDGE ( 'NONE', *, *, #452, .T. ) ;
#1245 = ORIENTED_EDGE ( 'NONE', *, *, #3170, .T. ) ;
#1246 = EDGE_CURVE ( 'NONE', #2341, #1000, #468, .T. ) ;
#1247 = PLANE ( 'NONE',  #2055 ) ;
#1248 = VECTOR ( 'NONE', #3652, 1000.000000000000000 ) ;
#1249 = AXIS2_PLACEMENT_3D ( 'NONE', #3385, #20, #814 ) ;
#1250 = DIRECTION ( 'NONE',  ( 1.000000000000000000, 0.000000000000000000, 0.000000000000000000 ) ) ;
#1251 = ORIENTED_EDGE ( 'NONE', *, *, #2387, .F. ) ;
#1252 = PLANE ( 'NONE',  #2361 ) ;
#1253 = VERTEX_POINT ( 'NONE', #2672 ) ;
#1254 = DIRECTION ( 'NONE',  ( 1.000000000000000000, 0.000000000000000000, 0.000000000000000000 ) ) ;
#1255 = ORIENTED_EDGE ( 'NONE', *, *, #2092, .F. ) ;
#1256 = LINE ( 'NONE', #2936, #2509 ) ;
#1257 = ORIENTED_EDGE ( 'NONE', *, *, #302, .T. ) ;
#1258 = CARTESIAN_POINT ( 'NONE',  ( 1476.454823750140804, 573.5543973162068596, -105.0000000000000000 ) ) ;
#1259 = CARTESIAN_POINT ( 'NONE',  ( -65.00000000000000000, 0.000000000000000000, -190.0000000000000000 ) ) ;
#1260 = DIRECTION ( 'NONE',  ( 0.000000000000000000, 0.000000000000000000, -1.000000000000000000 ) ) ;
#1261 = LINE ( 'NONE', #968, #886 ) ;
#1262 = DIRECTION ( 'NONE',  ( -0.9887691772148655689, -0.1494507082279563914, 0.000000000000000000 ) ) ;
#1263 = CARTESIAN_POINT ( 'NONE',  ( 579.8708342162748295, 1980.202666426642054, -135.0000000000000000 ) ) ;
#1264 = ORIENTED_EDGE ( 'NONE', *, *, #627, .F. ) ;
#1265 = ORIENTED_EDGE ( 'NONE', *, *, #3068, .F. ) ;
#1266 = EDGE_LOOP ( 'NONE', ( #3199, #1194, #1798, #2740 ) ) ;
#1267 = FACE_BOUND ( 'NONE', #69, .T. ) ;
#1268 = CARTESIAN_POINT ( 'NONE',  ( 1927.213206220272241, 1662.573725405637333, -65.00000000000000000 ) ) ;
#1269 = DIRECTION ( 'NONE',  ( 0.000000000000000000, -0.000000000000000000, -1.000000000000000000 ) ) ;
#1270 = LINE ( 'NONE', #3296, #3484 ) ;
#1271 = EDGE_LOOP ( 'NONE', ( #3429, #243, #230, #3489, #1184, #1935 ) ) ;
#1272 = DIRECTION ( 'NONE',  ( -1.000000000000000000, 0.000000000000000000, 0.000000000000000000 ) ) ;
#1273 = EDGE_LOOP ( 'NONE', ( #1916, #1519, #3179, #3550 ) ) ;
#1274 = EDGE_CURVE ( 'NONE', #662, #2843, #3219, .T. ) ;
#1275 = DIRECTION ( 'NONE',  ( -0.4846167061386940644, -0.8747266133663035292, 0.000000000000000000 ) ) ;
#1276 = ORIENTED_EDGE ( 'NONE', *, *, #3526, .F. ) ;
#1277 = CARTESIAN_POINT ( 'NONE',  ( 3346.090394174529592, 1210.673689755841451, 130.0000000000000000 ) ) ;
#1278 = DIRECTION ( 'NONE',  ( -0.000000000000000000, -0.000000000000000000, 1.000000000000000000 ) ) ;
#1279 = CARTESIAN_POINT ( 'NONE',  ( -47.06294214384741537, 26.07384713627812189, 150.0000000000000284 ) ) ;
#1280 = DIRECTION ( 'NONE',  ( 0.000000000000000000, 0.000000000000000000, 1.000000000000000000 ) ) ;
#1281 = VERTEX_POINT ( 'NONE', #1322 ) ;
#1282 = ORIENTED_EDGE ( 'NONE', *, *, #3497, .T. ) ;
#1283 = FACE_OUTER_BOUND ( 'NONE', #750, .T. ) ;
#1284 = ORIENTED_EDGE ( 'NONE', *, *, #401, .T. ) ;
#1285 = ORIENTED_EDGE ( 'NONE', *, *, #1887, .F. ) ;
#1286 = EDGE_CURVE ( 'NONE', #636, #1281, #2302, .T. ) ;
#1287 = CARTESIAN_POINT ( 'NONE',  ( -29.38782100821354604, 57.97720221250076378, 150.0000000000000284 ) ) ;
#1288 = ORIENTED_EDGE ( 'NONE', *, *, #512, .T. ) ;
#1289 = FACE_OUTER_BOUND ( 'NONE', #3586, .T. ) ;
#1290 = EDGE_CURVE ( 'NONE', #1073, #44, #715, .T. ) ;
#1291 = EDGE_CURVE ( 'NONE', #594, #2673, #2659, .T. ) ;
#1292 = CARTESIAN_POINT ( 'NONE',  ( 1210.550619652612568, 1284.940997413912100, -115.0000000000000000 ) ) ;
#1293 = ORIENTED_EDGE ( 'NONE', *, *, #643, .T. ) ;
#1294 = CARTESIAN_POINT ( 'NONE',  ( 0.000000000000000000, 0.000000000000000000, -130.0000000000000000 ) ) ;
#1295 = CARTESIAN_POINT ( 'NONE',  ( 1915.617102975736998, 1761.899101768085757, 43.00000000000000000 ) ) ;
#1296 = DIRECTION ( 'NONE',  ( 0.9832328980098100635, -0.1823542384240916525, 0.000000000000000000 ) ) ;
#1297 = CARTESIAN_POINT ( 'NONE',  ( 1230.365799264589896, 1230.365799264594671, 82.99999999999998579 ) ) ;
#1298 = CARTESIAN_POINT ( 'NONE',  ( 3134.054705210137854, -312.2631725823264333, 135.0000000000000000 ) ) ;
#1299 = FACE_OUTER_BOUND ( 'NONE', #2417, .T. ) ;
#1300 = ORIENTED_EDGE ( 'NONE', *, *, #904, .T. ) ;
#1301 = AXIS2_PLACEMENT_3D ( 'NONE', #614, #1219, #2627 ) ;
#1302 = ORIENTED_EDGE ( 'NONE', *, *, #3333, .T. ) ;
#1303 = CARTESIAN_POINT ( 'NONE',  ( 1352.674452321006356, 1753.899426706029317, -105.0000000000000000 ) ) ;
#1304 = CIRCLE ( 'NONE', #412, 65.00000000000000000 ) ;
#1305 = AXIS2_PLACEMENT_3D ( 'NONE', #2319, #110, #2056 ) ;
#1306 = DIRECTION ( 'NONE',  ( 1.000000000000000000, 0.000000000000000000, 0.000000000000000000 ) ) ;
#1307 = ORIENTED_EDGE ( 'NONE', *, *, #2168, .T. ) ;
#1308 = ORIENTED_EDGE ( 'NONE', *, *, #3170, .F. ) ;
#1309 = ORIENTED_EDGE ( 'NONE', *, *, #2279, .T. ) ;
#1310 = CIRCLE ( 'NONE', #3254, 299.9999999999998295 ) ;
#1311 = EDGE_CURVE ( 'NONE', #2003, #1436, #3024, .T. ) ;
#1312 = VECTOR ( 'NONE', #1278, 1000.000000000000000 ) ;
#1313 = CARTESIAN_POINT ( 'NONE',  ( 1927.213206220272241, 1662.573725405637333, -43.00000000000000000 ) ) ;
#1314 = VECTOR ( 'NONE', #2317, 1000.000000000000000 ) ;
#1315 = CIRCLE ( 'NONE', #186, 30.00000000000000000 ) ;
#1316 = LINE ( 'NONE', #1584, #1131 ) ;
#1317 = DIRECTION ( 'NONE',  ( 1.000000000000000000, 0.000000000000000000, 0.000000000000000000 ) ) ;
#1318 = ORIENTED_EDGE ( 'NONE', *, *, #2507, .F. ) ;
#1319 = DIRECTION ( 'NONE',  ( -0.000000000000000000, -0.000000000000000000, -1.000000000000000000 ) ) ;
#1320 = LINE ( 'NONE', #945, #708 ) ;
#1321 = DIRECTION ( 'NONE',  ( 0.09914461998405910137, 0.9950730346704289575, 0.000000000000000000 ) ) ;
#1322 = CARTESIAN_POINT ( 'NONE',  ( 1897.213206220272241, 1662.573725405637333, -43.00000000000000000 ) ) ;
#1323 = VERTEX_POINT ( 'NONE', #2390 ) ;
#1324 = ORIENTED_EDGE ( 'NONE', *, *, #2822, .T. ) ;
#1325 = ORIENTED_EDGE ( 'NONE', *, *, #1032, .T. ) ;
#1326 = FACE_OUTER_BOUND ( 'NONE', #3072, .T. ) ;
#1327 = PLANE ( 'NONE',  #597 ) ;
#1328 = VERTEX_POINT ( 'NONE', #1241 ) ;
#1329 = ORIENTED_EDGE ( 'NONE', *, *, #265, .T. ) ;
#1330 = LINE ( 'NONE', #502, #2131 ) ;
#1331 = ADVANCED_FACE ( 'NONE', ( #495 ), #2090, .T. ) ;
#1332 = FACE_OUTER_BOUND ( 'NONE', #1729, .T. ) ;
#1333 = DIRECTION ( 'NONE',  ( 0.9321373624952914438, 0.3621048707768533825, 0.000000000000000000 ) ) ;
#1334 = FACE_OUTER_BOUND ( 'NONE', #1929, .T. ) ;
#1335 = EDGE_CURVE ( 'NONE', #586, #102, #3556, .T. ) ;
#1336 = LINE ( 'NONE', #764, #2125 ) ;
#1337 = PLANE ( 'NONE',  #2734 ) ;
#1338 = CARTESIAN_POINT ( 'NONE',  ( -30.00000000000000000, 3.673940397442059178E-15, -190.0000000000000000 ) ) ;
#1339 = VERTEX_POINT ( 'NONE', #3540 ) ;
#1340 = ORIENTED_EDGE ( 'NONE', *, *, #1286, .T. ) ;
#1341 = CYLINDRICAL_SURFACE ( 'NONE', #3066, 30.00000000000002842 ) ;
#1342 = DIRECTION ( 'NONE',  ( 1.000000000000000000, 0.000000000000000000, 0.000000000000000000 ) ) ;
#1343 = VERTEX_POINT ( 'NONE', #1008 ) ;
#1344 = ORIENTED_EDGE ( 'NONE', *, *, #2038, .F. ) ;
#1345 = EDGE_CURVE ( 'NONE', #1409, #2340, #2133, .T. ) ;
#1346 = DIRECTION ( 'NONE',  ( 1.000000000000000000, 3.552713678800500929E-15, 0.000000000000000000 ) ) ;
#1347 = VERTEX_POINT ( 'NONE', #1090 ) ;
#1348 = CARTESIAN_POINT ( 'NONE',  ( 3283.580471521982417, 1188.464331030797439, 115.0000000000000000 ) ) ;
#1349 = CARTESIAN_POINT ( 'NONE',  ( 3316.347008179312070, 912.1517793547128576, 108.0000000000000142 ) ) ;
#1350 = DIRECTION ( 'NONE',  ( 1.000000000000000000, 0.000000000000000000, 0.000000000000000000 ) ) ;
#1351 = CARTESIAN_POINT ( 'NONE',  ( 0.000000000000000000, 0.000000000000000000, 190.0000000000000000 ) ) ;
#1352 = ORIENTED_EDGE ( 'NONE', *, *, #3281, .F. ) ;
#1353 = ORIENTED_EDGE ( 'NONE', *, *, #3204, .F. ) ;
#1354 = VECTOR ( 'NONE', #166, 999.9999999999998863 ) ;
#1355 = VECTOR ( 'NONE', #1652, 1000.000000000000000 ) ;
#1356 = CARTESIAN_POINT ( 'NONE',  ( 1366.000041293119921, 1289.869733663803800, 43.00000000000000000 ) ) ;
#1357 = ADVANCED_FACE ( 'NONE', ( #525 ), #564, .T. ) ;
#1358 = CARTESIAN_POINT ( 'NONE',  ( 1311.293769765892193, 994.8998642608610226, 135.0000000000000000 ) ) ;
#1359 = ORIENTED_EDGE ( 'NONE', *, *, #2177, .T. ) ;
#1360 = ORIENTED_EDGE ( 'NONE', *, *, #2880, .T. ) ;
#1361 = VECTOR ( 'NONE', #2814, 1000.000000000000000 ) ;
#1362 = AXIS2_PLACEMENT_3D ( 'NONE', #1661, #2800, #3088 ) ;
#1363 = VECTOR ( 'NONE', #378, 1000.000000000000227 ) ;
#1364 = DIRECTION ( 'NONE',  ( -0.6427876096865379196, -0.7660444431189792347, 0.000000000000000000 ) ) ;
#1365 = VECTOR ( 'NONE', #1165, 1000.000000000000000 ) ;
#1366 = LINE ( 'NONE', #3120, #2566 ) ;
#1367 = APPROVAL_PERSON_ORGANIZATION ( #1210, #2770, #2008 ) ;
#1368 = DIRECTION ( 'NONE',  ( 1.000000000000000000, 0.000000000000000000, 0.000000000000000000 ) ) ;
#1369 = VECTOR ( 'NONE', #2082, 1000.000000000000000 ) ;
#1370 = DIRECTION ( 'NONE',  ( -0.000000000000000000, -0.000000000000000000, 1.000000000000000000 ) ) ;
#1371 = DIRECTION ( 'NONE',  ( 1.000000000000000000, 0.000000000000000000, 0.000000000000000000 ) ) ;
#1372 = VERTEX_POINT ( 'NONE', #1666 ) ;
#1373 = EDGE_CURVE ( 'NONE', #2022, #2739, #2803, .T. ) ;
#1374 = LINE ( 'NONE', #2821, #3470 ) ;
#1375 = PLANE ( 'NONE',  #2204 ) ;
#1376 = ORIENTED_EDGE ( 'NONE', *, *, #3437, .F. ) ;
#1377 = CARTESIAN_POINT ( 'NONE',  ( 1549.772507406236628, 1706.602339723742034, -43.00000000000000000 ) ) ;
#1378 = DIRECTION ( 'NONE',  ( -0.9321373624952914438, -0.3621048707768534380, 0.000000000000000000 ) ) ;
#1379 = CARTESIAN_POINT ( 'NONE',  ( 1366.037207927518693, 1300.033370912839246, -135.0000000000000000 ) ) ;
#1380 = PERSON_AND_ORGANIZATION_ROLE ( 'creator' ) ;
#1381 = CARTESIAN_POINT ( 'NONE',  ( 1311.293769765892193, 994.8998642608610226, -105.0000000000000000 ) ) ;
#1382 = EDGE_CURVE ( 'NONE', #3221, #1757, #1617, .T. ) ;
#1383 = CARTESIAN_POINT ( 'NONE',  ( 1366.000041293119921, 1289.869733663803800, 115.0000000000000000 ) ) ;
#1384 = CIRCLE ( 'NONE', #2714, 65.00000000000000000 ) ;
#1385 = CARTESIAN_POINT ( 'NONE',  ( 3596.654966709331347, 1103.053624959471790, 108.0000000000000142 ) ) ;
#1386 = EDGE_LOOP ( 'NONE', ( #3404, #1550, #3627, #639 ) ) ;
#1387 = DIRECTION ( 'NONE',  ( -0.000000000000000000, -0.000000000000000000, -1.000000000000000000 ) ) ;
#1388 = EDGE_CURVE ( 'NONE', #699, #2193, #2471, .T. ) ;
#1389 = CARTESIAN_POINT ( 'NONE',  ( 3268.576248845470673, 937.0104710473249270, -135.0000000000000000 ) ) ;
#1390 = ORIENTED_EDGE ( 'NONE', *, *, #31, .T. ) ;
#1391 = ORIENTED_EDGE ( 'NONE', *, *, #232, .F. ) ;
#1392 = DIRECTION ( 'NONE',  ( 0.000000000000000000, 0.000000000000000000, -1.000000000000000000 ) ) ;
#1393 = DIRECTION ( 'NONE',  ( -0.9596982896636530036, 0.2810323696954838968, 0.000000000000000000 ) ) ;
#1394 = DIRECTION ( 'NONE',  ( 0.000000000000000000, 0.000000000000000000, 1.000000000000000000 ) ) ;
#1395 = DIRECTION ( 'NONE',  ( 0.000000000000000000, 0.000000000000000000, 1.000000000000000000 ) ) ;
#1396 =( LENGTH_UNIT ( ) NAMED_UNIT ( * ) SI_UNIT ( .MILLI., .METRE. ) );
#1397 = CARTESIAN_POINT ( 'NONE',  ( 1897.213206220272241, 1662.573725405637333, 43.00000000000000000 ) ) ;
#1398 = ADVANCED_FACE ( 'NONE', ( #508 ), #3055, .F. ) ;
#1399 = EDGE_CURVE ( 'NONE', #1410, #1199, #3483, .T. ) ;
#1400 = ADVANCED_FACE ( 'NONE', ( #1924 ), #3670, .F. ) ;
#1401 = DIRECTION ( 'NONE',  ( -0.9607235058927022786, -0.2775073786861076974, -0.000000000000000000 ) ) ;
#1402 = FACE_OUTER_BOUND ( 'NONE', #1450, .T. ) ;
#1403 = CARTESIAN_POINT ( 'NONE',  ( 1210.550619652612568, 1284.940997413912100, -150.0000000000000284 ) ) ;
#1404 = ORIENTED_EDGE ( 'NONE', *, *, #1434, .F. ) ;
#1405 = CARTESIAN_POINT ( 'NONE',  ( 1549.772507406236628, 1706.602339723742034, 65.00000000000000000 ) ) ;
#1406 = DIRECTION ( 'NONE',  ( 0.000000000000000000, 0.000000000000000000, -1.000000000000000000 ) ) ;
#1407 = CARTESIAN_POINT ( 'NONE',  ( 42.13244437154380506, -35.35331853275954472, 150.0000000000000284 ) ) ;
#1408 = AXIS2_PLACEMENT_3D ( 'NONE', #1914, #2247, #2234 ) ;
#1409 = VERTEX_POINT ( 'NONE', #3092 ) ;
#1410 = VERTEX_POINT ( 'NONE', #1633 ) ;
#1411 = AXIS2_PLACEMENT_3D ( 'NONE', #1202, #3443, #1701 ) ;
#1412 = DIRECTION ( 'NONE',  ( 1.000000000000000000, 0.000000000000000000, 0.000000000000000000 ) ) ;
#1413 = CARTESIAN_POINT ( 'NONE',  ( 0.000000000000000000, 0.000000000000000000, -150.0000000000000284 ) ) ;
#1414 = CARTESIAN_POINT ( 'NONE',  ( 1541.988273482522118, 1257.230264299567352, 82.99999999999998579 ) ) ;
#1415 = FACE_OUTER_BOUND ( 'NONE', #3013, .T. ) ;
#1416 = ADVANCED_FACE ( 'NONE', ( #275 ), #224, .F. ) ;
#1417 = CARTESIAN_POINT ( 'NONE',  ( 1485.776197375094853, 577.1754460239801574, 135.0000000000000000 ) ) ;
#1418 = AXIS2_PLACEMENT_3D ( 'NONE', #2152, #1217, #2641 ) ;
#1419 = LINE ( 'NONE', #1379, #3420 ) ;
#1420 = MECHANICAL_CONTEXT ( 'NONE', #580, 'mechanical' ) ;
#1421 = CYLINDRICAL_SURFACE ( 'NONE', #3491, 490.0078235616616098 ) ;
#1422 = CIRCLE ( 'NONE', #3480, 310.0000323772092088 ) ;
#1423 = ORIENTED_EDGE ( 'NONE', *, *, #2229, .F. ) ;
#1424 = VECTOR ( 'NONE', #2379, 1000.000000000000000 ) ;
#1425 = AXIS2_PLACEMENT_3D ( 'NONE', #2840, #171, #757 ) ;
#1426 = VECTOR ( 'NONE', #3283, 1000.000000000000000 ) ;
#1427 = VECTOR ( 'NONE', #852, 1000.000000000000000 ) ;
#1428 = LINE ( 'NONE', #2869, #1770 ) ;
#1429 = EDGE_CURVE ( 'NONE', #2933, #3444, #3131, .T. ) ;
#1430 = AXIS2_PLACEMENT_3D ( 'NONE', #1737, #1223, #1250 ) ;
#1431 = FACE_BOUND ( 'NONE', #2201, .T. ) ;
#1432 = CIRCLE ( 'NONE', #1902, 310.0053239921676322 ) ;
#1433 = DIRECTION ( 'NONE',  ( -0.000000000000000000, -0.000000000000000000, 1.000000000000000000 ) ) ;
#1434 = EDGE_CURVE ( 'NONE', #1619, #1051, #892, .T. ) ;
#1435 = EDGE_LOOP ( 'NONE', ( #2994, #267, #994, #3278 ) ) ;
#1436 = VERTEX_POINT ( 'NONE', #1338 ) ;
#1437 = DIRECTION ( 'NONE',  ( -0.9607235058927022786, -0.2775073786861076974, -0.000000000000000000 ) ) ;
#1438 = CARTESIAN_POINT ( 'NONE',  ( 3316.347008179312070, 912.1517793547128576, 108.0000000000000142 ) ) ;
#1439 = CARTESIAN_POINT ( 'NONE',  ( 3602.428216253327719, 1037.379698913113543, -108.0000000000000142 ) ) ;
#1440 = CARTESIAN_POINT ( 'NONE',  ( 1350.913849085894753, 1754.414991341900304, -115.0000000000000000 ) ) ;
#1441 = ORIENTED_EDGE ( 'NONE', *, *, #1373, .T. ) ;
#1442 = EDGE_CURVE ( 'NONE', #1192, #1725, #1911, .T. ) ;
#1443 = FACE_OUTER_BOUND ( 'NONE', #2630, .T. ) ;
#1444 = DIRECTION ( 'NONE',  ( -0.000000000000000000, -0.000000000000000000, -1.000000000000000000 ) ) ;
#1445 = EDGE_CURVE ( 'NONE', #3242, #3010, #2132, .T. ) ;
#1446 = DIRECTION ( 'NONE',  ( -0.9987562351452027309, 0.04985963054998234639, 0.000000000000000000 ) ) ;
#1447 = CARTESIAN_POINT ( 'NONE',  ( -47.06294214384740116, 26.07384713627813611, -130.0000000000000000 ) ) ;
#1448 = ADVANCED_FACE ( 'NONE', ( #3393 ), #3635, .T. ) ;
#1449 = VERTEX_POINT ( 'NONE', #3041 ) ;
#1450 = EDGE_LOOP ( 'NONE', ( #2736, #1353, #2094, #1352, #371, #2675 ) ) ;
#1451 = CARTESIAN_POINT ( 'NONE',  ( 1230.365799264589896, 1230.365799264594671, 105.0000000000000000 ) ) ;
#1452 = CARTESIAN_POINT ( 'NONE',  ( 3346.090394174529592, 1210.673689755841451, 108.0000000000000142 ) ) ;
#1453 = CARTESIAN_POINT ( 'NONE',  ( 3572.428216253328173, 1037.379698913113543, -108.0000000000000142 ) ) ;
#1454 = ORIENTED_EDGE ( 'NONE', *, *, #3390, .T. ) ;
#1455 = CARTESIAN_POINT ( 'NONE',  ( 3144.005435556837256, -313.2546187821735089, -135.0000000000000000 ) ) ;
#1456 = EDGE_CURVE ( 'NONE', #3282, #119, #1105, .T. ) ;
#1457 = DIRECTION ( 'NONE',  ( -1.000000000000000000, 0.000000000000000000, 0.000000000000000000 ) ) ;
#1458 = VECTOR ( 'NONE', #2218, 1000.000000000000000 ) ;
#1459 = EDGE_CURVE ( 'NONE', #2738, #2751, #549, .T. ) ;
#1460 = LINE ( 'NONE', #360, #3067 ) ;
#1461 = VERTEX_POINT ( 'NONE', #2748 ) ;
#1462 = VERTEX_POINT ( 'NONE', #207 ) ;
#1463 = CARTESIAN_POINT ( 'NONE',  ( 1927.213206220272241, 1662.573725405637333, -65.00000000000000000 ) ) ;
#1464 = DIRECTION ( 'NONE',  ( 0.000000000000000000, 0.000000000000000000, 1.000000000000000000 ) ) ;
#1465 = ORIENTED_EDGE ( 'NONE', *, *, #2222, .F. ) ;
#1466 = AXIS2_PLACEMENT_3D ( 'NONE', #2281, #1161, #601 ) ;
#1467 = ORIENTED_EDGE ( 'NONE', *, *, #815, .F. ) ;
#1468 = AXIS2_PLACEMENT_3D ( 'NONE', #503, #1394, #798 ) ;
#1469 = LINE ( 'NONE', #3440, #55 ) ;
#1470 = AXIS2_PLACEMENT_3D ( 'NONE', #2338, #2654, #369 ) ;
#1471 = DIRECTION ( 'NONE',  ( -0.9987562351452027309, 0.04985963054998234639, 0.000000000000000000 ) ) ;
#1472 = AXIS2_PLACEMENT_3D ( 'NONE', #860, #806, #242 ) ;
#1473 = LINE ( 'NONE', #2904, #1886 ) ;
#1474 = AXIS2_PLACEMENT_3D ( 'NONE', #3287, #126, #2455 ) ;
#1475 = CIRCLE ( 'NONE', #603, 65.00000000000000000 ) ;
#1476 = ADVANCED_FACE ( 'NONE', ( #311 ), #2569, .F. ) ;
#1477 = VECTOR ( 'NONE', #2286, 1000.000000000000114 ) ;
#1478 = EDGE_LOOP ( 'NONE', ( #1570, #2590, #1307, #2674 ) ) ;
#1479 = ORIENTED_EDGE ( 'NONE', *, *, #3590, .T. ) ;
#1480 = ORIENTED_EDGE ( 'NONE', *, *, #3313, .F. ) ;
#1481 = VECTOR ( 'NONE', #486, 1000.000000000000000 ) ;
#1482 = EDGE_CURVE ( 'NONE', #3344, #914, #61, .T. ) ;
#1483 = CARTESIAN_POINT ( 'NONE',  ( 1366.000041293119921, 1289.869733663803800, 115.0000000000000000 ) ) ;
#1484 = ORIENTED_EDGE ( 'NONE', *, *, #3412, .T. ) ;
#1485 = SHAPE_DEFINITION_REPRESENTATION ( #2136, #3216 ) ;
#1486 = DIRECTION ( 'NONE',  ( -0.000000000000000000, 0.000000000000000000, 1.000000000000000000 ) ) ;
#1487 = ORIENTED_EDGE ( 'NONE', *, *, #2497, .F. ) ;
#1488 = EDGE_CURVE ( 'NONE', #84, #2333, #2820, .T. ) ;
#1489 = DIRECTION ( 'NONE',  ( -0.000000000000000000, -0.000000000000000000, -1.000000000000000000 ) ) ;
#1490 = EDGE_LOOP ( 'NONE', ( #1772, #2298, #313, #1780 ) ) ;
#1491 = CARTESIAN_POINT ( 'NONE',  ( 3316.347008179312070, 912.1517793547128576, -108.0000000000000142 ) ) ;
#1492 = LINE ( 'NONE', #2626, #540 ) ;
#1493 = CARTESIAN_POINT ( 'NONE',  ( 1983.163289924184710, 1579.690746854398412, 43.00000000000000000 ) ) ;
#1494 = FACE_OUTER_BOUND ( 'NONE', #395, .T. ) ;
#1495 = ORIENTED_EDGE ( 'NONE', *, *, #2031, .T. ) ;
#1496 = ORIENTED_EDGE ( 'NONE', *, *, #3641, .F. ) ;
#1497 = EDGE_CURVE ( 'NONE', #1410, #1016, #3605, .T. ) ;
#1498 = LINE ( 'NONE', #1439, #398 ) ;
#1499 = ORIENTED_EDGE ( 'NONE', *, *, #1847, .T. ) ;
#1500 = DIRECTION ( 'NONE',  ( 0.9950730346704287355, -0.09914461998406086385, 0.000000000000000000 ) ) ;
#1501 = ORIENTED_EDGE ( 'NONE', *, *, #2635, .F. ) ;
#1502 = EDGE_LOOP ( 'NONE', ( #330, #694, #1034, #2158, #2909, #3151, #164, #3228, #2750, #29, #1227, #225 ) ) ;
#1503 = EDGE_CURVE ( 'NONE', #3340, #2948, #239, .T. ) ;
#1504 = CARTESIAN_POINT ( 'NONE',  ( 966.4282906591732853, 1050.622338631828597, -82.99999999999998579 ) ) ;
#1505 = EDGE_CURVE ( 'NONE', #2731, #1462, #862, .T. ) ;
#1506 = ORIENTED_EDGE ( 'NONE', *, *, #2835, .F. ) ;
#1507 = DIRECTION ( 'NONE',  ( 1.000000000000000000, 0.000000000000000000, 0.000000000000000000 ) ) ;
#1508 = CARTESIAN_POINT ( 'NONE',  ( 1541.988273482521890, 1257.230264299567352, -105.0000000000000000 ) ) ;
#1509 = EDGE_CURVE ( 'NONE', #2384, #57, #3048, .T. ) ;
#1510 = LINE ( 'NONE', #746, #1662 ) ;
#1511 = CARTESIAN_POINT ( 'NONE',  ( 3346.090394174529592, 1210.673689755841451, -130.0000000000000000 ) ) ;
#1512 = FACE_OUTER_BOUND ( 'NONE', #2434, .T. ) ;
#1513 = DIRECTION ( 'NONE',  ( 1.000000000000000000, 0.000000000000000000, 0.000000000000000000 ) ) ;
#1514 = ORIENTED_EDGE ( 'NONE', *, *, #1429, .F. ) ;
#1515 = ORIENTED_EDGE ( 'NONE', *, *, #3437, .T. ) ;
#1516 = ORIENTED_EDGE ( 'NONE', *, *, #1158, .F. ) ;
#1517 = LINE ( 'NONE', #1668, #1883 ) ;
#1518 = FACE_BOUND ( 'NONE', #929, .T. ) ;
#1519 = ORIENTED_EDGE ( 'NONE', *, *, #202, .F. ) ;
#1520 = AXIS2_PLACEMENT_3D ( 'NONE', #2853, #871, #670 ) ;
#1521 = DIRECTION ( 'NONE',  ( -0.000000000000000000, -0.000000000000000000, -1.000000000000000000 ) ) ;
#1522 = EDGE_CURVE ( 'NONE', #2332, #1449, #1857, .T. ) ;
#1523 = ORIENTED_EDGE ( 'NONE', *, *, #1388, .T. ) ;
#1524 = CARTESIAN_POINT ( 'NONE',  ( 3642.428216253327719, 1037.379698913113543, 108.0000000000000142 ) ) ;
#1525 = EDGE_LOOP ( 'NONE', ( #1853, #1572, #1496, #1025 ) ) ;
#1526 = AXIS2_PLACEMENT_3D ( 'NONE', #3525, #455, #2117 ) ;
#1527 = DIRECTION ( 'NONE',  ( 0.9411964128971334054, 0.3378599004758757185, 0.000000000000000000 ) ) ;
#1528 = ORIENTED_EDGE ( 'NONE', *, *, #1674, .F. ) ;
#1529 = VECTOR ( 'NONE', #3236, 1000.000000000000114 ) ;
#1530 = DIRECTION ( 'NONE',  ( 1.000000000000000000, 0.000000000000000000, 0.000000000000000000 ) ) ;
#1531 = CARTESIAN_POINT ( 'NONE',  ( -65.00000000000000000, 0.000000000000000000, 190.0000000000000000 ) ) ;
#1532 = FACE_OUTER_BOUND ( 'NONE', #2658, .T. ) ;
#1533 = AXIS2_PLACEMENT_3D ( 'NONE', #1809, #2986, #2111 ) ;
#1534 = FACE_OUTER_BOUND ( 'NONE', #2314, .T. ) ;
#1535 = ADVANCED_FACE ( 'NONE', ( #1431, #3331 ), #1917, .T. ) ;
#1536 = VECTOR ( 'NONE', #1062, 1000.000000000000114 ) ;
#1537 = CARTESIAN_POINT ( 'NONE',  ( 3268.576248845471582, 937.0104710473244722, 115.0000000000000000 ) ) ;
#1538 = ORIENTED_EDGE ( 'NONE', *, *, #42, .F. ) ;
#1539 = AXIS2_PLACEMENT_3D ( 'NONE', #1453, #1226, #2026 ) ;
#1540 = ORIENTED_EDGE ( 'NONE', *, *, #2081, .T. ) ;
#1541 = ORIENTED_EDGE ( 'NONE', *, *, #910, .F. ) ;
#1542 = CARTESIAN_POINT ( 'NONE',  ( 3268.576248845471582, 937.0104710473243586, 130.0000000000000000 ) ) ;
#1543 = CIRCLE ( 'NONE', #894, 65.00000000000000000 ) ;
#1544 = CC_DESIGN_SECURITY_CLASSIFICATION ( #2790, ( #3434 ) ) ;
#1545 = VECTOR ( 'NONE', #1866, 999.9999999999998863 ) ;
#1546 = EDGE_CURVE ( 'NONE', #1449, #914, #516, .T. ) ;
#1547 = DIRECTION ( 'NONE',  ( 0.000000000000000000, 0.000000000000000000, 1.000000000000000000 ) ) ;
#1548 = VECTOR ( 'NONE', #3211, 1000.000000000000000 ) ;
#1549 = CARTESIAN_POINT ( 'NONE',  ( 3542.428216253328173, 1037.379698913113543, 108.0000000000000142 ) ) ;
#1550 = ORIENTED_EDGE ( 'NONE', *, *, #3401, .F. ) ;
#1551 = DIRECTION ( 'NONE',  ( -0.7660444431189793457, 0.6427876096865379196, 0.000000000000000000 ) ) ;
#1552 = CARTESIAN_POINT ( 'NONE',  ( 64.39926034060059123, -8.816760606001992073, 130.0000000000000000 ) ) ;
#1553 = ORIENTED_EDGE ( 'NONE', *, *, #3264, .T. ) ;
#1554 = EDGE_CURVE ( 'NONE', #3299, #3486, #2498, .T. ) ;
#1555 = DIRECTION ( 'NONE',  ( -1.000000000000000000, 0.000000000000000000, 0.000000000000000000 ) ) ;
#1556 = CARTESIAN_POINT ( 'NONE',  ( 3294.353850041327405, 1195.729460061635791, -108.0000000000000142 ) ) ;
#1557 = DIRECTION ( 'NONE',  ( 0.9832328980098100635, -0.1823542384240915970, 0.000000000000000000 ) ) ;
#1558 = CARTESIAN_POINT ( 'NONE',  ( 1260.365799264590123, 1230.365799264594671, 82.99999999999998579 ) ) ;
#1559 = EDGE_CURVE ( 'NONE', #2960, #2738, #1310, .T. ) ;
#1560 = CARTESIAN_POINT ( 'NONE',  ( 3294.353850041327860, 1195.729460061636019, 135.0000000000000000 ) ) ;
#1561 = EDGE_LOOP ( 'NONE', ( #2047, #1687 ) ) ;
#1562 = ORIENTED_EDGE ( 'NONE', *, *, #255, .F. ) ;
#1563 = VERTEX_POINT ( 'NONE', #185 ) ;
#1564 = CARTESIAN_POINT ( 'NONE',  ( -29.38782100821354604, 57.97720221250076378, 140.0000000000000000 ) ) ;
#1565 = ADVANCED_FACE ( 'NONE', ( #3518 ), #729, .T. ) ;
#1566 = EDGE_CURVE ( 'NONE', #3093, #3164, #2087, .T. ) ;
#1567 = ADVANCED_FACE ( 'NONE', ( #464 ), #1589, .T. ) ;
#1568 = ORIENTED_EDGE ( 'NONE', *, *, #3111, .F. ) ;
#1569 = DIRECTION ( 'NONE',  ( -0.9188323965756163281, 0.3946479785873849844, 0.000000000000000000 ) ) ;
#1570 = ORIENTED_EDGE ( 'NONE', *, *, #1606, .F. ) ;
#1571 = DIRECTION ( 'NONE',  ( -0.000000000000000000, -0.000000000000000000, -1.000000000000000000 ) ) ;
#1572 = ORIENTED_EDGE ( 'NONE', *, *, #2570, .F. ) ;
#1573 = DIRECTION ( 'NONE',  ( -0.000000000000000000, -0.000000000000000000, -1.000000000000000000 ) ) ;
#1574 = CARTESIAN_POINT ( 'NONE',  ( 1200.330162775168219, 1284.359840636887611, 130.0000000000000000 ) ) ;
#1575 = LINE ( 'NONE', #683, #2852 ) ;
#1576 = CARTESIAN_POINT ( 'NONE',  ( 3268.576248845471582, 937.0104710473244722, 115.0000000000000000 ) ) ;
#1577 = ADVANCED_FACE ( 'NONE', ( #2172 ), #3578, .F. ) ;
#1578 = ORIENTED_EDGE ( 'NONE', *, *, #2369, .F. ) ;
#1579 = ORIENTED_EDGE ( 'NONE', *, *, #3511, .F. ) ;
#1580 = CARTESIAN_POINT ( 'NONE',  ( 1033.361289226544613, 1741.790653575321357, 135.0000000000000000 ) ) ;
#1581 = EDGE_LOOP ( 'NONE', ( #2472, #3439, #3397, #1528 ) ) ;
#1582 = ORIENTED_EDGE ( 'NONE', *, *, #877, .T. ) ;
#1583 = CARTESIAN_POINT ( 'NONE',  ( -49.79288880273354323, 41.78119462962509800, 150.0000000000000284 ) ) ;
#1584 = CARTESIAN_POINT ( 'NONE',  ( -29.38782100821354604, 57.97720221250076378, -150.0000000000000284 ) ) ;
#1585 = FACE_OUTER_BOUND ( 'NONE', #1220, .T. ) ;
#1586 = ORIENTED_EDGE ( 'NONE', *, *, #3497, .F. ) ;
#1587 = DIRECTION ( 'NONE',  ( -0.3621048707768551589, 0.9321373624952907777, 0.000000000000000000 ) ) ;
#1588 = LINE ( 'NONE', #3496, #3082 ) ;
#1589 = PLANE ( 'NONE',  #108 ) ;
#1590 = DIRECTION ( 'NONE',  ( -0.000000000000000000, -0.000000000000000000, -1.000000000000000000 ) ) ;
#1591 = VECTOR ( 'NONE', #2197, 1000.000000000000000 ) ;
#1592 = CARTESIAN_POINT ( 'NONE',  ( 0.000000000000000000, 0.000000000000000000, -42.99999999999999289 ) ) ;
#1593 = CARTESIAN_POINT ( 'NONE',  ( 966.4282906591732853, 1050.622338631828597, -105.0000000000000000 ) ) ;
#1594 = EDGE_LOOP ( 'NONE', ( #2707, #1966, #1749, #82 ) ) ;
#1595 = CIRCLE ( 'NONE', #1301, 65.00000000000000000 ) ;
#1596 = EDGE_LOOP ( 'NONE', ( #789, #2049, #2140, #2693 ) ) ;
#1597 = FACE_OUTER_BOUND ( 'NONE', #1602, .T. ) ;
#1598 = VECTOR ( 'NONE', #2450, 1000.000000000000000 ) ;
#1599 = EDGE_CURVE ( 'NONE', #2036, #1073, #1614, .T. ) ;
#1600 = DIRECTION ( 'NONE',  ( -0.000000000000000000, -0.000000000000000000, 1.000000000000000000 ) ) ;
#1601 = EDGE_LOOP ( 'NONE', ( #1995, #1257, #469, #2955 ) ) ;
#1602 = EDGE_LOOP ( 'NONE', ( #2105, #2282 ) ) ;
#1603 = ORIENTED_EDGE ( 'NONE', *, *, #1673, .T. ) ;
#1604 = AXIS2_PLACEMENT_3D ( 'NONE', #3369, #3352, #3323 ) ;
#1605 = VECTOR ( 'NONE', #92, 1000.000000000000114 ) ;
#1606 = EDGE_CURVE ( 'NONE', #570, #2440, #2705, .T. ) ;
#1607 = AXIS2_PLACEMENT_3D ( 'NONE', #1234, #967, #3347 ) ;
#1608 = LINE ( 'NONE', #1549, #2725 ) ;
#1609 = AXIS2_PLACEMENT_3D ( 'NONE', #413, #1547, #3432 ) ;
#1610 = VECTOR ( 'NONE', #3105, 1000.000000000000000 ) ;
#1611 = LINE ( 'NONE', #677, #2299 ) ;
#1612 = FACE_BOUND ( 'NONE', #2891, .T. ) ;
#1613 = DIRECTION ( 'NONE',  ( 0.000000000000000000, 0.000000000000000000, 1.000000000000000000 ) ) ;
#1614 = LINE ( 'NONE', #3194, #1363 ) ;
#1615 = EDGE_CURVE ( 'NONE', #210, #3345, #2670, .T. ) ;
#1616 = DIRECTION ( 'NONE',  ( 0.000000000000000000, 0.000000000000000000, 1.000000000000000000 ) ) ;
#1617 = LINE ( 'NONE', #1385, #3319 ) ;
#1618 = VERTEX_POINT ( 'NONE', #162 ) ;
#1619 = VERTEX_POINT ( 'NONE', #2985 ) ;
#1620 = ORIENTED_EDGE ( 'NONE', *, *, #167, .T. ) ;
#1621 = DIRECTION ( 'NONE',  ( -0.000000000000000000, 0.000000000000000000, 1.000000000000000000 ) ) ;
#1622 = DIRECTION ( 'NONE',  ( 0.9596982896636530036, -0.2810323696954837303, 0.000000000000000000 ) ) ;
#1623 = ADVANCED_FACE ( 'NONE', ( #1788 ), #145, .F. ) ;
#1624 = ORIENTED_EDGE ( 'NONE', *, *, #1180, .T. ) ;
#1625 = VERTEX_POINT ( 'NONE', #3266 ) ;
#1626 = CARTESIAN_POINT ( 'NONE',  ( 579.8708342162759664, 1980.202666426642509, 105.0000000000000000 ) ) ;
#1627 = DIRECTION ( 'NONE',  ( -0.000000000000000000, -0.000000000000000000, -1.000000000000000000 ) ) ;
#1628 = CARTESIAN_POINT ( 'NONE',  ( 1210.550619652612568, 1284.940997413912100, 135.0000000000000000 ) ) ;
#1629 = ADVANCED_FACE ( 'NONE', ( #2922 ), #2688, .F. ) ;
#1630 = ADVANCED_FACE ( 'NONE', ( #1512 ), #3499, .F. ) ;
#1631 = DIRECTION ( 'NONE',  ( -0.000000000000000000, -0.000000000000000000, 1.000000000000000000 ) ) ;
#1632 = DIRECTION ( 'NONE',  ( 0.000000000000000000, -0.000000000000000000, -1.000000000000000000 ) ) ;
#1633 = CARTESIAN_POINT ( 'NONE',  ( 1350.913849085894753, 1754.414991341900304, -135.0000000000000000 ) ) ;
#1634 = ORIENTED_EDGE ( 'NONE', *, *, #936, .F. ) ;
#1635 = ORIENTED_EDGE ( 'NONE', *, *, #2050, .F. ) ;
#1636 = CARTESIAN_POINT ( 'NONE',  ( 49.79288880273363560, -41.78119462962494879, 150.0000000000000284 ) ) ;
#1637 = CARTESIAN_POINT ( 'NONE',  ( 1983.163289924184028, 1579.690746854398412, -64.99999999999998579 ) ) ;
#1638 = VERTEX_POINT ( 'NONE', #2644 ) ;
#1639 = ORIENTED_EDGE ( 'NONE', *, *, #936, .T. ) ;
#1640 = VERTEX_POINT ( 'NONE', #685 ) ;
#1641 = DIRECTION ( 'NONE',  ( -0.000000000000000000, 0.000000000000000000, 1.000000000000000000 ) ) ;
#1642 = CARTESIAN_POINT ( 'NONE',  ( 0.000000000000000000, 0.000000000000000000, -190.0000000000000000 ) ) ;
#1643 = EDGE_LOOP ( 'NONE', ( #1125, #2679, #1514, #773 ) ) ;
#1644 = EDGE_CURVE ( 'NONE', #3114, #2306, #48, .T. ) ;
#1645 = DIRECTION ( 'NONE',  ( 1.000000000000000000, 0.000000000000000000, 0.000000000000000000 ) ) ;
#1646 = VECTOR ( 'NONE', #3662, 1000.000000000000114 ) ;
#1647 = CARTESIAN_POINT ( 'NONE',  ( 3596.654966709331347, 1103.053624959471790, 130.0000000000000000 ) ) ;
#1648 = DIRECTION ( 'NONE',  ( 1.000000000000000000, 0.000000000000000000, 0.000000000000000000 ) ) ;
#1649 = ORIENTED_EDGE ( 'NONE', *, *, #666, .T. ) ;
#1650 = CIRCLE ( 'NONE', #2595, 30.00000000000002842 ) ;
#1651 = CARTESIAN_POINT ( 'NONE',  ( 1350.913849085894753, 1754.414991341900304, 135.0000000000000000 ) ) ;
#1652 = DIRECTION ( 'NONE',  ( -0.3621048707768527719, 0.9321373624952916659, 0.000000000000000000 ) ) ;
#1653 = VECTOR ( 'NONE', #2389, 1000.000000000000000 ) ;
#1654 = VERTEX_POINT ( 'NONE', #3218 ) ;
#1655 = ORIENTED_EDGE ( 'NONE', *, *, #992, .T. ) ;
#1656 = AXIS2_PLACEMENT_3D ( 'NONE', #925, #3392, #1997 ) ;
#1657 = AXIS2_PLACEMENT_3D ( 'NONE', #54, #2039, #1197 ) ;
#1658 = PLANE ( 'NONE',  #3326 ) ;
#1659 = VECTOR ( 'NONE', #429, 1000.000000000000000 ) ;
#1660 = DIRECTION ( 'NONE',  ( 1.000000000000000000, 0.000000000000000000, 0.000000000000000000 ) ) ;
#1661 = CARTESIAN_POINT ( 'NONE',  ( 1927.213206220272241, 1662.573725405637333, -43.00000000000000000 ) ) ;
#1662 = VECTOR ( 'NONE', #2426, 1000.000000000000114 ) ;
#1663 = VECTOR ( 'NONE', #1761, 1000.000000000000000 ) ;
#1664 = CARTESIAN_POINT ( 'NONE',  ( 276.6930616492239778, 1491.896888252592134, 135.0000000000000000 ) ) ;
#1665 = DIRECTION ( 'NONE',  ( -0.9607235058927022786, -0.2775073786861076974, 0.000000000000000000 ) ) ;
#1666 = CARTESIAN_POINT ( 'NONE',  ( 65.00000000000000000, 7.960204194457797252E-15, -140.0000000000000000 ) ) ;
#1667 = ORIENTED_EDGE ( 'NONE', *, *, #3346, .T. ) ;
#1668 = CARTESIAN_POINT ( 'NONE',  ( 3268.576248845471582, 937.0104710473243586, -108.0000000000000142 ) ) ;
#1669 = DIRECTION ( 'NONE',  ( 0.7298648777451143266, 0.6835914424816253998, 0.000000000000000000 ) ) ;
#1670 = VERTEX_POINT ( 'NONE', #2944 ) ;
#1671 = ORIENTED_EDGE ( 'NONE', *, *, #431, .T. ) ;
#1672 = VERTEX_POINT ( 'NONE', #2727 ) ;
#1673 = EDGE_CURVE ( 'NONE', #2182, #263, #2368, .T. ) ;
#1674 = EDGE_CURVE ( 'NONE', #3344, #2321, #491, .T. ) ;
#1675 = ADVANCED_FACE ( 'NONE', ( #1007, #2070 ), #2968, .T. ) ;
#1676 = DIRECTION ( 'NONE',  ( -0.3621048707768533825, 0.9321373624952914438, 0.000000000000000000 ) ) ;
#1677 = CYLINDRICAL_SURFACE ( 'NONE', #2601, 29.99999999999980460 ) ;
#1678 = PERSON_AND_ORGANIZATION ( #442, #1188 ) ;
#1679 = CARTESIAN_POINT ( 'NONE',  ( 3268.576248845471582, 937.0104710473244722, -108.0000000000000000 ) ) ;
#1680 = CARTESIAN_POINT ( 'NONE',  ( 1230.365799264589896, 1230.365799264594671, -82.99999999999998579 ) ) ;
#1681 = CARTESIAN_POINT ( 'NONE',  ( 1927.213206220272241, 1662.573725405637333, -65.00000000000000000 ) ) ;
#1682 = CARTESIAN_POINT ( 'NONE',  ( 781.9345791031230419, 1522.403183421872427, 150.0000000000000284 ) ) ;
#1683 = EDGE_LOOP ( 'NONE', ( #2112, #1009 ) ) ;
#1684 = DIRECTION ( 'NONE',  ( -0.3621048707768533825, 0.9321373624952914438, 0.000000000000000000 ) ) ;
#1685 = EDGE_CURVE ( 'NONE', #2976, #3344, #705, .T. ) ;
#1686 = CARTESIAN_POINT ( 'NONE',  ( 278.5166040334648869, 1501.729217232690416, -115.0000000000000000 ) ) ;
#1687 = ORIENTED_EDGE ( 'NONE', *, *, #2605, .F. ) ;
#1688 = ORIENTED_EDGE ( 'NONE', *, *, #1615, .F. ) ;
#1689 = DIRECTION ( 'NONE',  ( -0.000000000000000000, -0.000000000000000000, -1.000000000000000000 ) ) ;
#1690 = PLANE ( 'NONE',  #3316 ) ;
#1691 = FACE_OUTER_BOUND ( 'NONE', #3587, .T. ) ;
#1692 = EDGE_CURVE ( 'NONE', #454, #57, #346, .T. ) ;
#1693 = FACE_OUTER_BOUND ( 'NONE', #2267, .T. ) ;
#1694 = CARTESIAN_POINT ( 'NONE',  ( 0.000000000000000000, 0.000000000000000000, 0.000000000000000000 ) ) ;
#1695 = CARTESIAN_POINT ( 'NONE',  ( 3346.090394174529592, 1210.673689755841451, -130.0000000000000000 ) ) ;
#1696 = EDGE_LOOP ( 'NONE', ( #2875, #1860, #2351, #1736 ) ) ;
#1697 = CARTESIAN_POINT ( 'NONE',  ( 1020.456010646260324, 1747.395362326518580, 135.0000000000000000 ) ) ;
#1698 = CARTESIAN_POINT ( 'NONE',  ( 1024.069928445096593, 1738.092345225269128, -130.0000000000000000 ) ) ;
#1699 = VERTEX_POINT ( 'NONE', #2747 ) ;
#1700 = DIRECTION ( 'NONE',  ( 0.9596982896636530036, -0.2810323696954837303, 0.000000000000000000 ) ) ;
#1701 = DIRECTION ( 'NONE',  ( -0.8870807309472032998, 0.4616143160498550335, 0.000000000000000000 ) ) ;
#1702 = ORIENTED_EDGE ( 'NONE', *, *, #2489, .T. ) ;
#1703 = EDGE_CURVE ( 'NONE', #3528, #470, #223, .T. ) ;
#1704 = CIRCLE ( 'NONE', #3127, 500.0000000000002274 ) ;
#1705 = EDGE_CURVE ( 'NONE', #2079, #1122, #300, .T. ) ;
#1706 = DIRECTION ( 'NONE',  ( -0.2055925598971045654, 0.9786376751969829701, 0.000000000000000000 ) ) ;
#1707 = DIRECTION ( 'NONE',  ( -0.09914461998405910137, -0.9950730346704289575, -0.000000000000000000 ) ) ;
#1708 = DIRECTION ( 'NONE',  ( 0.000000000000000000, 0.000000000000000000, 1.000000000000000000 ) ) ;
#1709 = AXIS2_PLACEMENT_3D ( 'NONE', #906, #2290, #2461 ) ;
#1710 = LINE ( 'NONE', #1116, #1646 ) ;
#1711 = LINE ( 'NONE', #1081, #3673 ) ;
#1712 = CARTESIAN_POINT ( 'NONE',  ( 1957.213206220272241, 1662.573725405637333, 43.00000000000000000 ) ) ;
#1713 = ADVANCED_FACE ( 'NONE', ( #1402, #3580 ), #206, .F. ) ;
#1714 = AXIS2_PLACEMENT_3D ( 'NONE', #706, #1838, #147 ) ;
#1715 = ORIENTED_EDGE ( 'NONE', *, *, #797, .T. ) ;
#1716 =( GEOMETRIC_REPRESENTATION_CONTEXT ( 3 ) GLOBAL_UNCERTAINTY_ASSIGNED_CONTEXT ( ( #1156 ) ) GLOBAL_UNIT_ASSIGNED_CONTEXT ( ( #1396, #590, #1100 ) ) REPRESENTATION_CONTEXT ( 'NONE', 'WORKASPACE' ) );
#1717 = CIRCLE ( 'NONE', #1609, 29.99999999999980460 ) ;
#1718 = AXIS2_PLACEMENT_3D ( 'NONE', #160, #3001, #463 ) ;
#1719 = FACE_BOUND ( 'NONE', #1162, .T. ) ;
#1720 = ADVANCED_FACE ( 'NONE', ( #1964 ), #1337, .F. ) ;
#1721 = VECTOR ( 'NONE', #830, 1000.000000000000114 ) ;
#1722 = FACE_OUTER_BOUND ( 'NONE', #2655, .T. ) ;
#1723 = FACE_OUTER_BOUND ( 'NONE', #1596, .T. ) ;
#1724 = EDGE_LOOP ( 'NONE', ( #112, #2988, #130, #2399, #2283, #19, #865, #1930, #1562, #2322, #2502, #2083, #688, #2824 ) ) ;
#1725 = VERTEX_POINT ( 'NONE', #1061 ) ;
#1726 = EDGE_CURVE ( 'NONE', #874, #2767, #3070, .T. ) ;
#1727 = FACE_OUTER_BOUND ( 'NONE', #3129, .T. ) ;
#1728 = DIRECTION ( 'NONE',  ( 1.000000000000000000, 0.000000000000000000, 0.000000000000000000 ) ) ;
#1729 = EDGE_LOOP ( 'NONE', ( #3052, #2124, #3165, #172 ) ) ;
#1730 = DIRECTION ( 'NONE',  ( -0.9321373624952914438, -0.3621048707768533825, 0.000000000000000000 ) ) ;
#1731 = FACE_OUTER_BOUND ( 'NONE', #2061, .T. ) ;
#1732 = EDGE_CURVE ( 'NONE', #3164, #2273, #2437, .T. ) ;
#1733 = DIRECTION ( 'NONE',  ( -0.9832328980098100635, 0.1823542384240916248, 0.000000000000000000 ) ) ;
#1734 = ORIENTED_EDGE ( 'NONE', *, *, #246, .T. ) ;
#1735 = ORIENTED_EDGE ( 'NONE', *, *, #673, .T. ) ;
#1736 = ORIENTED_EDGE ( 'NONE', *, *, #912, .T. ) ;
#1737 = CARTESIAN_POINT ( 'NONE',  ( 0.000000000000000000, 0.000000000000000000, 190.0000000000000000 ) ) ;
#1738 = CARTESIAN_POINT ( 'NONE',  ( 3346.090394174529592, 1210.673689755841451, 108.0000000000000142 ) ) ;
#1739 = CALENDAR_DATE ( 2026, 17, 8 ) ;
#1740 = CARTESIAN_POINT ( 'NONE',  ( 61.83497134727062416, 1238.638604054665848, 82.99999999999998579 ) ) ;
#1741 = ORIENTED_EDGE ( 'NONE', *, *, #976, .F. ) ;
#1742 = EDGE_CURVE ( 'NONE', #18, #1372, #1543, .T. ) ;
#1743 = LINE ( 'NONE', #424, #1548 ) ;
#1744 = DIRECTION ( 'NONE',  ( 0.7298648777451143266, 0.6835914424816253998, 0.000000000000000000 ) ) ;
#1745 = CARTESIAN_POINT ( 'NONE',  ( 1476.454823750141259, 573.5543973162082239, 140.0000000000000000 ) ) ;
#1746 = EDGE_CURVE ( 'NONE', #3078, #1638, #805, .T. ) ;
#1747 = CARTESIAN_POINT ( 'NONE',  ( 3346.090394174529592, 1210.673689755841451, -108.0000000000000142 ) ) ;
#1748 = FACE_OUTER_BOUND ( 'NONE', #1581, .T. ) ;
#1749 = ORIENTED_EDGE ( 'NONE', *, *, #615, .F. ) ;
#1750 = ORIENTED_EDGE ( 'NONE', *, *, #2887, .T. ) ;
#1751 = VERTEX_POINT ( 'NONE', #524 ) ;
#1752 = LINE ( 'NONE', #1483, #3 ) ;
#1753 = CC_DESIGN_DATE_AND_TIME_ASSIGNMENT ( #1168, #1778, ( #2790 ) ) ;
#1754 = VECTOR ( 'NONE', #1684, 1000.000000000000114 ) ;
#1755 = PERSON_AND_ORGANIZATION ( #442, #1188 ) ;
#1756 = FACE_BOUND ( 'NONE', #2271, .T. ) ;
#1757 = VERTEX_POINT ( 'NONE', #1647 ) ;
#1758 = AXIS2_PLACEMENT_3D ( 'NONE', #1297, #2943, #1833 ) ;
#1759 = ORIENTED_EDGE ( 'NONE', *, *, #1692, .T. ) ;
#1760 = VECTOR ( 'NONE', #1600, 1000.000000000000000 ) ;
#1761 = DIRECTION ( 'NONE',  ( -0.000000000000000000, -0.000000000000000000, -1.000000000000000000 ) ) ;
#1762 = AXIS2_PLACEMENT_3D ( 'NONE', #2694, #3035, #479 ) ;
#1763 = CARTESIAN_POINT ( 'NONE',  ( 1073.819992399008697, 1194.164023263687568, -130.0000000000000000 ) ) ;
#1764 = ADVANCED_FACE ( 'NONE', ( #2802 ), #2782, .F. ) ;
#1765 = AXIS2_PLACEMENT_3D ( 'NONE', #127, #2970, #1888 ) ;
#1766 = CIRCLE ( 'NONE', #1718, 65.00000000000000000 ) ;
#1767 = LINE ( 'NONE', #337, #3247 ) ;
#1768 = AXIS2_PLACEMENT_3D ( 'NONE', #986, #946, #2110 ) ;
#1769 = ORIENTED_EDGE ( 'NONE', *, *, #24, .T. ) ;
#1770 = VECTOR ( 'NONE', #1978, 1000.000000000000000 ) ;
#1771 = ORIENTED_EDGE ( 'NONE', *, *, #1905, .F. ) ;
#1772 = ORIENTED_EDGE ( 'NONE', *, *, #1823, .T. ) ;
#1773 = VERTEX_POINT ( 'NONE', #261 ) ;
#1774 = DIRECTION ( 'NONE',  ( 0.000000000000000000, 0.000000000000000000, 1.000000000000000000 ) ) ;
#1775 = CARTESIAN_POINT ( 'NONE',  ( 1210.550619652612568, 1284.940997413912100, -130.0000000000000000 ) ) ;
#1776 = EDGE_CURVE ( 'NONE', #2767, #1253, #240, .T. ) ;
#1777 = EDGE_CURVE ( 'NONE', #2163, #1097, #3322, .T. ) ;
#1778 = DATE_TIME_ROLE ( 'classification_date' ) ;
#1779 = ADVANCED_FACE ( 'NONE', ( #901, #691 ), #956, .T. ) ;
#1780 = ORIENTED_EDGE ( 'NONE', *, *, #253, .T. ) ;
#1781 = VERTEX_POINT ( 'NONE', #3481 ) ;
#1782 = DIRECTION ( 'NONE',  ( -1.000000000000000000, 0.000000000000000000, 0.000000000000000000 ) ) ;
#1783 = ORIENTED_EDGE ( 'NONE', *, *, #1482, .F. ) ;
#1784 = CARTESIAN_POINT ( 'NONE',  ( -5.225835647943760875, 5.579581105427685372, 42.99999999999999289 ) ) ;
#1785 = FACE_OUTER_BOUND ( 'NONE', #1839, .T. ) ;
#1786 = CARTESIAN_POINT ( 'NONE',  ( 0.000000000000000000, 0.000000000000000000, 190.0000000000000000 ) ) ;
#1787 = FACE_OUTER_BOUND ( 'NONE', #341, .T. ) ;
#1788 = FACE_OUTER_BOUND ( 'NONE', #3639, .T. ) ;
#1789 = CARTESIAN_POINT ( 'NONE',  ( 42.13244437154385480, -35.35331853275958025, -130.0000000000000000 ) ) ;
#1790 = ORIENTED_EDGE ( 'NONE', *, *, #3522, .F. ) ;
#1791 = ORIENTED_EDGE ( 'NONE', *, *, #2570, .T. ) ;
#1792 = VERTEX_POINT ( 'NONE', #367 ) ;
#1793 = CARTESIAN_POINT ( 'NONE',  ( 1230.365799264589896, 1230.365799264594671, 42.99999999999999289 ) ) ;
#1794 = EDGE_CURVE ( 'NONE', #3010, #3242, #1140, .T. ) ;
#1795 = DIRECTION ( 'NONE',  ( -0.09914461998405910137, -0.9950730346704289575, -0.000000000000000000 ) ) ;
#1796 = LINE ( 'NONE', #2930, #1957 ) ;
#1797 = CYLINDRICAL_SURFACE ( 'NONE', #1657, 30.00000000000002842 ) ;
#1798 = ORIENTED_EDGE ( 'NONE', *, *, #2339, .F. ) ;
#1799 = DIRECTION ( 'NONE',  ( 0.000000000000000000, 0.000000000000000000, 1.000000000000000000 ) ) ;
#1800 = EDGE_CURVE ( 'NONE', #1876, #2374, #1019, .T. ) ;
#1801 = LINE ( 'NONE', #2660, #1145 ) ;
#1802 = ORIENTED_EDGE ( 'NONE', *, *, #2191, .T. ) ;
#1803 = LINE ( 'NONE', #2903, #3666 ) ;
#1804 = CARTESIAN_POINT ( 'NONE',  ( 3283.580471521982417, 1188.464331030797439, -135.0000000000000000 ) ) ;
#1805 = CARTESIAN_POINT ( 'NONE',  ( 1260.365799264590123, 1230.365799264594671, -82.99999999999998579 ) ) ;
#1806 = PLANE ( 'NONE',  #336 ) ;
#1807 = EDGE_CURVE ( 'NONE', #631, #3486, #347, .T. ) ;
#1808 = DIRECTION ( 'NONE',  ( 0.7298648777451143266, 0.6835914424816253998, 0.000000000000000000 ) ) ;
#1809 = CARTESIAN_POINT ( 'NONE',  ( 0.000000000000000000, 0.000000000000000000, -135.0000000000000000 ) ) ;
#1810 = ORIENTED_EDGE ( 'NONE', *, *, #1459, .F. ) ;
#1811 = VERTEX_POINT ( 'NONE', #973 ) ;
#1812 = ORIENTED_EDGE ( 'NONE', *, *, #2412, .F. ) ;
#1813 = LINE ( 'NONE', #2137, #1065 ) ;
#1814 = DIRECTION ( 'NONE',  ( 0.9596982896636531146, -0.2810323696954837303, 0.000000000000000000 ) ) ;
#1815 = PLANE ( 'NONE',  #3672 ) ;
#1816 = DIRECTION ( 'NONE',  ( -0.000000000000000000, -0.000000000000000000, 1.000000000000000000 ) ) ;
#1817 = ORIENTED_EDGE ( 'NONE', *, *, #284, .T. ) ;
#1818 = ADVANCED_FACE ( 'NONE', ( #2881 ), #2098, .T. ) ;
#1819 = CARTESIAN_POINT ( 'NONE',  ( 1541.988273482522118, 1257.230264299567352, -82.99999999999998579 ) ) ;
#1820 = ORIENTED_EDGE ( 'NONE', *, *, #593, .T. ) ;
#1821 = DIRECTION ( 'NONE',  ( -0.000000000000000000, 0.000000000000000000, 1.000000000000000000 ) ) ;
#1822 = ORIENTED_EDGE ( 'NONE', *, *, #2588, .F. ) ;
#1823 = EDGE_CURVE ( 'NONE', #299, #2843, #1796, .T. ) ;
#1824 = DIRECTION ( 'NONE',  ( 0.000000000000000000, 0.000000000000000000, -1.000000000000000000 ) ) ;
#1825 = ORIENTED_EDGE ( 'NONE', *, *, #2325, .T. ) ;
#1826 = AXIS2_PLACEMENT_3D ( 'NONE', #391, #1799, #1272 ) ;
#1827 = CARTESIAN_POINT ( 'NONE',  ( 1210.550619652612568, 1284.940997413912100, 140.0000000000000000 ) ) ;
#1828 = LINE ( 'NONE', #1233, #2894 ) ;
#1829 = CARTESIAN_POINT ( 'NONE',  ( -65.00000000000000000, 0.000000000000000000, 190.0000000000000000 ) ) ;
#1830 = AXIS2_PLACEMENT_3D ( 'NONE', #3005, #2689, #3239 ) ;
#1831 = CLOSED_SHELL ( 'NONE', ( #1577, #3604, #1209, #1357, #351, #1476, #2669, #1629, #3532, #900, #2557, #1167, #909, #1720, #2653, #944, #883, #3144, #1240, #793, #417, #3099, #2284, #3273, #3649, #1779, #174, #1936, #697, #523, #832, #107, #1565, #1535, #3118, #1400, #2861, #1713, #480, #2758, #2150, #754, #448, #890, #2516, #908, #585, #1832, #227, #3447, #16, #146, #1196, #1077, #506, #3098, #2868, #2292, #2715, #1764, #1630, #2010, #2263, #2180, #2441, #3224, #194, #1129, #1675, #632, #2871, #2146, #1982, #529, #2231, #1416, #1398, #3648, #1962, #3147, #2808, #2937, #393, #1060, #1623, #205, #2099, #1901, #3472, #756, #1115, #3253, #1448, #2704, #2451, #1177, #1331, #1237, #2850 ) ) ;
#1832 = ADVANCED_FACE ( 'NONE', ( #3226, #1518 ), #3460, .T. ) ;
#1833 = DIRECTION ( 'NONE',  ( 1.000000000000000000, 0.000000000000000000, 0.000000000000000000 ) ) ;
#1834 = VECTOR ( 'NONE', #3166, 999.9999999999998863 ) ;
#1835 = EDGE_CURVE ( 'NONE', #1017, #1563, #184, .T. ) ;
#1836 = CC_DESIGN_PERSON_AND_ORGANIZATION_ASSIGNMENT ( #637, #3205, ( #3434 ) ) ;
#1837 = CARTESIAN_POINT ( 'NONE',  ( 1549.772507406236628, 1706.602339723742034, 43.00000000000000000 ) ) ;
#1838 = DIRECTION ( 'NONE',  ( -0.000000000000000000, 0.000000000000000000, 1.000000000000000000 ) ) ;
#1839 = EDGE_LOOP ( 'NONE', ( #2907, #382, #250, #526 ) ) ;
#1840 = ORIENTED_EDGE ( 'NONE', *, *, #2212, .F. ) ;
#1841 = LINE ( 'NONE', #1542, #403 ) ;
#1842 = AXIS2_PLACEMENT_3D ( 'NONE', #572, #2826, #1412 ) ;
#1843 = CIRCLE ( 'NONE', #3141, 65.00000000000000000 ) ;
#1844 = LINE ( 'NONE', #717, #648 ) ;
#1845 = LINE ( 'NONE', #2080, #3177 ) ;
#1846 = DIRECTION ( 'NONE',  ( -0.2810323696954839523, -0.9596982896636531146, 0.000000000000000000 ) ) ;
#1847 = EDGE_CURVE ( 'NONE', #808, #30, #1717, .T. ) ;
#1848 = ORIENTED_EDGE ( 'NONE', *, *, #3471, .F. ) ;
#1849 = LINE ( 'NONE', #1044, #1986 ) ;
#1850 = LINE ( 'NONE', #1295, #1951 ) ;
#1851 = CARTESIAN_POINT ( 'NONE',  ( 1366.000041293119693, 1289.869733663803800, 82.99999999999998579 ) ) ;
#1852 = LINE ( 'NONE', #2643, #1653 ) ;
#1853 = ORIENTED_EDGE ( 'NONE', *, *, #388, .T. ) ;
#1854 = ORIENTED_EDGE ( 'NONE', *, *, #2805, .F. ) ;
#1855 = DIRECTION ( 'NONE',  ( 0.09914461998406126630, 0.9950730346704286244, 0.000000000000000000 ) ) ;
#1856 = CARTESIAN_POINT ( 'NONE',  ( 1366.000041293119921, 1289.869733663803800, -105.0000000000000000 ) ) ;
#1857 = LINE ( 'NONE', #3033, #485 ) ;
#1858 = ORIENTED_EDGE ( 'NONE', *, *, #1482, .T. ) ;
#1859 = DIRECTION ( 'NONE',  ( 0.000000000000000000, 0.000000000000000000, -1.000000000000000000 ) ) ;
#1860 = ORIENTED_EDGE ( 'NONE', *, *, #1703, .F. ) ;
#1861 = LINE ( 'NONE', #1524, #408 ) ;
#1862 = CARTESIAN_POINT ( 'NONE',  ( 3542.428216253328173, 1037.379698913113543, -130.0000000000000000 ) ) ;
#1863 = ORIENTED_EDGE ( 'NONE', *, *, #3530, .F. ) ;
#1864 = DIRECTION ( 'NONE',  ( -0.9596982896636528926, 0.2810323696954841188, 0.000000000000000000 ) ) ;
#1865 = DIRECTION ( 'NONE',  ( 0.2810323696954837303, 0.9596982896636531146, -0.000000000000000000 ) ) ;
#1866 = DIRECTION ( 'NONE',  ( -0.9987562351452027309, 0.04985963054998234639, 0.000000000000000000 ) ) ;
#1867 = EDGE_CURVE ( 'NONE', #3163, #733, #2848, .T. ) ;
#1868 = DIRECTION ( 'NONE',  ( -0.000000000000000000, -0.000000000000000000, 1.000000000000000000 ) ) ;
#1869 = LINE ( 'NONE', #1537, #1074 ) ;
#1870 = ORIENTED_EDGE ( 'NONE', *, *, #2911, .T. ) ;
#1871 = EDGE_CURVE ( 'NONE', #1672, #3299, #1752, .T. ) ;
#1872 = EDGE_LOOP ( 'NONE', ( #2773, #2809, #2196, #139, #2048, #46, #2476 ) ) ;
#1873 = LINE ( 'NONE', #2949, #3544 ) ;
#1874 = DIRECTION ( 'NONE',  ( 1.000000000000000000, 0.000000000000000000, 0.000000000000000000 ) ) ;
#1875 = ORIENTED_EDGE ( 'NONE', *, *, #253, .F. ) ;
#1876 = VERTEX_POINT ( 'NONE', #1208 ) ;
#1877 = CARTESIAN_POINT ( 'NONE',  ( 1311.293769765892193, 994.8998642608610226, -42.99999999999999289 ) ) ;
#1878 = EDGE_LOOP ( 'NONE', ( #3611, #354, #343, #3567, #1582, #1423 ) ) ;
#1879 = CARTESIAN_POINT ( 'NONE',  ( 3134.054705210137854, -312.2631725823264333, 115.0000000000000000 ) ) ;
#1880 = CARTESIAN_POINT ( 'NONE',  ( 3542.428216253328173, 1037.379698913113543, 130.0000000000000000 ) ) ;
#1881 = CARTESIAN_POINT ( 'NONE',  ( 1915.617102975736998, 1761.899101768085757, -43.00000000000000000 ) ) ;
#1882 = CARTESIAN_POINT ( 'NONE',  ( 1230.365799264589896, 1230.365799264594671, 105.0000000000000000 ) ) ;
#1883 = VECTOR ( 'NONE', #3395, 1000.000000000000000 ) ;
#1884 = DIRECTION ( 'NONE',  ( -0.000000000000000000, -0.000000000000000000, 1.000000000000000000 ) ) ;
#1885 = LINE ( 'NONE', #2213, #595 ) ;
#1886 = VECTOR ( 'NONE', #79, 1000.000000000000000 ) ;
#1887 = EDGE_CURVE ( 'NONE', #2306, #18, #2335, .T. ) ;
#1888 = DIRECTION ( 'NONE',  ( 1.000000000000000000, 0.000000000000000000, 0.000000000000000000 ) ) ;
#1889 = ORIENTED_EDGE ( 'NONE', *, *, #72, .T. ) ;
#1890 = VECTOR ( 'NONE', #1795, 999.9999999999998863 ) ;
#1891 = ORIENTED_EDGE ( 'NONE', *, *, #1847, .F. ) ;
#1892 = DIRECTION ( 'NONE',  ( 1.000000000000000000, 0.000000000000000000, 0.000000000000000000 ) ) ;
#1893 = AXIS2_PLACEMENT_3D ( 'NONE', #3235, #2405, #747 ) ;
#1894 = ORIENTED_EDGE ( 'NONE', *, *, #10, .T. ) ;
#1895 = DIRECTION ( 'NONE',  ( 1.000000000000000000, 0.000000000000000000, 0.000000000000000000 ) ) ;
#1896 = ORIENTED_EDGE ( 'NONE', *, *, #1142, .F. ) ;
#1897 = VECTOR ( 'NONE', #1072, 1000.000000000000000 ) ;
#1898 = AXIS2_PLACEMENT_3D ( 'NONE', #447, #399, #2508 ) ;
#1899 = CARTESIAN_POINT ( 'NONE',  ( 1020.456010646260097, 1747.395362326518125, -135.0000000000000000 ) ) ;
#1900 = AXIS2_PLACEMENT_3D ( 'NONE', #2301, #3433, #3117 ) ;
#1901 = ADVANCED_FACE ( 'NONE', ( #1691 ), #34, .F. ) ;
#1902 = AXIS2_PLACEMENT_3D ( 'NONE', #22, #2009, #816 ) ;
#1903 = LINE ( 'NONE', #217, #1186 ) ;
#1904 = EDGE_CURVE ( 'NONE', #3221, #3078, #2882, .T. ) ;
#1905 = EDGE_CURVE ( 'NONE', #2915, #2022, #316, .T. ) ;
#1906 = FACE_BOUND ( 'NONE', #1204, .T. ) ;
#1907 = ORIENTED_EDGE ( 'NONE', *, *, #1488, .F. ) ;
#1908 = CYLINDRICAL_SURFACE ( 'NONE', #8, 99.99999999999987210 ) ;
#1909 = DIRECTION ( 'NONE',  ( 0.000000000000000000, 0.000000000000000000, 1.000000000000000000 ) ) ;
#1910 = CARTESIAN_POINT ( 'NONE',  ( 0.000000000000000000, 0.000000000000000000, 130.0000000000000000 ) ) ;
#1911 = LINE ( 'NONE', #2545, #1536 ) ;
#1912 = ORIENTED_EDGE ( 'NONE', *, *, #2956, .F. ) ;
#1913 = ORIENTED_EDGE ( 'NONE', *, *, #797, .F. ) ;
#1914 = CARTESIAN_POINT ( 'NONE',  ( 1210.550619652612568, 1284.940997413912100, 115.0000000000000000 ) ) ;
#1915 = DIRECTION ( 'NONE',  ( -0.000000000000000000, -0.000000000000000000, 1.000000000000000000 ) ) ;
#1916 = ORIENTED_EDGE ( 'NONE', *, *, #1505, .T. ) ;
#1917 = PLANE ( 'NONE',  #2958 ) ;
#1918 = ORIENTED_EDGE ( 'NONE', *, *, #3641, .T. ) ;
#1919 = EDGE_CURVE ( 'NONE', #3592, #2915, #2069, .T. ) ;
#1920 = CARTESIAN_POINT ( 'NONE',  ( 582.6811579132299812, 1989.799649323278345, 115.0000000000000000 ) ) ;
#1921 = VERTEX_POINT ( 'NONE', #2851 ) ;
#1922 = CARTESIAN_POINT ( 'NONE',  ( 1366.000041293120375, 1289.869733663803572, -135.0000000000000000 ) ) ;
#1923 = CARTESIAN_POINT ( 'NONE',  ( 3346.090394174529592, 1210.673689755841451, 108.0000000000000142 ) ) ;
#1924 = FACE_OUTER_BOUND ( 'NONE', #1096, .T. ) ;
#1925 = ORIENTED_EDGE ( 'NONE', *, *, #2327, .T. ) ;
#1926 = EDGE_CURVE ( 'NONE', #2340, #3299, #588, .T. ) ;
#1927 = CARTESIAN_POINT ( 'NONE',  ( 1230.365799264589896, 1230.365799264594671, -82.99999999999998579 ) ) ;
#1928 = CARTESIAN_POINT ( 'NONE',  ( 1311.293769765892193, 994.8998642608610226, -105.0000000000000000 ) ) ;
#1929 = EDGE_LOOP ( 'NONE', ( #2, #323, #2584, #539 ) ) ;
#1930 = ORIENTED_EDGE ( 'NONE', *, *, #1807, .F. ) ;
#1931 = ORIENTED_EDGE ( 'NONE', *, *, #3065, .T. ) ;
#1932 = CARTESIAN_POINT ( 'NONE',  ( 1191.051052278277211, 1280.629997367371516, 140.0000000000000000 ) ) ;
#1933 = DIRECTION ( 'NONE',  ( 0.8747266133663035292, -0.4846167061386940644, 0.000000000000000000 ) ) ;
#1934 = CARTESIAN_POINT ( 'NONE',  ( 1209.724174309755654, 1287.793903432650268, -115.0000000000000000 ) ) ;
#1935 = ORIENTED_EDGE ( 'NONE', *, *, #3451, .F. ) ;
#1936 = ADVANCED_FACE ( 'NONE', ( #2024 ), #283, .F. ) ;
#1937 = FACE_OUTER_BOUND ( 'NONE', #1266, .T. ) ;
#1938 = DIRECTION ( 'NONE',  ( 1.000000000000000000, 0.000000000000000000, 0.000000000000000000 ) ) ;
#1939 = ORIENTED_EDGE ( 'NONE', *, *, #2467, .T. ) ;
#1940 = EDGE_CURVE ( 'NONE', #3078, #1339, #327, .T. ) ;
#1941 = CIRCLE ( 'NONE', #1408, 490.0078235616616098 ) ;
#1942 = VECTOR ( 'NONE', #1744, 1000.000000000000000 ) ;
#1943 = DIRECTION ( 'NONE',  ( -0.6427876096865382527, -0.7660444431189789016, 0.000000000000000000 ) ) ;
#1944 = EDGE_CURVE ( 'NONE', #2113, #392, #104, .T. ) ;
#1945 = CC_DESIGN_PERSON_AND_ORGANIZATION_ASSIGNMENT ( #53, #85, ( #2790 ) ) ;
#1946 = DIRECTION ( 'NONE',  ( 1.000000000000000000, 0.000000000000000000, 0.000000000000000000 ) ) ;
#1947 = VECTOR ( 'NONE', #377, 1000.000000000000114 ) ;
#1948 = ORIENTED_EDGE ( 'NONE', *, *, #1794, .T. ) ;
#1949 = ORIENTED_EDGE ( 'NONE', *, *, #2990, .T. ) ;
#1950 = EDGE_CURVE ( 'NONE', #196, #3271, #49, .T. ) ;
#1951 = VECTOR ( 'NONE', #965, 1000.000000000000000 ) ;
#1952 = CIRCLE ( 'NONE', #178, 30.00000000000000000 ) ;
#1953 = FACE_OUTER_BOUND ( 'NONE', #2682, .T. ) ;
#1954 = VECTOR ( 'NONE', #2530, 1000.000000000000000 ) ;
#1955 = CARTESIAN_POINT ( 'NONE',  ( -29.38782100821354604, 57.97720221250076378, -150.0000000000000284 ) ) ;
#1956 = CARTESIAN_POINT ( 'NONE',  ( 42.13244437154380506, -35.35331853275954472, -150.0000000000000284 ) ) ;
#1957 = VECTOR ( 'NONE', #385, 1000.000000000000114 ) ;
#1958 = DIRECTION ( 'NONE',  ( -0.000000000000000000, -0.000000000000000000, 1.000000000000000000 ) ) ;
#1959 = AXIS2_PLACEMENT_3D ( 'NONE', #274, #1187, #2592 ) ;
#1960 = VECTOR ( 'NONE', #3329, 1000.000000000000000 ) ;
#1961 = AXIS2_PLACEMENT_3D ( 'NONE', #118, #1229, #2681 ) ;
#1962 = ADVANCED_FACE ( 'NONE', ( #1973 ), #3102, .T. ) ;
#1963 = DIRECTION ( 'NONE',  ( -0.000000000000000000, -0.000000000000000000, 1.000000000000000000 ) ) ;
#1964 = FACE_OUTER_BOUND ( 'NONE', #88, .T. ) ;
#1965 = CARTESIAN_POINT ( 'NONE',  ( 3572.428216253328173, 1037.379698913113543, 108.0000000000000142 ) ) ;
#1966 = ORIENTED_EDGE ( 'NONE', *, *, #3505, .F. ) ;
#1967 = CARTESIAN_POINT ( 'NONE',  ( 2027.213206220272014, 1662.573725405637333, 65.00000000000000000 ) ) ;
#1968 = DIRECTION ( 'NONE',  ( -0.000000000000000000, 0.000000000000000000, 1.000000000000000000 ) ) ;
#1969 = ORIENTED_EDGE ( 'NONE', *, *, #2285, .T. ) ;
#1970 = EDGE_LOOP ( 'NONE', ( #152, #2774 ) ) ;
#1971 = FACE_OUTER_BOUND ( 'NONE', #390, .T. ) ;
#1972 = CARTESIAN_POINT ( 'NONE',  ( 3268.576248845470673, 937.0104710473249270, 135.0000000000000000 ) ) ;
#1973 = FACE_OUTER_BOUND ( 'NONE', #2618, .T. ) ;
#1974 = CARTESIAN_POINT ( 'NONE',  ( 0.000000000000000000, 0.000000000000000000, 140.0000000000000000 ) ) ;
#1975 = APPLICATION_PROTOCOL_DEFINITION ( 'international standard', 'config_control_design', 1994, #1152 ) ;
#1976 = DIRECTION ( 'NONE',  ( -0.7298648777451143266, -0.6835914424816253998, 0.000000000000000000 ) ) ;
#1977 = VERTEX_POINT ( 'NONE', #882 ) ;
#1978 = DIRECTION ( 'NONE',  ( -0.000000000000000000, -0.000000000000000000, -1.000000000000000000 ) ) ;
#1979 = LINE ( 'NONE', #1698, #775 ) ;
#1980 = DIRECTION ( 'NONE',  ( 0.9596982896636531146, -0.2810323696954837303, 0.000000000000000000 ) ) ;
#1981 = ORIENTED_EDGE ( 'NONE', *, *, #3346, .F. ) ;
#1982 = ADVANCED_FACE ( 'NONE', ( #2006 ), #1375, .F. ) ;
#1983 = DIRECTION ( 'NONE',  ( -0.9887691772148655689, -0.1494507082279563914, -0.000000000000000000 ) ) ;
#1984 = CARTESIAN_POINT ( 'NONE',  ( 3596.654966709331347, 1103.053624959471790, -130.0000000000000000 ) ) ;
#1985 = DIRECTION ( 'NONE',  ( -1.000000000000000000, 0.000000000000000000, 0.000000000000000000 ) ) ;
#1986 = VECTOR ( 'NONE', #2171, 1000.000000000000000 ) ;
#1987 = VERTEX_POINT ( 'NONE', #1108 ) ;
#1988 = ORIENTED_EDGE ( 'NONE', *, *, #2178, .F. ) ;
#1989 = EDGE_CURVE ( 'NONE', #3345, #3183, #3676, .T. ) ;
#1990 = CARTESIAN_POINT ( 'NONE',  ( 3316.347008179312070, 912.1517793547128576, -108.0000000000000142 ) ) ;
#1991 = CARTESIAN_POINT ( 'NONE',  ( 1311.293769765892193, 994.8998642608610226, -135.0000000000000000 ) ) ;
#1992 = LINE ( 'NONE', #285, #3125 ) ;
#1993 = CARTESIAN_POINT ( 'NONE',  ( 1367.823583677360602, 1299.702062643902082, -105.0000000000000000 ) ) ;
#1994 = CYLINDRICAL_SURFACE ( 'NONE', #117, 500.0000000000002274 ) ;
#1995 = ORIENTED_EDGE ( 'NONE', *, *, #1554, .T. ) ;
#1996 = FACE_OUTER_BOUND ( 'NONE', #3570, .T. ) ;
#1997 = DIRECTION ( 'NONE',  ( 1.000000000000000000, 0.000000000000000000, 0.000000000000000000 ) ) ;
#1998 = PLANE ( 'NONE',  #3364 ) ;
#1999 = ADVANCED_FACE ( 'NONE', ( #1068 ), #229, .F. ) ;
#2000 = CARTESIAN_POINT ( 'NONE',  ( 784.1655123326112289, 1526.429987788615563, 130.0000000000000000 ) ) ;
#2001 = VECTOR ( 'NONE', #3342, 1000.000000000000000 ) ;
#2002 = ORIENTED_EDGE ( 'NONE', *, *, #1291, .F. ) ;
#2003 = VERTEX_POINT ( 'NONE', #2517 ) ;
#2004 = AXIS2_PLACEMENT_3D ( 'NONE', #481, #1551, #740 ) ;
#2005 = PLANE ( 'NONE',  #1842 ) ;
#2006 = FACE_OUTER_BOUND ( 'NONE', #355, .T. ) ;
#2007 = AXIS2_PLACEMENT_3D ( 'NONE', #1745, #2838, #682 ) ;
#2008 = APPROVAL_ROLE ( '' ) ;
#2009 = DIRECTION ( 'NONE',  ( -0.000000000000000000, 0.000000000000000000, 1.000000000000000000 ) ) ;
#2010 = ADVANCED_FACE ( 'NONE', ( #2754 ), #3355, .T. ) ;
#2011 = VECTOR ( 'NONE', #2164, 1000.000000000000000 ) ;
#2012 = ORIENTED_EDGE ( 'NONE', *, *, #1919, .T. ) ;
#2013 = VECTOR ( 'NONE', #2209, 1000.000000000000000 ) ;
#2014 = VECTOR ( 'NONE', #1393, 1000.000000000000114 ) ;
#2015 = PLANE ( 'NONE',  #891 ) ;
#2016 = LINE ( 'NONE', #3145, #831 ) ;
#2017 = CARTESIAN_POINT ( 'NONE',  ( 1230.365799264589896, 1230.365799264594671, 82.99999999999998579 ) ) ;
#2018 = AXIS2_PLACEMENT_3D ( 'NONE', #1920, #1846, #3280 ) ;
#2019 = DIRECTION ( 'NONE',  ( 0.9607235058927022786, 0.2775073786861076419, 0.000000000000000000 ) ) ;
#2020 = ORIENTED_EDGE ( 'NONE', *, *, #1673, .F. ) ;
#2021 = ORIENTED_EDGE ( 'NONE', *, *, #1800, .F. ) ;
#2022 = VERTEX_POINT ( 'NONE', #212 ) ;
#2023 = CARTESIAN_POINT ( 'NONE',  ( 0.000000000000000000, 0.000000000000000000, -130.0000000000000000 ) ) ;
#2024 = FACE_OUTER_BOUND ( 'NONE', #2473, .T. ) ;
#2025 = ADVANCED_FACE ( 'NONE', ( #1124 ), #792, .T. ) ;
#2026 = DIRECTION ( 'NONE',  ( 1.000000000000000000, 0.000000000000000000, 0.000000000000000000 ) ) ;
#2027 = ORIENTED_EDGE ( 'NONE', *, *, #2045, .T. ) ;
#2028 = DIRECTION ( 'NONE',  ( 1.000000000000000000, 0.000000000000000000, 0.000000000000000000 ) ) ;
#2029 = PLANE ( 'NONE',  #2007 ) ;
#2030 = LINE ( 'NONE', #294, #2052 ) ;
#2031 = EDGE_CURVE ( 'NONE', #3657, #2315, #3562, .T. ) ;
#2032 = ORIENTED_EDGE ( 'NONE', *, *, #1456, .T. ) ;
#2033 = ORIENTED_EDGE ( 'NONE', *, *, #2357, .F. ) ;
#2034 = ORIENTED_EDGE ( 'NONE', *, *, #974, .F. ) ;
#2035 = DIRECTION ( 'NONE',  ( 1.000000000000000000, 0.000000000000000000, 0.000000000000000000 ) ) ;
#2036 = VERTEX_POINT ( 'NONE', #2199 ) ;
#2037 = APPROVAL_DATE_TIME ( #3448, #404 ) ;
#2038 = EDGE_CURVE ( 'NONE', #2634, #2226, #3602, .T. ) ;
#2039 = DIRECTION ( 'NONE',  ( 0.000000000000000000, 0.000000000000000000, -1.000000000000000000 ) ) ;
#2040 = VERTEX_POINT ( 'NONE', #1389 ) ;
#2041 = EDGE_LOOP ( 'NONE', ( #2246, #2027, #65, #370 ) ) ;
#2042 = CARTESIAN_POINT ( 'NONE',  ( 3596.654966709331347, 1103.053624959471790, -108.0000000000000142 ) ) ;
#2043 = DIRECTION ( 'NONE',  ( 0.000000000000000000, 0.000000000000000000, 1.000000000000000000 ) ) ;
#2044 = DIRECTION ( 'NONE',  ( 1.000000000000000000, 0.000000000000000000, 0.000000000000000000 ) ) ;
#2045 = EDGE_CURVE ( 'NONE', #3060, #607, #846, .T. ) ;
#2046 = EDGE_CURVE ( 'NONE', #3271, #373, #2248, .T. ) ;
#2047 = ORIENTED_EDGE ( 'NONE', *, *, #3478, .F. ) ;
#2048 = ORIENTED_EDGE ( 'NONE', *, *, #2178, .T. ) ;
#2049 = ORIENTED_EDGE ( 'NONE', *, *, #720, .T. ) ;
#2050 = EDGE_CURVE ( 'NONE', #196, #3356, #3077, .T. ) ;
#2051 = DIRECTION ( 'NONE',  ( 1.000000000000000000, 0.000000000000000000, 0.000000000000000000 ) ) ;
#2052 = VECTOR ( 'NONE', #2841, 1000.000000000000227 ) ;
#2053 = DIRECTION ( 'NONE',  ( -0.6427876096865379196, -0.7660444431189792347, -0.000000000000000000 ) ) ;
#2054 = EDGE_LOOP ( 'NONE', ( #3621, #2637, #2597, #1308 ) ) ;
#2055 = AXIS2_PLACEMENT_3D ( 'NONE', #1049, #2176, #2377 ) ;
#2056 = DIRECTION ( 'NONE',  ( 1.000000000000000000, -1.776356839400250465E-15, 0.000000000000000000 ) ) ;
#2057 = ORIENTED_EDGE ( 'NONE', *, *, #2580, .T. ) ;
#2058 = AXIS2_PLACEMENT_3D ( 'NONE', #1349, #3615, #3579 ) ;
#2059 = VECTOR ( 'NONE', #3468, 1000.000000000000227 ) ;
#2060 = DIRECTION ( 'NONE',  ( 0.000000000000000000, 0.000000000000000000, 1.000000000000000000 ) ) ;
#2061 = EDGE_LOOP ( 'NONE', ( #1467, #148, #2458, #91 ) ) ;
#2062 = CIRCLE ( 'NONE', #293, 65.00000000000000000 ) ;
#2063 = CARTESIAN_POINT ( 'NONE',  ( 3572.428216253328173, 1037.379698913113543, -108.0000000000000142 ) ) ;
#2064 = FACE_OUTER_BOUND ( 'NONE', #89, .T. ) ;
#2065 = AXIS2_PLACEMENT_3D ( 'NONE', #2017, #1218, #39 ) ;
#2066 = EDGE_CURVE ( 'NONE', #948, #3356, #278, .T. ) ;
#2067 = AXIS2_PLACEMENT_3D ( 'NONE', #3384, #851, #2726 ) ;
#2068 = CARTESIAN_POINT ( 'NONE',  ( 1020.456010646259870, 1747.395362326518580, 150.0000000000000284 ) ) ;
#2069 = CIRCLE ( 'NONE', #1900, 490.0000000000004547 ) ;
#2070 = FACE_OUTER_BOUND ( 'NONE', #2631, .T. ) ;
#2071 = VECTOR ( 'NONE', #1118, 1000.000000000000000 ) ;
#2072 = DIRECTION ( 'NONE',  ( 1.000000000000000000, 0.000000000000000000, -0.000000000000000000 ) ) ;
#2073 = FACE_OUTER_BOUND ( 'NONE', #1525, .T. ) ;
#2074 = ORIENTED_EDGE ( 'NONE', *, *, #3415, .F. ) ;
#2075 = ORIENTED_EDGE ( 'NONE', *, *, #1777, .F. ) ;
#2076 = FACE_OUTER_BOUND ( 'NONE', #687, .T. ) ;
#2077 = BREP_WITH_VOIDS ( 'NONE', #1831, ( #3081 ) );
#2078 = DIRECTION ( 'NONE',  ( 1.000000000000000000, 0.000000000000000000, 0.000000000000000000 ) ) ;
#2079 = VERTEX_POINT ( 'NONE', #1637 ) ;
#2080 = CARTESIAN_POINT ( 'NONE',  ( 1020.456010646260097, 1747.395362326518125, 140.0000000000000000 ) ) ;
#2081 = EDGE_CURVE ( 'NONE', #1281, #1563, #3095, .T. ) ;
#2082 = DIRECTION ( 'NONE',  ( -0.4846167061386941755, -0.8747266133663034182, 0.000000000000000000 ) ) ;
#2083 = ORIENTED_EDGE ( 'NONE', *, *, #2984, .F. ) ;
#2084 = LINE ( 'NONE', #1201, #113 ) ;
#2085 = CARTESIAN_POINT ( 'NONE',  ( 64.39926034060060545, -8.816760606001883716, 150.0000000000000284 ) ) ;
#2086 = CARTESIAN_POINT ( 'NONE',  ( 278.5166040334649438, 1501.729217232690189, -105.0000000000000000 ) ) ;
#2087 = LINE ( 'NONE', #702, #1659 ) ;
#2088 = CYLINDRICAL_SURFACE ( 'NONE', #2893, 490.0000000000004547 ) ;
#2089 = DIRECTION ( 'NONE',  ( 1.000000000000000000, 0.000000000000000000, 0.000000000000000000 ) ) ;
#2090 = PLANE ( 'NONE',  #2728 ) ;
#2091 = ORIENTED_EDGE ( 'NONE', *, *, #3333, .F. ) ;
#2092 = EDGE_CURVE ( 'NONE', #3592, #1977, #3396, .T. ) ;
#2093 = ORIENTED_EDGE ( 'NONE', *, *, #1644, .T. ) ;
#2094 = ORIENTED_EDGE ( 'NONE', *, *, #2911, .F. ) ;
#2095 = DIRECTION ( 'NONE',  ( -0.000000000000000000, -0.000000000000000000, 1.000000000000000000 ) ) ;
#2096 = DIRECTION ( 'NONE',  ( -0.9411964128971334054, -0.3378599004758757185, 0.000000000000000000 ) ) ;
#2097 = PLANE ( 'NONE',  #176 ) ;
#2098 = CYLINDRICAL_SURFACE ( 'NONE', #3382, 65.00000000000000000 ) ;
#2099 = ADVANCED_FACE ( 'NONE', ( #1095 ), #248, .T. ) ;
#2100 = DIRECTION ( 'NONE',  ( -0.000000000000000000, -0.000000000000000000, 1.000000000000000000 ) ) ;
#2101 = ORIENTED_EDGE ( 'NONE', *, *, #2478, .F. ) ;
#2102 = CARTESIAN_POINT ( 'NONE',  ( 3346.090394174529592, 1210.673689755841451, -108.0000000000000142 ) ) ;
#2103 = EDGE_CURVE ( 'NONE', #137, #1198, #3045, .T. ) ;
#2104 = CARTESIAN_POINT ( 'NONE',  ( -47.06294214384740116, 26.07384713627813611, 130.0000000000000000 ) ) ;
#2105 = ORIENTED_EDGE ( 'NONE', *, *, #2768, .F. ) ;
#2106 = DIRECTION ( 'NONE',  ( 1.000000000000000000, 0.000000000000000000, 0.000000000000000000 ) ) ;
#2107 = DIRECTION ( 'NONE',  ( -0.3621048707768533825, 0.9321373624952914438, 0.000000000000000000 ) ) ;
#2108 = FACE_OUTER_BOUND ( 'NONE', #1386, .T. ) ;
#2109 = LINE ( 'NONE', #144, #1529 ) ;
#2110 = DIRECTION ( 'NONE',  ( 1.000000000000000000, 0.000000000000000000, 0.000000000000000000 ) ) ;
#2111 = DIRECTION ( 'NONE',  ( 1.000000000000000000, 0.000000000000000000, 0.000000000000000000 ) ) ;
#2112 = ORIENTED_EDGE ( 'NONE', *, *, #387, .F. ) ;
#2113 = VERTEX_POINT ( 'NONE', #3343 ) ;
#2114 = EDGE_CURVE ( 'NONE', #1097, #2374, #3058, .T. ) ;
#2115 = VERTEX_POINT ( 'NONE', #3535 ) ;
#2116 = EDGE_CURVE ( 'NONE', #3114, #1977, #3169, .T. ) ;
#2117 = DIRECTION ( 'NONE',  ( 1.000000000000000000, 0.000000000000000000, 0.000000000000000000 ) ) ;
#2118 = EDGE_CURVE ( 'NONE', #631, #1654, #1128, .T. ) ;
#2119 = CARTESIAN_POINT ( 'NONE',  ( 1014.865348754754336, 1734.170643311899994, -150.0000000000000284 ) ) ;
#2120 = ORIENTED_EDGE ( 'NONE', *, *, #2114, .F. ) ;
#2121 = PLANE ( 'NONE',  #2721 ) ;
#2122 = VECTOR ( 'NONE', #791, 1000.000000000000114 ) ;
#2123 = FACE_OUTER_BOUND ( 'NONE', #3198, .T. ) ;
#2124 = ORIENTED_EDGE ( 'NONE', *, *, #1382, .F. ) ;
#2125 = VECTOR ( 'NONE', #2469, 1000.000000000000000 ) ;
#2126 = CARTESIAN_POINT ( 'NONE',  ( 1200.365799264589896, 1230.365799264594671, -42.99999999999999289 ) ) ;
#2127 = LINE ( 'NONE', #941, #2059 ) ;
#2128 = PLANE ( 'NONE',  #2438 ) ;
#2129 = VECTOR ( 'NONE', #2701, 1000.000000000000000 ) ;
#2130 = LINE ( 'NONE', #1558, #771 ) ;
#2131 = VECTOR ( 'NONE', #153, 1000.000000000000114 ) ;
#2132 = CIRCLE ( 'NONE', #3076, 30.00000000000002842 ) ;
#2133 = LINE ( 'NONE', #3268, #1078 ) ;
#2134 = ORIENTED_EDGE ( 'NONE', *, *, #518, .F. ) ;
#2135 = ORIENTED_EDGE ( 'NONE', *, *, #3192, .T. ) ;
#2136 = PRODUCT_DEFINITION_SHAPE ( 'NONE', 'NONE',  #2427 ) ;
#2137 = CARTESIAN_POINT ( 'NONE',  ( 1485.776197375094853, 577.1754460239801574, 115.0000000000000000 ) ) ;
#2138 = AXIS2_PLACEMENT_3D ( 'NONE', #1149, #2823, #2771 ) ;
#2139 = VECTOR ( 'NONE', #1814, 1000.000000000000000 ) ;
#2140 = ORIENTED_EDGE ( 'NONE', *, *, #689, .T. ) ;
#2141 = AXIS2_PLACEMENT_3D ( 'NONE', #1928, #3378, #1342 ) ;
#2142 = VERTEX_POINT ( 'NONE', #940 ) ;
#2143 = CIRCLE ( 'NONE', #2207, 29.99999999999980460 ) ;
#2144 = CYLINDRICAL_SURFACE ( 'NONE', #2500, 30.00000000000002842 ) ;
#2145 = ORIENTED_EDGE ( 'NONE', *, *, #2219, .T. ) ;
#2146 = ADVANCED_FACE ( 'NONE', ( #3232 ), #700, .T. ) ;
#2147 = DIRECTION ( 'NONE',  ( 1.000000000000000000, 0.000000000000000000, 0.000000000000000000 ) ) ;
#2148 = FACE_BOUND ( 'NONE', #170, .T. ) ;
#2149 = ORIENTED_EDGE ( 'NONE', *, *, #2222, .T. ) ;
#2150 = ADVANCED_FACE ( 'NONE', ( #623 ), #642, .T. ) ;
#2151 = CARTESIAN_POINT ( 'NONE',  ( 65.00000000000000000, 0.000000000000000000, 130.0000000000000000 ) ) ;
#2152 = CARTESIAN_POINT ( 'NONE',  ( 1927.213206220272241, 1662.573725405637333, -43.00000000000000000 ) ) ;
#2153 = CARTESIAN_POINT ( 'NONE',  ( 30.00000000000000000, 0.000000000000000000, 190.0000000000000000 ) ) ;
#2154 = DIRECTION ( 'NONE',  ( 0.9596982896636530036, -0.2810323696954837303, 0.000000000000000000 ) ) ;
#2155 = CARTESIAN_POINT ( 'NONE',  ( 0.000000000000000000, 0.000000000000000000, -190.0000000000000000 ) ) ;
#2156 = FACE_BOUND ( 'NONE', #1038, .T. ) ;
#2157 = ORIENTED_EDGE ( 'NONE', *, *, #869, .T. ) ;
#2158 = ORIENTED_EDGE ( 'NONE', *, *, #3004, .T. ) ;
#2159 = ORIENTED_EDGE ( 'NONE', *, *, #246, .F. ) ;
#2160 = CARTESIAN_POINT ( 'NONE',  ( -5.225835647943760875, 5.579581105427685372, -82.99999999999998579 ) ) ;
#2161 = PRODUCT_RELATED_PRODUCT_CATEGORY ( 'detail', '', ( #3159 ) ) ;
#2162 = DIRECTION ( 'NONE',  ( -0.8747266133663035292, 0.4846167061386941755, 0.000000000000000000 ) ) ;
#2163 = VERTEX_POINT ( 'NONE', #1763 ) ;
#2164 = DIRECTION ( 'NONE',  ( 0.9596982896636531146, -0.2810323696954837303, 0.000000000000000000 ) ) ;
#2165 = ORIENTED_EDGE ( 'NONE', *, *, #2114, .T. ) ;
#2166 = DIRECTION ( 'NONE',  ( 0.000000000000000000, 0.000000000000000000, 1.000000000000000000 ) ) ;
#2167 = CARTESIAN_POINT ( 'NONE',  ( 1311.293769765892193, 994.8998642608610226, 140.0000000000000000 ) ) ;
#2168 = EDGE_CURVE ( 'NONE', #2115, #344, #663, .T. ) ;
#2169 = CARTESIAN_POINT ( 'NONE',  ( -29.38782100821354604, 57.97720221250076378, 150.0000000000000284 ) ) ;
#2170 = ORIENTED_EDGE ( 'NONE', *, *, #1148, .F. ) ;
#2171 = DIRECTION ( 'NONE',  ( -0.000000000000000000, -0.000000000000000000, -1.000000000000000000 ) ) ;
#2172 = FACE_OUTER_BOUND ( 'NONE', #3047, .T. ) ;
#2173 = FACE_OUTER_BOUND ( 'NONE', #2755, .T. ) ;
#2174 = ORIENTED_EDGE ( 'NONE', *, *, #518, .T. ) ;
#2175 = ORIENTED_EDGE ( 'NONE', *, *, #3237, .T. ) ;
#2176 = DIRECTION ( 'NONE',  ( 0.1823542384240915970, 0.9832328980098100635, -0.000000000000000000 ) ) ;
#2177 = EDGE_CURVE ( 'NONE', #1323, #2933, #1803, .T. ) ;
#2178 = EDGE_CURVE ( 'NONE', #1987, #2193, #2549, .T. ) ;
#2179 = ORIENTED_EDGE ( 'NONE', *, *, #2103, .F. ) ;
#2180 = ADVANCED_FACE ( 'NONE', ( #3494 ), #964, .F. ) ;
#2181 = CARTESIAN_POINT ( 'NONE',  ( 3268.576248845470673, 937.0104710473249270, 135.0000000000000000 ) ) ;
#2182 = VERTEX_POINT ( 'NONE', #2126 ) ;
#2183 = CARTESIAN_POINT ( 'NONE',  ( -47.06294214384741537, 26.07384713627812189, 140.0000000000000000 ) ) ;
#2184 = DIRECTION ( 'NONE',  ( -1.000000000000000000, 0.000000000000000000, 0.000000000000000000 ) ) ;
#2185 = ORIENTED_EDGE ( 'NONE', *, *, #452, .F. ) ;
#2186 = CARTESIAN_POINT ( 'NONE',  ( 1927.213206220272241, 1662.573725405637333, -43.00000000000000000 ) ) ;
#2187 = VECTOR ( 'NONE', #2989, 1000.000000000000000 ) ;
#2188 = DIRECTION ( 'NONE',  ( -0.000000000000000000, -0.000000000000000000, -1.000000000000000000 ) ) ;
#2189 = VECTOR ( 'NONE', #3193, 1000.000000000000000 ) ;
#2190 = DIRECTION ( 'NONE',  ( -0.3621048707768527719, 0.9321373624952916659, 0.000000000000000000 ) ) ;
#2191 = EDGE_CURVE ( 'NONE', #616, #948, #2084, .T. ) ;
#2192 = DIRECTION ( 'NONE',  ( 0.000000000000000000, 0.000000000000000000, 1.000000000000000000 ) ) ;
#2193 = VERTEX_POINT ( 'NONE', #3515 ) ;
#2194 = CIRCLE ( 'NONE', #338, 30.00000000000002842 ) ;
#2195 = EDGE_LOOP ( 'NONE', ( #1285, #1516, #358, #2410 ) ) ;
#2196 = ORIENTED_EDGE ( 'NONE', *, *, #857, .F. ) ;
#2197 = DIRECTION ( 'NONE',  ( 0.7298648777451143266, 0.6835914424816253998, 0.000000000000000000 ) ) ;
#2198 = VECTOR ( 'NONE', #1808, 1000.000000000000000 ) ;
#2199 = CARTESIAN_POINT ( 'NONE',  ( 773.1873129694608906, 1527.249350483259605, -150.0000000000000284 ) ) ;
#2200 = AXIS2_PLACEMENT_3D ( 'NONE', #352, #1486, #2621 ) ;
#2201 = EDGE_LOOP ( 'NONE', ( #1889, #1324 ) ) ;
#2202 = ORIENTED_EDGE ( 'NONE', *, *, #388, .F. ) ;
#2203 = ORIENTED_EDGE ( 'NONE', *, *, #2686, .F. ) ;
#2204 = AXIS2_PLACEMENT_3D ( 'NONE', #1407, #2475, #3112 ) ;
#2205 = AXIS2_PLACEMENT_3D ( 'NONE', #1991, #3413, #2538 ) ;
#2206 = DIRECTION ( 'NONE',  ( 0.9832328980098100635, -0.1823542384240915970, 0.000000000000000000 ) ) ;
#2207 = AXIS2_PLACEMENT_3D ( 'NONE', #2698, #742, #236 ) ;
#2208 = FACE_OUTER_BOUND ( 'NONE', #1601, .T. ) ;
#2209 = DIRECTION ( 'NONE',  ( -0.000000000000000000, -0.000000000000000000, 1.000000000000000000 ) ) ;
#2210 = LINE ( 'NONE', #3051, #423 ) ;
#2211 = LINE ( 'NONE', #2700, #2313 ) ;
#2212 = EDGE_CURVE ( 'NONE', #2273, #2938, #1475, .T. ) ;
#2213 = CARTESIAN_POINT ( 'NONE',  ( 1541.988273482522118, 1257.230264299567352, -105.0000000000000000 ) ) ;
#2214 = CARTESIAN_POINT ( 'NONE',  ( 1476.454823750140804, 573.5543973162068596, 105.0000000000000000 ) ) ;
#2215 = CARTESIAN_POINT ( 'NONE',  ( 1210.550619652612568, 1284.940997413912100, -135.0000000000000000 ) ) ;
#2216 = VERTEX_POINT ( 'NONE', #2640 ) ;
#2217 = CARTESIAN_POINT ( 'NONE',  ( 1476.454823750141486, 573.5543973162082239, 150.0000000000000284 ) ) ;
#2218 = DIRECTION ( 'NONE',  ( -0.3621048707768551589, 0.9321373624952907777, 0.000000000000000000 ) ) ;
#2219 = EDGE_CURVE ( 'NONE', #3197, #662, #359, .T. ) ;
#2220 = ORIENTED_EDGE ( 'NONE', *, *, #320, .T. ) ;
#2221 = ORIENTED_EDGE ( 'NONE', *, *, #366, .F. ) ;
#2222 = EDGE_CURVE ( 'NONE', #2673, #594, #296, .T. ) ;
#2223 = CARTESIAN_POINT ( 'NONE',  ( 1209.724174309755654, 1287.793903432650268, 135.0000000000000000 ) ) ;
#2224 = FACE_OUTER_BOUND ( 'NONE', #3456, .T. ) ;
#2225 = DIRECTION ( 'NONE',  ( -0.9596982896636530036, 0.2810323696954838968, 0.000000000000000000 ) ) ;
#2226 = VERTEX_POINT ( 'NONE', #140 ) ;
#2227 = EDGE_CURVE ( 'NONE', #2948, #3340, #487, .T. ) ;
#2228 = LINE ( 'NONE', #3318, #1598 ) ;
#2229 = EDGE_CURVE ( 'NONE', #2315, #555, #2625, .T. ) ;
#2230 = DIRECTION ( 'NONE',  ( 0.000000000000000000, 0.000000000000000000, -1.000000000000000000 ) ) ;
#2231 = ADVANCED_FACE ( 'NONE', ( #1216 ), #2344, .T. ) ;
#2232 = DIRECTION ( 'NONE',  ( 1.000000000000000000, 0.000000000000000000, 0.000000000000000000 ) ) ;
#2233 = ORIENTED_EDGE ( 'NONE', *, *, #1887, .T. ) ;
#2234 = DIRECTION ( 'NONE',  ( 1.000000000000000000, 0.000000000000000000, 0.000000000000000000 ) ) ;
#2235 = CARTESIAN_POINT ( 'NONE',  ( 1257.924866982799813, 1188.646525703049065, -42.99999999999999289 ) ) ;
#2236 = CARTESIAN_POINT ( 'NONE',  ( 64.39926034060060545, -8.816760606001883716, 140.0000000000000000 ) ) ;
#2237 = EDGE_LOOP ( 'NONE', ( #71, #861, #515, #425 ) ) ;
#2238 = ORIENTED_EDGE ( 'NONE', *, *, #2467, .F. ) ;
#2239 = CARTESIAN_POINT ( 'NONE',  ( 1257.924866982799813, 1188.646525703049065, -42.99999999999999289 ) ) ;
#2240 = DIRECTION ( 'NONE',  ( -0.000000000000000000, 0.000000000000000000, 1.000000000000000000 ) ) ;
#2241 = EDGE_CURVE ( 'NONE', #1757, #1339, #2385, .T. ) ;
#2242 = CARTESIAN_POINT ( 'NONE',  ( 3596.654966709331347, 1103.053624959471790, 108.0000000000000142 ) ) ;
#2243 = PLANE ( 'NONE',  #2898 ) ;
#2244 = DIRECTION ( 'NONE',  ( 1.000000000000000000, 0.000000000000000000, 0.000000000000000000 ) ) ;
#2245 = DIRECTION ( 'NONE',  ( 0.000000000000000000, 0.000000000000000000, 1.000000000000000000 ) ) ;
#2246 = ORIENTED_EDGE ( 'NONE', *, *, #3451, .T. ) ;
#2247 = DIRECTION ( 'NONE',  ( -0.000000000000000000, 0.000000000000000000, 1.000000000000000000 ) ) ;
#2248 = LINE ( 'NONE', #822, #1458 ) ;
#2249 = AXIS2_PLACEMENT_3D ( 'NONE', #2102, #440, #2743 ) ;
#2250 = ORIENTED_EDGE ( 'NONE', *, *, #2598, .T. ) ;
#2251 = ORIENTED_EDGE ( 'NONE', *, *, #837, .T. ) ;
#2252 = CIRCLE ( 'NONE', #646, 490.0000000000004547 ) ;
#2253 = CIRCLE ( 'NONE', #1539, 29.99999999999980460 ) ;
#2254 = AXIS2_PLACEMENT_3D ( 'NONE', #2155, #2370, #3003 ) ;
#2255 = DIRECTION ( 'NONE',  ( -1.000000000000000000, 0.000000000000000000, 0.000000000000000000 ) ) ;
#2256 = AXIS2_PLACEMENT_3D ( 'NONE', #374, #426, #3454 ) ;
#2257 = AXIS2_PLACEMENT_3D ( 'NONE', #2501, #249, #2518 ) ;
#2258 = DIRECTION ( 'NONE',  ( 0.000000000000000000, 0.000000000000000000, 1.000000000000000000 ) ) ;
#2259 = DIRECTION ( 'NONE',  ( 0.000000000000000000, 0.000000000000000000, -1.000000000000000000 ) ) ;
#2260 = EDGE_CURVE ( 'NONE', #195, #66, #2402, .T. ) ;
#2261 = CIRCLE ( 'NONE', #247, 69.99999999999984368 ) ;
#2262 = EDGE_LOOP ( 'NONE', ( #47, #2149 ) ) ;
#2263 = ADVANCED_FACE ( 'NONE', ( #445 ), #490, .T. ) ;
#2264 = DIRECTION ( 'NONE',  ( -0.000000000000000000, 0.000000000000000000, 1.000000000000000000 ) ) ;
#2265 = VECTOR ( 'NONE', #1319, 1000.000000000000000 ) ;
#2266 = CARTESIAN_POINT ( 'NONE',  ( 3572.428216253328173, 1037.379698913113543, 130.0000000000000000 ) ) ;
#2267 = EDGE_LOOP ( 'NONE', ( #1484, #2457, #511, #2594, #386, #1639, #1193, #3256 ) ) ;
#2268 = CARTESIAN_POINT ( 'NONE',  ( 579.8708342162748295, 1980.202666426642054, -135.0000000000000000 ) ) ;
#2269 = CARTESIAN_POINT ( 'NONE',  ( 1311.293769765892193, 994.8998642608610226, 105.0000000000000000 ) ) ;
#2270 = DIRECTION ( 'NONE',  ( 0.000000000000000000, 0.000000000000000000, -1.000000000000000000 ) ) ;
#2271 = EDGE_LOOP ( 'NONE', ( #3241, #2661, #510, #1264, #550, #3510 ) ) ;
#2272 = ORIENTED_EDGE ( 'NONE', *, *, #2605, .T. ) ;
#2273 = VERTEX_POINT ( 'NONE', #2151 ) ;
#2274 = CARTESIAN_POINT ( 'NONE',  ( 3134.054705210137854, -312.2631725823264333, -115.0000000000000000 ) ) ;
#2275 = CYLINDRICAL_SURFACE ( 'NONE', #703, 69.99999999999984368 ) ;
#2276 = COORDINATED_UNIVERSAL_TIME_OFFSET ( 8, 0, .AHEAD. ) ;
#2277 = CARTESIAN_POINT ( 'NONE',  ( 3259.704029255035039, 948.8264780890556267, -115.0000000000000000 ) ) ;
#2278 = ORIENTED_EDGE ( 'NONE', *, *, #2229, .T. ) ;
#2279 = EDGE_CURVE ( 'NONE', #978, #433, #183, .T. ) ;
#2280 = FACE_BOUND ( 'NONE', #383, .T. ) ;
#2281 = CARTESIAN_POINT ( 'NONE',  ( 3572.428216253328173, 1037.379698913113543, 108.0000000000000142 ) ) ;
#2282 = ORIENTED_EDGE ( 'NONE', *, *, #2536, .F. ) ;
#2283 = ORIENTED_EDGE ( 'NONE', *, *, #3156, .T. ) ;
#2284 = ADVANCED_FACE ( 'NONE', ( #2483 ), #3593, .F. ) ;
#2285 = EDGE_CURVE ( 'NONE', #686, #2931, #2446, .T. ) ;
#2286 = DIRECTION ( 'NONE',  ( 0.9832328980098100635, -0.1823542384240916248, 0.000000000000000000 ) ) ;
#2287 = DIRECTION ( 'NONE',  ( -0.000000000000000000, -0.000000000000000000, 1.000000000000000000 ) ) ;
#2288 = FACE_OUTER_BOUND ( 'NONE', #1176, .T. ) ;
#2289 = ORIENTED_EDGE ( 'NONE', *, *, #1546, .F. ) ;
#2290 = DIRECTION ( 'NONE',  ( -0.000000000000000000, -0.000000000000000000, -1.000000000000000000 ) ) ;
#2291 = PLANE ( 'NONE',  #1959 ) ;
#2292 = ADVANCED_FACE ( 'NONE', ( #3317 ), #1908, .T. ) ;
#2293 = DIRECTION ( 'NONE',  ( -0.000000000000000000, 0.000000000000000000, 1.000000000000000000 ) ) ;
#2294 = ORIENTED_EDGE ( 'NONE', *, *, #2887, .F. ) ;
#2295 = AXIS2_PLACEMENT_3D ( 'NONE', #952, #3103, #2829 ) ;
#2296 = ORIENTED_EDGE ( 'NONE', *, *, #232, .T. ) ;
#2297 = AXIS2_PLACEMENT_3D ( 'NONE', #1358, #864, #1985 ) ;
#2298 = ORIENTED_EDGE ( 'NONE', *, *, #1274, .F. ) ;
#2299 = VECTOR ( 'NONE', #2381, 1000.000000000000000 ) ;
#2300 = LINE ( 'NONE', #2796, #1477 ) ;
#2301 = CARTESIAN_POINT ( 'NONE',  ( 1210.550619652612568, 1284.940997413912100, -150.0000000000000284 ) ) ;
#2302 = CIRCLE ( 'NONE', #2785, 30.00000000000002842 ) ;
#2303 = AXIS2_PLACEMENT_3D ( 'NONE', #1694, #3644, #799 ) ;
#2304 = DIRECTION ( 'NONE',  ( -0.6427876096865379196, -0.7660444431189792347, 0.000000000000000000 ) ) ;
#2305 = AXIS2_PLACEMENT_3D ( 'NONE', #3565, #1280, #1033 ) ;
#2306 = VERTEX_POINT ( 'NONE', #2745 ) ;
#2307 = VECTOR ( 'NONE', #2407, 1000.000000000000227 ) ;
#2308 = VECTOR ( 'NONE', #744, 1000.000000000000000 ) ;
#2309 = CIRCLE ( 'NONE', #2067, 65.00000000000000000 ) ;
#2310 = CARTESIAN_POINT ( 'NONE',  ( 3346.090394174529592, 1210.673689755841451, -130.0000000000000000 ) ) ;
#2311 = AXIS2_PLACEMENT_3D ( 'NONE', #2481, #1333, #2998 ) ;
#2312 = FACE_OUTER_BOUND ( 'NONE', #1490, .T. ) ;
#2313 = VECTOR ( 'NONE', #3039, 1000.000000000000000 ) ;
#2314 = EDGE_LOOP ( 'NONE', ( #1863, #3531, #1769, #1282 ) ) ;
#2315 = VERTEX_POINT ( 'NONE', #2981 ) ;
#2316 = VERTEX_POINT ( 'NONE', #1057 ) ;
#2317 = DIRECTION ( 'NONE',  ( -0.000000000000000000, -0.000000000000000000, -1.000000000000000000 ) ) ;
#2318 = ORIENTED_EDGE ( 'NONE', *, *, #3124, .T. ) ;
#2319 = CARTESIAN_POINT ( 'NONE',  ( 0.000000000000000000, 0.000000000000000000, -130.0000000000000000 ) ) ;
#2320 = EDGE_CURVE ( 'NONE', #794, #1199, #462, .T. ) ;
#2321 = VERTEX_POINT ( 'NONE', #3613 ) ;
#2322 = ORIENTED_EDGE ( 'NONE', *, *, #3511, .T. ) ;
#2323 = EDGE_CURVE ( 'NONE', #3345, #1135, #2211, .T. ) ;
#2324 = CARTESIAN_POINT ( 'NONE',  ( 1081.480436830198187, 1187.736147166822093, 140.0000000000000000 ) ) ;
#2325 = EDGE_CURVE ( 'NONE', #102, #2036, #726, .T. ) ;
#2326 = DIRECTION ( 'NONE',  ( 0.000000000000000000, -0.000000000000000000, -1.000000000000000000 ) ) ;
#2327 = EDGE_CURVE ( 'NONE', #1150, #2343, #3634, .T. ) ;
#2328 = DIRECTION ( 'NONE',  ( -0.4846167061386941755, -0.8747266133663034182, 0.000000000000000000 ) ) ;
#2329 = CARTESIAN_POINT ( 'NONE',  ( 1311.293769765892193, 994.8998642608610226, 130.0000000000000000 ) ) ;
#2330 = CARTESIAN_POINT ( 'NONE',  ( 1311.293769765892193, 994.8998642608610226, 150.0000000000000284 ) ) ;
#2331 = ORIENTED_EDGE ( 'NONE', *, *, #3111, .T. ) ;
#2332 = VERTEX_POINT ( 'NONE', #3577 ) ;
#2333 = VERTEX_POINT ( 'NONE', #1348 ) ;
#2334 = CARTESIAN_POINT ( 'NONE',  ( 3572.428216253328173, 1037.379698913113543, 108.0000000000000142 ) ) ;
#2335 = LINE ( 'NONE', #931, #419 ) ;
#2336 = ORIENTED_EDGE ( 'NONE', *, *, #3068, .T. ) ;
#2337 = CALENDAR_DATE ( 2026, 17, 8 ) ;
#2338 = CARTESIAN_POINT ( 'NONE',  ( 1311.293769765892193, 994.8998642608610226, -135.0000000000000000 ) ) ;
#2339 = EDGE_CURVE ( 'NONE', #3371, #1224, #238, .T. ) ;
#2340 = VERTEX_POINT ( 'NONE', #3337 ) ;
#2341 = VERTEX_POINT ( 'NONE', #802 ) ;
#2342 = CARTESIAN_POINT ( 'NONE',  ( 3346.090394174529592, 1210.673689755841451, 108.0000000000000142 ) ) ;
#2343 = VERTEX_POINT ( 'NONE', #1922 ) ;
#2344 = PLANE ( 'NONE',  #2560 ) ;
#2345 = PLANE ( 'NONE',  #3548 ) ;
#2346 = FACE_BOUND ( 'NONE', #1970, .T. ) ;
#2347 = ORIENTED_EDGE ( 'NONE', *, *, #2227, .F. ) ;
#2348 = ORIENTED_EDGE ( 'NONE', *, *, #1067, .F. ) ;
#2349 = LINE ( 'NONE', #3479, #1005 ) ;
#2350 = AXIS2_PLACEMENT_3D ( 'NONE', #1012, #3543, #991 ) ;
#2351 = ORIENTED_EDGE ( 'NONE', *, *, #2507, .T. ) ;
#2352 = VECTOR ( 'NONE', #1909, 1000.000000000000000 ) ;
#2353 = CARTESIAN_POINT ( 'NONE',  ( 1203.951248641350958, 1275.038371358024278, 140.0000000000000000 ) ) ;
#2354 = ORIENTED_EDGE ( 'NONE', *, *, #2619, .T. ) ;
#2355 = VECTOR ( 'NONE', #2729, 1000.000000000000000 ) ;
#2356 = AXIS2_PLACEMENT_3D ( 'NONE', #1403, #2513, #819 ) ;
#2357 = EDGE_CURVE ( 'NONE', #2784, #1751, #574, .T. ) ;
#2358 = LINE ( 'NONE', #1504, #3267 ) ;
#2359 = EDGE_LOOP ( 'NONE', ( #3452, #938, #2462, #3474 ) ) ;
#2360 = EDGE_CURVE ( 'NONE', #1670, #1987, #1849, .T. ) ;
#2361 = AXIS2_PLACEMENT_3D ( 'NONE', #3181, #1500, #328 ) ;
#2362 = DIRECTION ( 'NONE',  ( 0.8870807309472032998, -0.4616143160498550335, 0.000000000000000000 ) ) ;
#2363 = DIRECTION ( 'NONE',  ( 0.000000000000000000, 0.000000000000000000, -1.000000000000000000 ) ) ;
#2364 = CARTESIAN_POINT ( 'NONE',  ( 61.83497134727062416, 1238.638604054665848, -42.99999999999999289 ) ) ;
#2365 = VECTOR ( 'NONE', #2190, 1000.000000000000000 ) ;
#2366 = VECTOR ( 'NONE', #1707, 999.9999999999998863 ) ;
#2367 = DIRECTION ( 'NONE',  ( 0.8747266133663036403, -0.4846167061386938424, 0.000000000000000000 ) ) ;
#2368 = CIRCLE ( 'NONE', #1474, 30.00000000000002842 ) ;
#2369 = EDGE_CURVE ( 'NONE', #617, #1048, #1384, .T. ) ;
#2370 = DIRECTION ( 'NONE',  ( -0.000000000000000000, -0.000000000000000000, 1.000000000000000000 ) ) ;
#2371 = CIRCLE ( 'NONE', #1195, 490.0078235616616098 ) ;
#2372 = DIRECTION ( 'NONE',  ( 0.000000000000000000, 0.000000000000000000, -1.000000000000000000 ) ) ;
#2373 = ORIENTED_EDGE ( 'NONE', *, *, #2536, .T. ) ;
#2374 = VERTEX_POINT ( 'NONE', #3559 ) ;
#2375 = ORIENTED_EDGE ( 'NONE', *, *, #1989, .F. ) ;
#2376 = DIRECTION ( 'NONE',  ( 0.9786376751969829701, 0.2055925598971045931, 0.000000000000000000 ) ) ;
#2377 = DIRECTION ( 'NONE',  ( -0.9832328980098100635, 0.1823542384240915970, 0.000000000000000000 ) ) ;
#2378 = DIRECTION ( 'NONE',  ( 1.000000000000000000, -9.062645154582162009E-16, 0.000000000000000000 ) ) ;
#2379 = DIRECTION ( 'NONE',  ( 0.000000000000000000, 0.000000000000000000, 1.000000000000000000 ) ) ;
#2380 = ORIENTED_EDGE ( 'NONE', *, *, #2497, .T. ) ;
#2381 = DIRECTION ( 'NONE',  ( -0.000000000000000000, -0.000000000000000000, 1.000000000000000000 ) ) ;
#2382 = ORIENTED_EDGE ( 'NONE', *, *, #10, .F. ) ;
#2383 = LINE ( 'NONE', #3188, #2444 ) ;
#2384 = VERTEX_POINT ( 'NONE', #762 ) ;
#2385 = LINE ( 'NONE', #1277, #1605 ) ;
#2386 = DIRECTION ( 'NONE',  ( 1.000000000000000000, 0.000000000000000000, -0.000000000000000000 ) ) ;
#2387 = EDGE_CURVE ( 'NONE', #1811, #3212, #557, .T. ) ;
#2388 = PLANE ( 'NONE',  #1607 ) ;
#2389 = DIRECTION ( 'NONE',  ( 0.09914461998406087773, 0.9950730346704287355, 0.000000000000000000 ) ) ;
#2390 = CARTESIAN_POINT ( 'NONE',  ( 3316.347008179312070, 912.1517793547128576, 130.0000000000000000 ) ) ;
#2391 = ORIENTED_EDGE ( 'NONE', *, *, #1505, .F. ) ;
#2392 = ORIENTED_EDGE ( 'NONE', *, *, #501, .F. ) ;
#2393 = VERTEX_POINT ( 'NONE', #201 ) ;
#2394 = LINE ( 'NONE', #2160, #2781 ) ;
#2395 = ADVANCED_FACE ( 'NONE', ( #1334 ), #3113, .F. ) ;
#2396 = CYLINDRICAL_SURFACE ( 'NONE', #1762, 69.99999999999984368 ) ;
#2397 = EDGE_LOOP ( 'NONE', ( #3175, #768, #2706, #1244 ) ) ;
#2398 = FACE_OUTER_BOUND ( 'NONE', #3097, .T. ) ;
#2399 = ORIENTED_EDGE ( 'NONE', *, *, #2045, .F. ) ;
#2400 = PLANE ( 'NONE',  #2018 ) ;
#2401 = EDGE_LOOP ( 'NONE', ( #56, #934, #1812, #1655 ) ) ;
#2402 = LINE ( 'NONE', #3257, #1426 ) ;
#2403 = CARTESIAN_POINT ( 'NONE',  ( 1073.911064018044726, 1194.272558192857332, 150.0000000000000284 ) ) ;
#2404 = DIRECTION ( 'NONE',  ( 1.000000000000000000, 0.000000000000000000, 0.000000000000000000 ) ) ;
#2405 = DIRECTION ( 'NONE',  ( 0.2055925598971045654, -0.9786376751969829701, 0.000000000000000000 ) ) ;
#2406 = CARTESIAN_POINT ( 'NONE',  ( 1957.213206220272241, 1662.573725405637333, 65.00000000000000000 ) ) ;
#2407 = DIRECTION ( 'NONE',  ( 0.9596982896636530036, -0.2810323696954837303, 0.000000000000000000 ) ) ;
#2408 = EDGE_LOOP ( 'NONE', ( #1825, #2535, #2622, #2608 ) ) ;
#2409 = VERTEX_POINT ( 'NONE', #2236 ) ;
#2410 = ORIENTED_EDGE ( 'NONE', *, *, #2573, .T. ) ;
#2411 = CARTESIAN_POINT ( 'NONE',  ( 966.4282906591732853, 1050.622338631828597, -82.99999999999998579 ) ) ;
#2412 = EDGE_CURVE ( 'NONE', #1876, #3093, #339, .T. ) ;
#2413 = ORIENTED_EDGE ( 'NONE', *, *, #3140, .F. ) ;
#2414 = ORIENTED_EDGE ( 'NONE', *, *, #2066, .F. ) ;
#2415 = EDGE_CURVE ( 'NONE', #2908, #2856, #3442, .T. ) ;
#2416 = CARTESIAN_POINT ( 'NONE',  ( 0.000000000000000000, 0.000000000000000000, 190.0000000000000000 ) ) ;
#2417 = EDGE_LOOP ( 'NONE', ( #3523, #437, #3173, #3311 ) ) ;
#2418 = DIRECTION ( 'NONE',  ( 1.000000000000000000, 0.000000000000000000, 0.000000000000000000 ) ) ;
#2419 = VECTOR ( 'NONE', #552, 1000.000000000000000 ) ;
#2420 = AXIS2_PLACEMENT_3D ( 'NONE', #334, #2683, #1471 ) ;
#2421 = CARTESIAN_POINT ( 'NONE',  ( 1983.163289924184710, 1579.690746854398412, -43.00000000000000000 ) ) ;
#2422 = ORIENTED_EDGE ( 'NONE', *, *, #1732, .F. ) ;
#2423 = AXIS2_PLACEMENT_3D ( 'NONE', #2453, #3594, #204 ) ;
#2424 = DIRECTION ( 'NONE',  ( 0.000000000000000000, -0.000000000000000000, -1.000000000000000000 ) ) ;
#2425 = LINE ( 'NONE', #159, #3372 ) ;
#2426 = DIRECTION ( 'NONE',  ( 0.9832328980098100635, -0.1823542384240916525, 0.000000000000000000 ) ) ;
#2427 = PRODUCT_DEFINITION ( '�', '', #3434, #3514 ) ;
#2428 = VECTOR ( 'NONE', #3009, 1000.000000000000000 ) ;
#2429 = CARTESIAN_POINT ( 'NONE',  ( 1210.550619652612568, 1284.940997413912100, 135.0000000000000000 ) ) ;
#2430 = VECTOR ( 'NONE', #2464, 1000.000000000000000 ) ;
#2431 = DIRECTION ( 'NONE',  ( 0.9950730346704289575, -0.09914461998405910137, 0.000000000000000000 ) ) ;
#2432 = VECTOR ( 'NONE', #3310, 1000.000000000000000 ) ;
#2433 = CARTESIAN_POINT ( 'NONE',  ( 3259.704029255034584, 948.8264780890553993, 105.0000000000000000 ) ) ;
#2434 = EDGE_LOOP ( 'NONE', ( #1848, #3174, #1939, #3121 ) ) ;
#2435 = VERTEX_POINT ( 'NONE', #2153 ) ;
#2436 = CARTESIAN_POINT ( 'NONE',  ( 3134.054705210137854, -312.2631725823264333, 135.0000000000000000 ) ) ;
#2437 = CIRCLE ( 'NONE', #780, 65.00000000000000000 ) ;
#2438 = AXIS2_PLACEMENT_3D ( 'NONE', #2642, #3629, #1557 ) ;
#2439 = ORIENTED_EDGE ( 'NONE', *, *, #1692, .F. ) ;
#2440 = VERTEX_POINT ( 'NONE', #1851 ) ;
#2441 = ADVANCED_FACE ( 'NONE', ( #3285, #2982 ), #3215, .T. ) ;
#2442 = ORIENTED_EDGE ( 'NONE', *, *, #1919, .F. ) ;
#2443 = ORIENTED_EDGE ( 'NONE', *, *, #2038, .T. ) ;
#2444 = VECTOR ( 'NONE', #1275, 1000.000000000000227 ) ;
#2445 = CARTESIAN_POINT ( 'NONE',  ( 3294.353850041327405, 1195.729460061635791, -108.0000000000000000 ) ) ;
#2446 = CIRCLE ( 'NONE', #252, 500.0000000000002274 ) ;
#2447 = LINE ( 'NONE', #2696, #536 ) ;
#2448 = LINE ( 'NONE', #504, #844 ) ;
#2449 = DIRECTION ( 'NONE',  ( -0.000000000000000000, -0.000000000000000000, -1.000000000000000000 ) ) ;
#2450 = DIRECTION ( 'NONE',  ( -0.000000000000000000, -0.000000000000000000, -1.000000000000000000 ) ) ;
#2451 = ADVANCED_FACE ( 'NONE', ( #233 ), #2128, .F. ) ;
#2452 = EDGE_CURVE ( 'NONE', #2409, #1461, #2505, .T. ) ;
#2453 = CARTESIAN_POINT ( 'NONE',  ( 1311.293769765892193, 994.8998642608610226, 42.99999999999999289 ) ) ;
#2454 = EDGE_CURVE ( 'NONE', #263, #3010, #3561, .T. ) ;
#2455 = DIRECTION ( 'NONE',  ( -1.000000000000000000, 0.000000000000000000, 0.000000000000000000 ) ) ;
#2456 = DIRECTION ( 'NONE',  ( -0.000000000000000000, -0.000000000000000000, 1.000000000000000000 ) ) ;
#2457 = ORIENTED_EDGE ( 'NONE', *, *, #1776, .T. ) ;
#2458 = ORIENTED_EDGE ( 'NONE', *, *, #1509, .T. ) ;
#2459 = ORIENTED_EDGE ( 'NONE', *, *, #2956, .T. ) ;
#2460 = DIRECTION ( 'NONE',  ( 0.9987562351452027309, -0.04985963054998234639, 0.000000000000000000 ) ) ;
#2461 = DIRECTION ( 'NONE',  ( -1.000000000000000000, 0.000000000000000000, 0.000000000000000000 ) ) ;
#2462 = ORIENTED_EDGE ( 'NONE', *, *, #1067, .T. ) ;
#2463 = ORIENTED_EDGE ( 'NONE', *, *, #2571, .F. ) ;
#2464 = DIRECTION ( 'NONE',  ( -0.000000000000000000, -0.000000000000000000, 1.000000000000000000 ) ) ;
#2465 = CARTESIAN_POINT ( 'NONE',  ( 1210.550619652612568, 1284.940997413912100, -140.0000000000000000 ) ) ;
#2466 = CARTESIAN_POINT ( 'NONE',  ( 1983.163289924184028, 1579.690746854398412, -43.00000000000000000 ) ) ;
#2467 = EDGE_CURVE ( 'NONE', #2003, #2435, #1588, .T. ) ;
#2468 = DIRECTION ( 'NONE',  ( -1.000000000000000000, 0.000000000000000000, 0.000000000000000000 ) ) ;
#2469 = DIRECTION ( 'NONE',  ( -0.3621048707768551589, 0.9321373624952907777, 0.000000000000000000 ) ) ;
#2470 = DIRECTION ( 'NONE',  ( 0.000000000000000000, 0.000000000000000000, -1.000000000000000000 ) ) ;
#2471 = LINE ( 'NONE', #1682, #1954 ) ;
#2472 = ORIENTED_EDGE ( 'NONE', *, *, #1685, .F. ) ;
#2473 = EDGE_LOOP ( 'NONE', ( #3330, #3152, #1912, #1734 ) ) ;
#2474 = CYLINDRICAL_SURFACE ( 'NONE', #1127, 490.0078235616616098 ) ;
#2475 = DIRECTION ( 'NONE',  ( 0.7660444431189792347, -0.6427876096865379196, 0.000000000000000000 ) ) ;
#2476 = ORIENTED_EDGE ( 'NONE', *, *, #31, .F. ) ;
#2477 = ORIENTED_EDGE ( 'NONE', *, *, #1509, .F. ) ;
#2478 = EDGE_CURVE ( 'NONE', #616, #794, #182, .T. ) ;
#2479 = CARTESIAN_POINT ( 'NONE',  ( 1081.480436830198414, 1187.736147166822320, 105.0000000000000000 ) ) ;
#2480 = CARTESIAN_POINT ( 'NONE',  ( 1311.293769765892193, 994.8998642608610226, 115.0000000000000000 ) ) ;
#2481 = CARTESIAN_POINT ( 'NONE',  ( 1467.133450125188801, 569.9333486084397009, -150.0000000000000284 ) ) ;
#2482 = ORIENTED_EDGE ( 'NONE', *, *, #1030, .F. ) ;
#2483 = FACE_OUTER_BOUND ( 'NONE', #3157, .T. ) ;
#2484 = CARTESIAN_POINT ( 'NONE',  ( 1200.330162775168219, 1284.359840636887611, -130.0000000000000000 ) ) ;
#2485 = CIRCLE ( 'NONE', #533, 99.99999999999987210 ) ;
#2486 = VECTOR ( 'NONE', #1915, 1000.000000000000000 ) ;
#2487 = CARTESIAN_POINT ( 'NONE',  ( 1927.213206220272241, 1662.573725405637333, 65.00000000000000000 ) ) ;
#2488 = AXIS2_PLACEMENT_3D ( 'NONE', #722, #3297, #459 ) ;
#2489 = EDGE_CURVE ( 'NONE', #1725, #2341, #1575, .T. ) ;
#2490 = DIRECTION ( 'NONE',  ( 1.000000000000000000, -1.776356839400250465E-15, 0.000000000000000000 ) ) ;
#2491 = DIRECTION ( 'NONE',  ( -0.000000000000000000, 0.000000000000000000, 1.000000000000000000 ) ) ;
#2492 = ORIENTED_EDGE ( 'NONE', *, *, #3646, .F. ) ;
#2493 = VECTOR ( 'NONE', #2945, 1000.000000000000227 ) ;
#2494 = ORIENTED_EDGE ( 'NONE', *, *, #3424, .T. ) ;
#2495 = ORIENTED_EDGE ( 'NONE', *, *, #401, .F. ) ;
#2496 = LINE ( 'NONE', #1636, #2122 ) ;
#2497 = EDGE_CURVE ( 'NONE', #2216, #1618, #2702, .T. ) ;
#2498 = CIRCLE ( 'NONE', #1425, 299.9999999999998295 ) ;
#2499 = CARTESIAN_POINT ( 'NONE',  ( 3259.704029255035039, 948.8264780890556267, 135.0000000000000000 ) ) ;
#2500 = AXIS2_PLACEMENT_3D ( 'NONE', #1313, #1859, #2995 ) ;
#2501 = CARTESIAN_POINT ( 'NONE',  ( 278.5166040334649438, 1501.729217232690189, -105.0000000000000000 ) ) ;
#2502 = ORIENTED_EDGE ( 'NONE', *, *, #910, .T. ) ;
#2503 = EDGE_LOOP ( 'NONE', ( #2020, #3240 ) ) ;
#2504 = AXIS2_PLACEMENT_3D ( 'NONE', #1681, #3595, #1350 ) ;
#2505 = CIRCLE ( 'NONE', #3379, 65.00000000000000000 ) ;
#2506 = EDGE_CURVE ( 'NONE', #3034, #1242, #1510, .T. ) ;
#2507 = EDGE_CURVE ( 'NONE', #3528, #2960, #2685, .T. ) ;
#2508 = DIRECTION ( 'NONE',  ( -1.000000000000000000, 0.000000000000000000, -0.000000000000000000 ) ) ;
#2509 = VECTOR ( 'NONE', #357, 1000.000000000000000 ) ;
#2510 = CARTESIAN_POINT ( 'NONE',  ( 1210.550619652612568, 1284.940997413912100, -135.0000000000000000 ) ) ;
#2511 = ORIENTED_EDGE ( 'NONE', *, *, #1599, .F. ) ;
#2512 = DIRECTION ( 'NONE',  ( -0.000000000000000000, -0.000000000000000000, 1.000000000000000000 ) ) ;
#2513 = DIRECTION ( 'NONE',  ( -0.000000000000000000, -0.000000000000000000, 1.000000000000000000 ) ) ;
#2514 = ORIENTED_EDGE ( 'NONE', *, *, #3054, .T. ) ;
#2515 = CARTESIAN_POINT ( 'NONE',  ( 1927.213206220272241, 1662.573725405637333, 65.00000000000000000 ) ) ;
#2516 = ADVANCED_FACE ( 'NONE', ( #2108 ), #2388, .T. ) ;
#2517 = CARTESIAN_POINT ( 'NONE',  ( 30.00000000000000000, 0.000000000000000000, -190.0000000000000000 ) ) ;
#2518 = DIRECTION ( 'NONE',  ( 0.9832328980098100635, -0.1823542384240916248, 0.000000000000000000 ) ) ;
#2519 = VERTEX_POINT ( 'NONE', #2963 ) ;
#2520 = ORIENTED_EDGE ( 'NONE', *, *, #1807, .T. ) ;
#2521 = DIRECTION ( 'NONE',  ( 0.1494507082279564192, -0.9887691772148655689, 0.000000000000000000 ) ) ;
#2522 = DIRECTION ( 'NONE',  ( 0.000000000000000000, 0.000000000000000000, -1.000000000000000000 ) ) ;
#2523 = FACE_OUTER_BOUND ( 'NONE', #2054, .T. ) ;
#2524 = COORDINATED_UNIVERSAL_TIME_OFFSET ( 8, 0, .AHEAD. ) ;
#2525 = LINE ( 'NONE', #3645, #1610 ) ;
#2526 = ORIENTED_EDGE ( 'NONE', *, *, #2168, .F. ) ;
#2527 = CARTESIAN_POINT ( 'NONE',  ( 3316.347008179312070, 912.1517793547128576, -130.0000000000000000 ) ) ;
#2528 = VECTOR ( 'NONE', #2449, 1000.000000000000000 ) ;
#2529 = CARTESIAN_POINT ( 'NONE',  ( 1311.293769765892193, 994.8998642608610226, -130.0000000000000000 ) ) ;
#2530 = DIRECTION ( 'NONE',  ( -0.000000000000000000, -0.000000000000000000, -1.000000000000000000 ) ) ;
#2531 = ORIENTED_EDGE ( 'NONE', *, *, #1335, .F. ) ;
#2532 = CARTESIAN_POINT ( 'NONE',  ( 1915.617102975736998, 1761.899101768085757, 43.00000000000000000 ) ) ;
#2533 = CARTESIAN_POINT ( 'NONE',  ( 3259.704029255035039, 948.8264780890556267, -135.0000000000000000 ) ) ;
#2534 = EDGE_LOOP ( 'NONE', ( #1230, #1891 ) ) ;
#2535 = ORIENTED_EDGE ( 'NONE', *, *, #1599, .T. ) ;
#2536 = EDGE_CURVE ( 'NONE', #2316, #1071, #1766, .T. ) ;
#2537 = DIRECTION ( 'NONE',  ( 1.000000000000000000, 0.000000000000000000, 0.000000000000000000 ) ) ;
#2538 = DIRECTION ( 'NONE',  ( 1.000000000000000000, 0.000000000000000000, 0.000000000000000000 ) ) ;
#2539 = EDGE_CURVE ( 'NONE', #3657, #3428, #2942, .T. ) ;
#2540 = CARTESIAN_POINT ( 'NONE',  ( 3602.428216253327719, 1037.379698913113543, 130.0000000000000000 ) ) ;
#2541 = DIRECTION ( 'NONE',  ( -0.7660444431189792347, 0.6427876096865379196, 0.000000000000000000 ) ) ;
#2542 = CARTESIAN_POINT ( 'NONE',  ( 1549.772507406236628, 1706.602339723742034, -43.00000000000000000 ) ) ;
#2543 = CARTESIAN_POINT ( 'NONE',  ( 579.8708342162759664, 1980.202666426642509, -105.0000000000000000 ) ) ;
#2544 = VECTOR ( 'NONE', #1189, 1000.000000000000000 ) ;
#2545 = CARTESIAN_POINT ( 'NONE',  ( 1081.480436830198414, 1187.736147166822320, -82.99999999999998579 ) ) ;
#2546 = ORIENTED_EDGE ( 'NONE', *, *, #3030, .F. ) ;
#2547 = DIRECTION ( 'NONE',  ( 0.000000000000000000, 0.000000000000000000, 1.000000000000000000 ) ) ;
#2548 = AXIS2_PLACEMENT_3D ( 'NONE', #2465, #3574, #1040 ) ;
#2549 = CIRCLE ( 'NONE', #333, 490.0000000000004547 ) ;
#2550 = DIRECTION ( 'NONE',  ( -1.000000000000000000, 0.000000000000000000, 0.000000000000000000 ) ) ;
#2551 = CARTESIAN_POINT ( 'NONE',  ( 1897.213206220272241, 1662.573725405637333, -43.00000000000000000 ) ) ;
#2552 = CIRCLE ( 'NONE', #3314, 490.0216242335459924 ) ;
#2553 = ORIENTED_EDGE ( 'NONE', *, *, #2878, .T. ) ;
#2554 = EDGE_LOOP ( 'NONE', ( #824, #28, #578, #2482 ) ) ;
#2555 = AXIS2_PLACEMENT_3D ( 'NONE', #3495, #1865, #3000 ) ;
#2556 = VECTOR ( 'NONE', #2304, 1000.000000000000000 ) ;
#2557 = ADVANCED_FACE ( 'NONE', ( #1532 ), #2664, .T. ) ;
#2558 = CARTESIAN_POINT ( 'NONE',  ( 3346.090394174529592, 1210.673689755841451, -108.0000000000000142 ) ) ;
#2559 = DIRECTION ( 'NONE',  ( -0.000000000000000000, -0.000000000000000000, -1.000000000000000000 ) ) ;
#2560 = AXIS2_PLACEMENT_3D ( 'NONE', #3467, #2918, #1507 ) ;
#2561 = LOCAL_TIME ( 14, 13, 58.00000000000000000, #610 ) ;
#2562 = AXIS2_PLACEMENT_3D ( 'NONE', #1413, #1392, #2889 ) ;
#2563 = CARTESIAN_POINT ( 'NONE',  ( 773.1873129694608906, 1527.249350483259605, 150.0000000000000284 ) ) ;
#2564 = AXIS2_PLACEMENT_3D ( 'NONE', #3539, #731, #2244 ) ;
#2565 = DIRECTION ( 'NONE',  ( -0.000000000000000000, -0.000000000000000000, -1.000000000000000000 ) ) ;
#2566 = VECTOR ( 'NONE', #2225, 1000.000000000000114 ) ;
#2567 = ORIENTED_EDGE ( 'NONE', *, *, #2741, .T. ) ;
#2568 = DIRECTION ( 'NONE',  ( 0.09914461998406126630, 0.9950730346704286244, 0.000000000000000000 ) ) ;
#2569 = CYLINDRICAL_SURFACE ( 'NONE', #2065, 30.00000000000002842 ) ;
#2570 = EDGE_CURVE ( 'NONE', #2163, #3640, #984, .T. ) ;
#2571 = EDGE_CURVE ( 'NONE', #1051, #1071, #701, .T. ) ;
#2572 = CARTESIAN_POINT ( 'NONE',  ( 1073.911064018044726, 1194.272558192857332, -150.0000000000000284 ) ) ;
#2573 = EDGE_CURVE ( 'NONE', #1921, #18, #143, .T. ) ;
#2574 = ORIENTED_EDGE ( 'NONE', *, *, #2323, .F. ) ;
#2575 = EDGE_LOOP ( 'NONE', ( #2876, #1771, #2442, #3130 ) ) ;
#2576 = CARTESIAN_POINT ( 'NONE',  ( 1351.066804500354237, 1764.790142245738934, -135.0000000000000000 ) ) ;
#2577 = CARTESIAN_POINT ( 'NONE',  ( 3583.220413673132953, 968.2166417593701908, -108.0000000000000142 ) ) ;
#2578 = DIRECTION ( 'NONE',  ( -0.000000000000000000, -0.000000000000000000, 1.000000000000000000 ) ) ;
#2579 = CYLINDRICAL_SURFACE ( 'NONE', #1709, 50.00000000000004263 ) ;
#2580 = EDGE_CURVE ( 'NONE', #3212, #1811, #421, .T. ) ;
#2581 = LINE ( 'NONE', #2310, #2797 ) ;
#2582 = FACE_OUTER_BOUND ( 'NONE', #2554, .T. ) ;
#2583 = CYLINDRICAL_SURFACE ( 'NONE', #2656, 30.00000000000002842 ) ;
#2584 = ORIENTED_EDGE ( 'NONE', *, *, #2539, .F. ) ;
#2585 = EDGE_LOOP ( 'NONE', ( #496, #1344, #1302, #676 ) ) ;
#2586 = ORIENTED_EDGE ( 'NONE', *, *, #203, .T. ) ;
#2587 = LINE ( 'NONE', #2577, #2794 ) ;
#2588 = EDGE_CURVE ( 'NONE', #758, #1699, #2587, .T. ) ;
#2589 = CARTESIAN_POINT ( 'NONE',  ( 966.4282906591732853, 1050.622338631828597, 82.99999999999998579 ) ) ;
#2590 = ORIENTED_EDGE ( 'NONE', *, *, #3576, .F. ) ;
#2591 = DIRECTION ( 'NONE',  ( 0.9950730346704287355, -0.09914461998406128018, 0.000000000000000000 ) ) ;
#2592 = DIRECTION ( 'NONE',  ( -1.000000000000000000, 0.000000000000000000, 0.000000000000000000 ) ) ;
#2593 = DIRECTION ( 'NONE',  ( 0.1823542384240916248, 0.9832328980098100635, -0.000000000000000000 ) ) ;
#2594 = ORIENTED_EDGE ( 'NONE', *, *, #992, .F. ) ;
#2595 = AXIS2_PLACEMENT_3D ( 'NONE', #3674, #2753, #528 ) ;
#2596 = ORIENTED_EDGE ( 'NONE', *, *, #482, .F. ) ;
#2597 = ORIENTED_EDGE ( 'NONE', *, *, #1382, .T. ) ;
#2598 = EDGE_CURVE ( 'NONE', #570, #3079, #1191, .T. ) ;
#2599 = CIRCLE ( 'NONE', #1466, 69.99999999999984368 ) ;
#2600 = CARTESIAN_POINT ( 'NONE',  ( 3572.428216253328173, 1037.379698913113543, -130.0000000000000000 ) ) ;
#2601 = AXIS2_PLACEMENT_3D ( 'NONE', #3608, #2522, #3630 ) ;
#2602 = AXIS2_PLACEMENT_3D ( 'NONE', #1974, #1132, #2051 ) ;
#2603 = EDGE_CURVE ( 'NONE', #3007, #2760, #1164, .T. ) ;
#2604 = VECTOR ( 'NONE', #3572, 1000.000000000000000 ) ;
#2605 = EDGE_CURVE ( 'NONE', #3628, #2435, #1138, .T. ) ;
#2606 = DIRECTION ( 'NONE',  ( -0.000000000000000000, 0.000000000000000000, 1.000000000000000000 ) ) ;
#2607 = AXIS2_PLACEMENT_3D ( 'NONE', #1965, #2192, #1938 ) ;
#2608 = ORIENTED_EDGE ( 'NONE', *, *, #3031, .F. ) ;
#2609 = ORIENTED_EDGE ( 'NONE', *, *, #1726, .F. ) ;
#2610 = CIRCLE ( 'NONE', #1021, 29.99999999999980460 ) ;
#2611 = PLANE ( 'NONE',  #1961 ) ;
#2612 = DIRECTION ( 'NONE',  ( -1.000000000000000000, 0.000000000000000000, 0.000000000000000000 ) ) ;
#2613 = VECTOR ( 'NONE', #2568, 1000.000000000000114 ) ;
#2614 = CARTESIAN_POINT ( 'NONE',  ( 1081.480436830198187, 1187.736147166822093, -150.0000000000000284 ) ) ;
#2615 = DIRECTION ( 'NONE',  ( 0.000000000000000000, 0.000000000000000000, 1.000000000000000000 ) ) ;
#2616 = ORIENTED_EDGE ( 'NONE', *, *, #3036, .T. ) ;
#2617 = ORIENTED_EDGE ( 'NONE', *, *, #2984, .T. ) ;
#2618 = EDGE_LOOP ( 'NONE', ( #1163, #2074, #1109, #2690 ) ) ;
#2619 = EDGE_CURVE ( 'NONE', #2343, #2040, #2300, .T. ) ;
#2620 = DIRECTION ( 'NONE',  ( -0.000000000000000000, -0.000000000000000000, -1.000000000000000000 ) ) ;
#2621 = DIRECTION ( 'NONE',  ( 1.000000000000000000, 0.000000000000000000, 0.000000000000000000 ) ) ;
#2622 = ORIENTED_EDGE ( 'NONE', *, *, #1098, .F. ) ;
#2623 = LINE ( 'NONE', #923, #1023 ) ;
#2624 = ORIENTED_EDGE ( 'NONE', *, *, #2387, .T. ) ;
#2625 = LINE ( 'NONE', #1258, #653 ) ;
#2626 = CARTESIAN_POINT ( 'NONE',  ( 3583.220413673132953, 968.2166417593701908, 108.0000000000000142 ) ) ;
#2627 = DIRECTION ( 'NONE',  ( 1.000000000000000000, 0.000000000000000000, 0.000000000000000000 ) ) ;
#2628 = CARTESIAN_POINT ( 'NONE',  ( 1210.550619652612568, 1284.940997413912100, 150.0000000000000284 ) ) ;
#2629 = EDGE_LOOP ( 'NONE', ( #1300, #2691, #3189, #2730 ) ) ;
#2630 = EDGE_LOOP ( 'NONE', ( #3450, #2032, #2567, #1635, #81, #1043 ) ) ;
#2631 = EDGE_LOOP ( 'NONE', ( #2220, #3654, #1318, #2091 ) ) ;
#2632 = CARTESIAN_POINT ( 'NONE',  ( 1033.361289226544613, 1741.790653575321357, 115.0000000000000000 ) ) ;
#2633 = DIRECTION ( 'NONE',  ( -0.000000000000000000, -0.000000000000000000, 1.000000000000000000 ) ) ;
#2634 = VERTEX_POINT ( 'NONE', #2239 ) ;
#2635 = EDGE_CURVE ( 'NONE', #1625, #3568, #3399, .T. ) ;
#2636 = LINE ( 'NONE', #35, #1424 ) ;
#2637 = ORIENTED_EDGE ( 'NONE', *, *, #482, .T. ) ;
#2638 = DIRECTION ( 'NONE',  ( 0.000000000000000000, -0.000000000000000000, -1.000000000000000000 ) ) ;
#2639 = ORIENTED_EDGE ( 'NONE', *, *, #2635, .T. ) ;
#2640 = CARTESIAN_POINT ( 'NONE',  ( 1209.724174309755654, 1287.793903432650268, 135.0000000000000000 ) ) ;
#2641 = DIRECTION ( 'NONE',  ( 1.000000000000000000, 0.000000000000000000, 0.000000000000000000 ) ) ;
#2642 = CARTESIAN_POINT ( 'NONE',  ( 278.5166040334648869, 1501.729217232690416, -135.0000000000000000 ) ) ;
#2643 = CARTESIAN_POINT ( 'NONE',  ( 3134.054705210134671, -312.2631725823318334, -105.0000000000000000 ) ) ;
#2644 = CARTESIAN_POINT ( 'NONE',  ( 3294.353850041327405, 1195.729460061635791, 108.0000000000000142 ) ) ;
#2645 = ORIENTED_EDGE ( 'NONE', *, *, #1742, .T. ) ;
#2646 = ORIENTED_EDGE ( 'NONE', *, *, #919, .T. ) ;
#2647 = EDGE_LOOP ( 'NONE', ( #3293, #1251 ) ) ;
#2648 = CARTESIAN_POINT ( 'NONE',  ( 3259.704029255035039, 948.8264780890556267, 135.0000000000000000 ) ) ;
#2649 = AXIS2_PLACEMENT_3D ( 'NONE', #735, #105, #2460 ) ;
#2650 = DIRECTION ( 'NONE',  ( 0.000000000000000000, 0.000000000000000000, -1.000000000000000000 ) ) ;
#2651 = ORIENTED_EDGE ( 'NONE', *, *, #1497, .F. ) ;
#2652 = CIRCLE ( 'NONE', #2423, 299.9999999999998295 ) ;
#2653 = ADVANCED_FACE ( 'NONE', ( #3135 ), #3642, .F. ) ;
#2654 = DIRECTION ( 'NONE',  ( 0.000000000000000000, 0.000000000000000000, -1.000000000000000000 ) ) ;
#2655 = EDGE_LOOP ( 'NONE', ( #3220, #2347, #2135, #921 ) ) ;
#2656 = AXIS2_PLACEMENT_3D ( 'NONE', #3149, #2874, #1513 ) ;
#2657 = DIRECTION ( 'NONE',  ( -0.000000000000000000, -0.000000000000000000, 1.000000000000000000 ) ) ;
#2658 = EDGE_LOOP ( 'NONE', ( #3647, #1376, #3426, #3546, #3324, #499, #3524, #997, #1579, #2546, #2336, #950 ) ) ;
#2659 = CIRCLE ( 'NONE', #1239, 30.00000000000002842 ) ;
#2660 = CARTESIAN_POINT ( 'NONE',  ( 3316.347008179312070, 912.1517793547128576, -108.0000000000000142 ) ) ;
#2661 = ORIENTED_EDGE ( 'NONE', *, *, #2777, .T. ) ;
#2662 = DIRECTION ( 'NONE',  ( 0.9832328980098100635, -0.1823542384240915970, 0.000000000000000000 ) ) ;
#2663 = DIRECTION ( 'NONE',  ( -0.000000000000000000, -0.000000000000000000, -1.000000000000000000 ) ) ;
#2664 = CYLINDRICAL_SURFACE ( 'NONE', #551, 65.00000000000000000 ) ;
#2665 = VECTOR ( 'NONE', #1622, 1000.000000000000227 ) ;
#2666 = AXIS2_PLACEMENT_3D ( 'NONE', #1103, #1086, #2722 ) ;
#2667 = CC_DESIGN_APPROVAL ( #256, ( #2427 ) ) ;
#2668 = DIRECTION ( 'NONE',  ( 0.4846167061386938424, 0.8747266133663036403, 0.000000000000000000 ) ) ;
#2669 = ADVANCED_FACE ( 'NONE', ( #257 ), #3358, .F. ) ;
#2670 = LINE ( 'NONE', #665, #3377 ) ;
#2671 = CIRCLE ( 'NONE', #3383, 69.99999999999984368 ) ;
#2672 = CARTESIAN_POINT ( 'NONE',  ( 1024.069928445096593, 1738.092345225269128, 130.0000000000000000 ) ) ;
#2673 = VERTEX_POINT ( 'NONE', #282 ) ;
#2674 = ORIENTED_EDGE ( 'NONE', *, *, #2878, .F. ) ;
#2675 = ORIENTED_EDGE ( 'NONE', *, *, #3461, .F. ) ;
#2676 = DIRECTION ( 'NONE',  ( 1.000000000000000000, 0.000000000000000000, 0.000000000000000000 ) ) ;
#2677 = DIRECTION ( 'NONE',  ( 1.000000000000000000, 0.000000000000000000, 0.000000000000000000 ) ) ;
#2678 = LINE ( 'NONE', #2757, #1136 ) ;
#2679 = ORIENTED_EDGE ( 'NONE', *, *, #803, .T. ) ;
#2680 = CARTESIAN_POINT ( 'NONE',  ( 0.000000000000000000, 0.000000000000000000, 105.0000000000000000 ) ) ;
#2681 = DIRECTION ( 'NONE',  ( -0.09914461998406128018, -0.9950730346704287355, 0.000000000000000000 ) ) ;
#2682 = EDGE_LOOP ( 'NONE', ( #2012, #751, #678, #2511, #2382, #521, #2439, #1541, #2034, #1741, #969, #3398 ) ) ;
#2683 = DIRECTION ( 'NONE',  ( 0.04985963054998234639, 0.9987562351452027309, 0.000000000000000000 ) ) ;
#2684 = DIRECTION ( 'NONE',  ( -0.000000000000000000, -0.000000000000000000, 1.000000000000000000 ) ) ;
#2685 = LINE ( 'NONE', #2364, #1545 ) ;
#2686 = EDGE_CURVE ( 'NONE', #2519, #3592, #827, .T. ) ;
#2687 = LINE ( 'NONE', #465, #1947 ) ;
#2688 = CYLINDRICAL_SURFACE ( 'NONE', #2305, 29.99999999999980460 ) ;
#2689 = DIRECTION ( 'NONE',  ( -0.000000000000000000, -0.000000000000000000, -1.000000000000000000 ) ) ;
#2690 = ORIENTED_EDGE ( 'NONE', *, *, #1158, .T. ) ;
#2691 = ORIENTED_EDGE ( 'NONE', *, *, #3065, .F. ) ;
#2692 = LINE ( 'NONE', #3504, #286 ) ;
#2693 = ORIENTED_EDGE ( 'NONE', *, *, #3192, .F. ) ;
#2694 = CARTESIAN_POINT ( 'NONE',  ( 3572.428216253328173, 1037.379698913113543, 108.0000000000000142 ) ) ;
#2695 = ORIENTED_EDGE ( 'NONE', *, *, #1732, .T. ) ;
#2696 = CARTESIAN_POINT ( 'NONE',  ( 3268.576248845471582, 937.0104710473243586, -108.0000000000000142 ) ) ;
#2697 = ORIENTED_EDGE ( 'NONE', *, *, #1029, .T. ) ;
#2698 = CARTESIAN_POINT ( 'NONE',  ( 3572.428216253328173, 1037.379698913113543, 130.0000000000000000 ) ) ;
#2699 = VERTEX_POINT ( 'NONE', #1932 ) ;
#2700 = CARTESIAN_POINT ( 'NONE',  ( 1549.772507406236628, 1706.602339723742034, -43.00000000000000000 ) ) ;
#2701 = DIRECTION ( 'NONE',  ( 0.000000000000000000, 0.000000000000000000, -1.000000000000000000 ) ) ;
#2702 = LINE ( 'NONE', #2223, #244 ) ;
#2703 = CARTESIAN_POINT ( 'NONE',  ( 1200.365799264589896, 1230.365799264594671, -82.99999999999998579 ) ) ;
#2704 = ADVANCED_FACE ( 'NONE', ( #1727 ), #33, .T. ) ;
#2705 = LINE ( 'NONE', #405, #2198 ) ;
#2706 = ORIENTED_EDGE ( 'NONE', *, *, #1399, .F. ) ;
#2707 = ORIENTED_EDGE ( 'NONE', *, *, #2935, .T. ) ;
#2708 = LINE ( 'NONE', #3223, #769 ) ;
#2709 = DIRECTION ( 'NONE',  ( -0.000000000000000000, 0.000000000000000000, 1.000000000000000000 ) ) ;
#2710 = ORIENTED_EDGE ( 'NONE', *, *, #596, .T. ) ;
#2711 = DIRECTION ( 'NONE',  ( -0.000000000000000000, 0.000000000000000000, -1.000000000000000000 ) ) ;
#2712 = ORIENTED_EDGE ( 'NONE', *, *, #1111, .F. ) ;
#2713 = DIRECTION ( 'NONE',  ( -0.000000000000000000, -0.000000000000000000, -1.000000000000000000 ) ) ;
#2714 = AXIS2_PLACEMENT_3D ( 'NONE', #1294, #2424, #3300 ) ;
#2715 = ADVANCED_FACE ( 'NONE', ( #3061 ), #2864, .F. ) ;
#2716 = PLANE ( 'NONE',  #2249 ) ;
#2717 = EDGE_CURVE ( 'NONE', #607, #2960, #1113, .T. ) ;
#2718 = VECTOR ( 'NONE', #2886, 1000.000000000000000 ) ;
#2719 = EDGE_CURVE ( 'NONE', #1773, #2340, #881, .T. ) ;
#2720 = DIRECTION ( 'NONE',  ( -1.000000000000000000, 0.000000000000000000, 0.000000000000000000 ) ) ;
#2721 = AXIS2_PLACEMENT_3D ( 'NONE', #2680, #759, #177 ) ;
#2722 = DIRECTION ( 'NONE',  ( 1.000000000000000000, 0.000000000000000000, 0.000000000000000000 ) ) ;
#2723 = DIRECTION ( 'NONE',  ( 1.000000000000000000, 0.000000000000000000, 0.000000000000000000 ) ) ;
#2724 = CIRCLE ( 'NONE', #1418, 30.00000000000002842 ) ;
#2725 = VECTOR ( 'NONE', #2166, 1000.000000000000000 ) ;
#2726 = DIRECTION ( 'NONE',  ( 1.000000000000000000, 0.000000000000000000, 0.000000000000000000 ) ) ;
#2727 = CARTESIAN_POINT ( 'NONE',  ( 1366.000041293120375, 1289.869733663803572, 135.0000000000000000 ) ) ;
#2728 = AXIS2_PLACEMENT_3D ( 'NONE', #1263, #3520, #987 ) ;
#2729 = DIRECTION ( 'NONE',  ( -0.000000000000000000, -0.000000000000000000, -1.000000000000000000 ) ) ;
#2730 = ORIENTED_EDGE ( 'NONE', *, *, #2588, .T. ) ;
#2731 = VERTEX_POINT ( 'NONE', #1972 ) ;
#2732 = AXIS2_PLACEMENT_3D ( 'NONE', #269, #2827, #2255 ) ;
#2733 = DIRECTION ( 'NONE',  ( -0.9887691772148655689, -0.1494507082279563914, 0.000000000000000000 ) ) ;
#2734 = AXIS2_PLACEMENT_3D ( 'NONE', #2764, #2470, #840 ) ;
#2735 = AXIS2_PLACEMENT_3D ( 'NONE', #661, #2638, #2028 ) ;
#2736 = ORIENTED_EDGE ( 'NONE', *, *, #1823, .F. ) ;
#2737 = CARTESIAN_POINT ( 'NONE',  ( 1073.911064018044726, 1194.272558192857332, -150.0000000000000284 ) ) ;
#2738 = VERTEX_POINT ( 'NONE', #3101 ) ;
#2739 = VERTEX_POINT ( 'NONE', #1153 ) ;
#2740 = ORIENTED_EDGE ( 'NONE', *, *, #3505, .T. ) ;
#2741 = EDGE_CURVE ( 'NONE', #119, #3356, #587, .T. ) ;
#2742 = CARTESIAN_POINT ( 'NONE',  ( 1366.000041293119921, 1289.869733663803800, 115.0000000000000000 ) ) ;
#2743 = DIRECTION ( 'NONE',  ( 0.9188323965756163281, -0.3946479785873849844, 0.000000000000000000 ) ) ;
#2744 = DIRECTION ( 'NONE',  ( 0.000000000000000000, -0.000000000000000000, -1.000000000000000000 ) ) ;
#2745 = CARTESIAN_POINT ( 'NONE',  ( 1073.911064018044499, 1194.272558192857332, -140.0000000000000000 ) ) ;
#2746 = LINE ( 'NONE', #1088, #2352 ) ;
#2747 = CARTESIAN_POINT ( 'NONE',  ( 3583.220413673132953, 968.2166417593701908, -130.0000000000000000 ) ) ;
#2748 = CARTESIAN_POINT ( 'NONE',  ( 65.00000000000000000, 7.960204194457797252E-15, 140.0000000000000000 ) ) ;
#2749 = ORIENTED_EDGE ( 'NONE', *, *, #3576, .T. ) ;
#2750 = ORIENTED_EDGE ( 'NONE', *, *, #1335, .T. ) ;
#2751 = VERTEX_POINT ( 'NONE', #2849 ) ;
#2752 = ADVANCED_FACE ( 'NONE', ( #1178 ), #2005, .F. ) ;
#2753 = DIRECTION ( 'NONE',  ( 0.000000000000000000, 0.000000000000000000, 1.000000000000000000 ) ) ;
#2754 = FACE_OUTER_BOUND ( 'NONE', #1478, .T. ) ;
#2755 = EDGE_LOOP ( 'NONE', ( #208, #3203, #289, #1454 ) ) ;
#2756 = ORIENTED_EDGE ( 'NONE', *, *, #120, .F. ) ;
#2757 = CARTESIAN_POINT ( 'NONE',  ( 3283.580471521982417, 1188.464331030796757, -105.0000000000000000 ) ) ;
#2758 = ADVANCED_FACE ( 'NONE', ( #1971 ), #1658, .F. ) ;
#2759 = FACE_OUTER_BOUND ( 'NONE', #409, .T. ) ;
#2760 = VERTEX_POINT ( 'NONE', #2576 ) ;
#2761 = DIRECTION ( 'NONE',  ( 0.000000000000000000, 0.000000000000000000, -1.000000000000000000 ) ) ;
#2762 = ADVANCED_FACE ( 'NONE', ( #2795 ), #254, .T. ) ;
#2763 = CARTESIAN_POINT ( 'NONE',  ( 1897.213206220272241, 1662.573725405637333, 65.00000000000000000 ) ) ;
#2764 = CARTESIAN_POINT ( 'NONE',  ( 1311.293769765892193, 994.8998642608610226, -82.99999999999998579 ) ) ;
#2765 = CARTESIAN_POINT ( 'NONE',  ( -47.06294214384741537, 26.07384713627812189, -140.0000000000000000 ) ) ;
#2766 = ORIENTED_EDGE ( 'NONE', *, *, #3100, .F. ) ;
#2767 = VERTEX_POINT ( 'NONE', #3659 ) ;
#2768 = EDGE_CURVE ( 'NONE', #1071, #2316, #2309, .T. ) ;
#2769 = CARTESIAN_POINT ( 'NONE',  ( 1260.365799264590123, 1230.365799264594671, -42.99999999999999289 ) ) ;
#2770 = APPROVAL ( #2865, '未' ) ;
#2771 = DIRECTION ( 'NONE',  ( -0.3621048707768527164, 0.9321373624952916659, 0.000000000000000000 ) ) ;
#2772 = EDGE_LOOP ( 'NONE', ( #1174, #1506, #3336, #1931 ) ) ;
#2773 = ORIENTED_EDGE ( 'NONE', *, *, #2452, .F. ) ;
#2774 = ORIENTED_EDGE ( 'NONE', *, *, #1503, .T. ) ;
#2775 = DIRECTION ( 'NONE',  ( -0.000000000000000000, -0.000000000000000000, -1.000000000000000000 ) ) ;
#2776 = DIRECTION ( 'NONE',  ( 0.3621048707768533825, -0.9321373624952913328, 0.000000000000000000 ) ) ;
#2777 = EDGE_CURVE ( 'NONE', #298, #84, #3350, .T. ) ;
#2778 = APPROVAL_DATE_TIME ( #872, #256 ) ;
#2779 = CARTESIAN_POINT ( 'NONE',  ( 3572.428216253328173, 1037.379698913113543, 130.0000000000000000 ) ) ;
#2780 = CARTESIAN_POINT ( 'NONE',  ( 1485.776197375094853, 577.1754460239801574, -135.0000000000000000 ) ) ;
#2781 = VECTOR ( 'NONE', #710, 1000.000000000000000 ) ;
#2782 = CYLINDRICAL_SURFACE ( 'NONE', #3029, 30.00000000000002842 ) ;
#2783 = DIRECTION ( 'NONE',  ( 1.000000000000000000, 0.000000000000000000, 0.000000000000000000 ) ) ;
#2784 = VERTEX_POINT ( 'NONE', #633 ) ;
#2785 = AXIS2_PLACEMENT_3D ( 'NONE', #432, #2456, #3581 ) ;
#2786 = AXIS2_PLACEMENT_3D ( 'NONE', #1793, #3086, #575 ) ;
#2787 = VECTOR ( 'NONE', #2259, 1000.000000000000000 ) ;
#2788 = CARTESIAN_POINT ( 'NONE',  ( 3583.220413673132953, 968.2166417593701908, 108.0000000000000142 ) ) ;
#2789 = CARTESIAN_POINT ( 'NONE',  ( 1014.865348754754336, 1734.170643311899994, -150.0000000000000284 ) ) ;
#2790 = SECURITY_CLASSIFICATION ( '', '', #674 ) ;
#2791 = ORIENTED_EDGE ( 'NONE', *, *, #1042, .T. ) ;
#2792 = ORIENTED_EDGE ( 'NONE', *, *, #2603, .F. ) ;
#2793 = VECTOR ( 'NONE', #1665, 1000.000000000000227 ) ;
#2794 = VECTOR ( 'NONE', #1130, 1000.000000000000000 ) ;
#2795 = FACE_OUTER_BOUND ( 'NONE', #3466, .T. ) ;
#2796 = CARTESIAN_POINT ( 'NONE',  ( 276.6930616492239778, 1491.896888252592134, -135.0000000000000000 ) ) ;
#2797 = VECTOR ( 'NONE', #1401, 1000.000000000000227 ) ;
#2798 = CARTESIAN_POINT ( 'NONE',  ( 1476.454823750141259, 573.5543973162082239, 140.0000000000000000 ) ) ;
#2799 = DIRECTION ( 'NONE',  ( 0.6427876096865379196, 0.7660444431189792347, 0.000000000000000000 ) ) ;
#2800 = DIRECTION ( 'NONE',  ( -0.000000000000000000, -0.000000000000000000, 1.000000000000000000 ) ) ;
#2801 = DIRECTION ( 'NONE',  ( -0.000000000000000000, -0.000000000000000000, -1.000000000000000000 ) ) ;
#2802 = FACE_OUTER_BOUND ( 'NONE', #216, .T. ) ;
#2803 = LINE ( 'NONE', #2765, #543 ) ;
#2804 = ORIENTED_EDGE ( 'NONE', *, *, #566, .F. ) ;
#2805 = EDGE_CURVE ( 'NONE', #3007, #3106, #2950, .T. ) ;
#2806 = DIRECTION ( 'NONE',  ( -1.000000000000000000, 0.000000000000000000, 0.000000000000000000 ) ) ;
#2807 = DIRECTION ( 'NONE',  ( -0.000000000000000000, -0.000000000000000000, -1.000000000000000000 ) ) ;
#2808 = ADVANCED_FACE ( 'NONE', ( #1953 ), #2811, .T. ) ;
#2809 = ORIENTED_EDGE ( 'NONE', *, *, #3424, .F. ) ;
#2810 = ORIENTED_EDGE ( 'NONE', *, *, #2905, .T. ) ;
#2811 = PLANE ( 'NONE',  #2562 ) ;
#2812 = DIRECTION ( 'NONE',  ( 0.000000000000000000, 0.000000000000000000, 1.000000000000000000 ) ) ;
#2813 = DIRECTION ( 'NONE',  ( -1.000000000000000000, 0.000000000000000000, 0.000000000000000000 ) ) ;
#2814 = DIRECTION ( 'NONE',  ( -0.000000000000000000, -0.000000000000000000, -1.000000000000000000 ) ) ;
#2815 = DATE_TIME_ROLE ( 'creation_date' ) ;
#2816 = CARTESIAN_POINT ( 'NONE',  ( 1230.365799264589896, 1230.365799264594671, -42.99999999999999289 ) ) ;
#2817 = LINE ( 'NONE', #581, #353 ) ;
#2818 = DIRECTION ( 'NONE',  ( 0.000000000000000000, 0.000000000000000000, 1.000000000000000000 ) ) ;
#2819 = ORIENTED_EDGE ( 'NONE', *, *, #3600, .F. ) ;
#2820 = LINE ( 'NONE', #1144, #2432 ) ;
#2821 = CARTESIAN_POINT ( 'NONE',  ( 579.8708342162748295, 1980.202666426642054, 115.0000000000000000 ) ) ;
#2822 = EDGE_CURVE ( 'NONE', #1792, #2393, #2610, .T. ) ;
#2823 = DIRECTION ( 'NONE',  ( 0.9321373624952916659, 0.3621048707768527164, 0.000000000000000000 ) ) ;
#2824 = ORIENTED_EDGE ( 'NONE', *, *, #2489, .F. ) ;
#2825 = ORIENTED_EDGE ( 'NONE', *, *, #2327, .F. ) ;
#2826 = DIRECTION ( 'NONE',  ( -0.000000000000000000, 0.000000000000000000, 1.000000000000000000 ) ) ;
#2827 = DIRECTION ( 'NONE',  ( 0.000000000000000000, 0.000000000000000000, -1.000000000000000000 ) ) ;
#2828 = DIRECTION ( 'NONE',  ( -0.9321373624952907777, -0.3621048707768551589, 0.000000000000000000 ) ) ;
#2829 = DIRECTION ( 'NONE',  ( 1.000000000000000000, 0.000000000000000000, 0.000000000000000000 ) ) ;
#2830 = DIRECTION ( 'NONE',  ( 1.000000000000000000, 0.000000000000000000, 0.000000000000000000 ) ) ;
#2831 = DIRECTION ( 'NONE',  ( -1.000000000000000000, 0.000000000000000000, 0.000000000000000000 ) ) ;
#2832 = ADVANCED_FACE ( 'NONE', ( #2073 ), #3196, .F. ) ;
#2833 = ADVANCED_FACE ( 'NONE', ( #1937 ), #3367, .F. ) ;
#2834 = ORIENTED_EDGE ( 'NONE', *, *, #3407, .T. ) ;
#2835 = EDGE_CURVE ( 'NONE', #1625, #630, #36, .T. ) ;
#2836 = DIRECTION ( 'NONE',  ( -0.000000000000000000, -0.000000000000000000, -1.000000000000000000 ) ) ;
#2837 = VECTOR ( 'NONE', #1943, 1000.000000000000114 ) ;
#2838 = DIRECTION ( 'NONE',  ( -0.9321373624952914438, -0.3621048707768534380, 0.000000000000000000 ) ) ;
#2839 = ORIENTED_EDGE ( 'NONE', *, *, #3357, .T. ) ;
#2840 = CARTESIAN_POINT ( 'NONE',  ( 1311.293769765892193, 994.8998642608610226, 105.0000000000000000 ) ) ;
#2841 = DIRECTION ( 'NONE',  ( -0.9607235058927022786, -0.2775073786861076974, 0.000000000000000000 ) ) ;
#2842 = CIRCLE ( 'NONE', #3551, 29.99999999999980460 ) ;
#2843 = VERTEX_POINT ( 'NONE', #2527 ) ;
#2844 = ORIENTED_EDGE ( 'NONE', *, *, #3547, .T. ) ;
#2845 = AXIS2_PLACEMENT_3D ( 'NONE', #763, #1884, #492 ) ;
#2846 = AXIS2_PLACEMENT_3D ( 'NONE', #3485, #959, #2078 ) ;
#2847 = DIRECTION ( 'NONE',  ( -0.9786376751969829701, -0.2055925598971045654, 0.000000000000000000 ) ) ;
#2848 = CIRCLE ( 'NONE', #3186, 29.99999999999980460 ) ;
#2849 = CARTESIAN_POINT ( 'NONE',  ( 1366.000041293119693, 1289.869733663803572, -82.99999999999998579 ) ) ;
#2850 = ADVANCED_FACE ( 'NONE', ( #1443 ), #260, .F. ) ;
#2851 = CARTESIAN_POINT ( 'NONE',  ( 64.39926034060060545, -8.816760606001883716, -150.0000000000000284 ) ) ;
#2852 = VECTOR ( 'NONE', #1260, 1000.000000000000000 ) ;
#2853 = CARTESIAN_POINT ( 'NONE',  ( 1549.772507406236628, 1706.602339723742034, 43.00000000000000000 ) ) ;
#2854 = PERSON_AND_ORGANIZATION ( #442, #1188 ) ;
#2855 = CARTESIAN_POINT ( 'NONE',  ( 1210.550619652612568, 1284.940997413912100, 140.0000000000000000 ) ) ;
#2856 = VERTEX_POINT ( 'NONE', #3668 ) ;
#2857 = FACE_OUTER_BOUND ( 'NONE', #2585, .T. ) ;
#2858 = FACE_OUTER_BOUND ( 'NONE', #1273, .T. ) ;
#2859 = EDGE_CURVE ( 'NONE', #758, #3542, #3622, .T. ) ;
#2860 = CYLINDRICAL_SURFACE ( 'NONE', #1010, 30.00000000000002842 ) ;
#2861 = ADVANCED_FACE ( 'NONE', ( #1996, #2280 ), #2291, .T. ) ;
#2862 = ORIENTED_EDGE ( 'NONE', *, *, #2050, .T. ) ;
#2863 = ORIENTED_EDGE ( 'NONE', *, *, #3004, .F. ) ;
#2864 = PLANE ( 'NONE',  #3435 ) ;
#2865 = APPROVAL_STATUS ( 'not_yet_approved' ) ;
#2866 = CARTESIAN_POINT ( 'NONE',  ( 65.00000000000000000, 7.960204194457797252E-15, 190.0000000000000000 ) ) ;
#2867 = ORIENTED_EDGE ( 'NONE', *, *, #1777, .T. ) ;
#2868 = ADVANCED_FACE ( 'NONE', ( #1120, #1719 ), #2243, .T. ) ;
#2869 = CARTESIAN_POINT ( 'NONE',  ( 1351.066804500354237, 1764.790142245738934, 115.0000000000000000 ) ) ;
#2870 = DIRECTION ( 'NONE',  ( 0.6427876096865379196, 0.7660444431189792347, 0.000000000000000000 ) ) ;
#2871 = ADVANCED_FACE ( 'NONE', ( #309 ), #2015, .T. ) ;
#2872 = CARTESIAN_POINT ( 'NONE',  ( 1350.913849085894753, 1754.414991341900304, 115.0000000000000000 ) ) ;
#2873 = EDGE_CURVE ( 'NONE', #686, #2760, #1428, .T. ) ;
#2874 = DIRECTION ( 'NONE',  ( 0.000000000000000000, 0.000000000000000000, 1.000000000000000000 ) ) ;
#2875 = ORIENTED_EDGE ( 'NONE', *, *, #512, .F. ) ;
#2876 = ORIENTED_EDGE ( 'NONE', *, *, #850, .T. ) ;
#2877 = EDGE_LOOP ( 'NONE', ( #2862, #2414, #3446, #3553 ) ) ;
#2878 = EDGE_CURVE ( 'NONE', #2440, #344, #3406, .T. ) ;
#2879 = CC_DESIGN_PERSON_AND_ORGANIZATION_ASSIGNMENT ( #3387, #3402, ( #3159 ) ) ;
#2880 = EDGE_CURVE ( 'NONE', #2226, #470, #2901, .T. ) ;
#2881 = FACE_OUTER_BOUND ( 'NONE', #3043, .T. ) ;
#2882 = LINE ( 'NONE', #1452, #1082 ) ;
#2883 = CARTESIAN_POINT ( 'NONE',  ( 3283.580471521982417, 1188.464331030796757, -105.0000000000000000 ) ) ;
#2884 = ORIENTED_EDGE ( 'NONE', *, *, #348, .T. ) ;
#2885 = CARTESIAN_POINT ( 'NONE',  ( 1260.365799264590123, 1230.365799264594671, -105.0000000000000000 ) ) ;
#2886 = DIRECTION ( 'NONE',  ( -0.3621048707768533825, 0.9321373624952914438, 0.000000000000000000 ) ) ;
#2887 = EDGE_CURVE ( 'NONE', #1672, #2731, #1171, .T. ) ;
#2888 = DIRECTION ( 'NONE',  ( 0.8870807309472032998, -0.4616143160498550335, -0.000000000000000000 ) ) ;
#2889 = DIRECTION ( 'NONE',  ( 1.000000000000000000, 0.000000000000000000, 0.000000000000000000 ) ) ;
#2890 = VECTOR ( 'NONE', #1387, 1000.000000000000000 ) ;
#2891 = EDGE_LOOP ( 'NONE', ( #571, #1858, #2289, #3325 ) ) ;
#2892 = ORIENTED_EDGE ( 'NONE', *, *, #67, .T. ) ;
#2893 = AXIS2_PLACEMENT_3D ( 'NONE', #430, #1590, #3519 ) ;
#2894 = VECTOR ( 'NONE', #745, 1000.000000000000000 ) ;
#2895 = CIRCLE ( 'NONE', #3023, 310.0053239921676322 ) ;
#2896 = PLANE ( 'NONE',  #2200 ) ;
#2897 = AXIS2_PLACEMENT_3D ( 'NONE', #583, #2547, #1895 ) ;
#2898 = AXIS2_PLACEMENT_3D ( 'NONE', #321, #858, #292 ) ;
#2899 = ORIENTED_EDGE ( 'NONE', *, *, #3373, .F. ) ;
#2900 = AXIS2_PLACEMENT_3D ( 'NONE', #1775, #1269, #2378 ) ;
#2901 = CIRCLE ( 'NONE', #1087, 50.00000000000004263 ) ;
#2902 = CARTESIAN_POINT ( 'NONE',  ( 1549.772507406236628, 1706.602339723742034, 43.00000000000000000 ) ) ;
#2903 = CARTESIAN_POINT ( 'NONE',  ( 3316.347008179312070, 912.1517793547128576, 130.0000000000000000 ) ) ;
#2904 = CARTESIAN_POINT ( 'NONE',  ( 1467.133450125188801, 569.9333486084397009, 150.0000000000000284 ) ) ;
#2905 = EDGE_CURVE ( 'NONE', #2731, #1640, #3419, .T. ) ;
#2906 = DIRECTION ( 'NONE',  ( 1.000000000000000000, 0.000000000000000000, 0.000000000000000000 ) ) ;
#2907 = ORIENTED_EDGE ( 'NONE', *, *, #1546, .T. ) ;
#2908 = VERTEX_POINT ( 'NONE', #613 ) ;
#2909 = ORIENTED_EDGE ( 'NONE', *, *, #3030, .T. ) ;
#2910 = CARTESIAN_POINT ( 'NONE',  ( 3572.428216253328173, 1037.379698913113543, 108.0000000000000142 ) ) ;
#2911 = EDGE_CURVE ( 'NONE', #630, #3106, #2581, .T. ) ;
#2912 = DIRECTION ( 'NONE',  ( -0.000000000000000000, -0.000000000000000000, 1.000000000000000000 ) ) ;
#2913 = COORDINATED_UNIVERSAL_TIME_OFFSET ( 8, 0, .AHEAD. ) ;
#2914 = FACE_OUTER_BOUND ( 'NONE', #1594, .T. ) ;
#2915 = VERTEX_POINT ( 'NONE', #818 ) ;
#2916 = CARTESIAN_POINT ( 'NONE',  ( 1081.480436830198414, 1187.736147166822320, -42.99999999999999289 ) ) ;
#2917 = ORIENTED_EDGE ( 'NONE', *, *, #484, .T. ) ;
#2918 = DIRECTION ( 'NONE',  ( -0.000000000000000000, 0.000000000000000000, 1.000000000000000000 ) ) ;
#2919 = PLANE ( 'NONE',  #887 ) ;
#2920 = DIRECTION ( 'NONE',  ( -0.000000000000000000, -0.000000000000000000, 1.000000000000000000 ) ) ;
#2921 = CARTESIAN_POINT ( 'NONE',  ( 1260.365799264590123, 1230.365799264594671, 42.99999999999999289 ) ) ;
#2922 = FACE_OUTER_BOUND ( 'NONE', #660, .T. ) ;
#2923 = CARTESIAN_POINT ( 'NONE',  ( 3259.704029255035039, 948.8264780890556267, 115.0000000000000000 ) ) ;
#2924 = DIRECTION ( 'NONE',  ( 0.7660444431189792347, -0.6427876096865379196, 0.000000000000000000 ) ) ;
#2925 = ORIENTED_EDGE ( 'NONE', *, *, #666, .F. ) ;
#2926 = ORIENTED_EDGE ( 'NONE', *, *, #1566, .T. ) ;
#2927 = ORIENTED_EDGE ( 'NONE', *, *, #1554, .F. ) ;
#2928 = EDGE_CURVE ( 'NONE', #2976, #1449, #2817, .T. ) ;
#2929 = CARTESIAN_POINT ( 'NONE',  ( 3283.580471521982417, 1188.464331030797439, -115.0000000000000000 ) ) ;
#2930 = CARTESIAN_POINT ( 'NONE',  ( 3316.347008179312070, 912.1517793547128576, -130.0000000000000000 ) ) ;
#2931 = VERTEX_POINT ( 'NONE', #1697 ) ;
#2932 = CARTESIAN_POINT ( 'NONE',  ( 3316.347008179312070, 912.1517793547128576, -130.0000000000000000 ) ) ;
#2933 = VERTEX_POINT ( 'NONE', #545 ) ;
#2934 = DIRECTION ( 'NONE',  ( -0.09914461998405960097, -0.9950730346704288465, 0.000000000000000000 ) ) ;
#2935 = EDGE_CURVE ( 'NONE', #1242, #1347, #14, .T. ) ;
#2936 = CARTESIAN_POINT ( 'NONE',  ( 3294.353850041327405, 1195.729460061635791, 115.0000000000000000 ) ) ;
#2937 = ADVANCED_FACE ( 'NONE', ( #2858 ), #2611, .F. ) ;
#2938 = VERTEX_POINT ( 'NONE', #1552 ) ;
#2939 = DIRECTION ( 'NONE',  ( -0.000000000000000000, 0.000000000000000000, 1.000000000000000000 ) ) ;
#2940 = CARTESIAN_POINT ( 'NONE',  ( 1957.213206220272241, 1662.573725405637333, -65.00000000000000000 ) ) ;
#2941 = EDGE_CURVE ( 'NONE', #3394, #1000, #1743, .T. ) ;
#2942 = LINE ( 'NONE', #2086, #954 ) ;
#2943 = DIRECTION ( 'NONE',  ( 0.000000000000000000, 0.000000000000000000, 1.000000000000000000 ) ) ;
#2944 = CARTESIAN_POINT ( 'NONE',  ( 1014.865348754754336, 1734.170643311899994, 150.0000000000000284 ) ) ;
#2945 = DIRECTION ( 'NONE',  ( 0.9411964128971334054, 0.3378599004758757185, 0.000000000000000000 ) ) ;
#2946 = ORIENTED_EDGE ( 'NONE', *, *, #3601, .F. ) ;
#2947 = ORIENTED_EDGE ( 'NONE', *, *, #74, .F. ) ;
#2948 = VERTEX_POINT ( 'NONE', #90 ) ;
#2949 = CARTESIAN_POINT ( 'NONE',  ( 61.83497134727062416, 1238.638604054665848, 42.99999999999999289 ) ) ;
#2950 = LINE ( 'NONE', #3178, #838 ) ;
#2951 = DIRECTION ( 'NONE',  ( -0.000000000000000000, 0.000000000000000000, 1.000000000000000000 ) ) ;
#2952 = DIRECTION ( 'NONE',  ( 1.000000000000000000, 0.000000000000000000, 0.000000000000000000 ) ) ;
#2953 = ORIENTED_EDGE ( 'NONE', *, *, #501, .T. ) ;
#2954 = AXIS2_PLACEMENT_3D ( 'NONE', #2167, #695, #2418 ) ;
#2955 = ORIENTED_EDGE ( 'NONE', *, *, #1926, .T. ) ;
#2956 = EDGE_CURVE ( 'NONE', #1638, #3568, #1256, .T. ) ;
#2957 = AXIS2_PLACEMENT_3D ( 'NONE', #3298, #781, #3335 ) ;
#2958 = AXIS2_PLACEMENT_3D ( 'NONE', #2993, #2711, #3294 ) ;
#2959 = LINE ( 'NONE', #331, #3625 ) ;
#2960 = VERTEX_POINT ( 'NONE', #2916 ) ;
#2961 = VECTOR ( 'NONE', #933, 1000.000000000000114 ) ;
#2962 = DIRECTION ( 'NONE',  ( 0.000000000000000000, 0.000000000000000000, -1.000000000000000000 ) ) ;
#2963 = CARTESIAN_POINT ( 'NONE',  ( 1191.051052278277211, 1280.629997367371516, -150.0000000000000284 ) ) ;
#2964 = AXIS2_PLACEMENT_3D ( 'NONE', #3153, #2650, #325 ) ;
#2965 = AXIS2_PLACEMENT_3D ( 'NONE', #924, #2043, #2106 ) ;
#2966 = LOCAL_TIME ( 14, 13, 58.00000000000000000, #2913 ) ;
#2967 = CARTESIAN_POINT ( 'NONE',  ( 1081.480436830198187, 1187.736147166822093, 42.99999999999998579 ) ) ;
#2968 = PLANE ( 'NONE',  #3134 ) ;
#2969 = AXIS2_PLACEMENT_3D ( 'NONE', #724, #1571, #2184 ) ;
#2970 = DIRECTION ( 'NONE',  ( 0.000000000000000000, 0.000000000000000000, 1.000000000000000000 ) ) ;
#2971 = ORIENTED_EDGE ( 'NONE', *, *, #1459, .T. ) ;
#2972 = ORIENTED_EDGE ( 'NONE', *, *, #202, .T. ) ;
#2973 = LINE ( 'NONE', #3008, #3665 ) ;
#2974 = CARTESIAN_POINT ( 'NONE',  ( 0.000000000000000000, 0.000000000000000000, -140.0000000000000000 ) ) ;
#2975 = LINE ( 'NONE', #3015, #542 ) ;
#2976 = VERTEX_POINT ( 'NONE', #2902 ) ;
#2977 = PLANE ( 'NONE',  #3667 ) ;
#2978 = ORIENTED_EDGE ( 'NONE', *, *, #857, .T. ) ;
#2979 = CARTESIAN_POINT ( 'NONE',  ( 0.000000000000000000, 0.000000000000000000, 150.0000000000000284 ) ) ;
#2980 = EDGE_LOOP ( 'NONE', ( #3381, #618, #2646, #621 ) ) ;
#2981 = CARTESIAN_POINT ( 'NONE',  ( 1200.330162775168219, 1284.359840636884883, -105.0000000000000000 ) ) ;
#2982 = FACE_OUTER_BOUND ( 'NONE', #128, .T. ) ;
#2983 = CARTESIAN_POINT ( 'NONE',  ( 1957.213206220272241, 1662.573725405637333, -43.00000000000000000 ) ) ;
#2984 = EDGE_CURVE ( 'NONE', #1205, #454, #3492, .T. ) ;
#2985 = CARTESIAN_POINT ( 'NONE',  ( 65.00000000000000000, 7.960204194457797252E-15, 190.0000000000000000 ) ) ;
#2986 = DIRECTION ( 'NONE',  ( 0.000000000000000000, 0.000000000000000000, -1.000000000000000000 ) ) ;
#2987 = ORIENTED_EDGE ( 'NONE', *, *, #1456, .F. ) ;
#2988 = ORIENTED_EDGE ( 'NONE', *, *, #912, .F. ) ;
#2989 = DIRECTION ( 'NONE',  ( -0.000000000000000000, -0.000000000000000000, 1.000000000000000000 ) ) ;
#2990 = EDGE_CURVE ( 'NONE', #617, #2273, #1469, .T. ) ;
#2991 = EDGE_CURVE ( 'NONE', #2142, #2113, #962, .T. ) ;
#2992 = EDGE_CURVE ( 'NONE', #2673, #1811, #3453, .T. ) ;
#2993 = CARTESIAN_POINT ( 'NONE',  ( 3572.428216253328173, 1037.379698913113543, 108.0000000000000142 ) ) ;
#2994 = ORIENTED_EDGE ( 'NONE', *, *, #2454, .F. ) ;
#2995 = DIRECTION ( 'NONE',  ( -1.000000000000000000, 0.000000000000000000, 0.000000000000000000 ) ) ;
#2996 = ORIENTED_EDGE ( 'NONE', *, *, #1290, .T. ) ;
#2997 = PLANE ( 'NONE',  #2488 ) ;
#2998 = DIRECTION ( 'NONE',  ( -0.3621048707768533825, 0.9321373624952914438, 0.000000000000000000 ) ) ;
#2999 = CARTESIAN_POINT ( 'NONE',  ( 1073.911064018044726, 1194.272558192857332, 150.0000000000000284 ) ) ;
#3000 = DIRECTION ( 'NONE',  ( -0.9596982896636531146, 0.2810323696954837303, 0.000000000000000000 ) ) ;
#3001 = DIRECTION ( 'NONE',  ( -0.000000000000000000, 0.000000000000000000, 1.000000000000000000 ) ) ;
#3002 = FACE_OUTER_BOUND ( 'NONE', #497, .T. ) ;
#3003 = DIRECTION ( 'NONE',  ( 1.000000000000000000, 0.000000000000000000, 0.000000000000000000 ) ) ;
#3004 = EDGE_CURVE ( 'NONE', #978, #1070, #2623, .T. ) ;
#3005 = CARTESIAN_POINT ( 'NONE',  ( 1311.293769765892193, 994.8998642608610226, 140.0000000000000000 ) ) ;
#3006 = ORIENTED_EDGE ( 'NONE', *, *, #13, .F. ) ;
#3007 = VERTEX_POINT ( 'NONE', #698 ) ;
#3008 = CARTESIAN_POINT ( 'NONE',  ( 1549.772507406236628, 1706.602339723742034, -65.00000000000000000 ) ) ;
#3009 = DIRECTION ( 'NONE',  ( -0.000000000000000000, -0.000000000000000000, 1.000000000000000000 ) ) ;
#3010 = VERTEX_POINT ( 'NONE', #2885 ) ;
#3011 = ORIENTED_EDGE ( 'NONE', *, *, #569, .F. ) ;
#3012 = DIRECTION ( 'NONE',  ( -0.000000000000000000, -0.000000000000000000, -1.000000000000000000 ) ) ;
#3013 = EDGE_LOOP ( 'NONE', ( #154, #3109, #3006, #531 ) ) ;
#3014 = EDGE_CURVE ( 'NONE', #1205, #2341, #2959, .T. ) ;
#3015 = CARTESIAN_POINT ( 'NONE',  ( 278.5166040334648869, 1501.729217232690416, 115.0000000000000000 ) ) ;
#3016 = CARTESIAN_POINT ( 'NONE',  ( 0.000000000000000000, 0.000000000000000000, 115.0000000000000000 ) ) ;
#3017 = CIRCLE ( 'NONE', #234, 310.0000323772092088 ) ;
#3018 = AXIS2_PLACEMENT_3D ( 'NONE', #2063, #2962, #2612 ) ;
#3019 = DIRECTION ( 'NONE',  ( 0.000000000000000000, 0.000000000000000000, -1.000000000000000000 ) ) ;
#3020 = DIRECTION ( 'NONE',  ( 1.000000000000000000, 0.000000000000000000, 0.000000000000000000 ) ) ;
#3021 = AXIS2_PLACEMENT_3D ( 'NONE', #3308, #1203, #361 ) ;
#3022 = DIRECTION ( 'NONE',  ( -0.9832328980098101745, 0.1823542384240912917, 0.000000000000000000 ) ) ;
#3023 = AXIS2_PLACEMENT_3D ( 'NONE', #2480, #1641, #2830 ) ;
#3024 = CIRCLE ( 'NONE', #1765, 30.00000000000000000 ) ;
#3025 = ORIENTED_EDGE ( 'NONE', *, *, #2260, .F. ) ;
#3026 = ORIENTED_EDGE ( 'NONE', *, *, #1442, .T. ) ;
#3027 = VECTOR ( 'NONE', #1676, 1000.000000000000000 ) ;
#3028 = CARTESIAN_POINT ( 'NONE',  ( 1476.454823750141486, 573.5543973162082239, -150.0000000000000284 ) ) ;
#3029 = AXIS2_PLACEMENT_3D ( 'NONE', #3091, #2230, #3351 ) ;
#3030 = EDGE_CURVE ( 'NONE', #1070, #3150, #3085, .T. ) ;
#3031 = EDGE_CURVE ( 'NONE', #102, #3606, #2383, .T. ) ;
#3032 = ORIENTED_EDGE ( 'NONE', *, *, #3573, .F. ) ;
#3033 = CARTESIAN_POINT ( 'NONE',  ( 1549.772507406236628, 1706.602339723742034, 65.00000000000000000 ) ) ;
#3034 = VERTEX_POINT ( 'NONE', #679 ) ;
#3035 = DIRECTION ( 'NONE',  ( 0.000000000000000000, 0.000000000000000000, 1.000000000000000000 ) ) ;
#3036 = EDGE_CURVE ( 'NONE', #1725, #3394, #2358, .T. ) ;
#3037 = CARTESIAN_POINT ( 'NONE',  ( 3572.428216253328173, 1037.379698913113543, -130.0000000000000000 ) ) ;
#3038 = CARTESIAN_POINT ( 'NONE',  ( 3294.353850041327860, 1195.729460061636019, -130.0000000000000000 ) ) ;
#3039 = DIRECTION ( 'NONE',  ( 0.000000000000000000, 0.000000000000000000, -1.000000000000000000 ) ) ;
#3040 = CARTESIAN_POINT ( 'NONE',  ( 1210.550619652612568, 1284.940997413912100, -135.0000000000000000 ) ) ;
#3041 = CARTESIAN_POINT ( 'NONE',  ( 1549.772507406236628, 1706.602339723742034, 65.00000000000000000 ) ) ;
#3042 = ORIENTED_EDGE ( 'NONE', *, *, #3600, .T. ) ;
#3043 = EDGE_LOOP ( 'NONE', ( #961, #3208, #2926, #2695 ) ) ;
#3044 = LINE ( 'NONE', #2217, #1754 ) ;
#3045 = LINE ( 'NONE', #2499, #1006 ) ;
#3046 = EDGE_CURVE ( 'NONE', #1206, #3164, #1214, .T. ) ;
#3047 = EDGE_LOOP ( 'NONE', ( #189, #970, #2272, #2238 ) ) ;
#3048 = LINE ( 'NONE', #215, #1897 ) ;
#3049 = ORIENTED_EDGE ( 'NONE', *, *, #2859, .T. ) ;
#3050 = CARTESIAN_POINT ( 'NONE',  ( 1210.550619652612568, 1284.940997413912100, -150.0000000000000284 ) ) ;
#3051 = CARTESIAN_POINT ( 'NONE',  ( 1081.480436830198414, 1187.736147166822320, 82.99999999999998579 ) ) ;
#3052 = ORIENTED_EDGE ( 'NONE', *, *, #2241, .F. ) ;
#3053 = CARTESIAN_POINT ( 'NONE',  ( 3572.428216253328173, 1037.379698913113543, -108.0000000000000142 ) ) ;
#3054 = EDGE_CURVE ( 'NONE', #662, #758, #1801, .T. ) ;
#3055 = PLANE ( 'NONE',  #1604 ) ;
#3056 = VERTEX_POINT ( 'NONE', #622 ) ;
#3057 = DIRECTION ( 'NONE',  ( 1.000000000000000000, 0.000000000000000000, 0.000000000000000000 ) ) ;
#3058 = LINE ( 'NONE', #530, #1355 ) ;
#3059 = ORIENTED_EDGE ( 'NONE', *, *, #3646, .T. ) ;
#3060 = VERTEX_POINT ( 'NONE', #73 ) ;
#3061 = FACE_OUTER_BOUND ( 'NONE', #659, .T. ) ;
#3062 = DIRECTION ( 'NONE',  ( -0.9832328980098101745, 0.1823542384240912917, 0.000000000000000000 ) ) ;
#3063 = FACE_OUTER_BOUND ( 'NONE', #915, .T. ) ;
#3064 = ORIENTED_EDGE ( 'NONE', *, *, #366, .T. ) ;
#3065 = EDGE_CURVE ( 'NONE', #3542, #475, #980, .T. ) ;
#3066 = AXIS2_PLACEMENT_3D ( 'NONE', #1927, #1406, #2550 ) ;
#3067 = VECTOR ( 'NONE', #1446, 999.9999999999998863 ) ;
#3068 = EDGE_CURVE ( 'NONE', #1070, #2409, #3230, .T. ) ;
#3069 = CARTESIAN_POINT ( 'NONE',  ( 3346.090394174529592, 1210.673689755841451, -108.0000000000000142 ) ) ;
#3070 = LINE ( 'NONE', #2214, #2365 ) ;
#3071 = CARTESIAN_POINT ( 'NONE',  ( 579.8708342162748295, 1980.202666426642054, -115.0000000000000000 ) ) ;
#3072 = EDGE_LOOP ( 'NONE', ( #1790, #517, #3671, #407 ) ) ;
#3073 = AXIS2_PLACEMENT_3D ( 'NONE', #778, #2240, #3386 ) ;
#3074 = CIRCLE ( 'NONE', #1305, 65.00000000000000000 ) ;
#3075 = CARTESIAN_POINT ( 'NONE',  ( -5.225835647943760875, 5.579581105427685372, -42.99999999999999289 ) ) ;
#3076 = AXIS2_PLACEMENT_3D ( 'NONE', #3339, #3618, #2783 ) ;
#3077 = LINE ( 'NONE', #1686, #996 ) ;
#3078 = VERTEX_POINT ( 'NONE', #2342 ) ;
#3079 = VERTEX_POINT ( 'NONE', #3465 ) ;
#3080 = AXIS2_PLACEMENT_3D ( 'NONE', #3503, #304, #21 ) ;
#3081 = ORIENTED_CLOSED_SHELL ( 'NONE', *, #3360, .F. );
#3082 = VECTOR ( 'NONE', #1003, 1000.000000000000000 ) ;
#3083 = AXIS2_PLACEMENT_3D ( 'NONE', #514, #1968, #1946 ) ;
#3084 = CARTESIAN_POINT ( 'NONE',  ( 0.000000000000000000, 0.000000000000000000, 190.0000000000000000 ) ) ;
#3085 = CIRCLE ( 'NONE', #2735, 65.00000000000000000 ) ;
#3086 = DIRECTION ( 'NONE',  ( 0.000000000000000000, 0.000000000000000000, -1.000000000000000000 ) ) ;
#3087 = CARTESIAN_POINT ( 'NONE',  ( 1227.872817737090827, 1180.427987507334365, 42.99999999999999289 ) ) ;
#3088 = DIRECTION ( 'NONE',  ( 1.000000000000000000, 0.000000000000000000, 0.000000000000000000 ) ) ;
#3089 = EDGE_CURVE ( 'NONE', #392, #444, #2671, .T. ) ;
#3090 = CARTESIAN_POINT ( 'NONE',  ( 1467.133450125188801, 569.9333486084397009, 150.0000000000000284 ) ) ;
#3091 = CARTESIAN_POINT ( 'NONE',  ( 1927.213206220272241, 1662.573725405637333, -43.00000000000000000 ) ) ;
#3092 = CARTESIAN_POINT ( 'NONE',  ( 966.4282906591732853, 1050.622338631828597, 105.0000000000000000 ) ) ;
#3093 = VERTEX_POINT ( 'NONE', #372 ) ;
#3094 = CARTESIAN_POINT ( 'NONE',  ( 1033.361289226544613, 1741.790653575321357, -115.0000000000000000 ) ) ;
#3095 = LINE ( 'NONE', #2551, #3365 ) ;
#3096 = ORIENTED_EDGE ( 'NONE', *, *, #312, .F. ) ;
#3097 = EDGE_LOOP ( 'NONE', ( #1329, #767, #2492, #1175, #812, #981 ) ) ;
#3098 = ADVANCED_FACE ( 'NONE', ( #2759, #1906 ), #443, .F. ) ;
#3099 = ADVANCED_FACE ( 'NONE', ( #2123 ), #156, .F. ) ;
#3100 = EDGE_CURVE ( 'NONE', #3183, #2079, #3557, .T. ) ;
#3101 = CARTESIAN_POINT ( 'NONE',  ( 1366.000041293119693, 1289.869733663803572, -42.99999999999999289 ) ) ;
#3102 = CYLINDRICAL_SURFACE ( 'NONE', #602, 310.0000323772092088 ) ;
#3103 = DIRECTION ( 'NONE',  ( -0.000000000000000000, -0.000000000000000000, 1.000000000000000000 ) ) ;
#3104 = APPROVAL_ROLE ( '' ) ;
#3105 = DIRECTION ( 'NONE',  ( -0.09914461998405960097, -0.9950730346704288465, 0.000000000000000000 ) ) ;
#3106 = VERTEX_POINT ( 'NONE', #3038 ) ;
#3107 = CARTESIAN_POINT ( 'NONE',  ( 3144.005435556837256, -313.2546187821735089, 135.0000000000000000 ) ) ;
#3108 = CARTESIAN_POINT ( 'NONE',  ( 1366.000041293119693, 1289.869733663803572, -42.99999999999999289 ) ) ;
#3109 = ORIENTED_EDGE ( 'NONE', *, *, #67, .F. ) ;
#3110 = CARTESIAN_POINT ( 'NONE',  ( 1227.872817737090827, 1180.427987507334365, -82.99999999999998579 ) ) ;
#3111 = EDGE_CURVE ( 'NONE', #1328, #2699, #2448, .T. ) ;
#3112 = DIRECTION ( 'NONE',  ( 0.6427876096865379196, 0.7660444431189792347, 0.000000000000000000 ) ) ;
#3113 = PLANE ( 'NONE',  #2257 ) ;
#3114 = VERTEX_POINT ( 'NONE', #760 ) ;
#3115 = ORIENTED_EDGE ( 'NONE', *, *, #78, .F. ) ;
#3116 = CARTESIAN_POINT ( 'NONE',  ( 1081.480436830198187, 1187.736147166822093, 140.0000000000000000 ) ) ;
#3117 = DIRECTION ( 'NONE',  ( 1.000000000000000000, 0.000000000000000000, 0.000000000000000000 ) ) ;
#3118 = ADVANCED_FACE ( 'NONE', ( #1024, #800 ), #520, .F. ) ;
#3119 = DIRECTION ( 'NONE',  ( -0.000000000000000000, -0.000000000000000000, 1.000000000000000000 ) ) ;
#3120 = CARTESIAN_POINT ( 'NONE',  ( 582.6811579132299812, 1989.799649323278345, 135.0000000000000000 ) ) ;
#3121 = ORIENTED_EDGE ( 'NONE', *, *, #3478, .T. ) ;
#3122 = DIRECTION ( 'NONE',  ( 0.09914461998406128018, 0.9950730346704287355, 0.000000000000000000 ) ) ;
#3123 = CARTESIAN_POINT ( 'NONE',  ( 3134.054705210134671, -312.2631725823318334, 105.0000000000000000 ) ) ;
#3124 = EDGE_CURVE ( 'NONE', #210, #1122, #3533, .T. ) ;
#3125 = VECTOR ( 'NONE', #3119, 1000.000000000000000 ) ;
#3126 = CARTESIAN_POINT ( 'NONE',  ( 1081.480436830198414, 1187.736147166822320, -42.99999999999999289 ) ) ;
#3127 = AXIS2_PLACEMENT_3D ( 'NONE', #3040, #1631, #507 ) ;
#3128 = CIRCLE ( 'NONE', #3073, 490.0216242335462198 ) ;
#3129 = EDGE_LOOP ( 'NONE', ( #209, #3222, #3363, #3464 ) ) ;
#3130 = ORIENTED_EDGE ( 'NONE', *, *, #2092, .T. ) ;
#3131 = CIRCLE ( 'NONE', #3675, 69.99999999999984368 ) ;
#3132 = EDGE_CURVE ( 'NONE', #3282, #373, #2371, .T. ) ;
#3133 = AXIS2_PLACEMENT_3D ( 'NONE', #2816, #273, #2831 ) ;
#3134 = AXIS2_PLACEMENT_3D ( 'NONE', #1592, #3238, #467 ) ;
#3135 = FACE_OUTER_BOUND ( 'NONE', #1271, .T. ) ;
#3136 = DIRECTION ( 'NONE',  ( -0.9950730346704286244, 0.09914461998406126630, 0.000000000000000000 ) ) ;
#3137 = VECTOR ( 'NONE', #1139, 1000.000000000000000 ) ;
#3138 = APPROVAL_DATE_TIME ( #958, #2770 ) ;
#3139 = CARTESIAN_POINT ( 'NONE',  ( 3259.704029255034584, 948.8264780890553993, -105.0000000000000000 ) ) ;
#3140 = EDGE_CURVE ( 'NONE', #3606, #3185, #1843, .T. ) ;
#3141 = AXIS2_PLACEMENT_3D ( 'NONE', #2979, #2744, #1346 ) ;
#3142 = ORIENTED_EDGE ( 'NONE', *, *, #2177, .F. ) ;
#3143 = DIRECTION ( 'NONE',  ( -0.9596982896636528926, 0.2810323696954841188, 0.000000000000000000 ) ) ;
#3144 = ADVANCED_FACE ( 'NONE', ( #1612, #3610, #2148 ), #2400, .F. ) ;
#3145 = CARTESIAN_POINT ( 'NONE',  ( 3542.428216253328173, 1037.379698913113543, -108.0000000000000142 ) ) ;
#3146 = EDGE_CURVE ( 'NONE', #30, #808, #2143, .T. ) ;
#3147 = ADVANCED_FACE ( 'NONE', ( #1585 ), #199, .F. ) ;
#3148 = DIRECTION ( 'NONE',  ( -0.9607235058927022786, -0.2775073786861076419, 0.000000000000000000 ) ) ;
#3149 = CARTESIAN_POINT ( 'NONE',  ( 1927.213206220272241, 1662.573725405637333, 43.00000000000000000 ) ) ;
#3150 = VERTEX_POINT ( 'NONE', #999 ) ;
#3151 = ORIENTED_EDGE ( 'NONE', *, *, #255, .T. ) ;
#3152 = ORIENTED_EDGE ( 'NONE', *, *, #837, .F. ) ;
#3153 = CARTESIAN_POINT ( 'NONE',  ( 1311.293769765892193, 994.8998642608610226, -105.0000000000000000 ) ) ;
#3154 = CARTESIAN_POINT ( 'NONE',  ( 3144.005435556837710, -313.2546187821735657, 115.0000000000000000 ) ) ;
#3155 = CARTESIAN_POINT ( 'NONE',  ( 1191.051052278277211, 1280.629997367371516, -150.0000000000000284 ) ) ;
#3156 = EDGE_CURVE ( 'NONE', #3060, #3056, #2210, .T. ) ;
#3157 = EDGE_LOOP ( 'NONE', ( #2927, #500, #1981, #790, #1035, #2520 ) ) ;
#3158 = DIRECTION ( 'NONE',  ( 0.8870807309472032998, -0.4616143160498550335, -0.000000000000000000 ) ) ;
#3159 = PRODUCT ( 'boom_XCGM_Default_sldprt', 'boom_XCGM_Default_sldprt', '', ( #1420 ) ) ;
#3160 = CARTESIAN_POINT ( 'NONE',  ( 1366.037207927518693, 1300.033370912839246, 135.0000000000000000 ) ) ;
#3161 = CARTESIAN_POINT ( 'NONE',  ( 3642.428216253327719, 1037.379698913113543, 108.0000000000000142 ) ) ;
#3162 = ORIENTED_EDGE ( 'NONE', *, *, #3313, .T. ) ;
#3163 = VERTEX_POINT ( 'NONE', #1862 ) ;
#3164 = VERTEX_POINT ( 'NONE', #461 ) ;
#3165 = ORIENTED_EDGE ( 'NONE', *, *, #1904, .T. ) ;
#3166 = DIRECTION ( 'NONE',  ( -0.9987562351452027309, 0.04985963054998234639, 0.000000000000000000 ) ) ;
#3167 = EDGE_CURVE ( 'NONE', #1436, #2003, #1315, .T. ) ;
#3168 = CARTESIAN_POINT ( 'NONE',  ( 64.39926034060060545, -8.816760606001883716, 150.0000000000000284 ) ) ;
#3169 = LINE ( 'NONE', #1001, #2718 ) ;
#3170 = EDGE_CURVE ( 'NONE', #3444, #1757, #2261, .T. ) ;
#3171 = CARTESIAN_POINT ( 'NONE',  ( 1350.913849085894753, 1754.414991341900304, -135.0000000000000000 ) ) ;
#3172 = DIRECTION ( 'NONE',  ( 1.000000000000000000, 0.000000000000000000, 0.000000000000000000 ) ) ;
#3173 = ORIENTED_EDGE ( 'NONE', *, *, #673, .F. ) ;
#3174 = ORIENTED_EDGE ( 'NONE', *, *, #1311, .F. ) ;
#3175 = ORIENTED_EDGE ( 'NONE', *, *, #3132, .T. ) ;
#3176 = CARTESIAN_POINT ( 'NONE',  ( 3602.428216253327719, 1037.379698913113543, 108.0000000000000142 ) ) ;
#3177 = VECTOR ( 'NONE', #136, 1000.000000000000000 ) ;
#3178 = CARTESIAN_POINT ( 'NONE',  ( 3294.353850041327860, 1195.729460061636019, -135.0000000000000000 ) ) ;
#3179 = ORIENTED_EDGE ( 'NONE', *, *, #1213, .F. ) ;
#3180 = VECTOR ( 'NONE', #1444, 1000.000000000000000 ) ;
#3181 = CARTESIAN_POINT ( 'NONE',  ( 3134.054705210134671, -312.2631725823318334, -105.0000000000000000 ) ) ;
#3182 = AXIS2_PLACEMENT_3D ( 'NONE', #99, #1046, #406 ) ;
#3183 = VERTEX_POINT ( 'NONE', #2466 ) ;
#3184 = VECTOR ( 'NONE', #428, 1000.000000000000000 ) ;
#3185 = VERTEX_POINT ( 'NONE', #2169 ) ;
#3186 = AXIS2_PLACEMENT_3D ( 'NONE', #2600, #50, #2035 ) ;
#3187 = AXIS2_PLACEMENT_3D ( 'NONE', #1381, #3403, #1728 ) ;
#3188 = CARTESIAN_POINT ( 'NONE',  ( -55.81020827751027014, 30.92001419766497960, 150.0000000000000284 ) ) ;
#3189 = ORIENTED_EDGE ( 'NONE', *, *, #2859, .F. ) ;
#3190 = DIRECTION ( 'NONE',  ( -0.000000000000000000, -0.000000000000000000, -1.000000000000000000 ) ) ;
#3191 = CARTESIAN_POINT ( 'NONE',  ( -49.79288880273354323, 41.78119462962509800, -150.0000000000000284 ) ) ;
#3192 = EDGE_CURVE ( 'NONE', #2948, #565, #1056, .T. ) ;
#3193 = DIRECTION ( 'NONE',  ( -0.000000000000000000, -0.000000000000000000, -1.000000000000000000 ) ) ;
#3194 = CARTESIAN_POINT ( 'NONE',  ( -55.81020827751027014, 30.92001419766497960, -150.0000000000000284 ) ) ;
#3195 = CARTESIAN_POINT ( 'NONE',  ( 1033.361289226544613, 1741.790653575321357, -135.0000000000000000 ) ) ;
#3196 = PLANE ( 'NONE',  #3488 ) ;
#3197 = VERTEX_POINT ( 'NONE', #1679 ) ;
#3198 = EDGE_LOOP ( 'NONE', ( #2477, #3583, #2825, #725, #2617, #1759 ) ) ;
#3199 = ORIENTED_EDGE ( 'NONE', *, *, #3573, .T. ) ;
#3200 = LINE ( 'NONE', #365, #1361 ) ;
#3201 = CARTESIAN_POINT ( 'NONE',  ( 1230.365799264589896, 1230.365799264594671, -105.0000000000000000 ) ) ;
#3202 = EDGE_CURVE ( 'NONE', #1150, #1205, #657, .T. ) ;
#3203 = ORIENTED_EDGE ( 'NONE', *, *, #544, .T. ) ;
#3204 = EDGE_CURVE ( 'NONE', #3106, #299, #2525, .T. ) ;
#3205 = PERSON_AND_ORGANIZATION_ROLE ( 'design_supplier' ) ;
#3206 = EDGE_CURVE ( 'NONE', #1372, #2316, #577, .T. ) ;
#3207 = CARTESIAN_POINT ( 'NONE',  ( 3642.428216253327719, 1037.379698913113543, 130.0000000000000000 ) ) ;
#3208 = ORIENTED_EDGE ( 'NONE', *, *, #3357, .F. ) ;
#3209 = DIRECTION ( 'NONE',  ( -0.000000000000000000, -0.000000000000000000, 1.000000000000000000 ) ) ;
#3210 = EDGE_LOOP ( 'NONE', ( #3064, #3410, #3269, #3032, #3534, #668 ) ) ;
#3211 = DIRECTION ( 'NONE',  ( 0.000000000000000000, 0.000000000000000000, -1.000000000000000000 ) ) ;
#3212 = VERTEX_POINT ( 'NONE', #1101 ) ;
#3213 = DIRECTION ( 'NONE',  ( 1.000000000000000000, 0.000000000000000000, 0.000000000000000000 ) ) ;
#3214 = CARTESIAN_POINT ( 'NONE',  ( 0.000000000000000000, 0.000000000000000000, -150.0000000000000284 ) ) ;
#3215 = PLANE ( 'NONE',  #1898 ) ;
#3216 = ADVANCED_BREP_SHAPE_REPRESENTATION ( 'boom_XCGM_Default_sldprt', ( #2077, #2303 ), #1716 ) ;
#3217 = DIRECTION ( 'NONE',  ( 1.000000000000000000, -2.718793546374648406E-15, 0.000000000000000000 ) ) ;
#3218 = CARTESIAN_POINT ( 'NONE',  ( 1203.951248641350958, 1275.038371358024733, 150.0000000000000284 ) ) ;
#3219 = LINE ( 'NONE', #188, #237 ) ;
#3220 = ORIENTED_EDGE ( 'NONE', *, *, #720, .F. ) ;
#3221 = VERTEX_POINT ( 'NONE', #2242 ) ;
#3222 = ORIENTED_EDGE ( 'NONE', *, *, #96, .F. ) ;
#3223 = CARTESIAN_POINT ( 'NONE',  ( 3144.005435556837256, -313.2546187821735089, -135.0000000000000000 ) ) ;
#3224 = ADVANCED_FACE ( 'NONE', ( #2288 ), #307, .F. ) ;
#3225 = DIRECTION ( 'NONE',  ( 1.000000000000000000, 0.000000000000000000, 0.000000000000000000 ) ) ;
#3226 = FACE_OUTER_BOUND ( 'NONE', #692, .T. ) ;
#3227 = DIRECTION ( 'NONE',  ( -0.000000000000000000, -0.000000000000000000, 1.000000000000000000 ) ) ;
#3228 = ORIENTED_EDGE ( 'NONE', *, *, #281, .T. ) ;
#3229 = DIRECTION ( 'NONE',  ( 0.3946479785873850399, 0.9188323965756164391, -0.000000000000000000 ) ) ;
#3230 = LINE ( 'NONE', #3168, #1663 ) ;
#3231 = ORIENTED_EDGE ( 'NONE', *, *, #625, .T. ) ;
#3232 = FACE_OUTER_BOUND ( 'NONE', #157, .T. ) ;
#3233 = CARTESIAN_POINT ( 'NONE',  ( 1209.724174309755654, 1287.793903432650268, -135.0000000000000000 ) ) ;
#3234 = CARTESIAN_POINT ( 'NONE',  ( 1073.819992399008697, 1194.164023263687568, -130.0000000000000000 ) ) ;
#3235 = CARTESIAN_POINT ( 'NONE',  ( 3316.347008179312070, 912.1517793547128576, 108.0000000000000142 ) ) ;
#3236 = DIRECTION ( 'NONE',  ( -0.9188323965756164391, 0.3946479785873850399, 0.000000000000000000 ) ) ;
#3237 = EDGE_CURVE ( 'NONE', #1640, #686, #1366, .T. ) ;
#3238 = DIRECTION ( 'NONE',  ( 0.000000000000000000, 0.000000000000000000, 1.000000000000000000 ) ) ;
#3239 = DIRECTION ( 'NONE',  ( -1.000000000000000000, 0.000000000000000000, 0.000000000000000000 ) ) ;
#3240 = ORIENTED_EDGE ( 'NONE', *, *, #765, .F. ) ;
#3241 = ORIENTED_EDGE ( 'NONE', *, *, #596, .F. ) ;
#3242 = VERTEX_POINT ( 'NONE', #3417 ) ;
#3243 = CARTESIAN_POINT ( 'NONE',  ( 1366.037207927518693, 1300.033370912839246, -115.0000000000000000 ) ) ;
#3244 = CIRCLE ( 'NONE', #935, 29.99999999999980460 ) ;
#3245 = FACE_OUTER_BOUND ( 'NONE', #2401, .T. ) ;
#3246 = ORIENTED_EDGE ( 'NONE', *, *, #3407, .F. ) ;
#3247 = VECTOR ( 'NONE', #2888, 1000.000000000000114 ) ;
#3248 = LINE ( 'NONE', #457, #2604 ) ;
#3249 = ORIENTED_EDGE ( 'NONE', *, *, #3262, .F. ) ;
#3250 = AXIS2_PLACEMENT_3D ( 'NONE', #3037, #853, #1054 ) ;
#3251 = CARTESIAN_POINT ( 'NONE',  ( 1209.724174309755654, 1287.793903432650268, -135.0000000000000000 ) ) ;
#3252 = CIRCLE ( 'NONE', #1362, 99.99999999999987210 ) ;
#3253 = ADVANCED_FACE ( 'NONE', ( #1133 ), #1421, .F. ) ;
#3254 = AXIS2_PLACEMENT_3D ( 'NONE', #1877, #3012, #26 ) ;
#3255 = DIRECTION ( 'NONE',  ( -0.000000000000000000, -0.000000000000000000, 1.000000000000000000 ) ) ;
#3256 = ORIENTED_EDGE ( 'NONE', *, *, #142, .T. ) ;
#3257 = CARTESIAN_POINT ( 'NONE',  ( 1033.361289226544613, 1741.790653575321357, 135.0000000000000000 ) ) ;
#3258 = DIRECTION ( 'NONE',  ( 1.000000000000000000, 0.000000000000000000, 0.000000000000000000 ) ) ;
#3259 = CARTESIAN_POINT ( 'NONE',  ( 1311.293769765892193, 994.8998642608610226, -135.0000000000000000 ) ) ;
#3260 = AXIS2_PLACEMENT_3D ( 'NONE', #568, #266, #1669 ) ;
#3261 = VECTOR ( 'NONE', #1437, 1000.000000000000227 ) ;
#3262 = EDGE_CURVE ( 'NONE', #2908, #2216, #1432, .T. ) ;
#3263 = DIRECTION ( 'NONE',  ( -0.000000000000000000, 0.000000000000000000, 1.000000000000000000 ) ) ;
#3264 = EDGE_CURVE ( 'NONE', #1773, #2440, #1169, .T. ) ;
#3265 = CC_DESIGN_PERSON_AND_ORGANIZATION_ASSIGNMENT ( #235, #1380, ( #2427 ) ) ;
#3266 = CARTESIAN_POINT ( 'NONE',  ( 3346.090394174529592, 1210.673689755841451, -108.0000000000000142 ) ) ;
#3267 = VECTOR ( 'NONE', #1527, 1000.000000000000227 ) ;
#3268 = CARTESIAN_POINT ( 'NONE',  ( 966.4282906591732853, 1050.622338631828597, 105.0000000000000000 ) ) ;
#3269 = ORIENTED_EDGE ( 'NONE', *, *, #3412, .F. ) ;
#3270 = ORIENTED_EDGE ( 'NONE', *, *, #1497, .T. ) ;
#3271 = VERTEX_POINT ( 'NONE', #1934 ) ;
#3272 = FACE_OUTER_BOUND ( 'NONE', #2359, .T. ) ;
#3273 = ADVANCED_FACE ( 'NONE', ( #3063 ), #1994, .T. ) ;
#3274 = EDGE_LOOP ( 'NONE', ( #2791, #3162, #1896, #1093 ) ) ;
#3275 = CARTESIAN_POINT ( 'NONE',  ( 1549.772507406236628, 1706.602339723742034, -65.00000000000001421 ) ) ;
#3276 = ORIENTED_EDGE ( 'NONE', *, *, #2260, .T. ) ;
#3277 = DIRECTION ( 'NONE',  ( 1.000000000000000000, 0.000000000000000000, 0.000000000000000000 ) ) ;
#3278 = ORIENTED_EDGE ( 'NONE', *, *, #1794, .F. ) ;
#3279 = FACE_OUTER_BOUND ( 'NONE', #3210, .T. ) ;
#3280 = DIRECTION ( 'NONE',  ( 0.9596982896636530036, -0.2810323696954838968, 0.000000000000000000 ) ) ;
#3281 = EDGE_CURVE ( 'NONE', #475, #630, #259, .T. ) ;
#3282 = VERTEX_POINT ( 'NONE', #1440 ) ;
#3283 = DIRECTION ( 'NONE',  ( -0.000000000000000000, -0.000000000000000000, -1.000000000000000000 ) ) ;
#3284 = DIRECTION ( 'NONE',  ( 1.000000000000000000, 0.000000000000000000, 0.000000000000000000 ) ) ;
#3285 = FACE_BOUND ( 'NONE', #2262, .T. ) ;
#3286 = CARTESIAN_POINT ( 'NONE',  ( 1366.037207927518693, 1300.033370912839246, -135.0000000000000000 ) ) ;
#3287 = CARTESIAN_POINT ( 'NONE',  ( 1230.365799264589896, 1230.365799264594671, -42.99999999999999289 ) ) ;
#3288 = PLANE ( 'NONE',  #1533 ) ;
#3289 = EDGE_LOOP ( 'NONE', ( #667, #2159, #649, #1212, #2596, #774, #1052 ) ) ;
#3290 = ORIENTED_EDGE ( 'NONE', *, *, #868, .T. ) ;
#3291 = LINE ( 'NONE', #2436, #1354 ) ;
#3292 = LINE ( 'NONE', #169, #1760 ) ;
#3293 = ORIENTED_EDGE ( 'NONE', *, *, #2580, .F. ) ;
#3294 = DIRECTION ( 'NONE',  ( -1.000000000000000000, 0.000000000000000000, 0.000000000000000000 ) ) ;
#3295 = EDGE_LOOP ( 'NONE', ( #3142, #200, #556, #23 ) ) ;
#3296 = CARTESIAN_POINT ( 'NONE',  ( 49.79288880273363560, -41.78119462962494879, 140.0000000000000000 ) ) ;
#3297 = DIRECTION ( 'NONE',  ( 0.9321373624952916659, 0.3621048707768527164, 0.000000000000000000 ) ) ;
#3298 = CARTESIAN_POINT ( 'NONE',  ( 1927.213206220272241, 1662.573725405637333, -43.00000000000000000 ) ) ;
#3299 = VERTEX_POINT ( 'NONE', #538 ) ;
#3300 = DIRECTION ( 'NONE',  ( 1.000000000000000000, 0.000000000000000000, 0.000000000000000000 ) ) ;
#3301 = EDGE_CURVE ( 'NONE', #3428, #1242, #885, .T. ) ;
#3302 = CARTESIAN_POINT ( 'NONE',  ( 781.9345791031230419, 1522.403183421872427, 150.0000000000000284 ) ) ;
#3303 = CARTESIAN_POINT ( 'NONE',  ( 1227.872817737090827, 1180.427987507334365, -42.99999999999999289 ) ) ;
#3304 = CARTESIAN_POINT ( 'NONE',  ( 1230.365799264589896, 1230.365799264594671, 42.99999999999999289 ) ) ;
#3305 = ORIENTED_EDGE ( 'NONE', *, *, #320, .F. ) ;
#3306 = ORIENTED_EDGE ( 'NONE', *, *, #625, .F. ) ;
#3307 = DIRECTION ( 'NONE',  ( -0.09914461998405960097, -0.9950730346704288465, -0.000000000000000000 ) ) ;
#3308 = CARTESIAN_POINT ( 'NONE',  ( 3134.054705210137854, -312.2631725823264333, -135.0000000000000000 ) ) ;
#3309 = ORIENTED_EDGE ( 'NONE', *, *, #2805, .T. ) ;
#3310 = DIRECTION ( 'NONE',  ( -0.000000000000000000, -0.000000000000000000, -1.000000000000000000 ) ) ;
#3311 = ORIENTED_EDGE ( 'NONE', *, *, #2717, .T. ) ;
#3312 = DIRECTION ( 'NONE',  ( 0.000000000000000000, 0.000000000000000000, 1.000000000000000000 ) ) ;
#3313 = EDGE_CURVE ( 'NONE', #636, #1017, #611, .T. ) ;
#3314 = AXIS2_PLACEMENT_3D ( 'NONE', #684, #402, #3217 ) ;
#3315 = DIRECTION ( 'NONE',  ( -0.6427876096865382527, -0.7660444431189789016, 0.000000000000000000 ) ) ;
#3316 = AXIS2_PLACEMENT_3D ( 'NONE', #2798, #1378, #2776 ) ;
#3317 = FACE_OUTER_BOUND ( 'NONE', #898, .T. ) ;
#3318 = CARTESIAN_POINT ( 'NONE',  ( -49.79288880273360007, 41.78119462962497721, 140.0000000000000000 ) ) ;
#3319 = VECTOR ( 'NONE', #2245, 1000.000000000000000 ) ;
#3320 = CARTESIAN_POINT ( 'NONE',  ( 3602.428216253327719, 1037.379698913113543, -130.0000000000000000 ) ) ;
#3321 = EDGE_CURVE ( 'NONE', #3183, #210, #3252, .T. ) ;
#3322 = CIRCLE ( 'NONE', #1190, 310.0000000000000568 ) ;
#3323 = DIRECTION ( 'NONE',  ( -0.4846167061386938424, -0.8747266133663036403, 0.000000000000000000 ) ) ;
#3324 = ORIENTED_EDGE ( 'NONE', *, *, #3206, .F. ) ;
#3325 = ORIENTED_EDGE ( 'NONE', *, *, #2928, .F. ) ;
#3326 = AXIS2_PLACEMENT_3D ( 'NONE', #1990, #1706, #2847 ) ;
#3327 = CARTESIAN_POINT ( 'NONE',  ( 1081.480436830198414, 1187.736147166822320, 105.0000000000000000 ) ) ;
#3328 = VECTOR ( 'NONE', #1489, 1000.000000000000000 ) ;
#3329 = DIRECTION ( 'NONE',  ( -0.000000000000000000, -0.000000000000000000, -1.000000000000000000 ) ) ;
#3330 = ORIENTED_EDGE ( 'NONE', *, *, #1225, .T. ) ;
#3331 = FACE_OUTER_BOUND ( 'NONE', #3289, .T. ) ;
#3332 = EDGE_LOOP ( 'NONE', ( #2250, #1, #1538, #2749 ) ) ;
#3333 = EDGE_CURVE ( 'NONE', #2634, #3528, #416, .T. ) ;
#3334 = APPLICATION_PROTOCOL_DEFINITION ( 'international standard', 'config_control_design', 1994, #580 ) ;
#3335 = DIRECTION ( 'NONE',  ( 1.000000000000000000, 0.000000000000000000, 0.000000000000000000 ) ) ;
#3336 = ORIENTED_EDGE ( 'NONE', *, *, #634, .F. ) ;
#3337 = CARTESIAN_POINT ( 'NONE',  ( 1541.988273482521890, 1257.230264299567352, 105.0000000000000000 ) ) ;
#3338 = DIRECTION ( 'NONE',  ( 1.000000000000000000, 0.000000000000000000, 0.000000000000000000 ) ) ;
#3339 = CARTESIAN_POINT ( 'NONE',  ( 1230.365799264589896, 1230.365799264594671, -105.0000000000000000 ) ) ;
#3340 = VERTEX_POINT ( 'NONE', #1397 ) ;
#3341 = EDGE_LOOP ( 'NONE', ( #1170, #2495, #2296, #3309 ) ) ;
#3342 = DIRECTION ( 'NONE',  ( 0.000000000000000000, 0.000000000000000000, 1.000000000000000000 ) ) ;
#3343 = CARTESIAN_POINT ( 'NONE',  ( 3316.347008179312070, 912.1517793547128576, 108.0000000000000142 ) ) ;
#3344 = VERTEX_POINT ( 'NONE', #9 ) ;
#3345 = VERTEX_POINT ( 'NONE', #2542 ) ;
#3346 = EDGE_CURVE ( 'NONE', #1781, #1672, #1080, .T. ) ;
#3347 = DIRECTION ( 'NONE',  ( 0.9411964128971334054, 0.3378599004758757185, 0.000000000000000000 ) ) ;
#3348 = CARTESIAN_POINT ( 'NONE',  ( -55.81020827751026303, 30.92001419766497250, 140.0000000000000000 ) ) ;
#3349 = CARTESIAN_POINT ( 'NONE',  ( -5.225835647943760875, 5.579581105427685372, -42.99999999999999289 ) ) ;
#3350 = LINE ( 'NONE', #546, #2139 ) ;
#3351 = DIRECTION ( 'NONE',  ( -1.000000000000000000, 0.000000000000000000, 0.000000000000000000 ) ) ;
#3352 = DIRECTION ( 'NONE',  ( -0.8747266133663036403, 0.4846167061386938424, 0.000000000000000000 ) ) ;
#3353 = ORIENTED_EDGE ( 'NONE', *, *, #1615, .T. ) ;
#3354 = DIRECTION ( 'NONE',  ( -0.3621048707768533825, 0.9321373624952914438, 0.000000000000000000 ) ) ;
#3355 = PLANE ( 'NONE',  #3260 ) ;
#3356 = VERTEX_POINT ( 'NONE', #2277 ) ;
#3357 = EDGE_CURVE ( 'NONE', #3093, #617, #3074, .T. ) ;
#3358 = CYLINDRICAL_SURFACE ( 'NONE', #782, 29.99999999999980460 ) ;
#3359 = CARTESIAN_POINT ( 'NONE',  ( 0.000000000000000000, 0.000000000000000000, 190.0000000000000000 ) ) ;
#3360 = CLOSED_SHELL ( 'NONE', ( #2762, #3376, #1818, #2832, #2395, #2833, #1567, #1146, #2752, #811, #784, #87, #2025, #1172, #1999 ) ) ;
#3361 = APPROVAL_STATUS ( 'not_yet_approved' ) ;
#3362 = DIRECTION ( 'NONE',  ( -1.000000000000000000, 0.000000000000000000, 0.000000000000000000 ) ) ;
#3363 = ORIENTED_EDGE ( 'NONE', *, *, #2478, .T. ) ;
#3364 = AXIS2_PLACEMENT_3D ( 'NONE', #645, #2593, #1733 ) ;
#3365 = VECTOR ( 'NONE', #2270, 1000.000000000000000 ) ;
#3366 = AXIS2_PLACEMENT_3D ( 'NONE', #422, #3589, #1254 ) ;
#3367 = PLANE ( 'NONE',  #1085 ) ;
#3368 = DIRECTION ( 'NONE',  ( 0.000000000000000000, -0.000000000000000000, 1.000000000000000000 ) ) ;
#3369 = CARTESIAN_POINT ( 'NONE',  ( -47.06294214384741537, 26.07384713627812189, -150.0000000000000284 ) ) ;
#3370 = EDGE_CURVE ( 'NONE', #1751, #2784, #2253, .T. ) ;
#3371 = VERTEX_POINT ( 'NONE', #2883 ) ;
#3372 = VECTOR ( 'NONE', #2663, 1000.000000000000000 ) ;
#3373 = EDGE_CURVE ( 'NONE', #2384, #2343, #893, .T. ) ;
#3374 = AXIS2_PLACEMENT_3D ( 'NONE', #3348, #1933, #287 ) ;
#3375 = CARTESIAN_POINT ( 'NONE',  ( 3268.576248845471582, 937.0104710473243586, -130.0000000000000000 ) ) ;
#3376 = ADVANCED_FACE ( 'NONE', ( #2914 ), #1252, .F. ) ;
#3377 = VECTOR ( 'NONE', #1262, 1000.000000000000227 ) ;
#3378 = DIRECTION ( 'NONE',  ( -0.000000000000000000, -0.000000000000000000, 1.000000000000000000 ) ) ;
#3379 = AXIS2_PLACEMENT_3D ( 'NONE', #1099, #3537, #2404 ) ;
#3380 = ORIENTED_EDGE ( 'NONE', *, *, #1274, .T. ) ;
#3381 = ORIENTED_EDGE ( 'NONE', *, *, #58, .F. ) ;
#3382 = AXIS2_PLACEMENT_3D ( 'NONE', #2023, #917, #671 ) ;
#3383 = AXIS2_PLACEMENT_3D ( 'NONE', #937, #2060, #1782 ) ;
#3384 = CARTESIAN_POINT ( 'NONE',  ( 0.000000000000000000, 0.000000000000000000, -190.0000000000000000 ) ) ;
#3385 = CARTESIAN_POINT ( 'NONE',  ( 1311.293769765892193, 994.8998642608610226, 82.99999999999998579 ) ) ;
#3386 = DIRECTION ( 'NONE',  ( 1.000000000000000000, 0.000000000000000000, 0.000000000000000000 ) ) ;
#3387 = PERSON_AND_ORGANIZATION ( #442, #1188 ) ;
#3388 = DIRECTION ( 'NONE',  ( 0.000000000000000000, -0.000000000000000000, -1.000000000000000000 ) ) ;
#3389 = ORIENTED_EDGE ( 'NONE', *, *, #1488, .T. ) ;
#3390 = EDGE_CURVE ( 'NONE', #2113, #1323, #2636, .T. ) ;
#3391 = CARTESIAN_POINT ( 'NONE',  ( 3572.428216253328173, 1037.379698913113543, -108.0000000000000142 ) ) ;
#3392 = DIRECTION ( 'NONE',  ( -0.000000000000000000, 0.000000000000000000, 1.000000000000000000 ) ) ;
#3393 = FACE_OUTER_BOUND ( 'NONE', #3411, .T. ) ;
#3394 = VERTEX_POINT ( 'NONE', #1819 ) ;
#3395 = DIRECTION ( 'NONE',  ( 0.000000000000000000, 0.000000000000000000, -1.000000000000000000 ) ) ;
#3396 = LINE ( 'NONE', #2789, #2486 ) ;
#3397 = ORIENTED_EDGE ( 'NONE', *, *, #753, .F. ) ;
#3398 = ORIENTED_EDGE ( 'NONE', *, *, #2686, .T. ) ;
#3399 = LINE ( 'NONE', #2558, #3261 ) ;
#3400 = DIRECTION ( 'NONE',  ( -0.9188323965756164391, 0.3946479785873850399, -0.000000000000000000 ) ) ;
#3401 = EDGE_CURVE ( 'NONE', #3056, #1409, #317, .T. ) ;
#3402 = PERSON_AND_ORGANIZATION_ROLE ( 'design_owner' ) ;
#3403 = DIRECTION ( 'NONE',  ( -0.000000000000000000, -0.000000000000000000, 1.000000000000000000 ) ) ;
#3404 = ORIENTED_EDGE ( 'NONE', *, *, #1345, .F. ) ;
#3405 = LINE ( 'NONE', #579, #1890 ) ;
#3406 = LINE ( 'NONE', #1383, #3566 ) ;
#3407 = EDGE_CURVE ( 'NONE', #1097, #2315, #3507, .T. ) ;
#3408 = EDGE_CURVE ( 'NONE', #1654, #1781, #86, .T. ) ;
#3409 = DIRECTION ( 'NONE',  ( 0.2775073786861076974, -0.9607235058927023896, 0.000000000000000000 ) ) ;
#3410 = ORIENTED_EDGE ( 'NONE', *, *, #1726, .T. ) ;
#3411 = EDGE_LOOP ( 'NONE', ( #795, #3501, #920, #3290 ) ) ;
#3412 = EDGE_CURVE ( 'NONE', #439, #2767, #3616, .T. ) ;
#3413 = DIRECTION ( 'NONE',  ( -0.000000000000000000, -0.000000000000000000, 1.000000000000000000 ) ) ;
#3414 = DIRECTION ( 'NONE',  ( 1.000000000000000000, 0.000000000000000000, 0.000000000000000000 ) ) ;
#3415 = EDGE_CURVE ( 'NONE', #2519, #3114, #1183, .T. ) ;
#3416 = COORDINATED_UNIVERSAL_TIME_OFFSET ( 8, 0, .AHEAD. ) ;
#3417 = CARTESIAN_POINT ( 'NONE',  ( 1200.365799264589896, 1230.365799264594671, -105.0000000000000000 ) ) ;
#3418 = CC_DESIGN_PERSON_AND_ORGANIZATION_ASSIGNMENT ( #1755, #884, ( #3434 ) ) ;
#3419 = LINE ( 'NONE', #3107, #2613 ) ;
#3420 = VECTOR ( 'NONE', #1207, 1000.000000000000000 ) ;
#3421 = CARTESIAN_POINT ( 'NONE',  ( 1983.163289924184710, 1579.690746854398412, 65.00000000000000000 ) ) ;
#3422 = VECTOR ( 'NONE', #2154, 1000.000000000000227 ) ;
#3423 = LINE ( 'NONE', #3171, #2544 ) ;
#3424 = EDGE_CURVE ( 'NONE', #433, #2409, #977, .T. ) ;
#3425 = CIRCLE ( 'NONE', #2602, 65.00000000000000000 ) ;
#3426 = ORIENTED_EDGE ( 'NONE', *, *, #2571, .T. ) ;
#3427 = AXIS2_PLACEMENT_3D ( 'NONE', #1956, #2541, #1364 ) ;
#3428 = VERTEX_POINT ( 'NONE', #3436 ) ;
#3429 = ORIENTED_EDGE ( 'NONE', *, *, #2598, .F. ) ;
#3430 = VECTOR ( 'NONE', #134, 1000.000000000000000 ) ;
#3431 = AXIS2_PLACEMENT_3D ( 'NONE', #3154, #3136, #619 ) ;
#3432 = DIRECTION ( 'NONE',  ( 1.000000000000000000, 0.000000000000000000, 0.000000000000000000 ) ) ;
#3433 = DIRECTION ( 'NONE',  ( -0.000000000000000000, -0.000000000000000000, 1.000000000000000000 ) ) ;
#3434 = PRODUCT_DEFINITION_FORMATION_WITH_SPECIFIED_SOURCE ( '�', '', #3159, .NOT_KNOWN. ) ;
#3435 = AXIS2_PLACEMENT_3D ( 'NONE', #1377, #2521, #3660 ) ;
#3436 = CARTESIAN_POINT ( 'NONE',  ( 3259.704029255034584, 948.8264780890553993, -105.0000000000000000 ) ) ;
#3437 = EDGE_CURVE ( 'NONE', #1051, #1619, #2062, .T. ) ;
#3438 = VECTOR ( 'NONE', #3019, 1000.000000000000000 ) ;
#3439 = ORIENTED_EDGE ( 'NONE', *, *, #1032, .F. ) ;
#3440 = CARTESIAN_POINT ( 'NONE',  ( 65.00000000000000000, 0.000000000000000000, -130.0000000000000000 ) ) ;
#3441 = DIRECTION ( 'NONE',  ( 0.000000000000000000, 0.000000000000000000, -1.000000000000000000 ) ) ;
#3442 = LINE ( 'NONE', #3160, #114 ) ;
#3443 = DIRECTION ( 'NONE',  ( 0.4616143160498550335, 0.8870807309472032998, 0.000000000000000000 ) ) ;
#3444 = VERTEX_POINT ( 'NONE', #3207 ) ;
#3445 = ORIENTED_EDGE ( 'NONE', *, *, #1522, .F. ) ;
#3446 = ORIENTED_EDGE ( 'NONE', *, *, #2191, .F. ) ;
#3447 = ADVANCED_FACE ( 'NONE', ( #3462 ), #1797, .F. ) ;
#3448 = DATE_AND_TIME ( #658, #836 ) ;
#3449 = DIRECTION ( 'NONE',  ( 1.000000000000000000, 0.000000000000000000, 0.000000000000000000 ) ) ;
#3450 = ORIENTED_EDGE ( 'NONE', *, *, #3132, .F. ) ;
#3451 = EDGE_CURVE ( 'NONE', #3079, #3060, #918, .T. ) ;
#3452 = ORIENTED_EDGE ( 'NONE', *, *, #350, .F. ) ;
#3453 = LINE ( 'NONE', #641, #957 ) ;
#3454 = DIRECTION ( 'NONE',  ( -1.000000000000000000, 0.000000000000000000, 0.000000000000000000 ) ) ;
#3455 = DIRECTION ( 'NONE',  ( 0.000000000000000000, -0.000000000000000000, -1.000000000000000000 ) ) ;
#3456 = EDGE_LOOP ( 'NONE', ( #1404, #1293, #1390, #1586, #2413, #75, #2996, #1715, #2134, #83, #2373, #2463 ) ) ;
#3457 = ORIENTED_EDGE ( 'NONE', *, *, #1213, .T. ) ;
#3458 = ORIENTED_EDGE ( 'NONE', *, *, #592, .F. ) ;
#3459 = CARTESIAN_POINT ( 'NONE',  ( 64.39926034060060545, -8.816760606001883716, -140.0000000000000000 ) ) ;
#3460 = PLANE ( 'NONE',  #2964 ) ;
#3461 = EDGE_CURVE ( 'NONE', #2843, #1699, #1211, .T. ) ;
#3462 = FACE_OUTER_BOUND ( 'NONE', #1435, .T. ) ;
#3463 = ORIENTED_EDGE ( 'NONE', *, *, #1871, .T. ) ;
#3464 = ORIENTED_EDGE ( 'NONE', *, *, #966, .T. ) ;
#3465 = CARTESIAN_POINT ( 'NONE',  ( 1227.872817737090827, 1180.427987507334592, 82.99999999999998579 ) ) ;
#3466 = EDGE_LOOP ( 'NONE', ( #1578, #1949, #739, #2170 ) ) ;
#3467 = CARTESIAN_POINT ( 'NONE',  ( 0.000000000000000000, 0.000000000000000000, 150.0000000000000284 ) ) ;
#3468 = DIRECTION ( 'NONE',  ( -0.9887691772148655689, -0.1494507082279563914, -0.000000000000000000 ) ) ;
#3469 = LINE ( 'NONE', #1576, #2189 ) ;
#3470 = VECTOR ( 'NONE', #809, 1000.000000000000000 ) ;
#3471 = EDGE_CURVE ( 'NONE', #1436, #3628, #389, .T. ) ;
#3472 = ADVANCED_FACE ( 'NONE', ( #1756, #693 ), #2896, .T. ) ;
#3473 = CARTESIAN_POINT ( 'NONE',  ( 1927.213206220272241, 1662.573725405637333, 43.00000000000000000 ) ) ;
#3474 = ORIENTED_EDGE ( 'NONE', *, *, #335, .F. ) ;
#3475 = CIRCLE ( 'NONE', #173, 490.0078235616616098 ) ;
#3476 = EDGE_LOOP ( 'NONE', ( #1918, #2867, #2165, #2021, #823, #2839, #420 ) ) ;
#3477 = ORIENTED_EDGE ( 'NONE', *, *, #1042, .F. ) ;
#3478 = EDGE_CURVE ( 'NONE', #2435, #3628, #1952, .T. ) ;
#3479 = CARTESIAN_POINT ( 'NONE',  ( 1476.454823750141486, 573.5543973162082239, 135.0000000000000000 ) ) ;
#3480 = AXIS2_PLACEMENT_3D ( 'NONE', #2330, #2293, #2906 ) ;
#3481 = CARTESIAN_POINT ( 'NONE',  ( 1203.951248641350958, 1275.038371358024733, 135.0000000000000000 ) ) ;
#3482 = ORIENTED_EDGE ( 'NONE', *, *, #3547, .F. ) ;
#3483 = CIRCLE ( 'NONE', #179, 490.0078235616616098 ) ;
#3484 = VECTOR ( 'NONE', #1076, 1000.000000000000000 ) ;
#3485 = CARTESIAN_POINT ( 'NONE',  ( 1210.550619652612568, 1284.940997413912100, 105.0000000000000000 ) ) ;
#3486 = VERTEX_POINT ( 'NONE', #2479 ) ;
#3487 = CC_DESIGN_APPROVAL ( #2770, ( #2790 ) ) ;
#3488 = AXIS2_PLACEMENT_3D ( 'NONE', #1789, #2924, #380 ) ;
#3489 = ORIENTED_EDGE ( 'NONE', *, *, #219, .F. ) ;
#3490 = AXIS2_PLACEMENT_3D ( 'NONE', #1417, #2828, #573 ) ;
#3491 = AXIS2_PLACEMENT_3D ( 'NONE', #2510, #2578, #561 ) ;
#3492 = LINE ( 'NONE', #2324, #3328 ) ;
#3493 = EDGE_LOOP ( 'NONE', ( #1102, #2819, #801, #897 ) ) ;
#3494 = FACE_OUTER_BOUND ( 'NONE', #2041, .T. ) ;
#3495 = CARTESIAN_POINT ( 'NONE',  ( 579.8708342162748295, 1980.202666426642054, 135.0000000000000000 ) ) ;
#3496 = CARTESIAN_POINT ( 'NONE',  ( 30.00000000000000000, 0.000000000000000000, -190.0000000000000000 ) ) ;
#3497 = EDGE_CURVE ( 'NONE', #3185, #214, #776, .T. ) ;
#3498 = CARTESIAN_POINT ( 'NONE',  ( 1081.480436830198187, 1187.736147166822093, 150.0000000000000284 ) ) ;
#3499 = CYLINDRICAL_SURFACE ( 'NONE', #2254, 30.00000000000000000 ) ;
#3500 = DIRECTION ( 'NONE',  ( -1.000000000000000000, 0.000000000000000000, 0.000000000000000000 ) ) ;
#3501 = ORIENTED_EDGE ( 'NONE', *, *, #966, .F. ) ;
#3502 = EDGE_LOOP ( 'NONE', ( #64, #1568, #2917, #165 ) ) ;
#3503 = CARTESIAN_POINT ( 'NONE',  ( 1311.293769765892193, 994.8998642608610226, -115.0000000000000000 ) ) ;
#3504 = CARTESIAN_POINT ( 'NONE',  ( 966.4282906591732853, 1050.622338631828597, 82.99999999999998579 ) ) ;
#3505 = EDGE_CURVE ( 'NONE', #3371, #1347, #2678, .T. ) ;
#3506 = DIRECTION ( 'NONE',  ( 0.000000000000000000, -0.000000000000000000, -1.000000000000000000 ) ) ;
#3507 = LINE ( 'NONE', #675, #949 ) ;
#3508 = ORIENTED_EDGE ( 'NONE', *, *, #2325, .F. ) ;
#3509 = PLANE ( 'NONE',  #3609 ) ;
#3510 = ORIENTED_EDGE ( 'NONE', *, *, #736, .T. ) ;
#3511 = EDGE_CURVE ( 'NONE', #3150, #709, #1270, .T. ) ;
#3512 = DIRECTION ( 'NONE',  ( 0.9786376751969829701, 0.2055925598971045931, 0.000000000000000000 ) ) ;
#3513 = ORIENTED_EDGE ( 'NONE', *, *, #1905, .T. ) ;
#3514 = DESIGN_CONTEXT ( 'detailed design', #1152, 'design' ) ;
#3515 = CARTESIAN_POINT ( 'NONE',  ( 781.9345791031230419, 1522.403183421872427, 140.0000000000000000 ) ) ;
#3516 = LINE ( 'NONE', #983, #947 ) ;
#3517 = DIRECTION ( 'NONE',  ( 1.000000000000000000, 0.000000000000000000, 0.000000000000000000 ) ) ;
#3518 = FACE_OUTER_BOUND ( 'NONE', #3295, .T. ) ;
#3519 = DIRECTION ( 'NONE',  ( -1.000000000000000000, 0.000000000000000000, 0.000000000000000000 ) ) ;
#3520 = DIRECTION ( 'NONE',  ( -0.2810323696954837303, -0.9596982896636531146, 0.000000000000000000 ) ) ;
#3521 = ORIENTED_EDGE ( 'NONE', *, *, #1030, .T. ) ;
#3522 = EDGE_CURVE ( 'NONE', #2856, #1198, #2975, .T. ) ;
#3523 = ORIENTED_EDGE ( 'NONE', *, *, #1559, .T. ) ;
#3524 = ORIENTED_EDGE ( 'NONE', *, *, #2573, .F. ) ;
#3525 = CARTESIAN_POINT ( 'NONE',  ( 0.000000000000000000, 0.000000000000000000, -190.0000000000000000 ) ) ;
#3526 = EDGE_CURVE ( 'NONE', #2915, #44, #1330, .T. ) ;
#3527 = CARTESIAN_POINT ( 'NONE',  ( 1257.924866982799813, 1188.646525703049065, 42.99999999999999289 ) ) ;
#3528 = VERTEX_POINT ( 'NONE', #1053 ) ;
#3529 = CARTESIAN_POINT ( 'NONE',  ( 3583.220413673132953, 968.2166417593701908, -108.0000000000000142 ) ) ;
#3530 = EDGE_CURVE ( 'NONE', #2193, #214, #796, .T. ) ;
#3531 = ORIENTED_EDGE ( 'NONE', *, *, #1388, .F. ) ;
#3532 = ADVANCED_FACE ( 'NONE', ( #197 ), #2396, .T. ) ;
#3533 = LINE ( 'NONE', #1881, #3438 ) ;
#3534 = ORIENTED_EDGE ( 'NONE', *, *, #2935, .F. ) ;
#3535 = CARTESIAN_POINT ( 'NONE',  ( 1257.924866982799813, 1188.646525703049065, 42.99999999999999289 ) ) ;
#3536 = LINE ( 'NONE', #1027, #711 ) ;
#3537 = DIRECTION ( 'NONE',  ( -0.000000000000000000, 0.000000000000000000, 1.000000000000000000 ) ) ;
#3538 = CYLINDRICAL_SURFACE ( 'NONE', #1758, 30.00000000000002842 ) ;
#3539 = CARTESIAN_POINT ( 'NONE',  ( 1311.293769765892193, 994.8998642608610226, -150.0000000000000284 ) ) ;
#3540 = CARTESIAN_POINT ( 'NONE',  ( 3346.090394174529592, 1210.673689755841451, 130.0000000000000000 ) ) ;
#3541 = EDGE_LOOP ( 'NONE', ( #2892, #1667, #1750, #2810, #2175, #1969 ) ) ;
#3542 = VERTEX_POINT ( 'NONE', #418 ) ;
#3543 = DIRECTION ( 'NONE',  ( 0.000000000000000000, 0.000000000000000000, 1.000000000000000000 ) ) ;
#3544 = VECTOR ( 'NONE', #472, 999.9999999999998863 ) ;
#3545 = ORIENTED_EDGE ( 'NONE', *, *, #1286, .F. ) ;
#3546 = ORIENTED_EDGE ( 'NONE', *, *, #2768, .T. ) ;
#3547 = EDGE_CURVE ( 'NONE', #1792, #808, #1608, .T. ) ;
#3548 = AXIS2_PLACEMENT_3D ( 'NONE', #27, #1173, #3148 ) ;
#3549 = LINE ( 'NONE', #1626, #779 ) ;
#3550 = ORIENTED_EDGE ( 'NONE', *, *, #2905, .F. ) ;
#3551 = AXIS2_PLACEMENT_3D ( 'NONE', #122, #3560, #3284 ) ;
#3552 = CARTESIAN_POINT ( 'NONE',  ( 3346.090394174529592, 1210.673689755841451, 108.0000000000000142 ) ) ;
#3553 = ORIENTED_EDGE ( 'NONE', *, *, #96, .T. ) ;
#3554 = AXIS2_PLACEMENT_3D ( 'NONE', #3664, #3388, #855 ) ;
#3555 = DIRECTION ( 'NONE',  ( -0.000000000000000000, -0.000000000000000000, 1.000000000000000000 ) ) ;
#3556 = CIRCLE ( 'NONE', #1714, 500.0000000000002274 ) ;
#3557 = LINE ( 'NONE', #2421, #1481 ) ;
#3558 = VERTEX_POINT ( 'NONE', #1899 ) ;
#3559 = CARTESIAN_POINT ( 'NONE',  ( 1024.069928445097048, 1738.092345225269582, -130.0000000000000000 ) ) ;
#3560 = DIRECTION ( 'NONE',  ( -0.000000000000000000, -0.000000000000000000, 1.000000000000000000 ) ) ;
#3561 = LINE ( 'NONE', #1805, #297 ) ;
#3562 = CIRCLE ( 'NONE', #3083, 309.9999999999998295 ) ;
#3563 = AXIS2_PLACEMENT_3D ( 'NONE', #3391, #1963, #1159 ) ;
#3564 = DIRECTION ( 'NONE',  ( 0.000000000000000000, 0.000000000000000000, -1.000000000000000000 ) ) ;
#3565 = CARTESIAN_POINT ( 'NONE',  ( 3572.428216253328173, 1037.379698913113543, 108.0000000000000142 ) ) ;
#3566 = VECTOR ( 'NONE', #2801, 1000.000000000000000 ) ;
#3567 = ORIENTED_EDGE ( 'NONE', *, *, #2339, .T. ) ;
#3568 = VERTEX_POINT ( 'NONE', #2445 ) ;
#3569 = LINE ( 'NONE', #1036, #97 ) ;
#3570 = EDGE_LOOP ( 'NONE', ( #2145, #2514, #3049, #251, #2639, #2251 ) ) ;
#3571 = ORIENTED_EDGE ( 'NONE', *, *, #466, .T. ) ;
#3572 = DIRECTION ( 'NONE',  ( -0.000000000000000000, -0.000000000000000000, 1.000000000000000000 ) ) ;
#3573 = EDGE_CURVE ( 'NONE', #1347, #439, #3549, .T. ) ;
#3574 = DIRECTION ( 'NONE',  ( -0.000000000000000000, -0.000000000000000000, 1.000000000000000000 ) ) ;
#3575 = DIRECTION ( 'NONE',  ( 0.000000000000000000, 0.000000000000000000, 1.000000000000000000 ) ) ;
#3576 = EDGE_CURVE ( 'NONE', #2115, #570, #1018, .T. ) ;
#3577 = CARTESIAN_POINT ( 'NONE',  ( 1915.617102975736998, 1761.899101768085757, 65.00000000000000000 ) ) ;
#3578 = CYLINDRICAL_SURFACE ( 'NONE', #2845, 30.00000000000000000 ) ;
#3579 = DIRECTION ( 'NONE',  ( 0.8870807309472032998, -0.4616143160498550335, 0.000000000000000000 ) ) ;
#3580 = FACE_BOUND ( 'NONE', #3597, .T. ) ;
#3581 = DIRECTION ( 'NONE',  ( 1.000000000000000000, 0.000000000000000000, 0.000000000000000000 ) ) ;
#3582 = ORIENTED_EDGE ( 'NONE', *, *, #1373, .F. ) ;
#3583 = ORIENTED_EDGE ( 'NONE', *, *, #3373, .T. ) ;
#3584 = CYLINDRICAL_SURFACE ( 'NONE', #2350, 99.99999999999987210 ) ;
#3585 = FACE_OUTER_BOUND ( 'NONE', #3493, .T. ) ;
#3586 = EDGE_LOOP ( 'NONE', ( #3231, #231, #451, #2609 ) ) ;
#3587 = EDGE_LOOP ( 'NONE', ( #1620, #3025, #719, #2380 ) ) ;
#3588 = FACE_OUTER_BOUND ( 'NONE', #3274, .T. ) ;
#3589 = DIRECTION ( 'NONE',  ( 0.000000000000000000, 0.000000000000000000, 1.000000000000000000 ) ) ;
#3590 = EDGE_CURVE ( 'NONE', #344, #2738, #995, .T. ) ;
#3591 = CARTESIAN_POINT ( 'NONE',  ( 3572.428216253328173, 1037.379698913113543, 130.0000000000000000 ) ) ;
#3592 = VERTEX_POINT ( 'NONE', #2119 ) ;
#3593 = CYLINDRICAL_SURFACE ( 'NONE', #356, 299.9999999999998295 ) ;
#3594 = DIRECTION ( 'NONE',  ( 0.000000000000000000, 0.000000000000000000, -1.000000000000000000 ) ) ;
#3595 = DIRECTION ( 'NONE',  ( -0.000000000000000000, -0.000000000000000000, 1.000000000000000000 ) ) ;
#3596 = CARTESIAN_POINT ( 'NONE',  ( 1927.213206220272241, 1662.573725405637333, 43.00000000000000000 ) ) ;
#3597 = EDGE_LOOP ( 'NONE', ( #3633, #1092 ) ) ;
#3598 = ORIENTED_EDGE ( 'NONE', *, *, #1246, .T. ) ;
#3599 = CARTESIAN_POINT ( 'NONE',  ( 1210.550619652612568, 1284.940997413912100, 135.0000000000000000 ) ) ;
#3600 = EDGE_CURVE ( 'NONE', #1016, #119, #3248, .T. ) ;
#3601 = EDGE_CURVE ( 'NONE', #975, #1253, #1844, .T. ) ;
#3602 = LINE ( 'NONE', #2235, #1960 ) ;
#3603 = CARTESIAN_POINT ( 'NONE',  ( -47.06294214384740116, 26.07384713627813611, -130.0000000000000000 ) ) ;
#3604 = ADVANCED_FACE ( 'NONE', ( #3588 ), #2144, .F. ) ;
#3605 = LINE ( 'NONE', #2268, #2011 ) ;
#3606 = VERTEX_POINT ( 'NONE', #1583 ) ;
#3607 = DIRECTION ( 'NONE',  ( -0.000000000000000000, -0.000000000000000000, 1.000000000000000000 ) ) ;
#3608 = CARTESIAN_POINT ( 'NONE',  ( 3572.428216253328173, 1037.379698913113543, -108.0000000000000142 ) ) ;
#3609 = AXIS2_PLACEMENT_3D ( 'NONE', #3016, #1821, #2147 ) ;
#3610 = FACE_OUTER_BOUND ( 'NONE', #509, .T. ) ;
#3611 = ORIENTED_EDGE ( 'NONE', *, *, #2031, .F. ) ;
#3612 = VECTOR ( 'NONE', #2870, 1000.000000000000114 ) ;
#3613 = CARTESIAN_POINT ( 'NONE',  ( 2027.213206220272014, 1662.573725405637333, 43.00000000000000000 ) ) ;
#3614 = AXIS2_PLACEMENT_3D ( 'NONE', #1351, #2491, #1648 ) ;
#3615 = DIRECTION ( 'NONE',  ( -0.4616143160498550335, -0.8870807309472032998, 0.000000000000000000 ) ) ;
#3616 = CIRCLE ( 'NONE', #2846, 490.0216242335462198 ) ;
#3617 = CARTESIAN_POINT ( 'NONE',  ( 0.000000000000000000, 0.000000000000000000, -140.0000000000000000 ) ) ;
#3618 = DIRECTION ( 'NONE',  ( -0.000000000000000000, -0.000000000000000000, 1.000000000000000000 ) ) ;
#3619 = EDGE_LOOP ( 'NONE', ( #3059, #1487, #3249, #458 ) ) ;
#3620 = EDGE_CURVE ( 'NONE', #2333, #1198, #175, .T. ) ;
#3621 = ORIENTED_EDGE ( 'NONE', *, *, #803, .F. ) ;
#3622 = CIRCLE ( 'NONE', #3563, 69.99999999999984368 ) ;
#3623 = ORIENTED_EDGE ( 'NONE', *, *, #3036, .F. ) ;
#3624 = LINE ( 'NONE', #1094, #2001 ) ;
#3625 = VECTOR ( 'NONE', #138, 1000.000000000000114 ) ;
#3626 = DIRECTION ( 'NONE',  ( -0.000000000000000000, -0.000000000000000000, -1.000000000000000000 ) ) ;
#3627 = ORIENTED_EDGE ( 'NONE', *, *, #219, .T. ) ;
#3628 = VERTEX_POINT ( 'NONE', #3631 ) ;
#3629 = DIRECTION ( 'NONE',  ( -0.1823542384240915970, -0.9832328980098100635, 0.000000000000000000 ) ) ;
#3630 = DIRECTION ( 'NONE',  ( -1.000000000000000000, 0.000000000000000000, 0.000000000000000000 ) ) ;
#3631 = CARTESIAN_POINT ( 'NONE',  ( -30.00000000000000000, 3.673940397442059178E-15, 190.0000000000000000 ) ) ;
#3632 = CARTESIAN_POINT ( 'NONE',  ( 1541.988273482522118, 1257.230264299567352, 82.99999999999998579 ) ) ;
#3633 = ORIENTED_EDGE ( 'NONE', *, *, #1867, .T. ) ;
#3634 = LINE ( 'NONE', #1026, #2528 ) ;
#3635 = PLANE ( 'NONE',  #1472 ) ;
#3636 = EDGE_LOOP ( 'NONE', ( #2202, #1840, #2422, #441, #606, #2946, #2392 ) ) ;
#3637 = CARTESIAN_POINT ( 'NONE',  ( 1350.913849085894753, 1754.414991341900304, 135.0000000000000000 ) ) ;
#3638 = CARTESIAN_POINT ( 'NONE',  ( 1081.480436830198187, 1187.736147166822093, 140.0000000000000000 ) ) ;
#3639 = EDGE_LOOP ( 'NONE', ( #963, #2179, #1126, #3389 ) ) ;
#3640 = VERTEX_POINT ( 'NONE', #7 ) ;
#3641 = EDGE_CURVE ( 'NONE', #1048, #2163, #1711, .T. ) ;
#3642 = PLANE ( 'NONE',  #1249 ) ;
#3643 = FACE_OUTER_BOUND ( 'NONE', #2980, .T. ) ;
#3644 = DIRECTION ( 'NONE',  ( 0.000000000000000000, 0.000000000000000000, 1.000000000000000000 ) ) ;
#3645 = CARTESIAN_POINT ( 'NONE',  ( 3268.576248845471582, 937.0104710473243586, -130.0000000000000000 ) ) ;
#3646 = EDGE_CURVE ( 'NONE', #2856, #1618, #2895, .T. ) ;
#3647 = ORIENTED_EDGE ( 'NONE', *, *, #643, .F. ) ;
#3648 = ADVANCED_FACE ( 'NONE', ( #829 ), #576, .T. ) ;
#3649 = ADVANCED_FACE ( 'NONE', ( #537 ), #3663, .F. ) ;
#3650 = CC_DESIGN_DATE_AND_TIME_ASSIGNMENT ( #560, #2815, ( #2427 ) ) ;
#3651 = CARTESIAN_POINT ( 'NONE',  ( 0.000000000000000000, 0.000000000000000000, -115.0000000000000000 ) ) ;
#3652 = DIRECTION ( 'NONE',  ( -0.000000000000000000, -0.000000000000000000, -1.000000000000000000 ) ) ;
#3653 = DIRECTION ( 'NONE',  ( 0.9411964128971334054, 0.3378599004758757185, 0.000000000000000000 ) ) ;
#3654 = ORIENTED_EDGE ( 'NONE', *, *, #1559, .F. ) ;
#3655 = FACE_OUTER_BOUND ( 'NONE', #647, .T. ) ;
#3656 = DIRECTION ( 'NONE',  ( 0.9832328980098100635, -0.1823542384240915970, 0.000000000000000000 ) ) ;
#3657 = VERTEX_POINT ( 'NONE', #1993 ) ;
#3658 = ORIENTED_EDGE ( 'NONE', *, *, #3100, .T. ) ;
#3659 = CARTESIAN_POINT ( 'NONE',  ( 1024.069928445096593, 1738.092345225269128, 104.9999999999999858 ) ) ;
#3660 = DIRECTION ( 'NONE',  ( 0.9887691772148655689, 0.1494507082279564192, 0.000000000000000000 ) ) ;
#3661 = EDGE_CURVE ( 'NONE', #276, #3079, #854, .T. ) ;
#3662 = DIRECTION ( 'NONE',  ( -0.4846167061386938424, -0.8747266133663036403, 0.000000000000000000 ) ) ;
#3663 = PLANE ( 'NONE',  #3374 ) ;
#3664 = CARTESIAN_POINT ( 'NONE',  ( 1311.293769765892193, 994.8998642608610226, 135.0000000000000000 ) ) ;
#3665 = VECTOR ( 'NONE', #2733, 1000.000000000000227 ) ;
#3666 = VECTOR ( 'NONE', #60, 1000.000000000000114 ) ;
#3667 = AXIS2_PLACEMENT_3D ( 'NONE', #3552, #3229, #1569 ) ;
#3668 = CARTESIAN_POINT ( 'NONE',  ( 1366.037207927518693, 1300.033370912839246, 115.0000000000000000 ) ) ;
#3669 = PLANE ( 'NONE',  #1656 ) ;
#3670 = CYLINDRICAL_SURFACE ( 'NONE', #2607, 29.99999999999980460 ) ;
#3671 = ORIENTED_EDGE ( 'NONE', *, *, #627, .T. ) ;
#3672 = AXIS2_PLACEMENT_3D ( 'NONE', #151, #2951, #1306 ) ;
#3673 = VECTOR ( 'NONE', #2799, 1000.000000000000000 ) ;
#3674 = CARTESIAN_POINT ( 'NONE',  ( 1927.213206220272241, 1662.573725405637333, 65.00000000000000000 ) ) ;
#3675 = AXIS2_PLACEMENT_3D ( 'NONE', #2266, #2818, #788 ) ;
#3676 = LINE ( 'NONE', #810, #2665 ) ;
#3677 = VECTOR ( 'NONE', #1689, 1000.000000000000000 ) ;
ENDSEC;
END-ISO-10303-21;
