ISO-10303-21;
HEADER;
FILE_DESCRIPTION (( 'STEP AP203' ),
    '1' );
FILE_NAME ('bucket_XCGM_V01_Default_sldprt.STEP',
    '2026-08-17T06:14:00',
    ( '' ),
    ( '' ),
    'SwSTEP 2.0',
    'SolidWorks 2026',
    '' );
FILE_SCHEMA (( 'CONFIG_CONTROL_DESIGN' ));
ENDSEC;

DATA;
#1 = ORIENTED_EDGE ( 'NONE', *, *, #1728, .T. ) ;
#2 = SECURITY_CLASSIFICATION ( '', '', #449 ) ;
#3 = LINE ( 'NONE', #2090, #465 ) ;
#4 = DIRECTION ( 'NONE',  ( -1.000000000000000000, 2.713878504639272157E-15, 0.000000000000000000 ) ) ;
#5 = CIRCLE ( 'NONE', #2932, 259.9999999999998863 ) ;
#6 = ORIENTED_EDGE ( 'NONE', *, *, #440, .T. ) ;
#7 = DIRECTION ( 'NONE',  ( -0.000000000000000000, -0.000000000000000000, 1.000000000000000000 ) ) ;
#8 = DIRECTION ( 'NONE',  ( 1.000000000000000000, 0.000000000000000000, 0.000000000000000000 ) ) ;
#9 = AXIS2_PLACEMENT_3D ( 'NONE', #964, #1901, #62 ) ;
#10 = EDGE_CURVE ( 'NONE', #935, #996, #499, .T. ) ;
#11 = CARTESIAN_POINT ( 'NONE',  ( 731.7947010035277344, 671.7514421272165919, -132.5000000000000000 ) ) ;
#12 = EDGE_CURVE ( 'NONE', #2704, #907, #1572, .T. ) ;
#13 = CARTESIAN_POINT ( 'NONE',  ( 711.9094155032546496, 1000.576926413370188, 147.5000000000000284 ) ) ;
#14 = CC_DESIGN_PERSON_AND_ORGANIZATION_ASSIGNMENT ( #2834, #1401, ( #2501 ) ) ;
#15 = ORIENTED_EDGE ( 'NONE', *, *, #2118, .T. ) ;
#16 = VERTEX_POINT ( 'NONE', #455 ) ;
#17 = CYLINDRICAL_SURFACE ( 'NONE', #2135, 30.00000000000002842 ) ;
#18 = LINE ( 'NONE', #2159, #2334 ) ;
#19 = DIRECTION ( 'NONE',  ( -1.000000000000000000, 0.000000000000000000, -0.000000000000000000 ) ) ;
#20 = PLANE ( 'NONE',  #1926 ) ;
#21 = EDGE_CURVE ( 'NONE', #1218, #1373, #896, .T. ) ;
#22 = LINE ( 'NONE', #976, #1000 ) ;
#23 = CARTESIAN_POINT ( 'NONE',  ( 72.54293980311344114, 30.00000000000000000, -287.5000000000000568 ) ) ;
#24 = CARTESIAN_POINT ( 'NONE',  ( 495.0432588763023887, 753.4421012924627803, -374.9999999999999432 ) ) ;
#25 = ORIENTED_EDGE ( 'NONE', *, *, #3060, .T. ) ;
#26 = ORIENTED_EDGE ( 'NONE', *, *, #2521, .F. ) ;
#27 = ORIENTED_EDGE ( 'NONE', *, *, #2417, .T. ) ;
#28 = EDGE_CURVE ( 'NONE', #2008, #2629, #1656, .T. ) ;
#29 = DIRECTION ( 'NONE',  ( -0.9781476007338069101, -0.2079116908177529588, -0.000000000000000000 ) ) ;
#30 = DIRECTION ( 'NONE',  ( -0.000000000000000000, -0.000000000000000000, -1.000000000000000000 ) ) ;
#31 = DIRECTION ( 'NONE',  ( -0.6427876096865433597, -0.7660444431189745718, 0.000000000000000000 ) ) ;
#32 = DIRECTION ( 'NONE',  ( 1.000000000000000000, 0.000000000000000000, -0.000000000000000000 ) ) ;
#33 = LINE ( 'NONE', #1492, #2887 ) ;
#34 = DIRECTION ( 'NONE',  ( -0.000000000000000000, -0.000000000000000000, 1.000000000000000000 ) ) ;
#35 = FACE_OUTER_BOUND ( 'NONE', #1949, .T. ) ;
#36 = VERTEX_POINT ( 'NONE', #1026 ) ;
#37 = VECTOR ( 'NONE', #539, 1000.000000000000000 ) ;
#38 = VECTOR ( 'NONE', #985, 1000.000000000000000 ) ;
#39 = EDGE_CURVE ( 'NONE', #2126, #1964, #2160, .T. ) ;
#40 = ORIENTED_EDGE ( 'NONE', *, *, #2462, .T. ) ;
#41 = ORIENTED_EDGE ( 'NONE', *, *, #1374, .T. ) ;
#42 = AXIS2_PLACEMENT_3D ( 'NONE', #254, #51, #239 ) ;
#43 = DIRECTION ( 'NONE',  ( -0.000000000000000000, -0.000000000000000000, 1.000000000000000000 ) ) ;
#44 = DIRECTION ( 'NONE',  ( -0.000000000000000000, 0.000000000000000000, 1.000000000000000000 ) ) ;
#45 = AXIS2_PLACEMENT_3D ( 'NONE', #2242, #1969, #775 ) ;
#46 = ORIENTED_EDGE ( 'NONE', *, *, #653, .T. ) ;
#47 = FACE_OUTER_BOUND ( 'NONE', #418, .T. ) ;
#48 = AXIS2_PLACEMENT_3D ( 'NONE', #962, #265, #2379 ) ;
#49 = DIRECTION ( 'NONE',  ( 1.000000000000000000, 0.000000000000000000, 0.000000000000000000 ) ) ;
#50 = DIRECTION ( 'NONE',  ( 1.000000000000000000, 0.000000000000000000, 0.000000000000000000 ) ) ;
#51 = DIRECTION ( 'NONE',  ( 0.000000000000000000, -0.000000000000000000, 1.000000000000000000 ) ) ;
#52 = VECTOR ( 'NONE', #161, 1000.000000000000000 ) ;
#53 = AXIS2_PLACEMENT_3D ( 'NONE', #2756, #3046, #1386 ) ;
#54 = ORIENTED_EDGE ( 'NONE', *, *, #2459, .T. ) ;
#55 = LINE ( 'NONE', #749, #1771 ) ;
#56 = ORIENTED_EDGE ( 'NONE', *, *, #440, .F. ) ;
#57 = CARTESIAN_POINT ( 'NONE',  ( 557.7051220320730636, 15.00000000000001421, -360.0000000000000000 ) ) ;
#58 = VERTEX_POINT ( 'NONE', #1012 ) ;
#59 = ORIENTED_EDGE ( 'NONE', *, *, #2511, .T. ) ;
#60 = LINE ( 'NONE', #93, #2089 ) ;
#61 = ORIENTED_EDGE ( 'NONE', *, *, #1360, .F. ) ;
#62 = DIRECTION ( 'NONE',  ( 1.000000000000000000, 0.000000000000000000, 0.000000000000000000 ) ) ;
#63 = CARTESIAN_POINT ( 'NONE',  ( -77.39273981545696302, -2.500000000000028866, 287.5000000000000000 ) ) ;
#64 = DIRECTION ( 'NONE',  ( -1.000000000000000000, 0.000000000000000000, 0.000000000000000000 ) ) ;
#65 = ADVANCED_FACE ( 'NONE', ( #2635 ), #1967, .T. ) ;
#66 = EDGE_CURVE ( 'NONE', #1195, #88, #2442, .T. ) ;
#67 = ORIENTED_EDGE ( 'NONE', *, *, #1663, .F. ) ;
#68 = DIRECTION ( 'NONE',  ( -0.000000000000000000, -0.000000000000000000, -1.000000000000000000 ) ) ;
#69 = EDGE_CURVE ( 'NONE', #1860, #74, #498, .T. ) ;
#70 = ORIENTED_EDGE ( 'NONE', *, *, #2559, .T. ) ;
#71 = CARTESIAN_POINT ( 'NONE',  ( 281.5699773444789571, 264.0052625900503926, 375.0000000000000000 ) ) ;
#72 = EDGE_LOOP ( 'NONE', ( #1347, #2206, #1249, #2718 ) ) ;
#73 = ORIENTED_EDGE ( 'NONE', *, *, #1213, .F. ) ;
#74 = VERTEX_POINT ( 'NONE', #277 ) ;
#75 = DIRECTION ( 'NONE',  ( 1.000000000000000000, 0.000000000000000000, 0.000000000000000000 ) ) ;
#76 = ORIENTED_EDGE ( 'NONE', *, *, #2772, .T. ) ;
#77 = CARTESIAN_POINT ( 'NONE',  ( 493.4019154037769681, 697.9253453360322510, 147.5000000000000284 ) ) ;
#78 = CARTESIAN_POINT ( 'NONE',  ( 731.7947010035277344, 671.7514421272165919, -100.0000000000000000 ) ) ;
#79 = EDGE_CURVE ( 'NONE', #1277, #783, #2880, .T. ) ;
#80 = ORIENTED_EDGE ( 'NONE', *, *, #2291, .F. ) ;
#81 = VERTEX_POINT ( 'NONE', #1952 ) ;
#82 = DIRECTION ( 'NONE',  ( -4.625929269271489858E-16, 1.000000000000000000, -0.000000000000000000 ) ) ;
#83 = ORIENTED_EDGE ( 'NONE', *, *, #1521, .T. ) ;
#84 = EDGE_CURVE ( 'NONE', #1427, #274, #2868, .T. ) ;
#85 = DIRECTION ( 'NONE',  ( -0.000000000000000000, -0.000000000000000000, 1.000000000000000000 ) ) ;
#86 = EDGE_CURVE ( 'NONE', #392, #891, #2414, .T. ) ;
#87 = AXIS2_PLACEMENT_3D ( 'NONE', #247, #1157, #961 ) ;
#88 = VERTEX_POINT ( 'NONE', #1694 ) ;
#89 = ORIENTED_EDGE ( 'NONE', *, *, #2202, .F. ) ;
#90 = ORIENTED_EDGE ( 'NONE', *, *, #1713, .T. ) ;
#91 = CARTESIAN_POINT ( 'NONE',  ( 60.04325887630427871, 0.000000000000000000, 352.5000000000000000 ) ) ;
#92 = VECTOR ( 'NONE', #3039, 1000.000000000000000 ) ;
#93 = CARTESIAN_POINT ( 'NONE',  ( 72.54293980311344114, 0.000000000000000000, -352.5000000000000568 ) ) ;
#94 = EDGE_CURVE ( 'NONE', #2145, #1743, #1721, .T. ) ;
#95 = AXIS2_PLACEMENT_3D ( 'NONE', #2447, #122, #853 ) ;
#96 = DIRECTION ( 'NONE',  ( -0.000000000000000000, -0.000000000000000000, -1.000000000000000000 ) ) ;
#97 = LINE ( 'NONE', #2457, #489 ) ;
#98 = VECTOR ( 'NONE', #1587, 1000.000000000000000 ) ;
#99 = LINE ( 'NONE', #1003, #1146 ) ;
#100 = VECTOR ( 'NONE', #704, 1000.000000000000000 ) ;
#101 = CIRCLE ( 'NONE', #1393, 449.9999999999999432 ) ;
#102 = VERTEX_POINT ( 'NONE', #1705 ) ;
#103 = AXIS2_PLACEMENT_3D ( 'NONE', #2902, #2657, #780 ) ;
#104 = VERTEX_POINT ( 'NONE', #526 ) ;
#105 = CIRCLE ( 'NONE', #1834, 259.9999999999998863 ) ;
#106 = EDGE_CURVE ( 'NONE', #3007, #907, #2663, .T. ) ;
#107 = LINE ( 'NONE', #1030, #793 ) ;
#108 = ORIENTED_EDGE ( 'NONE', *, *, #2714, .T. ) ;
#109 = CC_DESIGN_PERSON_AND_ORGANIZATION_ASSIGNMENT ( #1429, #1872, ( #2 ) ) ;
#110 = VERTEX_POINT ( 'NONE', #517 ) ;
#111 = ORIENTED_EDGE ( 'NONE', *, *, #338, .T. ) ;
#112 = ORIENTED_EDGE ( 'NONE', *, *, #1488, .T. ) ;
#113 = DIRECTION ( 'NONE',  ( -0.000000000000000000, -0.000000000000000000, -1.000000000000000000 ) ) ;
#114 = MECHANICAL_CONTEXT ( 'NONE', #1388, 'mechanical' ) ;
#115 = PRODUCT_DEFINITION_SHAPE ( 'NONE', 'NONE',  #2501 ) ;
#116 = CARTESIAN_POINT ( 'NONE',  ( 0.000000000000000000, 0.000000000000000000, -287.5000000000000568 ) ) ;
#117 = CARTESIAN_POINT ( 'NONE',  ( 757.1285194422267750, 405.9713065200224946, -147.5000000000000284 ) ) ;
#118 = CARTESIAN_POINT ( 'NONE',  ( 731.7947010035277344, 671.7514421272165919, -100.0000000000000000 ) ) ;
#119 = EDGE_LOOP ( 'NONE', ( #196, #415 ) ) ;
#120 = EDGE_CURVE ( 'NONE', #175, #935, #742, .T. ) ;
#121 = ORIENTED_EDGE ( 'NONE', *, *, #534, .F. ) ;
#122 = DIRECTION ( 'NONE',  ( -0.000000000000000000, -0.000000000000000000, 1.000000000000000000 ) ) ;
#123 = LINE ( 'NONE', #1977, #2824 ) ;
#124 = DIRECTION ( 'NONE',  ( -0.6427876096865433597, -0.7660444431189745718, 0.000000000000000000 ) ) ;
#125 = EDGE_CURVE ( 'NONE', #584, #2335, #2396, .T. ) ;
#126 = ORIENTED_EDGE ( 'NONE', *, *, #1350, .F. ) ;
#127 = ORIENTED_EDGE ( 'NONE', *, *, #134, .F. ) ;
#128 = DIRECTION ( 'NONE',  ( -0.000000000000000000, -0.000000000000000000, 1.000000000000000000 ) ) ;
#129 = APPLICATION_PROTOCOL_DEFINITION ( 'international standard', 'config_control_design', 1994, #2398 ) ;
#130 = ORIENTED_EDGE ( 'NONE', *, *, #3068, .F. ) ;
#131 = CARTESIAN_POINT ( 'NONE',  ( 72.54293980311345535, -29.99999999999997513, -287.5000000000000568 ) ) ;
#132 = FACE_OUTER_BOUND ( 'NONE', #495, .T. ) ;
#133 = CARTESIAN_POINT ( 'NONE',  ( -77.39273981545696302, -2.500000000000028866, 192.5000000000000000 ) ) ;
#134 = EDGE_CURVE ( 'NONE', #1964, #1993, #2201, .T. ) ;
#135 = ORIENTED_EDGE ( 'NONE', *, *, #1559, .T. ) ;
#136 = DIRECTION ( 'NONE',  ( 0.000000000000000000, 0.000000000000000000, 1.000000000000000000 ) ) ;
#137 = VECTOR ( 'NONE', #1487, 1000.000000000000000 ) ;
#138 = CARTESIAN_POINT ( 'NONE',  ( 495.0432588763023887, 753.4421012924627803, -132.5000000000000000 ) ) ;
#139 = VERTEX_POINT ( 'NONE', #286 ) ;
#140 = LINE ( 'NONE', #2239, #1889 ) ;
#141 = CARTESIAN_POINT ( 'NONE',  ( 72.54293980311344114, 0.000000000000000000, -32.50000000000000000 ) ) ;
#142 = VECTOR ( 'NONE', #2266, 1000.000000000000000 ) ;
#143 = EDGE_CURVE ( 'NONE', #2335, #2959, #2677, .T. ) ;
#144 = ORIENTED_EDGE ( 'NONE', *, *, #2854, .F. ) ;
#145 = AXIS2_PLACEMENT_3D ( 'NONE', #662, #2278, #155 ) ;
#146 = CARTESIAN_POINT ( 'NONE',  ( 671.7947010035275071, 671.7514421272165919, 132.5000000000000000 ) ) ;
#147 = CARTESIAN_POINT ( 'NONE',  ( -77.39273981545696302, -2.500000000000028866, 127.5000000000000000 ) ) ;
#148 = CARTESIAN_POINT ( 'NONE',  ( 72.54293980311344114, 30.00000000000000000, 32.50000000000000000 ) ) ;
#149 = AXIS2_PLACEMENT_3D ( 'NONE', #1959, #2461, #2974 ) ;
#150 = DIRECTION ( 'NONE',  ( -0.000000000000000000, -0.000000000000000000, -1.000000000000000000 ) ) ;
#151 = CIRCLE ( 'NONE', #1879, 30.00000000000002842 ) ;
#152 = CARTESIAN_POINT ( 'NONE',  ( 374.1516372052099655, 447.1123421648817953, 360.0000000000000000 ) ) ;
#153 = CIRCLE ( 'NONE', #2433, 100.0000000000000853 ) ;
#154 = VECTOR ( 'NONE', #661, 1000.000000000000000 ) ;
#155 = DIRECTION ( 'NONE',  ( -1.000000000000000000, 0.000000000000000000, 0.000000000000000000 ) ) ;
#156 = LINE ( 'NONE', #2732, #554 ) ;
#157 = EDGE_LOOP ( 'NONE', ( #2227, #680, #1548, #730 ) ) ;
#158 = VECTOR ( 'NONE', #2030, 1000.000000000000000 ) ;
#159 = ORIENTED_EDGE ( 'NONE', *, *, #2918, .F. ) ;
#160 = CARTESIAN_POINT ( 'NONE',  ( 72.54293980311344114, 14.89653965080597153, 375.0000000000000000 ) ) ;
#161 = DIRECTION ( 'NONE',  ( -4.625929269271489858E-16, 1.000000000000000000, -0.000000000000000000 ) ) ;
#162 = ORIENTED_EDGE ( 'NONE', *, *, #607, .T. ) ;
#163 = ORIENTED_EDGE ( 'NONE', *, *, #1192, .F. ) ;
#164 = DIRECTION ( 'NONE',  ( 0.000000000000000000, 0.000000000000000000, 1.000000000000000000 ) ) ;
#165 = LINE ( 'NONE', #1112, #3074 ) ;
#166 = LINE ( 'NONE', #1113, #3030 ) ;
#167 = ORIENTED_EDGE ( 'NONE', *, *, #2888, .T. ) ;
#168 = DIRECTION ( 'NONE',  ( 0.1804027099608671303, -0.9835928335641610509, 0.000000000000000000 ) ) ;
#169 = ADVANCED_FACE ( 'NONE', ( #557 ), #1435, .F. ) ;
#170 = ADVANCED_FACE ( 'NONE', ( #47, #303 ), #268, .T. ) ;
#171 = LINE ( 'NONE', #2794, #609 ) ;
#172 = EDGE_CURVE ( 'NONE', #1964, #2726, #2740, .T. ) ;
#173 = CYLINDRICAL_SURFACE ( 'NONE', #2376, 30.00000000000002842 ) ;
#174 = CARTESIAN_POINT ( 'NONE',  ( 719.6658009126481375, 740.6926473863752562, -147.5000000000000284 ) ) ;
#175 = VERTEX_POINT ( 'NONE', #877 ) ;
#176 = ORIENTED_EDGE ( 'NONE', *, *, #1805, .T. ) ;
#177 = EDGE_LOOP ( 'NONE', ( #1499, #3053, #1720, #351 ) ) ;
#178 = CARTESIAN_POINT ( 'NONE',  ( 731.7947010035277344, 671.7514421272165919, -147.5000000000000284 ) ) ;
#179 = CARTESIAN_POINT ( 'NONE',  ( 281.5699773444789571, 264.0052625900503926, 375.0000000000000000 ) ) ;
#180 = ORIENTED_EDGE ( 'NONE', *, *, #2459, .F. ) ;
#181 = ORIENTED_EDGE ( 'NONE', *, *, #1486, .T. ) ;
#182 = DIRECTION ( 'NONE',  ( -1.000000000000000000, 0.000000000000000000, 0.000000000000000000 ) ) ;
#183 = DIRECTION ( 'NONE',  ( -0.000000000000000000, -0.000000000000000000, 1.000000000000000000 ) ) ;
#184 = DIRECTION ( 'NONE',  ( -0.000000000000000000, -0.000000000000000000, -1.000000000000000000 ) ) ;
#185 = ORIENTED_EDGE ( 'NONE', *, *, #3068, .T. ) ;
#186 = EDGE_CURVE ( 'NONE', #1997, #1760, #1795, .T. ) ;
#187 = DIRECTION ( 'NONE',  ( -0.000000000000000000, -0.000000000000000000, 1.000000000000000000 ) ) ;
#188 = LINE ( 'NONE', #1854, #2033 ) ;
#189 = CARTESIAN_POINT ( 'NONE',  ( 658.9404067749652540, 648.6763040780858773, 375.0000000000000000 ) ) ;
#190 = LINE ( 'NONE', #839, #1442 ) ;
#191 = ORIENTED_EDGE ( 'NONE', *, *, #125, .T. ) ;
#192 = ORIENTED_EDGE ( 'NONE', *, *, #883, .F. ) ;
#193 = EDGE_CURVE ( 'NONE', #16, #104, #343, .T. ) ;
#194 = CARTESIAN_POINT ( 'NONE',  ( 711.9094155032546496, 1000.576926413370188, 132.5000000000000000 ) ) ;
#195 = EDGE_CURVE ( 'NONE', #996, #617, #1780, .T. ) ;
#196 = ORIENTED_EDGE ( 'NONE', *, *, #1127, .F. ) ;
#197 = DIRECTION ( 'NONE',  ( 0.3750298927712786279, -0.9270127181047534970, 0.000000000000000000 ) ) ;
#198 = DIRECTION ( 'NONE',  ( -0.000000000000000000, -0.000000000000000000, -1.000000000000000000 ) ) ;
#199 = CARTESIAN_POINT ( 'NONE',  ( 671.7947010035275071, 671.7514421272165919, 100.0000000000000000 ) ) ;
#200 = ADVANCED_FACE ( 'NONE', ( #2754 ), #2707, .F. ) ;
#201 = DIRECTION ( 'NONE',  ( -0.000000000000000000, -0.000000000000000000, -1.000000000000000000 ) ) ;
#202 = ORIENTED_EDGE ( 'NONE', *, *, #1194, .T. ) ;
#203 = AXIS2_PLACEMENT_3D ( 'NONE', #2545, #1624, #1345 ) ;
#204 = LINE ( 'NONE', #2508, #1033 ) ;
#205 = CARTESIAN_POINT ( 'NONE',  ( -77.39273981545696302, -2.500000000000028866, -127.5000000000000000 ) ) ;
#206 = VECTOR ( 'NONE', #2665, 1000.000000000000114 ) ;
#207 = FACE_OUTER_BOUND ( 'NONE', #568, .T. ) ;
#208 = DIRECTION ( 'NONE',  ( 1.000000000000000000, 0.000000000000000000, 0.000000000000000000 ) ) ;
#209 = EDGE_LOOP ( 'NONE', ( #2951, #294, #2350, #2899, #796, #2934, #2068, #1857, #2304 ) ) ;
#210 = ORIENTED_EDGE ( 'NONE', *, *, #84, .F. ) ;
#211 = CIRCLE ( 'NONE', #2178, 100.0000000000000853 ) ;
#212 = VECTOR ( 'NONE', #2412, 1000.000000000000000 ) ;
#213 = DIRECTION ( 'NONE',  ( 0.000000000000000000, -0.000000000000000000, -1.000000000000000000 ) ) ;
#214 = COORDINATED_UNIVERSAL_TIME_OFFSET ( 8, 0, .AHEAD. ) ;
#215 = APPROVAL_PERSON_ORGANIZATION ( #1316, #1525, #1330 ) ;
#216 = AXIS2_PLACEMENT_3D ( 'NONE', #2362, #1381, #3042 ) ;
#217 = ORIENTED_EDGE ( 'NONE', *, *, #521, .T. ) ;
#218 = VECTOR ( 'NONE', #761, 1000.000000000000000 ) ;
#219 = LINE ( 'NONE', #1632, #1469 ) ;
#220 = DIRECTION ( 'NONE',  ( -1.000000000000000000, 0.000000000000000000, 0.000000000000000000 ) ) ;
#221 = DIRECTION ( 'NONE',  ( -0.000000000000000000, -0.000000000000000000, 1.000000000000000000 ) ) ;
#222 = EDGE_CURVE ( 'NONE', #2619, #3043, #634, .T. ) ;
#223 = EDGE_CURVE ( 'NONE', #2265, #2109, #1335, .T. ) ;
#224 = PLANE ( 'NONE',  #1475 ) ;
#225 = PLANE ( 'NONE',  #353 ) ;
#226 = ORIENTED_EDGE ( 'NONE', *, *, #2647, .T. ) ;
#227 = ORIENTED_EDGE ( 'NONE', *, *, #86, .F. ) ;
#228 = MANIFOLD_SOLID_BREP ( 'Mirror3', #251 ) ;
#229 = FACE_OUTER_BOUND ( 'NONE', #993, .T. ) ;
#230 = ADVANCED_FACE ( 'NONE', ( #372 ), #2240, .F. ) ;
#231 = VERTEX_POINT ( 'NONE', #2252 ) ;
#232 = DIRECTION ( 'NONE',  ( -0.000000000000000000, -0.000000000000000000, 1.000000000000000000 ) ) ;
#233 = CARTESIAN_POINT ( 'NONE',  ( 791.7793077029017468, 320.3202103563608034, 375.0000000000000000 ) ) ;
#234 = FACE_BOUND ( 'NONE', #1497, .T. ) ;
#235 = CARTESIAN_POINT ( 'NONE',  ( 72.54293980311344114, 0.000000000000000000, -32.50000000000000000 ) ) ;
#236 = DIRECTION ( 'NONE',  ( 0.000000000000000000, -1.000000000000000000, 0.000000000000000000 ) ) ;
#237 = DIRECTION ( 'NONE',  ( -0.000000000000000000, -0.000000000000000000, -1.000000000000000000 ) ) ;
#238 = EDGE_CURVE ( 'NONE', #783, #2081, #1519, .T. ) ;
#239 = DIRECTION ( 'NONE',  ( -1.000000000000000000, 0.000000000000000000, 0.000000000000000000 ) ) ;
#240 = FACE_OUTER_BOUND ( 'NONE', #1107, .T. ) ;
#241 = CARTESIAN_POINT ( 'NONE',  ( 404.3598428088391188, 650.0000000000000000, -360.0000000000000000 ) ) ;
#242 = EDGE_LOOP ( 'NONE', ( #532, #571, #2167, #1616 ) ) ;
#243 = ORIENTED_EDGE ( 'NONE', *, *, #658, .T. ) ;
#244 = CARTESIAN_POINT ( 'NONE',  ( 72.54293980311344114, 30.00000000000000000, -287.5000000000000568 ) ) ;
#245 = DATE_AND_TIME ( #1651, #2485 ) ;
#246 = EDGE_LOOP ( 'NONE', ( #2688, #1957, #202, #2864 ) ) ;
#247 = CARTESIAN_POINT ( 'NONE',  ( 791.7793077029017468, 320.3202103563608034, 375.0000000000000000 ) ) ;
#248 = EDGE_CURVE ( 'NONE', #1164, #872, #1304, .T. ) ;
#249 = LINE ( 'NONE', #1184, #2835 ) ;
#250 = DIRECTION ( 'NONE',  ( 0.5735764363510439390, 0.8191520442889933529, -0.000000000000000000 ) ) ;
#251 = CLOSED_SHELL ( 'NONE', ( #1718, #2400, #1081, #916, #1735, #1217, #1171, #1114, #1331, #1856, #2273, #2161, #2895, #884, #404, #1736, #2833, #65, #425, #1511, #503, #1296, #2390, #1945, #377, #980, #322, #1970, #2177, #767, #1770, #459, #230, #1257, #745, #1431, #867, #1093, #2758, #2523, #2144, #631, #681, #1643, #2095, #316, #501, #2437, #2654, #2827, #572, #2863, #632, #200, #2476, #2423, #2625, #999, #2737, #668, #426, #2870, #1614, #1843, #1915, #302, #1491, #169, #2602, #1079, #956, #2847, #1962, #901, #2403, #403, #2044, #2502, #959, #3023, #743, #927, #2696, #2244, #2861, #2075, #556, #731, #170, #405, #1281, #817 ) ) ;
#252 = DIRECTION ( 'NONE',  ( 1.000000000000000000, 0.000000000000000000, 0.000000000000000000 ) ) ;
#253 = CARTESIAN_POINT ( 'NONE',  ( 250.8434527926973203, -60.88786974927510443, 360.0000000000000000 ) ) ;
#254 = CARTESIAN_POINT ( 'NONE',  ( 495.0432588763023887, 753.4421012924627803, -132.5000000000000000 ) ) ;
#255 = VECTOR ( 'NONE', #1867, 1000.000000000000000 ) ;
#256 = DIRECTION ( 'NONE',  ( -0.000000000000000000, -0.000000000000000000, 1.000000000000000000 ) ) ;
#257 = VECTOR ( 'NONE', #1006, 1000.000000000000000 ) ;
#258 = ORIENTED_EDGE ( 'NONE', *, *, #2392, .T. ) ;
#259 = AXIS2_PLACEMENT_3D ( 'NONE', #1523, #1294, #2475 ) ;
#260 = VECTOR ( 'NONE', #236, 1000.000000000000000 ) ;
#261 = AXIS2_PLACEMENT_3D ( 'NONE', #2425, #1752, #604 ) ;
#262 = VECTOR ( 'NONE', #1104, 1000.000000000000000 ) ;
#263 = ORIENTED_EDGE ( 'NONE', *, *, #1804, .T. ) ;
#264 = EDGE_CURVE ( 'NONE', #507, #2829, #2001, .T. ) ;
#265 = DIRECTION ( 'NONE',  ( -1.000000000000000000, -4.625929269271489858E-16, 0.000000000000000000 ) ) ;
#266 = CARTESIAN_POINT ( 'NONE',  ( -77.39273981545696302, 2.499999999999971578, -352.5000000000000568 ) ) ;
#267 = CIRCLE ( 'NONE', #1445, 69.99999999999984368 ) ;
#268 = PLANE ( 'NONE',  #2624 ) ;
#269 = FACE_OUTER_BOUND ( 'NONE', #2317, .T. ) ;
#270 = CARTESIAN_POINT ( 'NONE',  ( 660.8802517721845788, 162.3493558837002411, -360.0000000000000000 ) ) ;
#271 = DIRECTION ( 'NONE',  ( -0.000000000000000000, -0.000000000000000000, 1.000000000000000000 ) ) ;
#272 = EDGE_CURVE ( 'NONE', #2949, #1755, #2290, .T. ) ;
#273 = EDGE_LOOP ( 'NONE', ( #56, #1913, #2348, #2892, #1758, #2035, #2114 ) ) ;
#274 = VERTEX_POINT ( 'NONE', #146 ) ;
#275 = CARTESIAN_POINT ( 'NONE',  ( 72.54293980311345535, -29.99999999999997513, 352.5000000000000000 ) ) ;
#276 = DIRECTION ( 'NONE',  ( 1.000000000000000000, 0.000000000000000000, 0.000000000000000000 ) ) ;
#277 = CARTESIAN_POINT ( 'NONE',  ( 425.0432588763025592, 753.4421012924627803, 147.5000000000000284 ) ) ;
#278 = LINE ( 'NONE', #3063, #2482 ) ;
#279 = CYLINDRICAL_SURFACE ( 'NONE', #2133, 69.99999999999995737 ) ;
#280 = EDGE_CURVE ( 'NONE', #74, #2811, #1430, .T. ) ;
#281 = CARTESIAN_POINT ( 'NONE',  ( 0.000000000000000000, 0.000000000000000000, -192.5000000000000000 ) ) ;
#282 = EDGE_LOOP ( 'NONE', ( #2819, #1563, #1759, #1652, #616, #2850, #586 ) ) ;
#283 = ORIENTED_EDGE ( 'NONE', *, *, #367, .F. ) ;
#284 = DIRECTION ( 'NONE',  ( 0.000000000000000000, 0.000000000000000000, 1.000000000000000000 ) ) ;
#285 = CARTESIAN_POINT ( 'NONE',  ( 731.7947010035277344, 671.7514421272165919, -147.5000000000000284 ) ) ;
#286 = CARTESIAN_POINT ( 'NONE',  ( 72.54293980311345535, 14.89653965080599995, 287.5000000000000000 ) ) ;
#287 = VECTOR ( 'NONE', #1737, 1000.000000000000000 ) ;
#288 = LINE ( 'NONE', #1212, #1161 ) ;
#289 = DIRECTION ( 'NONE',  ( -0.000000000000000000, 1.000000000000000000, -0.000000000000000000 ) ) ;
#290 = LINE ( 'NONE', #2174, #2582 ) ;
#291 = ORIENTED_EDGE ( 'NONE', *, *, #2643, .F. ) ;
#292 = AXIS2_PLACEMENT_3D ( 'NONE', #2305, #1653, #182 ) ;
#293 = LINE ( 'NONE', #1426, #1031 ) ;
#294 = ORIENTED_EDGE ( 'NONE', *, *, #1714, .T. ) ;
#295 = CARTESIAN_POINT ( 'NONE',  ( 72.54293980311344114, 30.00000000000000000, -127.5000000000000000 ) ) ;
#296 = ORIENTED_EDGE ( 'NONE', *, *, #2296, .T. ) ;
#297 = ORIENTED_EDGE ( 'NONE', *, *, #1559, .F. ) ;
#298 = VECTOR ( 'NONE', #2434, 1000.000000000000000 ) ;
#299 = LINE ( 'NONE', #551, #2028 ) ;
#300 = VECTOR ( 'NONE', #2146, 1000.000000000000000 ) ;
#301 = CIRCLE ( 'NONE', #1390, 99.99999999999997158 ) ;
#302 = ADVANCED_FACE ( 'NONE', ( #1291 ), #2456, .T. ) ;
#303 = FACE_BOUND ( 'NONE', #2797, .T. ) ;
#304 = CIRCLE ( 'NONE', #1685, 60.00000000000016342 ) ;
#305 = EDGE_CURVE ( 'NONE', #1893, #320, #2017, .T. ) ;
#306 = AXIS2_PLACEMENT_3D ( 'NONE', #57, #1757, #794 ) ;
#307 = LINE ( 'NONE', #324, #3025 ) ;
#308 = EDGE_CURVE ( 'NONE', #623, #1529, #1763, .T. ) ;
#309 = CARTESIAN_POINT ( 'NONE',  ( -77.39273981545696302, 2.499999999999971578, 352.5000000000000000 ) ) ;
#310 = VECTOR ( 'NONE', #2293, 1000.000000000000000 ) ;
#311 = ORIENTED_EDGE ( 'NONE', *, *, #2141, .T. ) ;
#312 = AXIS2_PLACEMENT_3D ( 'NONE', #2664, #2162, #2695 ) ;
#313 = ORIENTED_EDGE ( 'NONE', *, *, #1013, .T. ) ;
#314 = PLANE ( 'NONE',  #601 ) ;
#315 = EDGE_LOOP ( 'NONE', ( #565, #1234, #2207, #26, #181, #3012, #1951, #2733, #1906, #1021, #2391, #2597, #484, #176, #2673, #1085, #1368, #2196, #1598, #1417, #27, #70, #2451, #80 ) ) ;
#316 = ADVANCED_FACE ( 'NONE', ( #1092 ), #2504, .T. ) ;
#317 = DIRECTION ( 'NONE',  ( 1.000000000000000000, 0.000000000000000000, 0.000000000000000000 ) ) ;
#318 = VERTEX_POINT ( 'NONE', #2036 ) ;
#319 = ORIENTED_EDGE ( 'NONE', *, *, #472, .F. ) ;
#320 = VERTEX_POINT ( 'NONE', #2987 ) ;
#321 = CARTESIAN_POINT ( 'NONE',  ( 514.1930844855518217, 600.1105852626513979, -132.5000000000000568 ) ) ;
#322 = ADVANCED_FACE ( 'NONE', ( #471 ), #3044, .F. ) ;
#323 = CARTESIAN_POINT ( 'NONE',  ( 739.8372322884977166, 602.2149934795451145, 132.5000000000000000 ) ) ;
#324 = CARTESIAN_POINT ( 'NONE',  ( -77.39273981545696302, -2.500000000000028866, -32.50000000000000000 ) ) ;
#325 = LINE ( 'NONE', #2204, #1238 ) ;
#326 = CARTESIAN_POINT ( 'NONE',  ( 731.7947010035277344, 671.7514421272165919, 147.5000000000000284 ) ) ;
#327 = ORIENTED_EDGE ( 'NONE', *, *, #545, .T. ) ;
#328 = EDGE_CURVE ( 'NONE', #969, #1626, #2967, .T. ) ;
#329 = CARTESIAN_POINT ( 'NONE',  ( 719.6658009126481375, 740.6926473863752562, -147.5000000000000284 ) ) ;
#330 = ORIENTED_EDGE ( 'NONE', *, *, #854, .F. ) ;
#331 = DIRECTION ( 'NONE',  ( -1.000000000000000000, 0.000000000000000000, 0.000000000000000000 ) ) ;
#332 = ORIENTED_EDGE ( 'NONE', *, *, #472, .T. ) ;
#333 = VERTEX_POINT ( 'NONE', #2321 ) ;
#334 = VERTEX_POINT ( 'NONE', #2787 ) ;
#335 = DIRECTION ( 'NONE',  ( -0.000000000000000000, -0.000000000000000000, -1.000000000000000000 ) ) ;
#336 = VERTEX_POINT ( 'NONE', #2354 ) ;
#338 = EDGE_CURVE ( 'NONE', #397, #1195, #219, .T. ) ;
#337 = DIRECTION ( 'NONE',  ( 1.000000000000000000, 0.000000000000000000, 0.000000000000000000 ) ) ;
#339 = EDGE_CURVE ( 'NONE', #2726, #1674, #2088, .T. ) ;
#340 = DIRECTION ( 'NONE',  ( 1.000000000000000000, 0.000000000000000000, 0.000000000000000000 ) ) ;
#341 = CARTESIAN_POINT ( 'NONE',  ( 757.1285194422267750, 405.9713065200224946, 132.5000000000000000 ) ) ;
#342 = ORIENTED_EDGE ( 'NONE', *, *, #3048, .T. ) ;
#343 = CIRCLE ( 'NONE', #2072, 30.00000000000002842 ) ;
#344 = CARTESIAN_POINT ( 'NONE',  ( 0.000000000000000000, 0.000000000000000000, 375.0000000000000000 ) ) ;
#345 = EDGE_LOOP ( 'NONE', ( #144, #1007, #3031, #2713 ) ) ;
#346 = EDGE_CURVE ( 'NONE', #513, #1893, #1140, .T. ) ;
#347 = CARTESIAN_POINT ( 'NONE',  ( 495.0432588763023887, 753.4421012924627803, -132.5000000000000000 ) ) ;
#348 = AXIS2_PLACEMENT_3D ( 'NONE', #116, #164, #2943 ) ;
#349 = ORIENTED_EDGE ( 'NONE', *, *, #1005, .F. ) ;
#350 = ORIENTED_EDGE ( 'NONE', *, *, #94, .F. ) ;
#351 = ORIENTED_EDGE ( 'NONE', *, *, #1551, .T. ) ;
#352 = CARTESIAN_POINT ( 'NONE',  ( 0.000000000000000000, 0.000000000000000000, 192.5000000000000000 ) ) ;
#353 = AXIS2_PLACEMENT_3D ( 'NONE', #2576, #677, #1377 ) ;
#354 = EDGE_CURVE ( 'NONE', #58, #1301, #2838, .T. ) ;
#355 = VECTOR ( 'NONE', #2961, 1000.000000000000000 ) ;
#356 = ORIENTED_EDGE ( 'NONE', *, *, #1272, .F. ) ;
#357 = CARTESIAN_POINT ( 'NONE',  ( 404.3598428088391188, 650.0000000000000000, -360.0000000000000000 ) ) ;
#358 = CARTESIAN_POINT ( 'NONE',  ( 72.54293980311344114, 0.000000000000000000, -32.50000000000000000 ) ) ;
#359 = VECTOR ( 'NONE', #835, 1000.000000000000114 ) ;
#360 = DIRECTION ( 'NONE',  ( -0.000000000000000000, -0.000000000000000000, -1.000000000000000000 ) ) ;
#361 = VECTOR ( 'NONE', #284, 1000.000000000000000 ) ;
#362 = VECTOR ( 'NONE', #444, 999.9999999999998863 ) ;
#363 = VECTOR ( 'NONE', #2031, 1000.000000000000114 ) ;
#364 = VECTOR ( 'NONE', #651, 1000.000000000000000 ) ;
#365 = PLANE ( 'NONE',  #149 ) ;
#366 = ORIENTED_EDGE ( 'NONE', *, *, #2960, .F. ) ;
#367 = EDGE_CURVE ( 'NONE', #812, #1073, #3032, .T. ) ;
#368 = ORIENTED_EDGE ( 'NONE', *, *, #2884, .T. ) ;
#369 = ORIENTED_EDGE ( 'NONE', *, *, #328, .F. ) ;
#370 = CARTESIAN_POINT ( 'NONE',  ( -77.39273981545696302, -2.500000000000028866, 192.5000000000000000 ) ) ;
#371 = ORIENTED_EDGE ( 'NONE', *, *, #1956, .T. ) ;
#372 = FACE_OUTER_BOUND ( 'NONE', #1688, .T. ) ;
#373 = DIRECTION ( 'NONE',  ( 0.000000000000000000, 0.000000000000000000, -1.000000000000000000 ) ) ;
#374 = DIRECTION ( 'NONE',  ( 0.000000000000000000, 0.000000000000000000, 1.000000000000000000 ) ) ;
#375 = EDGE_LOOP ( 'NONE', ( #2230, #2185, #1152, #2050 ) ) ;
#376 = LINE ( 'NONE', #1742, #1087 ) ;
#377 = ADVANCED_FACE ( 'NONE', ( #1384 ), #2601, .F. ) ;
#378 = DIRECTION ( 'NONE',  ( -0.000000000000000000, -0.000000000000000000, -1.000000000000000000 ) ) ;
#379 = ORIENTED_EDGE ( 'NONE', *, *, #1740, .T. ) ;
#380 = VERTEX_POINT ( 'NONE', #912 ) ;
#381 = EDGE_LOOP ( 'NONE', ( #1414, #258, #311, #1941, #2064, #1983, #2938 ) ) ;
#382 = FACE_OUTER_BOUND ( 'NONE', #2165, .T. ) ;
#383 = APPLICATION_PROTOCOL_DEFINITION ( 'international standard', 'config_control_design', 1994, #1388 ) ;
#384 = ORIENTED_EDGE ( 'NONE', *, *, #346, .T. ) ;
#385 = DIRECTION ( 'NONE',  ( -0.000000000000000000, 0.000000000000000000, -1.000000000000000000 ) ) ;
#386 = LINE ( 'NONE', #2999, #2231 ) ;
#387 = FACE_OUTER_BOUND ( 'NONE', #2946, .T. ) ;
#388 = PLANE ( 'NONE',  #897 ) ;
#389 = DIRECTION ( 'NONE',  ( -0.000000000000000000, -0.000000000000000000, -1.000000000000000000 ) ) ;
#390 = DIRECTION ( 'NONE',  ( 0.9835928335641609399, 0.1804027099608671025, 0.000000000000000000 ) ) ;
#391 = LINE ( 'NONE', #2279, #362 ) ;
#392 = VERTEX_POINT ( 'NONE', #1166 ) ;
#393 = ORIENTED_EDGE ( 'NONE', *, *, #2858, .T. ) ;
#394 = LINE ( 'NONE', #1535, #158 ) ;
#395 = APPROVAL_STATUS ( 'not_yet_approved' ) ;
#396 = VERTEX_POINT ( 'NONE', #1845 ) ;
#397 = VERTEX_POINT ( 'NONE', #720 ) ;
#398 = CARTESIAN_POINT ( 'NONE',  ( 72.54293980311344114, 30.00000000000000000, 32.50000000000000000 ) ) ;
#399 = DIRECTION ( 'NONE',  ( 0.5735764363510439390, 0.8191520442889933529, -0.000000000000000000 ) ) ;
#400 = LINE ( 'NONE', #1321, #469 ) ;
#401 = VECTOR ( 'NONE', #2386, 1000.000000000000000 ) ;
#402 = LINE ( 'NONE', #439, #605 ) ;
#403 = ADVANCED_FACE ( 'NONE', ( #485 ), #2801, .F. ) ;
#404 = ADVANCED_FACE ( 'NONE', ( #2584 ), #1418, .T. ) ;
#405 = ADVANCED_FACE ( 'NONE', ( #2336 ), #698, .T. ) ;
#406 = VECTOR ( 'NONE', #705, 1000.000000000000000 ) ;
#407 = CYLINDRICAL_SURFACE ( 'NONE', #2333, 30.00000000000002842 ) ;
#408 = VECTOR ( 'NONE', #2816, 1000.000000000000000 ) ;
#409 = AXIS2_PLACEMENT_3D ( 'NONE', #2418, #85, #2937 ) ;
#410 = APPROVAL_PERSON_ORGANIZATION ( #2128, #1943, #2085 ) ;
#411 = VECTOR ( 'NONE', #2763, 1000.000000000000000 ) ;
#412 = DIRECTION ( 'NONE',  ( 4.625929269271489858E-16, -1.000000000000000000, 0.000000000000000000 ) ) ;
#413 = LINE ( 'NONE', #1378, #2842 ) ;
#414 = ORIENTED_EDGE ( 'NONE', *, *, #1186, .T. ) ;
#415 = ORIENTED_EDGE ( 'NONE', *, *, #1260, .F. ) ;
#416 = DIRECTION ( 'NONE',  ( 0.1804027099608666029, 0.9835928335641610509, -0.000000000000000000 ) ) ;
#417 = CARTESIAN_POINT ( 'NONE',  ( 72.54293980311345535, -29.99999999999997513, 127.5000000000000000 ) ) ;
#418 = EDGE_LOOP ( 'NONE', ( #1636, #981 ) ) ;
#419 = DIRECTION ( 'NONE',  ( 0.000000000000000000, 0.000000000000000000, 1.000000000000000000 ) ) ;
#420 = EDGE_CURVE ( 'NONE', #2837, #3041, #3057, .T. ) ;
#421 = CARTESIAN_POINT ( 'NONE',  ( 711.9094155032546496, 1000.576926413370188, -147.5000000000000284 ) ) ;
#422 = PLANE ( 'NONE',  #516 ) ;
#423 = ORIENTED_EDGE ( 'NONE', *, *, #1173, .T. ) ;
#424 = CARTESIAN_POINT ( 'NONE',  ( 72.54293980311344114, 30.00000000000000000, -32.50000000000000000 ) ) ;
#425 = ADVANCED_FACE ( 'NONE', ( #1833 ), #856, .F. ) ;
#426 = ADVANCED_FACE ( 'NONE', ( #825 ), #810, .F. ) ;
#427 = CARTESIAN_POINT ( 'NONE',  ( 525.0432588763023887, 753.4421012924627803, -374.9999999999999432 ) ) ;
#428 = CARTESIAN_POINT ( 'NONE',  ( 739.8372322884977166, 602.2149934795451145, -147.5000000000000284 ) ) ;
#429 = DIRECTION ( 'NONE',  ( -0.3750298927712786279, 0.9270127181047534970, 0.000000000000000000 ) ) ;
#430 = ORIENTED_EDGE ( 'NONE', *, *, #1065, .F. ) ;
#431 = ORIENTED_EDGE ( 'NONE', *, *, #2302, .F. ) ;
#432 = ORIENTED_EDGE ( 'NONE', *, *, #1213, .T. ) ;
#433 = EDGE_CURVE ( 'NONE', #2289, #1674, #2878, .T. ) ;
#434 = CARTESIAN_POINT ( 'NONE',  ( -77.39273981545696302, 2.499999999999971578, 352.5000000000000000 ) ) ;
#435 = APPROVAL_DATE_TIME ( #245, #1943 ) ;
#436 = EDGE_LOOP ( 'NONE', ( #2627, #2682, #1295, #1089, #858, #2225, #1216, #1578 ) ) ;
#437 = CARTESIAN_POINT ( 'NONE',  ( -77.39273981545696302, -2.500000000000028866, 192.5000000000000000 ) ) ;
#438 = LINE ( 'NONE', #1371, #260 ) ;
#439 = CARTESIAN_POINT ( 'NONE',  ( 493.4019154037769681, 697.9253453360322510, 375.0000000000000000 ) ) ;
#440 = EDGE_CURVE ( 'NONE', #769, #1649, #123, .T. ) ;
#441 = FACE_OUTER_BOUND ( 'NONE', #2917, .T. ) ;
#442 = LINE ( 'NONE', #2327, #2532 ) ;
#443 = CYLINDRICAL_SURFACE ( 'NONE', #706, 449.9999999999998863 ) ;
#444 = DIRECTION ( 'NONE',  ( -0.6427876096865434707, -0.7660444431189745718, 0.000000000000000000 ) ) ;
#445 = ORIENTED_EDGE ( 'NONE', *, *, #1138, .F. ) ;
#446 = ORIENTED_EDGE ( 'NONE', *, *, #855, .T. ) ;
#447 = PLANE ( 'NONE',  #216 ) ;
#448 = EDGE_CURVE ( 'NONE', #2607, #1284, #2257, .T. ) ;
#449 = SECURITY_CLASSIFICATION_LEVEL ( 'unclassified' ) ;
#450 = VERTEX_POINT ( 'NONE', #1034 ) ;
#451 = DIRECTION ( 'NONE',  ( -0.000000000000000000, -0.000000000000000000, -1.000000000000000000 ) ) ;
#452 = DIRECTION ( 'NONE',  ( 0.9835928335641610509, -0.1804027099608666029, 0.000000000000000000 ) ) ;
#453 = CARTESIAN_POINT ( 'NONE',  ( 557.7051220320730636, 15.00000000000001421, 360.0000000000000000 ) ) ;
#454 = DIRECTION ( 'NONE',  ( -0.000000000000000000, -0.000000000000000000, -1.000000000000000000 ) ) ;
#455 = CARTESIAN_POINT ( 'NONE',  ( 701.7947010035277344, 671.7514421272165919, 147.5000000000000284 ) ) ;
#456 = DIRECTION ( 'NONE',  ( 0.1804027099608666029, 0.9835928335641610509, -0.000000000000000000 ) ) ;
#457 = CARTESIAN_POINT ( 'NONE',  ( 72.54293980311345535, 14.89653965080599995, -32.49999999999997158 ) ) ;
#458 = AXIS2_PLACEMENT_3D ( 'NONE', #951, #1891, #2401 ) ;
#459 = ADVANCED_FACE ( 'NONE', ( #1262 ), #1744, .T. ) ;
#460 = CARTESIAN_POINT ( 'NONE',  ( 791.7793077029017468, 320.3202103563608034, 375.0000000000000000 ) ) ;
#461 = AXIS2_PLACEMENT_3D ( 'NONE', #2569, #1387, #1784 ) ;
#462 = LINE ( 'NONE', #933, #2021 ) ;
#463 = ORIENTED_EDGE ( 'NONE', *, *, #2752, .F. ) ;
#464 = ORIENTED_EDGE ( 'NONE', *, *, #2500, .T. ) ;
#465 = VECTOR ( 'NONE', #2617, 1000.000000000000000 ) ;
#466 = DIRECTION ( 'NONE',  ( -0.000000000000000000, 1.000000000000000000, -0.000000000000000000 ) ) ;
#467 = APPROVAL_DATE_TIME ( #2375, #1525 ) ;
#468 = LOCAL_TIME ( 14, 14, 0.000000000000000000, #1601 ) ;
#469 = VECTOR ( 'NONE', #2568, 1000.000000000000000 ) ;
#470 = VERTEX_POINT ( 'NONE', #2701 ) ;
#471 = FACE_OUTER_BOUND ( 'NONE', #3047, .T. ) ;
#472 = EDGE_CURVE ( 'NONE', #1966, #1916, #580, .T. ) ;
#473 = CARTESIAN_POINT ( 'NONE',  ( 72.54293980311344114, 0.000000000000000000, 32.50000000000000000 ) ) ;
#474 = DIRECTION ( 'NONE',  ( -0.6427876096865433597, -0.7660444431189745718, 0.000000000000000000 ) ) ;
#475 = ORIENTED_EDGE ( 'NONE', *, *, #2952, .F. ) ;
#476 = CARTESIAN_POINT ( 'NONE',  ( 493.4019154037769681, 697.9253453360322510, -132.5000000000000568 ) ) ;
#477 = CARTESIAN_POINT ( 'NONE',  ( -77.39273981545696302, -2.500000000000028866, 352.5000000000000000 ) ) ;
#478 = DIRECTION ( 'NONE',  ( 0.000000000000000000, -1.000000000000000000, 0.000000000000000000 ) ) ;
#479 = VERTEX_POINT ( 'NONE', #1546 ) ;
#480 = EDGE_CURVE ( 'NONE', #318, #3006, #1512, .T. ) ;
#481 = ORIENTED_EDGE ( 'NONE', *, *, #367, .T. ) ;
#482 = PLANE ( 'NONE',  #1932 ) ;
#483 = DATE_TIME_ROLE ( 'classification_date' ) ;
#484 = ORIENTED_EDGE ( 'NONE', *, *, #2337, .T. ) ;
#485 = FACE_OUTER_BOUND ( 'NONE', #1948, .T. ) ;
#486 = CARTESIAN_POINT ( 'NONE',  ( -63.15002205905845045, 553.2596869489962046, -375.0000000000000000 ) ) ;
#487 = ORIENTED_EDGE ( 'NONE', *, *, #1404, .T. ) ;
#488 = CARTESIAN_POINT ( 'NONE',  ( 731.7947010035277344, 671.7514421272165919, 100.0000000000000000 ) ) ;
#489 = VECTOR ( 'NONE', #1471, 1000.000000000000000 ) ;
#490 = FACE_OUTER_BOUND ( 'NONE', #2096, .T. ) ;
#491 = DIRECTION ( 'NONE',  ( 0.000000000000000000, 0.000000000000000000, 1.000000000000000000 ) ) ;
#492 = DIRECTION ( 'NONE',  ( -0.000000000000000000, -0.000000000000000000, -1.000000000000000000 ) ) ;
#493 = ORIENTED_EDGE ( 'NONE', *, *, #2615, .T. ) ;
#494 = EDGE_LOOP ( 'NONE', ( #1023, #953, #890, #1454, #1219, #2157, #1995, #2237, #1786 ) ) ;
#495 = EDGE_LOOP ( 'NONE', ( #1701, #2512, #1748, #982 ) ) ;
#496 = LINE ( 'NONE', #721, #1729 ) ;
#497 = CARTESIAN_POINT ( 'NONE',  ( 495.0432588763023887, 753.4421012924627803, 147.5000000000000284 ) ) ;
#498 = CIRCLE ( 'NONE', #1323, 69.99999999999984368 ) ;
#499 = LINE ( 'NONE', #235, #2263 ) ;
#500 = DIRECTION ( 'NONE',  ( -0.000000000000000000, 1.000000000000000000, -0.000000000000000000 ) ) ;
#501 = ADVANCED_FACE ( 'NONE', ( #1994 ), #225, .F. ) ;
#502 = CARTESIAN_POINT ( 'NONE',  ( 72.54293980311344114, 0.000000000000000000, -192.5000000000000000 ) ) ;
#503 = ADVANCED_FACE ( 'NONE', ( #207 ), #443, .F. ) ;
#504 = EDGE_CURVE ( 'NONE', #333, #1195, #2113, .T. ) ;
#505 = CARTESIAN_POINT ( 'NONE',  ( -77.39273981545696302, -2.500000000000028866, 192.5000000000000000 ) ) ;
#506 = AXIS2_PLACEMENT_3D ( 'NONE', #1608, #3037, #638 ) ;
#507 = VERTEX_POINT ( 'NONE', #1596 ) ;
#508 = VECTOR ( 'NONE', #150, 1000.000000000000000 ) ;
#509 = VECTOR ( 'NONE', #2555, 1000.000000000000000 ) ;
#510 = AXIS2_PLACEMENT_3D ( 'NONE', #1953, #2443, #2896 ) ;
#511 = VECTOR ( 'NONE', #474, 1000.000000000000114 ) ;
#512 = VERTEX_POINT ( 'NONE', #189 ) ;
#513 = VERTEX_POINT ( 'NONE', #2527 ) ;
#514 = DIRECTION ( 'NONE',  ( 0.000000000000000000, 0.000000000000000000, 1.000000000000000000 ) ) ;
#515 = DIRECTION ( 'NONE',  ( 1.000000000000000000, 0.000000000000000000, 0.000000000000000000 ) ) ;
#516 = AXIS2_PLACEMENT_3D ( 'NONE', #1619, #1159, #1570 ) ;
#517 = CARTESIAN_POINT ( 'NONE',  ( 545.4479658827139019, 708.9880748743390768, -147.4999999999999716 ) ) ;
#518 = CARTESIAN_POINT ( 'NONE',  ( -77.39273981545696302, 2.499999999999971578, 192.5000000000000000 ) ) ;
#519 = DIRECTION ( 'NONE',  ( 0.000000000000000000, 0.000000000000000000, 1.000000000000000000 ) ) ;
#520 = ORIENTED_EDGE ( 'NONE', *, *, #2312, .T. ) ;
#521 = EDGE_CURVE ( 'NONE', #2299, #2455, #648, .T. ) ;
#522 = ORIENTED_EDGE ( 'NONE', *, *, #193, .F. ) ;
#523 = VERTEX_POINT ( 'NONE', #2061 ) ;
#524 = CARTESIAN_POINT ( 'NONE',  ( 715.1346384854873577, 334.4222867890144357, -360.0000000000000000 ) ) ;
#525 = DIRECTION ( 'NONE',  ( -1.000000000000000000, 0.000000000000000000, 0.000000000000000000 ) ) ;
#526 = CARTESIAN_POINT ( 'NONE',  ( 761.7947010035277344, 671.7514421272165919, 147.5000000000000284 ) ) ;
#527 = CARTESIAN_POINT ( 'NONE',  ( 0.000000000000000000, 0.000000000000000000, 287.5000000000000000 ) ) ;
#528 = CARTESIAN_POINT ( 'NONE',  ( -77.39273981545696302, 2.499999999999971578, -192.5000000000000000 ) ) ;
#529 = LINE ( 'NONE', #2612, #2875 ) ;
#530 = ORIENTED_EDGE ( 'NONE', *, *, #2110, .F. ) ;
#531 = CARTESIAN_POINT ( 'NONE',  ( 701.7947010035277344, 671.7514421272165919, -100.0000000000000000 ) ) ;
#532 = ORIENTED_EDGE ( 'NONE', *, *, #272, .F. ) ;
#533 = EDGE_LOOP ( 'NONE', ( #1689, #1245, #1446, #1017 ) ) ;
#534 = EDGE_CURVE ( 'NONE', #2319, #818, #1151, .T. ) ;
#535 = CARTESIAN_POINT ( 'NONE',  ( 791.7793077029017468, 320.3202103563608034, -375.0000000000000000 ) ) ;
#536 = ORIENTED_EDGE ( 'NONE', *, *, #1416, .T. ) ;
#537 = CARTESIAN_POINT ( 'NONE',  ( 72.54293980311344114, 30.00000000000000000, -287.5000000000000568 ) ) ;
#538 = VECTOR ( 'NONE', #252, 1000.000000000000000 ) ;
#539 = DIRECTION ( 'NONE',  ( 1.000000000000000000, 0.000000000000000000, 0.000000000000000000 ) ) ;
#540 = PLANE ( 'NONE',  #1342 ) ;
#541 = CARTESIAN_POINT ( 'NONE',  ( 701.7947010035277344, 671.7514421272165919, -147.5000000000000284 ) ) ;
#542 = ORIENTED_EDGE ( 'NONE', *, *, #875, .F. ) ;
#543 = LINE ( 'NONE', #1528, #298 ) ;
#544 = ORIENTED_EDGE ( 'NONE', *, *, #2349, .T. ) ;
#545 = EDGE_CURVE ( 'NONE', #617, #2081, #2297, .T. ) ;
#546 = CARTESIAN_POINT ( 'NONE',  ( 514.1930844855518217, 600.1105852626513979, -147.4999999999999716 ) ) ;
#547 = ORIENTED_EDGE ( 'NONE', *, *, #2918, .T. ) ;
#548 = ORIENTED_EDGE ( 'NONE', *, *, #354, .T. ) ;
#549 = ORIENTED_EDGE ( 'NONE', *, *, #346, .F. ) ;
#550 = AXIS2_PLACEMENT_3D ( 'NONE', #497, #2649, #2147 ) ;
#551 = CARTESIAN_POINT ( 'NONE',  ( 72.54293980311345535, -29.99999999999997513, 192.5000000000000000 ) ) ;
#552 = AXIS2_PLACEMENT_3D ( 'NONE', #488, #7, #49 ) ;
#553 = AXIS2_PLACEMENT_3D ( 'NONE', #2069, #2539, #2253 ) ;
#554 = VECTOR ( 'NONE', #887, 1000.000000000000000 ) ;
#555 = VERTEX_POINT ( 'NONE', #3004 ) ;
#556 = ADVANCED_FACE ( 'NONE', ( #3020 ), #173, .F. ) ;
#557 = FACE_OUTER_BOUND ( 'NONE', #2430, .T. ) ;
#558 = AXIS2_PLACEMENT_3D ( 'NONE', #352, #815, #2011 ) ;
#559 = CARTESIAN_POINT ( 'NONE',  ( 719.6658009126481375, 740.6926473863752562, 147.5000000000000284 ) ) ;
#560 = LINE ( 'NONE', #1028, #717 ) ;
#561 = CARTESIAN_POINT ( 'NONE',  ( 417.0149379823809568, 623.6988841035656606, 360.0000000000000000 ) ) ;
#562 = CARTESIAN_POINT ( 'NONE',  ( -77.39273981545696302, 2.499999999999971578, 32.50000000000000000 ) ) ;
#563 = EDGE_LOOP ( 'NONE', ( #530, #2364, #6, #1009 ) ) ;
#564 = LINE ( 'NONE', #791, #2581 ) ;
#565 = ORIENTED_EDGE ( 'NONE', *, *, #2744, .T. ) ;
#566 = DIRECTION ( 'NONE',  ( -0.000000000000000000, -0.000000000000000000, 1.000000000000000000 ) ) ;
#567 = EDGE_CURVE ( 'NONE', #1709, #1811, #2328, .T. ) ;
#568 = EDGE_LOOP ( 'NONE', ( #1273, #2503, #1807, #828 ) ) ;
#569 = EDGE_LOOP ( 'NONE', ( #2662, #445, #2890, #1515 ) ) ;
#570 = FACE_OUTER_BOUND ( 'NONE', #1602, .T. ) ;
#571 = ORIENTED_EDGE ( 'NONE', *, *, #2658, .F. ) ;
#572 = ADVANCED_FACE ( 'NONE', ( #1610 ), #2810, .F. ) ;
#573 = DIRECTION ( 'NONE',  ( -0.9781476007338055778, -0.2079116908177596201, -0.000000000000000000 ) ) ;
#574 = FACE_OUTER_BOUND ( 'NONE', #2251, .T. ) ;
#575 = DIRECTION ( 'NONE',  ( -1.000000000000000000, 0.000000000000000000, 0.000000000000000000 ) ) ;
#576 = ORIENTED_EDGE ( 'NONE', *, *, #2104, .F. ) ;
#577 = CARTESIAN_POINT ( 'NONE',  ( 417.0149379823810136, 623.6988841035656606, 375.0000000000000000 ) ) ;
#578 = ORIENTED_EDGE ( 'NONE', *, *, #1532, .T. ) ;
#579 = EDGE_CURVE ( 'NONE', #2142, #450, #462, .T. ) ;
#580 = LINE ( 'NONE', #2006, #1769 ) ;
#581 = CYLINDRICAL_SURFACE ( 'NONE', #103, 60.00000000000016342 ) ;
#582 = ORIENTED_EDGE ( 'NONE', *, *, #790, .T. ) ;
#583 = ORIENTED_EDGE ( 'NONE', *, *, #195, .T. ) ;
#584 = VERTEX_POINT ( 'NONE', #712 ) ;
#585 = CARTESIAN_POINT ( 'NONE',  ( 658.9404067749652540, 648.6763040780858773, 375.0000000000000000 ) ) ;
#586 = ORIENTED_EDGE ( 'NONE', *, *, #1673, .F. ) ;
#587 = DIRECTION ( 'NONE',  ( 0.08777125217035473825, -0.9961406563796338931, 0.000000000000000000 ) ) ;
#588 = CYLINDRICAL_SURFACE ( 'NONE', #1666, 259.9999999999998863 ) ;
#589 = CARTESIAN_POINT ( 'NONE',  ( 72.54293980311345535, -29.99999999999997513, 32.50000000000000000 ) ) ;
#590 = ORIENTED_EDGE ( 'NONE', *, *, #2274, .T. ) ;
#591 = EDGE_CURVE ( 'NONE', #1670, #1582, #640, .T. ) ;
#592 = EDGE_LOOP ( 'NONE', ( #1256, #1154, #2659, #2238 ) ) ;
#593 = VECTOR ( 'NONE', #1253, 1000.000000000000000 ) ;
#594 = DIRECTION ( 'NONE',  ( -0.000000000000000000, -0.000000000000000000, -1.000000000000000000 ) ) ;
#595 = ORIENTED_EDGE ( 'NONE', *, *, #1407, .F. ) ;
#596 = DIRECTION ( 'NONE',  ( -0.000000000000000000, -0.000000000000000000, 1.000000000000000000 ) ) ;
#597 = VERTEX_POINT ( 'NONE', #1574 ) ;
#598 = DIRECTION ( 'NONE',  ( -0.000000000000000000, -0.000000000000000000, -1.000000000000000000 ) ) ;
#599 = AXIS2_PLACEMENT_3D ( 'NONE', #838, #2245, #390 ) ;
#600 = CARTESIAN_POINT ( 'NONE',  ( 566.2391349644898355, 611.1733148009585648, 147.5000000000000284 ) ) ;
#601 = AXIS2_PLACEMENT_3D ( 'NONE', #1992, #1018, #1297 ) ;
#602 = ORIENTED_EDGE ( 'NONE', *, *, #988, .T. ) ;
#603 = DIRECTION ( 'NONE',  ( -0.000000000000000000, 1.000000000000000000, -0.000000000000000000 ) ) ;
#604 = DIRECTION ( 'NONE',  ( -1.000000000000000000, 0.000000000000000000, 0.000000000000000000 ) ) ;
#605 = VECTOR ( 'NONE', #454, 1000.000000000000000 ) ;
#606 = DIRECTION ( 'NONE',  ( -1.000000000000000000, 0.000000000000000000, 0.000000000000000000 ) ) ;
#607 = EDGE_CURVE ( 'NONE', #81, #1182, #702, .T. ) ;
#608 = AXIS2_PLACEMENT_3D ( 'NONE', #473, #1908, #2339 ) ;
#609 = VECTOR ( 'NONE', #1117, 1000.000000000000000 ) ;
#610 = CC_DESIGN_APPROVAL ( #1943, ( #2 ) ) ;
#611 = VERTEX_POINT ( 'NONE', #2595 ) ;
#612 = CIRCLE ( 'NONE', #2785, 300.0000000000000000 ) ;
#613 = LINE ( 'NONE', #1066, #1635 ) ;
#614 = DIRECTION ( 'NONE',  ( -0.000000000000000000, -0.000000000000000000, 1.000000000000000000 ) ) ;
#615 = DIRECTION ( 'NONE',  ( 0.9781476007338069101, 0.2079116908177529588, 0.000000000000000000 ) ) ;
#616 = ORIENTED_EDGE ( 'NONE', *, *, #222, .F. ) ;
#617 = VERTEX_POINT ( 'NONE', #2776 ) ;
#618 = CARTESIAN_POINT ( 'NONE',  ( 493.4019154037769681, 697.9253453360322510, 132.5000000000000000 ) ) ;
#619 = DIRECTION ( 'NONE',  ( 0.9835928335641610509, -0.1804027099608666029, 0.000000000000000000 ) ) ;
#620 = CARTESIAN_POINT ( 'NONE',  ( 730.4472480796592890, 209.2790192343381079, -375.0000000000000000 ) ) ;
#621 = DIRECTION ( 'NONE',  ( -0.000000000000000000, 1.000000000000000000, -0.000000000000000000 ) ) ;
#622 = CARTESIAN_POINT ( 'NONE',  ( 72.54293980311345535, -29.99999999999997513, -32.50000000000000000 ) ) ;
#623 = VERTEX_POINT ( 'NONE', #2347 ) ;
#624 = CARTESIAN_POINT ( 'NONE',  ( 571.7259758212766201, 330.9653279657659368, -375.0000000000000000 ) ) ;
#625 = FACE_BOUND ( 'NONE', #119, .T. ) ;
#626 = ORIENTED_EDGE ( 'NONE', *, *, #693, .F. ) ;
#627 = ORIENTED_EDGE ( 'NONE', *, *, #1153, .T. ) ;
#628 = CARTESIAN_POINT ( 'NONE',  ( 739.8372322884977166, 602.2149934795451145, 147.5000000000000284 ) ) ;
#629 = DIRECTION ( 'NONE',  ( -0.000000000000000000, -0.000000000000000000, -1.000000000000000000 ) ) ;
#630 = EDGE_CURVE ( 'NONE', #2607, #1566, #1472, .T. ) ;
#631 = ADVANCED_FACE ( 'NONE', ( #904 ), #869, .T. ) ;
#632 = ADVANCED_FACE ( 'NONE', ( #1855 ), #2795, .F. ) ;
#633 = ORIENTED_EDGE ( 'NONE', *, *, #448, .T. ) ;
#634 = LINE ( 'NONE', #2221, #1131 ) ;
#635 = LINE ( 'NONE', #1076, #2383 ) ;
#636 = LINE ( 'NONE', #148, #1644 ) ;
#637 = DIRECTION ( 'NONE',  ( -1.000000000000000000, 0.000000000000000000, 0.000000000000000000 ) ) ;
#638 = DIRECTION ( 'NONE',  ( 0.3750298927712786834, -0.9270127181047534970, 0.000000000000000000 ) ) ;
#639 = VECTOR ( 'NONE', #31, 1000.000000000000114 ) ;
#640 = LINE ( 'NONE', #920, #892 ) ;
#641 = CARTESIAN_POINT ( 'NONE',  ( 549.2266294354432148, 797.7609726098918372, 147.5000000000000284 ) ) ;
#642 = EDGE_CURVE ( 'NONE', #81, #2645, #293, .T. ) ;
#643 = ORIENTED_EDGE ( 'NONE', *, *, #1204, .F. ) ;
#644 = ORIENTED_EDGE ( 'NONE', *, *, #2296, .F. ) ;
#645 = FACE_OUTER_BOUND ( 'NONE', #843, .T. ) ;
#646 = CARTESIAN_POINT ( 'NONE',  ( -77.39273981545696302, 2.499999999999971578, -287.5000000000000568 ) ) ;
#647 = EDGE_LOOP ( 'NONE', ( #327, #1283, #2027, #135 ) ) ;
#648 = CIRCLE ( 'NONE', #203, 30.00000000000002842 ) ;
#649 = DIRECTION ( 'NONE',  ( -0.6084315436571356983, -0.7936063612919159738, 0.000000000000000000 ) ) ;
#650 = DIRECTION ( 'NONE',  ( 1.000000000000000000, 0.000000000000000000, 0.000000000000000000 ) ) ;
#651 = DIRECTION ( 'NONE',  ( 0.9835928335641610509, -0.1804027099608666029, 0.000000000000000000 ) ) ;
#652 = AXIS2_PLACEMENT_3D ( 'NONE', #2389, #271, #2153 ) ;
#653 = EDGE_CURVE ( 'NONE', #2698, #917, #2667, .T. ) ;
#654 = ORIENTED_EDGE ( 'NONE', *, *, #1544, .F. ) ;
#655 = VECTOR ( 'NONE', #201, 1000.000000000000000 ) ;
#656 = CARTESIAN_POINT ( 'NONE',  ( 72.54293980311344114, 30.00000000000000000, 352.5000000000000000 ) ) ;
#657 = AXIS2_PLACEMENT_3D ( 'NONE', #421, #373, #650 ) ;
#658 = EDGE_CURVE ( 'NONE', #1010, #1073, #1434, .T. ) ;
#659 = AXIS2_PLACEMENT_3D ( 'NONE', #857, #2510, #208 ) ;
#660 = VECTOR ( 'NONE', #829, 1000.000000000000000 ) ;
#661 = DIRECTION ( 'NONE',  ( -0.000000000000000000, -0.000000000000000000, -1.000000000000000000 ) ) ;
#662 = CARTESIAN_POINT ( 'NONE',  ( 731.7947010035277344, 671.7514421272165919, -100.0000000000000000 ) ) ;
#663 = LINE ( 'NONE', #1954, #212 ) ;
#664 = ORIENTED_EDGE ( 'NONE', *, *, #759, .F. ) ;
#665 = EDGE_LOOP ( 'NONE', ( #1779, #2453, #371, #192 ) ) ;
#666 = CARTESIAN_POINT ( 'NONE',  ( 557.7051220320730636, 15.00000000000001421, -360.0000000000000000 ) ) ;
#667 = PERSON_AND_ORGANIZATION ( #2065, #802 ) ;
#668 = ADVANCED_FACE ( 'NONE', ( #2359 ), #2642, .F. ) ;
#669 = ORIENTED_EDGE ( 'NONE', *, *, #3009, .T. ) ;
#670 = CARTESIAN_POINT ( 'NONE',  ( 72.54293980311344114, 0.000000000000000000, 375.0000000000000000 ) ) ;
#671 = CARTESIAN_POINT ( 'NONE',  ( 72.54293980311344114, 30.00000000000000000, 352.5000000000000000 ) ) ;
#672 = CARTESIAN_POINT ( 'NONE',  ( -77.39273981545696302, 2.499999999999971578, 287.5000000000000000 ) ) ;
#673 = CC_DESIGN_PERSON_AND_ORGANIZATION_ASSIGNMENT ( #1999, #2250, ( #1495 ) ) ;
#674 = ORIENTED_EDGE ( 'NONE', *, *, #2858, .F. ) ;
#675 = DIRECTION ( 'NONE',  ( 1.000000000000000000, 0.000000000000000000, 0.000000000000000000 ) ) ;
#676 = DIRECTION ( 'NONE',  ( 0.1804027099608666029, 0.9835928335641610509, -0.000000000000000000 ) ) ;
#677 = DIRECTION ( 'NONE',  ( 0.9450148549664526554, 0.3270274054154094223, 0.000000000000000000 ) ) ;
#678 = LINE ( 'NONE', #1800, #800 ) ;
#679 = ORIENTED_EDGE ( 'NONE', *, *, #3051, .F. ) ;
#680 = ORIENTED_EDGE ( 'NONE', *, *, #223, .F. ) ;
#681 = ADVANCED_FACE ( 'NONE', ( #1227 ), #726, .F. ) ;
#682 = COORDINATED_UNIVERSAL_TIME_OFFSET ( 8, 0, .AHEAD. ) ;
#683 = VERTEX_POINT ( 'NONE', #2180 ) ;
#684 = CARTESIAN_POINT ( 'NONE',  ( 698.6390949754226085, 432.5305084136384721, -360.0000000000000000 ) ) ;
#685 = FACE_OUTER_BOUND ( 'NONE', #2004, .T. ) ;
#686 = CARTESIAN_POINT ( 'NONE',  ( 600.0202483196198955, 39.15684563428673215, 375.0000000000000000 ) ) ;
#687 = CARTESIAN_POINT ( 'NONE',  ( 757.1285194422267750, 405.9713065200224946, -147.5000000000000284 ) ) ;
#688 = EDGE_CURVE ( 'NONE', #1389, #818, #55, .T. ) ;
#689 = DIRECTION ( 'NONE',  ( 0.000000000000000000, 0.000000000000000000, 1.000000000000000000 ) ) ;
#690 = DIRECTION ( 'NONE',  ( -0.9835928335641609399, -0.1804027099608671025, 0.000000000000000000 ) ) ;
#691 = CARTESIAN_POINT ( 'NONE',  ( 791.7947010035278481, 671.7514421272165919, -100.0000000000000000 ) ) ;
#692 = CARTESIAN_POINT ( 'NONE',  ( 0.000000000000000000, 0.000000000000000000, -32.50000000000000000 ) ) ;
#693 = EDGE_CURVE ( 'NONE', #2812, #470, #1687, .T. ) ;
#694 = VERTEX_POINT ( 'NONE', #778 ) ;
#695 = VERTEX_POINT ( 'NONE', #2889 ) ;
#696 = AXIS2_PLACEMENT_3D ( 'NONE', #2906, #1938, #986 ) ;
#697 = ORIENTED_EDGE ( 'NONE', *, *, #2935, .F. ) ;
#698 = CYLINDRICAL_SURFACE ( 'NONE', #2524, 60.00000000000016342 ) ;
#699 = VECTOR ( 'NONE', #573, 1000.000000000000114 ) ;
#700 = DIRECTION ( 'NONE',  ( -0.000000000000000000, -0.000000000000000000, 1.000000000000000000 ) ) ;
#701 = DIRECTION ( 'NONE',  ( -0.000000000000000000, -0.000000000000000000, -1.000000000000000000 ) ) ;
#702 = CIRCLE ( 'NONE', #2420, 199.9999999999999432 ) ;
#703 = ORIENTED_EDGE ( 'NONE', *, *, #1631, .F. ) ;
#704 = DIRECTION ( 'NONE',  ( -0.000000000000000000, -0.000000000000000000, -1.000000000000000000 ) ) ;
#705 = DIRECTION ( 'NONE',  ( -0.000000000000000000, -0.000000000000000000, -1.000000000000000000 ) ) ;
#706 = AXIS2_PLACEMENT_3D ( 'NONE', #2314, #2561, #1162 ) ;
#707 = EDGE_CURVE ( 'NONE', #1727, #1010, #2172, .T. ) ;
#708 = CARTESIAN_POINT ( 'NONE',  ( 608.3759481964208362, 693.3649618864933473, -360.0000000000000000 ) ) ;
#709 = AXIS2_PLACEMENT_3D ( 'NONE', #2620, #2136, #2591 ) ;
#710 = AXIS2_PLACEMENT_3D ( 'NONE', #2306, #1809, #1783 ) ;
#711 = AXIS2_PLACEMENT_3D ( 'NONE', #2593, #34, #1424 ) ;
#712 = CARTESIAN_POINT ( 'NONE',  ( 417.0149379823809568, 623.6988841035656606, -360.0000000000000000 ) ) ;
#713 = ORIENTED_EDGE ( 'NONE', *, *, #2884, .F. ) ;
#714 = ORIENTED_EDGE ( 'NONE', *, *, #2752, .T. ) ;
#715 = AXIS2_PLACEMENT_3D ( 'NONE', #205, #676, #1609 ) ;
#716 = DIRECTION ( 'NONE',  ( 1.000000000000000000, 0.000000000000000000, 0.000000000000000000 ) ) ;
#717 = VECTOR ( 'NONE', #1490, 1000.000000000000000 ) ;
#718 = ORIENTED_EDGE ( 'NONE', *, *, #39, .T. ) ;
#719 = AXIS2_PLACEMENT_3D ( 'NONE', #1921, #2924, #1722 ) ;
#720 = CARTESIAN_POINT ( 'NONE',  ( 658.9404067749653677, 648.6763040780858773, 132.5000000000000000 ) ) ;
#721 = CARTESIAN_POINT ( 'NONE',  ( 60.04325887630427871, 0.000000000000000000, 375.0000000000000000 ) ) ;
#722 = DIRECTION ( 'NONE',  ( -0.000000000000000000, -0.000000000000000000, 1.000000000000000000 ) ) ;
#723 = DIRECTION ( 'NONE',  ( -0.000000000000000000, -0.000000000000000000, -1.000000000000000000 ) ) ;
#724 = CARTESIAN_POINT ( 'NONE',  ( 60.04325887630427871, 0.000000000000000000, 127.5000000000000000 ) ) ;
#725 = CARTESIAN_POINT ( 'NONE',  ( 72.54293980311344114, 30.00000000000000000, -192.5000000000000000 ) ) ;
#726 = PLANE ( 'NONE',  #1090 ) ;
#727 = ORIENTED_EDGE ( 'NONE', *, *, #2417, .F. ) ;
#728 = ORIENTED_EDGE ( 'NONE', *, *, #1422, .F. ) ;
#729 = LINE ( 'NONE', #1628, #1049 ) ;
#730 = ORIENTED_EDGE ( 'NONE', *, *, #534, .T. ) ;
#731 = ADVANCED_FACE ( 'NONE', ( #1176 ), #2123, .F. ) ;
#732 = LINE ( 'NONE', #1200, #300 ) ;
#733 = EDGE_CURVE ( 'NONE', #1946, #1032, #1452, .T. ) ;
#734 = EDGE_CURVE ( 'NONE', #2698, #555, #946, .T. ) ;
#735 = DIRECTION ( 'NONE',  ( -0.000000000000000000, -0.000000000000000000, 1.000000000000000000 ) ) ;
#736 = FACE_OUTER_BOUND ( 'NONE', #2497, .T. ) ;
#737 = DIRECTION ( 'NONE',  ( 1.000000000000000000, 0.000000000000000000, 0.000000000000000000 ) ) ;
#738 = ORIENTED_EDGE ( 'NONE', *, *, #1036, .F. ) ;
#739 = EDGE_CURVE ( 'NONE', #512, #2194, #529, .T. ) ;
#740 = ORIENTED_EDGE ( 'NONE', *, *, #2271, .T. ) ;
#741 = CYLINDRICAL_SURFACE ( 'NONE', #1045, 69.99999999999984368 ) ;
#742 = LINE ( 'NONE', #2188, #1716 ) ;
#743 = ADVANCED_FACE ( 'NONE', ( #2164 ), #1193, .F. ) ;
#744 = DIRECTION ( 'NONE',  ( -0.9835928335641610509, 0.1804027099608666029, 0.000000000000000000 ) ) ;
#745 = ADVANCED_FACE ( 'NONE', ( #35 ), #991, .F. ) ;
#746 = LINE ( 'NONE', #518, #848 ) ;
#747 = EDGE_CURVE ( 'NONE', #555, #2698, #1681, .T. ) ;
#748 = VECTOR ( 'NONE', #2751, 1000.000000000000114 ) ;
#749 = CARTESIAN_POINT ( 'NONE',  ( -77.39273981545696302, 2.499999999999971578, -352.5000000000000568 ) ) ;
#750 = AXIS2_PLACEMENT_3D ( 'NONE', #2991, #2757, #2543 ) ;
#751 = ORIENTED_EDGE ( 'NONE', *, *, #1747, .F. ) ;
#752 = AXIS2_PLACEMENT_3D ( 'NONE', #2631, #1448, #1950 ) ;
#753 = EDGE_LOOP ( 'NONE', ( #2467, #845, #2010, #1741, #1733, #795, #2579 ) ) ;
#754 = VERTEX_POINT ( 'NONE', #1443 ) ;
#755 = VECTOR ( 'NONE', #1762, 1000.000000000000114 ) ;
#756 = DIRECTION ( 'NONE',  ( -0.000000000000000000, -0.000000000000000000, 1.000000000000000000 ) ) ;
#757 = LINE ( 'NONE', #2618, #1684 ) ;
#758 = VECTOR ( 'NONE', #128, 1000.000000000000000 ) ;
#759 = EDGE_CURVE ( 'NONE', #917, #2953, #1329, .T. ) ;
#760 = CARTESIAN_POINT ( 'NONE',  ( -77.39273981545696302, 2.499999999999971578, 32.50000000000000000 ) ) ;
#761 = DIRECTION ( 'NONE',  ( -4.625929269271489858E-16, 1.000000000000000000, -0.000000000000000000 ) ) ;
#762 = EDGE_CURVE ( 'NONE', #1464, #1760, #837, .T. ) ;
#763 = DIRECTION ( 'NONE',  ( 0.000000000000000000, 0.000000000000000000, -1.000000000000000000 ) ) ;
#764 = DIRECTION ( 'NONE',  ( 0.000000000000000000, -1.000000000000000000, 0.000000000000000000 ) ) ;
#765 = EDGE_CURVE ( 'NONE', #2212, #1053, #2208, .T. ) ;
#766 = ORIENTED_EDGE ( 'NONE', *, *, #308, .F. ) ;
#767 = ADVANCED_FACE ( 'NONE', ( #1754 ), #2712, .T. ) ;
#768 = DIRECTION ( 'NONE',  ( -0.6427876096865433597, -0.7660444431189745718, 0.000000000000000000 ) ) ;
#769 = VERTEX_POINT ( 'NONE', #2933 ) ;
#770 = ORIENTED_EDGE ( 'NONE', *, *, #2143, .T. ) ;
#771 = DIRECTION ( 'NONE',  ( 0.000000000000000000, 0.000000000000000000, 1.000000000000000000 ) ) ;
#772 = DIRECTION ( 'NONE',  ( 0.000000000000000000, 0.000000000000000000, 1.000000000000000000 ) ) ;
#773 = DIRECTION ( 'NONE',  ( -1.000000000000000000, 0.000000000000000000, 0.000000000000000000 ) ) ;
#774 = DIRECTION ( 'NONE',  ( 0.9835928335641610509, -0.1804027099608666029, 0.000000000000000000 ) ) ;
#775 = DIRECTION ( 'NONE',  ( 1.000000000000000000, 0.000000000000000000, 0.000000000000000000 ) ) ;
#776 = EDGE_CURVE ( 'NONE', #1897, #1755, #564, .T. ) ;
#777 = ORIENTED_EDGE ( 'NONE', *, *, #1590, .F. ) ;
#778 = CARTESIAN_POINT ( 'NONE',  ( -77.39273981545696302, 2.499999999999971578, -287.5000000000000568 ) ) ;
#779 = ORIENTED_EDGE ( 'NONE', *, *, #79, .T. ) ;
#780 = DIRECTION ( 'NONE',  ( -1.000000000000000000, 0.000000000000000000, 0.000000000000000000 ) ) ;
#781 = EDGE_CURVE ( 'NONE', #1252, #1946, #2378, .T. ) ;
#782 = ORIENTED_EDGE ( 'NONE', *, *, #734, .F. ) ;
#783 = VERTEX_POINT ( 'NONE', #1275 ) ;
#784 = DIRECTION ( 'NONE',  ( 1.000000000000000000, 0.000000000000000000, -0.000000000000000000 ) ) ;
#785 = VERTEX_POINT ( 'NONE', #329 ) ;
#786 = CARTESIAN_POINT ( 'NONE',  ( 417.0149379823810136, 623.6988841035656606, 375.0000000000000000 ) ) ;
#787 = LINE ( 'NONE', #527, #2112 ) ;
#788 = CARTESIAN_POINT ( 'NONE',  ( -77.39273981545696302, 2.499999999999971578, -127.5000000000000000 ) ) ;
#789 = VECTOR ( 'NONE', #2473, 1000.000000000000000 ) ;
#790 = EDGE_CURVE ( 'NONE', #1182, #333, #107, .T. ) ;
#791 = CARTESIAN_POINT ( 'NONE',  ( 739.8372322884977166, 602.2149934795451145, -147.5000000000000284 ) ) ;
#792 = ORIENTED_EDGE ( 'NONE', *, *, #831, .F. ) ;
#793 = VECTOR ( 'NONE', #68, 1000.000000000000000 ) ;
#794 = DIRECTION ( 'NONE',  ( 0.000000000000000000, 0.000000000000000000, -1.000000000000000000 ) ) ;
#795 = ORIENTED_EDGE ( 'NONE', *, *, #545, .F. ) ;
#796 = ORIENTED_EDGE ( 'NONE', *, *, #2000, .F. ) ;
#797 = AXIS2_PLACEMENT_3D ( 'NONE', #805, #2709, #2003 ) ;
#798 = DIRECTION ( 'NONE',  ( 1.000000000000000000, 0.000000000000000000, 0.000000000000000000 ) ) ;
#799 = VECTOR ( 'NONE', #43, 1000.000000000000000 ) ;
#800 = VECTOR ( 'NONE', #378, 1000.000000000000000 ) ;
#801 = DIRECTION ( 'NONE',  ( -0.000000000000000000, -0.000000000000000000, -1.000000000000000000 ) ) ;
#802 = ORGANIZATION ( '未', '未', '' ) ;
#803 = VECTOR ( 'NONE', #466, 1000.000000000000000 ) ;
#804 = DIRECTION ( 'NONE',  ( 0.9835928335641610509, -0.1804027099608666029, 0.000000000000000000 ) ) ;
#805 = CARTESIAN_POINT ( 'NONE',  ( 731.7947010035277344, 671.7514421272165919, -374.9999999999999432 ) ) ;
#806 = ORIENTED_EDGE ( 'NONE', *, *, #854, .T. ) ;
#807 = EDGE_CURVE ( 'NONE', #2374, #3036, #1531, .T. ) ;
#808 = FACE_OUTER_BOUND ( 'NONE', #1178, .T. ) ;
#809 = ORIENTED_EDGE ( 'NONE', *, *, #2549, .F. ) ;
#810 = PLANE ( 'NONE',  #599 ) ;
#811 = FACE_OUTER_BOUND ( 'NONE', #2181, .T. ) ;
#812 = VERTEX_POINT ( 'NONE', #1725 ) ;
#813 = ORIENTED_EDGE ( 'NONE', *, *, #1682, .F. ) ;
#814 = ORIENTED_EDGE ( 'NONE', *, *, #1232, .T. ) ;
#815 = DIRECTION ( 'NONE',  ( 0.000000000000000000, 0.000000000000000000, 1.000000000000000000 ) ) ;
#816 = FACE_OUTER_BOUND ( 'NONE', #1314, .T. ) ;
#817 = ADVANCED_FACE ( 'NONE', ( #1246, #808 ), #314, .T. ) ;
#818 = VERTEX_POINT ( 'NONE', #2479 ) ;
#819 = CARTESIAN_POINT ( 'NONE',  ( 0.000000000000000000, 0.000000000000000000, -192.5000000000000000 ) ) ;
#820 = EDGE_CURVE ( 'NONE', #396, #1464, #2005, .T. ) ;
#821 = DIRECTION ( 'NONE',  ( -0.000000000000000000, -0.000000000000000000, -1.000000000000000000 ) ) ;
#822 = LINE ( 'NONE', #1506, #2975 ) ;
#823 = DIRECTION ( 'NONE',  ( 1.000000000000000000, 0.000000000000000000, 0.000000000000000000 ) ) ;
#824 = ORIENTED_EDGE ( 'NONE', *, *, #1258, .T. ) ;
#825 = FACE_OUTER_BOUND ( 'NONE', #1106, .T. ) ;
#826 = ORIENTED_EDGE ( 'NONE', *, *, #12, .T. ) ;
#827 = ORIENTED_EDGE ( 'NONE', *, *, #2406, .F. ) ;
#828 = ORIENTED_EDGE ( 'NONE', *, *, #2844, .T. ) ;
#829 = DIRECTION ( 'NONE',  ( -0.000000000000000000, -0.000000000000000000, -1.000000000000000000 ) ) ;
#830 = CARTESIAN_POINT ( 'NONE',  ( 791.7947010035278481, 671.7514421272165919, 100.0000000000000000 ) ) ;
#831 = EDGE_CURVE ( 'NONE', #2547, #1676, #376, .T. ) ;
#832 = ORIENTED_EDGE ( 'NONE', *, *, #222, .T. ) ;
#833 = CARTESIAN_POINT ( 'NONE',  ( 72.54293980311344114, 0.000000000000000000, 375.0000000000000000 ) ) ;
#834 = DIRECTION ( 'NONE',  ( -1.000000000000000000, 0.000000000000000000, 0.000000000000000000 ) ) ;
#835 = DIRECTION ( 'NONE',  ( -0.08777125217035473825, 0.9961406563796338931, 0.000000000000000000 ) ) ;
#836 = EDGE_LOOP ( 'NONE', ( #25, #313, #1858, #824, #2851, #2529, #2792, #2656, #226 ) ) ;
#837 = LINE ( 'NONE', #1309, #355 ) ;
#838 = CARTESIAN_POINT ( 'NONE',  ( 72.54293980311344114, 30.00000000000000000, -127.5000000000000000 ) ) ;
#839 = CARTESIAN_POINT ( 'NONE',  ( 35.23483068067880453, -29.56553342875182366, -32.49999999999997158 ) ) ;
#840 = VERTEX_POINT ( 'NONE', #2685 ) ;
#841 = DIRECTION ( 'NONE',  ( -0.000000000000000000, -0.000000000000000000, -1.000000000000000000 ) ) ;
#842 = DIRECTION ( 'NONE',  ( -0.000000000000000000, -0.000000000000000000, 1.000000000000000000 ) ) ;
#843 = EDGE_LOOP ( 'NONE', ( #1917, #782, #46, #1905 ) ) ;
#844 = AXIS2_PLACEMENT_3D ( 'NONE', #1944, #2869, #2900 ) ;
#845 = ORIENTED_EDGE ( 'NONE', *, *, #1785, .T. ) ;
#846 = DIRECTION ( 'NONE',  ( 0.000000000000000000, 0.000000000000000000, 1.000000000000000000 ) ) ;
#847 = CARTESIAN_POINT ( 'NONE',  ( 791.7947010035278481, 671.7514421272165919, -100.0000000000000000 ) ) ;
#848 = VECTOR ( 'NONE', #2413, 1000.000000000000000 ) ;
#849 = CARTESIAN_POINT ( 'NONE',  ( 495.0432588763023887, 753.4421012924627803, 147.5000000000000284 ) ) ;
#850 = CIRCLE ( 'NONE', #2585, 99.99999999999997158 ) ;
#851 = AXIS2_PLACEMENT_3D ( 'NONE', #919, #2594, #2076 ) ;
#852 = AXIS2_PLACEMENT_3D ( 'NONE', #929, #866, #1606 ) ;
#853 = DIRECTION ( 'NONE',  ( 1.000000000000000000, 0.000000000000000000, 0.000000000000000000 ) ) ;
#854 = EDGE_CURVE ( 'NONE', #891, #1900, #2228, .T. ) ;
#855 = EDGE_CURVE ( 'NONE', #623, #1997, #2256, .T. ) ;
#856 = PLANE ( 'NONE',  #2577 ) ;
#857 = CARTESIAN_POINT ( 'NONE',  ( 0.000000000000000000, 0.000000000000000000, -375.0000000000000000 ) ) ;
#858 = ORIENTED_EDGE ( 'NONE', *, *, #504, .F. ) ;
#859 = ORIENTED_EDGE ( 'NONE', *, *, #1486, .F. ) ;
#860 = CARTESIAN_POINT ( 'NONE',  ( 566.2391349644898355, 611.1733148009585648, 375.0000000000000000 ) ) ;
#861 = LINE ( 'NONE', #2303, #2477 ) ;
#862 = ORIENTED_EDGE ( 'NONE', *, *, #1042, .T. ) ;
#863 = DIRECTION ( 'NONE',  ( -0.08777125217035473825, 0.9961406563796338931, 0.000000000000000000 ) ) ;
#864 = EDGE_CURVE ( 'NONE', #2448, #320, #613, .T. ) ;
#865 = PLANE ( 'NONE',  #710 ) ;
#866 = DIRECTION ( 'NONE',  ( -0.000000000000000000, -0.000000000000000000, -1.000000000000000000 ) ) ;
#867 = ADVANCED_FACE ( 'NONE', ( #1080, #1545, #1509 ), #365, .F. ) ;
#868 = FACE_OUTER_BOUND ( 'NONE', #1963, .T. ) ;
#869 = PLANE ( 'NONE',  #1873 ) ;
#870 = DIRECTION ( 'NONE',  ( -0.000000000000000000, 0.000000000000000000, -1.000000000000000000 ) ) ;
#871 = ORIENTED_EDGE ( 'NONE', *, *, #875, .T. ) ;
#872 = VERTEX_POINT ( 'NONE', #2911 ) ;
#873 = CARTESIAN_POINT ( 'NONE',  ( 465.0432588763023318, 753.4421012924627803, -374.9999999999999432 ) ) ;
#874 = LINE ( 'NONE', #141, #52 ) ;
#875 = EDGE_CURVE ( 'NONE', #1073, #2578, #2243, .T. ) ;
#876 = ORIENTED_EDGE ( 'NONE', *, *, #2694, .F. ) ;
#877 = CARTESIAN_POINT ( 'NONE',  ( 72.54293980311344114, 14.89653965080597153, 32.50000000000002842 ) ) ;
#878 = FACE_OUTER_BOUND ( 'NONE', #381, .T. ) ;
#879 = FACE_OUTER_BOUND ( 'NONE', #2405, .T. ) ;
#880 = CARTESIAN_POINT ( 'NONE',  ( -77.39273981545696302, 2.499999999999971578, 192.5000000000000000 ) ) ;
#881 = ORIENTED_EDGE ( 'NONE', *, *, #2710, .F. ) ;
#882 = LINE ( 'NONE', #2111, #2478 ) ;
#883 = EDGE_CURVE ( 'NONE', #58, #2703, #543, .T. ) ;
#884 = ADVANCED_FACE ( 'NONE', ( #441 ), #1573, .F. ) ;
#885 = CARTESIAN_POINT ( 'NONE',  ( 731.7947010035277344, 671.7514421272165919, -100.0000000000000000 ) ) ;
#886 = CARTESIAN_POINT ( 'NONE',  ( 520.6596121904275378, 0.000000000000000000, 375.0000000000000000 ) ) ;
#887 = DIRECTION ( 'NONE',  ( 0.000000000000000000, 0.000000000000000000, -1.000000000000000000 ) ) ;
#888 = ORIENTED_EDGE ( 'NONE', *, *, #1593, .F. ) ;
#889 = EDGE_LOOP ( 'NONE', ( #1274, #2353 ) ) ;
#890 = ORIENTED_EDGE ( 'NONE', *, *, #1804, .F. ) ;
#891 = VERTEX_POINT ( 'NONE', #1798 ) ;
#892 = VECTOR ( 'NONE', #1397, 1000.000000000000000 ) ;
#893 = CARTESIAN_POINT ( 'NONE',  ( 525.0432588763023887, 753.4421012924627803, -147.5000000000000284 ) ) ;
#894 = CARTESIAN_POINT ( 'NONE',  ( 72.54293980311345535, -29.99999999999997513, -287.5000000000000568 ) ) ;
#895 = AXIS2_PLACEMENT_3D ( 'NONE', #11, #2823, #1203 ) ;
#896 = LINE ( 'NONE', #943, #936 ) ;
#897 = AXIS2_PLACEMENT_3D ( 'NONE', #2094, #2743, #1144 ) ;
#898 = DIRECTION ( 'NONE',  ( -0.000000000000000000, 0.000000000000000000, 1.000000000000000000 ) ) ;
#899 = AXIS2_PLACEMENT_3D ( 'NONE', #2651, #821, #773 ) ;
#900 = VECTOR ( 'NONE', #2715, 1000.000000000000114 ) ;
#901 = ADVANCED_FACE ( 'NONE', ( #2098 ), #1836, .F. ) ;
#902 = AXIS2_PLACEMENT_3D ( 'NONE', #1315, #1086, #1286 ) ;
#903 = LINE ( 'NONE', #427, #2232 ) ;
#904 = FACE_OUTER_BOUND ( 'NONE', #242, .T. ) ;
#905 = CARTESIAN_POINT ( 'NONE',  ( 731.7947010035277344, 671.7514421272165919, -132.5000000000000000 ) ) ;
#906 = ORIENTED_EDGE ( 'NONE', *, *, #2312, .F. ) ;
#907 = VERTEX_POINT ( 'NONE', #152 ) ;
#908 = ORIENTED_EDGE ( 'NONE', *, *, #567, .T. ) ;
#909 = CARTESIAN_POINT ( 'NONE',  ( 72.54293980311345535, -29.99999999999997513, -352.5000000000000568 ) ) ;
#910 = DATE_AND_TIME ( #924, #1589 ) ;
#911 = ORIENTED_EDGE ( 'NONE', *, *, #2218, .T. ) ;
#912 = CARTESIAN_POINT ( 'NONE',  ( 525.0432588763023887, 753.4421012924627803, 132.5000000000000000 ) ) ;
#913 = DIRECTION ( 'NONE',  ( -0.000000000000000000, -0.000000000000000000, 1.000000000000000000 ) ) ;
#914 = LINE ( 'NONE', #2767, #364 ) ;
#915 = FACE_OUTER_BOUND ( 'NONE', #2063, .T. ) ;
#916 = ADVANCED_FACE ( 'NONE', ( #1812 ), #407, .F. ) ;
#917 = VERTEX_POINT ( 'NONE', #3002 ) ;
#918 = PLANE ( 'NONE',  #1875 ) ;
#919 = CARTESIAN_POINT ( 'NONE',  ( 250.8434527926973203, -60.88786974927510443, 375.0000000000000000 ) ) ;
#920 = CARTESIAN_POINT ( 'NONE',  ( 72.54293980311344114, 30.00000000000000000, -127.5000000000000000 ) ) ;
#921 = ORIENTED_EDGE ( 'NONE', *, *, #707, .T. ) ;
#922 = ORIENTED_EDGE ( 'NONE', *, *, #2830, .T. ) ;
#923 = DIRECTION ( 'NONE',  ( -0.000000000000000000, 1.000000000000000000, -0.000000000000000000 ) ) ;
#924 = CALENDAR_DATE ( 2026, 17, 8 ) ;
#925 = ORIENTED_EDGE ( 'NONE', *, *, #952, .F. ) ;
#926 = DIRECTION ( 'NONE',  ( -0.000000000000000000, -0.000000000000000000, 1.000000000000000000 ) ) ;
#927 = ADVANCED_FACE ( 'NONE', ( #2771 ), #1101, .F. ) ;
#928 = PLANE ( 'NONE',  #1975 ) ;
#929 = CARTESIAN_POINT ( 'NONE',  ( 711.9094155032546496, 1000.576926413370188, 147.5000000000000284 ) ) ;
#930 = VERTEX_POINT ( 'NONE', #1116 ) ;
#931 = CARTESIAN_POINT ( 'NONE',  ( 72.54293980311344114, 0.000000000000000000, 192.5000000000000000 ) ) ;
#932 = CARTESIAN_POINT ( 'NONE',  ( 72.54293980311344114, 30.00000000000000000, -287.5000000000000568 ) ) ;
#933 = CARTESIAN_POINT ( 'NONE',  ( -77.39273981545696302, 2.499999999999971578, 352.5000000000000000 ) ) ;
#934 = ORIENTED_EDGE ( 'NONE', *, *, #2647, .F. ) ;
#935 = VERTEX_POINT ( 'NONE', #457 ) ;
#936 = VECTOR ( 'NONE', #723, 1000.000000000000000 ) ;
#937 = DIRECTION ( 'NONE',  ( -0.000000000000000000, -0.000000000000000000, -1.000000000000000000 ) ) ;
#938 = PERSON_AND_ORGANIZATION ( #2065, #802 ) ;
#939 = ORIENTED_EDGE ( 'NONE', *, *, #1037, .F. ) ;
#940 = CARTESIAN_POINT ( 'NONE',  ( 35.23483068067880453, -29.56553342875182366, -375.0000000000000000 ) ) ;
#941 = VECTOR ( 'NONE', #1353, 1000.000000000000114 ) ;
#942 = PLANE ( 'NONE',  #608 ) ;
#943 = CARTESIAN_POINT ( 'NONE',  ( 72.54293980311345535, -29.99999999999997513, 32.50000000000000000 ) ) ;
#944 = CARTESIAN_POINT ( 'NONE',  ( 425.0432588763025592, 753.4421012924627803, 132.5000000000000000 ) ) ;
#945 = FACE_OUTER_BOUND ( 'NONE', #1326, .T. ) ;
#946 = CIRCLE ( 'NONE', #458, 30.00000000000002842 ) ;
#947 = CARTESIAN_POINT ( 'NONE',  ( 72.62975334396372773, 15.00000000000005507, -360.0000000000000000 ) ) ;
#948 = CIRCLE ( 'NONE', #657, 259.9999999999998863 ) ;
#949 = DIRECTION ( 'NONE',  ( -0.9781476007338069101, -0.2079116908177529588, -0.000000000000000000 ) ) ;
#950 = AXIS2_PLACEMENT_3D ( 'NONE', #347, #596, #2436 ) ;
#951 = CARTESIAN_POINT ( 'NONE',  ( 495.0432588763023887, 753.4421012924627803, -147.5000000000000284 ) ) ;
#952 = EDGE_CURVE ( 'NONE', #1105, #1277, #204, .T. ) ;
#953 = ORIENTED_EDGE ( 'NONE', *, *, #1990, .F. ) ;
#954 = ORIENTED_EDGE ( 'NONE', *, *, #1453, .F. ) ;
#955 = AXIS2_PLACEMENT_3D ( 'NONE', #1581, #1287, #1072 ) ;
#956 = ADVANCED_FACE ( 'NONE', ( #1375 ), #224, .F. ) ;
#957 = VECTOR ( 'NONE', #2736, 1000.000000000000114 ) ;
#958 = CARTESIAN_POINT ( 'NONE',  ( 520.6596121904279926, 100.0000000000000000, 375.0000000000000000 ) ) ;
#959 = ADVANCED_FACE ( 'NONE', ( #3017 ), #2525, .F. ) ;
#960 = EDGE_LOOP ( 'NONE', ( #369, #296, #714, #1592 ) ) ;
#961 = DIRECTION ( 'NONE',  ( 0.3750298927712786834, -0.9270127181047534970, 0.000000000000000000 ) ) ;
#962 = CARTESIAN_POINT ( 'NONE',  ( 72.54293980311344114, 0.000000000000000000, 192.5000000000000000 ) ) ;
#963 = ORIENTED_EDGE ( 'NONE', *, *, #2521, .T. ) ;
#964 = CARTESIAN_POINT ( 'NONE',  ( 495.0432588763023887, 753.4421012924627803, 147.5000000000000284 ) ) ;
#965 = DESIGN_CONTEXT ( 'detailed design', #2398, 'design' ) ;
#966 = PLANE ( 'NONE',  #42 ) ;
#967 = EDGE_CURVE ( 'NONE', #1069, #1649, #1344, .T. ) ;
#968 = DIRECTION ( 'NONE',  ( -0.000000000000000000, -0.000000000000000000, -1.000000000000000000 ) ) ;
#969 = VERTEX_POINT ( 'NONE', #2042 ) ;
#970 = ORIENTED_EDGE ( 'NONE', *, *, #1714, .F. ) ;
#971 = EDGE_CURVE ( 'NONE', #2645, #2873, #2773, .T. ) ;
#972 = DIRECTION ( 'NONE',  ( 0.000000000000000000, 0.000000000000000000, 1.000000000000000000 ) ) ;
#973 = CARTESIAN_POINT ( 'NONE',  ( 374.1516372052100223, 447.1123421648817953, 375.0000000000000000 ) ) ;
#974 = VECTOR ( 'NONE', #2189, 1000.000000000000000 ) ;
#975 = EDGE_CURVE ( 'NONE', #3043, #2448, #882, .T. ) ;
#976 = CARTESIAN_POINT ( 'NONE',  ( 72.54293980311344114, 30.00000000000000000, -287.5000000000000568 ) ) ;
#977 = DIRECTION ( 'NONE',  ( -0.3270274054154094223, 0.9450148549664526554, -0.000000000000000000 ) ) ;
#978 = DIRECTION ( 'NONE',  ( -0.000000000000000000, -0.000000000000000000, 1.000000000000000000 ) ) ;
#979 = ORIENTED_EDGE ( 'NONE', *, *, #1359, .T. ) ;
#980 = ADVANCED_FACE ( 'NONE', ( #2793 ), #1594, .T. ) ;
#981 = ORIENTED_EDGE ( 'NONE', *, *, #328, .T. ) ;
#982 = ORIENTED_EDGE ( 'NONE', *, *, #2151, .T. ) ;
#983 = CARTESIAN_POINT ( 'NONE',  ( 465.0432588763023318, 753.4421012924627803, -132.5000000000000000 ) ) ;
#984 = CARTESIAN_POINT ( 'NONE',  ( 761.7947010035277344, 671.7514421272165919, -374.9999999999999432 ) ) ;
#985 = DIRECTION ( 'NONE',  ( -0.000000000000000000, -0.000000000000000000, -1.000000000000000000 ) ) ;
#986 = DIRECTION ( 'NONE',  ( -1.000000000000000000, 0.000000000000000000, 0.000000000000000000 ) ) ;
#987 = CARTESIAN_POINT ( 'NONE',  ( -120.6074876424964799, 567.4136177914576820, -375.0000000000000000 ) ) ;
#988 = EDGE_CURVE ( 'NONE', #3007, #3024, #2426, .T. ) ;
#989 = FACE_OUTER_BOUND ( 'NONE', #1982, .T. ) ;
#990 = FACE_BOUND ( 'NONE', #1627, .T. ) ;
#991 = CYLINDRICAL_SURFACE ( 'NONE', #2675, 259.9999999999999432 ) ;
#992 = AXIS2_PLACEMENT_3D ( 'NONE', #2886, #2610, #1214 ) ;
#993 = EDGE_LOOP ( 'NONE', ( #3026, #813, #1715, #1052 ) ) ;
#994 = VECTOR ( 'NONE', #30, 1000.000000000000000 ) ;
#995 = AXIS2_PLACEMENT_3D ( 'NONE', #233, #1370, #2119 ) ;
#996 = VERTEX_POINT ( 'NONE', #424 ) ;
#997 = VECTOR ( 'NONE', #774, 1000.000000000000000 ) ;
#998 = EDGE_LOOP ( 'NONE', ( #54, #602, #1313, #1383, #2496, #1819, #162, #1481, #1667, #911, #2570 ) ) ;
#999 = ADVANCED_FACE ( 'NONE', ( #868 ), #918, .F. ) ;
#1000 = VECTOR ( 'NONE', #289, 1000.000000000000000 ) ;
#1001 = DIRECTION ( 'NONE',  ( 0.000000000000000000, 0.000000000000000000, -1.000000000000000000 ) ) ;
#1002 = CARTESIAN_POINT ( 'NONE',  ( 600.0202483196198955, 39.15684563428673215, -375.0000000000000000 ) ) ;
#1003 = CARTESIAN_POINT ( 'NONE',  ( 791.7793077029017468, 320.3202103563608034, -132.5000000000000568 ) ) ;
#1004 = ORIENTED_EDGE ( 'NONE', *, *, #3048, .F. ) ;
#1005 = EDGE_CURVE ( 'NONE', #812, #1164, #2746, .T. ) ;
#1006 = DIRECTION ( 'NONE',  ( 0.9835928335641610509, -0.1804027099608666029, 0.000000000000000000 ) ) ;
#1007 = ORIENTED_EDGE ( 'NONE', *, *, #69, .F. ) ;
#1008 = CARTESIAN_POINT ( 'NONE',  ( 72.54293980311344114, 0.000000000000000000, -127.5000000000000568 ) ) ;
#1009 = ORIENTED_EDGE ( 'NONE', *, *, #967, .F. ) ;
#1010 = VERTEX_POINT ( 'NONE', #2369 ) ;
#1011 = DIRECTION ( 'NONE',  ( 1.000000000000000000, 0.000000000000000000, -0.000000000000000000 ) ) ;
#1013 = EDGE_CURVE ( 'NONE', #2194, #333, #2163, .T. ) ;
#1012 = CARTESIAN_POINT ( 'NONE',  ( 72.54293980311344114, 30.00000000000000000, 192.5000000000000000 ) ) ;
#1014 = CARTESIAN_POINT ( 'NONE',  ( 72.54293980311344114, 0.000000000000000000, 287.5000000000000000 ) ) ;
#1015 = DIRECTION ( 'NONE',  ( 0.000000000000000000, -1.000000000000000000, 0.000000000000000000 ) ) ;
#1016 = CARTESIAN_POINT ( 'NONE',  ( 757.1285194422267750, 405.9713065200224946, 375.0000000000000000 ) ) ;
#1017 = ORIENTED_EDGE ( 'NONE', *, *, #653, .F. ) ;
#1018 = DIRECTION ( 'NONE',  ( 0.000000000000000000, 0.000000000000000000, 1.000000000000000000 ) ) ;
#1019 = EDGE_LOOP ( 'NONE', ( #291, #487, #633, #862 ) ) ;
#1020 = FACE_OUTER_BOUND ( 'NONE', #1379, .T. ) ;
#1021 = ORIENTED_EDGE ( 'NONE', *, *, #2549, .T. ) ;
#1022 = EDGE_LOOP ( 'NONE', ( #2026, #2331, #2452, #582 ) ) ;
#1023 = ORIENTED_EDGE ( 'NONE', *, *, #338, .F. ) ;
#1024 = CARTESIAN_POINT ( 'NONE',  ( 60.04325887630427871, 0.000000000000000000, 32.49999999999997158 ) ) ;
#1025 = VERTEX_POINT ( 'NONE', #528 ) ;
#1026 = CARTESIAN_POINT ( 'NONE',  ( 739.8372322884977166, 602.2149934795451145, 147.5000000000000284 ) ) ;
#1027 = CARTESIAN_POINT ( 'NONE',  ( -77.39273981545696302, 2.499999999999971578, 32.50000000000000000 ) ) ;
#1028 = CARTESIAN_POINT ( 'NONE',  ( -77.39273981545696302, -2.500000000000028866, -287.5000000000000568 ) ) ;
#1029 = LINE ( 'NONE', #2458, #2836 ) ;
#1030 = CARTESIAN_POINT ( 'NONE',  ( 757.1285194422267750, 405.9713065200224946, 375.0000000000000000 ) ) ;
#1031 = VECTOR ( 'NONE', #492, 1000.000000000000000 ) ;
#1032 = VERTEX_POINT ( 'NONE', #1911 ) ;
#1033 = VECTOR ( 'NONE', #690, 1000.000000000000114 ) ;
#1034 = CARTESIAN_POINT ( 'NONE',  ( -77.39273981545696302, 2.499999999999971578, 287.5000000000000000 ) ) ;
#1035 = CARTESIAN_POINT ( 'NONE',  ( 35.23483068067880453, -29.56553342875182366, 32.49999999999997158 ) ) ;
#1036 = EDGE_CURVE ( 'NONE', #2939, #2726, #3064, .T. ) ;
#1037 = EDGE_CURVE ( 'NONE', #623, #139, #1683, .T. ) ;
#1038 = EDGE_LOOP ( 'NONE', ( #583, #297, #925, #2538 ) ) ;
#1039 = VERTEX_POINT ( 'NONE', #724 ) ;
#1040 = ORIENTED_EDGE ( 'NONE', *, *, #1194, .F. ) ;
#1041 = AXIS2_PLACEMENT_3D ( 'NONE', #1766, #360, #606 ) ;
#1042 = EDGE_CURVE ( 'NONE', #1284, #2373, #2226, .T. ) ;
#1043 = LINE ( 'NONE', #628, #957 ) ;
#1044 = LINE ( 'NONE', #1678, #799 ) ;
#1045 = AXIS2_PLACEMENT_3D ( 'NONE', #1655, #700, #3045 ) ;
#1046 = VECTOR ( 'NONE', #1978, 1000.000000000000000 ) ;
#1047 = ORIENTED_EDGE ( 'NONE', *, *, #1433, .F. ) ;
#1048 = DIRECTION ( 'NONE',  ( -0.9961406563796340041, -0.08777125217035475213, 0.000000000000000000 ) ) ;
#1049 = VECTOR ( 'NONE', #1871, 1000.000000000000000 ) ;
#1050 = DIRECTION ( 'NONE',  ( -0.9781476007338069101, -0.2079116908177529588, 0.000000000000000000 ) ) ;
#1051 = DIRECTION ( 'NONE',  ( -0.000000000000000000, -0.000000000000000000, 1.000000000000000000 ) ) ;
#1052 = ORIENTED_EDGE ( 'NONE', *, *, #106, .T. ) ;
#1053 = VERTEX_POINT ( 'NONE', #947 ) ;
#1054 = DIRECTION ( 'NONE',  ( -0.000000000000000000, -0.000000000000000000, 1.000000000000000000 ) ) ;
#1055 = VERTEX_POINT ( 'NONE', #1188 ) ;
#1056 = DIRECTION ( 'NONE',  ( 0.9835928335641610509, -0.1804027099608666029, 0.000000000000000000 ) ) ;
#1057 = EDGE_LOOP ( 'NONE', ( #2361, #121, #679, #627 ) ) ;
#1058 = ORIENTED_EDGE ( 'NONE', *, *, #733, .T. ) ;
#1059 = VERTEX_POINT ( 'NONE', #1924 ) ;
#1060 = PLANE ( 'NONE',  #1731 ) ;
#1061 = CARTESIAN_POINT ( 'NONE',  ( 0.000000000000000000, 0.000000000000000000, 352.5000000000000000 ) ) ;
#1062 = CARTESIAN_POINT ( 'NONE',  ( 514.1930844855518217, 600.1105852626513979, 147.5000000000000284 ) ) ;
#1063 = CARTESIAN_POINT ( 'NONE',  ( 739.8372322884977166, 602.2149934795451145, -147.5000000000000284 ) ) ;
#1064 = ORIENTED_EDGE ( 'NONE', *, *, #2349, .F. ) ;
#1065 = EDGE_CURVE ( 'NONE', #1626, #969, #1278, .T. ) ;
#1066 = CARTESIAN_POINT ( 'NONE',  ( 72.54293980311344114, 0.000000000000000000, 375.0000000000000000 ) ) ;
#1067 = DIRECTION ( 'NONE',  ( -4.625929269271489858E-16, 1.000000000000000000, -0.000000000000000000 ) ) ;
#1068 = CARTESIAN_POINT ( 'NONE',  ( 520.6596121904275378, 0.000000000000000000, 375.0000000000000000 ) ) ;
#1069 = VERTEX_POINT ( 'NONE', #23 ) ;
#1070 = ORIENTED_EDGE ( 'NONE', *, *, #2744, .F. ) ;
#1071 = PLANE ( 'NONE',  #558 ) ;
#1072 = DIRECTION ( 'NONE',  ( 1.000000000000000000, 0.000000000000000000, 0.000000000000000000 ) ) ;
#1073 = VERTEX_POINT ( 'NONE', #1659 ) ;
#1074 = ORIENTED_EDGE ( 'NONE', *, *, #781, .F. ) ;
#1075 = CARTESIAN_POINT ( 'NONE',  ( 739.8372322884977166, 602.2149934795451145, -132.5000000000000000 ) ) ;
#1076 = CARTESIAN_POINT ( 'NONE',  ( 72.54293980311344114, 14.89653965080597153, 375.0000000000000000 ) ) ;
#1077 = LINE ( 'NONE', #1556, #98 ) ;
#1078 = VECTOR ( 'NONE', #1459, 1000.000000000000000 ) ;
#1079 = ADVANCED_FACE ( 'NONE', ( #2399 ), #1172, .F. ) ;
#1080 = FACE_BOUND ( 'NONE', #889, .T. ) ;
#1081 = ADVANCED_FACE ( 'NONE', ( #490 ), #1224, .F. ) ;
#1082 = DIRECTION ( 'NONE',  ( -0.000000000000000000, -0.000000000000000000, 1.000000000000000000 ) ) ;
#1083 = VECTOR ( 'NONE', #478, 1000.000000000000000 ) ;
#1084 = ORIENTED_EDGE ( 'NONE', *, *, #521, .F. ) ;
#1085 = ORIENTED_EDGE ( 'NONE', *, *, #172, .F. ) ;
#1086 = DIRECTION ( 'NONE',  ( -0.000000000000000000, -0.000000000000000000, 1.000000000000000000 ) ) ;
#1087 = VECTOR ( 'NONE', #1476, 1000.000000000000000 ) ;
#1088 = DIRECTION ( 'NONE',  ( -0.000000000000000000, -0.000000000000000000, 1.000000000000000000 ) ) ;
#1089 = ORIENTED_EDGE ( 'NONE', *, *, #2535, .F. ) ;
#1090 = AXIS2_PLACEMENT_3D ( 'NONE', #241, #1698, #1912 ) ;
#1091 = ORIENTED_EDGE ( 'NONE', *, *, #2731, .T. ) ;
#1092 = FACE_OUTER_BOUND ( 'NONE', #2465, .T. ) ;
#1093 = ADVANCED_FACE ( 'NONE', ( #2138, #990, #1451 ), #966, .T. ) ;
#1094 = CIRCLE ( 'NONE', #1927, 99.99999999999997158 ) ;
#1095 = DIRECTION ( 'NONE',  ( 0.9781476007338069101, 0.2079116908177529588, 0.000000000000000000 ) ) ;
#1096 = CARTESIAN_POINT ( 'NONE',  ( 545.4479658827139019, 708.9880748743390768, 375.0000000000000000 ) ) ;
#1097 = VECTOR ( 'NONE', #2867, 1000.000000000000000 ) ;
#1098 = CYLINDRICAL_SURFACE ( 'NONE', #2832, 69.99999999999984368 ) ;
#1099 = AXIS2_PLACEMENT_3D ( 'NONE', #885, #1411, #2313 ) ;
#1100 = VECTOR ( 'NONE', #113, 1000.000000000000000 ) ;
#1101 = PLANE ( 'NONE',  #2084 ) ;
#1102 = EDGE_CURVE ( 'NONE', #1177, #1727, #1903, .T. ) ;
#1103 = DIRECTION ( 'NONE',  ( -0.000000000000000000, -0.000000000000000000, -1.000000000000000000 ) ) ;
#1104 = DIRECTION ( 'NONE',  ( 1.000000000000000000, 0.000000000000000000, 0.000000000000000000 ) ) ;
#1105 = VERTEX_POINT ( 'NONE', #2859 ) ;
#1106 = EDGE_LOOP ( 'NONE', ( #2073, #2749, #2761, #2745 ) ) ;
#1107 = EDGE_LOOP ( 'NONE', ( #89, #108, #191, #2416 ) ) ;
#1108 = FACE_OUTER_BOUND ( 'NONE', #2862, .T. ) ;
#1109 =( NAMED_UNIT ( * ) PLANE_ANGLE_UNIT ( ) SI_UNIT ( $, .RADIAN. ) );
#1110 = VERTEX_POINT ( 'NONE', #476 ) ;
#1111 = DIRECTION ( 'NONE',  ( -1.000000000000000000, 0.000000000000000000, 0.000000000000000000 ) ) ;
#1112 = CARTESIAN_POINT ( 'NONE',  ( 72.54293980311344114, 30.00000000000000000, -352.5000000000000568 ) ) ;
#1113 = CARTESIAN_POINT ( 'NONE',  ( 493.4019154037769681, 697.9253453360322510, 375.0000000000000000 ) ) ;
#1114 = ADVANCED_FACE ( 'NONE', ( #736 ), #279, .T. ) ;
#1115 = ORIENTED_EDGE ( 'NONE', *, *, #1186, .F. ) ;
#1116 = CARTESIAN_POINT ( 'NONE',  ( 658.9404067749653677, 648.6763040780858773, -132.5000000000000568 ) ) ;
#1117 = DIRECTION ( 'NONE',  ( -0.000000000000000000, -0.000000000000000000, -1.000000000000000000 ) ) ;
#1118 = DIRECTION ( 'NONE',  ( 1.000000000000000000, 0.000000000000000000, 0.000000000000000000 ) ) ;
#1119 = DIRECTION ( 'NONE',  ( -0.000000000000000000, -0.000000000000000000, -1.000000000000000000 ) ) ;
#1120 = ORIENTED_EDGE ( 'NONE', *, *, #1907, .F. ) ;
#1121 = ORIENTED_EDGE ( 'NONE', *, *, #2460, .T. ) ;
#1122 = CARTESIAN_POINT ( 'NONE',  ( 72.54293980311344114, 30.00000000000000000, 287.5000000000000000 ) ) ;
#1123 = ORIENTED_EDGE ( 'NONE', *, *, #579, .F. ) ;
#1124 = CARTESIAN_POINT ( 'NONE',  ( 72.54293980311344114, 30.00000000000000000, 192.5000000000000000 ) ) ;
#1125 = DIRECTION ( 'NONE',  ( 0.000000000000000000, 0.000000000000000000, 1.000000000000000000 ) ) ;
#1126 = DIRECTION ( 'NONE',  ( -0.000000000000000000, -0.000000000000000000, 1.000000000000000000 ) ) ;
#1127 = EDGE_CURVE ( 'NONE', #380, #2145, #2480, .T. ) ;
#1128 = CARTESIAN_POINT ( 'NONE',  ( 566.2391349644898355, 611.1733148009585648, -132.5000000000000568 ) ) ;
#1129 = ORIENTED_EDGE ( 'NONE', *, *, #1503, .T. ) ;
#1130 = DIRECTION ( 'NONE',  ( 1.000000000000000000, 0.000000000000000000, 0.000000000000000000 ) ) ;
#1131 = VECTOR ( 'NONE', #619, 1000.000000000000000 ) ;
#1132 = PLANE ( 'NONE',  #2283 ) ;
#1133 = CARTESIAN_POINT ( 'NONE',  ( 757.1285194422267750, 405.9713065200224946, 147.5000000000000284 ) ) ;
#1134 = PLANE ( 'NONE',  #659 ) ;
#1135 = ORIENTED_EDGE ( 'NONE', *, *, #223, .T. ) ;
#1136 = ORIENTED_EDGE ( 'NONE', *, *, #1654, .T. ) ;
#1137 = LINE ( 'NONE', #2083, #1395 ) ;
#1138 = EDGE_CURVE ( 'NONE', #1301, #2700, #746, .T. ) ;
#1139 = EDGE_LOOP ( 'NONE', ( #1508, #718, #1612, #738, #126, #1577, #2542 ) ) ;
#1140 = LINE ( 'NONE', #1603, #941 ) ;
#1141 = FACE_OUTER_BOUND ( 'NONE', #1250, .T. ) ;
#1142 = CARTESIAN_POINT ( 'NONE',  ( 701.7947010035277344, 671.7514421272165919, 100.0000000000000000 ) ) ;
#1143 = VECTOR ( 'NONE', #1787, 1000.000000000000000 ) ;
#1144 = DIRECTION ( 'NONE',  ( 0.6427876096865433597, 0.7660444431189745718, 0.000000000000000000 ) ) ;
#1145 = EDGE_LOOP ( 'NONE', ( #2404, #1549 ) ) ;
#1146 = VECTOR ( 'NONE', #1271, 1000.000000000000000 ) ;
#1147 = CARTESIAN_POINT ( 'NONE',  ( -63.15002205905845045, 553.2596869489962046, 375.0000000000000000 ) ) ;
#1148 = CIRCLE ( 'NONE', #261, 100.0000000000000284 ) ;
#1149 = VECTOR ( 'NONE', #1533, 1000.000000000000000 ) ;
#1150 = DIRECTION ( 'NONE',  ( 1.000000000000000000, 0.000000000000000000, 0.000000000000000000 ) ) ;
#1151 = LINE ( 'NONE', #3052, #92 ) ;
#1152 = ORIENTED_EDGE ( 'NONE', *, *, #1289, .F. ) ;
#1153 = EDGE_CURVE ( 'NONE', #694, #1389, #290, .T. ) ;
#1154 = ORIENTED_EDGE ( 'NONE', *, *, #762, .T. ) ;
#1155 = PERSON_AND_ORGANIZATION_ROLE ( 'creator' ) ;
#1156 = ORIENTED_EDGE ( 'NONE', *, *, #1192, .T. ) ;
#1157 = DIRECTION ( 'NONE',  ( -0.9270127181047534970, -0.3750298927712786834, 0.000000000000000000 ) ) ;
#1158 = CARTESIAN_POINT ( 'NONE',  ( 72.54293980311344114, 0.000000000000000000, -287.5000000000001137 ) ) ;
#1159 = DIRECTION ( 'NONE',  ( 0.9717814650317067038, -0.2358829884091472318, 0.000000000000000000 ) ) ;
#1160 = CARTESIAN_POINT ( 'NONE',  ( 72.54293980311344114, 30.00000000000000000, -287.5000000000000568 ) ) ;
#1161 = VECTOR ( 'NONE', #50, 1000.000000000000000 ) ;
#1162 = DIRECTION ( 'NONE',  ( -1.000000000000000000, 0.000000000000000000, 0.000000000000000000 ) ) ;
#1163 = ORIENTED_EDGE ( 'NONE', *, *, #2381, .T. ) ;
#1164 = VERTEX_POINT ( 'NONE', #708 ) ;
#1165 = EDGE_LOOP ( 'NONE', ( #578, #1717 ) ) ;
#1166 = CARTESIAN_POINT ( 'NONE',  ( 493.4019154037769681, 697.9253453360322510, 375.0000000000000000 ) ) ;
#1167 = DIRECTION ( 'NONE',  ( -0.000000000000000000, -0.000000000000000000, -1.000000000000000000 ) ) ;
#1168 = FACE_OUTER_BOUND ( 'NONE', #836, .T. ) ;
#1169 = PLANE ( 'NONE',  #709 ) ;
#1170 = CARTESIAN_POINT ( 'NONE',  ( 761.7947010035277344, 671.7514421272165919, 100.0000000000000000 ) ) ;
#1171 = ADVANCED_FACE ( 'NONE', ( #1410 ), #2358, .F. ) ;
#1172 = PLANE ( 'NONE',  #992 ) ;
#1173 = EDGE_CURVE ( 'NONE', #2299, #16, #1029, .T. ) ;
#1174 = EDGE_CURVE ( 'NONE', #1348, #1897, #2958, .T. ) ;
#1175 = LINE ( 'NONE', #2122, #1290 ) ;
#1176 = FACE_OUTER_BOUND ( 'NONE', #2552, .T. ) ;
#1177 = VERTEX_POINT ( 'NONE', #1988 ) ;
#1178 = EDGE_LOOP ( 'NONE', ( #1207, #2995 ) ) ;
#1179 = VECTOR ( 'NONE', #2170, 1000.000000000000114 ) ;
#1180 = DIRECTION ( 'NONE',  ( -0.000000000000000000, -0.000000000000000000, 1.000000000000000000 ) ) ;
#1181 = COORDINATED_UNIVERSAL_TIME_OFFSET ( 8, 0, .AHEAD. ) ;
#1182 = VERTEX_POINT ( 'NONE', #1016 ) ;
#1183 = DIRECTION ( 'NONE',  ( -0.9835928335641609399, -0.1804027099608671025, 0.000000000000000000 ) ) ;
#1184 = CARTESIAN_POINT ( 'NONE',  ( 425.0432588763025592, 753.4421012924627803, 147.5000000000000284 ) ) ;
#1185 = CARTESIAN_POINT ( 'NONE',  ( 731.7947010035277344, 671.7514421272165919, -100.0000000000000000 ) ) ;
#1186 = EDGE_CURVE ( 'NONE', #1164, #2578, #822, .T. ) ;
#1187 = VECTOR ( 'NONE', #977, 1000.000000000000000 ) ;
#1188 = CARTESIAN_POINT ( 'NONE',  ( -77.39273981545696302, -2.500000000000028866, -192.5000000000000000 ) ) ;
#1189 = CIRCLE ( 'NONE', #259, 69.99999999999995737 ) ;
#1190 = VECTOR ( 'NONE', #1658, 1000.000000000000114 ) ;
#1191 = VECTOR ( 'NONE', #452, 1000.000000000000000 ) ;
#1192 = EDGE_CURVE ( 'NONE', #2142, #318, #2945, .T. ) ;
#1193 = PLANE ( 'NONE',  #1228 ) ;
#1194 = EDGE_CURVE ( 'NONE', #336, #2100, #301, .T. ) ;
#1195 = VERTEX_POINT ( 'NONE', #341 ) ;
#1196 = PRODUCT_DEFINITION_FORMATION_WITH_SPECIFIED_SOURCE ( '�', '', #1495, .NOT_KNOWN. ) ;
#1197 = CIRCLE ( 'NONE', #1981, 99.99999999999997158 ) ;
#1198 = EDGE_CURVE ( 'NONE', #611, #2356, #1708, .T. ) ;
#1199 = ORIENTED_EDGE ( 'NONE', *, *, #1221, .T. ) ;
#1200 = CARTESIAN_POINT ( 'NONE',  ( 557.7051220320730636, 15.00000000000001421, -360.0000000000000000 ) ) ;
#1201 = CARTESIAN_POINT ( 'NONE',  ( 495.0432588763023887, 753.4421012924627803, 147.5000000000000284 ) ) ;
#1202 = FACE_OUTER_BOUND ( 'NONE', #569, .T. ) ;
#1203 = DIRECTION ( 'NONE',  ( 1.000000000000000000, 0.000000000000000000, 0.000000000000000000 ) ) ;
#1204 = EDGE_CURVE ( 'NONE', #1732, #1032, #2086, .T. ) ;
#1205 = DIRECTION ( 'NONE',  ( -1.000000000000000000, 0.000000000000000000, 0.000000000000000000 ) ) ;
#1206 = CC_DESIGN_DATE_AND_TIME_ASSIGNMENT ( #2551, #483, ( #2 ) ) ;
#1207 = ORIENTED_EDGE ( 'NONE', *, *, #630, .F. ) ;
#1208 = ORIENTED_EDGE ( 'NONE', *, *, #2830, .F. ) ;
#1209 = CARTESIAN_POINT ( 'NONE',  ( 374.1516372052100223, 447.1123421648817953, 375.0000000000000000 ) ) ;
#1210 = LINE ( 'NONE', #2817, #1928 ) ;
#1211 = CARTESIAN_POINT ( 'NONE',  ( 514.1930844855518217, 600.1105852626513979, 375.0000000000000000 ) ) ;
#1212 = CARTESIAN_POINT ( 'NONE',  ( 0.000000000000000000, 0.000000000000000000, -375.0000000000000000 ) ) ;
#1213 = EDGE_CURVE ( 'NONE', #2949, #930, #99, .T. ) ;
#1214 = DIRECTION ( 'NONE',  ( -0.9835928335641610509, 0.1804027099608666029, 0.000000000000000000 ) ) ;
#1215 = DIRECTION ( 'NONE',  ( 1.000000000000000000, 0.000000000000000000, 0.000000000000000000 ) ) ;
#1216 = ORIENTED_EDGE ( 'NONE', *, *, #607, .F. ) ;
#1217 = ADVANCED_FACE ( 'NONE', ( #1940 ), #2909, .F. ) ;
#1218 = VERTEX_POINT ( 'NONE', #589 ) ;
#1219 = ORIENTED_EDGE ( 'NONE', *, *, #807, .F. ) ;
#1220 = CARTESIAN_POINT ( 'NONE',  ( 757.1285194422267750, 405.9713065200224946, -375.0000000000000000 ) ) ;
#1221 = EDGE_CURVE ( 'NONE', #1478, #334, #1189, .T. ) ;
#1222 = DIRECTION ( 'NONE',  ( -0.000000000000000000, 0.000000000000000000, 1.000000000000000000 ) ) ;
#1223 = CARTESIAN_POINT ( 'NONE',  ( 711.9094155032546496, 1000.576926413370188, -147.5000000000000284 ) ) ;
#1224 = CYLINDRICAL_SURFACE ( 'NONE', #711, 30.00000000000002842 ) ;
#1225 = ORIENTED_EDGE ( 'NONE', *, *, #504, .T. ) ;
#1226 = VECTOR ( 'NONE', #2950, 1000.000000000000000 ) ;
#1227 = FACE_OUTER_BOUND ( 'NONE', #1261, .T. ) ;
#1228 = AXIS2_PLACEMENT_3D ( 'NONE', #2626, #1661, #2140 ) ;
#1229 = ORIENTED_EDGE ( 'NONE', *, *, #480, .F. ) ;
#1230 = AXIS2_PLACEMENT_3D ( 'NONE', #1493, #2254, #2428 ) ;
#1231 = CARTESIAN_POINT ( 'NONE',  ( 72.54293980311344114, 30.00000000000000000, 127.5000000000000000 ) ) ;
#1232 = EDGE_CURVE ( 'NONE', #2235, #2335, #2926, .T. ) ;
#1233 = CIRCLE ( 'NONE', #2429, 300.0000000000000000 ) ;
#1234 = ORIENTED_EDGE ( 'NONE', *, *, #186, .T. ) ;
#1235 = VECTOR ( 'NONE', #3005, 1000.000000000000000 ) ;
#1236 = ORIENTED_EDGE ( 'NONE', *, *, #94, .T. ) ;
#1237 = PLANE ( 'NONE',  #1288 ) ;
#1238 = VECTOR ( 'NONE', #2925, 1000.000000000000000 ) ;
#1239 = ORIENTED_EDGE ( 'NONE', *, *, #1853, .T. ) ;
#1240 = DIRECTION ( 'NONE',  ( -0.000000000000000000, -0.000000000000000000, -1.000000000000000000 ) ) ;
#1241 = DIRECTION ( 'NONE',  ( -1.000000000000000000, 0.000000000000000000, 0.000000000000000000 ) ) ;
#1242 = DIRECTION ( 'NONE',  ( -1.000000000000000000, 0.000000000000000000, 0.000000000000000000 ) ) ;
#1243 = DIRECTION ( 'NONE',  ( 0.000000000000000000, 0.000000000000000000, 1.000000000000000000 ) ) ;
#1244 = DIRECTION ( 'NONE',  ( -0.000000000000000000, -0.000000000000000000, 1.000000000000000000 ) ) ;
#1245 = ORIENTED_EDGE ( 'NONE', *, *, #2071, .T. ) ;
#1246 = FACE_BOUND ( 'NONE', #1165, .T. ) ;
#1247 = ORIENTED_EDGE ( 'NONE', *, *, #776, .F. ) ;
#1248 = CARTESIAN_POINT ( 'NONE',  ( 35.23483068067880453, -29.56553342875182366, -352.5000000000000568 ) ) ;
#1249 = ORIENTED_EDGE ( 'NONE', *, *, #1864, .T. ) ;
#1250 = EDGE_LOOP ( 'NONE', ( #2087, #728, #1058, #643 ) ) ;
#1251 = DIRECTION ( 'NONE',  ( 0.000000000000000000, 0.000000000000000000, 1.000000000000000000 ) ) ;
#1252 = VERTEX_POINT ( 'NONE', #541 ) ;
#1253 = DIRECTION ( 'NONE',  ( -0.000000000000000000, -0.000000000000000000, -1.000000000000000000 ) ) ;
#1254 = CARTESIAN_POINT ( 'NONE',  ( 731.7947010035277344, 671.7514421272165919, -147.5000000000000284 ) ) ;
#1255 = FACE_OUTER_BOUND ( 'NONE', #1019, .T. ) ;
#1256 = ORIENTED_EDGE ( 'NONE', *, *, #820, .T. ) ;
#1257 = ADVANCED_FACE ( 'NONE', ( #2724 ), #1543, .T. ) ;
#1258 = EDGE_CURVE ( 'NONE', #36, #2547, #2176, .T. ) ;
#1259 = DIRECTION ( 'NONE',  ( 0.000000000000000000, 0.000000000000000000, 1.000000000000000000 ) ) ;
#1260 = EDGE_CURVE ( 'NONE', #2145, #380, #1638, .T. ) ;
#1261 = EDGE_LOOP ( 'NONE', ( #1567, #414, #342, #697 ) ) ;
#1262 = FACE_OUTER_BOUND ( 'NONE', #345, .T. ) ;
#1263 = ORIENTED_EDGE ( 'NONE', *, *, #855, .F. ) ;
#1264 = ORIENTED_EDGE ( 'NONE', *, *, #2274, .F. ) ;
#1265 = VERTEX_POINT ( 'NONE', #788 ) ;
#1266 = CARTESIAN_POINT ( 'NONE',  ( 731.7947010035277344, 671.7514421272165919, -132.5000000000000000 ) ) ;
#1267 = ORIENTED_EDGE ( 'NONE', *, *, #975, .T. ) ;
#1268 = DIRECTION ( 'NONE',  ( 0.9835928335641609399, 0.1804027099608671025, 0.000000000000000000 ) ) ;
#1269 = VECTOR ( 'NONE', #1751, 1000.000000000000000 ) ;
#1270 = CARTESIAN_POINT ( 'NONE',  ( 72.54293980311344114, 14.89653965080597153, -287.5000000000001137 ) ) ;
#1271 = DIRECTION ( 'NONE',  ( -0.3750298927712786279, 0.9270127181047534970, 0.000000000000000000 ) ) ;
#1272 = EDGE_CURVE ( 'NONE', #3006, #396, #1723, .T. ) ;
#1273 = ORIENTED_EDGE ( 'NONE', *, *, #1909, .F. ) ;
#1274 = ORIENTED_EDGE ( 'NONE', *, *, #734, .T. ) ;
#1275 = CARTESIAN_POINT ( 'NONE',  ( -77.39273981545696302, -2.500000000000028866, 32.50000000000000000 ) ) ;
#1276 = AXIS2_PLACEMENT_3D ( 'NONE', #692, #2415, #1463 ) ;
#1277 = VERTEX_POINT ( 'NONE', #562 ) ;
#1278 = CIRCLE ( 'NONE', #3018, 60.00000000000016342 ) ;
#1279 = CARTESIAN_POINT ( 'NONE',  ( -77.39273981545696302, -2.500000000000028866, 352.5000000000000000 ) ) ;
#1280 = FACE_OUTER_BOUND ( 'NONE', #533, .T. ) ;
#1281 = ADVANCED_FACE ( 'NONE', ( #1255 ), #2205, .T. ) ;
#1282 = ORIENTED_EDGE ( 'NONE', *, *, #2643, .T. ) ;
#1283 = ORIENTED_EDGE ( 'NONE', *, *, #238, .F. ) ;
#1284 = VERTEX_POINT ( 'NONE', #2971 ) ;
#1285 = AXIS2_PLACEMENT_3D ( 'NONE', #1185, #1920, #525 ) ;
#1286 = DIRECTION ( 'NONE',  ( -1.000000000000000000, 0.000000000000000000, 0.000000000000000000 ) ) ;
#1287 = DIRECTION ( 'NONE',  ( 0.000000000000000000, 0.000000000000000000, 1.000000000000000000 ) ) ;
#1288 = AXIS2_PLACEMENT_3D ( 'NONE', #2217, #784, #2893 ) ;
#1289 = EDGE_CURVE ( 'NONE', #1218, #102, #1077, .T. ) ;
#1290 = VECTOR ( 'NONE', #3065, 1000.000000000000000 ) ;
#1291 = FACE_OUTER_BOUND ( 'NONE', #2583, .T. ) ;
#1292 = VECTOR ( 'NONE', #2520, 1000.000000000000000 ) ;
#1293 = DIRECTION ( 'NONE',  ( -0.000000000000000000, -0.000000000000000000, 1.000000000000000000 ) ) ;
#1294 = DIRECTION ( 'NONE',  ( -0.000000000000000000, -0.000000000000000000, 1.000000000000000000 ) ) ;
#1295 = ORIENTED_EDGE ( 'NONE', *, *, #2658, .T. ) ;
#1296 = ADVANCED_FACE ( 'NONE', ( #915 ), #388, .F. ) ;
#1297 = DIRECTION ( 'NONE',  ( -1.000000000000000000, 0.000000000000000000, 0.000000000000000000 ) ) ;
#1298 = DIRECTION ( 'NONE',  ( 0.2079116908177529865, -0.9781476007338070211, 0.000000000000000000 ) ) ;
#1299 = CARTESIAN_POINT ( 'NONE',  ( 72.54293980311344114, 30.00000000000000000, 192.5000000000000000 ) ) ;
#1300 = ORIENTED_EDGE ( 'NONE', *, *, #2947, .F. ) ;
#1301 = VERTEX_POINT ( 'NONE', #880 ) ;
#1302 = CARTESIAN_POINT ( 'NONE',  ( 566.2391349644898355, 611.1733148009585648, 132.5000000000000000 ) ) ;
#1303 = EDGE_CURVE ( 'NONE', #1039, #2972, #2269, .T. ) ;
#1304 = LINE ( 'NONE', #357, #699 ) ;
#1305 = CARTESIAN_POINT ( 'NONE',  ( 0.000000000000000000, 0.000000000000000000, -352.5000000000000568 ) ) ;
#1306 = EDGE_CURVE ( 'NONE', #930, #754, #2380, .T. ) ;
#1307 = DIRECTION ( 'NONE',  ( -0.000000000000000000, -0.000000000000000000, -1.000000000000000000 ) ) ;
#1308 = ORIENTED_EDGE ( 'NONE', *, *, #1532, .F. ) ;
#1309 = CARTESIAN_POINT ( 'NONE',  ( 72.54293980311344114, 0.000000000000000000, 375.0000000000000000 ) ) ;
#1310 = CARTESIAN_POINT ( 'NONE',  ( 671.7947010035275071, 671.7514421272165919, -100.0000000000000000 ) ) ;
#1311 = CARTESIAN_POINT ( 'NONE',  ( 72.54293980311344114, 0.000000000000000000, -287.5000000000000568 ) ) ;
#1312 = EDGE_CURVE ( 'NONE', #470, #320, #2019, .T. ) ;
#1313 = ORIENTED_EDGE ( 'NONE', *, *, #1831, .T. ) ;
#1314 = EDGE_LOOP ( 'NONE', ( #1263, #2009, #2260, #1156, #2671, #770, #2828 ) ) ;
#1315 = CARTESIAN_POINT ( 'NONE',  ( 731.7947010035277344, 671.7514421272165919, -147.5000000000000284 ) ) ;
#1316 = PERSON_AND_ORGANIZATION ( #2065, #802 ) ;
#1317 = ORIENTED_EDGE ( 'NONE', *, *, #1942, .T. ) ;
#1318 = ORIENTED_EDGE ( 'NONE', *, *, #591, .F. ) ;
#1319 = DIRECTION ( 'NONE',  ( 0.1804027099608671303, -0.9835928335641610509, 0.000000000000000000 ) ) ;
#1320 = DIRECTION ( 'NONE',  ( 0.2358829884091472318, 0.9717814650317067038, 0.000000000000000000 ) ) ;
#1321 = CARTESIAN_POINT ( 'NONE',  ( 0.000000000000000000, 0.000000000000000000, 375.0000000000000000 ) ) ;
#1322 = EDGE_CURVE ( 'NONE', #2812, #2619, #3035, .T. ) ;
#1323 = AXIS2_PLACEMENT_3D ( 'NONE', #1201, #772, #1910 ) ;
#1324 = DIRECTION ( 'NONE',  ( 0.000000000000000000, -0.000000000000000000, -1.000000000000000000 ) ) ;
#1325 = CARTESIAN_POINT ( 'NONE',  ( 545.4479658827139019, 708.9880748743390768, 375.0000000000000000 ) ) ;
#1326 = EDGE_LOOP ( 'NONE', ( #1300, #2377, #2402, #921 ) ) ;
#1327 = ORIENTED_EDGE ( 'NONE', *, *, #971, .F. ) ;
#1328 = DIRECTION ( 'NONE',  ( -0.000000000000000000, -0.000000000000000000, -1.000000000000000000 ) ) ;
#1329 = CIRCLE ( 'NONE', #652, 30.00000000000002842 ) ;
#1330 = APPROVAL_ROLE ( '' ) ;
#1331 = ADVANCED_FACE ( 'NONE', ( #2308 ), #1098, .T. ) ;
#1332 = ORIENTED_EDGE ( 'NONE', *, *, #120, .F. ) ;
#1333 = CIRCLE ( 'NONE', #3072, 449.9999999999998863 ) ;
#1334 = ORIENTED_EDGE ( 'NONE', *, *, #820, .F. ) ;
#1335 = LINE ( 'NONE', #131, #2822 ) ;
#1336 = VECTOR ( 'NONE', #2821, 1000.000000000000114 ) ;
#1337 = CIRCLE ( 'NONE', #899, 100.0000000000000284 ) ;
#1338 = DIRECTION ( 'NONE',  ( -0.000000000000000000, -0.000000000000000000, -1.000000000000000000 ) ) ;
#1339 = CARTESIAN_POINT ( 'NONE',  ( 417.0149379823810136, 623.6988841035656606, -375.0000000000000000 ) ) ;
#1340 = VECTOR ( 'NONE', #949, 1000.000000000000114 ) ;
#1341 = CC_DESIGN_APPROVAL ( #1852, ( #1196 ) ) ;
#1342 = AXIS2_PLACEMENT_3D ( 'NONE', #1438, #1923, #2427 ) ;
#1343 = ORIENTED_EDGE ( 'NONE', *, *, #2324, .F. ) ;
#1344 = LINE ( 'NONE', #1160, #2526 ) ;
#1345 = DIRECTION ( 'NONE',  ( -1.000000000000000000, 0.000000000000000000, 0.000000000000000000 ) ) ;
#1346 = LINE ( 'NONE', #2329, #262 ) ;
#1347 = ORIENTED_EDGE ( 'NONE', *, *, #3008, .F. ) ;
#1348 = VERTEX_POINT ( 'NONE', #687 ) ;
#1349 = EDGE_LOOP ( 'NONE', ( #2963, #2439, #2209, #1040, #366, #1327, #2616, #922, #1991, #2446, #2219 ) ) ;
#1350 = EDGE_CURVE ( 'NONE', #1055, #2939, #2556, .T. ) ;
#1351 = LINE ( 'NONE', #646, #2432 ) ;
#1352 = ORIENTED_EDGE ( 'NONE', *, *, #1990, .T. ) ;
#1353 = DIRECTION ( 'NONE',  ( -0.6427876096865433597, -0.7660444431189745718, 0.000000000000000000 ) ) ;
#1354 = LINE ( 'NONE', #2002, #1441 ) ;
#1355 = LINE ( 'NONE', #2040, #2641 ) ;
#1356 = DIRECTION ( 'NONE',  ( -0.000000000000000000, 1.000000000000000000, -0.000000000000000000 ) ) ;
#1357 = EDGE_LOOP ( 'NONE', ( #1802, #1282, #547, #3069 ) ) ;
#1358 = CARTESIAN_POINT ( 'NONE',  ( 72.54293980311344114, 0.000000000000000000, -127.5000000000000000 ) ) ;
#1359 = EDGE_CURVE ( 'NONE', #392, #2493, #402, .T. ) ;
#1360 = EDGE_CURVE ( 'NONE', #2455, #2299, #1477, .T. ) ;
#1361 = DIRECTION ( 'NONE',  ( -0.3750298927712786279, 0.9270127181047534970, 0.000000000000000000 ) ) ;
#1362 = DIRECTION ( 'NONE',  ( 0.9961406563796340041, 0.08777125217035475213, 0.000000000000000000 ) ) ;
#1363 = CARTESIAN_POINT ( 'NONE',  ( 739.8372322884977166, 602.2149934795451145, -132.5000000000000000 ) ) ;
#1364 = ORIENTED_EDGE ( 'NONE', *, *, #2990, .F. ) ;
#1365 = ORIENTED_EDGE ( 'NONE', *, *, #280, .F. ) ;
#1366 = FACE_OUTER_BOUND ( 'NONE', #1408, .T. ) ;
#1367 = PERSON_AND_ORGANIZATION_ROLE ( 'design_supplier' ) ;
#1368 = ORIENTED_EDGE ( 'NONE', *, *, #134, .T. ) ;
#1369 = ORIENTED_EDGE ( 'NONE', *, *, #733, .F. ) ;
#1370 = DIRECTION ( 'NONE',  ( -0.9270127181047534970, -0.3750298927712786834, 0.000000000000000000 ) ) ;
#1371 = CARTESIAN_POINT ( 'NONE',  ( -77.39273981545696302, 2.499999999999971578, -127.5000000000000000 ) ) ;
#1372 = DIRECTION ( 'NONE',  ( -0.000000000000000000, -0.000000000000000000, 1.000000000000000000 ) ) ;
#1373 = VERTEX_POINT ( 'NONE', #622 ) ;
#1374 = EDGE_CURVE ( 'NONE', #2455, #104, #1899, .T. ) ;
#1375 = FACE_OUTER_BOUND ( 'NONE', #665, .T. ) ;
#1376 = LINE ( 'NONE', #2060, #1830 ) ;
#1377 = DIRECTION ( 'NONE',  ( -0.3270274054154094223, 0.9450148549664526554, 0.000000000000000000 ) ) ;
#1378 = CARTESIAN_POINT ( 'NONE',  ( 791.7793077029017468, 320.3202103563608034, -147.4999999999999716 ) ) ;
#1379 = EDGE_LOOP ( 'NONE', ( #590, #1960, #674, #2954 ) ) ;
#1380 = ORIENTED_EDGE ( 'NONE', *, *, #2990, .T. ) ;
#1381 = DIRECTION ( 'NONE',  ( -0.000000000000000000, 0.000000000000000000, -1.000000000000000000 ) ) ;
#1382 = SHAPE_DEFINITION_REPRESENTATION ( #115, #2020 ) ;
#1383 = ORIENTED_EDGE ( 'NONE', *, *, #2291, .T. ) ;
#1384 = FACE_OUTER_BOUND ( 'NONE', #2281, .T. ) ;
#1385 = FACE_OUTER_BOUND ( 'NONE', #2486, .T. ) ;
#1386 = DIRECTION ( 'NONE',  ( -0.9835928335641610509, 0.1804027099608666029, 0.000000000000000000 ) ) ;
#1387 = DIRECTION ( 'NONE',  ( 0.000000000000000000, 0.000000000000000000, -1.000000000000000000 ) ) ;
#1388 = APPLICATION_CONTEXT ( 'configuration controlled 3d designs of mechanical parts and assemblies' ) ;
#1389 = VERTEX_POINT ( 'NONE', #266 ) ;
#1390 = AXIS2_PLACEMENT_3D ( 'NONE', #2191, #1753, #2445 ) ;
#1391 = UNCERTAINTY_MEASURE_WITH_UNIT (LENGTH_MEASURE( 1.000000000000000082E-05 ), #2489, 'distance_accuracy_value', 'NONE');
#1392 = DIRECTION ( 'NONE',  ( -1.000000000000000000, -4.625929269271489858E-16, 0.000000000000000000 ) ) ;
#1393 = AXIS2_PLACEMENT_3D ( 'NONE', #486, #1432, #2322 ) ;
#1394 = AXIS2_PLACEMENT_3D ( 'NONE', #2908, #1243, #2639 ) ;
#1395 = VECTOR ( 'NONE', #2580, 1000.000000000000114 ) ;
#1396 = PLANE ( 'NONE',  #851 ) ;
#1397 = DIRECTION ( 'NONE',  ( -0.000000000000000000, -0.000000000000000000, -1.000000000000000000 ) ) ;
#1398 = ORIENTED_EDGE ( 'NONE', *, *, #1260, .T. ) ;
#1399 = ORIENTED_EDGE ( 'NONE', *, *, #1198, .T. ) ;
#1400 = LINE ( 'NONE', #3028, #803 ) ;
#1401 = PERSON_AND_ORGANIZATION_ROLE ( 'creator' ) ;
#1402 = ORIENTED_EDGE ( 'NONE', *, *, #1544, .T. ) ;
#1403 = CARTESIAN_POINT ( 'NONE',  ( 566.2391349644898355, 611.1733148009585648, 375.0000000000000000 ) ) ;
#1404 = EDGE_CURVE ( 'NONE', #1566, #2607, #2634, .T. ) ;
#1405 = CARTESIAN_POINT ( 'NONE',  ( 468.0796516749231841, 688.8436192151747264, 147.5000000000000284 ) ) ;
#1406 = DIRECTION ( 'NONE',  ( -0.000000000000000000, -0.000000000000000000, 1.000000000000000000 ) ) ;
#1407 = EDGE_CURVE ( 'NONE', #139, #523, #18, .T. ) ;
#1408 = EDGE_LOOP ( 'NONE', ( #2471, #954, #751, #393, #1870, #2929, #2197, #1455, #1613, #2530 ) ) ;
#1409 = FACE_OUTER_BOUND ( 'NONE', #960, .T. ) ;
#1410 = FACE_OUTER_BOUND ( 'NONE', #1801, .T. ) ;
#1411 = DIRECTION ( 'NONE',  ( -0.000000000000000000, -0.000000000000000000, -1.000000000000000000 ) ) ;
#1412 = DIRECTION ( 'NONE',  ( -1.000000000000000000, 0.000000000000000000, 0.000000000000000000 ) ) ;
#1413 = ORIENTED_EDGE ( 'NONE', *, *, #2935, .T. ) ;
#1414 = ORIENTED_EDGE ( 'NONE', *, *, #1198, .F. ) ;
#1415 = CARTESIAN_POINT ( 'NONE',  ( 465.0432588763023318, 753.4421012924627803, 132.5000000000000000 ) ) ;
#1416 = EDGE_CURVE ( 'NONE', #2811, #3036, #2841, .T. ) ;
#1417 = ORIENTED_EDGE ( 'NONE', *, *, #2633, .F. ) ;
#1418 = CYLINDRICAL_SURFACE ( 'NONE', #2223, 99.99999999999992895 ) ;
#1419 = FACE_OUTER_BOUND ( 'NONE', #2717, .T. ) ;
#1420 = CARTESIAN_POINT ( 'NONE',  ( 791.7947010035278481, 671.7514421272165919, 132.5000000000000000 ) ) ;
#1421 = ORIENTED_EDGE ( 'NONE', *, *, #1682, .T. ) ;
#1422 = EDGE_CURVE ( 'NONE', #1946, #1252, #151, .T. ) ;
#1423 = EDGE_CURVE ( 'NONE', #2590, #2645, #757, .T. ) ;
#1424 = DIRECTION ( 'NONE',  ( 1.000000000000000000, 0.000000000000000000, 0.000000000000000000 ) ) ;
#1425 = CARTESIAN_POINT ( 'NONE',  ( -120.6074876424964799, 567.4136177914576820, -132.5000000000000568 ) ) ;
#1426 = CARTESIAN_POINT ( 'NONE',  ( 730.4472480796592890, 209.2790192343381079, 375.0000000000000000 ) ) ;
#1427 = VERTEX_POINT ( 'NONE', #1420 ) ;
#1428 = ORIENTED_EDGE ( 'NONE', *, *, #1806, .F. ) ;
#1429 = PERSON_AND_ORGANIZATION ( #2065, #802 ) ;
#1430 = CIRCLE ( 'NONE', #2574, 69.99999999999984368 ) ;
#1431 = ADVANCED_FACE ( 'NONE', ( #1692, #234, #1168 ), #2632, .F. ) ;
#1432 = DIRECTION ( 'NONE',  ( 0.000000000000000000, -0.000000000000000000, -1.000000000000000000 ) ) ;
#1433 = EDGE_CURVE ( 'NONE', #104, #16, #2728, .T. ) ;
#1434 = CIRCLE ( 'NONE', #1817, 300.0000000000000000 ) ;
#1435 = PLANE ( 'NONE',  #2818 ) ;
#1436 = VECTOR ( 'NONE', #763, 1000.000000000000000 ) ;
#1437 = PRODUCT_RELATED_PRODUCT_CATEGORY ( 'detail', '', ( #1495 ) ) ;
#1438 = CARTESIAN_POINT ( 'NONE',  ( 72.54293980311344114, 0.000000000000000000, -287.5000000000000568 ) ) ;
#1439 = CARTESIAN_POINT ( 'NONE',  ( 495.0432588763023887, 753.4421012924627803, 132.5000000000000000 ) ) ;
#1440 = AXIS2_PLACEMENT_3D ( 'NONE', #1128, #1372, #2790 ) ;
#1441 = VECTOR ( 'NONE', #1293, 1000.000000000000000 ) ;
#1442 = VECTOR ( 'NONE', #3021, 1000.000000000000114 ) ;
#1443 = CARTESIAN_POINT ( 'NONE',  ( 545.4479658827139019, 708.9880748743390768, -132.5000000000000568 ) ) ;
#1444 = EDGE_LOOP ( 'NONE', ( #2721, #423, #2080, #1466 ) ) ;
#1445 = AXIS2_PLACEMENT_3D ( 'NONE', #2789, #1126, #3014 ) ;
#1446 = ORIENTED_EDGE ( 'NONE', *, *, #1695, .T. ) ;
#1447 = EDGE_CURVE ( 'NONE', #2600, #1727, #2366, .T. ) ;
#1448 = DIRECTION ( 'NONE',  ( -0.000000000000000000, -0.000000000000000000, -1.000000000000000000 ) ) ;
#1449 = CARTESIAN_POINT ( 'NONE',  ( 566.2391349644898355, 611.1733148009585648, 375.0000000000000000 ) ) ;
#1450 = DIRECTION ( 'NONE',  ( -1.000000000000000000, 0.000000000000000000, 0.000000000000000000 ) ) ;
#1451 = FACE_OUTER_BOUND ( 'NONE', #1821, .T. ) ;
#1452 = LINE ( 'NONE', #2655, #2276 ) ;
#1453 = EDGE_CURVE ( 'NONE', #1704, #231, #1333, .T. ) ;
#1454 = ORIENTED_EDGE ( 'NONE', *, *, #2604, .F. ) ;
#1455 = ORIENTED_EDGE ( 'NONE', *, *, #1005, .T. ) ;
#1456 = ORIENTED_EDGE ( 'NONE', *, *, #305, .F. ) ;
#1457 = DIRECTION ( 'NONE',  ( -0.000000000000000000, -0.000000000000000000, -1.000000000000000000 ) ) ;
#1458 = DIRECTION ( 'NONE',  ( 0.6084315436571356983, 0.7936063612919159738, 0.000000000000000000 ) ) ;
#1459 = DIRECTION ( 'NONE',  ( -0.000000000000000000, -0.000000000000000000, -1.000000000000000000 ) ) ;
#1460 = LINE ( 'NONE', #1014, #218 ) ;
#1461 = DIRECTION ( 'NONE',  ( -1.000000000000000000, 0.000000000000000000, 0.000000000000000000 ) ) ;
#1462 = EDGE_CURVE ( 'NONE', #512, #2778, #1642, .T. ) ;
#1463 = DIRECTION ( 'NONE',  ( 1.000000000000000000, 0.000000000000000000, -0.000000000000000000 ) ) ;
#1464 = VERTEX_POINT ( 'NONE', #1863 ) ;
#1465 = CARTESIAN_POINT ( 'NONE',  ( 72.54293980311344114, 30.00000000000000000, -352.5000000000000568 ) ) ;
#1466 = ORIENTED_EDGE ( 'NONE', *, *, #1374, .F. ) ;
#1467 = ORIENTED_EDGE ( 'NONE', *, *, #967, .T. ) ;
#1468 = PLANE ( 'NONE',  #2881 ) ;
#1469 = VECTOR ( 'NONE', #197, 1000.000000000000000 ) ;
#1470 = DIRECTION ( 'NONE',  ( 0.9835928335641609399, 0.1804027099608671025, 0.000000000000000000 ) ) ;
#1471 = DIRECTION ( 'NONE',  ( -0.000000000000000000, -0.000000000000000000, -1.000000000000000000 ) ) ;
#1472 = CIRCLE ( 'NONE', #145, 60.00000000000016342 ) ;
#1473 = CARTESIAN_POINT ( 'NONE',  ( 495.0432588763023887, 753.4421012924627803, 132.5000000000000000 ) ) ;
#1474 = ORIENTED_EDGE ( 'NONE', *, *, #2802, .T. ) ;
#1475 = AXIS2_PLACEMENT_3D ( 'NONE', #931, #1392, #2074 ) ;
#1476 = DIRECTION ( 'NONE',  ( -0.000000000000000000, -0.000000000000000000, -1.000000000000000000 ) ) ;
#1477 = CIRCLE ( 'NONE', #461, 30.00000000000002842 ) ;
#1478 = VERTEX_POINT ( 'NONE', #2856 ) ;
#1479 = VECTOR ( 'NONE', #2505, 1000.000000000000114 ) ;
#1480 = AXIS2_PLACEMENT_3D ( 'NONE', #1439, #2150, #1461 ) ;
#1481 = ORIENTED_EDGE ( 'NONE', *, *, #1507, .T. ) ;
#1482 = CIRCLE ( 'NONE', #1099, 30.00000000000002842 ) ;
#1483 = EDGE_LOOP ( 'NONE', ( #2488, #2614, #2786, #1534 ) ) ;
#1484 = DIRECTION ( 'NONE',  ( 1.000000000000000000, 0.000000000000000000, 0.000000000000000000 ) ) ;
#1485 = VECTOR ( 'NONE', #2051, 1000.000000000000000 ) ;
#1486 = EDGE_CURVE ( 'NONE', #523, #1893, #1210, .T. ) ;
#1487 = DIRECTION ( 'NONE',  ( -0.000000000000000000, -0.000000000000000000, 1.000000000000000000 ) ) ;
#1488 = EDGE_CURVE ( 'NONE', #2613, #1993, #1634, .T. ) ;
#1489 = LINE ( 'NONE', #987, #2270 ) ;
#1490 = DIRECTION ( 'NONE',  ( 0.9835928335641610509, -0.1804027099608666029, 0.000000000000000000 ) ) ;
#1491 = ADVANCED_FACE ( 'NONE', ( #1866 ), #1132, .F. ) ;
#1492 = CARTESIAN_POINT ( 'NONE',  ( 281.5699773444789571, 264.0052625900503926, 375.0000000000000000 ) ) ;
#1493 = CARTESIAN_POINT ( 'NONE',  ( 415.1346384854873008, 334.4222867890144357, -360.0000000000000000 ) ) ;
#1494 = EDGE_LOOP ( 'NONE', ( #2155, #2280, #3054, #1318 ) ) ;
#1495 = PRODUCT ( 'bucket_XCGM_V01_Default_sldprt', 'bucket_XCGM_V01_Default_sldprt', '', ( #114 ) ) ;
#1496 = CARTESIAN_POINT ( 'NONE',  ( 72.62975334396362825, 15.00000000000001421, 375.0000000000000000 ) ) ;
#1497 = EDGE_LOOP ( 'NONE', ( #1047, #522 ) ) ;
#1498 = DIRECTION ( 'NONE',  ( -0.000000000000000000, -0.000000000000000000, -1.000000000000000000 ) ) ;
#1499 = ORIENTED_EDGE ( 'NONE', *, *, #2043, .T. ) ;
#1500 = ORIENTED_EDGE ( 'NONE', *, *, #1042, .F. ) ;
#1501 = ORIENTED_EDGE ( 'NONE', *, *, #2460, .F. ) ;
#1502 = CYLINDRICAL_SURFACE ( 'NONE', #752, 100.0000000000000284 ) ;
#1503 = EDGE_CURVE ( 'NONE', #1069, #694, #3038, .T. ) ;
#1504 = DIRECTION ( 'NONE',  ( 0.000000000000000000, 0.000000000000000000, 1.000000000000000000 ) ) ;
#1505 = CARTESIAN_POINT ( 'NONE',  ( 0.000000000000000000, 0.000000000000000000, 32.49999999999997158 ) ) ;
#1506 = CARTESIAN_POINT ( 'NONE',  ( 608.3759481964208362, 693.3649618864933473, -360.0000000000000000 ) ) ;
#1507 = EDGE_CURVE ( 'NONE', #1182, #512, #2611, .T. ) ;
#1508 = ORIENTED_EDGE ( 'NONE', *, *, #1868, .F. ) ;
#1509 = FACE_OUTER_BOUND ( 'NONE', #209, .T. ) ;
#1510 = ORIENTED_EDGE ( 'NONE', *, *, #1886, .T. ) ;
#1511 = ADVANCED_FACE ( 'NONE', ( #240 ), #1396, .F. ) ;
#1512 = LINE ( 'NONE', #1279, #1576 ) ;
#1513 = DIRECTION ( 'NONE',  ( 0.9781476007338069101, 0.2079116908177529588, 0.000000000000000000 ) ) ;
#1514 = ORIENTED_EDGE ( 'NONE', *, *, #1756, .F. ) ;
#1515 = ORIENTED_EDGE ( 'NONE', *, *, #883, .T. ) ;
#1516 = LINE ( 'NONE', #1550, #758 ) ;
#1517 = CARTESIAN_POINT ( 'NONE',  ( 404.3598428088391188, 650.0000000000000000, 360.0000000000000000 ) ) ;
#1518 = ORIENTED_EDGE ( 'NONE', *, *, #2110, .T. ) ;
#1519 = LINE ( 'NONE', #2998, #789 ) ;
#1520 = AXIS2_PLACEMENT_3D ( 'NONE', #398, #1319, #1268 ) ;
#1521 = EDGE_CURVE ( 'NONE', #318, #683, #3003, .T. ) ;
#1522 = DIRECTION ( 'NONE',  ( -0.000000000000000000, -0.000000000000000000, 1.000000000000000000 ) ) ;
#1523 = CARTESIAN_POINT ( 'NONE',  ( 731.7947010035277344, 671.7514421272165919, -132.5000000000000000 ) ) ;
#1524 = ORIENTED_EDGE ( 'NONE', *, *, #2854, .T. ) ;
#1525 = APPROVAL ( #395, '未' ) ;
#1526 = AXIS2_PLACEMENT_3D ( 'NONE', #1539, #385, #1111 ) ;
#1527 = ORIENTED_EDGE ( 'NONE', *, *, #2045, .T. ) ;
#1528 = CARTESIAN_POINT ( 'NONE',  ( 72.54293980311344114, 30.00000000000000000, 192.5000000000000000 ) ) ;
#1529 = VERTEX_POINT ( 'NONE', #3019 ) ;
#1530 = CC_DESIGN_DATE_AND_TIME_ASSIGNMENT ( #910, #2783, ( #2501 ) ) ;
#1531 = CIRCLE ( 'NONE', #1580, 69.99999999999984368 ) ;
#1532 = EDGE_CURVE ( 'NONE', #1032, #1732, #1482, .T. ) ;
#1533 = DIRECTION ( 'NONE',  ( -0.000000000000000000, 1.000000000000000000, -0.000000000000000000 ) ) ;
#1534 = ORIENTED_EDGE ( 'NONE', *, *, #739, .T. ) ;
#1535 = CARTESIAN_POINT ( 'NONE',  ( -77.39273981545696302, 2.499999999999971578, -192.5000000000000000 ) ) ;
#1536 = DIRECTION ( 'NONE',  ( 0.000000000000000000, -1.000000000000000000, 0.000000000000000000 ) ) ;
#1537 = VECTOR ( 'NONE', #1457, 1000.000000000000000 ) ;
#1538 = VECTOR ( 'NONE', #124, 1000.000000000000114 ) ;
#1539 = CARTESIAN_POINT ( 'NONE',  ( 415.1346384854873008, 334.4222867890144357, 360.0000000000000000 ) ) ;
#1540 = AXIS2_PLACEMENT_3D ( 'NONE', #600, #629, #2052 ) ;
#1541 = AXIS2_PLACEMENT_3D ( 'NONE', #1302, #598, #1776 ) ;
#1542 = LINE ( 'NONE', #2957, #2282 ) ;
#1543 = CYLINDRICAL_SURFACE ( 'NONE', #1041, 69.99999999999995737 ) ;
#1544 = EDGE_CURVE ( 'NONE', #380, #2874, #903, .T. ) ;
#1545 = FACE_BOUND ( 'NONE', #1145, .T. ) ;
#1546 = CARTESIAN_POINT ( 'NONE',  ( 801.7947010035276207, 671.7514421272165919, -147.5000000000000284 ) ) ;
#1547 = CARTESIAN_POINT ( 'NONE',  ( 72.54293980311344114, 0.000000000000000000, 352.4999999999999432 ) ) ;
#1548 = ORIENTED_EDGE ( 'NONE', *, *, #2192, .F. ) ;
#1549 = ORIENTED_EDGE ( 'NONE', *, *, #781, .T. ) ;
#1550 = CARTESIAN_POINT ( 'NONE',  ( 701.7947010035277344, 671.7514421272165919, -374.9999999999999432 ) ) ;
#1551 = EDGE_CURVE ( 'NONE', #1265, #1025, #188, .T. ) ;
#1552 = ORIENTED_EDGE ( 'NONE', *, *, #339, .T. ) ;
#1553 = CARTESIAN_POINT ( 'NONE',  ( 739.8372322884977166, 602.2149934795451145, 147.5000000000000284 ) ) ;
#1554 = CARTESIAN_POINT ( 'NONE',  ( 660.8802517721845788, 162.3493558837002411, -360.0000000000000000 ) ) ;
#1555 = CARTESIAN_POINT ( 'NONE',  ( -77.39273981545696302, -2.500000000000028866, -287.5000000000000568 ) ) ;
#1556 = CARTESIAN_POINT ( 'NONE',  ( 72.54293980311344114, 30.00000000000000000, 32.50000000000000000 ) ) ;
#1557 = ORIENTED_EDGE ( 'NONE', *, *, #1907, .T. ) ;
#1558 = DIRECTION ( 'NONE',  ( 0.000000000000000000, 0.000000000000000000, 1.000000000000000000 ) ) ;
#1559 = EDGE_CURVE ( 'NONE', #1277, #617, #1175, .T. ) ;
#1560 = CARTESIAN_POINT ( 'NONE',  ( -120.6074876424964799, 567.4136177914576820, 375.0000000000000000 ) ) ;
#1561 = DIRECTION ( 'NONE',  ( 4.625929269271489858E-16, -1.000000000000000000, 0.000000000000000000 ) ) ;
#1562 = ORIENTED_EDGE ( 'NONE', *, *, #1818, .T. ) ;
#1563 = ORIENTED_EDGE ( 'NONE', *, *, #1663, .T. ) ;
#1564 = CYLINDRICAL_SURFACE ( 'NONE', #2038, 99.99999999999997158 ) ;
#1565 =( NAMED_UNIT ( * ) SI_UNIT ( $, .STERADIAN. ) SOLID_ANGLE_UNIT ( ) );
#1566 = VERTEX_POINT ( 'NONE', #691 ) ;
#1567 = ORIENTED_EDGE ( 'NONE', *, *, #248, .F. ) ;
#1568 = DIRECTION ( 'NONE',  ( 0.000000000000000000, 0.000000000000000000, 1.000000000000000000 ) ) ;
#1569 = CARTESIAN_POINT ( 'NONE',  ( -77.39273981545696302, 2.499999999999971578, 127.5000000000000000 ) ) ;
#1570 = DIRECTION ( 'NONE',  ( 0.2358829884091472318, 0.9717814650317067038, 0.000000000000000000 ) ) ;
#1571 = CARTESIAN_POINT ( 'NONE',  ( -77.39273981545696302, -2.500000000000028866, -192.5000000000000000 ) ) ;
#1572 = CIRCLE ( 'NONE', #1914, 449.9999999999998863 ) ;
#1573 = PLANE ( 'NONE',  #506 ) ;
#1574 = CARTESIAN_POINT ( 'NONE',  ( 545.4479658827139019, 708.9880748743390768, 132.5000000000000000 ) ) ;
#1575 = CARTESIAN_POINT ( 'NONE',  ( 0.000000000000000000, 0.000000000000000000, -127.4999999999999432 ) ) ;
#1576 = VECTOR ( 'NONE', #1056, 1000.000000000000000 ) ;
#1577 = ORIENTED_EDGE ( 'NONE', *, *, #2043, .F. ) ;
#1578 = ORIENTED_EDGE ( 'NONE', *, *, #642, .T. ) ;
#1579 = CARTESIAN_POINT ( 'NONE',  ( 761.7947010035277344, 671.7514421272165919, -147.5000000000000284 ) ) ;
#1580 = AXIS2_PLACEMENT_3D ( 'NONE', #1972, #1259, #2022 ) ;
#1581 = CARTESIAN_POINT ( 'NONE',  ( 0.000000000000000000, 0.000000000000000000, 0.000000000000000000 ) ) ;
#1582 = VERTEX_POINT ( 'NONE', #725 ) ;
#1583 = VECTOR ( 'NONE', #2491, 1000.000000000000000 ) ;
#1584 = DIRECTION ( 'NONE',  ( 1.000000000000000000, 0.000000000000000000, -0.000000000000000000 ) ) ;
#1585 = LINE ( 'NONE', #672, #509 ) ;
#1586 = VECTOR ( 'NONE', #2796, 1000.000000000000114 ) ;
#1587 = DIRECTION ( 'NONE',  ( -0.000000000000000000, 1.000000000000000000, -0.000000000000000000 ) ) ;
#1588 = EDGE_CURVE ( 'NONE', #754, #1110, #2346, .T. ) ;
#1589 = LOCAL_TIME ( 14, 14, 0.000000000000000000, #1181 ) ;
#1590 = EDGE_CURVE ( 'NONE', #36, #88, #1890, .T. ) ;
#1591 = VECTOR ( 'NONE', #1328, 1000.000000000000000 ) ;
#1592 = ORIENTED_EDGE ( 'NONE', *, *, #3009, .F. ) ;
#1593 = EDGE_CURVE ( 'NONE', #2438, #336, #171, .T. ) ;
#1594 = CYLINDRICAL_SURFACE ( 'NONE', #1922, 199.9999999999999432 ) ;
#1595 = DIRECTION ( 'NONE',  ( 1.000000000000000000, 0.000000000000000000, -0.000000000000000000 ) ) ;
#1596 = CARTESIAN_POINT ( 'NONE',  ( 72.54293980311344114, 0.000000000000000000, -352.5000000000000568 ) ) ;
#1597 = CARTESIAN_POINT ( 'NONE',  ( 520.6596121904275378, 0.000000000000000000, -375.0000000000000000 ) ) ;
#1598 = ORIENTED_EDGE ( 'NONE', *, *, #264, .F. ) ;
#1599 = ORIENTED_EDGE ( 'NONE', *, *, #1423, .T. ) ;
#1600 = DIRECTION ( 'NONE',  ( -0.000000000000000000, -0.000000000000000000, 1.000000000000000000 ) ) ;
#1601 = COORDINATED_UNIVERSAL_TIME_OFFSET ( 8, 0, .AHEAD. ) ;
#1602 = EDGE_LOOP ( 'NONE', ( #2168, #1, #1413, #3001, #330, #227, #979, #876, #536, #1835, #1562, #2360, #319, #970, #544, #814 ) ) ;
#1603 = CARTESIAN_POINT ( 'NONE',  ( 35.23483068067880453, -29.56553342875182366, 192.5000000000000000 ) ) ;
#1604 = EDGE_CURVE ( 'NONE', #1582, #1025, #1376, .T. ) ;
#1605 = CARTESIAN_POINT ( 'NONE',  ( 415.1346384854873008, 334.4222867890144357, -360.0000000000000000 ) ) ;
#1606 = DIRECTION ( 'NONE',  ( 1.000000000000000000, 0.000000000000000000, 0.000000000000000000 ) ) ;
#1607 = EDGE_LOOP ( 'NONE', ( #210, #463 ) ) ;
#1608 = CARTESIAN_POINT ( 'NONE',  ( 791.7793077029017468, 320.3202103563608034, 375.0000000000000000 ) ) ;
#1609 = DIRECTION ( 'NONE',  ( -0.9835928335641610509, 0.1804027099608666029, 0.000000000000000000 ) ) ;
#1610 = FACE_OUTER_BOUND ( 'NONE', #375, .T. ) ;
#1611 = DIRECTION ( 'NONE',  ( -1.000000000000000000, 0.000000000000000000, 0.000000000000000000 ) ) ;
#1612 = ORIENTED_EDGE ( 'NONE', *, *, #172, .T. ) ;
#1613 = ORIENTED_EDGE ( 'NONE', *, *, #248, .T. ) ;
#1614 = ADVANCED_FACE ( 'NONE', ( #2774 ), #2544, .F. ) ;
#1615 = CARTESIAN_POINT ( 'NONE',  ( -63.15002205905845045, 553.2596869489962046, 375.0000000000000000 ) ) ;
#1616 = ORIENTED_EDGE ( 'NONE', *, *, #776, .T. ) ;
#1617 = CARTESIAN_POINT ( 'NONE',  ( -77.39273981545696302, 2.499999999999971578, 192.5000000000000000 ) ) ;
#1618 = DIRECTION ( 'NONE',  ( 0.000000000000000000, 0.000000000000000000, -1.000000000000000000 ) ) ;
#1619 = CARTESIAN_POINT ( 'NONE',  ( 250.8434527926973203, -60.88786974927510443, 375.0000000000000000 ) ) ;
#1620 = DIRECTION ( 'NONE',  ( -1.000000000000000000, 2.713878504639272157E-15, 0.000000000000000000 ) ) ;
#1621 = CARTESIAN_POINT ( 'NONE',  ( -77.39273981545696302, -2.500000000000028866, 32.50000000000000000 ) ) ;
#1622 = DIRECTION ( 'NONE',  ( 1.000000000000000000, 0.000000000000000000, 0.000000000000000000 ) ) ;
#1623 = CARTESIAN_POINT ( 'NONE',  ( 739.8372322884977166, 602.2149934795451145, 147.5000000000000284 ) ) ;
#1624 = DIRECTION ( 'NONE',  ( 0.000000000000000000, 0.000000000000000000, -1.000000000000000000 ) ) ;
#1625 = CARTESIAN_POINT ( 'NONE',  ( 60.04325887630427871, 0.000000000000000000, 192.5000000000000000 ) ) ;
#1626 = VERTEX_POINT ( 'NONE', #2560 ) ;
#1627 = EDGE_LOOP ( 'NONE', ( #664, #2325 ) ) ;
#1628 = CARTESIAN_POINT ( 'NONE',  ( -77.39273981545696302, -2.500000000000028866, 32.50000000000000000 ) ) ;
#1629 = EDGE_CURVE ( 'NONE', #1993, #2829, #442, .T. ) ;
#1630 = ORIENTED_EDGE ( 'NONE', *, *, #1713, .F. ) ;
#1631 = EDGE_CURVE ( 'NONE', #769, #2800, #2575, .T. ) ;
#1632 = CARTESIAN_POINT ( 'NONE',  ( 791.7793077029017468, 320.3202103563608034, 132.5000000000000000 ) ) ;
#1633 = LINE ( 'NONE', #3058, #1191 ) ;
#1634 = LINE ( 'NONE', #2587, #511 ) ;
#1635 = VECTOR ( 'NONE', #136, 1000.000000000000000 ) ;
#1636 = ORIENTED_EDGE ( 'NONE', *, *, #1065, .T. ) ;
#1637 = FACE_OUTER_BOUND ( 'NONE', #315, .T. ) ;
#1638 = CIRCLE ( 'NONE', #2431, 30.00000000000008171 ) ;
#1639 = CARTESIAN_POINT ( 'NONE',  ( 415.1346384854873008, 334.4222867890144357, -360.0000000000000000 ) ) ;
#1640 = CARTESIAN_POINT ( 'NONE',  ( 791.7793077029017468, 320.3202103563608034, 147.5000000000000284 ) ) ;
#1641 = VECTOR ( 'NONE', #2186, 1000.000000000000000 ) ;
#1642 = CIRCLE ( 'NONE', #2636, 99.99999999999997158 ) ;
#1643 = ADVANCED_FACE ( 'NONE', ( #1020 ), #1700, .F. ) ;
#1644 = VECTOR ( 'NONE', #621, 1000.000000000000000 ) ;
#1645 = CARTESIAN_POINT ( 'NONE',  ( 0.000000000000000000, 0.000000000000000000, -352.5000000000000568 ) ) ;
#1646 = CARTESIAN_POINT ( 'NONE',  ( -77.39273981545696302, 2.499999999999971578, -32.50000000000000000 ) ) ;
#1647 = AXIS2_PLACEMENT_3D ( 'NONE', #1254, #2907, #1241 ) ;
#1648 = ORIENTED_EDGE ( 'NONE', *, *, #1306, .F. ) ;
#1649 = VERTEX_POINT ( 'NONE', #1465 ) ;
#1650 = DIRECTION ( 'NONE',  ( 1.000000000000000000, 0.000000000000000000, 0.000000000000000000 ) ) ;
#1651 = CALENDAR_DATE ( 2026, 17, 8 ) ;
#1652 = ORIENTED_EDGE ( 'NONE', *, *, #975, .F. ) ;
#1653 = DIRECTION ( 'NONE',  ( 0.000000000000000000, 0.000000000000000000, -1.000000000000000000 ) ) ;
#1654 = EDGE_CURVE ( 'NONE', #513, #58, #2195, .T. ) ;
#1655 = CARTESIAN_POINT ( 'NONE',  ( 495.0432588763023887, 753.4421012924627803, -147.5000000000000284 ) ) ;
#1656 = LINE ( 'NONE', #2367, #538 ) ;
#1657 = LINE ( 'NONE', #2806, #1881 ) ;
#1658 = DIRECTION ( 'NONE',  ( -0.2358829884091472318, -0.9717814650317065928, 0.000000000000000000 ) ) ;
#1659 = CARTESIAN_POINT ( 'NONE',  ( 698.6390949754226085, 432.5305084136384721, 360.0000000000000000 ) ) ;
#1660 = DIRECTION ( 'NONE',  ( -0.000000000000000000, -0.000000000000000000, -1.000000000000000000 ) ) ;
#1661 = DIRECTION ( 'NONE',  ( 0.000000000000000000, 0.000000000000000000, 1.000000000000000000 ) ) ;
#1662 = ORIENTED_EDGE ( 'NONE', *, *, #2173, .T. ) ;
#1663 = EDGE_CURVE ( 'NONE', #2596, #1039, #1712, .T. ) ;
#1664 = ORIENTED_EDGE ( 'NONE', *, *, #1138, .T. ) ;
#1665 = FACE_OUTER_BOUND ( 'NONE', #2082, .T. ) ;
#1666 = AXIS2_PLACEMENT_3D ( 'NONE', #1223, #1522, #2944 ) ;
#1667 = ORIENTED_EDGE ( 'NONE', *, *, #1462, .T. ) ;
#1668 = CARTESIAN_POINT ( 'NONE',  ( 545.4479658827139019, 708.9880748743390768, 375.0000000000000000 ) ) ;
#1669 = DIRECTION ( 'NONE',  ( 1.000000000000000000, 0.000000000000000000, 0.000000000000000000 ) ) ;
#1670 = VERTEX_POINT ( 'NONE', #295 ) ;
#1671 = DIRECTION ( 'NONE',  ( -0.000000000000000000, -0.000000000000000000, 1.000000000000000000 ) ) ;
#1672 = DIRECTION ( 'NONE',  ( 1.000000000000000000, 0.000000000000000000, -0.000000000000000000 ) ) ;
#1673 = EDGE_CURVE ( 'NONE', #2703, #2700, #2464, .T. ) ;
#1674 = VERTEX_POINT ( 'NONE', #1008 ) ;
#1675 = VECTOR ( 'NONE', #337, 1000.000000000000000 ) ;
#1676 = VERTEX_POINT ( 'NONE', #2913 ) ;
#1677 = VECTOR ( 'NONE', #863, 1000.000000000000114 ) ;
#1678 = CARTESIAN_POINT ( 'NONE',  ( 715.1346384854873577, 334.4222867890144357, -360.0000000000000000 ) ) ;
#1679 = CARTESIAN_POINT ( 'NONE',  ( 35.23483068067880453, -29.56553342875182366, -192.5000000000000000 ) ) ;
#1680 = CARTESIAN_POINT ( 'NONE',  ( 250.8434527926973203, -60.88786974927510443, 375.0000000000000000 ) ) ;
#1681 = CIRCLE ( 'NONE', #2725, 30.00000000000002842 ) ;
#1682 = EDGE_CURVE ( 'NONE', #3024, #2704, #2246, .T. ) ;
#1683 = LINE ( 'NONE', #2640, #1436 ) ;
#1684 = VECTOR ( 'NONE', #1458, 1000.000000000000000 ) ;
#1685 = AXIS2_PLACEMENT_3D ( 'NONE', #1266, #2876, #1484 ) ;
#1686 = VECTOR ( 'NONE', #2183, 1000.000000000000114 ) ;
#1687 = LINE ( 'NONE', #505, #257 ) ;
#1688 = EDGE_LOOP ( 'NONE', ( #2565, #777, #1789, #1225 ) ) ;
#1689 = ORIENTED_EDGE ( 'NONE', *, *, #747, .F. ) ;
#1690 = ORIENTED_EDGE ( 'NONE', *, *, #807, .T. ) ;
#1691 = DIRECTION ( 'NONE',  ( -4.625929269271489858E-16, 1.000000000000000000, -0.000000000000000000 ) ) ;
#1692 = FACE_BOUND ( 'NONE', #2980, .T. ) ;
#1693 = CARTESIAN_POINT ( 'NONE',  ( 495.0432588763023887, 753.4421012924627803, 147.5000000000000284 ) ) ;
#1695 = EDGE_CURVE ( 'NONE', #2953, #917, #2930, .T. ) ;
#1694 = CARTESIAN_POINT ( 'NONE',  ( 739.8372322884977166, 602.2149934795451145, 132.5000000000000000 ) ) ;
#1696 = FACE_OUTER_BOUND ( 'NONE', #1057, .T. ) ;
#1697 = DIRECTION ( 'NONE',  ( 1.000000000000000000, 0.000000000000000000, 0.000000000000000000 ) ) ;
#1698 = DIRECTION ( 'NONE',  ( -0.2079116908177596201, 0.9781476007338055778, 0.000000000000000000 ) ) ;
#1699 = ORIENTED_EDGE ( 'NONE', *, *, #2960, .T. ) ;
#1700 = PLANE ( 'NONE',  #306 ) ;
#1701 = ORIENTED_EDGE ( 'NONE', *, *, #1447, .T. ) ;
#1702 = ORIENTED_EDGE ( 'NONE', *, *, #2234, .T. ) ;
#1703 = LINE ( 'NONE', #535, #2483 ) ;
#1704 = VERTEX_POINT ( 'NONE', #1730 ) ;
#1705 = CARTESIAN_POINT ( 'NONE',  ( 72.54293980311344114, 0.000000000000000000, 32.50000000000002842 ) ) ;
#1706 = CARTESIAN_POINT ( 'NONE',  ( 671.7947010035275071, 671.7514421272165919, -100.0000000000000000 ) ) ;
#1707 = CARTESIAN_POINT ( 'NONE',  ( 739.8372322884977166, 602.2149934795451145, -147.5000000000000284 ) ) ;
#1708 = LINE ( 'NONE', #2224, #206 ) ;
#1709 = VERTEX_POINT ( 'NONE', #1068 ) ;
#1710 = DIRECTION ( 'NONE',  ( -0.000000000000000000, -0.000000000000000000, 1.000000000000000000 ) ) ;
#1711 = ORIENTED_EDGE ( 'NONE', *, *, #1806, .T. ) ;
#1712 = LINE ( 'NONE', #1961, #1538 ) ;
#1713 = EDGE_CURVE ( 'NONE', #175, #2972, #2687, .T. ) ;
#1714 = EDGE_CURVE ( 'NONE', #2115, #1966, #153, .T. ) ;
#1715 = ORIENTED_EDGE ( 'NONE', *, *, #988, .F. ) ;
#1716 = VECTOR ( 'NONE', #2424, 1000.000000000000000 ) ;
#1717 = ORIENTED_EDGE ( 'NONE', *, *, #1204, .T. ) ;
#1718 = ADVANCED_FACE ( 'NONE', ( #1947 ), #581, .T. ) ;
#1719 = CARTESIAN_POINT ( 'NONE',  ( 431.0498114686741360, 655.6731279694151908, 375.0000000000000000 ) ) ;
#1720 = ORIENTED_EDGE ( 'NONE', *, *, #2371, .F. ) ;
#1721 = LINE ( 'NONE', #2650, #137 ) ;
#1722 = DIRECTION ( 'NONE',  ( -1.000000000000000000, 0.000000000000000000, 0.000000000000000000 ) ) ;
#1723 = LINE ( 'NONE', #2697, #2775 ) ;
#1724 = AXIS2_PLACEMENT_3D ( 'NONE', #2808, #1558, #2059 ) ;
#1725 = CARTESIAN_POINT ( 'NONE',  ( 698.6390949754226085, 432.5305084136384721, -360.0000000000000000 ) ) ;
#1726 = AXIS2_PLACEMENT_3D ( 'NONE', #118, #2898, #2492 ) ;
#1727 = VERTEX_POINT ( 'NONE', #2450 ) ;
#1728 = EDGE_CURVE ( 'NONE', #584, #872, #1888, .T. ) ;
#1729 = VECTOR ( 'NONE', #1167, 1000.000000000000000 ) ;
#1730 = CARTESIAN_POINT ( 'NONE',  ( 281.5699773444789571, 264.0052625900503926, -360.0000000000000000 ) ) ;
#1731 = AXIS2_PLACEMENT_3D ( 'NONE', #370, #416, #1998 ) ;
#1732 = VERTEX_POINT ( 'NONE', #531 ) ;
#1733 = ORIENTED_EDGE ( 'NONE', *, *, #2606, .F. ) ;
#1734 = CARTESIAN_POINT ( 'NONE',  ( 495.0432588763023887, 753.4421012924627803, 147.5000000000000284 ) ) ;
#1735 = ADVANCED_FACE ( 'NONE', ( #1280 ), #2211, .F. ) ;
#1736 = ADVANCED_FACE ( 'NONE', ( #811 ), #1745, .F. ) ;
#1737 = DIRECTION ( 'NONE',  ( 0.000000000000000000, -1.000000000000000000, 0.000000000000000000 ) ) ;
#1738 = PLANE ( 'NONE',  #1933 ) ;
#1739 = DIRECTION ( 'NONE',  ( -1.000000000000000000, 0.000000000000000000, 0.000000000000000000 ) ) ;
#1740 = EDGE_CURVE ( 'NONE', #2778, #1826, #2562, .T. ) ;
#1741 = ORIENTED_EDGE ( 'NONE', *, *, #3011, .F. ) ;
#1742 = CARTESIAN_POINT ( 'NONE',  ( 719.6658009126481375, 740.6926473863752562, 147.5000000000000284 ) ) ;
#1743 = VERTEX_POINT ( 'NONE', #2546 ) ;
#1744 = CYLINDRICAL_SURFACE ( 'NONE', #2628, 69.99999999999984368 ) ;
#1745 = PLANE ( 'NONE',  #2588 ) ;
#1746 = EDGE_LOOP ( 'NONE', ( #1365, #1524, #1690, #2101 ) ) ;
#1747 = EDGE_CURVE ( 'NONE', #1053, #1704, #2025, .T. ) ;
#1748 = ORIENTED_EDGE ( 'NONE', *, *, #2706, .F. ) ;
#1749 = DIRECTION ( 'NONE',  ( -0.000000000000000000, -0.000000000000000000, 1.000000000000000000 ) ) ;
#1750 = CARTESIAN_POINT ( 'NONE',  ( 35.23483068067880453, -29.56553342875182366, 360.0000000000000000 ) ) ;
#1751 = DIRECTION ( 'NONE',  ( 1.000000000000000000, 0.000000000000000000, 0.000000000000000000 ) ) ;
#1752 = DIRECTION ( 'NONE',  ( -0.000000000000000000, -0.000000000000000000, -1.000000000000000000 ) ) ;
#1753 = DIRECTION ( 'NONE',  ( -0.000000000000000000, 0.000000000000000000, 1.000000000000000000 ) ) ;
#1754 = FACE_OUTER_BOUND ( 'NONE', #998, .T. ) ;
#1755 = VERTEX_POINT ( 'NONE', #1363 ) ;
#1756 = EDGE_CURVE ( 'NONE', #1348, #2438, #413, .T. ) ;
#1757 = DIRECTION ( 'NONE',  ( 0.000000000000000000, -1.000000000000000000, -0.000000000000000000 ) ) ;
#1758 = ORIENTED_EDGE ( 'NONE', *, *, #2368, .F. ) ;
#1759 = ORIENTED_EDGE ( 'NONE', *, *, #1837, .T. ) ;
#1760 = VERTEX_POINT ( 'NONE', #1547 ) ;
#1761 = CARTESIAN_POINT ( 'NONE',  ( 468.0796516749231841, 688.8436192151747264, -147.5000000000000284 ) ) ;
#1762 = DIRECTION ( 'NONE',  ( -0.9835928335641609399, -0.1804027099608671025, 0.000000000000000000 ) ) ;
#1763 = LINE ( 'NONE', #2722, #2472 ) ;
#1764 = EDGE_CURVE ( 'NONE', #611, #2126, #156, .T. ) ;
#1765 = CARTESIAN_POINT ( 'NONE',  ( -77.39273981545696302, 2.499999999999971578, 352.5000000000000000 ) ) ;
#1766 = CARTESIAN_POINT ( 'NONE',  ( 731.7947010035277344, 671.7514421272165919, 147.5000000000000284 ) ) ;
#1767 = EDGE_LOOP ( 'NONE', ( #2116, #2517, #963, #1334, #2435, #2200, #2316 ) ) ;
#1768 = CARTESIAN_POINT ( 'NONE',  ( 72.54293980311344114, 0.000000000000000000, 287.5000000000000000 ) ) ;
#1769 = VECTOR ( 'NONE', #614, 1000.000000000000000 ) ;
#1770 = ADVANCED_FACE ( 'NONE', ( #2315 ), #1134, .F. ) ;
#1771 = VECTOR ( 'NONE', #764, 1000.000000000000000 ) ;
#1772 = CARTESIAN_POINT ( 'NONE',  ( 35.23483068067880453, -29.56553342875182366, -360.0000000000000000 ) ) ;
#1773 = ORIENTED_EDGE ( 'NONE', *, *, #1289, .T. ) ;
#1774 = EDGE_LOOP ( 'NONE', ( #871, #1115, #349, #481 ) ) ;
#1775 = AXIS2_PLACEMENT_3D ( 'NONE', #3059, #1878, #515 ) ;
#1776 = DIRECTION ( 'NONE',  ( -1.000000000000000000, 0.000000000000000000, 0.000000000000000000 ) ) ;
#1777 = VECTOR ( 'NONE', #1361, 1000.000000000000114 ) ;
#1778 = ORIENTED_EDGE ( 'NONE', *, *, #2621, .F. ) ;
#1779 = ORIENTED_EDGE ( 'NONE', *, *, #1654, .F. ) ;
#1780 = LINE ( 'NONE', #1808, #2466 ) ;
#1781 = CC_DESIGN_APPROVAL ( #1525, ( #2501 ) ) ;
#1782 = VECTOR ( 'NONE', #2092, 1000.000000000000000 ) ;
#1783 = DIRECTION ( 'NONE',  ( 0.5735764363510439390, 0.8191520442889932418, 0.000000000000000000 ) ) ;
#1784 = DIRECTION ( 'NONE',  ( -1.000000000000000000, 0.000000000000000000, 0.000000000000000000 ) ) ;
#1785 = EDGE_CURVE ( 'NONE', #935, #2008, #190, .T. ) ;
#1786 = ORIENTED_EDGE ( 'NONE', *, *, #66, .F. ) ;
#1787 = DIRECTION ( 'NONE',  ( -0.3270274054154094223, 0.9450148549664526554, -0.000000000000000000 ) ) ;
#1788 = DIRECTION ( 'NONE',  ( -1.000000000000000000, 0.000000000000000000, 0.000000000000000000 ) ) ;
#1789 = ORIENTED_EDGE ( 'NONE', *, *, #1971, .F. ) ;
#1790 = ORIENTED_EDGE ( 'NONE', *, *, #1303, .F. ) ;
#1791 = ORIENTED_EDGE ( 'NONE', *, *, #2337, .F. ) ;
#1792 = LINE ( 'NONE', #2469, #1591 ) ;
#1793 = LINE ( 'NONE', #830, #2037 ) ;
#1794 = ORIENTED_EDGE ( 'NONE', *, *, #1350, .T. ) ;
#1795 = LINE ( 'NONE', #1061, #1675 ) ;
#1796 = DIRECTION ( 'NONE',  ( 0.000000000000000000, 0.000000000000000000, -1.000000000000000000 ) ) ;
#1797 = DIRECTION ( 'NONE',  ( 1.000000000000000000, 0.000000000000000000, 0.000000000000000000 ) ) ;
#1798 = CARTESIAN_POINT ( 'NONE',  ( 417.0149379823810136, 623.6988841035656606, 375.0000000000000000 ) ) ;
#1799 = DIRECTION ( 'NONE',  ( -0.000000000000000000, -0.000000000000000000, -1.000000000000000000 ) ) ;
#1800 = CARTESIAN_POINT ( 'NONE',  ( 493.4019154037769681, 697.9253453360322510, 375.0000000000000000 ) ) ;
#1801 = EDGE_LOOP ( 'NONE', ( #1778, #2198, #243, #283 ) ) ;
#1802 = ORIENTED_EDGE ( 'NONE', *, *, #630, .T. ) ;
#1803 = CARTESIAN_POINT ( 'NONE',  ( 757.1285194422267750, 405.9713065200224946, 375.0000000000000000 ) ) ;
#1804 = EDGE_CURVE ( 'NONE', #1996, #597, #2078, .T. ) ;
#1805 = EDGE_CURVE ( 'NONE', #2356, #1674, #1840, .T. ) ;
#1806 = EDGE_CURVE ( 'NONE', #1755, #1478, #3027, .T. ) ;
#1807 = ORIENTED_EDGE ( 'NONE', *, *, #2202, .T. ) ;
#1808 = CARTESIAN_POINT ( 'NONE',  ( 72.54293980311344114, 30.00000000000000000, -32.50000000000000000 ) ) ;
#1809 = DIRECTION ( 'NONE',  ( 0.8191520442889932418, -0.5735764363510439390, 0.000000000000000000 ) ) ;
#1810 = LINE ( 'NONE', #1096, #1292 ) ;
#1811 = VERTEX_POINT ( 'NONE', #1597 ) ;
#1812 = FACE_OUTER_BOUND ( 'NONE', #1444, .T. ) ;
#1813 = VECTOR ( 'NONE', #232, 1000.000000000000000 ) ;
#1814 = DIRECTION ( 'NONE',  ( -0.9835928335641609399, -0.1804027099608671025, 0.000000000000000000 ) ) ;
#1815 = DIRECTION ( 'NONE',  ( 1.000000000000000000, 0.000000000000000000, 0.000000000000000000 ) ) ;
#1816 = CARTESIAN_POINT ( 'NONE',  ( -120.6074876424964799, 567.4136177914576820, 132.5000000000000000 ) ) ;
#1817 = AXIS2_PLACEMENT_3D ( 'NONE', #3066, #519, #1412 ) ;
#1818 = EDGE_CURVE ( 'NONE', #1996, #1110, #678, .T. ) ;
#1819 = ORIENTED_EDGE ( 'NONE', *, *, #2537, .T. ) ;
#1820 = ORIENTED_EDGE ( 'NONE', *, *, #2406, .T. ) ;
#1821 = EDGE_LOOP ( 'NONE', ( #2668, #2053, #1648, #73, #2692, #1711, #1199, #740, #1239 ) ) ;
#1822 = CARTESIAN_POINT ( 'NONE',  ( 72.54293980311345535, 14.89653965080599995, -192.5000000000000000 ) ) ;
#1823 = VECTOR ( 'NONE', #82, 1000.000000000000000 ) ;
#1824 = ORIENTED_EDGE ( 'NONE', *, *, #264, .T. ) ;
#1825 = VECTOR ( 'NONE', #1356, 1000.000000000000000 ) ;
#1826 = VERTEX_POINT ( 'NONE', #2062 ) ;
#1827 = AXIS2_PLACEMENT_3D ( 'NONE', #1062, #2018, #834 ) ;
#1828 = CARTESIAN_POINT ( 'NONE',  ( 281.5699773444789571, 264.0052625900503926, 360.0000000000000000 ) ) ;
#1829 = CARTESIAN_POINT ( 'NONE',  ( 60.04325887630427871, 0.000000000000000000, 375.0000000000000000 ) ) ;
#1830 = VECTOR ( 'NONE', #1814, 1000.000000000000114 ) ;
#1831 = EDGE_CURVE ( 'NONE', #3024, #695, #391, .T. ) ;
#1832 = AXIS2_PLACEMENT_3D ( 'NONE', #2470, #2738, #2720 ) ;
#1833 = FACE_OUTER_BOUND ( 'NONE', #2294, .T. ) ;
#1834 = AXIS2_PLACEMENT_3D ( 'NONE', #2804, #2506, #1797 ) ;
#1835 = ORIENTED_EDGE ( 'NONE', *, *, #2604, .T. ) ;
#1836 = PLANE ( 'NONE',  #1724 ) ;
#1837 = EDGE_CURVE ( 'NONE', #1039, #2448, #1346, .T. ) ;
#1838 = DIRECTION ( 'NONE',  ( -0.000000000000000000, -0.000000000000000000, 1.000000000000000000 ) ) ;
#1839 = CARTESIAN_POINT ( 'NONE',  ( 571.7259758212766201, 330.9653279657659368, 375.0000000000000000 ) ) ;
#1840 = LINE ( 'NONE', #1575, #3075 ) ;
#1841 = VERTEX_POINT ( 'NONE', #2007 ) ;
#1842 = PERSON_AND_ORGANIZATION ( #2065, #802 ) ;
#1843 = ADVANCED_FACE ( 'NONE', ( #2962 ), #2979, .F. ) ;
#1844 = ORIENTED_EDGE ( 'NONE', *, *, #1590, .T. ) ;
#1845 = CARTESIAN_POINT ( 'NONE',  ( 72.54293980311345535, -29.99999999999997513, 287.5000000000000000 ) ) ;
#1846 = FACE_OUTER_BOUND ( 'NONE', #2016, .T. ) ;
#1847 = DIRECTION ( 'NONE',  ( -0.9781476007338069101, -0.2079116908177529588, 0.000000000000000000 ) ) ;
#1848 = CARTESIAN_POINT ( 'NONE',  ( 60.04325887630427871, 0.000000000000000000, 375.0000000000000000 ) ) ;
#1849 = ORIENTED_EDGE ( 'NONE', *, *, #1864, .F. ) ;
#1850 = CARTESIAN_POINT ( 'NONE',  ( 72.54293980311344114, 30.00000000000000000, 192.5000000000000000 ) ) ;
#1851 = DIRECTION ( 'NONE',  ( 4.625929269271489858E-16, -1.000000000000000000, 0.000000000000000000 ) ) ;
#1852 = APPROVAL ( #1896, '未' ) ;
#1853 = EDGE_CURVE ( 'NONE', #1059, #1916, #2484, .T. ) ;
#1854 = CARTESIAN_POINT ( 'NONE',  ( -77.39273981545696302, 2.499999999999971578, -127.5000000000000000 ) ) ;
#1855 = FACE_OUTER_BOUND ( 'NONE', #753, .T. ) ;
#1856 = ADVANCED_FACE ( 'NONE', ( #2747, #625, #2047 ), #2993, .T. ) ;
#1857 = ORIENTED_EDGE ( 'NONE', *, *, #1756, .T. ) ;
#1858 = ORIENTED_EDGE ( 'NONE', *, *, #1971, .T. ) ;
#1859 = CARTESIAN_POINT ( 'NONE',  ( 545.4479658827139019, 708.9880748743390768, -375.0000000000000000 ) ) ;
#1860 = VERTEX_POINT ( 'NONE', #641 ) ;
#1861 = DIRECTION ( 'NONE',  ( -0.7936063612919159738, 0.6084315436571356983, 0.000000000000000000 ) ) ;
#1862 = CARTESIAN_POINT ( 'NONE',  ( 545.4479658827139019, 708.9880748743390768, 375.0000000000000000 ) ) ;
#1863 = CARTESIAN_POINT ( 'NONE',  ( 72.54293980311344114, 0.000000000000000000, 287.5000000000000000 ) ) ;
#1864 = EDGE_CURVE ( 'NONE', #785, #334, #2528, .T. ) ;
#1865 = DIRECTION ( 'NONE',  ( -0.000000000000000000, -0.000000000000000000, -1.000000000000000000 ) ) ;
#1866 = FACE_OUTER_BOUND ( 'NONE', #273, .T. ) ;
#1867 = DIRECTION ( 'NONE',  ( -0.000000000000000000, -0.000000000000000000, -1.000000000000000000 ) ) ;
#1868 = EDGE_CURVE ( 'NONE', #2126, #1582, #663, .T. ) ;
#1869 = ORIENTED_EDGE ( 'NONE', *, *, #1747, .T. ) ;
#1870 = ORIENTED_EDGE ( 'NONE', *, *, #2706, .T. ) ;
#1871 = DIRECTION ( 'NONE',  ( 0.9835928335641610509, -0.1804027099608666029, 0.000000000000000000 ) ) ;
#1872 = PERSON_AND_ORGANIZATION_ROLE ( 'classification_officer' ) ;
#1873 = AXIS2_PLACEMENT_3D ( 'NONE', #428, #1362, #2077 ) ;
#1874 = EDGE_LOOP ( 'NONE', ( #1208, #713, #1662, #908 ) ) ;
#1875 = AXIS2_PLACEMENT_3D ( 'NONE', #1358, #2573, #1851 ) ;
#1876 = DIRECTION ( 'NONE',  ( -0.000000000000000000, 0.000000000000000000, -1.000000000000000000 ) ) ;
#1877 = DIRECTION ( 'NONE',  ( 0.000000000000000000, -0.000000000000000000, -1.000000000000000000 ) ) ;
#1878 = DIRECTION ( 'NONE',  ( 0.000000000000000000, 0.000000000000000000, 1.000000000000000000 ) ) ;
#1879 = AXIS2_PLACEMENT_3D ( 'NONE', #285, #722, #1669 ) ;
#1880 = DIRECTION ( 'NONE',  ( -0.6427876096865434707, -0.7660444431189745718, 0.000000000000000000 ) ) ;
#1881 = VECTOR ( 'NONE', #500, 1000.000000000000000 ) ;
#1882 = ORIENTED_EDGE ( 'NONE', *, *, #3050, .T. ) ;
#1883 = VECTOR ( 'NONE', #1251, 1000.000000000000000 ) ;
#1884 = AXIS2_PLACEMENT_3D ( 'NONE', #2669, #1498, #331 ) ;
#1885 = LINE ( 'NONE', #1680, #1190 ) ;
#1886 = EDGE_CURVE ( 'NONE', #683, #396, #2897, .T. ) ;
#1887 = DIRECTION ( 'NONE',  ( -1.000000000000000000, 0.000000000000000000, 0.000000000000000000 ) ) ;
#1888 = CIRCLE ( 'NONE', #1884, 100.0000000000000284 ) ;
#1889 = VECTOR ( 'NONE', #2498, 1000.000000000000000 ) ;
#1890 = LINE ( 'NONE', #1623, #2882 ) ;
#1891 = DIRECTION ( 'NONE',  ( -0.000000000000000000, -0.000000000000000000, 1.000000000000000000 ) ) ;
#1892 = CIRCLE ( 'NONE', #9, 30.00000000000002842 ) ;
#1893 = VERTEX_POINT ( 'NONE', #1625 ) ;
#1894 = ORIENTED_EDGE ( 'NONE', *, *, #2888, .F. ) ;
#1895 = CARTESIAN_POINT ( 'NONE',  ( -120.6074876424964799, 567.4136177914576820, 375.0000000000000000 ) ) ;
#1896 = APPROVAL_STATUS ( 'not_yet_approved' ) ;
#1897 = VERTEX_POINT ( 'NONE', #1707 ) ;
#1898 = CARTESIAN_POINT ( 'NONE',  ( 731.7947010035277344, 671.7514421272165919, 132.5000000000000000 ) ) ;
#1899 = LINE ( 'NONE', #984, #2229 ) ;
#1900 = VERTEX_POINT ( 'NONE', #561 ) ;
#1901 = DIRECTION ( 'NONE',  ( 0.000000000000000000, 0.000000000000000000, 1.000000000000000000 ) ) ;
#1902 = EDGE_CURVE ( 'NONE', #840, #2374, #2730, .T. ) ;
#1903 = LINE ( 'NONE', #270, #1097 ) ;
#1904 = CARTESIAN_POINT ( 'NONE',  ( 495.0432588763023887, 753.4421012924627803, -147.5000000000000284 ) ) ;
#1905 = ORIENTED_EDGE ( 'NONE', *, *, #759, .T. ) ;
#1906 = ORIENTED_EDGE ( 'NONE', *, *, #1303, .T. ) ;
#1907 = EDGE_CURVE ( 'NONE', #2265, #2829, #22, .T. ) ;
#1908 = DIRECTION ( 'NONE',  ( -1.000000000000000000, -4.625929269271489858E-16, 0.000000000000000000 ) ) ;
#1909 = EDGE_CURVE ( 'NONE', #1704, #2837, #33, .T. ) ;
#1910 = DIRECTION ( 'NONE',  ( -1.000000000000000000, 0.000000000000000000, 0.000000000000000000 ) ) ;
#1911 = CARTESIAN_POINT ( 'NONE',  ( 761.7947010035277344, 671.7514421272165919, -100.0000000000000000 ) ) ;
#1912 = DIRECTION ( 'NONE',  ( -0.9781476007338055778, -0.2079116908177596201, 0.000000000000000000 ) ) ;
#1913 = ORIENTED_EDGE ( 'NONE', *, *, #1631, .T. ) ;
#1914 = AXIS2_PLACEMENT_3D ( 'NONE', #2805, #689, #1620 ) ;
#1915 = ADVANCED_FACE ( 'NONE', ( #989 ), #540, .F. ) ;
#1916 = VERTEX_POINT ( 'NONE', #2149 ) ;
#1917 = ORIENTED_EDGE ( 'NONE', *, *, #2071, .F. ) ;
#1918 = AXIS2_PLACEMENT_3D ( 'NONE', #1617, #2566, #1876 ) ;
#1919 = DIRECTION ( 'NONE',  ( -0.3750298927712786279, 0.9270127181047534970, 0.000000000000000000 ) ) ;
#1920 = DIRECTION ( 'NONE',  ( -0.000000000000000000, -0.000000000000000000, -1.000000000000000000 ) ) ;
#1921 = CARTESIAN_POINT ( 'NONE',  ( 731.7947010035277344, 671.7514421272165919, 132.5000000000000000 ) ) ;
#1922 = AXIS2_PLACEMENT_3D ( 'NONE', #2326, #389, #3049 ) ;
#1923 = DIRECTION ( 'NONE',  ( -1.000000000000000000, -4.625929269271489858E-16, 0.000000000000000000 ) ) ;
#1924 = CARTESIAN_POINT ( 'NONE',  ( 549.2266294354432148, 797.7609726098918372, -132.5000000000000000 ) ) ;
#1925 = VECTOR ( 'NONE', #2522, 1000.000000000000000 ) ;
#1926 = AXIS2_PLACEMENT_3D ( 'NONE', #1850, #2397, #2609 ) ;
#1927 = AXIS2_PLACEMENT_3D ( 'NONE', #2865, #1877, #2131 ) ;
#1928 = VECTOR ( 'NONE', #701, 1000.000000000000000 ) ;
#1929 = DIRECTION ( 'NONE',  ( -0.000000000000000000, -0.000000000000000000, -1.000000000000000000 ) ) ;
#1930 = VERTEX_POINT ( 'NONE', #2190 ) ;
#1931 = APPROVAL_PERSON_ORGANIZATION ( #938, #1852, #2813 ) ;
#1932 = AXIS2_PLACEMENT_3D ( 'NONE', #1895, #2127, #2852 ) ;
#1933 = AXIS2_PLACEMENT_3D ( 'NONE', #1027, #32, #2411 ) ;
#1934 = ORIENTED_EDGE ( 'NONE', *, *, #39, .F. ) ;
#1935 = EDGE_LOOP ( 'NONE', ( #1882, #1123, #881, #1163 ) ) ;
#1936 = CARTESIAN_POINT ( 'NONE',  ( 0.000000000000000000, 0.000000000000000000, 32.50000000000000000 ) ) ;
#1937 = ORIENTED_EDGE ( 'NONE', *, *, #1818, .F. ) ;
#1938 = DIRECTION ( 'NONE',  ( 0.000000000000000000, 0.000000000000000000, -1.000000000000000000 ) ) ;
#1939 = CARTESIAN_POINT ( 'NONE',  ( 557.7051220320730636, 15.00000000000001421, 360.0000000000000000 ) ) ;
#1940 = FACE_OUTER_BOUND ( 'NONE', #2343, .T. ) ;
#1941 = ORIENTED_EDGE ( 'NONE', *, *, #2371, .T. ) ;
#1942 = EDGE_CURVE ( 'NONE', #1301, #2812, #2385, .T. ) ;
#1943 = APPROVAL ( #2363, '未' ) ;
#1944 = CARTESIAN_POINT ( 'NONE',  ( 415.1346384854873008, 334.4222867890144357, 360.0000000000000000 ) ) ;
#1945 = ADVANCED_FACE ( 'NONE', ( #2652 ), #1564, .T. ) ;
#1946 = VERTEX_POINT ( 'NONE', #1579 ) ;
#1947 = FACE_OUTER_BOUND ( 'NONE', #1357, .T. ) ;
#1948 = EDGE_LOOP ( 'NONE', ( #1474, #2259, #2463, #1664 ) ) ;
#1949 = EDGE_LOOP ( 'NONE', ( #15, #2288, #431, #2557 ) ) ;
#1950 = DIRECTION ( 'NONE',  ( -1.000000000000000000, 0.000000000000000000, 0.000000000000000000 ) ) ;
#1951 = ORIENTED_EDGE ( 'NONE', *, *, #864, .F. ) ;
#1952 = CARTESIAN_POINT ( 'NONE',  ( 730.4472480796592890, 209.2790192343381079, 375.0000000000000000 ) ) ;
#1953 = CARTESIAN_POINT ( 'NONE',  ( -77.39273981545696302, 2.499999999999971578, -287.5000000000000568 ) ) ;
#1954 = CARTESIAN_POINT ( 'NONE',  ( 72.54293980311344114, 0.000000000000000000, -192.5000000000000000 ) ) ;
#1955 = DIRECTION ( 'NONE',  ( 0.000000000000000000, -1.000000000000000000, 0.000000000000000000 ) ) ;
#1956 = EDGE_CURVE ( 'NONE', #2596, #2703, #140, .T. ) ;
#1957 = ORIENTED_EDGE ( 'NONE', *, *, #1593, .T. ) ;
#1958 = ORIENTED_EDGE ( 'NONE', *, *, #106, .F. ) ;
#1959 = CARTESIAN_POINT ( 'NONE',  ( 495.0432588763023887, 753.4421012924627803, -147.5000000000000284 ) ) ;
#1960 = ORIENTED_EDGE ( 'NONE', *, *, #2151, .F. ) ;
#1961 = CARTESIAN_POINT ( 'NONE',  ( 35.23483068067880453, -29.56553342875182366, 127.5000000000000000 ) ) ;
#1962 = ADVANCED_FACE ( 'NONE', ( #382 ), #1071, .T. ) ;
#1963 = EDGE_LOOP ( 'NONE', ( #2735, #1552, #2184, #1820 ) ) ;
#1964 = VERTEX_POINT ( 'NONE', #2964 ) ;
#1965 = CARTESIAN_POINT ( 'NONE',  ( 566.2391349644898355, 611.1733148009585648, -147.4999999999999716 ) ) ;
#1966 = VERTEX_POINT ( 'NONE', #1761 ) ;
#1967 = CYLINDRICAL_SURFACE ( 'NONE', #2515, 99.99999999999992895 ) ;
#1968 = CARTESIAN_POINT ( 'NONE',  ( 72.54293980311345535, 14.89653965080599995, 127.5000000000000000 ) ) ;
#1969 = DIRECTION ( 'NONE',  ( -0.000000000000000000, 0.000000000000000000, 1.000000000000000000 ) ) ;
#1970 = ADVANCED_FACE ( 'NONE', ( #1108 ), #2955, .T. ) ;
#1971 = EDGE_CURVE ( 'NONE', #333, #36, #1043, .T. ) ;
#1972 = CARTESIAN_POINT ( 'NONE',  ( 495.0432588763023887, 753.4421012924627803, 132.5000000000000000 ) ) ;
#1973 = ORIENTED_EDGE ( 'NONE', *, *, #2218, .F. ) ;
#1974 = AXIS2_PLACEMENT_3D ( 'NONE', #1639, #735, #8 ) ;
#1975 = AXIS2_PLACEMENT_3D ( 'NONE', #2567, #972, #2840 ) ;
#1976 = AXIS2_PLACEMENT_3D ( 'NONE', #1311, #2258, #1561 ) ;
#1977 = CARTESIAN_POINT ( 'NONE',  ( 72.54293980311344114, 0.000000000000000000, -352.5000000000000568 ) ) ;
#1978 = DIRECTION ( 'NONE',  ( -0.000000000000000000, -0.000000000000000000, -1.000000000000000000 ) ) ;
#1979 = EDGE_CURVE ( 'NONE', #1348, #2873, #2719, .T. ) ;
#1980 = ORIENTED_EDGE ( 'NONE', *, *, #3008, .T. ) ;
#1981 = AXIS2_PLACEMENT_3D ( 'NONE', #958, #213, #2831 ) ;
#1982 = EDGE_LOOP ( 'NONE', ( #2548, #1824, #1120, #1135 ) ) ;
#1983 = ORIENTED_EDGE ( 'NONE', *, *, #433, .T. ) ;
#1984 = DIRECTION ( 'NONE',  ( -0.000000000000000000, -0.000000000000000000, -1.000000000000000000 ) ) ;
#1985 = LINE ( 'NONE', #2158, #1537 ) ;
#1986 = DIRECTION ( 'NONE',  ( -0.9835928335641609399, -0.1804027099608671025, 0.000000000000000000 ) ) ;
#1987 = PLANE ( 'NONE',  #510 ) ;
#1988 = CARTESIAN_POINT ( 'NONE',  ( 660.8802517721845788, 162.3493558837002411, -360.0000000000000000 ) ) ;
#1989 = ORIENTED_EDGE ( 'NONE', *, *, #2606, .T. ) ;
#1990 = EDGE_CURVE ( 'NONE', #597, #397, #2139, .T. ) ;
#1991 = ORIENTED_EDGE ( 'NONE', *, *, #2559, .F. ) ;
#1992 = CARTESIAN_POINT ( 'NONE',  ( 731.7947010035277344, 671.7514421272165919, -100.0000000000000000 ) ) ;
#1993 = VERTEX_POINT ( 'NONE', #2514 ) ;
#1994 = FACE_OUTER_BOUND ( 'NONE', #1774, .T. ) ;
#1995 = ORIENTED_EDGE ( 'NONE', *, *, #2118, .F. ) ;
#1996 = VERTEX_POINT ( 'NONE', #618 ) ;
#1997 = VERTEX_POINT ( 'NONE', #91 ) ;
#1998 = DIRECTION ( 'NONE',  ( -0.9835928335641610509, 0.1804027099608666029, 0.000000000000000000 ) ) ;
#1999 = PERSON_AND_ORGANIZATION ( #2065, #802 ) ;
#2000 = EDGE_CURVE ( 'NONE', #479, #785, #2684, .T. ) ;
#2001 = LINE ( 'NONE', #833, #2768 ) ;
#2002 = CARTESIAN_POINT ( 'NONE',  ( 549.2266294354432148, 797.7609726098918372, -147.5000000000000284 ) ) ;
#2003 = DIRECTION ( 'NONE',  ( 1.000000000000000000, 0.000000000000000000, 0.000000000000000000 ) ) ;
#2004 = EDGE_LOOP ( 'NONE', ( #1630, #520, #2564, #779, #2310, #1773, #809 ) ) ;
#2005 = LINE ( 'NONE', #1768, #1823 ) ;
#2006 = CARTESIAN_POINT ( 'NONE',  ( 468.0796516749231841, 688.8436192151747264, -147.5000000000000284 ) ) ;
#2007 = CARTESIAN_POINT ( 'NONE',  ( -77.39273981545696302, -2.500000000000028866, -127.5000000000000000 ) ) ;
#2008 = VERTEX_POINT ( 'NONE', #2750 ) ;
#2009 = ORIENTED_EDGE ( 'NONE', *, *, #308, .T. ) ;
#2010 = ORIENTED_EDGE ( 'NONE', *, *, #28, .T. ) ;
#2011 = DIRECTION ( 'NONE',  ( 1.000000000000000000, 0.000000000000000000, -0.000000000000000000 ) ) ;
#2012 = LINE ( 'NONE', #1517, #748 ) ;
#2013 = EDGE_CURVE ( 'NONE', #397, #930, #2705, .T. ) ;
#2014 = VECTOR ( 'NONE', #2894, 1000.000000000000114 ) ;
#2015 = ORIENTED_EDGE ( 'NONE', *, *, #2324, .T. ) ;
#2016 = EDGE_LOOP ( 'NONE', ( #2966, #2563, #1702, #332 ) ) ;
#2017 = LINE ( 'NONE', #2956, #142 ) ;
#2018 = DIRECTION ( 'NONE',  ( -0.000000000000000000, -0.000000000000000000, -1.000000000000000000 ) ) ;
#2019 = LINE ( 'NONE', #2507, #1825 ) ;
#2020 = ADVANCED_BREP_SHAPE_REPRESENTATION ( 'bucket_XCGM_V01_Default_sldprt', ( #228, #955 ), #2784 ) ;
#2021 = VECTOR ( 'NONE', #1799, 1000.000000000000000 ) ;
#2022 = DIRECTION ( 'NONE',  ( -1.000000000000000000, 0.000000000000000000, 0.000000000000000000 ) ) ;
#2023 = VECTOR ( 'NONE', #1103, 1000.000000000000000 ) ;
#2024 = AXIS2_PLACEMENT_3D ( 'NONE', #24, #256, #1215 ) ;
#2025 = LINE ( 'NONE', #1772, #1586 ) ;
#2026 = ORIENTED_EDGE ( 'NONE', *, *, #1013, .F. ) ;
#2027 = ORIENTED_EDGE ( 'NONE', *, *, #79, .F. ) ;
#2028 = VECTOR ( 'NONE', #335, 1000.000000000000000 ) ;
#2029 = VECTOR ( 'NONE', #1955, 1000.000000000000000 ) ;
#2030 = DIRECTION ( 'NONE',  ( 0.000000000000000000, -1.000000000000000000, 0.000000000000000000 ) ) ;
#2031 = DIRECTION ( 'NONE',  ( 0.6427876096865433597, 0.7660444431189745718, 0.000000000000000000 ) ) ;
#2032 = AXIS2_PLACEMENT_3D ( 'NONE', #1765, #1584, #2988 ) ;
#2033 = VECTOR ( 'NONE', #2809, 1000.000000000000000 ) ;
#2034 = ORIENTED_EDGE ( 'NONE', *, *, #84, .T. ) ;
#2035 = ORIENTED_EDGE ( 'NONE', *, *, #688, .F. ) ;
#2036 = CARTESIAN_POINT ( 'NONE',  ( -77.39273981545696302, -2.500000000000028866, 352.5000000000000000 ) ) ;
#2037 = VECTOR ( 'NONE', #1088, 1000.000000000000000 ) ;
#2038 = AXIS2_PLACEMENT_3D ( 'NONE', #2261, #841, #2249 ) ;
#2039 = PLANE ( 'NONE',  #553 ) ;
#2040 = CARTESIAN_POINT ( 'NONE',  ( -120.6074876424964799, 567.4136177914576820, 375.0000000000000000 ) ) ;
#2041 = CIRCLE ( 'NONE', #719, 69.99999999999995737 ) ;
#2042 = CARTESIAN_POINT ( 'NONE',  ( 671.7947010035275071, 671.7514421272165919, 100.0000000000000000 ) ) ;
#2043 = EDGE_CURVE ( 'NONE', #1025, #1055, #394, .T. ) ;
#2044 = ADVANCED_FACE ( 'NONE', ( #2983 ), #1060, .F. ) ;
#2045 = EDGE_CURVE ( 'NONE', #1252, #1732, #1516, .T. ) ;
#2046 = DIRECTION ( 'NONE',  ( -1.000000000000000000, -4.625929269271489858E-16, 0.000000000000000000 ) ) ;
#2047 = FACE_BOUND ( 'NONE', #1607, .T. ) ;
#2048 = ORIENTED_EDGE ( 'NONE', *, *, #1306, .T. ) ;
#2049 = ORIENTED_EDGE ( 'NONE', *, *, #2192, .T. ) ;
#2050 = ORIENTED_EDGE ( 'NONE', *, *, #21, .T. ) ;
#2051 = DIRECTION ( 'NONE',  ( 0.000000000000000000, 0.000000000000000000, -1.000000000000000000 ) ) ;
#2052 = DIRECTION ( 'NONE',  ( -1.000000000000000000, 0.000000000000000000, 0.000000000000000000 ) ) ;
#2053 = ORIENTED_EDGE ( 'NONE', *, *, #1588, .F. ) ;
#2054 = CARTESIAN_POINT ( 'NONE',  ( 731.7947010035277344, 671.7514421272165919, 147.5000000000000284 ) ) ;
#2055 = DIRECTION ( 'NONE',  ( -0.9835928335641609399, -0.1804027099608671025, 0.000000000000000000 ) ) ;
#2056 = DIRECTION ( 'NONE',  ( -0.000000000000000000, -0.000000000000000000, -1.000000000000000000 ) ) ;
#2057 = ORIENTED_EDGE ( 'NONE', *, *, #1153, .F. ) ;
#2058 = EDGE_CURVE ( 'NONE', #1841, #1055, #1792, .T. ) ;
#2059 = DIRECTION ( 'NONE',  ( 1.000000000000000000, 0.000000000000000000, -0.000000000000000000 ) ) ;
#2060 = CARTESIAN_POINT ( 'NONE',  ( 72.54293980311344114, 30.00000000000000000, -192.5000000000000000 ) ) ;
#2061 = CARTESIAN_POINT ( 'NONE',  ( 60.04325887630427871, 0.000000000000000000, 287.5000000000000000 ) ) ;
#2062 = CARTESIAN_POINT ( 'NONE',  ( 545.4479658827139019, 708.9880748743390768, 147.5000000000000284 ) ) ;
#2063 = EDGE_LOOP ( 'NONE', ( #939, #446, #1070, #2997, #1421, #130, #2871, #1869, #2660, #2779, #727, #703, #2986, #112, #127, #1934, #2481, #1399, #1791, #2716, #1332, #90, #1790, #67, #2689, #384, #859, #595 ) ) ;
#2064 = ORIENTED_EDGE ( 'NONE', *, *, #2791, .T. ) ;
#2065 = PERSON ( '未', '未', '未', ('未'), ('未'), ('未') ) ;
#2066 = PLANE ( 'NONE',  #1832 ) ;
#2067 = EDGE_CURVE ( 'NONE', #2613, #769, #2284, .T. ) ;
#2068 = ORIENTED_EDGE ( 'NONE', *, *, #1174, .F. ) ;
#2069 = CARTESIAN_POINT ( 'NONE',  ( 72.54293980311344114, 0.000000000000000000, -127.5000000000000000 ) ) ;
#2070 = LINE ( 'NONE', #1829, #310 ) ;
#2071 = EDGE_CURVE ( 'NONE', #555, #2953, #2996, .T. ) ;
#2072 = AXIS2_PLACEMENT_3D ( 'NONE', #2054, #846, #2490 ) ;
#2073 = ORIENTED_EDGE ( 'NONE', *, *, #1604, .T. ) ;
#2074 = DIRECTION ( 'NONE',  ( 4.625929269271489858E-16, -1.000000000000000000, 0.000000000000000000 ) ) ;
#2075 = ADVANCED_FACE ( 'NONE', ( #645 ), #2216, .F. ) ;
#2076 = DIRECTION ( 'NONE',  ( 0.2358829884091472318, 0.9717814650317067038, 0.000000000000000000 ) ) ;
#2077 = DIRECTION ( 'NONE',  ( -0.08777125217035473825, 0.9961406563796338931, 0.000000000000000000 ) ) ;
#2078 = LINE ( 'NONE', #1816, #2093 ) ;
#2079 = AXIS2_PLACEMENT_3D ( 'NONE', #281, #2849, #1672 ) ;
#2080 = ORIENTED_EDGE ( 'NONE', *, *, #193, .T. ) ;
#2081 = VERTEX_POINT ( 'NONE', #3071 ) ;
#2082 = EDGE_LOOP ( 'NONE', ( #2015, #2215, #1937, #263 ) ) ;
#2083 = CARTESIAN_POINT ( 'NONE',  ( 72.54293980311344114, 30.00000000000000000, -127.5000000000000000 ) ) ;
#2084 = AXIS2_PLACEMENT_3D ( 'NONE', #656, #168, #2311 ) ;
#2085 = APPROVAL_ROLE ( '' ) ;
#2086 = CIRCLE ( 'NONE', #1726, 30.00000000000002842 ) ;
#2087 = ORIENTED_EDGE ( 'NONE', *, *, #2045, .F. ) ;
#2088 = LINE ( 'NONE', #670, #2272 ) ;
#2089 = VECTOR ( 'NONE', #1691, 1000.000000000000000 ) ;
#2090 = CARTESIAN_POINT ( 'NONE',  ( -77.39273981545696302, 2.499999999999971578, 127.5000000000000000 ) ) ;
#2091 = CC_DESIGN_PERSON_AND_ORGANIZATION_ASSIGNMENT ( #667, #1367, ( #1196 ) ) ;
#2092 = DIRECTION ( 'NONE',  ( 1.000000000000000000, -0.000000000000000000, -0.000000000000000000 ) ) ;
#2093 = VECTOR ( 'NONE', #615, 1000.000000000000114 ) ;
#2094 = CARTESIAN_POINT ( 'NONE',  ( 35.23483068067880453, -29.56553342875182366, 375.0000000000000000 ) ) ;
#2095 = ADVANCED_FACE ( 'NONE', ( #1366 ), #447, .F. ) ;
#2096 = EDGE_LOOP ( 'NONE', ( #2264, #1236, #1380, #654 ) ) ;
#2097 = LINE ( 'NONE', #2820, #100 ) ;
#2098 = FACE_OUTER_BOUND ( 'NONE', #282, .T. ) ;
#2099 = CARTESIAN_POINT ( 'NONE',  ( 72.54293980311344114, 0.000000000000000000, 32.50000000000000000 ) ) ;
#2100 = VERTEX_POINT ( 'NONE', #1859 ) ;
#2101 = ORIENTED_EDGE ( 'NONE', *, *, #1416, .F. ) ;
#2102 = CARTESIAN_POINT ( 'NONE',  ( 493.4019154037769681, 697.9253453360322510, -147.4999999999999716 ) ) ;
#2103 = CALENDAR_DATE ( 2026, 17, 8 ) ;
#2104 = EDGE_CURVE ( 'NONE', #783, #1218, #729, .T. ) ;
#2105 = ORIENTED_EDGE ( 'NONE', *, *, #2370, .T. ) ;
#2106 = CARTESIAN_POINT ( 'NONE',  ( 731.7947010035277344, 671.7514421272165919, 100.0000000000000000 ) ) ;
#2107 = LINE ( 'NONE', #1862, #408 ) ;
#2108 = PLANE ( 'NONE',  #53 ) ;
#2109 = VERTEX_POINT ( 'NONE', #909 ) ;
#2110 = EDGE_CURVE ( 'NONE', #2613, #1069, #2318, .T. ) ;
#2111 = CARTESIAN_POINT ( 'NONE',  ( 72.54293980311344114, 0.000000000000000000, 127.5000000000000000 ) ) ;
#2112 = VECTOR ( 'NONE', #340, 1000.000000000000000 ) ;
#2113 = LINE ( 'NONE', #1133, #255 ) ;
#2114 = ORIENTED_EDGE ( 'NONE', *, *, #2731, .F. ) ;
#2115 = VERTEX_POINT ( 'NONE', #2102 ) ;
#2116 = ORIENTED_EDGE ( 'NONE', *, *, #2462, .F. ) ;
#2117 = DIRECTION ( 'NONE',  ( 1.000000000000000000, 0.000000000000000000, 0.000000000000000000 ) ) ;
#2118 = EDGE_CURVE ( 'NONE', #1676, #840, #5, .T. ) ;
#2119 = DIRECTION ( 'NONE',  ( 0.3750298927712786834, -0.9270127181047534970, 0.000000000000000000 ) ) ;
#2120 = ORIENTED_EDGE ( 'NONE', *, *, #1312, .T. ) ;
#2121 = DIRECTION ( 'NONE',  ( 0.000000000000000000, 0.000000000000000000, -1.000000000000000000 ) ) ;
#2122 = CARTESIAN_POINT ( 'NONE',  ( -77.39273981545696302, 2.499999999999971578, 32.50000000000000000 ) ) ;
#2123 = CYLINDRICAL_SURFACE ( 'NONE', #2024, 30.00000000000002842 ) ;
#2124 = ORIENTED_EDGE ( 'NONE', *, *, #2013, .F. ) ;
#2125 = AXIS2_PLACEMENT_3D ( 'NONE', #1553, #1048, #587 ) ;
#2126 = VERTEX_POINT ( 'NONE', #1822 ) ;
#2127 = DIRECTION ( 'NONE',  ( 0.2079116908177529865, -0.9781476007338070211, 0.000000000000000000 ) ) ;
#2128 = PERSON_AND_ORGANIZATION ( #2065, #802 ) ;
#2129 = ORIENTED_EDGE ( 'NONE', *, *, #2791, .F. ) ;
#2130 = VECTOR ( 'NONE', #594, 1000.000000000000000 ) ;
#2131 = DIRECTION ( 'NONE',  ( 1.000000000000000000, 1.804112415015879773E-15, 0.000000000000000000 ) ) ;
#2132 = CARTESIAN_POINT ( 'NONE',  ( -63.15002205905845045, 553.2596869489962046, -360.0000000000000000 ) ) ;
#2133 = AXIS2_PLACEMENT_3D ( 'NONE', #2653, #1671, #1697 ) ;
#2134 = AXIS2_PLACEMENT_3D ( 'NONE', #1621, #456, #744 ) ;
#2135 = AXIS2_PLACEMENT_3D ( 'NONE', #3033, #913, #2803 ) ;
#2136 = DIRECTION ( 'NONE',  ( 0.000000000000000000, 1.000000000000000000, 0.000000000000000000 ) ) ;
#2137 = AXIS2_PLACEMENT_3D ( 'NONE', #905, #2298, #1611 ) ;
#2138 = FACE_BOUND ( 'NONE', #2765, .T. ) ;
#2139 = CIRCLE ( 'NONE', #1541, 99.99999999999992895 ) ;
#2140 = DIRECTION ( 'NONE',  ( 1.000000000000000000, 0.000000000000000000, -0.000000000000000000 ) ) ;
#2141 = EDGE_CURVE ( 'NONE', #1670, #1265, #1137, .T. ) ;
#2142 = VERTEX_POINT ( 'NONE', #434 ) ;
#2143 = EDGE_CURVE ( 'NONE', #3006, #1760, #1400, .T. ) ;
#2144 = ADVANCED_FACE ( 'NONE', ( #2799 ), #3055, .T. ) ;
#2145 = VERTEX_POINT ( 'NONE', #1415 ) ;
#2146 = DIRECTION ( 'NONE',  ( 1.000000000000000000, -0.000000000000000000, -0.000000000000000000 ) ) ;
#2147 = DIRECTION ( 'NONE',  ( -1.000000000000000000, 0.000000000000000000, 0.000000000000000000 ) ) ;
#2148 = CARTESIAN_POINT ( 'NONE',  ( 731.7947010035277344, 671.7514421272165919, 100.0000000000000000 ) ) ;
#2149 = CARTESIAN_POINT ( 'NONE',  ( 468.0796516749231841, 688.8436192151747264, -132.5000000000000000 ) ) ;
#2150 = DIRECTION ( 'NONE',  ( -0.000000000000000000, -0.000000000000000000, -1.000000000000000000 ) ) ;
#2151 = EDGE_CURVE ( 'NONE', #2214, #2600, #2782, .T. ) ;
#2152 = DIRECTION ( 'NONE',  ( 0.000000000000000000, 0.000000000000000000, 1.000000000000000000 ) ) ;
#2153 = DIRECTION ( 'NONE',  ( 1.000000000000000000, 0.000000000000000000, 0.000000000000000000 ) ) ;
#2154 = ORIENTED_EDGE ( 'NONE', *, *, #658, .F. ) ;
#2155 = ORIENTED_EDGE ( 'NONE', *, *, #2392, .F. ) ;
#2156 = ORIENTED_EDGE ( 'NONE', *, *, #864, .T. ) ;
#2157 = ORIENTED_EDGE ( 'NONE', *, *, #1902, .F. ) ;
#2158 = CARTESIAN_POINT ( 'NONE',  ( 600.0202483196198955, 39.15684563428673215, 375.0000000000000000 ) ) ;
#2159 = CARTESIAN_POINT ( 'NONE',  ( 35.23483068067880453, -29.56553342875182366, 287.5000000000000000 ) ) ;
#2160 = LINE ( 'NONE', #1679, #639 ) ;
#2161 = ADVANCED_FACE ( 'NONE', ( #229 ), #2550, .F. ) ;
#2162 = DIRECTION ( 'NONE',  ( -1.000000000000000000, -4.625929269271489858E-16, 0.000000000000000000 ) ) ;
#2163 = LINE ( 'NONE', #1640, #401 ) ;
#2164 = FACE_OUTER_BOUND ( 'NONE', #1767, .T. ) ;
#2165 = EDGE_LOOP ( 'NONE', ( #549, #1136, #548, #1317, #2814, #2120, #1456 ) ) ;
#2166 = CARTESIAN_POINT ( 'NONE',  ( 415.1346384854873008, 334.4222867890144357, -360.0000000000000000 ) ) ;
#2167 = ORIENTED_EDGE ( 'NONE', *, *, #1174, .T. ) ;
#2168 = ORIENTED_EDGE ( 'NONE', *, *, #125, .F. ) ;
#2169 = LINE ( 'NONE', #2661, #1883 ) ;
#2170 = DIRECTION ( 'NONE',  ( -0.2358829884091472318, -0.9717814650317065928, 0.000000000000000000 ) ) ;
#2171 = LINE ( 'NONE', #1505, #37 ) ;
#2172 = CIRCLE ( 'NONE', #844, 300.0000000000000000 ) ;
#2173 = EDGE_CURVE ( 'NONE', #2248, #1709, #1197, .T. ) ;
#2174 = CARTESIAN_POINT ( 'NONE',  ( -77.39273981545696302, 2.499999999999971578, -287.5000000000000568 ) ) ;
#2175 = ORIENTED_EDGE ( 'NONE', *, *, #2013, .T. ) ;
#2176 = CIRCLE ( 'NONE', #2277, 69.99999999999995737 ) ;
#2177 = ADVANCED_FACE ( 'NONE', ( #1665 ), #482, .F. ) ;
#2178 = AXIS2_PLACEMENT_3D ( 'NONE', #321, #756, #75 ) ;
#2179 = VECTOR ( 'NONE', #2848, 1000.000000000000114 ) ;
#2180 = CARTESIAN_POINT ( 'NONE',  ( -77.39273981545696302, -2.500000000000028866, 287.5000000000000000 ) ) ;
#2181 = EDGE_LOOP ( 'NONE', ( #475, #76, #2676, #1064 ) ) ;
#2182 = VECTOR ( 'NONE', #221, 1000.000000000000000 ) ;
#2183 = DIRECTION ( 'NONE',  ( -0.9835928335641609399, -0.1804027099608671025, 0.000000000000000000 ) ) ;
#2184 = ORIENTED_EDGE ( 'NONE', *, *, #433, .F. ) ;
#2185 = ORIENTED_EDGE ( 'NONE', *, *, #2914, .T. ) ;
#2186 = DIRECTION ( 'NONE',  ( -0.000000000000000000, -0.000000000000000000, -1.000000000000000000 ) ) ;
#2187 = EDGE_CURVE ( 'NONE', #1177, #2903, #612, .T. ) ;
#2188 = CARTESIAN_POINT ( 'NONE',  ( 72.54293980311344114, 14.89653965080597153, 375.0000000000000000 ) ) ;
#2189 = DIRECTION ( 'NONE',  ( 0.6084315436571356983, 0.7936063612919159738, 0.000000000000000000 ) ) ;
#2190 = CARTESIAN_POINT ( 'NONE',  ( 72.54293980311344114, 30.00000000000000000, 287.5000000000000000 ) ) ;
#2191 = CARTESIAN_POINT ( 'NONE',  ( 566.2391349644898355, 611.1733148009585648, -375.0000000000000000 ) ) ;
#2192 = EDGE_CURVE ( 'NONE', #2319, #2265, #560, .T. ) ;
#2193 = DIRECTION ( 'NONE',  ( 0.000000000000000000, 0.000000000000000000, -1.000000000000000000 ) ) ;
#2194 = VERTEX_POINT ( 'NONE', #2444 ) ;
#2195 = LINE ( 'NONE', #1299, #1149 ) ;
#2196 = ORIENTED_EDGE ( 'NONE', *, *, #1629, .T. ) ;
#2197 = ORIENTED_EDGE ( 'NONE', *, *, #2621, .T. ) ;
#2198 = ORIENTED_EDGE ( 'NONE', *, *, #2947, .T. ) ;
#2199 = CARTESIAN_POINT ( 'NONE',  ( -120.6074876424964799, 567.4136177914576820, -147.4999999999999716 ) ) ;
#2200 = ORIENTED_EDGE ( 'NONE', *, *, #2370, .F. ) ;
#2202 = EDGE_CURVE ( 'NONE', #231, #2959, #325, .T. ) ;
#2201 = LINE ( 'NONE', #2410, #3010 ) ;
#2203 = LINE ( 'NONE', #2708, #974 ) ;
#2204 = CARTESIAN_POINT ( 'NONE',  ( 374.1516372052100223, 447.1123421648817953, 375.0000000000000000 ) ) ;
#2205 = CYLINDRICAL_SURFACE ( 'NONE', #2879, 60.00000000000016342 ) ;
#2206 = ORIENTED_EDGE ( 'NONE', *, *, #2000, .T. ) ;
#2207 = ORIENTED_EDGE ( 'NONE', *, *, #762, .F. ) ;
#2208 = LINE ( 'NONE', #1496, #3067 ) ;
#2209 = ORIENTED_EDGE ( 'NONE', *, *, #2572, .F. ) ;
#2210 = DIRECTION ( 'NONE',  ( -1.000000000000000000, 0.000000000000000000, 0.000000000000000000 ) ) ;
#2211 = CYLINDRICAL_SURFACE ( 'NONE', #409, 30.00000000000002842 ) ;
#2212 = VERTEX_POINT ( 'NONE', #2989 ) ;
#2213 = AXIS2_PLACEMENT_3D ( 'NONE', #1211, #1222, #2866 ) ;
#2214 = VERTEX_POINT ( 'NONE', #2323 ) ;
#2215 = ORIENTED_EDGE ( 'NONE', *, *, #1588, .T. ) ;
#2216 = CYLINDRICAL_SURFACE ( 'NONE', #2734, 30.00000000000002842 ) ;
#2217 = CARTESIAN_POINT ( 'NONE',  ( -77.39273981545696302, 2.499999999999971578, -127.5000000000000000 ) ) ;
#2218 = EDGE_CURVE ( 'NONE', #2778, #392, #1355, .T. ) ;
#2219 = ORIENTED_EDGE ( 'NONE', *, *, #2844, .F. ) ;
#2220 = AXIS2_PLACEMENT_3D ( 'NONE', #2553, #1861, #649 ) ;
#2221 = CARTESIAN_POINT ( 'NONE',  ( -77.39273981545696302, -2.500000000000028866, 127.5000000000000000 ) ) ;
#2222 = PLANE ( 'NONE',  #312 ) ;
#2223 = AXIS2_PLACEMENT_3D ( 'NONE', #1403, #451, #2815 ) ;
#2224 = CARTESIAN_POINT ( 'NONE',  ( 35.23483068067880453, -29.56553342875182366, -127.4999999999999432 ) ) ;
#2225 = ORIENTED_EDGE ( 'NONE', *, *, #790, .F. ) ;
#2226 = CIRCLE ( 'NONE', #895, 60.00000000000016342 ) ;
#2227 = ORIENTED_EDGE ( 'NONE', *, *, #2368, .T. ) ;
#2228 = LINE ( 'NONE', #577, #2130 ) ;
#2229 = VECTOR ( 'NONE', #1406, 1000.000000000000000 ) ;
#2230 = ORIENTED_EDGE ( 'NONE', *, *, #3011, .T. ) ;
#2231 = VECTOR ( 'NONE', #1320, 1000.000000000000114 ) ;
#2232 = VECTOR ( 'NONE', #1838, 1000.000000000000000 ) ;
#2233 = CARTESIAN_POINT ( 'NONE',  ( -120.6074876424964799, 567.4136177914576820, 375.0000000000000000 ) ) ;
#2234 = EDGE_CURVE ( 'NONE', #2798, #1966, #267, .T. ) ;
#2235 = VERTEX_POINT ( 'NONE', #2540 ) ;
#2236 = CIRCLE ( 'NONE', #852, 259.9999999999998863 ) ;
#2237 = ORIENTED_EDGE ( 'NONE', *, *, #2511, .F. ) ;
#2238 = ORIENTED_EDGE ( 'NONE', *, *, #1272, .T. ) ;
#2239 = CARTESIAN_POINT ( 'NONE',  ( 72.54293980311344114, 0.000000000000000000, 127.5000000000000000 ) ) ;
#2240 = PLANE ( 'NONE',  #2125 ) ;
#2241 = LINE ( 'NONE', #117, #2338 ) ;
#2242 = CARTESIAN_POINT ( 'NONE',  ( 514.1930844855518217, 600.1105852626513979, -375.0000000000000000 ) ) ;
#2243 = LINE ( 'NONE', #2948, #1143 ) ;
#2244 = ADVANCED_FACE ( 'NONE', ( #879 ), #2108, .F. ) ;
#2245 = DIRECTION ( 'NONE',  ( 0.1804027099608671303, -0.9835928335641610509, 0.000000000000000000 ) ) ;
#2246 = LINE ( 'NONE', #71, #1046 ) ;
#2247 = ORIENTED_EDGE ( 'NONE', *, *, #2666, .T. ) ;
#2248 = VERTEX_POINT ( 'NONE', #686 ) ;
#2249 = DIRECTION ( 'NONE',  ( -1.000000000000000000, 0.000000000000000000, 0.000000000000000000 ) ) ;
#2250 = PERSON_AND_ORGANIZATION_ROLE ( 'design_owner' ) ;
#2251 = EDGE_LOOP ( 'NONE', ( #2904, #1849, #2247, #2644 ) ) ;
#2252 = CARTESIAN_POINT ( 'NONE',  ( 374.1516372052099655, 447.1123421648817953, -360.0000000000000000 ) ) ;
#2253 = DIRECTION ( 'NONE',  ( 4.625929269271489858E-16, -1.000000000000000000, 0.000000000000000000 ) ) ;
#2254 = DIRECTION ( 'NONE',  ( -0.000000000000000000, -0.000000000000000000, 1.000000000000000000 ) ) ;
#2255 = ORIENTED_EDGE ( 'NONE', *, *, #2535, .T. ) ;
#2256 = LINE ( 'NONE', #2699, #2973 ) ;
#2257 = LINE ( 'NONE', #1310, #38 ) ;
#2258 = DIRECTION ( 'NONE',  ( -1.000000000000000000, -4.625929269271489858E-16, 0.000000000000000000 ) ) ;
#2259 = ORIENTED_EDGE ( 'NONE', *, *, #1322, .F. ) ;
#2260 = ORIENTED_EDGE ( 'NONE', *, *, #2710, .T. ) ;
#2261 = CARTESIAN_POINT ( 'NONE',  ( 520.6596121904279926, 100.0000000000000000, 375.0000000000000000 ) ) ;
#2262 = LINE ( 'NONE', #1122, #755 ) ;
#2263 = VECTOR ( 'NONE', #3016, 1000.000000000000000 ) ;
#2264 = ORIENTED_EDGE ( 'NONE', *, *, #1127, .T. ) ;
#2265 = VERTEX_POINT ( 'NONE', #894 ) ;
#2266 = DIRECTION ( 'NONE',  ( 1.000000000000000000, 0.000000000000000000, 0.000000000000000000 ) ) ;
#2267 = CARTESIAN_POINT ( 'NONE',  ( 72.54293980311344114, 0.000000000000000000, -192.5000000000000000 ) ) ;
#2268 = LINE ( 'NONE', #199, #2182 ) ;
#2269 = LINE ( 'NONE', #1848, #655 ) ;
#2270 = VECTOR ( 'NONE', #1050, 1000.000000000000114 ) ;
#2271 = EDGE_CURVE ( 'NONE', #334, #1059, #105, .T. ) ;
#2272 = VECTOR ( 'NONE', #419, 1000.000000000000000 ) ;
#2273 = ADVANCED_FACE ( 'NONE', ( #387 ), #422, .F. ) ;
#2274 = EDGE_CURVE ( 'NONE', #2212, #2600, #3034, .T. ) ;
#2275 = CARTESIAN_POINT ( 'NONE',  ( 608.3759481964208362, 693.3649618864933473, -360.0000000000000000 ) ) ;
#2276 = VECTOR ( 'NONE', #1710, 1000.000000000000000 ) ;
#2277 = AXIS2_PLACEMENT_3D ( 'NONE', #326, #374, #1739 ) ;
#2278 = DIRECTION ( 'NONE',  ( -0.000000000000000000, -0.000000000000000000, -1.000000000000000000 ) ) ;
#2279 = CARTESIAN_POINT ( 'NONE',  ( 35.23483068067880453, -29.56553342875182366, 375.0000000000000000 ) ) ;
#2280 = ORIENTED_EDGE ( 'NONE', *, *, #1764, .T. ) ;
#2281 = EDGE_LOOP ( 'NONE', ( #1599, #3040, #2419, #368 ) ) ;
#2282 = VECTOR ( 'NONE', #1095, 1000.000000000000114 ) ;
#2283 = AXIS2_PLACEMENT_3D ( 'NONE', #1645, #491, #1595 ) ;
#2284 = LINE ( 'NONE', #160, #1485 ) ;
#2285 = COORDINATED_UNIVERSAL_TIME_OFFSET ( 8, 0, .AHEAD. ) ;
#2286 = CIRCLE ( 'NONE', #1540, 99.99999999999992895 ) ;
#2287 = VECTOR ( 'NONE', #923, 1000.000000000000000 ) ;
#2288 = ORIENTED_EDGE ( 'NONE', *, *, #2915, .F. ) ;
#2289 = VERTEX_POINT ( 'NONE', #2340 ) ;
#2290 = LINE ( 'NONE', #1075, #1677 ) ;
#2291 = EDGE_CURVE ( 'NONE', #695, #1709, #400, .T. ) ;
#2292 = LINE ( 'NONE', #671, #1479 ) ;
#2293 = DIRECTION ( 'NONE',  ( -0.000000000000000000, -0.000000000000000000, -1.000000000000000000 ) ) ;
#2294 = EDGE_LOOP ( 'NONE', ( #934, #2300, #1973, #379 ) ) ;
#2295 = DIRECTION ( 'NONE',  ( -0.000000000000000000, -0.000000000000000000, -1.000000000000000000 ) ) ;
#2296 = EDGE_CURVE ( 'NONE', #969, #274, #2268, .T. ) ;
#2297 = LINE ( 'NONE', #1646, #1083 ) ;
#2298 = DIRECTION ( 'NONE',  ( -0.000000000000000000, -0.000000000000000000, 1.000000000000000000 ) ) ;
#2299 = VERTEX_POINT ( 'NONE', #1142 ) ;
#2300 = ORIENTED_EDGE ( 'NONE', *, *, #1359, .F. ) ;
#2301 = ORIENTED_EDGE ( 'NONE', *, *, #1979, .T. ) ;
#2302 = EDGE_CURVE ( 'NONE', #2547, #1860, #2236, .T. ) ;
#2303 = CARTESIAN_POINT ( 'NONE',  ( 801.7947010035276207, 671.7514421272165919, -147.5000000000000284 ) ) ;
#2304 = ORIENTED_EDGE ( 'NONE', *, *, #2976, .T. ) ;
#2305 = CARTESIAN_POINT ( 'NONE',  ( 731.7947010035277344, 671.7514421272165919, 100.0000000000000000 ) ) ;
#2306 = CARTESIAN_POINT ( 'NONE',  ( 660.8802517721845788, 162.3493558837002411, -360.0000000000000000 ) ) ;
#2307 = LINE ( 'NONE', #2742, #2981 ) ;
#2308 = FACE_OUTER_BOUND ( 'NONE', #1746, .T. ) ;
#2309 = EDGE_CURVE ( 'NONE', #1105, #996, #2307, .T. ) ;
#2310 = ORIENTED_EDGE ( 'NONE', *, *, #2104, .T. ) ;
#2311 = DIRECTION ( 'NONE',  ( 0.9835928335641609399, 0.1804027099608671025, 0.000000000000000000 ) ) ;
#2312 = EDGE_CURVE ( 'NONE', #175, #1105, #636, .T. ) ;
#2313 = DIRECTION ( 'NONE',  ( -1.000000000000000000, 0.000000000000000000, 0.000000000000000000 ) ) ;
#2314 = CARTESIAN_POINT ( 'NONE',  ( -63.15002205905845045, 553.2596869489962046, 375.0000000000000000 ) ) ;
#2315 = FACE_OUTER_BOUND ( 'NONE', #1349, .T. ) ;
#2316 = ORIENTED_EDGE ( 'NONE', *, *, #3050, .F. ) ;
#2317 = EDGE_LOOP ( 'NONE', ( #1989, #2711, #576, #2769 ) ) ;
#2318 = LINE ( 'NONE', #244, #2287 ) ;
#2319 = VERTEX_POINT ( 'NONE', #1555 ) ;
#2320 = ORIENTED_EDGE ( 'NONE', *, *, #2409, .F. ) ;
#2321 = CARTESIAN_POINT ( 'NONE',  ( 757.1285194422267750, 405.9713065200224946, 147.5000000000000284 ) ) ;
#2322 = DIRECTION ( 'NONE',  ( 1.000000000000000000, 0.000000000000000000, 0.000000000000000000 ) ) ;
#2323 = CARTESIAN_POINT ( 'NONE',  ( 557.7051220320730636, 15.00000000000001421, -360.0000000000000000 ) ) ;
#2324 = EDGE_CURVE ( 'NONE', #597, #754, #1810, .T. ) ;
#2325 = ORIENTED_EDGE ( 'NONE', *, *, #1695, .F. ) ;
#2326 = CARTESIAN_POINT ( 'NONE',  ( 571.7259758212766201, 330.9653279657659368, 375.0000000000000000 ) ) ;
#2327 = CARTESIAN_POINT ( 'NONE',  ( 0.000000000000000000, 0.000000000000000000, -287.5000000000001137 ) ) ;
#2328 = LINE ( 'NONE', #886, #2023 ) ;
#2329 = CARTESIAN_POINT ( 'NONE',  ( 0.000000000000000000, 0.000000000000000000, 127.5000000000000000 ) ) ;
#2330 = ORIENTED_EDGE ( 'NONE', *, *, #2381, .F. ) ;
#2331 = ORIENTED_EDGE ( 'NONE', *, *, #739, .F. ) ;
#2332 = DIRECTION ( 'NONE',  ( -1.000000000000000000, 0.000000000000000000, 0.000000000000000000 ) ) ;
#2333 = AXIS2_PLACEMENT_3D ( 'NONE', #2558, #187, #1622 ) ;
#2334 = VECTOR ( 'NONE', #2395, 1000.000000000000114 ) ;
#2335 = VERTEX_POINT ( 'NONE', #1339 ) ;
#2336 = FACE_OUTER_BOUND ( 'NONE', #2440, .T. ) ;
#2337 = EDGE_CURVE ( 'NONE', #2008, #2356, #2070, .T. ) ;
#2338 = VECTOR ( 'NONE', #183, 1000.000000000000000 ) ;
#2339 = DIRECTION ( 'NONE',  ( 4.625929269271489858E-16, -1.000000000000000000, 0.000000000000000000 ) ) ;
#2340 = CARTESIAN_POINT ( 'NONE',  ( 72.54293980311345535, -29.99999999999997513, -127.5000000000000000 ) ) ;
#2341 = AXIS2_PLACEMENT_3D ( 'NONE', #2777, #870, #2760 ) ;
#2342 = AXIS2_PLACEMENT_3D ( 'NONE', #860, #1984, #2533 ) ;
#2343 = EDGE_LOOP ( 'NONE', ( #1074, #1527, #1308, #1369 ) ) ;
#2344 = CYLINDRICAL_SURFACE ( 'NONE', #1974, 300.0000000000000000 ) ;
#2345 = DIRECTION ( 'NONE',  ( -4.625929269271489858E-16, 1.000000000000000000, -0.000000000000000000 ) ) ;
#2346 = LINE ( 'NONE', #1425, #1340 ) ;
#2347 = CARTESIAN_POINT ( 'NONE',  ( 72.54293980311344114, 14.89653965080597153, 352.4999999999999432 ) ) ;
#2348 = ORIENTED_EDGE ( 'NONE', *, *, #2633, .T. ) ;
#2349 = EDGE_CURVE ( 'NONE', #2115, #2235, #166, .T. ) ;
#2350 = ORIENTED_EDGE ( 'NONE', *, *, #2234, .F. ) ;
#2351 = DIRECTION ( 'NONE',  ( -0.000000000000000000, -0.000000000000000000, -1.000000000000000000 ) ) ;
#2352 = APPROVAL_DATE_TIME ( #3073, #1852 ) ;
#2353 = ORIENTED_EDGE ( 'NONE', *, *, #747, .T. ) ;
#2354 = CARTESIAN_POINT ( 'NONE',  ( 658.9404067749652540, 648.6763040780858773, -375.0000000000000000 ) ) ;
#2355 = FACE_OUTER_BOUND ( 'NONE', #1022, .T. ) ;
#2356 = VERTEX_POINT ( 'NONE', #3000 ) ;
#2357 = PLANE ( 'NONE',  #2134 ) ;
#2358 = CYLINDRICAL_SURFACE ( 'NONE', #1230, 300.0000000000000000 ) ;
#2359 = FACE_OUTER_BOUND ( 'NONE', #1139, .T. ) ;
#2360 = ORIENTED_EDGE ( 'NONE', *, *, #2969, .T. ) ;
#2361 = ORIENTED_EDGE ( 'NONE', *, *, #688, .T. ) ;
#2362 = CARTESIAN_POINT ( 'NONE',  ( 415.1346384854873008, 334.4222867890144357, -360.0000000000000000 ) ) ;
#2363 = APPROVAL_STATUS ( 'not_yet_approved' ) ;
#2364 = ORIENTED_EDGE ( 'NONE', *, *, #2067, .T. ) ;
#2365 = PLANE ( 'NONE',  #48 ) ;
#2366 = LINE ( 'NONE', #2877, #2679 ) ;
#2367 = CARTESIAN_POINT ( 'NONE',  ( 0.000000000000000000, 0.000000000000000000, -32.49999999999997158 ) ) ;
#2368 = EDGE_CURVE ( 'NONE', #818, #2109, #914, .T. ) ;
#2369 = CARTESIAN_POINT ( 'NONE',  ( 715.1346384854873577, 334.4222867890144357, 360.0000000000000000 ) ) ;
#2370 = EDGE_CURVE ( 'NONE', #450, #683, #1585, .T. ) ;
#2371 = EDGE_CURVE ( 'NONE', #1265, #1841, #438, .T. ) ;
#2372 = CARTESIAN_POINT ( 'NONE',  ( 525.0432588763023887, 753.4421012924627803, -374.9999999999999432 ) ) ;
#2373 = VERTEX_POINT ( 'NONE', #3062 ) ;
#2374 = VERTEX_POINT ( 'NONE', #944 ) ;
#2375 = DATE_AND_TIME ( #2599, #2839 ) ;
#2376 = AXIS2_PLACEMENT_3D ( 'NONE', #2825, #2992, #1118 ) ;
#2377 = ORIENTED_EDGE ( 'NONE', *, *, #2187, .F. ) ;
#2378 = CIRCLE ( 'NONE', #95, 30.00000000000002842 ) ;
#2379 = DIRECTION ( 'NONE',  ( 4.625929269271489858E-16, -1.000000000000000000, 0.000000000000000000 ) ) ;
#2380 = CIRCLE ( 'NONE', #1440, 99.99999999999997158 ) ;
#2381 = EDGE_CURVE ( 'NONE', #1529, #1930, #2097, .T. ) ;
#2382 = DIRECTION ( 'NONE',  ( 0.1804027099608671303, -0.9835928335641610509, 0.000000000000000000 ) ) ;
#2383 = VECTOR ( 'NONE', #1796, 1000.000000000000000 ) ;
#2384 = AXIS2_PLACEMENT_3D ( 'NONE', #138, #1082, #1788 ) ;
#2385 = LINE ( 'NONE', #2885, #2388 ) ;
#2386 = DIRECTION ( 'NONE',  ( 0.3750298927712786279, -0.9270127181047534970, 0.000000000000000000 ) ) ;
#2387 = CIRCLE ( 'NONE', #2931, 30.00000000000002842 ) ;
#2388 = VECTOR ( 'NONE', #1015, 1000.000000000000000 ) ;
#2389 = CARTESIAN_POINT ( 'NONE',  ( 495.0432588763023887, 753.4421012924627803, -132.5000000000000000 ) ) ;
#2390 = ADVANCED_FACE ( 'NONE', ( #1637 ), #1169, .F. ) ;
#2391 = ORIENTED_EDGE ( 'NONE', *, *, #2914, .F. ) ;
#2392 = EDGE_CURVE ( 'NONE', #611, #1670, #1657, .T. ) ;
#2393 = EDGE_LOOP ( 'NONE', ( #766, #2762, #40, #2330 ) ) ;
#2394 = LINE ( 'NONE', #2199, #2928 ) ;
#2395 = DIRECTION ( 'NONE',  ( -0.6427876096865433597, -0.7660444431189745718, 0.000000000000000000 ) ) ;
#2396 = LINE ( 'NONE', #786, #1078 ) ;
#2397 = DIRECTION ( 'NONE',  ( 0.1804027099608671303, -0.9835928335641610509, 0.000000000000000000 ) ) ;
#2398 = APPLICATION_CONTEXT ( 'configuration controlled 3d designs of mechanical parts and assemblies' ) ;
#2399 = FACE_OUTER_BOUND ( 'NONE', #157, .T. ) ;
#2400 = ADVANCED_FACE ( 'NONE', ( #1409 ), #2608, .T. ) ;
#2401 = DIRECTION ( 'NONE',  ( 1.000000000000000000, 0.000000000000000000, 0.000000000000000000 ) ) ;
#2402 = ORIENTED_EDGE ( 'NONE', *, *, #1102, .T. ) ;
#2403 = ADVANCED_FACE ( 'NONE', ( #1202 ), #20, .F. ) ;
#2404 = ORIENTED_EDGE ( 'NONE', *, *, #1422, .T. ) ;
#2405 = EDGE_LOOP ( 'NONE', ( #1510, #356, #1229, #83 ) ) ;
#2406 = EDGE_CURVE ( 'NONE', #2289, #2939, #278, .T. ) ;
#2407 = LINE ( 'NONE', #1719, #361 ) ;
#2408 = DIRECTION ( 'NONE',  ( 0.000000000000000000, 0.000000000000000000, 1.000000000000000000 ) ) ;
#2409 = EDGE_CURVE ( 'NONE', #907, #1900, #2845, .T. ) ;
#2410 = CARTESIAN_POINT ( 'NONE',  ( 60.04325887630427871, 0.000000000000000000, 375.0000000000000000 ) ) ;
#2411 = DIRECTION ( 'NONE',  ( -0.000000000000000000, 0.000000000000000000, -1.000000000000000000 ) ) ;
#2412 = DIRECTION ( 'NONE',  ( -4.625929269271489858E-16, 1.000000000000000000, -0.000000000000000000 ) ) ;
#2413 = DIRECTION ( 'NONE',  ( -0.000000000000000000, -0.000000000000000000, -1.000000000000000000 ) ) ;
#2414 = CIRCLE ( 'NONE', #2213, 100.0000000000000853 ) ;
#2415 = DIRECTION ( 'NONE',  ( 0.000000000000000000, 0.000000000000000000, 1.000000000000000000 ) ) ;
#2416 = ORIENTED_EDGE ( 'NONE', *, *, #143, .T. ) ;
#2417 = EDGE_CURVE ( 'NONE', #2800, #3041, #2807, .T. ) ;
#2418 = CARTESIAN_POINT ( 'NONE',  ( 495.0432588763023887, 753.4421012924627803, -374.9999999999999432 ) ) ;
#2419 = ORIENTED_EDGE ( 'NONE', *, *, #2537, .F. ) ;
#2420 = AXIS2_PLACEMENT_3D ( 'NONE', #1839, #2759, #1815 ) ;
#2421 = FACE_OUTER_BOUND ( 'NONE', #177, .T. ) ;
#2422 = AXIS2_PLACEMENT_3D ( 'NONE', #344, #2494, #823 ) ;
#2423 = ADVANCED_FACE ( 'NONE', ( #269 ), #2357, .F. ) ;
#2424 = DIRECTION ( 'NONE',  ( 0.000000000000000000, 0.000000000000000000, -1.000000000000000000 ) ) ;
#2425 = CARTESIAN_POINT ( 'NONE',  ( 514.1930844855518217, 600.1105852626513979, 360.0000000000000000 ) ) ;
#2426 = CIRCLE ( 'NONE', #2630, 449.9999999999999432 ) ;
#2427 = DIRECTION ( 'NONE',  ( 4.625929269271489858E-16, -1.000000000000000000, 0.000000000000000000 ) ) ;
#2428 = DIRECTION ( 'NONE',  ( 1.000000000000000000, 0.000000000000000000, 0.000000000000000000 ) ) ;
#2429 = AXIS2_PLACEMENT_3D ( 'NONE', #1605, #1125, #2755 ) ;
#2430 = EDGE_LOOP ( 'NONE', ( #1091, #2057, #2916, #1467 ) ) ;
#2431 = AXIS2_PLACEMENT_3D ( 'NONE', #1473, #1307, #64 ) ;
#2432 = VECTOR ( 'NONE', #1536, 1000.000000000000000 ) ;
#2433 = AXIS2_PLACEMENT_3D ( 'NONE', #546, #566, #317 ) ;
#2434 = DIRECTION ( 'NONE',  ( -0.000000000000000000, -0.000000000000000000, -1.000000000000000000 ) ) ;
#2435 = ORIENTED_EDGE ( 'NONE', *, *, #1886, .F. ) ;
#2436 = DIRECTION ( 'NONE',  ( 1.000000000000000000, 0.000000000000000000, 0.000000000000000000 ) ) ;
#2437 = ADVANCED_FACE ( 'NONE', ( #945 ), #2344, .F. ) ;
#2438 = VERTEX_POINT ( 'NONE', #2637 ) ;
#2439 = ORIENTED_EDGE ( 'NONE', *, *, #1232, .F. ) ;
#2440 = EDGE_LOOP ( 'NONE', ( #644, #430, #669, #2034 ) ) ;
#2441 = CARTESIAN_POINT ( 'NONE',  ( 757.1285194422267750, 405.9713065200224946, -132.5000000000000000 ) ) ;
#2442 = LINE ( 'NONE', #323, #2014 ) ;
#2443 = DIRECTION ( 'NONE',  ( 1.000000000000000000, 0.000000000000000000, -0.000000000000000000 ) ) ;
#2444 = CARTESIAN_POINT ( 'NONE',  ( 658.9404067749653677, 648.6763040780858773, 147.5000000000000284 ) ) ;
#2445 = DIRECTION ( 'NONE',  ( 1.000000000000000000, 0.000000000000000000, 0.000000000000000000 ) ) ;
#2446 = ORIENTED_EDGE ( 'NONE', *, *, #420, .F. ) ;
#2447 = CARTESIAN_POINT ( 'NONE',  ( 731.7947010035277344, 671.7514421272165919, -147.5000000000000284 ) ) ;
#2448 = VERTEX_POINT ( 'NONE', #2592 ) ;
#2449 = DIRECTION ( 'NONE',  ( -0.000000000000000000, -0.000000000000000000, -1.000000000000000000 ) ) ;
#2450 = CARTESIAN_POINT ( 'NONE',  ( 660.8802517721845788, 162.3493558837002411, 360.0000000000000000 ) ) ;
#2451 = ORIENTED_EDGE ( 'NONE', *, *, #567, .F. ) ;
#2452 = ORIENTED_EDGE ( 'NONE', *, *, #1507, .F. ) ;
#2453 = ORIENTED_EDGE ( 'NONE', *, *, #2691, .T. ) ;
#2454 = CARTESIAN_POINT ( 'NONE',  ( 549.2266294354432148, 797.7609726098918372, 147.5000000000000284 ) ) ;
#2455 = VERTEX_POINT ( 'NONE', #1170 ) ;
#2456 = PLANE ( 'NONE',  #348 ) ;
#2457 = CARTESIAN_POINT ( 'NONE',  ( 757.1285194422267750, 405.9713065200224946, 375.0000000000000000 ) ) ;
#2458 = CARTESIAN_POINT ( 'NONE',  ( 701.7947010035277344, 671.7514421272165919, -374.9999999999999432 ) ) ;
#2459 = EDGE_CURVE ( 'NONE', #891, #3007, #1885, .T. ) ;
#2460 = EDGE_CURVE ( 'NONE', #2874, #1743, #1892, .T. ) ;
#2461 = DIRECTION ( 'NONE',  ( 0.000000000000000000, -0.000000000000000000, 1.000000000000000000 ) ) ;
#2462 = EDGE_CURVE ( 'NONE', #139, #1930, #1460, .T. ) ;
#2463 = ORIENTED_EDGE ( 'NONE', *, *, #1942, .F. ) ;
#2464 = LINE ( 'NONE', #1231, #1686 ) ;
#2465 = EDGE_LOOP ( 'NONE', ( #493, #1004, #542, #2154, #2468, #3056, #1264, #185, #826, #2891 ) ) ;
#2466 = VECTOR ( 'NONE', #1986, 1000.000000000000114 ) ;
#2467 = ORIENTED_EDGE ( 'NONE', *, *, #10, .F. ) ;
#2468 = ORIENTED_EDGE ( 'NONE', *, *, #707, .F. ) ;
#2469 = CARTESIAN_POINT ( 'NONE',  ( -77.39273981545696302, -2.500000000000028866, -127.5000000000000000 ) ) ;
#2470 = CARTESIAN_POINT ( 'NONE',  ( 0.000000000000000000, 0.000000000000000000, 352.5000000000000000 ) ) ;
#2471 = ORIENTED_EDGE ( 'NONE', *, *, #2714, .F. ) ;
#2472 = VECTOR ( 'NONE', #603, 1000.000000000000000 ) ;
#2473 = DIRECTION ( 'NONE',  ( -0.000000000000000000, -0.000000000000000000, -1.000000000000000000 ) ) ;
#2474 = FACE_OUTER_BOUND ( 'NONE', #2393, .T. ) ;
#2475 = DIRECTION ( 'NONE',  ( -1.000000000000000000, 0.000000000000000000, 0.000000000000000000 ) ) ;
#2476 = ADVANCED_FACE ( 'NONE', ( #2678 ), #1738, .F. ) ;
#2477 = VECTOR ( 'NONE', #842, 1000.000000000000000 ) ;
#2478 = VECTOR ( 'NONE', #2345, 1000.000000000000000 ) ;
#2479 = CARTESIAN_POINT ( 'NONE',  ( -77.39273981545696302, -2.500000000000028866, -352.5000000000000568 ) ) ;
#2480 = CIRCLE ( 'NONE', #1480, 30.00000000000008171 ) ;
#2481 = ORIENTED_EDGE ( 'NONE', *, *, #1764, .F. ) ;
#2482 = VECTOR ( 'NONE', #237, 1000.000000000000000 ) ;
#2483 = VECTOR ( 'NONE', #1919, 1000.000000000000114 ) ;
#2484 = CIRCLE ( 'NONE', #2384, 69.99999999999984368 ) ;
#2485 = LOCAL_TIME ( 14, 14, 0.000000000000000000, #682 ) ;
#2486 = EDGE_LOOP ( 'NONE', ( #906, #2739, #2965, #3022 ) ) ;
#2487 = AXIS2_PLACEMENT_3D ( 'NONE', #178, #1600, #2598 ) ;
#2488 = ORIENTED_EDGE ( 'NONE', *, *, #3060, .F. ) ;
#2489 =( LENGTH_UNIT ( ) NAMED_UNIT ( * ) SI_UNIT ( .MILLI., .METRE. ) );
#2490 = DIRECTION ( 'NONE',  ( 1.000000000000000000, 0.000000000000000000, 0.000000000000000000 ) ) ;
#2491 = DIRECTION ( 'NONE',  ( 1.000000000000000000, 0.000000000000000000, 0.000000000000000000 ) ) ;
#2492 = DIRECTION ( 'NONE',  ( -1.000000000000000000, 0.000000000000000000, 0.000000000000000000 ) ) ;
#2493 = VERTEX_POINT ( 'NONE', #77 ) ;
#2494 = DIRECTION ( 'NONE',  ( -0.000000000000000000, 0.000000000000000000, 1.000000000000000000 ) ) ;
#2495 = DIRECTION ( 'NONE',  ( 1.000000000000000000, 0.000000000000000000, 0.000000000000000000 ) ) ;
#2496 = ORIENTED_EDGE ( 'NONE', *, *, #2173, .F. ) ;
#2497 = EDGE_LOOP ( 'NONE', ( #464, #1980, #1428, #1247 ) ) ;
#2498 = DIRECTION ( 'NONE',  ( -4.625929269271489858E-16, 1.000000000000000000, -0.000000000000000000 ) ) ;
#2499 = LINE ( 'NONE', #1750, #363 ) ;
#2500 = EDGE_CURVE ( 'NONE', #1897, #479, #2984, .T. ) ;
#2501 = PRODUCT_DEFINITION ( '�', '', #1196, #965 ) ;
#2502 = ADVANCED_FACE ( 'NONE', ( #2474 ), #2222, .F. ) ;
#2503 = ORIENTED_EDGE ( 'NONE', *, *, #1453, .T. ) ;
#2504 = PLANE ( 'NONE',  #1526 ) ;
#2505 = DIRECTION ( 'NONE',  ( -0.9835928335641609399, -0.1804027099608671025, 0.000000000000000000 ) ) ;
#2506 = DIRECTION ( 'NONE',  ( 0.000000000000000000, 0.000000000000000000, -1.000000000000000000 ) ) ;
#2507 = CARTESIAN_POINT ( 'NONE',  ( 72.54293980311344114, 30.00000000000000000, 192.5000000000000000 ) ) ;
#2508 = CARTESIAN_POINT ( 'NONE',  ( 72.54293980311344114, 30.00000000000000000, 32.50000000000000000 ) ) ;
#2509 = DIRECTION ( 'NONE',  ( 0.9781476007338069101, 0.2079116908177529588, 0.000000000000000000 ) ) ;
#2510 = DIRECTION ( 'NONE',  ( -0.000000000000000000, 0.000000000000000000, 1.000000000000000000 ) ) ;
#2511 = EDGE_CURVE ( 'NONE', #88, #1676, #2041, .T. ) ;
#2512 = ORIENTED_EDGE ( 'NONE', *, *, #1102, .F. ) ;
#2513 = ORIENTED_EDGE ( 'NONE', *, *, #1322, .T. ) ;
#2514 = CARTESIAN_POINT ( 'NONE',  ( 60.04325887630427871, 0.000000000000000000, -287.5000000000001137 ) ) ;
#2515 = AXIS2_PLACEMENT_3D ( 'NONE', #2923, #801, #1450 ) ;
#2516 = ORIENTED_EDGE ( 'NONE', *, *, #2058, .T. ) ;
#2517 = ORIENTED_EDGE ( 'NONE', *, *, #1407, .T. ) ;
#2518 = DIRECTION ( 'NONE',  ( -1.000000000000000000, 0.000000000000000000, 0.000000000000000000 ) ) ;
#2519 = LINE ( 'NONE', #1554, #2780 ) ;
#2520 = DIRECTION ( 'NONE',  ( -0.000000000000000000, -0.000000000000000000, -1.000000000000000000 ) ) ;
#2521 = EDGE_CURVE ( 'NONE', #523, #1464, #787, .T. ) ;
#2522 = DIRECTION ( 'NONE',  ( 0.9835928335641610509, -0.1804027099608666029, 0.000000000000000000 ) ) ;
#2523 = ADVANCED_FACE ( 'NONE', ( #574 ), #588, .F. ) ;
#2524 = AXIS2_PLACEMENT_3D ( 'NONE', #2106, #926, #2117 ) ;
#2525 = PLANE ( 'NONE',  #750 ) ;
#2526 = VECTOR ( 'NONE', #2295, 1000.000000000000000 ) ;
#2527 = CARTESIAN_POINT ( 'NONE',  ( 72.54293980311344114, 14.89653965080597153, 192.5000000000000000 ) ) ;
#2528 = LINE ( 'NONE', #174, #1235 ) ;
#2529 = ORIENTED_EDGE ( 'NONE', *, *, #69, .T. ) ;
#2530 = ORIENTED_EDGE ( 'NONE', *, *, #1728, .F. ) ;
#2531 = CIRCLE ( 'NONE', #2729, 60.00000000000016342 ) ;
#2532 = VECTOR ( 'NONE', #1150, 1000.000000000000000 ) ;
#2533 = DIRECTION ( 'NONE',  ( -1.000000000000000000, 0.000000000000000000, 0.000000000000000000 ) ) ;
#2534 = CARTESIAN_POINT ( 'NONE',  ( 468.0796516749231841, 688.8436192151747264, 132.5000000000000000 ) ) ;
#2535 = EDGE_CURVE ( 'NONE', #1195, #2949, #97, .T. ) ;
#2536 = CC_DESIGN_SECURITY_CLASSIFICATION ( #2, ( #1196 ) ) ;
#2537 = EDGE_CURVE ( 'NONE', #2248, #81, #2203, .T. ) ;
#2538 = ORIENTED_EDGE ( 'NONE', *, *, #2309, .T. ) ;
#2539 = DIRECTION ( 'NONE',  ( -1.000000000000000000, -4.625929269271489858E-16, 0.000000000000000000 ) ) ;
#2540 = CARTESIAN_POINT ( 'NONE',  ( 493.4019154037769681, 697.9253453360322510, -375.0000000000000000 ) ) ;
#2541 = CC_DESIGN_PERSON_AND_ORGANIZATION_ASSIGNMENT ( #1842, #1155, ( #1196 ) ) ;
#2542 = ORIENTED_EDGE ( 'NONE', *, *, #1604, .F. ) ;
#2543 = DIRECTION ( 'NONE',  ( 4.625929269271489858E-16, -1.000000000000000000, 0.000000000000000000 ) ) ;
#2544 = PLANE ( 'NONE',  #715 ) ;
#2545 = CARTESIAN_POINT ( 'NONE',  ( 731.7947010035277344, 671.7514421272165919, 100.0000000000000000 ) ) ;
#2546 = CARTESIAN_POINT ( 'NONE',  ( 465.0432588763023318, 753.4421012924627803, 147.5000000000000284 ) ) ;
#2547 = VERTEX_POINT ( 'NONE', #559 ) ;
#2548 = ORIENTED_EDGE ( 'NONE', *, *, #2942, .T. ) ;
#2549 = EDGE_CURVE ( 'NONE', #2972, #102, #2171, .T. ) ;
#2550 = CYLINDRICAL_SURFACE ( 'NONE', #2843, 449.9999999999998863 ) ;
#2551 = DATE_AND_TIME ( #3029, #468 ) ;
#2552 = EDGE_LOOP ( 'NONE', ( #350, #1398, #1402, #1121 ) ) ;
#2553 = CARTESIAN_POINT ( 'NONE',  ( 358.9923023093071492, -275.2274317704688542, 375.0000000000000000 ) ) ;
#2554 = CARTESIAN_POINT ( 'NONE',  ( 549.2266294354432148, 797.7609726098918372, -147.5000000000000284 ) ) ;
#2555 = DIRECTION ( 'NONE',  ( 0.000000000000000000, -1.000000000000000000, 0.000000000000000000 ) ) ;
#2556 = LINE ( 'NONE', #1571, #1925 ) ;
#2557 = ORIENTED_EDGE ( 'NONE', *, *, #831, .T. ) ;
#2558 = CARTESIAN_POINT ( 'NONE',  ( 731.7947010035277344, 671.7514421272165919, -374.9999999999999432 ) ) ;
#2559 = EDGE_CURVE ( 'NONE', #3041, #1811, #288, .T. ) ;
#2560 = CARTESIAN_POINT ( 'NONE',  ( 791.7947010035278481, 671.7514421272165919, 100.0000000000000000 ) ) ;
#2561 = DIRECTION ( 'NONE',  ( -0.000000000000000000, -0.000000000000000000, -1.000000000000000000 ) ) ;
#2562 = LINE ( 'NONE', #1325, #2781 ) ;
#2563 = ORIENTED_EDGE ( 'NONE', *, *, #2638, .F. ) ;
#2564 = ORIENTED_EDGE ( 'NONE', *, *, #952, .T. ) ;
#2565 = ORIENTED_EDGE ( 'NONE', *, *, #66, .T. ) ;
#2566 = DIRECTION ( 'NONE',  ( 1.000000000000000000, 0.000000000000000000, -0.000000000000000000 ) ) ;
#2567 = CARTESIAN_POINT ( 'NONE',  ( 0.000000000000000000, 0.000000000000000000, -127.5000000000000000 ) ) ;
#2568 = DIRECTION ( 'NONE',  ( 1.000000000000000000, 0.000000000000000000, 0.000000000000000000 ) ) ;
#2569 = CARTESIAN_POINT ( 'NONE',  ( 731.7947010035277344, 671.7514421272165919, 100.0000000000000000 ) ) ;
#2570 = ORIENTED_EDGE ( 'NONE', *, *, #86, .T. ) ;
#2571 = CARTESIAN_POINT ( 'NONE',  ( 60.04325887630427871, 0.000000000000000000, 375.0000000000000000 ) ) ;
#2572 = EDGE_CURVE ( 'NONE', #2100, #2235, #1489, .T. ) ;
#2573 = DIRECTION ( 'NONE',  ( -1.000000000000000000, -4.625929269271489858E-16, 0.000000000000000000 ) ) ;
#2574 = AXIS2_PLACEMENT_3D ( 'NONE', #2968, #1568, #2518 ) ;
#2575 = LINE ( 'NONE', #1248, #2978 ) ;
#2576 = CARTESIAN_POINT ( 'NONE',  ( 608.3759481964208362, 693.3649618864933473, -360.0000000000000000 ) ) ;
#2577 = AXIS2_PLACEMENT_3D ( 'NONE', #1560, #1298, #2509 ) ;
#2578 = VERTEX_POINT ( 'NONE', #2883 ) ;
#2579 = ORIENTED_EDGE ( 'NONE', *, *, #195, .F. ) ;
#2580 = DIRECTION ( 'NONE',  ( -0.9835928335641609399, -0.1804027099608671025, 0.000000000000000000 ) ) ;
#2581 = VECTOR ( 'NONE', #1054, 1000.000000000000000 ) ;
#2582 = VECTOR ( 'NONE', #1865, 1000.000000000000000 ) ;
#2583 = EDGE_LOOP ( 'NONE', ( #2753, #1518, #1129, #2748, #2049, #1557, #2646 ) ) ;
#2584 = FACE_OUTER_BOUND ( 'NONE', #246, .T. ) ;
#2585 = AXIS2_PLACEMENT_3D ( 'NONE', #1965, #2920, #798 ) ;
#2586 = CARTESIAN_POINT ( 'NONE',  ( 60.04325887630427871, 0.000000000000000000, -352.5000000000000568 ) ) ;
#2587 = CARTESIAN_POINT ( 'NONE',  ( 35.23483068067880453, -29.56553342875182366, -287.5000000000001137 ) ) ;
#2588 = AXIS2_PLACEMENT_3D ( 'NONE', #2233, #2702, #1513 ) ;
#2589 = VECTOR ( 'NONE', #1180, 1000.000000000000000 ) ;
#2590 = VERTEX_POINT ( 'NONE', #1002 ) ;
#2591 = DIRECTION ( 'NONE',  ( 0.000000000000000000, -0.000000000000000000, 1.000000000000000000 ) ) ;
#2592 = CARTESIAN_POINT ( 'NONE',  ( 72.54293980311344114, 0.000000000000000000, 127.5000000000000000 ) ) ;
#2593 = CARTESIAN_POINT ( 'NONE',  ( 495.0432588763023887, 753.4421012924627803, -374.9999999999999432 ) ) ;
#2594 = DIRECTION ( 'NONE',  ( 0.9717814650317067038, -0.2358829884091472318, 0.000000000000000000 ) ) ;
#2595 = CARTESIAN_POINT ( 'NONE',  ( 72.54293980311344114, 14.89653965080597153, -127.5000000000000568 ) ) ;
#2596 = VERTEX_POINT ( 'NONE', #1968 ) ;
#2597 = ORIENTED_EDGE ( 'NONE', *, *, #28, .F. ) ;
#2598 = DIRECTION ( 'NONE',  ( 1.000000000000000000, 0.000000000000000000, 0.000000000000000000 ) ) ;
#2599 = CALENDAR_DATE ( 2026, 17, 8 ) ;
#2600 = VERTEX_POINT ( 'NONE', #1939 ) ;
#2601 = PLANE ( 'NONE',  #2220 ) ;
#2602 = ADVANCED_FACE ( 'NONE', ( #1696 ), #1987, .F. ) ;
#2603 = PLANE ( 'NONE',  #995 ) ;
#2604 = EDGE_CURVE ( 'NONE', #3036, #1996, #1337, .T. ) ;
#2605 = CARTESIAN_POINT ( 'NONE',  ( 468.0796516749231841, 688.8436192151747264, 147.5000000000000284 ) ) ;
#2606 = EDGE_CURVE ( 'NONE', #2081, #1373, #307, .T. ) ;
#2607 = VERTEX_POINT ( 'NONE', #1706 ) ;
#2608 = CYLINDRICAL_SURFACE ( 'NONE', #552, 60.00000000000016342 ) ;
#2609 = DIRECTION ( 'NONE',  ( 0.9835928335641609399, 0.1804027099608671025, 0.000000000000000000 ) ) ;
#2610 = DIRECTION ( 'NONE',  ( 0.1804027099608666029, 0.9835928335641610509, -0.000000000000000000 ) ) ;
#2611 = LINE ( 'NONE', #460, #1777 ) ;
#2612 = CARTESIAN_POINT ( 'NONE',  ( 658.9404067749652540, 648.6763040780858773, 375.0000000000000000 ) ) ;
#2613 = VERTEX_POINT ( 'NONE', #1270 ) ;
#2614 = ORIENTED_EDGE ( 'NONE', *, *, #1740, .F. ) ;
#2615 = EDGE_CURVE ( 'NONE', #1900, #3070, #1148, .T. ) ;
#2616 = ORIENTED_EDGE ( 'NONE', *, *, #1423, .F. ) ;
#2617 = DIRECTION ( 'NONE',  ( 0.000000000000000000, -1.000000000000000000, 0.000000000000000000 ) ) ;
#2618 = CARTESIAN_POINT ( 'NONE',  ( 358.9923023093071492, -275.2274317704688542, -375.0000000000000000 ) ) ;
#2619 = VERTEX_POINT ( 'NONE', #147 ) ;
#2620 = CARTESIAN_POINT ( 'NONE',  ( 0.000000000000000000, 0.000000000000000000, 375.0000000000000000 ) ) ;
#2621 = EDGE_CURVE ( 'NONE', #2903, #812, #1233, .T. ) ;
#2622 = DIRECTION ( 'NONE',  ( -0.000000000000000000, -0.000000000000000000, -1.000000000000000000 ) ) ;
#2623 = DIRECTION ( 'NONE',  ( -4.625929269271489858E-16, 1.000000000000000000, -0.000000000000000000 ) ) ;
#2624 = AXIS2_PLACEMENT_3D ( 'NONE', #2148, #1001, #19 ) ;
#2625 = ADVANCED_FACE ( 'NONE', ( #2788 ), #2039, .F. ) ;
#2626 = CARTESIAN_POINT ( 'NONE',  ( 0.000000000000000000, 0.000000000000000000, 287.5000000000000000 ) ) ;
#2627 = ORIENTED_EDGE ( 'NONE', *, *, #971, .T. ) ;
#2628 = AXIS2_PLACEMENT_3D ( 'NONE', #1693, #2449, #2210 ) ;
#2629 = VERTEX_POINT ( 'NONE', #358 ) ;
#2630 = AXIS2_PLACEMENT_3D ( 'NONE', #1147, #1324, #675 ) ;
#2631 = CARTESIAN_POINT ( 'NONE',  ( 514.1930844855518217, 600.1105852626513979, 375.0000000000000000 ) ) ;
#2632 = PLANE ( 'NONE',  #550 ) ;
#2633 = EDGE_CURVE ( 'NONE', #2800, #507, #3013, .T. ) ;
#2634 = CIRCLE ( 'NONE', #1285, 60.00000000000016342 ) ;
#2635 = FACE_OUTER_BOUND ( 'NONE', #1483, .T. ) ;
#2636 = AXIS2_PLACEMENT_3D ( 'NONE', #1449, #44, #276 ) ;
#2637 = CARTESIAN_POINT ( 'NONE',  ( 658.9404067749653677, 648.6763040780858773, -147.4999999999999716 ) ) ;
#2638 = EDGE_CURVE ( 'NONE', #2798, #1059, #1354, .T. ) ;
#2639 = DIRECTION ( 'NONE',  ( -1.000000000000000000, 0.000000000000000000, 0.000000000000000000 ) ) ;
#2640 = CARTESIAN_POINT ( 'NONE',  ( 72.54293980311344114, 14.89653965080597153, 375.0000000000000000 ) ) ;
#2641 = VECTOR ( 'NONE', #1847, 1000.000000000000114 ) ;
#2642 = PLANE ( 'NONE',  #2079 ) ;
#2643 = EDGE_CURVE ( 'NONE', #1566, #2373, #2766, .T. ) ;
#2644 = ORIENTED_EDGE ( 'NONE', *, *, #2638, .T. ) ;
#2645 = VERTEX_POINT ( 'NONE', #620 ) ;
#2646 = ORIENTED_EDGE ( 'NONE', *, *, #1629, .F. ) ;
#2647 = EDGE_CURVE ( 'NONE', #2493, #1826, #1542, .T. ) ;
#2648 = LINE ( 'NONE', #2454, #1641 ) ;
#2649 = DIRECTION ( 'NONE',  ( -0.000000000000000000, 0.000000000000000000, -1.000000000000000000 ) ) ;
#2650 = CARTESIAN_POINT ( 'NONE',  ( 465.0432588763023318, 753.4421012924627803, -374.9999999999999432 ) ) ;
#2651 = CARTESIAN_POINT ( 'NONE',  ( 514.1930844855518217, 600.1105852626513979, 132.5000000000000000 ) ) ;
#2652 = FACE_OUTER_BOUND ( 'NONE', #1874, .T. ) ;
#2653 = CARTESIAN_POINT ( 'NONE',  ( 731.7947010035277344, 671.7514421272165919, -147.5000000000000284 ) ) ;
#2654 = ADVANCED_FACE ( 'NONE', ( #132 ), #865, .F. ) ;
#2655 = CARTESIAN_POINT ( 'NONE',  ( 761.7947010035277344, 671.7514421272165919, -374.9999999999999432 ) ) ;
#2656 = ORIENTED_EDGE ( 'NONE', *, *, #2694, .T. ) ;
#2657 = DIRECTION ( 'NONE',  ( -0.000000000000000000, -0.000000000000000000, -1.000000000000000000 ) ) ;
#2658 = EDGE_CURVE ( 'NONE', #1348, #2949, #2241, .T. ) ;
#2659 = ORIENTED_EDGE ( 'NONE', *, *, #2143, .F. ) ;
#2660 = ORIENTED_EDGE ( 'NONE', *, *, #1909, .T. ) ;
#2661 = CARTESIAN_POINT ( 'NONE',  ( 72.54293980311344114, 0.000000000000000000, 375.0000000000000000 ) ) ;
#2662 = ORIENTED_EDGE ( 'NONE', *, *, #1673, .T. ) ;
#2663 = LINE ( 'NONE', #973, #593 ) ;
#2664 = CARTESIAN_POINT ( 'NONE',  ( 72.54293980311344114, 0.000000000000000000, 352.5000000000000000 ) ) ;
#2665 = DIRECTION ( 'NONE',  ( -0.6427876096865433597, -0.7660444431189745718, 0.000000000000000000 ) ) ;
#2666 = EDGE_CURVE ( 'NONE', #785, #2798, #948, .T. ) ;
#2667 = LINE ( 'NONE', #2372, #2770 ) ;
#2668 = ORIENTED_EDGE ( 'NONE', *, *, #2969, .F. ) ;
#2669 = CARTESIAN_POINT ( 'NONE',  ( 514.1930844855518217, 600.1105852626513979, -360.0000000000000000 ) ) ;
#2670 = VECTOR ( 'NONE', #1183, 1000.000000000000114 ) ;
#2671 = ORIENTED_EDGE ( 'NONE', *, *, #480, .T. ) ;
#2672 = EDGE_LOOP ( 'NONE', ( #3061, #217, #41, #2901 ) ) ;
#2673 = ORIENTED_EDGE ( 'NONE', *, *, #339, .F. ) ;
#2674 = CARTESIAN_POINT ( 'NONE',  ( 525.0432588763023887, 753.4421012924627803, 147.5000000000000284 ) ) ;
#2675 = AXIS2_PLACEMENT_3D ( 'NONE', #13, #1929, #1205 ) ;
#2676 = ORIENTED_EDGE ( 'NONE', *, *, #2572, .T. ) ;
#2677 = LINE ( 'NONE', #2693, #1179 ) ;
#2678 = FACE_OUTER_BOUND ( 'NONE', #647, .T. ) ;
#2679 = VECTOR ( 'NONE', #250, 1000.000000000000114 ) ;
#2680 = DIRECTION ( 'NONE',  ( -0.000000000000000000, -0.000000000000000000, -1.000000000000000000 ) ) ;
#2681 = CIRCLE ( 'NONE', #1827, 100.0000000000000284 ) ;
#2682 = ORIENTED_EDGE ( 'NONE', *, *, #1979, .F. ) ;
#2683 = LOCAL_TIME ( 14, 14, 0.000000000000000000, #214 ) ;
#2684 = CIRCLE ( 'NONE', #902, 69.99999999999995737 ) ;
#2685 = CARTESIAN_POINT ( 'NONE',  ( 549.2266294354432148, 797.7609726098918372, 132.5000000000000000 ) ) ;
#2686 = EDGE_LOOP ( 'NONE', ( #2105, #2982, #163, #2994 ) ) ;
#2687 = LINE ( 'NONE', #1035, #900 ) ;
#2688 = ORIENTED_EDGE ( 'NONE', *, *, #2976, .F. ) ;
#2689 = ORIENTED_EDGE ( 'NONE', *, *, #2691, .F. ) ;
#2690 = DIRECTION ( 'NONE',  ( 1.000000000000000000, 0.000000000000000000, 0.000000000000000000 ) ) ;
#2691 = EDGE_CURVE ( 'NONE', #513, #2596, #635, .T. ) ;
#2692 = ORIENTED_EDGE ( 'NONE', *, *, #272, .T. ) ;
#2693 = CARTESIAN_POINT ( 'NONE',  ( 250.8434527926973203, -60.88786974927510443, -375.0000000000000000 ) ) ;
#2694 = EDGE_CURVE ( 'NONE', #2811, #2493, #2681, .T. ) ;
#2695 = DIRECTION ( 'NONE',  ( 4.625929269271489858E-16, -1.000000000000000000, 0.000000000000000000 ) ) ;
#2696 = ADVANCED_FACE ( 'NONE', ( #2970 ), #2723, .F. ) ;
#2697 = CARTESIAN_POINT ( 'NONE',  ( 72.54293980311345535, -29.99999999999997513, 352.5000000000000000 ) ) ;
#2698 = VERTEX_POINT ( 'NONE', #893 ) ;
#2699 = CARTESIAN_POINT ( 'NONE',  ( 35.23483068067880453, -29.56553342875182366, 352.5000000000000000 ) ) ;
#2700 = VERTEX_POINT ( 'NONE', #1569 ) ;
#2701 = CARTESIAN_POINT ( 'NONE',  ( 72.54293980311345535, -29.99999999999997513, 192.5000000000000000 ) ) ;
#2702 = DIRECTION ( 'NONE',  ( 0.2079116908177529865, -0.9781476007338070211, 0.000000000000000000 ) ) ;
#2703 = VERTEX_POINT ( 'NONE', #2741 ) ;
#2704 = VERTEX_POINT ( 'NONE', #1828 ) ;
#2705 = LINE ( 'NONE', #585, #660 ) ;
#2706 = EDGE_CURVE ( 'NONE', #2214, #1177, #2519, .T. ) ;
#2707 = PLANE ( 'NONE',  #1520 ) ;
#2708 = CARTESIAN_POINT ( 'NONE',  ( 358.9923023093071492, -275.2274317704688542, 375.0000000000000000 ) ) ;
#2709 = DIRECTION ( 'NONE',  ( -0.000000000000000000, -0.000000000000000000, 1.000000000000000000 ) ) ;
#2710 = EDGE_CURVE ( 'NONE', #1529, #2142, #2292, .T. ) ;
#2711 = ORIENTED_EDGE ( 'NONE', *, *, #21, .F. ) ;
#2712 = PLANE ( 'NONE',  #2422 ) ;
#2713 = ORIENTED_EDGE ( 'NONE', *, *, #1902, .T. ) ;
#2714 = EDGE_CURVE ( 'NONE', #231, #584, #386, .T. ) ;
#2715 = DIRECTION ( 'NONE',  ( -0.6427876096865433597, -0.7660444431189745718, 0.000000000000000000 ) ) ;
#2716 = ORIENTED_EDGE ( 'NONE', *, *, #1785, .F. ) ;
#2717 = EDGE_LOOP ( 'NONE', ( #1267, #2156, #2912, #167 ) ) ;
#2718 = ORIENTED_EDGE ( 'NONE', *, *, #1221, .F. ) ;
#2719 = LINE ( 'NONE', #1803, #1100 ) ;
#2720 = DIRECTION ( 'NONE',  ( 1.000000000000000000, 0.000000000000000000, -0.000000000000000000 ) ) ;
#2721 = ORIENTED_EDGE ( 'NONE', *, *, #1360, .T. ) ;
#2722 = CARTESIAN_POINT ( 'NONE',  ( 72.54293980311344114, 30.00000000000000000, 352.5000000000000000 ) ) ;
#2723 = PLANE ( 'NONE',  #2032 ) ;
#2724 = FACE_OUTER_BOUND ( 'NONE', #2857, .T. ) ;
#2725 = AXIS2_PLACEMENT_3D ( 'NONE', #1904, #2860, #737 ) ;
#2726 = VERTEX_POINT ( 'NONE', #2267 ) ;
#2727 = DIRECTION ( 'NONE',  ( -0.6427876096865433597, -0.7660444431189745718, 0.000000000000000000 ) ) ;
#2728 = CIRCLE ( 'NONE', #1775, 30.00000000000002842 ) ;
#2729 = AXIS2_PLACEMENT_3D ( 'NONE', #1898, #1618, #220 ) ;
#2730 = CIRCLE ( 'NONE', #1394, 69.99999999999984368 ) ;
#2731 = EDGE_CURVE ( 'NONE', #1649, #1389, #165, .T. ) ;
#2732 = CARTESIAN_POINT ( 'NONE',  ( 72.54293980311344114, 14.89653965080597153, 375.0000000000000000 ) ) ;
#2733 = ORIENTED_EDGE ( 'NONE', *, *, #1837, .F. ) ;
#2734 = AXIS2_PLACEMENT_3D ( 'NONE', #2940, #1749, #716 ) ;
#2735 = ORIENTED_EDGE ( 'NONE', *, *, #1036, .T. ) ;
#2736 = DIRECTION ( 'NONE',  ( -0.08777125217035473825, 0.9961406563796338931, -0.000000000000000000 ) ) ;
#2737 = ADVANCED_FACE ( 'NONE', ( #878 ), #928, .T. ) ;
#2738 = DIRECTION ( 'NONE',  ( 0.000000000000000000, 0.000000000000000000, 1.000000000000000000 ) ) ;
#2739 = ORIENTED_EDGE ( 'NONE', *, *, #120, .T. ) ;
#2740 = LINE ( 'NONE', #819, #1269 ) ;
#2741 = CARTESIAN_POINT ( 'NONE',  ( 72.54293980311344114, 30.00000000000000000, 127.5000000000000000 ) ) ;
#2742 = CARTESIAN_POINT ( 'NONE',  ( 72.54293980311344114, 30.00000000000000000, 32.50000000000000000 ) ) ;
#2743 = DIRECTION ( 'NONE',  ( 0.7660444431189746828, -0.6427876096865434707, 0.000000000000000000 ) ) ;
#2744 = EDGE_CURVE ( 'NONE', #695, #1997, #496, .T. ) ;
#2745 = ORIENTED_EDGE ( 'NONE', *, *, #591, .T. ) ;
#2746 = LINE ( 'NONE', #2275, #1187 ) ;
#2747 = FACE_OUTER_BOUND ( 'NONE', #494, .T. ) ;
#2748 = ORIENTED_EDGE ( 'NONE', *, *, #3051, .T. ) ;
#2749 = ORIENTED_EDGE ( 'NONE', *, *, #1551, .F. ) ;
#2750 = CARTESIAN_POINT ( 'NONE',  ( 60.04325887630427871, 0.000000000000000000, -32.49999999999997158 ) ) ;
#2751 = DIRECTION ( 'NONE',  ( -0.9781476007338055778, -0.2079116908177596201, -0.000000000000000000 ) ) ;
#2752 = EDGE_CURVE ( 'NONE', #274, #1427, #2531, .T. ) ;
#2753 = ORIENTED_EDGE ( 'NONE', *, *, #1488, .F. ) ;
#2754 = FACE_OUTER_BOUND ( 'NONE', #1038, .T. ) ;
#2755 = DIRECTION ( 'NONE',  ( -1.000000000000000000, 0.000000000000000000, 0.000000000000000000 ) ) ;
#2756 = CARTESIAN_POINT ( 'NONE',  ( -77.39273981545696302, -2.500000000000028866, 352.5000000000000000 ) ) ;
#2757 = DIRECTION ( 'NONE',  ( -1.000000000000000000, -4.625929269271489858E-16, 0.000000000000000000 ) ) ;
#2758 = ADVANCED_FACE ( 'NONE', ( #1846 ), #741, .T. ) ;
#2759 = DIRECTION ( 'NONE',  ( -0.000000000000000000, 0.000000000000000000, 1.000000000000000000 ) ) ;
#2760 = DIRECTION ( 'NONE',  ( -1.000000000000000000, 0.000000000000000000, 0.000000000000000000 ) ) ;
#2761 = ORIENTED_EDGE ( 'NONE', *, *, #2141, .F. ) ;
#2762 = ORIENTED_EDGE ( 'NONE', *, *, #1037, .T. ) ;
#2763 = DIRECTION ( 'NONE',  ( -0.000000000000000000, -0.000000000000000000, 1.000000000000000000 ) ) ;
#2764 = CARTESIAN_POINT ( 'NONE',  ( 60.04325887630427871, 0.000000000000000000, -375.0000000000000000 ) ) ;
#2765 = EDGE_LOOP ( 'NONE', ( #1500, #159 ) ) ;
#2766 = LINE ( 'NONE', #847, #2977 ) ;
#2767 = CARTESIAN_POINT ( 'NONE',  ( -77.39273981545696302, -2.500000000000028866, -352.5000000000000568 ) ) ;
#2768 = VECTOR ( 'NONE', #1504, 1000.000000000000000 ) ;
#2769 = ORIENTED_EDGE ( 'NONE', *, *, #238, .T. ) ;
#2770 = VECTOR ( 'NONE', #978, 1000.000000000000000 ) ;
#2771 = FACE_OUTER_BOUND ( 'NONE', #1935, .T. ) ;
#2772 = EDGE_CURVE ( 'NONE', #110, #2100, #2107, .T. ) ;
#2773 = CIRCLE ( 'NONE', #2826, 199.9999999999999432 ) ;
#2774 = FACE_OUTER_BOUND ( 'NONE', #2853, .T. ) ;
#2775 = VECTOR ( 'NONE', #2680, 1000.000000000000000 ) ;
#2776 = CARTESIAN_POINT ( 'NONE',  ( -77.39273981545696302, 2.499999999999971578, -32.50000000000000000 ) ) ;
#2777 = CARTESIAN_POINT ( 'NONE',  ( 495.0432588763023887, 753.4421012924627803, 132.5000000000000000 ) ) ;
#2778 = VERTEX_POINT ( 'NONE', #1668 ) ;
#2779 = ORIENTED_EDGE ( 'NONE', *, *, #420, .T. ) ;
#2780 = VECTOR ( 'NONE', #399, 1000.000000000000114 ) ;
#2781 = VECTOR ( 'NONE', #1119, 1000.000000000000000 ) ;
#2782 = LINE ( 'NONE', #666, #2589 ) ;
#2783 = DATE_TIME_ROLE ( 'creation_date' ) ;
#2784 =( GEOMETRIC_REPRESENTATION_CONTEXT ( 3 ) GLOBAL_UNCERTAINTY_ASSIGNED_CONTEXT ( ( #1391 ) ) GLOBAL_UNIT_ASSIGNED_CONTEXT ( ( #2489, #1109, #1565 ) ) REPRESENTATION_CONTEXT ( 'NONE', 'WORKASPACE' ) );
#2785 = AXIS2_PLACEMENT_3D ( 'NONE', #2166, #2152, #1242 ) ;
#2786 = ORIENTED_EDGE ( 'NONE', *, *, #1462, .F. ) ;
#2787 = CARTESIAN_POINT ( 'NONE',  ( 719.6658009126481375, 740.6926473863752562, -132.5000000000000000 ) ) ;
#2788 = FACE_OUTER_BOUND ( 'NONE', #1494, .T. ) ;
#2789 = CARTESIAN_POINT ( 'NONE',  ( 495.0432588763023887, 753.4421012924627803, -147.5000000000000284 ) ) ;
#2790 = DIRECTION ( 'NONE',  ( 1.000000000000000000, 0.000000000000000000, 0.000000000000000000 ) ) ;
#2791 = EDGE_CURVE ( 'NONE', #1841, #2289, #1633, .T. ) ;
#2792 = ORIENTED_EDGE ( 'NONE', *, *, #280, .T. ) ;
#2793 = FACE_OUTER_BOUND ( 'NONE', #436, .T. ) ;
#2794 = CARTESIAN_POINT ( 'NONE',  ( 658.9404067749652540, 648.6763040780858773, 375.0000000000000000 ) ) ;
#2795 = PLANE ( 'NONE',  #1276 ) ;
#2796 = DIRECTION ( 'NONE',  ( 0.6427876096865433597, 0.7660444431189745718, 0.000000000000000000 ) ) ;
#2797 = EDGE_LOOP ( 'NONE', ( #61, #1084 ) ) ;
#2798 = VERTEX_POINT ( 'NONE', #2554 ) ;
#2799 = FACE_OUTER_BOUND ( 'NONE', #72, .T. ) ;
#2800 = VERTEX_POINT ( 'NONE', #2586 ) ;
#2801 = PLANE ( 'NONE',  #1918 ) ;
#2802 = EDGE_CURVE ( 'NONE', #2700, #2619, #3, .T. ) ;
#2803 = DIRECTION ( 'NONE',  ( 1.000000000000000000, 0.000000000000000000, 0.000000000000000000 ) ) ;
#2804 = CARTESIAN_POINT ( 'NONE',  ( 711.9094155032546496, 1000.576926413370188, -132.5000000000000000 ) ) ;
#2805 = CARTESIAN_POINT ( 'NONE',  ( -63.15002205905845045, 553.2596869489962046, 360.0000000000000000 ) ) ;
#2806 = CARTESIAN_POINT ( 'NONE',  ( 72.54293980311344114, 30.00000000000000000, -127.5000000000000000 ) ) ;
#2807 = LINE ( 'NONE', #2571, #406 ) ;
#2808 = CARTESIAN_POINT ( 'NONE',  ( 0.000000000000000000, 0.000000000000000000, 127.5000000000000000 ) ) ;
#2809 = DIRECTION ( 'NONE',  ( -0.000000000000000000, -0.000000000000000000, -1.000000000000000000 ) ) ;
#2810 = PLANE ( 'NONE',  #2872 ) ;
#2811 = VERTEX_POINT ( 'NONE', #1405 ) ;
#2812 = VERTEX_POINT ( 'NONE', #437 ) ;
#2813 = APPROVAL_ROLE ( '' ) ;
#2814 = ORIENTED_EDGE ( 'NONE', *, *, #693, .T. ) ;
#2815 = DIRECTION ( 'NONE',  ( -1.000000000000000000, 0.000000000000000000, 0.000000000000000000 ) ) ;
#2816 = DIRECTION ( 'NONE',  ( -0.000000000000000000, -0.000000000000000000, -1.000000000000000000 ) ) ;
#2817 = CARTESIAN_POINT ( 'NONE',  ( 60.04325887630427871, 0.000000000000000000, 375.0000000000000000 ) ) ;
#2818 = AXIS2_PLACEMENT_3D ( 'NONE', #537, #2382, #1470 ) ;
#2819 = ORIENTED_EDGE ( 'NONE', *, *, #1956, .F. ) ;
#2820 = CARTESIAN_POINT ( 'NONE',  ( 72.54293980311344114, 30.00000000000000000, 352.5000000000000000 ) ) ;
#2821 = DIRECTION ( 'NONE',  ( 0.2358829884091472318, 0.9717814650317067038, 0.000000000000000000 ) ) ;
#2822 = VECTOR ( 'NONE', #96, 1000.000000000000000 ) ;
#2823 = DIRECTION ( 'NONE',  ( -0.000000000000000000, -0.000000000000000000, 1.000000000000000000 ) ) ;
#2824 = VECTOR ( 'NONE', #1067, 1000.000000000000000 ) ;
#2825 = CARTESIAN_POINT ( 'NONE',  ( 731.7947010035277344, 671.7514421272165919, -374.9999999999999432 ) ) ;
#2826 = AXIS2_PLACEMENT_3D ( 'NONE', #624, #898, #1130 ) ;
#2827 = ADVANCED_FACE ( 'NONE', ( #1385 ), #942, .F. ) ;
#2828 = ORIENTED_EDGE ( 'NONE', *, *, #186, .F. ) ;
#2829 = VERTEX_POINT ( 'NONE', #1158 ) ;
#2830 = EDGE_CURVE ( 'NONE', #2590, #1811, #1094, .T. ) ;
#2831 = DIRECTION ( 'NONE',  ( 1.000000000000000000, 1.804112415015879773E-15, 0.000000000000000000 ) ) ;
#2832 = AXIS2_PLACEMENT_3D ( 'NONE', #849, #3015, #637 ) ;
#2833 = ADVANCED_FACE ( 'NONE', ( #2355 ), #2603, .F. ) ;
#2834 = PERSON_AND_ORGANIZATION ( #2065, #802 ) ;
#2835 = VECTOR ( 'NONE', #198, 1000.000000000000000 ) ;
#2836 = VECTOR ( 'NONE', #1051, 1000.000000000000000 ) ;
#2837 = VERTEX_POINT ( 'NONE', #2855 ) ;
#2838 = LINE ( 'NONE', #1124, #2670 ) ;
#2839 = LOCAL_TIME ( 14, 14, 0.000000000000000000, #2285 ) ;
#2840 = DIRECTION ( 'NONE',  ( 1.000000000000000000, 0.000000000000000000, -0.000000000000000000 ) ) ;
#2841 = LINE ( 'NONE', #2605, #994 ) ;
#2842 = VECTOR ( 'NONE', #429, 1000.000000000000000 ) ;
#2843 = AXIS2_PLACEMENT_3D ( 'NONE', #1615, #937, #2332 ) ;
#2844 = EDGE_CURVE ( 'NONE', #2959, #2837, #101, .T. ) ;
#2845 = LINE ( 'NONE', #253, #1336 ) ;
#2846 = CARTESIAN_POINT ( 'NONE',  ( 731.7947010035277344, 671.7514421272165919, 100.0000000000000000 ) ) ;
#2847 = ADVANCED_FACE ( 'NONE', ( #1419 ), #2365, .F. ) ;
#2848 = DIRECTION ( 'NONE',  ( -0.9835928335641609399, -0.1804027099608671025, 0.000000000000000000 ) ) ;
#2849 = DIRECTION ( 'NONE',  ( 0.000000000000000000, 0.000000000000000000, 1.000000000000000000 ) ) ;
#2850 = ORIENTED_EDGE ( 'NONE', *, *, #2802, .F. ) ;
#2851 = ORIENTED_EDGE ( 'NONE', *, *, #2302, .T. ) ;
#2852 = DIRECTION ( 'NONE',  ( 0.9781476007338069101, 0.2079116908177529588, 0.000000000000000000 ) ) ;
#2853 = EDGE_LOOP ( 'NONE', ( #1794, #827, #2129, #2516 ) ) ;
#2854 = EDGE_CURVE ( 'NONE', #74, #2374, #249, .T. ) ;
#2855 = CARTESIAN_POINT ( 'NONE',  ( 281.5699773444789571, 264.0052625900503926, -375.0000000000000000 ) ) ;
#2856 = CARTESIAN_POINT ( 'NONE',  ( 801.7947010035276207, 671.7514421272165919, -132.5000000000000000 ) ) ;
#2857 = EDGE_LOOP ( 'NONE', ( #59, #792, #2922, #1844 ) ) ;
#2858 = EDGE_CURVE ( 'NONE', #1053, #2214, #732, .T. ) ;
#2859 = CARTESIAN_POINT ( 'NONE',  ( 72.54293980311344114, 30.00000000000000000, 32.50000000000000000 ) ) ;
#2860 = DIRECTION ( 'NONE',  ( -0.000000000000000000, -0.000000000000000000, 1.000000000000000000 ) ) ;
#2861 = ADVANCED_FACE ( 'NONE', ( #1141 ), #17, .F. ) ;
#2862 = EDGE_LOOP ( 'NONE', ( #2175, #2048, #1343, #1352 ) ) ;
#2863 = ADVANCED_FACE ( 'NONE', ( #685 ), #1468, .T. ) ;
#2864 = ORIENTED_EDGE ( 'NONE', *, *, #2772, .F. ) ;
#2865 = CARTESIAN_POINT ( 'NONE',  ( 520.6596121904279926, 100.0000000000000000, -375.0000000000000000 ) ) ;
#2866 = DIRECTION ( 'NONE',  ( 1.000000000000000000, 0.000000000000000000, 0.000000000000000000 ) ) ;
#2867 = DIRECTION ( 'NONE',  ( -0.000000000000000000, -0.000000000000000000, 1.000000000000000000 ) ) ;
#2868 = CIRCLE ( 'NONE', #696, 60.00000000000016342 ) ;
#2869 = DIRECTION ( 'NONE',  ( 0.000000000000000000, 0.000000000000000000, 1.000000000000000000 ) ) ;
#2870 = ADVANCED_FACE ( 'NONE', ( #2421 ), #1237, .F. ) ;
#2871 = ORIENTED_EDGE ( 'NONE', *, *, #765, .T. ) ;
#2872 = AXIS2_PLACEMENT_3D ( 'NONE', #2099, #2046, #412 ) ;
#2873 = VERTEX_POINT ( 'NONE', #1220 ) ;
#2874 = VERTEX_POINT ( 'NONE', #2674 ) ;
#2875 = VECTOR ( 'NONE', #968, 1000.000000000000000 ) ;
#2876 = DIRECTION ( 'NONE',  ( -0.000000000000000000, -0.000000000000000000, 1.000000000000000000 ) ) ;
#2877 = CARTESIAN_POINT ( 'NONE',  ( 660.8802517721845788, 162.3493558837002411, 360.0000000000000000 ) ) ;
#2878 = LINE ( 'NONE', #2936, #1226 ) ;
#2879 = AXIS2_PLACEMENT_3D ( 'NONE', #78, #2927, #575 ) ;
#2880 = LINE ( 'NONE', #760, #287 ) ;
#2881 = AXIS2_PLACEMENT_3D ( 'NONE', #1936, #771, #1011 ) ;
#2882 = VECTOR ( 'NONE', #1660, 1000.000000000000000 ) ;
#2883 = CARTESIAN_POINT ( 'NONE',  ( 608.3759481964208362, 693.3649618864933473, 360.0000000000000000 ) ) ;
#2884 = EDGE_CURVE ( 'NONE', #2248, #2590, #1985, .T. ) ;
#2885 = CARTESIAN_POINT ( 'NONE',  ( -77.39273981545696302, 2.499999999999971578, 192.5000000000000000 ) ) ;
#2886 = CARTESIAN_POINT ( 'NONE',  ( -77.39273981545696302, -2.500000000000028866, -287.5000000000000568 ) ) ;
#2887 = VECTOR ( 'NONE', #2622, 1000.000000000000000 ) ;
#2888 = EDGE_CURVE ( 'NONE', #470, #3043, #299, .T. ) ;
#2889 = CARTESIAN_POINT ( 'NONE',  ( 60.04325887630427871, 0.000000000000000000, 375.0000000000000000 ) ) ;
#2890 = ORIENTED_EDGE ( 'NONE', *, *, #354, .F. ) ;
#2891 = ORIENTED_EDGE ( 'NONE', *, *, #2409, .T. ) ;
#2892 = ORIENTED_EDGE ( 'NONE', *, *, #2942, .F. ) ;
#2893 = DIRECTION ( 'NONE',  ( -0.000000000000000000, 0.000000000000000000, -1.000000000000000000 ) ) ;
#2895 = ADVANCED_FACE ( 'NONE', ( #570 ), #1502, .T. ) ;
#2894 = DIRECTION ( 'NONE',  ( -0.08777125217035473825, 0.9961406563796338931, -0.000000000000000000 ) ) ;
#2896 = DIRECTION ( 'NONE',  ( -0.000000000000000000, 0.000000000000000000, -1.000000000000000000 ) ) ;
#2897 = LINE ( 'NONE', #63, #997 ) ;
#2898 = DIRECTION ( 'NONE',  ( -0.000000000000000000, -0.000000000000000000, -1.000000000000000000 ) ) ;
#2899 = ORIENTED_EDGE ( 'NONE', *, *, #2666, .F. ) ;
#2900 = DIRECTION ( 'NONE',  ( -1.000000000000000000, 0.000000000000000000, 0.000000000000000000 ) ) ;
#2901 = ORIENTED_EDGE ( 'NONE', *, *, #1433, .T. ) ;
#2902 = CARTESIAN_POINT ( 'NONE',  ( 731.7947010035277344, 671.7514421272165919, -100.0000000000000000 ) ) ;
#2903 = VERTEX_POINT ( 'NONE', #524 ) ;
#2904 = ORIENTED_EDGE ( 'NONE', *, *, #2271, .F. ) ;
#2905 = CARTESIAN_POINT ( 'NONE',  ( 374.1516372052100223, 447.1123421648817953, -375.0000000000000000 ) ) ;
#2906 = CARTESIAN_POINT ( 'NONE',  ( 731.7947010035277344, 671.7514421272165919, 132.5000000000000000 ) ) ;
#2907 = DIRECTION ( 'NONE',  ( -0.000000000000000000, -0.000000000000000000, 1.000000000000000000 ) ) ;
#2908 = CARTESIAN_POINT ( 'NONE',  ( 495.0432588763023887, 753.4421012924627803, 132.5000000000000000 ) ) ;
#2909 = CYLINDRICAL_SURFACE ( 'NONE', #797, 30.00000000000002842 ) ;
#2910 = EDGE_LOOP ( 'NONE', ( #832, #1894, #626, #2513 ) ) ;
#2911 = CARTESIAN_POINT ( 'NONE',  ( 431.0498114686741360, 655.6731279694151908, -360.0000000000000000 ) ) ;
#2912 = ORIENTED_EDGE ( 'NONE', *, *, #1312, .F. ) ;
#2913 = CARTESIAN_POINT ( 'NONE',  ( 719.6658009126481375, 740.6926473863752562, 132.5000000000000000 ) ) ;
#2914 = EDGE_CURVE ( 'NONE', #2629, #102, #2169, .T. ) ;
#2915 = EDGE_CURVE ( 'NONE', #1860, #840, #2648, .T. ) ;
#2916 = ORIENTED_EDGE ( 'NONE', *, *, #1503, .F. ) ;
#2917 = EDGE_LOOP ( 'NONE', ( #1514, #2301, #1699, #888 ) ) ;
#2918 = EDGE_CURVE ( 'NONE', #2373, #1284, #304, .T. ) ;
#2919 = VECTOR ( 'NONE', #1880, 999.9999999999998863 ) ;
#2920 = DIRECTION ( 'NONE',  ( -0.000000000000000000, -0.000000000000000000, 1.000000000000000000 ) ) ;
#2921 = VECTOR ( 'NONE', #2623, 1000.000000000000000 ) ;
#2922 = ORIENTED_EDGE ( 'NONE', *, *, #1258, .F. ) ;
#2923 = CARTESIAN_POINT ( 'NONE',  ( 566.2391349644898355, 611.1733148009585648, 375.0000000000000000 ) ) ;
#2924 = DIRECTION ( 'NONE',  ( 0.000000000000000000, 0.000000000000000000, 1.000000000000000000 ) ) ;
#2925 = DIRECTION ( 'NONE',  ( -0.000000000000000000, -0.000000000000000000, -1.000000000000000000 ) ) ;
#2926 = CIRCLE ( 'NONE', #45, 100.0000000000000853 ) ;
#2927 = DIRECTION ( 'NONE',  ( -0.000000000000000000, -0.000000000000000000, -1.000000000000000000 ) ) ;
#2928 = VECTOR ( 'NONE', #29, 1000.000000000000114 ) ;
#2929 = ORIENTED_EDGE ( 'NONE', *, *, #2187, .T. ) ;
#2930 = CIRCLE ( 'NONE', #950, 30.00000000000002842 ) ;
#2931 = AXIS2_PLACEMENT_3D ( 'NONE', #1734, #514, #2690 ) ;
#2932 = AXIS2_PLACEMENT_3D ( 'NONE', #194, #2351, #1650 ) ;
#2933 = CARTESIAN_POINT ( 'NONE',  ( 72.54293980311345535, 14.89653965080599995, -352.5000000000000568 ) ) ;
#2934 = ORIENTED_EDGE ( 'NONE', *, *, #2500, .F. ) ;
#2935 = EDGE_CURVE ( 'NONE', #872, #3070, #2407, .T. ) ;
#2936 = CARTESIAN_POINT ( 'NONE',  ( 72.54293980311344114, 30.00000000000000000, -127.5000000000000000 ) ) ;
#2937 = DIRECTION ( 'NONE',  ( 1.000000000000000000, 0.000000000000000000, 0.000000000000000000 ) ) ;
#2938 = ORIENTED_EDGE ( 'NONE', *, *, #1805, .F. ) ;
#2939 = VERTEX_POINT ( 'NONE', #2941 ) ;
#2940 = CARTESIAN_POINT ( 'NONE',  ( 495.0432588763023887, 753.4421012924627803, -374.9999999999999432 ) ) ;
#2941 = CARTESIAN_POINT ( 'NONE',  ( 72.54293980311345535, -29.99999999999997513, -192.5000000000000000 ) ) ;
#2942 = EDGE_CURVE ( 'NONE', #2109, #507, #60, .T. ) ;
#2943 = DIRECTION ( 'NONE',  ( 1.000000000000000000, 0.000000000000000000, -0.000000000000000000 ) ) ;
#2944 = DIRECTION ( 'NONE',  ( 1.000000000000000000, 0.000000000000000000, 0.000000000000000000 ) ) ;
#2945 = LINE ( 'NONE', #309, #2029 ) ;
#2946 = EDGE_LOOP ( 'NONE', ( #2320, #1958, #180, #806 ) ) ;
#2947 = EDGE_CURVE ( 'NONE', #2903, #1010, #1044, .T. ) ;
#2948 = CARTESIAN_POINT ( 'NONE',  ( 608.3759481964208362, 693.3649618864933473, 360.0000000000000000 ) ) ;
#2949 = VERTEX_POINT ( 'NONE', #2441 ) ;
#2950 = DIRECTION ( 'NONE',  ( -0.000000000000000000, 1.000000000000000000, -0.000000000000000000 ) ) ;
#2951 = ORIENTED_EDGE ( 'NONE', *, *, #2952, .T. ) ;
#2952 = EDGE_CURVE ( 'NONE', #110, #2115, #2394, .T. ) ;
#2953 = VERTEX_POINT ( 'NONE', #983 ) ;
#2954 = ORIENTED_EDGE ( 'NONE', *, *, #765, .F. ) ;
#2955 = CYLINDRICAL_SURFACE ( 'NONE', #2342, 99.99999999999992895 ) ;
#2956 = CARTESIAN_POINT ( 'NONE',  ( 0.000000000000000000, 0.000000000000000000, 192.5000000000000000 ) ) ;
#2957 = CARTESIAN_POINT ( 'NONE',  ( -120.6074876424964799, 567.4136177914576820, 147.5000000000000284 ) ) ;
#2958 = LINE ( 'NONE', #1063, #359 ) ;
#2959 = VERTEX_POINT ( 'NONE', #2905 ) ;
#2960 = EDGE_CURVE ( 'NONE', #2873, #336, #1703, .T. ) ;
#2961 = DIRECTION ( 'NONE',  ( 0.000000000000000000, 0.000000000000000000, 1.000000000000000000 ) ) ;
#2962 = FACE_OUTER_BOUND ( 'NONE', #563, .T. ) ;
#2963 = ORIENTED_EDGE ( 'NONE', *, *, #143, .F. ) ;
#2964 = CARTESIAN_POINT ( 'NONE',  ( 60.04325887630427871, 0.000000000000000000, -192.5000000000000000 ) ) ;
#2965 = ORIENTED_EDGE ( 'NONE', *, *, #10, .T. ) ;
#2966 = ORIENTED_EDGE ( 'NONE', *, *, #1853, .F. ) ;
#2967 = CIRCLE ( 'NONE', #292, 60.00000000000016342 ) ;
#2968 = CARTESIAN_POINT ( 'NONE',  ( 495.0432588763023887, 753.4421012924627803, 147.5000000000000284 ) ) ;
#2969 = EDGE_CURVE ( 'NONE', #1110, #1916, #211, .T. ) ;
#2970 = FACE_OUTER_BOUND ( 'NONE', #2686, .T. ) ;
#2971 = CARTESIAN_POINT ( 'NONE',  ( 671.7947010035275071, 671.7514421272165919, -132.5000000000000000 ) ) ;
#2972 = VERTEX_POINT ( 'NONE', #1024 ) ;
#2973 = VECTOR ( 'NONE', #2727, 1000.000000000000114 ) ;
#2974 = DIRECTION ( 'NONE',  ( -1.000000000000000000, 0.000000000000000000, 0.000000000000000000 ) ) ;
#2975 = VECTOR ( 'NONE', #1244, 1000.000000000000000 ) ;
#2976 = EDGE_CURVE ( 'NONE', #2438, #110, #850, .T. ) ;
#2977 = VECTOR ( 'NONE', #1338, 1000.000000000000000 ) ;
#2978 = VECTOR ( 'NONE', #768, 1000.000000000000114 ) ;
#2979 = PLANE ( 'NONE',  #1976 ) ;
#2980 = EDGE_LOOP ( 'NONE', ( #1501, #1364 ) ) ;
#2981 = VECTOR ( 'NONE', #184, 1000.000000000000000 ) ;
#2982 = ORIENTED_EDGE ( 'NONE', *, *, #1521, .F. ) ;
#2983 = FACE_OUTER_BOUND ( 'NONE', #2910, .T. ) ;
#2984 = CIRCLE ( 'NONE', #1647, 69.99999999999995737 ) ;
#2985 = CARTESIAN_POINT ( 'NONE',  ( 431.0498114686741360, 655.6731279694151908, 360.0000000000000000 ) ) ;
#2986 = ORIENTED_EDGE ( 'NONE', *, *, #2067, .F. ) ;
#2987 = CARTESIAN_POINT ( 'NONE',  ( 72.54293980311344114, 0.000000000000000000, 192.5000000000000000 ) ) ;
#2988 = DIRECTION ( 'NONE',  ( -0.000000000000000000, 0.000000000000000000, -1.000000000000000000 ) ) ;
#2989 = CARTESIAN_POINT ( 'NONE',  ( 72.62975334396362825, 15.00000000000001421, 360.0000000000000000 ) ) ;
#2990 = EDGE_CURVE ( 'NONE', #1743, #2874, #2387, .T. ) ;
#2991 = CARTESIAN_POINT ( 'NONE',  ( 72.54293980311344114, 0.000000000000000000, 352.5000000000000000 ) ) ;
#2992 = DIRECTION ( 'NONE',  ( -0.000000000000000000, -0.000000000000000000, 1.000000000000000000 ) ) ;
#2993 = PLANE ( 'NONE',  #2341 ) ;
#2994 = ORIENTED_EDGE ( 'NONE', *, *, #579, .T. ) ;
#2995 = ORIENTED_EDGE ( 'NONE', *, *, #1404, .F. ) ;
#2996 = LINE ( 'NONE', #873, #411 ) ;
#2997 = ORIENTED_EDGE ( 'NONE', *, *, #1831, .F. ) ;
#2998 = CARTESIAN_POINT ( 'NONE',  ( -77.39273981545696302, -2.500000000000028866, 32.50000000000000000 ) ) ;
#2999 = CARTESIAN_POINT ( 'NONE',  ( 250.8434527926973203, -60.88786974927510443, -360.0000000000000000 ) ) ;
#3000 = CARTESIAN_POINT ( 'NONE',  ( 60.04325887630427871, 0.000000000000000000, -127.4999999999999432 ) ) ;
#3001 = ORIENTED_EDGE ( 'NONE', *, *, #2615, .F. ) ;
#3002 = CARTESIAN_POINT ( 'NONE',  ( 525.0432588763023887, 753.4421012924627803, -132.5000000000000000 ) ) ;
#3003 = LINE ( 'NONE', #477, #154 ) ;
#3004 = CARTESIAN_POINT ( 'NONE',  ( 465.0432588763023318, 753.4421012924627803, -147.5000000000000284 ) ) ;
#3005 = DIRECTION ( 'NONE',  ( -0.000000000000000000, -0.000000000000000000, 1.000000000000000000 ) ) ;
#3006 = VERTEX_POINT ( 'NONE', #275 ) ;
#3007 = VERTEX_POINT ( 'NONE', #1209 ) ;
#3008 = EDGE_CURVE ( 'NONE', #479, #1478, #861, .T. ) ;
#3009 = EDGE_CURVE ( 'NONE', #1626, #1427, #1793, .T. ) ;
#3010 = VECTOR ( 'NONE', #1240, 1000.000000000000000 ) ;
#3011 = EDGE_CURVE ( 'NONE', #1373, #2629, #874, .T. ) ;
#3012 = ORIENTED_EDGE ( 'NONE', *, *, #305, .T. ) ;
#3013 = LINE ( 'NONE', #1305, #1583 ) ;
#3014 = DIRECTION ( 'NONE',  ( -1.000000000000000000, 0.000000000000000000, 0.000000000000000000 ) ) ;
#3015 = DIRECTION ( 'NONE',  ( -0.000000000000000000, -0.000000000000000000, -1.000000000000000000 ) ) ;
#3016 = DIRECTION ( 'NONE',  ( -4.625929269271489858E-16, 1.000000000000000000, -0.000000000000000000 ) ) ;
#3017 = FACE_OUTER_BOUND ( 'NONE', #592, .T. ) ;
#3018 = AXIS2_PLACEMENT_3D ( 'NONE', #2846, #2121, #1887 ) ;
#3019 = CARTESIAN_POINT ( 'NONE',  ( 72.54293980311344114, 30.00000000000000000, 352.5000000000000000 ) ) ;
#3020 = FACE_OUTER_BOUND ( 'NONE', #2672, .T. ) ;
#3021 = DIRECTION ( 'NONE',  ( -0.6427876096865433597, -0.7660444431189745718, 0.000000000000000000 ) ) ;
#3022 = ORIENTED_EDGE ( 'NONE', *, *, #2309, .F. ) ;
#3023 = ADVANCED_FACE ( 'NONE', ( #816 ), #2066, .T. ) ;
#3024 = VERTEX_POINT ( 'NONE', #179 ) ;
#3025 = VECTOR ( 'NONE', #804, 1000.000000000000000 ) ;
#3026 = ORIENTED_EDGE ( 'NONE', *, *, #12, .F. ) ;
#3027 = CIRCLE ( 'NONE', #2137, 69.99999999999995737 ) ;
#3028 = CARTESIAN_POINT ( 'NONE',  ( 72.54293980311344114, 30.00000000000000000, 352.5000000000000000 ) ) ;
#3029 = CALENDAR_DATE ( 2026, 17, 8 ) ;
#3030 = VECTOR ( 'NONE', #2056, 1000.000000000000000 ) ;
#3031 = ORIENTED_EDGE ( 'NONE', *, *, #2915, .T. ) ;
#3032 = LINE ( 'NONE', #684, #1813 ) ;
#3033 = CARTESIAN_POINT ( 'NONE',  ( 731.7947010035277344, 671.7514421272165919, -374.9999999999999432 ) ) ;
#3034 = LINE ( 'NONE', #453, #1782 ) ;
#3035 = LINE ( 'NONE', #133, #508 ) ;
#3036 = VERTEX_POINT ( 'NONE', #2534 ) ;
#3037 = DIRECTION ( 'NONE',  ( -0.9270127181047534970, -0.3750298927712786834, 0.000000000000000000 ) ) ;
#3038 = LINE ( 'NONE', #932, #2179 ) ;
#3039 = DIRECTION ( 'NONE',  ( -0.000000000000000000, -0.000000000000000000, -1.000000000000000000 ) ) ;
#3040 = ORIENTED_EDGE ( 'NONE', *, *, #642, .F. ) ;
#3041 = VERTEX_POINT ( 'NONE', #2764 ) ;
#3042 = DIRECTION ( 'NONE',  ( -1.000000000000000000, 0.000000000000000000, 0.000000000000000000 ) ) ;
#3043 = VERTEX_POINT ( 'NONE', #417 ) ;
#3044 = PLANE ( 'NONE',  #87 ) ;
#3045 = DIRECTION ( 'NONE',  ( 1.000000000000000000, 0.000000000000000000, 0.000000000000000000 ) ) ;
#3046 = DIRECTION ( 'NONE',  ( 0.1804027099608666029, 0.9835928335641610509, -0.000000000000000000 ) ) ;
#3047 = EDGE_LOOP ( 'NONE', ( #2255, #432, #2124, #111 ) ) ;
#3048 = EDGE_CURVE ( 'NONE', #2578, #3070, #2012, .T. ) ;
#3049 = DIRECTION ( 'NONE',  ( -1.000000000000000000, 0.000000000000000000, 0.000000000000000000 ) ) ;
#3050 = EDGE_CURVE ( 'NONE', #1930, #450, #2262, .T. ) ;
#3051 = EDGE_CURVE ( 'NONE', #694, #2319, #1351, .T. ) ;
#3052 = CARTESIAN_POINT ( 'NONE',  ( -77.39273981545696302, -2.500000000000028866, -287.5000000000000568 ) ) ;
#3053 = ORIENTED_EDGE ( 'NONE', *, *, #2058, .F. ) ;
#3054 = ORIENTED_EDGE ( 'NONE', *, *, #1868, .T. ) ;
#3055 = CYLINDRICAL_SURFACE ( 'NONE', #2487, 69.99999999999995737 ) ;
#3056 = ORIENTED_EDGE ( 'NONE', *, *, #1447, .F. ) ;
#3057 = LINE ( 'NONE', #940, #2919 ) ;
#3058 = CARTESIAN_POINT ( 'NONE',  ( -77.39273981545696302, -2.500000000000028866, -127.5000000000000000 ) ) ;
#3059 = CARTESIAN_POINT ( 'NONE',  ( 731.7947010035277344, 671.7514421272165919, 147.5000000000000284 ) ) ;
#3060 = EDGE_CURVE ( 'NONE', #1826, #2194, #2286, .T. ) ;
#3061 = ORIENTED_EDGE ( 'NONE', *, *, #1173, .F. ) ;
#3062 = CARTESIAN_POINT ( 'NONE',  ( 791.7947010035278481, 671.7514421272165919, -132.5000000000000000 ) ) ;
#3063 = CARTESIAN_POINT ( 'NONE',  ( 72.54293980311345535, -29.99999999999997513, -127.5000000000000000 ) ) ;
#3064 = LINE ( 'NONE', #502, #2921 ) ;
#3065 = DIRECTION ( 'NONE',  ( -0.000000000000000000, -0.000000000000000000, -1.000000000000000000 ) ) ;
#3066 = CARTESIAN_POINT ( 'NONE',  ( 415.1346384854873008, 334.4222867890144357, 360.0000000000000000 ) ) ;
#3067 = VECTOR ( 'NONE', #2193, 1000.000000000000000 ) ;
#3068 = EDGE_CURVE ( 'NONE', #2212, #2704, #2499, .T. ) ;
#3069 = ORIENTED_EDGE ( 'NONE', *, *, #448, .F. ) ;
#3070 = VERTEX_POINT ( 'NONE', #2985 ) ;
#3071 = CARTESIAN_POINT ( 'NONE',  ( -77.39273981545696302, -2.500000000000028866, -32.50000000000000000 ) ) ;
#3072 = AXIS2_PLACEMENT_3D ( 'NONE', #2132, #2408, #4 ) ;
#3073 = DATE_AND_TIME ( #2103, #2683 ) ;
#3074 = VECTOR ( 'NONE', #2055, 1000.000000000000114 ) ;
#3075 = VECTOR ( 'NONE', #2495, 1000.000000000000000 ) ;
ENDSEC;
END-ISO-10303-21;
