ISO-10303-21;
HEADER;
FILE_DESCRIPTION (( 'STEP AP203' ),
    '1' );
FILE_NAME ('Bucket_Housing_Default_sldprt.STEP',
    '2026-08-17T06:13:52',
    ( '' ),
    ( '' ),
    'SwSTEP 2.0',
    'SolidWorks 2026',
    '' );
FILE_SCHEMA (( 'CONFIG_CONTROL_DESIGN' ));
ENDSEC;

DATA;
#1 = ORIENTED_EDGE ( 'NONE', *, *, #892, .F. ) ;
#2 = CARTESIAN_POINT ( 'NONE',  ( -11.82399366319311440, -50.00000000000000000, -19.69498089237000471 ) ) ;
#3 = VECTOR ( 'NONE', #331, 1000.000000000000000 ) ;
#4 = CARTESIAN_POINT ( 'NONE',  ( -16.69066602533283117, -50.00000000000000711, -33.18186970736746844 ) ) ;
#5 = CARTESIAN_POINT ( 'NONE',  ( -16.39428952433856423, 50.00000000000002842, 31.46369312622888970 ) ) ;
#6 = VERTEX_POINT ( 'NONE', #171 ) ;
#7 = CARTESIAN_POINT ( 'NONE',  ( -87.00000000000000000, 0.000000000000000000, -52.50000000000000000 ) ) ;
#8 = EDGE_CURVE ( 'NONE', #1133, #822, #266, .T. ) ;
#9 = DIRECTION ( 'NONE',  ( 0.000000000000000000, 0.000000000000000000, 1.000000000000000000 ) ) ;
#10 = CARTESIAN_POINT ( 'NONE',  ( -16.69066602533282762, 50.00000000000000000, 33.18186970736745423 ) ) ;
#11 = DIRECTION ( 'NONE',  ( 1.000000000000000000, 0.000000000000000000, 0.000000000000000000 ) ) ;
#12 = VERTEX_POINT ( 'NONE', #1219 ) ;
#13 = CARTESIAN_POINT ( 'NONE',  ( -8.848353865957093944, -49.99999999999999289, -16.42784245258296849 ) ) ;
#14 = VECTOR ( 'NONE', #696, 1000.000000000000000 ) ;
#15 = CALENDAR_DATE ( 2026, 17, 8 ) ;
#16 = CARTESIAN_POINT ( 'NONE',  ( -9.829896666595359989, 49.99999999999999289, 17.30113840738879105 ) ) ;
#17 = DIRECTION ( 'NONE',  ( 0.000000000000000000, 0.000000000000000000, 1.000000000000000000 ) ) ;
#18 = ORIENTED_EDGE ( 'NONE', *, *, #574, .T. ) ;
#19 = CARTESIAN_POINT ( 'NONE',  ( -11.48399247165207804, -35.62172911043627010, 39.99999999999999289 ) ) ;
#20 = ADVANCED_FACE ( 'NONE', ( #413 ), #95, .F. ) ;
#21 = VECTOR ( 'NONE', #1257, 1000.000000000000000 ) ;
#22 = AXIS2_PLACEMENT_3D ( 'NONE', #268, #889, #60 ) ;
#23 = PLANE ( 'NONE',  #663 ) ;
#24 = CARTESIAN_POINT ( 'NONE',  ( -14.17966565088195807, -50.00000000000001421, -24.12732613474979715 ) ) ;
#25 = CYLINDRICAL_SURFACE ( 'NONE', #1318, 52.50000000000000000 ) ;
#26 = B_SPLINE_CURVE_WITH_KNOTS ( 'NONE', 3,
 ( #329, #650, #749, #656, #133, #859, #1266, #1165, #344, #1068, #686, #913, #66, #801, #174, #483, #704, #698, #286, #293, #1097, #1005, #786, #501, #1312, #395, #388, #805, #1087, #475, #179, #281, #576, #1105, #598, #882, #78, #189, #712, #1215, #1113, #1304 ),
 .UNSPECIFIED., .F., .F.,
 ( 4, 1, 1, 1, 1, 1, 1, 1, 2, 2, 1, 1, 1, 1, 1, 1, 2, 2, 1, 1, 1, 1, 1, 2, 2, 1, 1, 1, 1, 2, 2, 4 ),
 ( 0.000000000000000000, 0.06249999999998906430, 0.09374999999998367972, 0.1093749999999810985, 0.1171874999999797246, 0.1210937499999792250, 0.1230468749999789196, 0.1240234374999789335, 0.1245117187499789474, 0.1249999999999789613, 0.1874999999999709677, 0.2187499999999668876, 0.2343749999999648337, 0.2421874999999637790, 0.2460937499999633071, 0.2480468749999630018, 0.2490234374999628630, 0.2499999999999626965, 0.3749999999999651945, 0.4374999999999666933, 0.4687499999999674705, 0.4843749999999680811, 0.4921874999999685807, 0.4960937499999687472, 0.4999999999999690248, 0.6249999999999781286, 0.6874999999999829026, 0.7187499999999854561, 0.7343749999999867883, 0.7421874999999873435, 0.7499999999999880096, 1.000000000000000000 ),
 .UNSPECIFIED. ) ;
#27 = CARTESIAN_POINT ( 'NONE',  ( -17.00000000000000000, -50.00000000000000000, -16.00781059358210001 ) ) ;
#28 = CARTESIAN_POINT ( 'NONE',  ( -16.34221635959815089, 50.00000000000000711, -31.19963140676242830 ) ) ;
#29 = VERTEX_POINT ( 'NONE', #521 ) ;
#30 = CARTESIAN_POINT ( 'NONE',  ( -16.38036559868171693, -43.42016547067907339, 39.99999999999999289 ) ) ;
#31 = CARTESIAN_POINT ( 'NONE',  ( -111.9999999999999858, 3.061616997868383831E-15, 40.00000000000000000 ) ) ;
#32 = CARTESIAN_POINT ( 'NONE',  ( -6.999999999999910294, 34.00367627183860009, 40.00000000000000000 ) ) ;
#33 = CARTESIAN_POINT ( 'NONE',  ( -17.00000000000000000, 0.000000000000000000, 0.000000000000000000 ) ) ;
#34 = B_SPLINE_CURVE_WITH_KNOTS ( 'NONE', 3,
 ( #1039, #129, #636, #4, #231, #119, #340, #437, #219, #530, #427, #837, #1157, #1245, #641, #1047, #653, #959, #24, #446, #1140, #827, #952, #1235, #1034, #520, #1254, #2, #823, #217, #1248, #213, #320, #324, #104, #224, #633, #743, #1028, #539, #13, #1332, #1037 ),
 .UNSPECIFIED., .F., .F.,
 ( 4, 1, 1, 1, 1, 2, 2, 1, 1, 1, 1, 1, 2, 2, 1, 1, 1, 1, 1, 1, 1, 2, 2, 1, 1, 1, 1, 1, 1, 1, 2, 2, 4 ),
 ( 0.000000000000000000, 0.1250000000000093536, 0.1875000000000136002, 0.2187500000000157652, 0.2343750000000168199, 0.2421875000000177081, 0.2500000000000185962, 0.3750000000000316414, 0.4375000000000381362, 0.4687500000000411338, 0.4843750000000427991, 0.4921875000000436318, 0.4960937500000441314, 0.5000000000000445199, 0.6250000000000576206, 0.6875000000000640599, 0.7187500000000675016, 0.7343750000000691669, 0.7421875000000699441, 0.7460937500000701661, 0.7480468750000702771, 0.7490234375000702771, 0.7500000000000702771, 0.8125000000000534017, 0.8437500000000450751, 0.8593750000000408562, 0.8671875000000386358, 0.8710937500000378586, 0.8730468750000371925, 0.8740234375000368594, 0.8745117187500366374, 0.8750000000000365263, 1.000000000000000000 ),
 .UNSPECIFIED. ) ;
#35 = LINE ( 'NONE', #259, #273 ) ;
#36 = VERTEX_POINT ( 'NONE', #595 ) ;
#37 = CARTESIAN_POINT ( 'NONE',  ( -13.94321573617912158, -38.17463141149359274, 39.99999999999999289 ) ) ;
#38 = DIRECTION ( 'NONE',  ( -1.000000000000000000, 0.000000000000000000, 0.000000000000000000 ) ) ;
#39 = LINE ( 'NONE', #1277, #901 ) ;
#40 = CARTESIAN_POINT ( 'NONE',  ( -13.09636322530958097, 37.12525585830046992, 40.00000000000001421 ) ) ;
#41 = CARTESIAN_POINT ( 'NONE',  ( -17.00000000000000000, -34.00367627183860009, 40.00000000000000000 ) ) ;
#42 = EDGE_CURVE ( 'NONE', #36, #842, #206, .T. ) ;
#43 = ADVANCED_FACE ( 'NONE', ( #813 ), #612, .T. ) ;
#44 = CARTESIAN_POINT ( 'NONE',  ( -87.00000000000000000, -50.00000000000000000, 40.00000000000000000 ) ) ;
#45 = ORIENTED_EDGE ( 'NONE', *, *, #247, .T. ) ;
#46 = CARTESIAN_POINT ( 'NONE',  ( -16.91921242335752495, -46.05519089306584846, 40.00000000000001421 ) ) ;
#47 = AXIS2_PLACEMENT_3D ( 'NONE', #404, #1123, #297 ) ;
#48 = AXIS2_PLACEMENT_3D ( 'NONE', #1051, #1043, #116 ) ;
#49 = DIRECTION ( 'NONE',  ( -1.000000000000000000, 0.000000000000000000, 0.000000000000000000 ) ) ;
#50 = ORIENTED_EDGE ( 'NONE', *, *, #173, .T. ) ;
#51 = CARTESIAN_POINT ( 'NONE',  ( -17.00000000000000000, 6.429395695523603956E-15, -52.50000000000000000 ) ) ;
#52 = B_SPLINE_CURVE_WITH_KNOTS ( 'NONE', 3,
 ( #176, #81, #399, #592, #809, #477, #486, #616, #893, #1018, #1297, #376, #700, #789, #999, #903, #1099, #182, #601, #1008, #75, #350, #242, #553, #455, #956, #1259, #337, #965, #1055, #762, #1174, #1073, #233, #1153, #142, #251, #28, #665, #671, #1272, #150 ),
 .UNSPECIFIED., .F., .F.,
 ( 4, 1, 1, 1, 1, 1, 1, 1, 2, 2, 1, 1, 1, 1, 1, 1, 2, 2, 1, 1, 1, 1, 1, 2, 2, 1, 1, 1, 1, 2, 2, 4 ),
 ( 0.000000000000000000, 0.06249999999998680222, 0.09374999999998012701, 0.1093749999999766020, 0.1171874999999747285, 0.1210937499999737155, 0.1230468749999731604, 0.1240234374999729938, 0.1245117187499729661, 0.1249999999999729522, 0.1874999999999795441, 0.2187499999999829581, 0.2343749999999848177, 0.2421874999999855671, 0.2460937499999860112, 0.2480468749999863720, 0.2490234374999864275, 0.2499999999999865108, 0.3749999999999861777, 0.4374999999999862887, 0.4687499999999860667, 0.4843749999999860667, 0.4921874999999861222, 0.4960937499999862887, 0.4999999999999864553, 0.6249999999999902300, 0.6874999999999922284, 0.7187499999999932276, 0.7343749999999934497, 0.7421874999999933387, 0.7499999999999932276, 1.000000000000000000 ),
 .UNSPECIFIED. ) ;
#53 = CARTESIAN_POINT ( 'NONE',  ( 770.0000000000000000, 0.000000000000000000, 0.000000000000000000 ) ) ;
#54 = ORIENTED_EDGE ( 'NONE', *, *, #301, .F. ) ;
#55 = DIRECTION ( 'NONE',  ( 0.000000000000000000, 0.000000000000000000, 1.000000000000000000 ) ) ;
#56 = CARTESIAN_POINT ( 'NONE',  ( -17.00000000000000000, -34.00367627183860009, -40.00000000000000000 ) ) ;
#57 = EDGE_CURVE ( 'NONE', #806, #1216, #931, .T. ) ;
#58 = CARTESIAN_POINT ( 'NONE',  ( -15.30000420342645739, 40.49491610878168046, 39.99999999999999289 ) ) ;
#59 = LINE ( 'NONE', #888, #438 ) ;
#60 = DIRECTION ( 'NONE',  ( 0.000000000000000000, 1.000000000000000000, 0.000000000000000000 ) ) ;
#61 = ORIENTED_EDGE ( 'NONE', *, *, #210, .T. ) ;
#62 = CARTESIAN_POINT ( 'NONE',  ( -16.07864373317398332, 42.40123742421610586, -39.99999999999999289 ) ) ;
#63 = CC_DESIGN_PERSON_AND_ORGANIZATION_ASSIGNMENT ( #1202, #1317, ( #785 ) ) ;
#64 = CARTESIAN_POINT ( 'NONE',  ( -11.26657436870579154, 35.46280344710798715, 39.99999999999997868 ) ) ;
#65 = DIRECTION ( 'NONE',  ( -1.000000000000000000, 0.000000000000000000, 0.000000000000000000 ) ) ;
#66 = CARTESIAN_POINT ( 'NONE',  ( -10.13228171907595865, -50.00000000000000000, 17.56985900332788830 ) ) ;
#67 = EDGE_LOOP ( 'NONE', ( #1289, #921, #256, #151 ) ) ;
#68 = LINE ( 'NONE', #488, #392 ) ;
#69 = VECTOR ( 'NONE', #93, 1000.000000000000000 ) ;
#70 = FACE_OUTER_BOUND ( 'NONE', #108, .T. ) ;
#71 = DIRECTION ( 'NONE',  ( 0.000000000000000000, 0.000000000000000000, 1.000000000000000000 ) ) ;
#72 = CIRCLE ( 'NONE', #790, 62.50000000000000000 ) ;
#73 = DIRECTION ( 'NONE',  ( 0.000000000000000000, 0.000000000000000000, 1.000000000000000000 ) ) ;
#74 = VERTEX_POINT ( 'NONE', #824 ) ;
#75 = CARTESIAN_POINT ( 'NONE',  ( -11.80549431323523457, 49.99999999999999289, -19.66719436800863363 ) ) ;
#76 = CARTESIAN_POINT ( 'NONE',  ( -15.72254813735440138, 41.45946802453561020, -40.00000000000000000 ) ) ;
#77 = CARTESIAN_POINT ( 'NONE',  ( -6.999999999999910294, 34.00367627183860009, 40.00000000000000000 ) ) ;
#78 = CARTESIAN_POINT ( 'NONE',  ( -16.31573563490058021, -50.00000000000001421, 31.06911926668808377 ) ) ;
#79 = ORIENTED_EDGE ( 'NONE', *, *, #258, .F. ) ;
#80 = CYLINDRICAL_SURFACE ( 'NONE', #944, 25.00000000000000000 ) ;
#81 = CARTESIAN_POINT ( 'NONE',  ( -7.458584327860862118, 50.00000000000000000, -16.00781059358209291 ) ) ;
#82 = ORIENTED_EDGE ( 'NONE', *, *, #1262, .F. ) ;
#83 = CARTESIAN_POINT ( 'NONE',  ( -11.36934908394081489, 35.53686289342849847, -40.00000000000000000 ) ) ;
#84 = CARTESIAN_POINT ( 'NONE',  ( -15.55271295310966373, 41.05489459904666205, 40.00000000000000000 ) ) ;
#85 = APPROVAL_DATE_TIME ( #492, #515 ) ;
#86 = CARTESIAN_POINT ( 'NONE',  ( -13.09636322530957919, -37.12525585830041308, -40.00000000000001421 ) ) ;
#87 = ORIENTED_EDGE ( 'NONE', *, *, #99, .T. ) ;
#88 = EDGE_CURVE ( 'NONE', #419, #323, #1022, .T. ) ;
#89 = CARTESIAN_POINT ( 'NONE',  ( -13.52512486207032794, 50.00000000000000000, 22.64156920531994999 ) ) ;
#90 = ORIENTED_EDGE ( 'NONE', *, *, #99, .F. ) ;
#91 = CARTESIAN_POINT ( 'NONE',  ( -8.552882876636015652, 34.14331682748948538, -40.00000000000000711 ) ) ;
#92 = APPROVAL_PERSON_ORGANIZATION ( #734, #146, #932 ) ;
#93 = DIRECTION ( 'NONE',  ( -1.000000000000000000, 0.000000000000000000, 0.000000000000000000 ) ) ;
#94 =( LENGTH_UNIT ( ) NAMED_UNIT ( * ) SI_UNIT ( .MILLI., .METRE. ) );
#95 = TOROIDAL_SURFACE ( 'NONE', #47, 62.50000000000000000, 10.00000000000000000 ) ;
#96 = AXIS2_PLACEMENT_3D ( 'NONE', #660, #571, #248 ) ;
#97 = CARTESIAN_POINT ( 'NONE',  ( -12.61932025398703594, -36.61182646813814756, -39.99999999999999289 ) ) ;
#98 = CARTESIAN_POINT ( 'NONE',  ( -17.00000000000000000, -48.02343178074640662, 40.00000000000000000 ) ) ;
#99 = EDGE_CURVE ( 'NONE', #6, #1242, #1004, .T. ) ;
#100 = ADVANCED_FACE ( 'NONE', ( #309 ), #1002, .T. ) ;
#101 = CARTESIAN_POINT ( 'NONE',  ( -15.44922389512423422, 40.81984442128560886, 39.99999999999999289 ) ) ;
#102 = LINE ( 'NONE', #1120, #465 ) ;
#103 = ORIENTED_EDGE ( 'NONE', *, *, #160, .T. ) ;
#104 = CARTESIAN_POINT ( 'NONE',  ( -9.867049702308376524, -50.00000000000000000, -17.33471321973788548 ) ) ;
#105 = DATE_AND_TIME ( #847, #684 ) ;
#106 = ADVANCED_FACE ( 'NONE', ( #1030 ), #353, .F. ) ;
#107 = CARTESIAN_POINT ( 'NONE',  ( -12.11131139061342488, -36.11851635462737420, -40.00000000000000000 ) ) ;
#108 = EDGE_LOOP ( 'NONE', ( #1012, #396, #234, #495 ) ) ;
#109 = DIRECTION ( 'NONE',  ( 1.000000000000000000, 0.000000000000000000, 0.000000000000000000 ) ) ;
#110 = DATE_AND_TIME ( #945, #807 ) ;
#111 = DIRECTION ( 'NONE',  ( 0.000000000000000000, 0.000000000000000000, -1.000000000000000000 ) ) ;
#112 = CARTESIAN_POINT ( 'NONE',  ( -8.848353865965620457, 50.00000000000000711, 16.42784245258297915 ) ) ;
#113 = VECTOR ( 'NONE', #1325, 1000.000000000000000 ) ;
#114 = CIRCLE ( 'NONE', #769, 42.50000000000000000 ) ;
#115 = ORIENTED_EDGE ( 'NONE', *, *, #835, .T. ) ;
#116 = DIRECTION ( 'NONE',  ( 0.000000000000000000, 0.000000000000000000, -1.000000000000000000 ) ) ;
#117 = ADVANCED_FACE ( 'NONE', ( #70 ), #800, .F. ) ;
#118 = AXIS2_PLACEMENT_3D ( 'NONE', #1243, #884, #152 ) ;
#119 = CARTESIAN_POINT ( 'NONE',  ( -16.45743149922073911, -50.00000000000000000, -31.79642832051450441 ) ) ;
#120 = CARTESIAN_POINT ( 'NONE',  ( -9.867049702309898862, 50.00000000000000000, 17.33471321973986790 ) ) ;
#121 = ORIENTED_EDGE ( 'NONE', *, *, #586, .F. ) ;
#122 = CARTESIAN_POINT ( 'NONE',  ( -40.00000000000000000, 6.429395695523603956E-15, -52.50000000000000000 ) ) ;
#123 = COORDINATED_UNIVERSAL_TIME_OFFSET ( 8, 0, .AHEAD. ) ;
#124 = LINE ( 'NONE', #954, #21 ) ;
#125 = CARTESIAN_POINT ( 'NONE',  ( -10.38625806994533640, 50.00000000000000000, 17.84073102509406894 ) ) ;
#126 = EDGE_CURVE ( 'NONE', #1133, #657, #1010, .T. ) ;
#127 = ORIENTED_EDGE ( 'NONE', *, *, #306, .F. ) ;
#128 = CARTESIAN_POINT ( 'NONE',  ( -15.63082425050929913, -41.23791794297058289, 40.00000000000000000 ) ) ;
#129 = CARTESIAN_POINT ( 'NONE',  ( -16.99999999999998224, -50.00000000000000000, -36.51140189561820648 ) ) ;
#130 = CARTESIAN_POINT ( 'NONE',  ( -8.646046472576696118, -34.20877333795083075, -40.00000000000000711 ) ) ;
#131 = TOROIDAL_SURFACE ( 'NONE', #510, 62.50000000000000000, 10.00000000000000000 ) ;
#132 = APPROVAL_PERSON_ORGANIZATION ( #605, #515, #292 ) ;
#133 = CARTESIAN_POINT ( 'NONE',  ( -9.380199956469605027, -50.00000000000000711, 16.92334878624808425 ) ) ;
#134 = EDGE_LOOP ( 'NONE', ( #1221, #470 ) ) ;
#135 = CARTESIAN_POINT ( 'NONE',  ( -16.25083057757056437, -42.95148162955266713, 40.00000000000000000 ) ) ;
#136 = AXIS2_PLACEMENT_3D ( 'NONE', #885, #138, #145 ) ;
#137 = DIRECTION ( 'NONE',  ( 0.000000000000000000, 0.000000000000000000, 1.000000000000000000 ) ) ;
#138 = DIRECTION ( 'NONE',  ( 9.912705577010329247E-17, -1.000000000000000000, 0.000000000000000000 ) ) ;
#139 = EDGE_CURVE ( 'NONE', #713, #429, #311, .T. ) ;
#140 = CARTESIAN_POINT ( 'NONE',  ( -12.86824697987694499, 36.87342530605682356, 40.00000000000000711 ) ) ;
#141 = CARTESIAN_POINT ( 'NONE',  ( -17.00000000000000000, 48.02343178074640662, -40.00000000000000000 ) ) ;
#142 = CARTESIAN_POINT ( 'NONE',  ( -16.27548636636810997, 50.00000000000001421, -30.87348097909919886 ) ) ;
#143 = ORIENTED_EDGE ( 'NONE', *, *, #139, .T. ) ;
#144 = CARTESIAN_POINT ( 'NONE',  ( -15.17170233501348875, -40.21771076469707396, 40.00000000000000000 ) ) ;
#145 = DIRECTION ( 'NONE',  ( 0.000000000000000000, 0.000000000000000000, -1.000000000000000000 ) ) ;
#146 = APPROVAL ( #332, '未' ) ;
#147 = VERTEX_POINT ( 'NONE', #291 ) ;
#148 = LINE ( 'NONE', #661, #939 ) ;
#149 = B_SPLINE_CURVE_WITH_KNOTS ( 'NONE', 3,
 ( #557, #869, #347, #254, #1076, #153, #570, #981, #680, #1082, #1014, #62, #514, #76, #720, #204, #1100, #1324, #1122, #994, #478, #894, #1315, #924, #1298, #391, #799, #283, #1306, #377, #412, #385, #200, #1118, #817, #497, #1210, #911, #811, #191, #83, #716, #296, #593, #611, #791, #1094, #401, #504, #91, #183, #1200 ),
 .UNSPECIFIED., .F., .F.,
 ( 4, 1, 1, 1, 1, 1, 2, 2, 1, 1, 1, 1, 2, 2, 1, 1, 2, 2, 1, 1, 1, 1, 1, 2, 2, 1, 1, 1, 1, 2, 2, 1, 1, 1, 1, 2, 2, 4 ),
 ( 0.000000000000000000, 0.1250000000000205946, 0.1875000000000302813, 0.2187500000000356382, 0.2343750000000378031, 0.2421875000000394962, 0.2460937500000402456, 0.2500000000000409672, 0.3125000000000406897, 0.3437500000000400235, 0.3593750000000397460, 0.3671875000000395795, 0.3710937500000394684, 0.3750000000000395239, 0.4375000000000358602, 0.4687500000000339728, 0.4843750000000326406, 0.5000000000000311973, 0.5625000000000277556, 0.5937500000000255351, 0.6093750000000245359, 0.6171875000000240918, 0.6210937500000238698, 0.6230468750000233147, 0.6250000000000226485, 0.6875000000000119904, 0.7187500000000071054, 0.7343750000000046629, 0.7421875000000036637, 0.7460937500000032196, 0.7500000000000027756, 0.8125000000000024425, 0.8437500000000026645, 0.8593750000000029976, 0.8671875000000034417, 0.8710937500000036637, 0.8750000000000037748, 1.000000000000000000 ),
 .UNSPECIFIED. ) ;
#150 = CARTESIAN_POINT ( 'NONE',  ( -17.00000000000000000, 50.00000000000000000, -37.50000000000000000 ) ) ;
#151 = ORIENTED_EDGE ( 'NONE', *, *, #858, .T. ) ;
#152 = DIRECTION ( 'NONE',  ( 0.000000000000000000, 0.000000000000000000, 1.000000000000000000 ) ) ;
#153 = CARTESIAN_POINT ( 'NONE',  ( -16.44500617921138996, 43.66339098661364915, -39.99999999999999289 ) ) ;
#154 = CARTESIAN_POINT ( 'NONE',  ( -16.26098229046655774, -42.99863444349474406, -40.00000000000000000 ) ) ;
#155 = CARTESIAN_POINT ( 'NONE',  ( -9.220418919850478900, 34.38836963852915574, 40.00000000000000711 ) ) ;
#156 = CARTESIAN_POINT ( 'NONE',  ( -6.999999999999910294, 0.000000000000000000, 0.000000000000000000 ) ) ;
#157 = DIRECTION ( 'NONE',  ( 0.000000000000000000, 0.000000000000000000, -1.000000000000000000 ) ) ;
#158 = ORIENTED_EDGE ( 'NONE', *, *, #531, .T. ) ;
#159 = CARTESIAN_POINT ( 'NONE',  ( 860.0000000000000000, 0.000000000000000000, 52.50000000000000000 ) ) ;
#160 = EDGE_CURVE ( 'NONE', #1098, #833, #441, .T. ) ;
#161 = DIRECTION ( 'NONE',  ( -1.000000000000000000, 0.000000000000000000, 0.000000000000000000 ) ) ;
#162 = AXIS2_PLACEMENT_3D ( 'NONE', #818, #1307, #178 ) ;
#163 = AXIS2_PLACEMENT_3D ( 'NONE', #621, #518, #508 ) ;
#164 = CARTESIAN_POINT ( 'NONE',  ( -11.20477697121610205, 35.41901141992869384, 40.00000000000000000 ) ) ;
#165 = PLANE ( 'NONE',  #1212 ) ;
#166 = LINE ( 'NONE', #582, #442 ) ;
#167 = ORIENTED_EDGE ( 'NONE', *, *, #139, .F. ) ;
#168 = ADVANCED_FACE ( 'NONE', ( #1007 ), #628, .F. ) ;
#169 = DIRECTION ( 'NONE',  ( 0.000000000000000000, 0.000000000000000000, 1.000000000000000000 ) ) ;
#170 = PLANE ( 'NONE',  #96 ) ;
#171 = CARTESIAN_POINT ( 'NONE',  ( -137.0000000000000000, 0.000000000000000000, -40.00000000000000000 ) ) ;
#172 = DIRECTION ( 'NONE',  ( 0.000000000000000000, 0.000000000000000000, 1.000000000000000000 ) ) ;
#173 = EDGE_CURVE ( 'NONE', #229, #12, #1255, .T. ) ;
#174 = CARTESIAN_POINT ( 'NONE',  ( -11.22892703615580778, -50.00000000000000711, 18.84656110766353265 ) ) ;
#175 = EDGE_LOOP ( 'NONE', ( #295, #103, #61 ) ) ;
#176 = CARTESIAN_POINT ( 'NONE',  ( -6.999999999999910294, 50.00000000000000000, -16.00781059358210001 ) ) ;
#177 = CARTESIAN_POINT ( 'NONE',  ( 860.0000000000000000, 0.000000000000000000, 0.000000000000000000 ) ) ;
#178 = DIRECTION ( 'NONE',  ( 0.000000000000000000, 0.000000000000000000, 1.000000000000000000 ) ) ;
#179 = CARTESIAN_POINT ( 'NONE',  ( -14.57796183268862578, -50.00000000000001421, 25.15913085788148607 ) ) ;
#180 = ORIENTED_EDGE ( 'NONE', *, *, #57, .F. ) ;
#181 = CIRCLE ( 'NONE', #267, 52.50000000000000000 ) ;
#182 = CARTESIAN_POINT ( 'NONE',  ( -11.74269212553124753, 49.99999999999999289, -19.57354832342428352 ) ) ;
#183 = CARTESIAN_POINT ( 'NONE',  ( -7.780921605844926425, 34.00367627183860719, -40.00000000000000000 ) ) ;
#184 = SECURITY_CLASSIFICATION ( '', '', #1150 ) ;
#185 = VECTOR ( 'NONE', #417, 1000.000000000000000 ) ;
#186 = CARTESIAN_POINT ( 'NONE',  ( -87.00000000000000000, 0.000000000000000000, 40.00000000000000000 ) ) ;
#187 = UNCERTAINTY_MEASURE_WITH_UNIT (LENGTH_MEASURE( 1.000000000000000082E-05 ), #94, 'distance_accuracy_value', 'NONE');
#188 = CARTESIAN_POINT ( 'NONE',  ( -40.00000000000000000, 0.000000000000000000, 0.000000000000000000 ) ) ;
#189 = CARTESIAN_POINT ( 'NONE',  ( -16.34221635959783825, -50.00000000000002132, 31.19963140676082247 ) ) ;
#190 = ORIENTED_EDGE ( 'NONE', *, *, #1021, .T. ) ;
#191 = CARTESIAN_POINT ( 'NONE',  ( -11.38754131192720642, 35.55019456478255790, -39.99999999999998579 ) ) ;
#192 = CARTESIAN_POINT ( 'NONE',  ( -17.00000000000000000, 50.00000000000000000, 40.00000000000000000 ) ) ;
#193 = APPROVAL_STATUS ( 'not_yet_approved' ) ;
#194 = EDGE_CURVE ( 'NONE', #36, #1098, #685, .T. ) ;
#195 = CARTESIAN_POINT ( 'NONE',  ( -9.268163930337506073, -34.40527923706502378, -40.00000000000000000 ) ) ;
#196 = ORIENTED_EDGE ( 'NONE', *, *, #343, .F. ) ;
#197 = CARTESIAN_POINT ( 'NONE',  ( -9.620427852858483675, -34.54054577747126586, 39.99999999999999289 ) ) ;
#198 = CARTESIAN_POINT ( 'NONE',  ( -14.63814644616916283, 50.00000000000000000, 25.31566224489313299 ) ) ;
#199 = VERTEX_POINT ( 'NONE', #759 ) ;
#200 = CARTESIAN_POINT ( 'NONE',  ( -13.12248839317771676, 37.15485477264503089, -40.00000000000000000 ) ) ;
#201 = DIRECTION ( 'NONE',  ( 0.000000000000000000, 0.000000000000000000, 1.000000000000000000 ) ) ;
#202 = FACE_OUTER_BOUND ( 'NONE', #425, .T. ) ;
#203 = CARTESIAN_POINT ( 'NONE',  ( -87.00000000000000000, 0.000000000000000000, 40.00000000000000000 ) ) ;
#204 = CARTESIAN_POINT ( 'NONE',  ( -15.63082425050511048, 41.23791794295888025, -40.00000000000000711 ) ) ;
#205 = ADVANCED_FACE ( 'NONE', ( #238 ), #333, .T. ) ;
#206 = LINE ( 'NONE', #491, #185 ) ;
#207 = VECTOR ( 'NONE', #739, 1000.000000000000000 ) ;
#208 = CARTESIAN_POINT ( 'NONE',  ( -14.43206666309671604, -38.91990111704664201, -39.99999999999999289 ) ) ;
#209 = CARTESIAN_POINT ( 'NONE',  ( -87.00000000000000000, 0.000000000000000000, 40.00000000000000000 ) ) ;
#210 = EDGE_CURVE ( 'NONE', #833, #36, #840, .T. ) ;
#211 = CARTESIAN_POINT ( 'NONE',  ( -10.76926833682158957, -35.12841285806631220, -40.00000000000000000 ) ) ;
#212 = ORIENTED_EDGE ( 'NONE', *, *, #1159, .T. ) ;
#213 = CARTESIAN_POINT ( 'NONE',  ( -10.38625806993587197, -50.00000000000000000, -17.84073102508208208 ) ) ;
#214 = DIRECTION ( 'NONE',  ( 0.000000000000000000, 0.000000000000000000, 1.000000000000000000 ) ) ;
#215 = CARTESIAN_POINT ( 'NONE',  ( -11.83202355932924021, 49.99999999999999289, 19.70707279787200505 ) ) ;
#216 = CARTESIAN_POINT ( 'NONE',  ( -15.95170412030577900, -42.03836435473427002, -39.99999999999997868 ) ) ;
#217 = CARTESIAN_POINT ( 'NONE',  ( -11.48135782442432706, -50.00000000000001421, -19.18017510930553016 ) ) ;
#218 = APPROVAL_ROLE ( '' ) ;
#219 = CARTESIAN_POINT ( 'NONE',  ( -16.38104979749013879, -50.00000000000002132, -31.39559078856162699 ) ) ;
#220 = DIRECTION ( 'NONE',  ( 1.000000000000000000, 0.000000000000000000, 0.000000000000000000 ) ) ;
#221 = AXIS2_PLACEMENT_3D ( 'NONE', #431, #735, #659 ) ;
#222 = AXIS2_PLACEMENT_3D ( 'NONE', #374, #1308, #693 ) ;
#223 = ORIENTED_EDGE ( 'NONE', *, *, #356, .F. ) ;
#224 = CARTESIAN_POINT ( 'NONE',  ( -9.829896666594580168, -49.99999999999998579, -17.30113840738775366 ) ) ;
#225 = ADVANCED_FACE ( 'NONE', ( #316 ), #321, .F. ) ;
#226 = CARTESIAN_POINT ( 'NONE',  ( -17.00000000000000000, 50.00000000000000000, -37.50000000000000000 ) ) ;
#227 = CARTESIAN_POINT ( 'NONE',  ( -6.999999999999910294, 50.00000000000000000, 16.00781059358210001 ) ) ;
#228 = LINE ( 'NONE', #677, #875 ) ;
#229 = VERTEX_POINT ( 'NONE', #1059 ) ;
#230 = CARTESIAN_POINT ( 'NONE',  ( -16.36012868744090554, -43.34613161930336389, 40.00000000000000000 ) ) ;
#231 = CARTESIAN_POINT ( 'NONE',  ( -16.54093521844606229, -50.00000000000000000, -32.26041264390627816 ) ) ;
#232 = CARTESIAN_POINT ( 'NONE',  ( -15.78523772499682387, 49.99999999999999289, 28.73390639274611402 ) ) ;
#233 = CARTESIAN_POINT ( 'NONE',  ( -15.96786059374308664, 50.00000000000001421, -29.51037916918610549 ) ) ;
#234 = ORIENTED_EDGE ( 'NONE', *, *, #343, .T. ) ;
#235 = PLANE ( 'NONE',  #516 ) ;
#236 = EDGE_CURVE ( 'NONE', #872, #971, #1239, .T. ) ;
#237 = DIRECTION ( 'NONE',  ( 1.000000000000000000, 0.000000000000000000, 0.000000000000000000 ) ) ;
#238 = FACE_OUTER_BOUND ( 'NONE', #838, .T. ) ;
#239 = CARTESIAN_POINT ( 'NONE',  ( -16.78456646228675808, -44.87827948421738000, -40.00000000000000711 ) ) ;
#240 = CARTESIAN_POINT ( 'NONE',  ( -17.00000000000000000, 0.000000000000000000, 52.50000000000000000 ) ) ;
#241 = AXIS2_PLACEMENT_3D ( 'NONE', #1023, #596, #1112 ) ;
#242 = CARTESIAN_POINT ( 'NONE',  ( -12.33007810794259740, 49.99999999999999289, -20.45523887953456565 ) ) ;
#243 = ORIENTED_EDGE ( 'NONE', *, *, #963, .T. ) ;
#244 = CARTESIAN_POINT ( 'NONE',  ( -11.88430238230715119, -35.93591547668966513, 40.00000000000000000 ) ) ;
#245 = CIRCLE ( 'NONE', #551, 52.50000000000000000 ) ;
#246 = CARTESIAN_POINT ( 'NONE',  ( -17.00000000000000000, -50.00000000000000000, 40.00000000000000000 ) ) ;
#247 = EDGE_CURVE ( 'NONE', #323, #229, #575, .T. ) ;
#248 = DIRECTION ( 'NONE',  ( 0.000000000000000000, 0.000000000000000000, 1.000000000000000000 ) ) ;
#249 = ORIENTED_EDGE ( 'NONE', *, *, #634, .T. ) ;
#250 = FACE_OUTER_BOUND ( 'NONE', #947, .T. ) ;
#251 = CARTESIAN_POINT ( 'NONE',  ( -16.31573563490118772, 50.00000000000001421, -31.06911926669117108 ) ) ;
#252 = ORIENTED_EDGE ( 'NONE', *, *, #390, .F. ) ;
#253 = CARTESIAN_POINT ( 'NONE',  ( -16.53042221076566420, -44.00416796630697291, 40.00000000000000711 ) ) ;
#254 = CARTESIAN_POINT ( 'NONE',  ( -16.68358199148367760, 44.68663064686978714, -39.99999999999998579 ) ) ;
#255 = CARTESIAN_POINT ( 'NONE',  ( -17.00000000000000000, -48.02343178074640662, -40.00000000000000000 ) ) ;
#256 = ORIENTED_EDGE ( 'NONE', *, *, #236, .T. ) ;
#257 = CARTESIAN_POINT ( 'NONE',  ( -6.999999999999910294, -34.00367627183860009, -40.00000000000000000 ) ) ;
#258 = EDGE_CURVE ( 'NONE', #29, #951, #1142, .T. ) ;
#259 = CARTESIAN_POINT ( 'NONE',  ( -87.00000000000000000, 50.00000000000000000, 40.00000000000000000 ) ) ;
#260 = ORIENTED_EDGE ( 'NONE', *, *, #819, .F. ) ;
#261 = CARTESIAN_POINT ( 'NONE',  ( -13.22076098111005038, -37.26771225612669980, 40.00000000000000000 ) ) ;
#262 = DIRECTION ( 'NONE',  ( -1.000000000000000000, 0.000000000000000000, 0.000000000000000000 ) ) ;
#263 = CARTESIAN_POINT ( 'NONE',  ( -16.34023479075321106, -43.27431183370534740, -39.99999999999999289 ) ) ;
#264 = CARTESIAN_POINT ( 'NONE',  ( -9.268163930335367340, 34.40527923706500246, 40.00000000000000711 ) ) ;
#265 = PLANE ( 'NONE',  #1250 ) ;
#266 = B_SPLINE_CURVE_WITH_KNOTS ( 'NONE', 3,
 ( #32, #793, #363, #767, #1084, #783, #155, #264, #588, #371, #777, #565, #279, #164, #64, #1301, #379, #357, #697, #1270, #140, #580, #453, #559, #40, #1172, #989, #669, #975, #772, #968, #572, #1179, #675, #58, #101, #1328, #84, #906, #619, #1119, #1225, #393, #386, #1316, #304, #1015, #721, #703, #506 ),
 .UNSPECIFIED., .F., .F.,
 ( 4, 1, 1, 1, 1, 2, 2, 1, 1, 1, 1, 2, 2, 1, 1, 1, 1, 1, 2, 2, 1, 1, 2, 2, 1, 1, 1, 1, 2, 2, 1, 1, 1, 2, 2, 4 ),
 ( 0.000000000000000000, 0.06249999999996938560, 0.09374999999995407840, 0.1093749999999465566, 0.1171874999999428096, 0.1210937499999409223, 0.1249999999999390488, 0.1874999999999155675, 0.2187499999999040767, 0.2343749999998982481, 0.2421874999998955003, 0.2460937499998941402, 0.2499999999998927525, 0.3124999999998727129, 0.3437499999998631095, 0.3593749999998580025, 0.3671874999998553379, 0.3710937499998544498, 0.3730468749998543387, 0.3749999999998542277, 0.4374999999998676059, 0.4687499999998744338, 0.4843749999998773759, 0.4999999999998803180, 0.5624999999998947509, 0.5937499999999025224, 0.6093749999999064082, 0.6171874999999084066, 0.6210937499999094058, 0.6249999999999102940, 0.6874999999999229505, 0.7187499999999287237, 0.7343749999999316103, 0.7421874999999330536, 0.7499999999999346079, 1.000000000000000000 ),
 .UNSPECIFIED. ) ;
#267 = AXIS2_PLACEMENT_3D ( 'NONE', #156, #984, #873 ) ;
#268 = CARTESIAN_POINT ( 'NONE',  ( 770.0000000000000000, 42.50000000000000000, 0.000000000000000000 ) ) ;
#269 = ORIENTED_EDGE ( 'NONE', *, *, #1083, .T. ) ;
#270 = LOCAL_TIME ( 14, 13, 52.00000000000000000, #123 ) ;
#271 = CARTESIAN_POINT ( 'NONE',  ( -17.00000000000000000, 0.000000000000000000, 0.000000000000000000 ) ) ;
#272 = VECTOR ( 'NONE', #422, 1000.000000000000000 ) ;
#273 = VECTOR ( 'NONE', #157, 1000.000000000000000 ) ;
#274 = EDGE_CURVE ( 'NONE', #534, #1017, #536, .T. ) ;
#275 = ORIENTED_EDGE ( 'NONE', *, *, #556, .F. ) ;
#276 = FACE_BOUND ( 'NONE', #134, .T. ) ;
#277 = CARTESIAN_POINT ( 'NONE',  ( -6.999999999999910294, -50.00000000000000000, -16.00781059358210001 ) ) ;
#278 = EDGE_LOOP ( 'NONE', ( #775, #196 ) ) ;
#279 = CARTESIAN_POINT ( 'NONE',  ( -11.06016492202761015, 35.31910797008804082, 39.99999999999999289 ) ) ;
#280 = COORDINATED_UNIVERSAL_TIME_OFFSET ( 8, 0, .AHEAD. ) ;
#281 = CARTESIAN_POINT ( 'NONE',  ( -14.97653769871552321, -50.00000000000000000, 26.19155243587094262 ) ) ;
#282 = EDGE_LOOP ( 'NONE', ( #1056, #260, #127, #1088 ) ) ;
#283 = CARTESIAN_POINT ( 'NONE',  ( -13.32679224606589941, 37.39214641950646723, -39.99999999999999289 ) ) ;
#284 = CARTESIAN_POINT ( 'NONE',  ( -61.99999999999999289, 0.000000000000000000, -52.50000000000000000 ) ) ;
#285 = CARTESIAN_POINT ( 'NONE',  ( -17.00000000000000000, 0.000000000000000000, 0.000000000000000000 ) ) ;
#286 = CARTESIAN_POINT ( 'NONE',  ( -11.77932957122476765, -49.99999999999999289, 19.62805346812833562 ) ) ;
#287 = ORIENTED_EDGE ( 'NONE', *, *, #258, .T. ) ;
#288 = LINE ( 'NONE', #702, #373 ) ;
#289 = CC_DESIGN_PERSON_AND_ORGANIZATION_ASSIGNMENT ( #794, #1226, ( #1110 ) ) ;
#290 = CIRCLE ( 'NONE', #312, 52.50000000000000000 ) ;
#291 = CARTESIAN_POINT ( 'NONE',  ( 770.0000000000000000, 3.367778697655221307E-15, 27.50000000000000000 ) ) ;
#292 = APPROVAL_ROLE ( '' ) ;
#293 = CARTESIAN_POINT ( 'NONE',  ( -11.79502875963504849, -50.00000000000000000, 19.65152327956266376 ) ) ;
#294 = ORIENTED_EDGE ( 'NONE', *, *, #963, .F. ) ;
#295 = ORIENTED_EDGE ( 'NONE', *, *, #194, .T. ) ;
#296 = CARTESIAN_POINT ( 'NONE',  ( -10.52022140445441067, 34.96703154701697969, -40.00000000000000711 ) ) ;
#297 = DIRECTION ( 'NONE',  ( 0.000000000000000000, 0.000000000000000000, 1.000000000000000000 ) ) ;
#298 =( NAMED_UNIT ( * ) SI_UNIT ( $, .STERADIAN. ) SOLID_ANGLE_UNIT ( ) );
#299 = CARTESIAN_POINT ( 'NONE',  ( -61.99999999999999289, 0.000000000000000000, -40.00000000000000000 ) ) ;
#300 = ORIENTED_EDGE ( 'NONE', *, *, #416, .T. ) ;
#301 = EDGE_CURVE ( 'NONE', #1242, #534, #124, .T. ) ;
#302 = ORIENTED_EDGE ( 'NONE', *, *, #741, .T. ) ;
#303 = LINE ( 'NONE', #1009, #14 ) ;
#304 = CARTESIAN_POINT ( 'NONE',  ( -16.32776462505605863, 43.23004018455142017, 40.00000000000001421 ) ) ;
#305 = CARTESIAN_POINT ( 'NONE',  ( -14.10665865761490956, -38.42023466513201413, -39.99999999999999289 ) ) ;
#306 = EDGE_CURVE ( 'NONE', #651, #687, #34, .T. ) ;
#307 = FACE_OUTER_BOUND ( 'NONE', #479, .T. ) ;
#308 = CIRCLE ( 'NONE', #1145, 62.50000000000000000 ) ;
#309 = FACE_OUTER_BOUND ( 'NONE', #1090, .T. ) ;
#310 = PERSON_AND_ORGANIZATION ( #498, #725 ) ;
#311 = CIRCLE ( 'NONE', #871, 52.50000000000000000 ) ;
#312 = AXIS2_PLACEMENT_3D ( 'NONE', #950, #11, #433 ) ;
#313 = CARTESIAN_POINT ( 'NONE',  ( -15.58401565212633777, -41.12753492048948800, -40.00000000000000711 ) ) ;
#314 = ORIENTED_EDGE ( 'NONE', *, *, #1083, .F. ) ;
#315 = DIRECTION ( 'NONE',  ( 1.000000000000000000, 0.000000000000000000, 0.000000000000000000 ) ) ;
#316 = FACE_OUTER_BOUND ( 'NONE', #67, .T. ) ;
#317 = CARTESIAN_POINT ( 'NONE',  ( -87.00000000000000000, 0.000000000000000000, -40.00000000000000000 ) ) ;
#318 = CARTESIAN_POINT ( 'NONE',  ( -6.999999999999910294, -34.00367627183860009, -40.00000000000000000 ) ) ;
#319 = VERTEX_POINT ( 'NONE', #98 ) ;
#320 = CARTESIAN_POINT ( 'NONE',  ( -10.08978109011798274, -50.00000000000000711, -17.54335618032714805 ) ) ;
#321 = CYLINDRICAL_SURFACE ( 'NONE', #402, 42.50000000000000000 ) ;
#322 = CARTESIAN_POINT ( 'NONE',  ( -12.03955261617462469, 50.00000000000000000, 20.02494896639826294 ) ) ;
#323 = VERTEX_POINT ( 'NONE', #435 ) ;
#324 = CARTESIAN_POINT ( 'NONE',  ( -9.941329084239773906, -50.00000000000000000, -17.40289057107933957 ) ) ;
#325 = EDGE_CURVE ( 'NONE', #806, #978, #1336, .T. ) ;
#326 = CARTESIAN_POINT ( 'NONE',  ( -17.00000000000000000, 50.00000000000000000, 37.50000000000000000 ) ) ;
#327 = AXIS2_PLACEMENT_3D ( 'NONE', #745, #946, #137 ) ;
#328 = CIRCLE ( 'NONE', #1086, 42.50000000000000000 ) ;
#329 = CARTESIAN_POINT ( 'NONE',  ( -6.999999999999910294, -50.00000000000000000, 16.00781059358210001 ) ) ;
#330 = EDGE_LOOP ( 'NONE', ( #82, #400, #678 ) ) ;
#331 = DIRECTION ( 'NONE',  ( 0.000000000000000000, 0.000000000000000000, -1.000000000000000000 ) ) ;
#332 = APPROVAL_STATUS ( 'not_yet_approved' ) ;
#333 = PLANE ( 'NONE',  #327 ) ;
#334 = CARTESIAN_POINT ( 'NONE',  ( -14.17966565088435971, 50.00000000000000711, 24.12732613475596111 ) ) ;
#335 = ADVANCED_FACE ( 'NONE', ( #307 ), #1155, .F. ) ;
#336 = EDGE_CURVE ( 'NONE', #713, #1098, #525, .T. ) ;
#337 = CARTESIAN_POINT ( 'NONE',  ( -14.49987279919415784, 50.00000000000001421, -24.95877061564768340 ) ) ;
#338 = VERTEX_POINT ( 'NONE', #930 ) ;
#339 = DIRECTION ( 'NONE',  ( -1.000000000000000000, 0.000000000000000000, 0.000000000000000000 ) ) ;
#340 = CARTESIAN_POINT ( 'NONE',  ( -16.41979312331378793, -50.00000000000002842, -31.59688022656205320 ) ) ;
#341 = CARTESIAN_POINT ( 'NONE',  ( -9.148776275683241366, -34.36341434391577820, -40.00000000000000000 ) ) ;
#342 = DIRECTION ( 'NONE',  ( 1.000000000000000000, 0.000000000000000000, 0.000000000000000000 ) ) ;
#343 = EDGE_CURVE ( 'NONE', #1313, #1146, #925, .T. ) ;
#344 = CARTESIAN_POINT ( 'NONE',  ( -9.766907273688222091, -50.00000000000000000, 17.24502540678114215 ) ) ;
#345 = ORIENTED_EDGE ( 'NONE', *, *, #1197, .F. ) ;
#346 = CARTESIAN_POINT ( 'NONE',  ( -15.72254813736776846, -41.45946802457313396, 40.00000000000000000 ) ) ;
#347 = CARTESIAN_POINT ( 'NONE',  ( -16.91921242335752495, 46.05519089301445490, -40.00000000000000000 ) ) ;
#348 = ORIENTED_EDGE ( 'NONE', *, *, #274, .F. ) ;
#349 = LINE ( 'NONE', #1185, #398 ) ;
#350 = CARTESIAN_POINT ( 'NONE',  ( -11.81194245336384085, 50.00000000000001421, -19.67686839798768617 ) ) ;
#351 = ORIENTED_EDGE ( 'NONE', *, *, #695, .F. ) ;
#352 = CARTESIAN_POINT ( 'NONE',  ( -16.40008912813548037, -43.49311608693983544, 40.00000000000000000 ) ) ;
#353 = TOROIDAL_SURFACE ( 'NONE', #162, 62.50000000000000000, 10.00000000000000000 ) ;
#354 = VECTOR ( 'NONE', #462, 1000.000000000000000 ) ;
#355 = CARTESIAN_POINT ( 'NONE',  ( 0.000000000000000000, 0.000000000000000000, 0.000000000000000000 ) ) ;
#356 = EDGE_CURVE ( 'NONE', #694, #473, #535, .T. ) ;
#357 = CARTESIAN_POINT ( 'NONE',  ( -11.65846594498956534, 35.74691493560643352, 40.00000000000000000 ) ) ;
#358 = CARTESIAN_POINT ( 'NONE',  ( -40.00000000000000000, 5.204748896376250896E-15, -42.50000000000000000 ) ) ;
#359 = CARTESIAN_POINT ( 'NONE',  ( -6.999999999999910294, 0.000000000000000000, 0.000000000000000000 ) ) ;
#360 = EDGE_LOOP ( 'NONE', ( #896, #509, #294, #487 ) ) ;
#361 = LINE ( 'NONE', #1290, #579 ) ;
#362 = CARTESIAN_POINT ( 'NONE',  ( 770.0000000000000000, 0.000000000000000000, 0.000000000000000000 ) ) ;
#363 = CARTESIAN_POINT ( 'NONE',  ( -7.972456617986182437, 34.05604148020766786, 39.99999999999998579 ) ) ;
#364 = DIRECTION ( 'NONE',  ( -1.000000000000000000, 0.000000000000000000, 0.000000000000000000 ) ) ;
#365 = DIRECTION ( 'NONE',  ( 1.000000000000000000, 0.000000000000000000, 0.000000000000000000 ) ) ;
#366 = ORIENTED_EDGE ( 'NONE', *, *, #655, .F. ) ;
#367 = FACE_BOUND ( 'NONE', #278, .T. ) ;
#368 = ADVANCED_FACE ( 'NONE', ( #1147 ), #751, .F. ) ;
#369 = DIRECTION ( 'NONE',  ( 0.000000000000000000, 0.000000000000000000, -1.000000000000000000 ) ) ;
#370 = AXIS2_PLACEMENT_3D ( 'NONE', #177, #1310, #1000 ) ;
#371 = CARTESIAN_POINT ( 'NONE',  ( -9.664902636671190095, 34.55028512254687456, 40.00000000000000000 ) ) ;
#372 = DIRECTION ( 'NONE',  ( 0.000000000000000000, 1.000000000000000000, 0.000000000000000000 ) ) ;
#373 = VECTOR ( 'NONE', #384, 1000.000000000000000 ) ;
#374 = CARTESIAN_POINT ( 'NONE',  ( 860.0000000000000000, 0.000000000000000000, 0.000000000000000000 ) ) ;
#375 = ORIENTED_EDGE ( 'NONE', *, *, #1329, .T. ) ;
#376 = CARTESIAN_POINT ( 'NONE',  ( -9.790082023564190550, 50.00000000000000711, -17.26554716407892087 ) ) ;
#377 = CARTESIAN_POINT ( 'NONE',  ( -13.16739241829236029, 37.20613588894376278, -39.99999999999999289 ) ) ;
#378 = VECTOR ( 'NONE', #1319, 1000.000000000000000 ) ;
#379 = CARTESIAN_POINT ( 'NONE',  ( -11.32947937352529522, 35.50789195711188739, 40.00000000000001421 ) ) ;
#380 = CALENDAR_DATE ( 2026, 17, 8 ) ;
#381 = DIRECTION ( 'NONE',  ( 0.000000000000000000, 0.000000000000000000, 1.000000000000000000 ) ) ;
#382 = VERTEX_POINT ( 'NONE', #430 ) ;
#383 = EDGE_CURVE ( 'NONE', #1166, #657, #962, .T. ) ;
#384 = DIRECTION ( 'NONE',  ( -1.000000000000000000, 0.000000000000000000, 0.000000000000000000 ) ) ;
#385 = CARTESIAN_POINT ( 'NONE',  ( -13.12912916351485038, 37.16241210634208869, -40.00000000000000711 ) ) ;
#386 = CARTESIAN_POINT ( 'NONE',  ( -16.26098229048250943, 42.99863444354170383, 39.99999999999999289 ) ) ;
#387 = DIRECTION ( 'NONE',  ( -1.000000000000000000, 0.000000000000000000, 0.000000000000000000 ) ) ;
#388 = CARTESIAN_POINT ( 'NONE',  ( -14.40899788493221934, -50.00000000000000000, 24.72911525558475176 ) ) ;
#389 = ORIENTED_EDGE ( 'NONE', *, *, #383, .F. ) ;
#390 = EDGE_CURVE ( 'NONE', #890, #147, #1193, .T. ) ;
#391 = CARTESIAN_POINT ( 'NONE',  ( -13.94321573620606536, 38.17463141152419581, -39.99999999999999289 ) ) ;
#392 = VECTOR ( 'NONE', #1206, 1000.000000000000000 ) ;
#393 = CARTESIAN_POINT ( 'NONE',  ( -16.16307738060358545, 42.67644819351724550, 40.00000000000000000 ) ) ;
#394 = CARTESIAN_POINT ( 'NONE',  ( -17.00000000000000000, 0.000000000000000000, 0.000000000000000000 ) ) ;
#395 = CARTESIAN_POINT ( 'NONE',  ( -14.22512458375477529, -50.00000000000000711, 24.27577568907675598 ) ) ;
#396 = ORIENTED_EDGE ( 'NONE', *, *, #556, .T. ) ;
#397 = CARTESIAN_POINT ( 'NONE',  ( -16.16207458788514728, 50.00000000000001421, 30.28519636194027242 ) ) ;
#398 = VECTOR ( 'NONE', #768, 1000.000000000000000 ) ;
#399 = CARTESIAN_POINT ( 'NONE',  ( -8.151614415554272242, 50.00000000000000711, -16.16532254070742880 ) ) ;
#400 = ORIENTED_EDGE ( 'NONE', *, *, #1283, .T. ) ;
#401 = CARTESIAN_POINT ( 'NONE',  ( -9.359534255641465350, 34.43869093989091823, -40.00000000000002132 ) ) ;
#402 = AXIS2_PLACEMENT_3D ( 'NONE', #830, #855, #740 ) ;
#403 = AXIS2_PLACEMENT_3D ( 'NONE', #53, #494, #73 ) ;
#404 = CARTESIAN_POINT ( 'NONE',  ( -6.999999999999910294, 0.000000000000000000, 0.000000000000000000 ) ) ;
#405 = ADVANCED_FACE ( 'NONE', ( #1228 ), #1128, .T. ) ;
#406 = ADVANCED_FACE ( 'NONE', ( #1134 ), #834, .T. ) ;
#407 = DIRECTION ( 'NONE',  ( -1.000000000000000000, 0.000000000000000000, 0.000000000000000000 ) ) ;
#408 = ORIENTED_EDGE ( 'NONE', *, *, #779, .F. ) ;
#409 = CARTESIAN_POINT ( 'NONE',  ( -10.52022140444307929, -34.96703154701283722, 39.99999999999998579 ) ) ;
#410 = CARTESIAN_POINT ( 'NONE',  ( -9.941329084242722658, 49.99999999999998579, 17.40289057108314097 ) ) ;
#411 = ORIENTED_EDGE ( 'NONE', *, *, #594, .F. ) ;
#412 = CARTESIAN_POINT ( 'NONE',  ( -13.14444454915012628, 37.17988331325427964, -39.99999999999999289 ) ) ;
#413 = FACE_OUTER_BOUND ( 'NONE', #1106, .T. ) ;
#414 = CARTESIAN_POINT ( 'NONE',  ( -40.00000000000000000, 0.000000000000000000, 0.000000000000000000 ) ) ;
#415 = DIRECTION ( 'NONE',  ( 0.000000000000000000, 0.000000000000000000, -1.000000000000000000 ) ) ;
#416 = EDGE_CURVE ( 'NONE', #651, #534, #361, .T. ) ;
#417 = DIRECTION ( 'NONE',  ( 1.000000000000000000, 0.000000000000000000, 0.000000000000000000 ) ) ;
#418 = CARTESIAN_POINT ( 'NONE',  ( -14.69190857191013322, -39.33949214506793624, -40.00000000000000000 ) ) ;
#419 = VERTEX_POINT ( 'NONE', #452 ) ;
#420 = CARTESIAN_POINT ( 'NONE',  ( 860.0000000000000000, 0.000000000000000000, 0.000000000000000000 ) ) ;
#421 = AXIS2_PLACEMENT_3D ( 'NONE', #317, #714, #220 ) ;
#422 = DIRECTION ( 'NONE',  ( 0.000000000000000000, 1.000000000000000000, 0.000000000000000000 ) ) ;
#423 = CIRCLE ( 'NONE', #403, 42.50000000000000000 ) ;
#424 = CARTESIAN_POINT ( 'NONE',  ( -15.55271295310599200, -41.05489459904120508, -40.00000000000000000 ) ) ;
#425 = EDGE_LOOP ( 'NONE', ( #366, #583, #115, #1080 ) ) ;
#426 = DIRECTION ( 'NONE',  ( 0.000000000000000000, 0.000000000000000000, 1.000000000000000000 ) ) ;
#427 = CARTESIAN_POINT ( 'NONE',  ( -15.78523772499682387, -50.00000000000000000, -28.73390639274609981 ) ) ;
#428 = CARTESIAN_POINT ( 'NONE',  ( -14.61415927648181778, 50.00000000000002842, 25.25302335951044697 ) ) ;
#429 = VERTEX_POINT ( 'NONE', #159 ) ;
#430 = CARTESIAN_POINT ( 'NONE',  ( -6.999999999999910294, 50.00000000000000000, 16.00781059358210001 ) ) ;
#431 = CARTESIAN_POINT ( 'NONE',  ( -17.00000000000000000, 0.000000000000000000, 0.000000000000000000 ) ) ;
#432 = CARTESIAN_POINT ( 'NONE',  ( -16.99999999999998579, 49.99999999999999289, 36.51140189561820648 ) ) ;
#433 = DIRECTION ( 'NONE',  ( 0.000000000000000000, 0.000000000000000000, 1.000000000000000000 ) ) ;
#434 = ORIENTED_EDGE ( 'NONE', *, *, #1032, .F. ) ;
#435 = CARTESIAN_POINT ( 'NONE',  ( -87.00000000000000000, 50.00000000000000000, 40.00000000000000000 ) ) ;
#436 = DATE_TIME_ROLE ( 'classification_date' ) ;
#437 = CARTESIAN_POINT ( 'NONE',  ( -16.39428952433855713, -50.00000000000000711, -31.46369312622894654 ) ) ;
#438 = VECTOR ( 'NONE', #372, 1000.000000000000000 ) ;
#439 = EDGE_CURVE ( 'NONE', #998, #966, #1214, .T. ) ;
#440 = CARTESIAN_POINT ( 'NONE',  ( -16.54093521844605519, 50.00000000000000000, 32.26041264390624974 ) ) ;
#441 = CIRCLE ( 'NONE', #1044, 52.50000000000000000 ) ;
#442 = VECTOR ( 'NONE', #907, 1000.000000000000000 ) ;
#443 = LINE ( 'NONE', #755, #849 ) ;
#444 = ORIENTED_EDGE ( 'NONE', *, *, #819, .T. ) ;
#445 = DIRECTION ( 'NONE',  ( -1.000000000000000000, 0.000000000000000000, 0.000000000000000000 ) ) ;
#446 = CARTESIAN_POINT ( 'NONE',  ( -13.52512486206611975, -50.00000000000002132, -22.64156920530914618 ) ) ;
#447 = LINE ( 'NONE', #929, #378 ) ;
#448 = CC_DESIGN_DATE_AND_TIME_ASSIGNMENT ( #937, #436, ( #184 ) ) ;
#449 = FACE_OUTER_BOUND ( 'NONE', #1217, .T. ) ;
#450 = CARTESIAN_POINT ( 'NONE',  ( -87.00000000000000000, 0.000000000000000000, 40.00000000000000000 ) ) ;
#451 = ORIENTED_EDGE ( 'NONE', *, *, #988, .F. ) ;
#452 = CARTESIAN_POINT ( 'NONE',  ( -17.00000000000000000, 50.00000000000000000, 40.00000000000000000 ) ) ;
#453 = CARTESIAN_POINT ( 'NONE',  ( -13.05272052800820148, 37.07616233875474165, 39.99999999999999289 ) ) ;
#454 = DIRECTION ( 'NONE',  ( 0.000000000000000000, 0.000000000000000000, 1.000000000000000000 ) ) ;
#455 = CARTESIAN_POINT ( 'NONE',  ( -13.84888409078361526, 49.99999999999998579, -23.39298117052874559 ) ) ;
#456 = ORIENTED_EDGE ( 'NONE', *, *, #915, .T. ) ;
#457 = CARTESIAN_POINT ( 'NONE',  ( -17.00000000000000000, -48.02343178074640662, 40.00000000000000000 ) ) ;
#458 = FACE_OUTER_BOUND ( 'NONE', #750, .T. ) ;
#459 = ORIENTED_EDGE ( 'NONE', *, *, #540, .F. ) ;
#460 = FACE_OUTER_BOUND ( 'NONE', #360, .T. ) ;
#461 = VECTOR ( 'NONE', #761, 1000.000000000000000 ) ;
#462 = DIRECTION ( 'NONE',  ( 0.000000000000000000, 0.000000000000000000, -1.000000000000000000 ) ) ;
#463 = ORIENTED_EDGE ( 'NONE', *, *, #247, .F. ) ;
#464 = CARTESIAN_POINT ( 'NONE',  ( -13.32679224605410795, -37.39214641949303797, 39.99999999999999289 ) ) ;
#465 = VECTOR ( 'NONE', #1041, 1000.000000000000000 ) ;
#466 = CARTESIAN_POINT ( 'NONE',  ( 770.0000000000000000, 0.000000000000000000, -27.50000000000000000 ) ) ;
#467 = DIRECTION ( 'NONE',  ( 0.000000000000000000, 0.000000000000000000, 1.000000000000000000 ) ) ;
#468 = ORIENTED_EDGE ( 'NONE', *, *, #42, .F. ) ;
#469 = CARTESIAN_POINT ( 'NONE',  ( -17.00000000000000000, -50.00000000000000000, -37.50000000000000000 ) ) ;
#470 = ORIENTED_EDGE ( 'NONE', *, *, #1048, .T. ) ;
#471 = CARTESIAN_POINT ( 'NONE',  ( -15.43167900349587107, -40.77034940334642954, 40.00000000000000711 ) ) ;
#472 = FACE_OUTER_BOUND ( 'NONE', #1114, .T. ) ;
#473 = VERTEX_POINT ( 'NONE', #578 ) ;
#474 = LINE ( 'NONE', #1280, #461 ) ;
#475 = CARTESIAN_POINT ( 'NONE',  ( -14.56435370181775291, -50.00000000000000711, 25.12401860630171413 ) ) ;
#476 = EDGE_LOOP ( 'NONE', ( #1331, #143, #158, #645, #1069, #599, #1253, #1204, #815, #444, #1033, #742 ) ) ;
#477 = CARTESIAN_POINT ( 'NONE',  ( -9.586279453907778247, 50.00000000000000000, -17.08988485534407431 ) ) ;
#478 = CARTESIAN_POINT ( 'NONE',  ( -14.83800057289574426, 39.60131520432908303, -39.99999999999998579 ) ) ;
#479 = EDGE_LOOP ( 'NONE', ( #275, #456, #1247, #608 ) ) ;
#480 = DIRECTION ( 'NONE',  ( -1.000000000000000000, 0.000000000000000000, 0.000000000000000000 ) ) ;
#481 = ADVANCED_FACE ( 'NONE', ( #367, #1057 ), #771, .F. ) ;
#482 = ADVANCED_FACE ( 'NONE', ( #776 ), #235, .T. ) ;
#483 = CARTESIAN_POINT ( 'NONE',  ( -11.52269928143875610, -50.00000000000000000, 19.25373441722207701 ) ) ;
#484 = EDGE_LOOP ( 'NONE', ( #883, #538, #87, #770 ) ) ;
#485 = CC_DESIGN_APPROVAL ( #515, ( #785 ) ) ;
#486 = CARTESIAN_POINT ( 'NONE',  ( -9.689460121265597081, 50.00000000000000711, -17.17745985719634305 ) ) ;
#487 = ORIENTED_EDGE ( 'NONE', *, *, #1095, .F. ) ;
#488 = CARTESIAN_POINT ( 'NONE',  ( -17.00000000000000000, -50.00000000000000000, 40.00000000000000000 ) ) ;
#489 = VECTOR ( 'NONE', #1053, 1000.000000000000000 ) ;
#490 = CIRCLE ( 'NONE', #1236, 27.50000000000000000 ) ;
#491 = CARTESIAN_POINT ( 'NONE',  ( -6.999999999999910294, 34.00367627183860009, -40.00000000000000000 ) ) ;
#492 = DATE_AND_TIME ( #380, #1063 ) ;
#493 = EDGE_CURVE ( 'NONE', #319, #545, #690, .T. ) ;
#494 = DIRECTION ( 'NONE',  ( -1.000000000000000000, 0.000000000000000000, 0.000000000000000000 ) ) ;
#495 = ORIENTED_EDGE ( 'NONE', *, *, #620, .F. ) ;
#496 = CARTESIAN_POINT ( 'NONE',  ( -9.339727591615080371, -34.43132547351943629, 39.99999999999999289 ) ) ;
#497 = CARTESIAN_POINT ( 'NONE',  ( -11.88430238231423886, 35.93591547669770847, -39.99999999999999289 ) ) ;
#498 = PERSON ( '未', '未', '未', ('未'), ('未'), ('未') ) ;
#499 = DIRECTION ( 'NONE',  ( -1.000000000000000000, 0.000000000000000000, 0.000000000000000000 ) ) ;
#500 = APPLICATION_PROTOCOL_DEFINITION ( 'international standard', 'config_control_design', 1994, #552 ) ;
#501 = CARTESIAN_POINT ( 'NONE',  ( -13.06242754232092373, -50.00000000000000000, 21.72293059122188552 ) ) ;
#502 = ORIENTED_EDGE ( 'NONE', *, *, #540, .T. ) ;
#503 = ORIENTED_EDGE ( 'NONE', *, *, #647, .T. ) ;
#504 = CARTESIAN_POINT ( 'NONE',  ( -9.339727591615080371, 34.43132547351942918, -40.00000000000000000 ) ) ;
#505 = ADVANCED_FACE ( 'NONE', ( #1013 ), #80, .F. ) ;
#506 = CARTESIAN_POINT ( 'NONE',  ( -17.00000000000000000, 48.02343178074640662, 40.00000000000000000 ) ) ;
#507 = CARTESIAN_POINT ( 'NONE',  ( -17.00000000000000000, 0.000000000000000000, 0.000000000000000000 ) ) ;
#508 = DIRECTION ( 'NONE',  ( 0.000000000000000000, 0.000000000000000000, 1.000000000000000000 ) ) ;
#509 = ORIENTED_EDGE ( 'NONE', *, *, #630, .F. ) ;
#510 = AXIS2_PLACEMENT_3D ( 'NONE', #1066, #1180, #778 ) ;
#511 = CARTESIAN_POINT ( 'NONE',  ( -11.82118715233184858, 50.00000000000001421, 19.69075738969545952 ) ) ;
#512 = CIRCLE ( 'NONE', #548, 52.50000000000000000 ) ;
#513 = ORIENTED_EDGE ( 'NONE', *, *, #915, .F. ) ;
#514 = CARTESIAN_POINT ( 'NONE',  ( -15.84646272816625512, 41.77137611399362527, -39.99999999999999289 ) ) ;
#515 = APPROVAL ( #193, '未' ) ;
#516 = AXIS2_PLACEMENT_3D ( 'NONE', #877, #445, #55 ) ;
#517 = DIRECTION ( 'NONE',  ( 0.000000000000000000, 0.000000000000000000, 1.000000000000000000 ) ) ;
#518 = DIRECTION ( 'NONE',  ( 1.000000000000000000, 0.000000000000000000, 0.000000000000000000 ) ) ;
#519 = EDGE_CURVE ( 'NONE', #74, #29, #52, .T. ) ;
#520 = CARTESIAN_POINT ( 'NONE',  ( -11.84406364530188860, -50.00000000000002132, -19.72522394694588854 ) ) ;
#521 = CARTESIAN_POINT ( 'NONE',  ( -17.00000000000000000, 50.00000000000000000, -37.50000000000000000 ) ) ;
#522 = PERSON_AND_ORGANIZATION ( #498, #725 ) ;
#523 = CARTESIAN_POINT ( 'NONE',  ( -14.37780456529002926, -38.83412191105276179, -39.99999999999997158 ) ) ;
#524 = ORIENTED_EDGE ( 'NONE', *, *, #610, .T. ) ;
#525 = LINE ( 'NONE', #122, #207 ) ;
#526 = PERSON_AND_ORGANIZATION ( #498, #725 ) ;
#527 = CARTESIAN_POINT ( 'NONE',  ( -11.65846594498956357, -35.74691493560642641, -39.99999999999999289 ) ) ;
#528 = ORIENTED_EDGE ( 'NONE', *, *, #792, .F. ) ;
#529 = CARTESIAN_POINT ( 'NONE',  ( -17.00000000000000000, 0.000000000000000000, 0.000000000000000000 ) ) ;
#530 = CARTESIAN_POINT ( 'NONE',  ( -16.16207458788515083, -50.00000000000000711, -30.28519636194029729 ) ) ;
#531 = EDGE_CURVE ( 'NONE', #429, #1166, #228, .T. ) ;
#532 = AXIS2_PLACEMENT_3D ( 'NONE', #420, #109, #726 ) ;
#533 = CC_DESIGN_PERSON_AND_ORGANIZATION_ASSIGNMENT ( #522, #1333, ( #1231 ) ) ;
#534 = VERTEX_POINT ( 'NONE', #977 ) ;
#535 = LINE ( 'NONE', #948, #3 ) ;
#536 = LINE ( 'NONE', #542, #489 ) ;
#537 = CARTESIAN_POINT ( 'NONE',  ( -9.811316812551064359, 50.00000000000000000, 17.28447946704339699 ) ) ;
#538 = ORIENTED_EDGE ( 'NONE', *, *, #1224, .T. ) ;
#539 = CARTESIAN_POINT ( 'NONE',  ( -9.796423722149382840, -50.00000000000001421, -17.27118766948314743 ) ) ;
#540 = EDGE_CURVE ( 'NONE', #1216, #900, #812, .T. ) ;
#541 = CALENDAR_DATE ( 2026, 17, 8 ) ;
#542 = CARTESIAN_POINT ( 'NONE',  ( -17.00000000000000000, -50.00000000000000000, -40.00000000000000000 ) ) ;
#543 = CARTESIAN_POINT ( 'NONE',  ( -16.38104979749013523, 50.00000000000001421, 31.39559078856154883 ) ) ;
#544 = CIRCLE ( 'NONE', #370, 27.50000000000000000 ) ;
#545 = VERTEX_POINT ( 'NONE', #851 ) ;
#546 = CARTESIAN_POINT ( 'NONE',  ( -15.60352614293141471, -41.17327657731502910, 40.00000000000000000 ) ) ;
#547 = DIRECTION ( 'NONE',  ( 1.000000000000000000, 0.000000000000000000, 0.000000000000000000 ) ) ;
#548 = AXIS2_PLACEMENT_3D ( 'NONE', #507, #480, #71 ) ;
#549 = CARTESIAN_POINT ( 'NONE',  ( -9.220418919854635575, -34.38836963852916284, -40.00000000000000000 ) ) ;
#550 = DIRECTION ( 'NONE',  ( 0.000000000000000000, 0.000000000000000000, 1.000000000000000000 ) ) ;
#551 = AXIS2_PLACEMENT_3D ( 'NONE', #1207, #607, #1194 ) ;
#552 = APPLICATION_CONTEXT ( 'configuration controlled 3d designs of mechanical parts and assemblies' ) ;
#553 = CARTESIAN_POINT ( 'NONE',  ( -13.06242754233143621, 50.00000000000001421, -21.72293059123769865 ) ) ;
#554 = ORIENTED_EDGE ( 'NONE', *, *, #383, .T. ) ;
#555 = CARTESIAN_POINT ( 'NONE',  ( -12.83539418108143160, -36.82920721213579895, 40.00000000000000000 ) ) ;
#556 = EDGE_CURVE ( 'NONE', #147, #1313, #443, .T. ) ;
#557 = CARTESIAN_POINT ( 'NONE',  ( -17.00000000000000000, 48.02343178074640662, -40.00000000000000000 ) ) ;
#558 = DIRECTION ( 'NONE',  ( 0.000000000000000000, 0.000000000000000000, 1.000000000000000000 ) ) ;
#559 = CARTESIAN_POINT ( 'NONE',  ( -13.07891521372081733, 37.10559176515867108, 40.00000000000000711 ) ) ;
#560 = DIRECTION ( 'NONE',  ( 0.000000000000000000, 0.000000000000000000, 1.000000000000000000 ) ) ;
#561 = ORIENTED_EDGE ( 'NONE', *, *, #961, .F. ) ;
#562 = CARTESIAN_POINT ( 'NONE',  ( -14.68847217865921095, -39.34322057517456983, 40.00000000000000711 ) ) ;
#563 = DIRECTION ( 'NONE',  ( 0.000000000000000000, 0.000000000000000000, 1.000000000000000000 ) ) ;
#564 = CARTESIAN_POINT ( 'NONE',  ( 770.0000000000000000, 5.204748896376250896E-15, -42.50000000000000000 ) ) ;
#565 = CARTESIAN_POINT ( 'NONE',  ( -10.76926833680060369, 35.12841285805104974, 39.99999999999999289 ) ) ;
#566 = FACE_OUTER_BOUND ( 'NONE', #715, .T. ) ;
#567 = DIRECTION ( 'NONE',  ( -1.000000000000000000, 0.000000000000000000, 0.000000000000000000 ) ) ;
#568 = VERTEX_POINT ( 'NONE', #1079 ) ;
#569 = DIRECTION ( 'NONE',  ( 0.000000000000000000, 0.000000000000000000, 1.000000000000000000 ) ) ;
#570 = CARTESIAN_POINT ( 'NONE',  ( -16.40008912813547681, 43.49311608693364661, -39.99999999999999289 ) ) ;
#571 = DIRECTION ( 'NONE',  ( -1.000000000000000000, 0.000000000000000000, 0.000000000000000000 ) ) ;
#572 = CARTESIAN_POINT ( 'NONE',  ( -14.43206666309290220, 38.91990111704111399, 40.00000000000000000 ) ) ;
#573 = CARTESIAN_POINT ( 'NONE',  ( -17.00000000000000000, -50.00000000000000000, 40.00000000000000000 ) ) ;
#574 = EDGE_CURVE ( 'NONE', #12, #1242, #1160, .T. ) ;
#575 = CIRCLE ( 'NONE', #1190, 50.00000000000000000 ) ;
#576 = CARTESIAN_POINT ( 'NONE',  ( -15.48867718252256687, -50.00000000000000711, 27.70988663122853879 ) ) ;
#577 = ORIENTED_EDGE ( 'NONE', *, *, #8, .T. ) ;
#578 = CARTESIAN_POINT ( 'NONE',  ( -17.00000000000000000, -50.00000000000000000, 37.50000000000000000 ) ) ;
#579 = VECTOR ( 'NONE', #1282, 1000.000000000000000 ) ;
#580 = CARTESIAN_POINT ( 'NONE',  ( -12.99144091637266563, 37.00796067030698566, 40.00000000000000000 ) ) ;
#581 = CARTESIAN_POINT ( 'NONE',  ( -87.00000000000000000, 0.000000000000000000, -40.00000000000000000 ) ) ;
#582 = CARTESIAN_POINT ( 'NONE',  ( -17.00000000000000000, 50.00000000000000000, 40.00000000000000000 ) ) ;
#583 = ORIENTED_EDGE ( 'NONE', *, *, #1115, .T. ) ;
#584 = CARTESIAN_POINT ( 'NONE',  ( -8.552882876636020981, -34.14331682748947827, 40.00000000000001421 ) ) ;
#585 = ADVANCED_FACE ( 'NONE', ( #1252 ), #1256, .F. ) ;
#586 = EDGE_CURVE ( 'NONE', #323, #338, #35, .T. ) ;
#587 = CARTESIAN_POINT ( 'NONE',  ( -6.999999999999910294, 34.00367627183860009, -40.00000000000000000 ) ) ;
#588 = CARTESIAN_POINT ( 'NONE',  ( -9.294070135854672898, 34.41461748980652402, 40.00000000000000000 ) ) ;
#589 = MECHANICAL_CONTEXT ( 'NONE', #552, 'mechanical' ) ;
#590 = LINE ( 'NONE', #997, #788 ) ;
#591 = EDGE_LOOP ( 'NONE', ( #1195, #1273, #302, #180 ) ) ;
#592 = CARTESIAN_POINT ( 'NONE',  ( -8.969168310691962631, 50.00000000000000711, -16.62473238648962592 ) ) ;
#593 = CARTESIAN_POINT ( 'NONE',  ( -9.922665465040340749, 34.67060065840465199, -39.99999999999999289 ) ) ;
#594 = EDGE_CURVE ( 'NONE', #382, #1133, #290, .T. ) ;
#595 = CARTESIAN_POINT ( 'NONE',  ( -17.00000000000000000, 34.00367627183860009, -40.00000000000000000 ) ) ;
#596 = DIRECTION ( 'NONE',  ( 0.000000000000000000, 0.000000000000000000, 1.000000000000000000 ) ) ;
#597 = ADVANCED_BREP_SHAPE_REPRESENTATION ( 'Bucket_Housing_Default_sldprt', ( #606, #241 ), #1299 ) ;
#598 = CARTESIAN_POINT ( 'NONE',  ( -16.17787413604231261, -49.99999999999998579, 30.41790109897924665 ) ) ;
#599 = ORIENTED_EDGE ( 'NONE', *, *, #1141, .T. ) ;
#600 = AXIS2_PLACEMENT_3D ( 'NONE', #188, #722, #1302 ) ;
#601 = CARTESIAN_POINT ( 'NONE',  ( -11.77932957122452429, 50.00000000000000000, -19.62805346812796259 ) ) ;
#602 = CARTESIAN_POINT ( 'NONE',  ( -87.00000000000000000, -50.00000000000000000, 40.00000000000000000 ) ) ;
#603 = AXIS2_PLACEMENT_3D ( 'NONE', #246, #862, #758 ) ;
#604 = DIRECTION ( 'NONE',  ( 1.000000000000000000, 0.000000000000000000, 0.000000000000000000 ) ) ;
#605 = PERSON_AND_ORGANIZATION ( #498, #725 ) ;
#606 = MANIFOLD_SOLID_BREP ( 'Solid1[1]', #662 ) ;
#607 = DIRECTION ( 'NONE',  ( 1.000000000000000000, 0.000000000000000000, 0.000000000000000000 ) ) ;
#608 = ORIENTED_EDGE ( 'NONE', *, *, #991, .T. ) ;
#609 = CARTESIAN_POINT ( 'NONE',  ( -6.999999999999910294, -34.00367627183860009, 40.00000000000000000 ) ) ;
#610 = EDGE_CURVE ( 'NONE', #199, #473, #26, .T. ) ;
#611 = CARTESIAN_POINT ( 'NONE',  ( -9.620427852863430829, 34.54054577747307775, -40.00000000000000000 ) ) ;
#612 = CYLINDRICAL_SURFACE ( 'NONE', #708, 52.50000000000000000 ) ;
#613 = CARTESIAN_POINT ( 'NONE',  ( -9.664902636687189741, -34.55028512255852746, -39.99999999999999289 ) ) ;
#614 = ORIENTED_EDGE ( 'NONE', *, *, #858, .F. ) ;
#615 = CARTESIAN_POINT ( 'NONE',  ( -14.60286408418334680, 50.00000000000000000, 25.22363792979132668 ) ) ;
#616 = CARTESIAN_POINT ( 'NONE',  ( -9.741085684604041006, 50.00000000000000000, -17.22232409994850144 ) ) ;
#617 = ORIENTED_EDGE ( 'NONE', *, *, #630, .T. ) ;
#618 = PLANE ( 'NONE',  #729 ) ;
#619 = CARTESIAN_POINT ( 'NONE',  ( -15.58401565212503215, 41.12753492048575055, 39.99999999999999289 ) ) ;
#620 = EDGE_CURVE ( 'NONE', #890, #1146, #985, .T. ) ;
#621 = CARTESIAN_POINT ( 'NONE',  ( -6.999999999999910294, 0.000000000000000000, 0.000000000000000000 ) ) ;
#622 = DIRECTION ( 'NONE',  ( 1.000000000000000000, 0.000000000000000000, 0.000000000000000000 ) ) ;
#623 = VECTOR ( 'NONE', #111, 1000.000000000000000 ) ;
#624 = AXIS2_PLACEMENT_3D ( 'NONE', #209, #629, #936 ) ;
#625 = DIRECTION ( 'NONE',  ( 0.000000000000000000, 0.000000000000000000, -1.000000000000000000 ) ) ;
#626 = COORDINATED_UNIVERSAL_TIME_OFFSET ( 8, 0, .AHEAD. ) ;
#627 = CARTESIAN_POINT ( 'NONE',  ( -14.98648652254956559, -39.85946621890514052, -40.00000000000000711 ) ) ;
#628 = PLANE ( 'NONE',  #923 ) ;
#629 = DIRECTION ( 'NONE',  ( 0.000000000000000000, 0.000000000000000000, -1.000000000000000000 ) ) ;
#630 = EDGE_CURVE ( 'NONE', #842, #74, #245, .T. ) ;
#631 = CARTESIAN_POINT ( 'NONE',  ( -11.06016492203985813, -35.31910797009693681, -40.00000000000000000 ) ) ;
#632 = ORIENTED_EDGE ( 'NONE', *, *, #1262, .T. ) ;
#633 = CARTESIAN_POINT ( 'NONE',  ( -9.811316812550675337, -49.99999999999999289, -17.28447946704285343 ) ) ;
#634 = EDGE_CURVE ( 'NONE', #872, #867, #423, .T. ) ;
#635 = APPROVAL_DATE_TIME ( #829, #1205 ) ;
#636 = CARTESIAN_POINT ( 'NONE',  ( -16.92102111285092292, -49.99999999999999289, -34.99873750100042713 ) ) ;
#637 = CARTESIAN_POINT ( 'NONE',  ( -10.08978109012347701, 50.00000000000000000, 17.54335618033415756 ) ) ;
#638 = CARTESIAN_POINT ( 'NONE',  ( -10.18078521897444411, -34.78346978457473426, -39.99999999999999289 ) ) ;
#639 = ORIENTED_EDGE ( 'NONE', *, *, #1159, .F. ) ;
#640 = B_SPLINE_CURVE_WITH_KNOTS ( 'NONE', 3,
 ( #326, #432, #1240, #10, #440, #850, #1249, #5, #543, #397, #232, #1246, #1116, #1258, #736, #198, #428, #615, #334, #89, #955, #643, #322, #748, #1323, #1137, #215, #1144, #511, #1049, #1152, #125, #637, #410, #120, #16, #537, #754, #1040, #949, #112, #1158, #227 ),
 .UNSPECIFIED., .F., .F.,
 ( 4, 1, 1, 1, 1, 2, 2, 1, 1, 1, 1, 1, 2, 2, 1, 1, 1, 1, 1, 1, 1, 2, 2, 1, 1, 1, 1, 1, 1, 1, 2, 2, 4 ),
 ( 0.000000000000000000, 0.1250000000000072720, 0.1875000000000109079, 0.2187500000000131284, 0.2343750000000138223, 0.2421875000000137668, 0.2500000000000136557, 0.3750000000000199840, 0.4375000000000229261, 0.4687500000000242029, 0.4843750000000246470, 0.4921875000000248690, 0.4960937500000249800, 0.5000000000000250910, 0.6250000000000215383, 0.6875000000000198730, 0.7187500000000193179, 0.7343750000000189848, 0.7421875000000187628, 0.7460937500000186517, 0.7480468750000185407, 0.7490234375000184297, 0.7500000000000184297, 0.8125000000000274225, 0.8437500000000316414, 0.8593750000000339728, 0.8671875000000351941, 0.8710937500000356382, 0.8730468750000356382, 0.8740234375000358602, 0.8745117187500358602, 0.8750000000000358602, 1.000000000000000000 ),
 .UNSPECIFIED. ) ;
#641 = CARTESIAN_POINT ( 'NONE',  ( -14.67399498314060580, -50.00000000000000000, -25.40965245908418879 ) ) ;
#642 = AXIS2_PLACEMENT_3D ( 'NONE', #529, #942, #839 ) ;
#643 = CARTESIAN_POINT ( 'NONE',  ( -12.26030397332544908, 49.99999999999998579, 20.37493470574839449 ) ) ;
#644 = APPLICATION_CONTEXT ( 'configuration controlled 3d designs of mechanical parts and assemblies' ) ;
#645 = ORIENTED_EDGE ( 'NONE', *, *, #1213, .F. ) ;
#646 = CARTESIAN_POINT ( 'NONE',  ( 770.0000000000000000, 0.000000000000000000, 0.000000000000000000 ) ) ;
#647 = EDGE_CURVE ( 'NONE', #419, #568, #166, .T. ) ;
#648 = CARTESIAN_POINT ( 'NONE',  ( -17.00000000000000000, -34.00367627183860009, -40.00000000000000000 ) ) ;
#649 = CARTESIAN_POINT ( 'NONE',  ( -87.00000000000000000, 0.000000000000000000, -40.00000000000000000 ) ) ;
#650 = CARTESIAN_POINT ( 'NONE',  ( -7.458584327862993746, -50.00000000000000711, 16.00781059358210356 ) ) ;
#651 = VERTEX_POINT ( 'NONE', #469 ) ;
#652 = CARTESIAN_POINT ( 'NONE',  ( -15.84646272818918789, -41.77137611405804307, 39.99999999999999289 ) ) ;
#653 = CARTESIAN_POINT ( 'NONE',  ( -14.61415927648181068, -50.00000000000000711, -25.25302335951043631 ) ) ;
#654 = DIRECTION ( 'NONE',  ( 0.000000000000000000, 0.000000000000000000, 1.000000000000000000 ) ) ;
#655 = EDGE_CURVE ( 'NONE', #867, #872, #114, .T. ) ;
#656 = CARTESIAN_POINT ( 'NONE',  ( -8.969168310694744406, -49.99999999999999289, 16.62473238648964724 ) ) ;
#657 = VERTEX_POINT ( 'NONE', #780 ) ;
#658 = CARTESIAN_POINT ( 'NONE',  ( -13.12248839317788374, -37.15485477264517300, 39.99999999999999289 ) ) ;
#659 = DIRECTION ( 'NONE',  ( 0.000000000000000000, 0.000000000000000000, 1.000000000000000000 ) ) ;
#660 = CARTESIAN_POINT ( 'NONE',  ( -17.00000000000000000, -50.00000000000000000, 40.00000000000000000 ) ) ;
#661 = CARTESIAN_POINT ( 'NONE',  ( -87.00000000000000000, -50.00000000000000000, 40.00000000000000000 ) ) ;
#662 = CLOSED_SHELL ( 'NONE', ( #1294, #117, #752, #405, #368, #505, #1124, #20, #106, #585, #1198, #1156, #866, #980, #100, #886, #168, #1251, #845, #205, #481, #43, #335, #926, #225, #674, #482, #1143, #406 ) ) ;
#663 = AXIS2_PLACEMENT_3D ( 'NONE', #1189, #161, #563 ) ;
#664 = DIRECTION ( 'NONE',  ( -1.000000000000000000, 0.000000000000000000, 0.000000000000000000 ) ) ;
#665 = CARTESIAN_POINT ( 'NONE',  ( -16.35500575494931041, 50.00000000000001421, -31.26353702324259487 ) ) ;
#666 = ORIENTED_EDGE ( 'NONE', *, *, #1058, .F. ) ;
#667 = CARTESIAN_POINT ( 'NONE',  ( -16.44500617921138996, -43.66339098662565732, 39.99999999999998579 ) ) ;
#668 = CARTESIAN_POINT ( 'NONE',  ( 0.000000000000000000, 5.204748896376250896E-15, -42.50000000000000000 ) ) ;
#669 = CARTESIAN_POINT ( 'NONE',  ( -13.71442971369086727, 37.86426676246911427, 39.99999999999999289 ) ) ;
#670 = LINE ( 'NONE', #1293, #744 ) ;
#671 = CARTESIAN_POINT ( 'NONE',  ( -16.78938963426915265, 50.00000000000000711, -33.46583974474127388 ) ) ;
#672 = ORIENTED_EDGE ( 'NONE', *, *, #1322, .T. ) ;
#673 = CARTESIAN_POINT ( 'NONE',  ( -16.07864373320453666, -42.40123742430203180, 39.99999999999999289 ) ) ;
#674 = ADVANCED_FACE ( 'NONE', ( #1011, #1186 ), #992, .F. ) ;
#675 = CARTESIAN_POINT ( 'NONE',  ( -14.98648652257628022, 39.85946621894431985, 39.99999999999998579 ) ) ;
#676 = PLANE ( 'NONE',  #1024 ) ;
#677 = CARTESIAN_POINT ( 'NONE',  ( -40.00000000000000000, 0.000000000000000000, 52.50000000000000000 ) ) ;
#678 = ORIENTED_EDGE ( 'NONE', *, *, #647, .F. ) ;
#679 = CARTESIAN_POINT ( 'NONE',  ( -13.12912916351390002, -37.16241210634092340, 40.00000000000000000 ) ) ;
#680 = CARTESIAN_POINT ( 'NONE',  ( -16.36711138688881562, 43.37153713555849066, -39.99999999999999289 ) ) ;
#681 = CARTESIAN_POINT ( 'NONE',  ( -16.32776462505100312, -43.23004018453649167, -39.99999999999999289 ) ) ;
#682 = EDGE_LOOP ( 'NONE', ( #1209, #802, #993, #1042 ) ) ;
#683 = DIRECTION ( 'NONE',  ( 0.000000000000000000, 0.000000000000000000, -1.000000000000000000 ) ) ;
#684 = LOCAL_TIME ( 14, 13, 52.00000000000000000, #280 ) ;
#685 = CIRCLE ( 'NONE', #221, 52.50000000000000000 ) ;
#686 = CARTESIAN_POINT ( 'NONE',  ( -9.785354830797068360, -50.00000000000000000, 17.26134958196539770 ) ) ;
#687 = VERTEX_POINT ( 'NONE', #277 ) ;
#688 = AXIS2_PLACEMENT_3D ( 'NONE', #450, #17, #841 ) ;
#689 = EDGE_CURVE ( 'NONE', #429, #713, #1045, .T. ) ;
#690 = B_SPLINE_CURVE_WITH_KNOTS ( 'NONE', 3,
 ( #457, #1070, #46, #1176, #253, #667, #352, #30, #861, #230, #135, #673, #652, #346, #979, #128, #1183, #546, #471, #144, #958, #562, #1081, #967, #868, #37, #1274, #464, #261, #1075, #1167, #679, #658, #555, #1268, #244, #757, #19, #853, #1261, #764, #1062, #409, #797, #197, #1321, #922, #1188, #496, #584, #909, #609 ),
 .UNSPECIFIED., .F., .F.,
 ( 4, 1, 1, 1, 1, 1, 2, 2, 1, 1, 1, 1, 2, 2, 1, 1, 2, 2, 1, 1, 1, 1, 1, 2, 2, 1, 1, 1, 1, 2, 2, 1, 1, 1, 1, 2, 2, 4 ),
 ( 0.000000000000000000, 0.1249999999999871214, 0.1874999999999811817, 0.2187499999999782119, 0.2343749999999772404, 0.2421874999999768241, 0.2460937499999765465, 0.2499999999999762967, 0.3124999999999690803, 0.3437499999999660272, 0.3593749999999649170, 0.3671874999999643618, 0.3710937499999646394, 0.3749999999999650280, 0.4374999999999753530, 0.4687499999999799605, 0.4843749999999823475, 0.4999999999999846789, 0.5624999999999944489, 0.5937499999999993339, 0.6093750000000016653, 0.6171875000000027756, 0.6210937500000039968, 0.6230468750000041078, 0.6250000000000042188, 0.6875000000000062172, 0.7187500000000068834, 0.7343750000000067724, 0.7421875000000063283, 0.7460937500000064393, 0.7500000000000064393, 0.8125000000000067724, 0.8437500000000072164, 0.8593750000000071054, 0.8671875000000068834, 0.8710937500000069944, 0.8750000000000069944, 1.000000000000000000 ),
 .UNSPECIFIED. ) ;
#691 = EDGE_LOOP ( 'NONE', ( #249, #1201 ) ) ;
#692 = CARTESIAN_POINT ( 'NONE',  ( -6.999999999999910294, 34.00367627183860009, 40.00000000000000000 ) ) ;
#693 = DIRECTION ( 'NONE',  ( 0.000000000000000000, 0.000000000000000000, 1.000000000000000000 ) ) ;
#694 = VERTEX_POINT ( 'NONE', #1092 ) ;
#695 = EDGE_CURVE ( 'NONE', #951, #338, #590, .T. ) ;
#696 = DIRECTION ( 'NONE',  ( 1.000000000000000000, 0.000000000000000000, 0.000000000000000000 ) ) ;
#697 = CARTESIAN_POINT ( 'NONE',  ( -12.11131139061342843, 36.11851635462736709, 40.00000000000000711 ) ) ;
#698 = CARTESIAN_POINT ( 'NONE',  ( -11.74269212553169695, -49.99999999999999289, 19.57354832342500472 ) ) ;
#699 = ORIENTED_EDGE ( 'NONE', *, *, #1021, .F. ) ;
#700 = CARTESIAN_POINT ( 'NONE',  ( -10.13228171907372577, 50.00000000000000711, -17.56985900332450257 ) ) ;
#701 = ORIENTED_EDGE ( 'NONE', *, *, #1283, .F. ) ;
#702 = CARTESIAN_POINT ( 'NONE',  ( -6.999999999999910294, -50.00000000000000000, 16.00781059358210001 ) ) ;
#703 = CARTESIAN_POINT ( 'NONE',  ( -16.99999999999999289, 46.44511777318313506, 40.00000000000000711 ) ) ;
#704 = CARTESIAN_POINT ( 'NONE',  ( -11.66939320986924500, -50.00000000000000711, 19.46556902859222049 ) ) ;
#705 = ORIENTED_EDGE ( 'NONE', *, *, #792, .T. ) ;
#706 = LOCAL_TIME ( 14, 13, 52.00000000000000000, #626 ) ;
#707 = B_SPLINE_CURVE_WITH_KNOTS ( 'NONE', 3,
 ( #318, #1132, #920, #130, #1138, #341, #549, #195, #1035, #613, #638, #211, #631, #1016, #1227, #723, #1326, #527, #107, #97, #938, #718, #1026, #1126, #86, #821, #960, #1330, #305, #856, #523, #208, #418, #627, #1031, #825, #1335, #424, #1232, #313, #831, #216, #1300, #154, #863, #681, #263, #239, #1089, #255 ),
 .UNSPECIFIED., .F., .F.,
 ( 4, 1, 1, 1, 1, 2, 2, 1, 1, 1, 1, 2, 2, 1, 1, 1, 1, 1, 2, 2, 1, 1, 2, 2, 1, 1, 1, 1, 2, 2, 1, 1, 1, 2, 2, 4 ),
 ( 0.000000000000000000, 0.06250000000002786660, 0.09375000000004179990, 0.1093750000000487665, 0.1171875000000523748, 0.1210937500000543177, 0.1250000000000562328, 0.1875000000000843769, 0.2187500000000988376, 0.2343750000001056655, 0.2421875000001087741, 0.2460937500001101064, 0.2500000000001114664, 0.3125000000001349476, 0.3437500000001463274, 0.3593750000001521006, 0.3671875000001553202, 0.3710937500001570410, 0.3730468750001573741, 0.3750000000001577627, 0.4375000000001421085, 0.4687500000001342815, 0.4843750000001307843, 0.5000000000001273426, 0.5625000000001134648, 0.5937500000001060263, 0.6093750000001019185, 0.6171875000000994760, 0.6210937500000981437, 0.6250000000000969225, 0.6875000000000783817, 0.7187500000000696110, 0.7343750000000652811, 0.7421875000000631717, 0.7500000000000609512, 1.000000000000000000 ),
 .UNSPECIFIED. ) ;
#708 = AXIS2_PLACEMENT_3D ( 'NONE', #927, #717, #201 ) ;
#709 = DIRECTION ( 'NONE',  ( 9.912705577010329247E-17, 1.000000000000000000, 0.000000000000000000 ) ) ;
#710 = AXIS2_PLACEMENT_3D ( 'NONE', #646, #1327, #415 ) ;
#711 = DIRECTION ( 'NONE',  ( 1.000000000000000000, 0.000000000000000000, 0.000000000000000000 ) ) ;
#712 = CARTESIAN_POINT ( 'NONE',  ( -16.35500575494931041, -50.00000000000001421, 31.26353702324252026 ) ) ;
#713 = VERTEX_POINT ( 'NONE', #1203 ) ;
#714 = DIRECTION ( 'NONE',  ( 0.000000000000000000, 0.000000000000000000, 1.000000000000000000 ) ) ;
#715 = EDGE_LOOP ( 'NONE', ( #79, #1309, #983 ) ) ;
#716 = CARTESIAN_POINT ( 'NONE',  ( -11.02055057834122742, 35.28337995454048581, -40.00000000000000711 ) ) ;
#717 = DIRECTION ( 'NONE',  ( -1.000000000000000000, 0.000000000000000000, 0.000000000000000000 ) ) ;
#718 = CARTESIAN_POINT ( 'NONE',  ( -12.99144091637266563, -37.00796067030694303, -40.00000000000000711 ) ) ;
#719 = CARTESIAN_POINT ( 'NONE',  ( -17.00000000000000000, 0.000000000000000000, 0.000000000000000000 ) ) ;
#720 = CARTESIAN_POINT ( 'NONE',  ( -15.65863481987144645, 41.30426962121991608, -40.00000000000000711 ) ) ;
#721 = CARTESIAN_POINT ( 'NONE',  ( -16.78456646228675808, 44.87827948427566582, 40.00000000000000711 ) ) ;
#722 = DIRECTION ( 'NONE',  ( -1.000000000000000000, 0.000000000000000000, 0.000000000000000000 ) ) ;
#723 = CARTESIAN_POINT ( 'NONE',  ( -11.30773281258541907, -35.49221507922050733, -40.00000000000000000 ) ) ;
#724 = VECTOR ( 'NONE', #1271, 1000.000000000000000 ) ;
#725 = ORGANIZATION ( '未', '未', '' ) ;
#726 = DIRECTION ( 'NONE',  ( 0.000000000000000000, 0.000000000000000000, -1.000000000000000000 ) ) ;
#727 = EDGE_CURVE ( 'NONE', #978, #900, #102, .T. ) ;
#728 = AXIS2_PLACEMENT_3D ( 'NONE', #982, #49, #467 ) ;
#729 = AXIS2_PLACEMENT_3D ( 'NONE', #602, #709, #1020 ) ;
#730 = DIRECTION ( 'NONE',  ( -1.000000000000000000, 0.000000000000000000, 0.000000000000000000 ) ) ;
#731 = ORIENTED_EDGE ( 'NONE', *, *, #695, .T. ) ;
#732 = DIRECTION ( 'NONE',  ( 0.000000000000000000, 0.000000000000000000, 1.000000000000000000 ) ) ;
#733 = CC_DESIGN_DATE_AND_TIME_ASSIGNMENT ( #105, #1038, ( #785 ) ) ;
#734 = PERSON_AND_ORGANIZATION ( #498, #725 ) ;
#735 = DIRECTION ( 'NONE',  ( -1.000000000000000000, 0.000000000000000000, 0.000000000000000000 ) ) ;
#736 = CARTESIAN_POINT ( 'NONE',  ( -14.67399498314060047, 49.99999999999999289, 25.40965245908418169 ) ) ;
#737 = DIRECTION ( 'NONE',  ( 0.000000000000000000, 0.000000000000000000, 1.000000000000000000 ) ) ;
#738 = ORIENTED_EDGE ( 'NONE', *, *, #820, .T. ) ;
#739 = DIRECTION ( 'NONE',  ( -1.000000000000000000, 0.000000000000000000, 0.000000000000000000 ) ) ;
#740 = DIRECTION ( 'NONE',  ( 0.000000000000000000, 0.000000000000000000, 1.000000000000000000 ) ) ;
#741 = EDGE_CURVE ( 'NONE', #900, #1216, #1107, .T. ) ;
#742 = ORIENTED_EDGE ( 'NONE', *, *, #160, .F. ) ;
#743 = CARTESIAN_POINT ( 'NONE',  ( -9.803353303063220281, -49.99999999999998579, -17.27736744957290682 ) ) ;
#744 = VECTOR ( 'NONE', #683, 1000.000000000000000 ) ;
#745 = CARTESIAN_POINT ( 'NONE',  ( -17.00000000000000000, 0.000000000000000000, 0.000000000000000000 ) ) ;
#746 = CIRCLE ( 'NONE', #163, 52.50000000000000000 ) ;
#747 = PRODUCT_RELATED_PRODUCT_CATEGORY ( 'detail', '', ( #1110 ) ) ;
#748 = CARTESIAN_POINT ( 'NONE',  ( -11.92811109377490908, 50.00000000000000711, 19.85293324071375665 ) ) ;
#749 = CARTESIAN_POINT ( 'NONE',  ( -8.151614415558018578, -50.00000000000000000, 16.16532254070742525 ) ) ;
#750 = EDGE_LOOP ( 'NONE', ( #614, #1184 ) ) ;
#751 = CYLINDRICAL_SURFACE ( 'NONE', #1303, 25.00000000000000000 ) ;
#752 = ADVANCED_FACE ( 'NONE', ( #1241 ), #25, .T. ) ;
#753 = CARTESIAN_POINT ( 'NONE',  ( -87.00000000000000000, 0.000000000000000000, 40.00000000000000000 ) ) ;
#754 = CARTESIAN_POINT ( 'NONE',  ( -9.803353303063442326, 50.00000000000000000, 17.27736744957324433 ) ) ;
#755 = CARTESIAN_POINT ( 'NONE',  ( -17.00099999999999767, 3.367778697655221307E-15, 27.50000000000000000 ) ) ;
#756 = ORIENTED_EDGE ( 'NONE', *, *, #301, .T. ) ;
#757 = CARTESIAN_POINT ( 'NONE',  ( -11.61829126352667529, -35.72398199387125572, 40.00000000000000000 ) ) ;
#758 = DIRECTION ( 'NONE',  ( 0.000000000000000000, 0.000000000000000000, 1.000000000000000000 ) ) ;
#759 = CARTESIAN_POINT ( 'NONE',  ( -6.999999999999910294, -50.00000000000000000, 16.00781059358210001 ) ) ;
#760 = CARTESIAN_POINT ( 'NONE',  ( -6.999999999999910294, 50.00000000000000000, -16.00781059358210001 ) ) ;
#761 = DIRECTION ( 'NONE',  ( 1.000000000000000000, 0.000000000000000000, 0.000000000000000000 ) ) ;
#762 = CARTESIAN_POINT ( 'NONE',  ( -14.57796183268854584, 50.00000000000002132, -25.15913085788108816 ) ) ;
#763 = ORIENTED_EDGE ( 'NONE', *, *, #1058, .T. ) ;
#764 = CARTESIAN_POINT ( 'NONE',  ( -11.36934908394121990, -35.53686289342865479, 40.00000000000000000 ) ) ;
#765 = CARTESIAN_POINT ( 'NONE',  ( -6.999999999999910294, 50.00000000000000000, 16.00781059358210001 ) ) ;
#766 = AXIS2_PLACEMENT_3D ( 'NONE', #649, #654, #1054 ) ;
#767 = CARTESIAN_POINT ( 'NONE',  ( -8.646046472554072437, 34.20877333795082365, 39.99999999999999289 ) ) ;
#768 = DIRECTION ( 'NONE',  ( 0.000000000000000000, 0.000000000000000000, -1.000000000000000000 ) ) ;
#769 = AXIS2_PLACEMENT_3D ( 'NONE', #899, #1288, #381 ) ;
#770 = ORIENTED_EDGE ( 'NONE', *, *, #574, .F. ) ;
#771 = PLANE ( 'NONE',  #1278 ) ;
#772 = CARTESIAN_POINT ( 'NONE',  ( -14.26998274035903691, 38.66738343747147866, 40.00000000000000000 ) ) ;
#773 = CARTESIAN_POINT ( 'NONE',  ( -87.00000000000000000, 0.000000000000000000, 40.00000000000000000 ) ) ;
#774 = DIRECTION ( 'NONE',  ( -1.000000000000000000, 0.000000000000000000, 0.000000000000000000 ) ) ;
#775 = ORIENTED_EDGE ( 'NONE', *, *, #991, .F. ) ;
#776 = FACE_OUTER_BOUND ( 'NONE', #1296, .T. ) ;
#777 = CARTESIAN_POINT ( 'NONE',  ( -10.18078521894643984, 34.78346978455438432, 40.00000000000001421 ) ) ;
#778 = DIRECTION ( 'NONE',  ( 0.000000000000000000, 0.000000000000000000, 1.000000000000000000 ) ) ;
#779 = EDGE_CURVE ( 'NONE', #74, #966, #934, .T. ) ;
#780 = CARTESIAN_POINT ( 'NONE',  ( -17.00000000000000000, 34.00367627183860009, 40.00000000000000000 ) ) ;
#781 = ORIENTED_EDGE ( 'NONE', *, *, #519, .T. ) ;
#782 = CARTESIAN_POINT ( 'NONE',  ( 860.0000000000000000, 52.50000000000000000, 0.000000000000000000 ) ) ;
#783 = CARTESIAN_POINT ( 'NONE',  ( -9.148776275676160807, 34.36341434391578531, 40.00000000000000000 ) ) ;
#784 = DIRECTION ( 'NONE',  ( -1.000000000000000000, 0.000000000000000000, 0.000000000000000000 ) ) ;
#785 = PRODUCT_DEFINITION ( '�', '', #1231, #1286 ) ;
#786 = CARTESIAN_POINT ( 'NONE',  ( -12.33007810793659509, -50.00000000000001421, 20.45523887952553821 ) ) ;
#787 = ORIENTED_EDGE ( 'NONE', *, *, #336, .T. ) ;
#788 = VECTOR ( 'NONE', #795, 1000.000000000000000 ) ;
#789 = CARTESIAN_POINT ( 'NONE',  ( -10.63984499189791322, 50.00000000000001421, -18.09819814126746351 ) ) ;
#790 = AXIS2_PLACEMENT_3D ( 'NONE', #271, #38, #169 ) ;
#791 = CARTESIAN_POINT ( 'NONE',  ( -9.468444136157515345, 34.48005847785095312, -40.00000000000000000 ) ) ;
#792 = EDGE_CURVE ( 'NONE', #998, #966, #447, .T. ) ;
#793 = CARTESIAN_POINT ( 'NONE',  ( -7.390269223679722721, 34.00367627183860009, 40.00000000000000000 ) ) ;
#794 = PERSON_AND_ORGANIZATION ( #498, #725 ) ;
#795 = DIRECTION ( 'NONE',  ( -1.000000000000000000, 0.000000000000000000, 0.000000000000000000 ) ) ;
#796 = ORIENTED_EDGE ( 'NONE', *, *, #892, .T. ) ;
#797 = CARTESIAN_POINT ( 'NONE',  ( -9.922665465031849763, -34.67060065840153982, 40.00000000000000000 ) ) ;
#798 = ORIENTED_EDGE ( 'NONE', *, *, #88, .T. ) ;
#799 = CARTESIAN_POINT ( 'NONE',  ( -13.53603133317106177, 37.64614046222049382, -40.00000000000000000 ) ) ;
#800 = CYLINDRICAL_SURFACE ( 'NONE', #898, 27.50000000000000000 ) ;
#801 = CARTESIAN_POINT ( 'NONE',  ( -10.63984499190181587, -49.99999999999998579, 18.09819814127334325 ) ) ;
#802 = ORIENTED_EDGE ( 'NONE', *, *, #1141, .F. ) ;
#803 = CARTESIAN_POINT ( 'NONE',  ( -17.00000000000000000, -48.02343178074640662, -40.00000000000000000 ) ) ;
#804 = DIRECTION ( 'NONE',  ( 0.000000000000000000, 0.000000000000000000, 1.000000000000000000 ) ) ;
#805 = CARTESIAN_POINT ( 'NONE',  ( -14.49987279919289307, -50.00000000000001421, 24.95877061564577559 ) ) ;
#806 = VERTEX_POINT ( 'NONE', #299 ) ;
#807 = LOCAL_TIME ( 14, 13, 52.00000000000000000, #953 ) ;
#808 = CARTESIAN_POINT ( 'NONE',  ( -87.00000000000000000, 0.000000000000000000, -52.50000000000000000 ) ) ;
#809 = CARTESIAN_POINT ( 'NONE',  ( -9.380199956467960121, 49.99999999999999289, -16.92334878624805583 ) ) ;
#810 = ORIENTED_EDGE ( 'NONE', *, *, #1237, .T. ) ;
#811 = CARTESIAN_POINT ( 'NONE',  ( -11.42615872531760424, 35.57870227281724596, -40.00000000000000000 ) ) ;
#812 = CIRCLE ( 'NONE', #688, 25.00000000000000000 ) ;
#813 = FACE_OUTER_BOUND ( 'NONE', #476, .T. ) ;
#814 =( NAMED_UNIT ( * ) PLANE_ANGLE_UNIT ( ) SI_UNIT ( $, .RADIAN. ) );
#815 = ORIENTED_EDGE ( 'NONE', *, *, #988, .T. ) ;
#816 = ORIENTED_EDGE ( 'NONE', *, *, #210, .F. ) ;
#817 = CARTESIAN_POINT ( 'NONE',  ( -12.40597876000266808, 36.38949330613098709, -39.99999999999999289 ) ) ;
#818 = CARTESIAN_POINT ( 'NONE',  ( -6.999999999999910294, 0.000000000000000000, 0.000000000000000000 ) ) ;
#819 = EDGE_CURVE ( 'NONE', #687, #1191, #746, .T. ) ;
#820 = EDGE_CURVE ( 'NONE', #1191, #1017, #707, .T. ) ;
#821 = CARTESIAN_POINT ( 'NONE',  ( -13.10612141971901146, -37.13629155733148224, -40.00000000000000711 ) ) ;
#822 = VERTEX_POINT ( 'NONE', #1170 ) ;
#823 = CARTESIAN_POINT ( 'NONE',  ( -11.82118715233196582, -50.00000000000002132, -19.69075738969560518 ) ) ;
#824 = CARTESIAN_POINT ( 'NONE',  ( -6.999999999999910294, 50.00000000000000000, -16.00781059358210001 ) ) ;
#825 = CARTESIAN_POINT ( 'NONE',  ( -15.44922389511258487, -40.81984442126839951, -40.00000000000000711 ) ) ;
#826 = ORIENTED_EDGE ( 'NONE', *, *, #531, .F. ) ;
#827 = CARTESIAN_POINT ( 'NONE',  ( -12.26030397332360167, -50.00000000000000000, -20.37493470574368359 ) ) ;
#828 = AXIS2_PLACEMENT_3D ( 'NONE', #359, #774, #1181 ) ;
#829 = DATE_AND_TIME ( #15, #706 ) ;
#830 = CARTESIAN_POINT ( 'NONE',  ( -40.00000000000000000, 0.000000000000000000, 0.000000000000000000 ) ) ;
#831 = CARTESIAN_POINT ( 'NONE',  ( -15.74384685637710035, -41.50221591255532161, -40.00000000000000711 ) ) ;
#832 = CARTESIAN_POINT ( 'NONE',  ( -17.00000000000000000, -50.00000000000000000, 40.00000000000000000 ) ) ;
#833 = VERTEX_POINT ( 'NONE', #56 ) ;
#834 = PLANE ( 'NONE',  #118 ) ;
#835 = EDGE_CURVE ( 'NONE', #864, #971, #328, .T. ) ;
#836 = PERSON_AND_ORGANIZATION_ROLE ( 'classification_officer' ) ;
#837 = CARTESIAN_POINT ( 'NONE',  ( -15.22712778491035124, -50.00000000000000711, -26.95263805620981046 ) ) ;
#838 = EDGE_LOOP ( 'NONE', ( #1, #1234, #554 ) ) ;
#839 = DIRECTION ( 'NONE',  ( 0.000000000000000000, 0.000000000000000000, 1.000000000000000000 ) ) ;
#840 = LINE ( 'NONE', #648, #272 ) ;
#841 = DIRECTION ( 'NONE',  ( 1.000000000000000000, 0.000000000000000000, 0.000000000000000000 ) ) ;
#842 = VERTEX_POINT ( 'NONE', #587 ) ;
#843 = CIRCLE ( 'NONE', #421, 25.00000000000000000 ) ;
#844 = CARTESIAN_POINT ( 'NONE',  ( -87.00000000000000000, 0.000000000000000000, -40.00000000000000000 ) ) ;
#845 = ADVANCED_FACE ( 'NONE', ( #995 ), #170, .F. ) ;
#846 = CC_DESIGN_APPROVAL ( #146, ( #1231 ) ) ;
#847 = CALENDAR_DATE ( 2026, 17, 8 ) ;
#848 = DIRECTION ( 'NONE',  ( 1.000000000000000000, 0.000000000000000000, 0.000000000000000000 ) ) ;
#849 = VECTOR ( 'NONE', #970, 1000.000000000000000 ) ;
#850 = CARTESIAN_POINT ( 'NONE',  ( -16.45743149922073911, 49.99999999999999289, 31.79642832051444401 ) ) ;
#851 = CARTESIAN_POINT ( 'NONE',  ( -6.999999999999910294, -34.00367627183860009, 40.00000000000000000 ) ) ;
#852 = ORIENTED_EDGE ( 'NONE', *, *, #306, .T. ) ;
#853 = CARTESIAN_POINT ( 'NONE',  ( -11.42615872531631815, -35.57870227281576803, 40.00000000000000000 ) ) ;
#854 = CARTESIAN_POINT ( 'NONE',  ( -17.00000000000000000, -50.00000000000000000, 16.00781059358210001 ) ) ;
#855 = DIRECTION ( 'NONE',  ( -1.000000000000000000, 0.000000000000000000, 0.000000000000000000 ) ) ;
#856 = CARTESIAN_POINT ( 'NONE',  ( -14.26998274036303904, -38.66738343747596929, -40.00000000000000711 ) ) ;
#857 = DIRECTION ( 'NONE',  ( -1.000000000000000000, 0.000000000000000000, 0.000000000000000000 ) ) ;
#858 = EDGE_CURVE ( 'NONE', #971, #864, #1129, .T. ) ;
#859 = CARTESIAN_POINT ( 'NONE',  ( -9.586279453908655768, -50.00000000000000711, 17.08988485534414181 ) ) ;
#860 = ORIENTED_EDGE ( 'NONE', *, *, #274, .T. ) ;
#861 = CARTESIAN_POINT ( 'NONE',  ( -16.36711138688882627, -43.37153713556028123, 40.00000000000001421 ) ) ;
#862 = DIRECTION ( 'NONE',  ( -1.000000000000000000, 0.000000000000000000, 0.000000000000000000 ) ) ;
#863 = CARTESIAN_POINT ( 'NONE',  ( -16.30127402608137288, -43.13738805009961652, -40.00000000000001421 ) ) ;
#864 = VERTEX_POINT ( 'NONE', #668 ) ;
#865 = CARTESIAN_POINT ( 'NONE',  ( -61.99999999999999289, 0.000000000000000000, 40.00000000000000000 ) ) ;
#866 = ADVANCED_FACE ( 'NONE', ( #472 ), #1064, .F. ) ;
#867 = VERTEX_POINT ( 'NONE', #564 ) ;
#868 = CARTESIAN_POINT ( 'NONE',  ( -14.27287018820570097, -38.66277142041101200, 40.00000000000000711 ) ) ;
#869 = CARTESIAN_POINT ( 'NONE',  ( -16.99999999999998224, 47.23447376395117203, -40.00000000000000000 ) ) ;
#870 = CC_DESIGN_SECURITY_CLASSIFICATION ( #184, ( #1231 ) ) ;
#871 = AXIS2_PLACEMENT_3D ( 'NONE', #912, #1311, #804 ) ;
#872 = VERTEX_POINT ( 'NONE', #974 ) ;
#873 = DIRECTION ( 'NONE',  ( 0.000000000000000000, 0.000000000000000000, 1.000000000000000000 ) ) ;
#874 = AXIS2_PLACEMENT_3D ( 'NONE', #987, #972, #1162 ) ;
#875 = VECTOR ( 'NONE', #567, 1000.000000000000000 ) ;
#876 = EDGE_LOOP ( 'NONE', ( #904, #1175, #699 ) ) ;
#877 = CARTESIAN_POINT ( 'NONE',  ( -17.00000000000000000, 0.000000000000000000, 0.000000000000000000 ) ) ;
#878 = FACE_OUTER_BOUND ( 'NONE', #876, .T. ) ;
#879 = EDGE_CURVE ( 'NONE', #1182, #951, #39, .T. ) ;
#880 = EDGE_LOOP ( 'NONE', ( #252, #513 ) ) ;
#881 = LINE ( 'NONE', #964, #895 ) ;
#882 = CARTESIAN_POINT ( 'NONE',  ( -16.27548636636707258, -50.00000000000000000, 30.87348097909395150 ) ) ;
#883 = ORIENTED_EDGE ( 'NONE', *, *, #173, .F. ) ;
#884 = DIRECTION ( 'NONE',  ( -1.000000000000000000, 0.000000000000000000, 0.000000000000000000 ) ) ;
#885 = CARTESIAN_POINT ( 'NONE',  ( -87.00000000000000000, 50.00000000000000000, 40.00000000000000000 ) ) ;
#886 = ADVANCED_FACE ( 'NONE', ( #878 ), #1284, .F. ) ;
#887 = ORIENTED_EDGE ( 'NONE', *, *, #416, .F. ) ;
#888 = CARTESIAN_POINT ( 'NONE',  ( -17.00000000000000000, 48.02343178074640662, 40.00000000000000000 ) ) ;
#889 = DIRECTION ( 'NONE',  ( 1.000000000000000000, 0.000000000000000000, 0.000000000000000000 ) ) ;
#890 = VERTEX_POINT ( 'NONE', #466 ) ;
#891 = DIRECTION ( 'NONE',  ( 1.000000000000000000, 0.000000000000000000, 0.000000000000000000 ) ) ;
#892 = EDGE_CURVE ( 'NONE', #1108, #657, #1276, .T. ) ;
#893 = CARTESIAN_POINT ( 'NONE',  ( -9.766907273688103075, 50.00000000000000000, -17.24502540678109597 ) ) ;
#894 = CARTESIAN_POINT ( 'NONE',  ( -14.68847217865751809, 39.34322057517809412, -40.00000000000001421 ) ) ;
#895 = VECTOR ( 'NONE', #364, 1000.000000000000000 ) ;
#896 = ORIENTED_EDGE ( 'NONE', *, *, #519, .F. ) ;
#897 = COORDINATED_UNIVERSAL_TIME_OFFSET ( 8, 0, .AHEAD. ) ;
#898 = AXIS2_PLACEMENT_3D ( 'NONE', #1103, #604, #1211 ) ;
#899 = CARTESIAN_POINT ( 'NONE',  ( 770.0000000000000000, 0.000000000000000000, 0.000000000000000000 ) ) ;
#900 = VERTEX_POINT ( 'NONE', #31 ) ;
#901 = VECTOR ( 'NONE', #1291, 1000.000000000000000 ) ;
#902 = DIRECTION ( 'NONE',  ( 0.000000000000000000, 0.000000000000000000, 1.000000000000000000 ) ) ;
#903 = CARTESIAN_POINT ( 'NONE',  ( -11.52269928143703659, 50.00000000000001421, -19.25373441721952261 ) ) ;
#904 = ORIENTED_EDGE ( 'NONE', *, *, #356, .T. ) ;
#905 = CARTESIAN_POINT ( 'NONE',  ( -17.00000000000000000, 50.00000000000000000, -16.00781059358210001 ) ) ;
#906 = CARTESIAN_POINT ( 'NONE',  ( -15.57313253421800070, 41.10217047316450589, 40.00000000000000000 ) ) ;
#907 = DIRECTION ( 'NONE',  ( 0.000000000000000000, 0.000000000000000000, -1.000000000000000000 ) ) ;
#908 = ORIENTED_EDGE ( 'NONE', *, *, #594, .T. ) ;
#909 = CARTESIAN_POINT ( 'NONE',  ( -7.780921605844913991, -34.00367627183860009, 40.00000000000000000 ) ) ;
#910 = ORIENTED_EDGE ( 'NONE', *, *, #194, .F. ) ;
#911 = CARTESIAN_POINT ( 'NONE',  ( -11.48399247165427539, 35.62172911043877832, -39.99999999999999289 ) ) ;
#912 = CARTESIAN_POINT ( 'NONE',  ( 860.0000000000000000, 0.000000000000000000, 0.000000000000000000 ) ) ;
#913 = CARTESIAN_POINT ( 'NONE',  ( -9.790082023564174563, -50.00000000000000711, 17.26554716407894574 ) ) ;
#914 = ORIENTED_EDGE ( 'NONE', *, *, #493, .T. ) ;
#915 = EDGE_CURVE ( 'NONE', #147, #890, #490, .T. ) ;
#916 = FACE_OUTER_BOUND ( 'NONE', #1074, .T. ) ;
#917 = DIRECTION ( 'NONE',  ( 0.000000000000000000, 0.000000000000000000, 1.000000000000000000 ) ) ;
#918 = AXIS2_PLACEMENT_3D ( 'NONE', #1060, #1314, #550 ) ;
#919 = CIRCLE ( 'NONE', #1125, 62.50000000000000000 ) ;
#920 = CARTESIAN_POINT ( 'NONE',  ( -7.972456618016349417, -34.05604148020767497, -40.00000000000000000 ) ) ;
#921 = ORIENTED_EDGE ( 'NONE', *, *, #634, .F. ) ;
#922 = CARTESIAN_POINT ( 'NONE',  ( -9.403122919578255079, -34.45510823676453782, 40.00000000000000000 ) ) ;
#923 = AXIS2_PLACEMENT_3D ( 'NONE', #832, #664, #9 ) ;
#924 = CARTESIAN_POINT ( 'NONE',  ( -14.53682625901897651, 39.08908129820654409, -39.99999999999999289 ) ) ;
#925 = CIRCLE ( 'NONE', #532, 27.50000000000000000 ) ;
#926 = ADVANCED_FACE ( 'NONE', ( #458 ), #23, .F. ) ;
#927 = CARTESIAN_POINT ( 'NONE',  ( -40.00000000000000000, 0.000000000000000000, 0.000000000000000000 ) ) ;
#928 = CARTESIAN_POINT ( 'NONE',  ( 860.0000000000000000, 3.367778697655221307E-15, 27.50000000000000000 ) ) ;
#929 = CARTESIAN_POINT ( 'NONE',  ( -17.00000000000000000, 50.00000000000000000, 16.00781059358210001 ) ) ;
#930 = CARTESIAN_POINT ( 'NONE',  ( -87.00000000000000000, 50.00000000000000000, -40.00000000000000000 ) ) ;
#931 = LINE ( 'NONE', #284, #113 ) ;
#932 = APPROVAL_ROLE ( '' ) ;
#933 = EDGE_CURVE ( 'NONE', #473, #319, #72, .T. ) ;
#934 = LINE ( 'NONE', #760, #1149 ) ;
#935 = ORIENTED_EDGE ( 'NONE', *, *, #439, .T. ) ;
#936 = DIRECTION ( 'NONE',  ( -1.000000000000000000, 0.000000000000000000, 0.000000000000000000 ) ) ;
#937 = DATE_AND_TIME ( #541, #270 ) ;
#938 = CARTESIAN_POINT ( 'NONE',  ( -12.86824697987694144, -36.87342530605679514, -39.99999999999999289 ) ) ;
#939 = VECTOR ( 'NONE', #342, 1000.000000000000000 ) ;
#940 = APPROVAL_PERSON_ORGANIZATION ( #310, #1205, #218 ) ;
#941 = VERTEX_POINT ( 'NONE', #854 ) ;
#942 = DIRECTION ( 'NONE',  ( -1.000000000000000000, 0.000000000000000000, 0.000000000000000000 ) ) ;
#943 = AXIS2_PLACEMENT_3D ( 'NONE', #844, #426, #315 ) ;
#944 = AXIS2_PLACEMENT_3D ( 'NONE', #808, #1196, #891 ) ;
#945 = CALENDAR_DATE ( 2026, 17, 8 ) ;
#946 = DIRECTION ( 'NONE',  ( -1.000000000000000000, 0.000000000000000000, 0.000000000000000000 ) ) ;
#947 = EDGE_LOOP ( 'NONE', ( #45, #50, #212, #190, #914, #1006, #796, #1161, #577, #632, #798 ) ) ;
#948 = CARTESIAN_POINT ( 'NONE',  ( -17.00000000000000000, -50.00000000000000000, 40.00000000000000000 ) ) ;
#949 = CARTESIAN_POINT ( 'NONE',  ( -9.796423722149345537, 50.00000000000000711, 17.27118766948320072 ) ) ;
#950 = CARTESIAN_POINT ( 'NONE',  ( -6.999999999999910294, 0.000000000000000000, 0.000000000000000000 ) ) ;
#951 = VERTEX_POINT ( 'NONE', #1177 ) ;
#952 = CARTESIAN_POINT ( 'NONE',  ( -12.03955261617366013, -50.00000000000000000, -20.02494896639572630 ) ) ;
#953 = COORDINATED_UNIVERSAL_TIME_OFFSET ( 8, 0, .AHEAD. ) ;
#954 = CARTESIAN_POINT ( 'NONE',  ( -87.00000000000000000, -50.00000000000000000, -40.00000000000000000 ) ) ;
#955 = CARTESIAN_POINT ( 'NONE',  ( -12.69327993703280733, 50.00000000000000000, 21.09872333637305530 ) ) ;
#956 = CARTESIAN_POINT ( 'NONE',  ( -14.22512458375937605, 50.00000000000000000, -24.27577568908366956 ) ) ;
#957 = ORIENTED_EDGE ( 'NONE', *, *, #126, .T. ) ;
#958 = CARTESIAN_POINT ( 'NONE',  ( -14.83800057289836616, -39.60131520432371133, 40.00000000000000711 ) ) ;
#959 = CARTESIAN_POINT ( 'NONE',  ( -14.60286408418342141, -50.00000000000000000, -25.22363792979150432 ) ) ;
#960 = CARTESIAN_POINT ( 'NONE',  ( -13.35913733176542983, -37.42323010217383938, -40.00000000000000000 ) ) ;
#961 = EDGE_CURVE ( 'NONE', #998, #382, #1163, .T. ) ;
#962 = CIRCLE ( 'NONE', #642, 52.50000000000000000 ) ;
#963 = EDGE_CURVE ( 'NONE', #1182, #842, #149, .T. ) ;
#964 = CARTESIAN_POINT ( 'NONE',  ( -6.999999999999910294, -34.00367627183860009, -40.00000000000000000 ) ) ;
#965 = CARTESIAN_POINT ( 'NONE',  ( -14.53859167609221181, 50.00000000000001421, -25.05783410784595233 ) ) ;
#966 = VERTEX_POINT ( 'NONE', #905 ) ;
#967 = CARTESIAN_POINT ( 'NONE',  ( -14.53682625902282943, -39.08908129821087840, 40.00000000000000000 ) ) ;
#968 = CARTESIAN_POINT ( 'NONE',  ( -14.37780456528781414, 38.83412191105031042, 40.00000000000000711 ) ) ;
#969 = DIRECTION ( 'NONE',  ( 1.000000000000000000, 0.000000000000000000, 0.000000000000000000 ) ) ;
#970 = DIRECTION ( 'NONE',  ( 1.000000000000000000, 0.000000000000000000, 0.000000000000000000 ) ) ;
#971 = VERTEX_POINT ( 'NONE', #1109 ) ;
#972 = DIRECTION ( 'NONE',  ( -1.000000000000000000, 0.000000000000000000, 0.000000000000000000 ) ) ;
#973 = CARTESIAN_POINT ( 'NONE',  ( -17.00000000000000000, -34.00367627183860009, 40.00000000000000000 ) ) ;
#974 = CARTESIAN_POINT ( 'NONE',  ( 770.0000000000000000, 0.000000000000000000, 42.50000000000000000 ) ) ;
#975 = CARTESIAN_POINT ( 'NONE',  ( -14.10665865760870297, 38.42023466512499397, 40.00000000000000711 ) ) ;
#976 = CARTESIAN_POINT ( 'NONE',  ( -87.00000000000000000, -50.00000000000000000, -40.00000000000000000 ) ) ;
#977 = CARTESIAN_POINT ( 'NONE',  ( -17.00000000000000000, -50.00000000000000000, -40.00000000000000000 ) ) ;
#978 = VERTEX_POINT ( 'NONE', #1223 ) ;
#979 = CARTESIAN_POINT ( 'NONE',  ( -15.65863481987859984, -41.30426962123996759, 40.00000000000000000 ) ) ;
#980 = ADVANCED_FACE ( 'NONE', ( #916 ), #618, .F. ) ;
#981 = CARTESIAN_POINT ( 'NONE',  ( -16.38036559868172759, 43.42016547067552779, -40.00000000000000000 ) ) ;
#982 = CARTESIAN_POINT ( 'NONE',  ( 0.000000000000000000, 0.000000000000000000, 0.000000000000000000 ) ) ;
#983 = ORIENTED_EDGE ( 'NONE', *, *, #879, .T. ) ;
#984 = DIRECTION ( 'NONE',  ( 1.000000000000000000, 0.000000000000000000, 0.000000000000000000 ) ) ;
#985 = LINE ( 'NONE', #1295, #1029 ) ;
#986 = ORIENTED_EDGE ( 'NONE', *, *, #42, .T. ) ;
#987 = CARTESIAN_POINT ( 'NONE',  ( -17.00000000000000000, 0.000000000000000000, 0.000000000000000000 ) ) ;
#988 = EDGE_CURVE ( 'NONE', #1208, #687, #303, .T. ) ;
#989 = CARTESIAN_POINT ( 'NONE',  ( -13.35913733176069762, 37.42323010216850321, 39.99999999999999289 ) ) ;
#990 = DIRECTION ( 'NONE',  ( 0.000000000000000000, 0.000000000000000000, 1.000000000000000000 ) ) ;
#991 = EDGE_CURVE ( 'NONE', #1146, #1313, #544, .T. ) ;
#992 = PLANE ( 'NONE',  #22 ) ;
#993 = ORIENTED_EDGE ( 'NONE', *, *, #493, .F. ) ;
#994 = CARTESIAN_POINT ( 'NONE',  ( -15.17170233500999110, 40.21771076470426465, -39.99999999999999289 ) ) ;
#995 = FACE_OUTER_BOUND ( 'NONE', #330, .T. ) ;
#996 = ORIENTED_EDGE ( 'NONE', *, *, #961, .T. ) ;
#997 = CARTESIAN_POINT ( 'NONE',  ( -17.00000000000000000, 50.00000000000000000, -40.00000000000000000 ) ) ;
#998 = VERTEX_POINT ( 'NONE', #1218 ) ;
#999 = CARTESIAN_POINT ( 'NONE',  ( -11.22892703615288745, 50.00000000000000711, -18.84656110765912018 ) ) ;
#1000 = DIRECTION ( 'NONE',  ( 0.000000000000000000, 0.000000000000000000, -1.000000000000000000 ) ) ;
#1001 = CIRCLE ( 'NONE', #918, 62.50000000000000000 ) ;
#1002 = CYLINDRICAL_SURFACE ( 'NONE', #1027, 50.00000000000001421 ) ;
#1003 = CYLINDRICAL_SURFACE ( 'NONE', #600, 42.50000000000000000 ) ;
#1004 = CIRCLE ( 'NONE', #1233, 50.00000000000000000 ) ;
#1005 = CARTESIAN_POINT ( 'NONE',  ( -11.81194245336388704, -50.00000000000001421, 19.67686839798776077 ) ) ;
#1006 = ORIENTED_EDGE ( 'NONE', *, *, #1101, .F. ) ;
#1007 = FACE_OUTER_BOUND ( 'NONE', #1292, .T. ) ;
#1008 = CARTESIAN_POINT ( 'NONE',  ( -11.79502875963490105, 49.99999999999999289, -19.65152327956244704 ) ) ;
#1009 = CARTESIAN_POINT ( 'NONE',  ( -6.999999999999910294, -50.00000000000000000, -16.00781059358210001 ) ) ;
#1010 = LINE ( 'NONE', #77, #1127 ) ;
#1011 = FACE_BOUND ( 'NONE', #880, .T. ) ;
#1012 = ORIENTED_EDGE ( 'NONE', *, *, #390, .T. ) ;
#1013 = FACE_OUTER_BOUND ( 'NONE', #1077, .T. ) ;
#1014 = CARTESIAN_POINT ( 'NONE',  ( -16.25083057755308857, 42.95148162950358994, -39.99999999999998579 ) ) ;
#1015 = CARTESIAN_POINT ( 'NONE',  ( -16.34023479075322172, 43.27431183370359946, 40.00000000000000711 ) ) ;
#1016 = CARTESIAN_POINT ( 'NONE',  ( -11.20477697122266214, -35.41901141993346158, -40.00000000000000000 ) ) ;
#1017 = VERTEX_POINT ( 'NONE', #803 ) ;
#1018 = CARTESIAN_POINT ( 'NONE',  ( -9.777975556313045047, 50.00000000000000711, -17.25481222087860189 ) ) ;
#1019 = ORIENTED_EDGE ( 'NONE', *, *, #325, .F. ) ;
#1020 = DIRECTION ( 'NONE',  ( 1.000000000000000000, -9.912705577010329247E-17, 0.000000000000000000 ) ) ;
#1021 = EDGE_CURVE ( 'NONE', #694, #319, #68, .T. ) ;
#1022 = LINE ( 'NONE', #192, #69 ) ;
#1023 = CARTESIAN_POINT ( 'NONE',  ( 0.000000000000000000, 0.000000000000000000, 0.000000000000000000 ) ) ;
#1024 = AXIS2_PLACEMENT_3D ( 'NONE', #581, #560, #1078 ) ;
#1025 = CC_DESIGN_APPROVAL ( #1205, ( #184 ) ) ;
#1026 = CARTESIAN_POINT ( 'NONE',  ( -13.05272052800820148, -37.07616233875469192, -40.00000000000000000 ) ) ;
#1027 = AXIS2_PLACEMENT_3D ( 'NONE', #186, #625, #1111 ) ;
#1028 = CARTESIAN_POINT ( 'NONE',  ( -9.798044137872199855, -50.00000000000002132, -17.27263222201344561 ) ) ;
#1029 = VECTOR ( 'NONE', #365, 1000.000000000000000 ) ;
#1030 = FACE_OUTER_BOUND ( 'NONE', #682, .T. ) ;
#1031 = CARTESIAN_POINT ( 'NONE',  ( -15.30000420340643252, -40.49491610875225689, -40.00000000000000711 ) ) ;
#1032 = EDGE_CURVE ( 'NONE', #199, #941, #288, .T. ) ;
#1033 = ORIENTED_EDGE ( 'NONE', *, *, #1197, .T. ) ;
#1034 = CARTESIAN_POINT ( 'NONE',  ( -11.87212387161875249, -50.00000000000000000, -19.76766966386846391 ) ) ;
#1035 = CARTESIAN_POINT ( 'NONE',  ( -9.294070135853669257, -34.41461748980579216, -39.99999999999999289 ) ) ;
#1036 = ORIENTED_EDGE ( 'NONE', *, *, #741, .F. ) ;
#1037 = CARTESIAN_POINT ( 'NONE',  ( -6.999999999999910294, -50.00000000000000000, -16.00781059358210001 ) ) ;
#1038 = DATE_TIME_ROLE ( 'creation_date' ) ;
#1039 = CARTESIAN_POINT ( 'NONE',  ( -17.00000000000000000, -50.00000000000000000, -37.50000000000000000 ) ) ;
#1040 = CARTESIAN_POINT ( 'NONE',  ( -9.798044137872306436, 50.00000000000000711, 17.27263222201363746 ) ) ;
#1041 = DIRECTION ( 'NONE',  ( 0.000000000000000000, 0.000000000000000000, 1.000000000000000000 ) ) ;
#1042 = ORIENTED_EDGE ( 'NONE', *, *, #933, .F. ) ;
#1043 = DIRECTION ( 'NONE',  ( 1.000000000000000000, 0.000000000000000000, 0.000000000000000000 ) ) ;
#1044 = AXIS2_PLACEMENT_3D ( 'NONE', #719, #1199, #902 ) ;
#1045 = CIRCLE ( 'NONE', #222, 52.50000000000000000 ) ;
#1046 = APPROVAL_STATUS ( 'not_yet_approved' ) ;
#1047 = CARTESIAN_POINT ( 'NONE',  ( -14.63814644616915928, -50.00000000000000711, -25.31566224489312944 ) ) ;
#1048 = EDGE_CURVE ( 'NONE', #978, #806, #843, .T. ) ;
#1049 = CARTESIAN_POINT ( 'NONE',  ( -11.48135782443152664, 50.00000000000000711, 19.18017510931464997 ) ) ;
#1050 = ORIENTED_EDGE ( 'NONE', *, *, #727, .F. ) ;
#1051 = CARTESIAN_POINT ( 'NONE',  ( -17.00099999999999767, 0.000000000000000000, 0.000000000000000000 ) ) ;
#1052 = PERSON_AND_ORGANIZATION_ROLE ( 'creator' ) ;
#1053 = DIRECTION ( 'NONE',  ( 0.000000000000000000, 1.000000000000000000, 0.000000000000000000 ) ) ;
#1054 = DIRECTION ( 'NONE',  ( 1.000000000000000000, 0.000000000000000000, 0.000000000000000000 ) ) ;
#1055 = CARTESIAN_POINT ( 'NONE',  ( -14.56435370181812594, 50.00000000000002132, -25.12401860630227546 ) ) ;
#1056 = ORIENTED_EDGE ( 'NONE', *, *, #820, .F. ) ;
#1057 = FACE_OUTER_BOUND ( 'NONE', #1154, .T. ) ;
#1058 = EDGE_CURVE ( 'NONE', #568, #382, #640, .T. ) ;
#1059 = CARTESIAN_POINT ( 'NONE',  ( -137.0000000000000000, 0.000000000000000000, 40.00000000000000000 ) ) ;
#1060 = CARTESIAN_POINT ( 'NONE',  ( -17.00000000000000000, 0.000000000000000000, 0.000000000000000000 ) ) ;
#1061 = ORIENTED_EDGE ( 'NONE', *, *, #879, .F. ) ;
#1062 = CARTESIAN_POINT ( 'NONE',  ( -11.02055057833476504, -35.28337995453813392, 40.00000000000001421 ) ) ;
#1063 = LOCAL_TIME ( 14, 13, 52.00000000000000000, #897 ) ;
#1064 = PLANE ( 'NONE',  #136 ) ;
#1065 = VECTOR ( 'NONE', #1168, 1000.000000000000000 ) ;
#1066 = CARTESIAN_POINT ( 'NONE',  ( -6.999999999999910294, 0.000000000000000000, 0.000000000000000000 ) ) ;
#1067 = PRODUCT_DEFINITION_SHAPE ( 'NONE', 'NONE',  #785 ) ;
#1068 = CARTESIAN_POINT ( 'NONE',  ( -9.777975556313101890, -50.00000000000002132, 17.25481222087865518 ) ) ;
#1069 = ORIENTED_EDGE ( 'NONE', *, *, #1101, .T. ) ;
#1070 = CARTESIAN_POINT ( 'NONE',  ( -16.99999999999998579, -47.23447376398055297, 40.00000000000000000 ) ) ;
#1071 = ORIENTED_EDGE ( 'NONE', *, *, #779, .T. ) ;
#1072 = LINE ( 'NONE', #358, #724 ) ;
#1073 = CARTESIAN_POINT ( 'NONE',  ( -15.48867718252694914, 50.00000000000000711, -27.70988663125061180 ) ) ;
#1074 = EDGE_LOOP ( 'NONE', ( #756, #887, #852, #451, #1260, #434, #524, #223, #639, #18 ) ) ;
#1075 = CARTESIAN_POINT ( 'NONE',  ( -13.16739241828909002, -37.20613588893998980, 40.00000000000000000 ) ) ;
#1076 = CARTESIAN_POINT ( 'NONE',  ( -16.53042221076566420, 44.00416796628452687, -40.00000000000000000 ) ) ;
#1077 = EDGE_LOOP ( 'NONE', ( #1050, #1019, #1305, #502 ) ) ;
#1078 = DIRECTION ( 'NONE',  ( 1.000000000000000000, 0.000000000000000000, 0.000000000000000000 ) ) ;
#1079 = CARTESIAN_POINT ( 'NONE',  ( -17.00000000000000000, 50.00000000000000000, 37.50000000000000000 ) ) ;
#1080 = ORIENTED_EDGE ( 'NONE', *, *, #236, .F. ) ;
#1081 = CARTESIAN_POINT ( 'NONE',  ( -14.58733917064807883, -39.17250746612522505, 40.00000000000000000 ) ) ;
#1082 = CARTESIAN_POINT ( 'NONE',  ( -16.36012868744199267, 43.34613161930646896, -40.00000000000000000 ) ) ;
#1083 = EDGE_CURVE ( 'NONE', #338, #6, #1334, .T. ) ;
#1084 = CARTESIAN_POINT ( 'NONE',  ( -8.981434206807266563, 34.30804904548388379, 39.99999999999999289 ) ) ;
#1085 = FACE_OUTER_BOUND ( 'NONE', #1279, .T. ) ;
#1086 = AXIS2_PLACEMENT_3D ( 'NONE', #355, #1178, #1269 ) ;
#1087 = CARTESIAN_POINT ( 'NONE',  ( -14.53859167609146930, -50.00000000000001421, 25.05783410784485099 ) ) ;
#1088 = ORIENTED_EDGE ( 'NONE', *, *, #1322, .F. ) ;
#1089 = CARTESIAN_POINT ( 'NONE',  ( -16.99999999999998579, -46.44511777312487055, -39.99999999999999289 ) ) ;
#1090 = EDGE_LOOP ( 'NONE', ( #1222, #463, #1281, #269 ) ) ;
#1091 = PLANE ( 'NONE',  #1230 ) ;
#1092 = CARTESIAN_POINT ( 'NONE',  ( -17.00000000000000000, -50.00000000000000000, 40.00000000000000000 ) ) ;
#1093 = ORIENTED_EDGE ( 'NONE', *, *, #88, .F. ) ;
#1094 = CARTESIAN_POINT ( 'NONE',  ( -9.403122919579807615, 34.45510823676509915, -39.99999999999999289 ) ) ;
#1095 = EDGE_CURVE ( 'NONE', #29, #1182, #1001, .T. ) ;
#1096 = APPLICATION_PROTOCOL_DEFINITION ( 'international standard', 'config_control_design', 1994, #644 ) ;
#1097 = CARTESIAN_POINT ( 'NONE',  ( -11.80549431323531273, -50.00000000000000000, 19.66719436800874732 ) ) ;
#1098 = VERTEX_POINT ( 'NONE', #51 ) ;
#1099 = CARTESIAN_POINT ( 'NONE',  ( -11.66939320986830175, 49.99999999999999289, -19.46556902859083138 ) ) ;
#1100 = CARTESIAN_POINT ( 'NONE',  ( -15.61219072701913113, 41.19371947370932219, -40.00000000000000000 ) ) ;
#1101 = EDGE_CURVE ( 'NONE', #1108, #545, #474, .T. ) ;
#1102 = CIRCLE ( 'NONE', #1275, 52.50000000000000000 ) ;
#1103 = CARTESIAN_POINT ( 'NONE',  ( -17.00099999999999767, 0.000000000000000000, 0.000000000000000000 ) ) ;
#1104 = DIRECTION ( 'NONE',  ( 0.000000000000000000, 0.000000000000000000, 1.000000000000000000 ) ) ;
#1105 = CARTESIAN_POINT ( 'NONE',  ( -15.96786059373981104, -50.00000000000000000, 29.51037916916948944 ) ) ;
#1106 = EDGE_LOOP ( 'NONE', ( #1187, #411, #666, #701 ) ) ;
#1107 = CIRCLE ( 'NONE', #1171, 25.00000000000000000 ) ;
#1108 = VERTEX_POINT ( 'NONE', #41 ) ;
#1109 = CARTESIAN_POINT ( 'NONE',  ( 0.000000000000000000, 0.000000000000000000, 42.50000000000000000 ) ) ;
#1110 = PRODUCT ( 'Bucket_Housing_Default_sldprt', 'Bucket_Housing_Default_sldprt', '', ( #589 ) ) ;
#1111 = DIRECTION ( 'NONE',  ( -1.000000000000000000, 0.000000000000000000, 0.000000000000000000 ) ) ;
#1112 = DIRECTION ( 'NONE',  ( 1.000000000000000000, 0.000000000000000000, 0.000000000000000000 ) ) ;
#1113 = CARTESIAN_POINT ( 'NONE',  ( -16.99999999999998579, -50.00000000000000711, 35.52241525495841046 ) ) ;
#1114 = EDGE_LOOP ( 'NONE', ( #731, #121, #1093, #503, #763, #561, #705, #408, #781, #287 ) ) ;
#1115 = EDGE_CURVE ( 'NONE', #867, #864, #1072, .T. ) ;
#1116 = CARTESIAN_POINT ( 'NONE',  ( -14.91845608152122260, 50.00000000000000000, 26.06914637815589586 ) ) ;
#1117 = EDGE_LOOP ( 'NONE', ( #459, #1036 ) ) ;
#1118 = CARTESIAN_POINT ( 'NONE',  ( -12.83539418108683883, 36.82920721214198778, -40.00000000000001421 ) ) ;
#1119 = CARTESIAN_POINT ( 'NONE',  ( -15.74384685639793702, 41.50221591261668408, 40.00000000000000000 ) ) ;
#1120 = CARTESIAN_POINT ( 'NONE',  ( -111.9999999999999858, 3.061616997868383043E-15, -52.50000000000000000 ) ) ;
#1121 = CC_DESIGN_PERSON_AND_ORGANIZATION_ASSIGNMENT ( #526, #1052, ( #1231 ) ) ;
#1122 = CARTESIAN_POINT ( 'NONE',  ( -15.43167900349386734, 40.77034940335055779, -39.99999999999999289 ) ) ;
#1123 = DIRECTION ( 'NONE',  ( -1.000000000000000000, 0.000000000000000000, 0.000000000000000000 ) ) ;
#1124 = ADVANCED_FACE ( 'NONE', ( #460 ), #131, .F. ) ;
#1125 = AXIS2_PLACEMENT_3D ( 'NONE', #394, #387, #1104 ) ;
#1126 = CARTESIAN_POINT ( 'NONE',  ( -13.07891521372081556, -37.10559176515861424, -40.00000000000000000 ) ) ;
#1127 = VECTOR ( 'NONE', #499, 1000.000000000000000 ) ;
#1128 = CYLINDRICAL_SURFACE ( 'NONE', #624, 50.00000000000001421 ) ;
#1129 = CIRCLE ( 'NONE', #728, 42.50000000000000000 ) ;
#1130 = VECTOR ( 'NONE', #237, 1000.000000000000000 ) ;
#1131 = APPROVAL_DATE_TIME ( #110, #146 ) ;
#1132 = CARTESIAN_POINT ( 'NONE',  ( -7.390269223696959600, -34.00367627183860719, -40.00000000000000711 ) ) ;
#1133 = VERTEX_POINT ( 'NONE', #692 ) ;
#1134 = FACE_OUTER_BOUND ( 'NONE', #175, .T. ) ;
#1135 = PERSON_AND_ORGANIZATION ( #498, #725 ) ;
#1136 = CARTESIAN_POINT ( 'NONE',  ( -40.00000000000000000, 0.000000000000000000, 42.50000000000000000 ) ) ;
#1137 = CARTESIAN_POINT ( 'NONE',  ( -11.84406364530204314, 50.00000000000001421, 19.72522394694623316 ) ) ;
#1138 = CARTESIAN_POINT ( 'NONE',  ( -8.981434206820463118, -34.30804904548387668, -39.99999999999998579 ) ) ;
#1139 = ORIENTED_EDGE ( 'NONE', *, *, #689, .T. ) ;
#1140 = CARTESIAN_POINT ( 'NONE',  ( -12.69327993702966495, -50.00000000000000000, -21.09872333636494801 ) ) ;
#1141 = EDGE_CURVE ( 'NONE', #545, #199, #181, .T. ) ;
#1142 = LINE ( 'NONE', #226, #623 ) ;
#1143 = ADVANCED_FACE ( 'NONE', ( #449 ), #265, .T. ) ;
#1144 = CARTESIAN_POINT ( 'NONE',  ( -11.82399366319314993, 50.00000000000000711, 19.69498089237010774 ) ) ;
#1145 = AXIS2_PLACEMENT_3D ( 'NONE', #285, #65, #917 ) ;
#1146 = VERTEX_POINT ( 'NONE', #1265 ) ;
#1147 = FACE_OUTER_BOUND ( 'NONE', #591, .T. ) ;
#1148 = VECTOR ( 'NONE', #1151, 1000.000000000000000 ) ;
#1149 = VECTOR ( 'NONE', #730, 1000.000000000000000 ) ;
#1150 = SECURITY_CLASSIFICATION_LEVEL ( 'unclassified' ) ;
#1151 = DIRECTION ( 'NONE',  ( -1.000000000000000000, 0.000000000000000000, 0.000000000000000000 ) ) ;
#1152 = CARTESIAN_POINT ( 'NONE',  ( -10.97750390183045432, 49.99999999999998579, 18.50125521964533348 ) ) ;
#1153 = CARTESIAN_POINT ( 'NONE',  ( -16.17787413604424884, 50.00000000000000711, -30.41790109898895267 ) ) ;
#1154 = EDGE_LOOP ( 'NONE', ( #1320, #167 ) ) ;
#1155 = CYLINDRICAL_SURFACE ( 'NONE', #48, 27.50000000000000000 ) ;
#1156 = ADVANCED_FACE ( 'NONE', ( #1287, #250 ), #1091, .T. ) ;
#1157 = CARTESIAN_POINT ( 'NONE',  ( -14.91845608152122082, -50.00000000000000711, -26.06914637815586389 ) ) ;
#1158 = CARTESIAN_POINT ( 'NONE',  ( -7.917442287838251325, 50.00000000000000711, 16.00781059358210001 ) ) ;
#1159 = EDGE_CURVE ( 'NONE', #12, #694, #148, .T. ) ;
#1160 = LINE ( 'NONE', #44, #354 ) ;
#1161 = ORIENTED_EDGE ( 'NONE', *, *, #126, .F. ) ;
#1162 = DIRECTION ( 'NONE',  ( 0.000000000000000000, 0.000000000000000000, 1.000000000000000000 ) ) ;
#1163 = LINE ( 'NONE', #765, #1130 ) ;
#1164 = CARTESIAN_POINT ( 'NONE',  ( -17.00000000000000000, 0.000000000000000000, 0.000000000000000000 ) ) ;
#1165 = CARTESIAN_POINT ( 'NONE',  ( -9.741085684604239958, -50.00000000000000000, 17.22232409994855118 ) ) ;
#1166 = VERTEX_POINT ( 'NONE', #240 ) ;
#1167 = CARTESIAN_POINT ( 'NONE',  ( -13.14444454914824334, -37.17988331325209117, 40.00000000000000711 ) ) ;
#1168 = DIRECTION ( 'NONE',  ( 0.000000000000000000, 1.000000000000000000, 0.000000000000000000 ) ) ;
#1169 = AXIS2_PLACEMENT_3D ( 'NONE', #753, #558, #547 ) ;
#1170 = CARTESIAN_POINT ( 'NONE',  ( -17.00000000000000000, 48.02343178074640662, 40.00000000000000000 ) ) ;
#1171 = AXIS2_PLACEMENT_3D ( 'NONE', #203, #1220, #1264 ) ;
#1172 = CARTESIAN_POINT ( 'NONE',  ( -13.10612141971915712, 37.13629155733170961, 40.00000000000000000 ) ) ;
#1173 = DIRECTION ( 'NONE',  ( 0.000000000000000000, 0.000000000000000000, 1.000000000000000000 ) ) ;
#1174 = CARTESIAN_POINT ( 'NONE',  ( -14.97653769871802254, 50.00000000000000711, -26.19155243588355120 ) ) ;
#1175 = ORIENTED_EDGE ( 'NONE', *, *, #933, .T. ) ;
#1176 = CARTESIAN_POINT ( 'NONE',  ( -16.68358199148367760, -44.68663064690830566, 40.00000000000000000 ) ) ;
#1177 = CARTESIAN_POINT ( 'NONE',  ( -17.00000000000000000, 50.00000000000000000, -40.00000000000000000 ) ) ;
#1178 = DIRECTION ( 'NONE',  ( -1.000000000000000000, 0.000000000000000000, 0.000000000000000000 ) ) ;
#1179 = CARTESIAN_POINT ( 'NONE',  ( -14.69190857192539568, 39.33949214509035386, 40.00000000000000000 ) ) ;
#1180 = DIRECTION ( 'NONE',  ( -1.000000000000000000, 0.000000000000000000, 0.000000000000000000 ) ) ;
#1181 = DIRECTION ( 'NONE',  ( 0.000000000000000000, 0.000000000000000000, 1.000000000000000000 ) ) ;
#1182 = VERTEX_POINT ( 'NONE', #141 ) ;
#1183 = CARTESIAN_POINT ( 'NONE',  ( -15.61219072702127342, -41.19371947371524101, 40.00000000000000000 ) ) ;
#1184 = ORIENTED_EDGE ( 'NONE', *, *, #835, .F. ) ;
#1185 = CARTESIAN_POINT ( 'NONE',  ( -137.0000000000000000, 0.000000000000000000, 40.00000000000000000 ) ) ;
#1186 = FACE_OUTER_BOUND ( 'NONE', #691, .T. ) ;
#1187 = ORIENTED_EDGE ( 'NONE', *, *, #8, .F. ) ;
#1188 = CARTESIAN_POINT ( 'NONE',  ( -9.359534255640657108, -34.43869093989061270, 39.99999999999999289 ) ) ;
#1189 = CARTESIAN_POINT ( 'NONE',  ( 7.654042494670950704E-16, 42.50000000000000000, 0.000000000000000000 ) ) ;
#1190 = AXIS2_PLACEMENT_3D ( 'NONE', #1263, #214, #848 ) ;
#1191 = VERTEX_POINT ( 'NONE', #257 ) ;
#1192 = DIRECTION ( 'NONE',  ( -1.000000000000000000, 0.000000000000000000, 0.000000000000000000 ) ) ;
#1193 = CIRCLE ( 'NONE', #710, 27.50000000000000000 ) ;
#1194 = DIRECTION ( 'NONE',  ( 0.000000000000000000, 0.000000000000000000, 1.000000000000000000 ) ) ;
#1195 = ORIENTED_EDGE ( 'NONE', *, *, #1048, .F. ) ;
#1196 = DIRECTION ( 'NONE',  ( 0.000000000000000000, 0.000000000000000000, 1.000000000000000000 ) ) ;
#1197 = EDGE_CURVE ( 'NONE', #1191, #833, #881, .T. ) ;
#1198 = ADVANCED_FACE ( 'NONE', ( #276, #1085 ), #676, .F. ) ;
#1199 = DIRECTION ( 'NONE',  ( -1.000000000000000000, 0.000000000000000000, 0.000000000000000000 ) ) ;
#1200 = CARTESIAN_POINT ( 'NONE',  ( -6.999999999999910294, 34.00367627183860009, -40.00000000000000000 ) ) ;
#1201 = ORIENTED_EDGE ( 'NONE', *, *, #655, .T. ) ;
#1202 = PERSON_AND_ORGANIZATION ( #498, #725 ) ;
#1203 = CARTESIAN_POINT ( 'NONE',  ( 860.0000000000000000, 6.429395695523603956E-15, -52.50000000000000000 ) ) ;
#1204 = ORIENTED_EDGE ( 'NONE', *, *, #1329, .F. ) ;
#1205 = APPROVAL ( #1046, '未' ) ;
#1206 = DIRECTION ( 'NONE',  ( 0.000000000000000000, 1.000000000000000000, 0.000000000000000000 ) ) ;
#1207 = CARTESIAN_POINT ( 'NONE',  ( -6.999999999999910294, 0.000000000000000000, 0.000000000000000000 ) ) ;
#1208 = VERTEX_POINT ( 'NONE', #27 ) ;
#1209 = ORIENTED_EDGE ( 'NONE', *, *, #610, .F. ) ;
#1210 = CARTESIAN_POINT ( 'NONE',  ( -11.61829126353081953, 35.72398199387594531, -40.00000000000000000 ) ) ;
#1211 = DIRECTION ( 'NONE',  ( 0.000000000000000000, 0.000000000000000000, -1.000000000000000000 ) ) ;
#1212 = AXIS2_PLACEMENT_3D ( 'NONE', #573, #1192, #990 ) ;
#1213 = EDGE_CURVE ( 'NONE', #1108, #1166, #1102, .T. ) ;
#1214 = CIRCLE ( 'NONE', #874, 52.50000000000000000 ) ;
#1215 = CARTESIAN_POINT ( 'NONE',  ( -16.78938963426915976, -50.00000000000000711, 33.46583974474127388 ) ) ;
#1216 = VERTEX_POINT ( 'NONE', #865 ) ;
#1217 = EDGE_LOOP ( 'NONE', ( #528, #935 ) ) ;
#1218 = CARTESIAN_POINT ( 'NONE',  ( -17.00000000000000000, 50.00000000000000000, 16.00781059358210001 ) ) ;
#1219 = CARTESIAN_POINT ( 'NONE',  ( -87.00000000000000000, -50.00000000000000000, 40.00000000000000000 ) ) ;
#1220 = DIRECTION ( 'NONE',  ( 0.000000000000000000, 0.000000000000000000, 1.000000000000000000 ) ) ;
#1221 = ORIENTED_EDGE ( 'NONE', *, *, #325, .T. ) ;
#1222 = ORIENTED_EDGE ( 'NONE', *, *, #1224, .F. ) ;
#1223 = CARTESIAN_POINT ( 'NONE',  ( -111.9999999999999858, 3.061616997868383831E-15, -40.00000000000000000 ) ) ;
#1224 = EDGE_CURVE ( 'NONE', #229, #6, #349, .T. ) ;
#1225 = CARTESIAN_POINT ( 'NONE',  ( -15.95170412034223695, 42.03836435484158329, 40.00000000000000000 ) ) ;
#1226 = PERSON_AND_ORGANIZATION_ROLE ( 'design_owner' ) ;
#1227 = CARTESIAN_POINT ( 'NONE',  ( -11.26657436870963380, -35.46280344711080090, -39.99999999999999289 ) ) ;
#1228 = FACE_OUTER_BOUND ( 'NONE', #484, .T. ) ;
#1229 = CARTESIAN_POINT ( 'NONE',  ( -87.00000000000000000, 0.000000000000000000, -40.00000000000000000 ) ) ;
#1230 = AXIS2_PLACEMENT_3D ( 'NONE', #773, #172, #969 ) ;
#1231 = PRODUCT_DEFINITION_FORMATION_WITH_SPECIFIED_SOURCE ( '�', '', #1110, .NOT_KNOWN. ) ;
#1232 = CARTESIAN_POINT ( 'NONE',  ( -15.57313253421612131, -41.10217047316168504, -40.00000000000002132 ) ) ;
#1233 = AXIS2_PLACEMENT_3D ( 'NONE', #1229, #517, #711 ) ;
#1234 = ORIENTED_EDGE ( 'NONE', *, *, #1213, .T. ) ;
#1235 = CARTESIAN_POINT ( 'NONE',  ( -11.92811109377440282, -50.00000000000000000, -19.85293324071242793 ) ) ;
#1236 = AXIS2_PLACEMENT_3D ( 'NONE', #362, #262, #369 ) ;
#1237 = EDGE_CURVE ( 'NONE', #941, #1208, #670, .T. ) ;
#1238 = SHAPE_DEFINITION_REPRESENTATION ( #1067, #597 ) ;
#1239 = LINE ( 'NONE', #1136, #1148 ) ;
#1240 = CARTESIAN_POINT ( 'NONE',  ( -16.92102111285093002, 50.00000000000000711, 34.99873750100042713 ) ) ;
#1241 = FACE_OUTER_BOUND ( 'NONE', #1267, .T. ) ;
#1242 = VERTEX_POINT ( 'NONE', #976 ) ;
#1243 = CARTESIAN_POINT ( 'NONE',  ( -17.00000000000000000, 0.000000000000000000, 0.000000000000000000 ) ) ;
#1244 = CC_DESIGN_PERSON_AND_ORGANIZATION_ASSIGNMENT ( #1135, #836, ( #184 ) ) ;
#1245 = CARTESIAN_POINT ( 'NONE',  ( -14.75671604649023116, -50.00000000000001421, -25.62918616168249386 ) ) ;
#1246 = CARTESIAN_POINT ( 'NONE',  ( -15.22712778491035479, 50.00000000000000000, 26.95263805620981756 ) ) ;
#1247 = ORIENTED_EDGE ( 'NONE', *, *, #620, .T. ) ;
#1248 = CARTESIAN_POINT ( 'NONE',  ( -10.97750390181785640, -50.00000000000001421, -18.50125521962937114 ) ) ;
#1249 = CARTESIAN_POINT ( 'NONE',  ( -16.41979312331378082, 50.00000000000000711, 31.59688022656199280 ) ) ;
#1250 = AXIS2_PLACEMENT_3D ( 'NONE', #1164, #784, #1173 ) ;
#1251 = ADVANCED_FACE ( 'NONE', ( #566 ), #165, .F. ) ;
#1252 = FACE_OUTER_BOUND ( 'NONE', #282, .T. ) ;
#1253 = ORIENTED_EDGE ( 'NONE', *, *, #1032, .T. ) ;
#1254 = CARTESIAN_POINT ( 'NONE',  ( -11.83202355932916916, -50.00000000000000711, -19.70707279787180610 ) ) ;
#1255 = CIRCLE ( 'NONE', #1169, 50.00000000000000000 ) ;
#1256 = TOROIDAL_SURFACE ( 'NONE', #828, 62.50000000000000000, 10.00000000000000000 ) ;
#1257 = DIRECTION ( 'NONE',  ( 1.000000000000000000, 0.000000000000000000, 0.000000000000000000 ) ) ;
#1258 = CARTESIAN_POINT ( 'NONE',  ( -14.75671604649022761, 50.00000000000000711, 25.62918616168249741 ) ) ;
#1259 = CARTESIAN_POINT ( 'NONE',  ( -14.40899788493467959, 50.00000000000000000, -24.72911525558844303 ) ) ;
#1260 = ORIENTED_EDGE ( 'NONE', *, *, #1237, .F. ) ;
#1261 = CARTESIAN_POINT ( 'NONE',  ( -11.38754131192655272, -35.55019456478181894, 40.00000000000001421 ) ) ;
#1262 = EDGE_CURVE ( 'NONE', #822, #419, #59, .T. ) ;
#1263 = CARTESIAN_POINT ( 'NONE',  ( -87.00000000000000000, 0.000000000000000000, 40.00000000000000000 ) ) ;
#1264 = DIRECTION ( 'NONE',  ( 1.000000000000000000, 0.000000000000000000, 0.000000000000000000 ) ) ;
#1265 = CARTESIAN_POINT ( 'NONE',  ( 860.0000000000000000, 0.000000000000000000, -27.50000000000000000 ) ) ;
#1266 = CARTESIAN_POINT ( 'NONE',  ( -9.689460121266069592, -50.00000000000001421, 17.17745985719637503 ) ) ;
#1267 = EDGE_LOOP ( 'NONE', ( #1139, #787, #910, #986, #617, #1071, #1285, #996, #908, #957, #389, #826 ) ) ;
#1268 = CARTESIAN_POINT ( 'NONE',  ( -12.40597875999321964, -36.38949330612023658, 39.99999999999999289 ) ) ;
#1269 = DIRECTION ( 'NONE',  ( 0.000000000000000000, 0.000000000000000000, 1.000000000000000000 ) ) ;
#1270 = CARTESIAN_POINT ( 'NONE',  ( -12.61932025398703416, 36.61182646813816177, 40.00000000000000000 ) ) ;
#1271 = DIRECTION ( 'NONE',  ( -1.000000000000000000, 0.000000000000000000, 0.000000000000000000 ) ) ;
#1272 = CARTESIAN_POINT ( 'NONE',  ( -16.99999999999998934, 50.00000000000001421, -35.52241525495842467 ) ) ;
#1273 = ORIENTED_EDGE ( 'NONE', *, *, #727, .T. ) ;
#1274 = CARTESIAN_POINT ( 'NONE',  ( -13.53603133315086460, -37.64614046219750065, 39.99999999999999289 ) ) ;
#1275 = AXIS2_PLACEMENT_3D ( 'NONE', #33, #857, #454 ) ;
#1276 = LINE ( 'NONE', #973, #1065 ) ;
#1277 = CARTESIAN_POINT ( 'NONE',  ( -17.00000000000000000, 48.02343178074640662, -40.00000000000000000 ) ) ;
#1278 = AXIS2_PLACEMENT_3D ( 'NONE', #782, #339, #569 ) ;
#1279 = EDGE_LOOP ( 'NONE', ( #314, #351, #1061, #243, #468, #816, #345, #738, #348, #54, #90 ) ) ;
#1280 = CARTESIAN_POINT ( 'NONE',  ( -6.999999999999910294, -34.00367627183860009, 40.00000000000000000 ) ) ;
#1281 = ORIENTED_EDGE ( 'NONE', *, *, #586, .T. ) ;
#1282 = DIRECTION ( 'NONE',  ( 0.000000000000000000, 0.000000000000000000, -1.000000000000000000 ) ) ;
#1283 = EDGE_CURVE ( 'NONE', #822, #568, #308, .T. ) ;
#1284 = PLANE ( 'NONE',  #603 ) ;
#1285 = ORIENTED_EDGE ( 'NONE', *, *, #439, .F. ) ;
#1286 = DESIGN_CONTEXT ( 'detailed design', #644, 'design' ) ;
#1287 = FACE_BOUND ( 'NONE', #1117, .T. ) ;
#1288 = DIRECTION ( 'NONE',  ( -1.000000000000000000, 0.000000000000000000, 0.000000000000000000 ) ) ;
#1289 = ORIENTED_EDGE ( 'NONE', *, *, #1115, .F. ) ;
#1290 = CARTESIAN_POINT ( 'NONE',  ( -17.00000000000000000, -50.00000000000000000, -37.50000000000000000 ) ) ;
#1291 = DIRECTION ( 'NONE',  ( 0.000000000000000000, 1.000000000000000000, 0.000000000000000000 ) ) ;
#1292 = EDGE_LOOP ( 'NONE', ( #860, #672, #300 ) ) ;
#1293 = CARTESIAN_POINT ( 'NONE',  ( -17.00000000000000000, -50.00000000000000000, 16.00781059358210001 ) ) ;
#1294 = ADVANCED_FACE ( 'NONE', ( #202 ), #1003, .F. ) ;
#1295 = CARTESIAN_POINT ( 'NONE',  ( -17.00099999999999767, 0.000000000000000000, -27.50000000000000000 ) ) ;
#1296 = EDGE_LOOP ( 'NONE', ( #375, #810 ) ) ;
#1297 = CARTESIAN_POINT ( 'NONE',  ( -9.785354830797039938, 50.00000000000001421, -17.26134958196534797 ) ) ;
#1298 = CARTESIAN_POINT ( 'NONE',  ( -14.27287018822109843, 38.66277142042850556, -39.99999999999999289 ) ) ;
#1299 =( GEOMETRIC_REPRESENTATION_CONTEXT ( 3 ) GLOBAL_UNCERTAINTY_ASSIGNED_CONTEXT ( ( #187 ) ) GLOBAL_UNIT_ASSIGNED_CONTEXT ( ( #94, #814, #298 ) ) REPRESENTATION_CONTEXT ( 'NONE', 'WORKASPACE' ) );
#1300 = CARTESIAN_POINT ( 'NONE',  ( -16.16307738057625443, -42.67644819343674101, -39.99999999999999289 ) ) ;
#1301 = CARTESIAN_POINT ( 'NONE',  ( -11.30773281258345619, 35.49221507921909335, 40.00000000000000711 ) ) ;
#1302 = DIRECTION ( 'NONE',  ( 0.000000000000000000, 0.000000000000000000, 1.000000000000000000 ) ) ;
#1303 = AXIS2_PLACEMENT_3D ( 'NONE', #7, #732, #622 ) ;
#1304 = CARTESIAN_POINT ( 'NONE',  ( -17.00000000000000000, -50.00000000000000000, 37.50000000000000000 ) ) ;
#1305 = ORIENTED_EDGE ( 'NONE', *, *, #57, .T. ) ;
#1306 = CARTESIAN_POINT ( 'NONE',  ( -13.22076098111637421, 37.26771225613392602, -40.00000000000000711 ) ) ;
#1307 = DIRECTION ( 'NONE',  ( -1.000000000000000000, 0.000000000000000000, 0.000000000000000000 ) ) ;
#1308 = DIRECTION ( 'NONE',  ( -1.000000000000000000, 0.000000000000000000, 0.000000000000000000 ) ) ;
#1309 = ORIENTED_EDGE ( 'NONE', *, *, #1095, .T. ) ;
#1310 = DIRECTION ( 'NONE',  ( 1.000000000000000000, 0.000000000000000000, 0.000000000000000000 ) ) ;
#1311 = DIRECTION ( 'NONE',  ( -1.000000000000000000, 0.000000000000000000, 0.000000000000000000 ) ) ;
#1312 = CARTESIAN_POINT ( 'NONE',  ( -13.84888409077575133, -50.00000000000000000, 23.39298117051691150 ) ) ;
#1313 = VERTEX_POINT ( 'NONE', #928 ) ;
#1314 = DIRECTION ( 'NONE',  ( -1.000000000000000000, 0.000000000000000000, 0.000000000000000000 ) ) ;
#1315 = CARTESIAN_POINT ( 'NONE',  ( -14.58733917064713914, 39.17250746612717194, -39.99999999999999289 ) ) ;
#1316 = CARTESIAN_POINT ( 'NONE',  ( -16.30127402609097587, 43.13738805012790323, 39.99999999999999289 ) ) ;
#1317 = PERSON_AND_ORGANIZATION_ROLE ( 'creator' ) ;
#1318 = AXIS2_PLACEMENT_3D ( 'NONE', #414, #407, #737 ) ;
#1319 = DIRECTION ( 'NONE',  ( 0.000000000000000000, 0.000000000000000000, -1.000000000000000000 ) ) ;
#1320 = ORIENTED_EDGE ( 'NONE', *, *, #689, .F. ) ;
#1321 = CARTESIAN_POINT ( 'NONE',  ( -9.468444136154857915, -34.48005847784996547, 39.99999999999999289 ) ) ;
#1322 = EDGE_CURVE ( 'NONE', #1017, #651, #919, .T. ) ;
#1323 = CARTESIAN_POINT ( 'NONE',  ( -11.87212387161899052, 49.99999999999999289, 19.76766966386912472 ) ) ;
#1324 = CARTESIAN_POINT ( 'NONE',  ( -15.60352614293153550, 41.17327657731488699, -40.00000000000000000 ) ) ;
#1325 = DIRECTION ( 'NONE',  ( 0.000000000000000000, 0.000000000000000000, 1.000000000000000000 ) ) ;
#1326 = CARTESIAN_POINT ( 'NONE',  ( -11.32947937352529522, -35.50789195711188029, -40.00000000000001421 ) ) ;
#1327 = DIRECTION ( 'NONE',  ( -1.000000000000000000, 0.000000000000000000, 0.000000000000000000 ) ) ;
#1328 = CARTESIAN_POINT ( 'NONE',  ( -15.52194895379133044, 40.98410941943390640, 40.00000000000000000 ) ) ;
#1329 = EDGE_CURVE ( 'NONE', #1208, #941, #512, .T. ) ;
#1330 = CARTESIAN_POINT ( 'NONE',  ( -13.71442971369914510, -37.86426676247852185, -39.99999999999999289 ) ) ;
#1331 = ORIENTED_EDGE ( 'NONE', *, *, #336, .F. ) ;
#1332 = CARTESIAN_POINT ( 'NONE',  ( -7.917442287829722147, -49.99999999999999289, -16.00781059358208935 ) ) ;
#1333 = PERSON_AND_ORGANIZATION_ROLE ( 'design_supplier' ) ;
#1334 = CIRCLE ( 'NONE', #766, 50.00000000000000000 ) ;
#1335 = CARTESIAN_POINT ( 'NONE',  ( -15.52194895378504924, -40.98410941942464802, -39.99999999999999289 ) ) ;
#1336 = CIRCLE ( 'NONE', #943, 25.00000000000000000 ) ;
ENDSEC;
END-ISO-10303-21;
