ISO-10303-21;
HEADER;
FILE_DESCRIPTION (( 'STEP AP203' ),
    '1' );
FILE_NAME ('torretta_XCGM_Default_sldprt.STEP',
    '2026-08-17T06:14:01',
    ( '' ),
    ( '' ),
    'SwSTEP 2.0',
    'SolidWorks 2026',
    '' );
FILE_SCHEMA (( 'CONFIG_CONTROL_DESIGN' ));
ENDSEC;

DATA;
#1 = ORIENTED_EDGE ( 'NONE', *, *, #63, .F. ) ;
#2 = VECTOR ( 'NONE', #3987, 1000.000000000000000 ) ;
#3 = CARTESIAN_POINT ( 'NONE',  ( 4.898587196589412868E-14, -70.00000000000000000, -400.0000000000000000 ) ) ;
#4 = CARTESIAN_POINT ( 'NONE',  ( -1010.000000000000000, 170.0000000000000000, -269.9999999999997726 ) ) ;
#5 = LINE ( 'NONE', #1229, #423 ) ;
#6 = CIRCLE ( 'NONE', #2143, 99.99999999999997158 ) ;
#7 = DIRECTION ( 'NONE',  ( 0.000000000000000000, 0.000000000000000000, -1.000000000000000000 ) ) ;
#8 = DIRECTION ( 'NONE',  ( -0.000000000000000000, 0.000000000000000000, 1.000000000000000000 ) ) ;
#9 = ORIENTED_EDGE ( 'NONE', *, *, #2338, .T. ) ;
#10 = CARTESIAN_POINT ( 'NONE',  ( -1150.000000000000227, 100.0000000000000000, -1124.999999999999773 ) ) ;
#11 = LINE ( 'NONE', #3754, #1275 ) ;
#12 = DIRECTION ( 'NONE',  ( -1.000000000000000000, 0.000000000000000000, 7.368736889105026576E-17 ) ) ;
#13 = EDGE_CURVE ( 'NONE', #2545, #3938, #758, .T. ) ;
#14 = CARTESIAN_POINT ( 'NONE',  ( 1049.999999999999545, 100.0000000000000000, -1125.000000000000000 ) ) ;
#15 = DIRECTION ( 'NONE',  ( 0.000000000000000000, 0.000000000000000000, -1.000000000000000000 ) ) ;
#16 = ADVANCED_FACE ( 'NONE', ( #1417 ), #3239, .T. ) ;
#17 = ORIENTED_EDGE ( 'NONE', *, *, #2337, .T. ) ;
#18 = EDGE_CURVE ( 'NONE', #2877, #2346, #465, .T. ) ;
#19 = CARTESIAN_POINT ( 'NONE',  ( 1049.999999999999773, 0.000000000000000000, 1125.000000000000000 ) ) ;
#20 = EDGE_CURVE ( 'NONE', #1380, #2681, #2308, .T. ) ;
#21 = DIRECTION ( 'NONE',  ( 1.000000000000000000, 0.000000000000000000, -9.654113257610057838E-17 ) ) ;
#22 = LINE ( 'NONE', #2538, #36 ) ;
#23 = DIRECTION ( 'NONE',  ( 0.000000000000000000, -1.000000000000000000, 0.000000000000000000 ) ) ;
#24 = CARTESIAN_POINT ( 'NONE',  ( 29.99999999999985079, 870.0000000000001137, -375.0000000000000000 ) ) ;
#25 = ORIENTED_EDGE ( 'NONE', *, *, #997, .T. ) ;
#26 = CARTESIAN_POINT ( 'NONE',  ( -30.00000000000009237, 470.0000000000000568, -945.0000000000000000 ) ) ;
#27 = CYLINDRICAL_SURFACE ( 'NONE', #3213, 70.00000000000005684 ) ;
#28 = CARTESIAN_POINT ( 'NONE',  ( -550.0000000000003411, 170.0000000000000000, -300.0000000000000000 ) ) ;
#29 = DIRECTION ( 'NONE',  ( 0.000000000000000000, -1.000000000000000000, 1.863514088643043464E-16 ) ) ;
#30 = CIRCLE ( 'NONE', #878, 100.0000000000000853 ) ;
#31 = ORIENTED_EDGE ( 'NONE', *, *, #1571, .F. ) ;
#32 = ORIENTED_EDGE ( 'NONE', *, *, #3468, .T. ) ;
#33 = VECTOR ( 'NONE', #355, 1000.000000000000000 ) ;
#34 = AXIS2_PLACEMENT_3D ( 'NONE', #478, #2294, #2639 ) ;
#35 = LINE ( 'NONE', #3668, #1466 ) ;
#36 = VECTOR ( 'NONE', #1314, 1000.000000000000000 ) ;
#37 = DIRECTION ( 'NONE',  ( -0.000000000000000000, -0.000000000000000000, -1.000000000000000000 ) ) ;
#38 = DIRECTION ( 'NONE',  ( -0.000000000000000000, -0.000000000000000000, 1.000000000000000000 ) ) ;
#39 = SECURITY_CLASSIFICATION ( '', '', #411 ) ;
#40 = DIRECTION ( 'NONE',  ( -0.000000000000000000, -1.000000000000000000, -0.000000000000000000 ) ) ;
#41 = CARTESIAN_POINT ( 'NONE',  ( -1149.999999999999545, 769.9999999999797637, 1025.000000000000227 ) ) ;
#42 = VECTOR ( 'NONE', #1407, 1000.000000000000000 ) ;
#43 = DIRECTION ( 'NONE',  ( -1.000000000000000000, 0.000000000000000000, 9.654113257610057838E-17 ) ) ;
#44 = DIRECTION ( 'NONE',  ( 9.868649107779168700E-17, -0.000000000000000000, 1.000000000000000000 ) ) ;
#45 = PLANE ( 'NONE',  #1351 ) ;
#46 = CARTESIAN_POINT ( 'NONE',  ( -970.0000000000002274, 780.0000000000000000, -945.0000000000000000 ) ) ;
#47 = AXIS2_PLACEMENT_3D ( 'NONE', #3027, #200, #2702 ) ;
#48 = DIRECTION ( 'NONE',  ( -0.000000000000000000, -0.000000000000000000, 1.000000000000000000 ) ) ;
#49 = VECTOR ( 'NONE', #2389, 1000.000000000000000 ) ;
#50 = CIRCLE ( 'NONE', #3202, 50.00000000000004263 ) ;
#51 = FACE_OUTER_BOUND ( 'NONE', #2203, .T. ) ;
#52 = EDGE_LOOP ( 'NONE', ( #3628, #1194 ) ) ;
#53 = ORIENTED_EDGE ( 'NONE', *, *, #147, .F. ) ;
#54 = AXIS2_PLACEMENT_3D ( 'NONE', #2722, #3963, #1186 ) ;
#55 = DIRECTION ( 'NONE',  ( -1.000000000000000000, -0.000000000000000000, 9.654113257610057838E-17 ) ) ;
#56 = DIRECTION ( 'NONE',  ( -0.000000000000000000, -0.000000000000000000, 1.000000000000000000 ) ) ;
#57 = VECTOR ( 'NONE', #2900, 1000.000000000000000 ) ;
#58 = ORIENTED_EDGE ( 'NONE', *, *, #2279, .F. ) ;
#59 = DIRECTION ( 'NONE',  ( -1.000000000000000000, 0.000000000000000000, 9.654113257610057838E-17 ) ) ;
#60 = DIRECTION ( 'NONE',  ( 0.000000000000000000, -1.000000000000000000, 0.000000000000000000 ) ) ;
#61 = ORIENTED_EDGE ( 'NONE', *, *, #1571, .T. ) ;
#62 = ORIENTED_EDGE ( 'NONE', *, *, #596, .T. ) ;
#63 = EDGE_CURVE ( 'NONE', #3506, #2675, #2126, .T. ) ;
#64 = FACE_OUTER_BOUND ( 'NONE', #989, .T. ) ;
#65 = EDGE_CURVE ( 'NONE', #3808, #3164, #781, .T. ) ;
#66 = DIRECTION ( 'NONE',  ( 1.586032892321652236E-16, 0.000000000000000000, 1.000000000000000000 ) ) ;
#67 = CARTESIAN_POINT ( 'NONE',  ( -1010.000000000000000, 170.0000000000000000, -246.9999999999998863 ) ) ;
#68 = CARTESIAN_POINT ( 'NONE',  ( 919.9999999999994316, 329.9999999999999432, -1094.999999999999773 ) ) ;
#69 = EDGE_LOOP ( 'NONE', ( #2987, #2818, #17, #2686 ) ) ;
#70 = ORIENTED_EDGE ( 'NONE', *, *, #972, .F. ) ;
#71 = ORIENTED_EDGE ( 'NONE', *, *, #533, .T. ) ;
#72 = CARTESIAN_POINT ( 'NONE',  ( 99.99999999999998579, 870.0000000000001137, 1025.000000000000000 ) ) ;
#73 = DIRECTION ( 'NONE',  ( -1.000000000000000000, 0.000000000000000000, 9.868649107779168700E-17 ) ) ;
#74 = ORIENTED_EDGE ( 'NONE', *, *, #2584, .T. ) ;
#75 = CARTESIAN_POINT ( 'NONE',  ( -650.0000000000004547, 770.0000000000000000, 125.0000000000002274 ) ) ;
#76 = LINE ( 'NONE', #1939, #1967 ) ;
#77 = ORIENTED_EDGE ( 'NONE', *, *, #1296, .T. ) ;
#78 = EDGE_CURVE ( 'NONE', #1689, #1800, #2561, .T. ) ;
#79 = FACE_OUTER_BOUND ( 'NONE', #2802, .T. ) ;
#80 = CC_DESIGN_PERSON_AND_ORGANIZATION_ASSIGNMENT ( #2212, #368, ( #39 ) ) ;
#81 = EDGE_LOOP ( 'NONE', ( #2066, #150, #2640, #3177 ) ) ;
#82 = DIRECTION ( 'NONE',  ( 9.868649107779168700E-17, 0.000000000000000000, 1.000000000000000000 ) ) ;
#83 = ADVANCED_FACE ( 'NONE', ( #2902 ), #139, .F. ) ;
#84 = CARTESIAN_POINT ( 'NONE',  ( 1149.999999999999773, 940.0000000000001137, 1025.000000000000455 ) ) ;
#85 = DIRECTION ( 'NONE',  ( -0.000000000000000000, -0.000000000000000000, 1.000000000000000000 ) ) ;
#86 = DATE_AND_TIME ( #3790, #1718 ) ;
#87 = CARTESIAN_POINT ( 'NONE',  ( -650.0000000000004547, 770.0000000000000000, -1125.000999999999976 ) ) ;
#88 = DIRECTION ( 'NONE',  ( 0.000000000000000000, -1.000000000000000000, -0.000000000000000000 ) ) ;
#89 = ORIENTED_EDGE ( 'NONE', *, *, #1125, .F. ) ;
#90 = VERTEX_POINT ( 'NONE', #3462 ) ;
#91 = ORIENTED_EDGE ( 'NONE', *, *, #1572, .F. ) ;
#92 = ORIENTED_EDGE ( 'NONE', *, *, #3389, .T. ) ;
#93 = DIRECTION ( 'NONE',  ( -9.868649107779168700E-17, 0.000000000000000000, -1.000000000000000000 ) ) ;
#94 = ORIENTED_EDGE ( 'NONE', *, *, #3826, .F. ) ;
#95 = ORIENTED_EDGE ( 'NONE', *, *, #2528, .T. ) ;
#96 = AXIS2_PLACEMENT_3D ( 'NONE', #2945, #233, #165 ) ;
#97 = CARTESIAN_POINT ( 'NONE',  ( 1049.999999999999773, 870.0000000000001137, 1025.000000000000000 ) ) ;
#98 = AXIS2_PLACEMENT_3D ( 'NONE', #1824, #1858, #3040 ) ;
#99 = LINE ( 'NONE', #1340, #1132 ) ;
#100 = EDGE_CURVE ( 'NONE', #3530, #985, #2317, .T. ) ;
#101 = ORIENTED_EDGE ( 'NONE', *, *, #2465, .F. ) ;
#102 = ORIENTED_EDGE ( 'NONE', *, *, #3436, .T. ) ;
#103 = AXIS2_PLACEMENT_3D ( 'NONE', #868, #1459, #3599 ) ;
#104 = FACE_OUTER_BOUND ( 'NONE', #677, .T. ) ;
#105 = VERTEX_POINT ( 'NONE', #1688 ) ;
#106 = DIRECTION ( 'NONE',  ( -0.08715574274766212104, -0.9961946980917452121, 0.000000000000000000 ) ) ;
#107 = CARTESIAN_POINT ( 'NONE',  ( -1047.500000000000000, 380.0000000000000000, -226.9999999999999147 ) ) ;
#108 = LINE ( 'NONE', #3500, #2115 ) ;
#109 = LINE ( 'NONE', #3791, #3337 ) ;
#110 = EDGE_CURVE ( 'NONE', #3258, #794, #1930, .T. ) ;
#111 = LINE ( 'NONE', #755, #3033 ) ;
#112 = CARTESIAN_POINT ( 'NONE',  ( 1049.999999999999773, 100.0000000000000000, 1025.000000000000000 ) ) ;
#113 = EDGE_LOOP ( 'NONE', ( #2889, #1311, #2130, #3541 ) ) ;
#114 = VECTOR ( 'NONE', #1458, 1000.000000000000000 ) ;
#115 = ORIENTED_EDGE ( 'NONE', *, *, #3455, .T. ) ;
#116 = DIRECTION ( 'NONE',  ( 1.000000000000000000, 0.000000000000000000, 0.000000000000000000 ) ) ;
#117 = ORIENTED_EDGE ( 'NONE', *, *, #615, .F. ) ;
#118 = AXIS2_PLACEMENT_3D ( 'NONE', #365, #3111, #2146 ) ;
#119 = EDGE_CURVE ( 'NONE', #3137, #1736, #2377, .T. ) ;
#120 = LINE ( 'NONE', #3442, #2546 ) ;
#121 = VERTEX_POINT ( 'NONE', #3048 ) ;
#122 = VECTOR ( 'NONE', #272, 1000.000000000000000 ) ;
#123 = VECTOR ( 'NONE', #2553, 1000.000000000000000 ) ;
#124 = PLANE ( 'NONE',  #3186 ) ;
#125 = EDGE_LOOP ( 'NONE', ( #94, #1516, #589, #544 ) ) ;
#126 = AXIS2_PLACEMENT_3D ( 'NONE', #182, #1420, #2037 ) ;
#127 = EDGE_LOOP ( 'NONE', ( #3830, #651, #1152, #3415, #2778 ) ) ;
#128 = CARTESIAN_POINT ( 'NONE',  ( -30.00000000000009237, 870.0000000000001137, -914.9999999999998863 ) ) ;
#129 = EDGE_LOOP ( 'NONE', ( #850, #3379, #735, #2537 ) ) ;
#130 = CYLINDRICAL_SURFACE ( 'NONE', #3746, 99.99999999999997158 ) ;
#131 = LINE ( 'NONE', #3814, #1288 ) ;
#132 = DIRECTION ( 'NONE',  ( 1.000000000000000000, 0.000000000000000000, 0.000000000000000000 ) ) ;
#133 = DIRECTION ( 'NONE',  ( -1.000000000000000000, -0.000000000000000000, -0.000000000000000000 ) ) ;
#134 = EDGE_CURVE ( 'NONE', #2025, #278, #822, .T. ) ;
#135 = PLANE ( 'NONE',  #2957 ) ;
#136 = LINE ( 'NONE', #157, #3675 ) ;
#137 = ORIENTED_EDGE ( 'NONE', *, *, #3815, .F. ) ;
#138 = ORIENTED_EDGE ( 'NONE', *, *, #3492, .F. ) ;
#139 = CYLINDRICAL_SURFACE ( 'NONE', #1597, 32.49999999999997158 ) ;
#140 = ORIENTED_EDGE ( 'NONE', *, *, #3871, .T. ) ;
#141 = EDGE_CURVE ( 'NONE', #486, #1747, #1796, .T. ) ;
#142 = EDGE_CURVE ( 'NONE', #2375, #1284, #2082, .T. ) ;
#143 = DIRECTION ( 'NONE',  ( -2.467162276944792422E-16, 1.000000000000000000, -0.000000000000000000 ) ) ;
#144 = ORIENTED_EDGE ( 'NONE', *, *, #398, .F. ) ;
#145 = EDGE_CURVE ( 'NONE', #2350, #1337, #2420, .T. ) ;
#146 = DIRECTION ( 'NONE',  ( 0.000000000000000000, -1.000000000000000000, 0.000000000000000000 ) ) ;
#147 = EDGE_CURVE ( 'NONE', #3775, #3237, #3609, .T. ) ;
#148 = DIRECTION ( 'NONE',  ( 0.000000000000000000, -1.000000000000000000, 1.863514088643043710E-16 ) ) ;
#149 = VERTEX_POINT ( 'NONE', #3624 ) ;
#150 = ORIENTED_EDGE ( 'NONE', *, *, #3075, .T. ) ;
#151 = ORIENTED_EDGE ( 'NONE', *, *, #3431, .T. ) ;
#152 = CARTESIAN_POINT ( 'NONE',  ( -9.868649107779159431E-15, 970.0000000000001137, 1025.000000000000000 ) ) ;
#153 = CARTESIAN_POINT ( 'NONE',  ( -1108.578643762689808, 41.42135623730951721, 1125.000000000000000 ) ) ;
#154 = FACE_OUTER_BOUND ( 'NONE', #3181, .T. ) ;
#155 = CARTESIAN_POINT ( 'NONE',  ( -370.0000000000002274, 780.0000000000000000, -595.0000000000000000 ) ) ;
#156 = EDGE_CURVE ( 'NONE', #2517, #1265, #1513, .T. ) ;
#157 = CARTESIAN_POINT ( 'NONE',  ( -1030.000000000000000, 380.0000000000000000, -226.9999999999999147 ) ) ;
#158 = EDGE_LOOP ( 'NONE', ( #463, #2357, #2043 ) ) ;
#159 = EDGE_LOOP ( 'NONE', ( #844, #2040, #745, #1093 ) ) ;
#160 = DIRECTION ( 'NONE',  ( -1.000000000000000000, -0.000000000000000000, 9.654113257610057838E-17 ) ) ;
#161 = ORIENTED_EDGE ( 'NONE', *, *, #1303, .F. ) ;
#162 = ORIENTED_EDGE ( 'NONE', *, *, #1825, .T. ) ;
#163 = DIRECTION ( 'NONE',  ( 2.960594732333750610E-16, 0.000000000000000000, 1.000000000000000000 ) ) ;
#164 = EDGE_CURVE ( 'NONE', #3742, #2446, #587, .T. ) ;
#165 = DIRECTION ( 'NONE',  ( 0.000000000000000000, 0.000000000000000000, 1.000000000000000000 ) ) ;
#166 = ORIENTED_EDGE ( 'NONE', *, *, #13, .T. ) ;
#167 = VECTOR ( 'NONE', #1264, 1000.000000000000000 ) ;
#168 = ADVANCED_FACE ( 'NONE', ( #2398 ), #1816, .F. ) ;
#169 = VECTOR ( 'NONE', #2723, 1000.000000000000000 ) ;
#170 = SPHERICAL_SURFACE ( 'NONE', #4002, 100.0000000000000000 ) ;
#171 = EDGE_CURVE ( 'NONE', #2169, #1130, #292, .T. ) ;
#172 = ORIENTED_EDGE ( 'NONE', *, *, #2087, .F. ) ;
#173 = FACE_OUTER_BOUND ( 'NONE', #361, .T. ) ;
#174 = VECTOR ( 'NONE', #3490, 1000.000000000000000 ) ;
#175 = CARTESIAN_POINT ( 'NONE',  ( -944.1287867011683375, 1764.790554669992162, 125.0000000000005258 ) ) ;
#176 = CC_DESIGN_APPROVAL ( #634, ( #1981 ) ) ;
#177 = DIRECTION ( 'NONE',  ( -0.000000000000000000, -0.000000000000000000, 1.000000000000000000 ) ) ;
#178 = LINE ( 'NONE', #1972, #2318 ) ;
#179 = ORIENTED_EDGE ( 'NONE', *, *, #3234, .T. ) ;
#180 = EDGE_LOOP ( 'NONE', ( #1070, #2771, #1777, #1391, #3310, #1506, #1833, #508, #3077, #1091, #1704, #740, #549, #716, #232, #3425 ) ) ;
#181 = AXIS2_PLACEMENT_3D ( 'NONE', #2786, #2484, #2195 ) ;
#182 = CARTESIAN_POINT ( 'NONE',  ( -1050.000000000000000, 870.0000000000001137, -1124.999999999999773 ) ) ;
#183 = CARTESIAN_POINT ( 'NONE',  ( -1119.999999999999545, 30.00000000000000711, 1025.000000000000000 ) ) ;
#184 = VERTEX_POINT ( 'NONE', #2335 ) ;
#185 = EDGE_LOOP ( 'NONE', ( #3488, #1820, #2233, #2981, #230, #1396, #2197, #1354, #1737, #1492, #656, #3557, #144, #172, #3230, #1063, #3229, #2063, #547, #3905, #3119 ) ) ;
#186 = PLANE ( 'NONE',  #3618 ) ;
#187 = ORIENTED_EDGE ( 'NONE', *, *, #3298, .T. ) ;
#188 = EDGE_CURVE ( 'NONE', #1214, #2025, #2752, .T. ) ;
#189 = CARTESIAN_POINT ( 'NONE',  ( -1049.999999999999773, 970.0000000000001137, -345.0000000000000000 ) ) ;
#190 = CIRCLE ( 'NONE', #899, 400.0000000000000000 ) ;
#191 = DIRECTION ( 'NONE',  ( 1.000000000000000000, 0.000000000000000000, -9.654113257610057838E-17 ) ) ;
#192 = VECTOR ( 'NONE', #459, 1000.000000000000000 ) ;
#193 = VECTOR ( 'NONE', #551, 1000.000000000000000 ) ;
#194 = LINE ( 'NONE', #1765, #1289 ) ;
#195 = VERTEX_POINT ( 'NONE', #505 ) ;
#196 = LINE ( 'NONE', #2347, #387 ) ;
#197 = VECTOR ( 'NONE', #1944, 1000.000000000000000 ) ;
#198 = CARTESIAN_POINT ( 'NONE',  ( -930.1405309694780499, 1670.000000000000000, -1553.630394101094680 ) ) ;
#199 = EDGE_CURVE ( 'NONE', #2440, #1774, #2682, .T. ) ;
#200 = DIRECTION ( 'NONE',  ( 0.000000000000000000, 0.000000000000000000, -1.000000000000000000 ) ) ;
#201 = EDGE_CURVE ( 'NONE', #296, #1536, #2121, .T. ) ;
#202 = DIRECTION ( 'NONE',  ( 0.000000000000000000, -1.000000000000000000, 0.000000000000000000 ) ) ;
#203 = ORIENTED_EDGE ( 'NONE', *, *, #119, .T. ) ;
#204 = ORIENTED_EDGE ( 'NONE', *, *, #480, .T. ) ;
#205 = FACE_OUTER_BOUND ( 'NONE', #479, .T. ) ;
#206 = DATE_AND_TIME ( #1418, #1142 ) ;
#207 = DIRECTION ( 'NONE',  ( 0.000000000000000000, -1.000000000000000000, 0.000000000000000000 ) ) ;
#208 = VERTEX_POINT ( 'NONE', #1775 ) ;
#209 = ORIENTED_EDGE ( 'NONE', *, *, #2213, .T. ) ;
#210 = VERTEX_POINT ( 'NONE', #2961 ) ;
#211 = ORIENTED_EDGE ( 'NONE', *, *, #3416, .F. ) ;
#212 = CARTESIAN_POINT ( 'NONE',  ( -1050.000000000000000, 970.0000000000001137, -1024.999999999999773 ) ) ;
#213 = CARTESIAN_POINT ( 'NONE',  ( -1150.000000000000227, 500.0000000000000000, -345.0000000000000000 ) ) ;
#214 = PLANE ( 'NONE',  #637 ) ;
#215 = CARTESIAN_POINT ( 'NONE',  ( 100.0000000000000995, 870.0000000000001137, 1125.000000000000000 ) ) ;
#216 = VERTEX_POINT ( 'NONE', #1498 ) ;
#217 = CARTESIAN_POINT ( 'NONE',  ( 919.9999999999994316, 330.0000000000000568, -594.9999999999997726 ) ) ;
#218 = CC_DESIGN_DATE_AND_TIME_ASSIGNMENT ( #1178, #1217, ( #1524 ) ) ;
#219 = DIRECTION ( 'NONE',  ( -0.000000000000000000, -0.000000000000000000, 1.000000000000000000 ) ) ;
#220 = ADVANCED_FACE ( 'NONE', ( #205 ), #2730, .T. ) ;
#221 = CARTESIAN_POINT ( 'NONE',  ( -1150.000000000000227, 500.0000000000000000, -914.9999999999998863 ) ) ;
#222 = DIRECTION ( 'NONE',  ( 0.000000000000000000, 0.000000000000000000, 1.000000000000000000 ) ) ;
#223 = ORIENTED_EDGE ( 'NONE', *, *, #445, .T. ) ;
#224 = ORIENTED_EDGE ( 'NONE', *, *, #1692, .T. ) ;
#225 = DIRECTION ( 'NONE',  ( 9.868649107779168700E-17, 0.000000000000000000, 1.000000000000000000 ) ) ;
#226 = ORIENTED_EDGE ( 'NONE', *, *, #2234, .F. ) ;
#227 = PLANE ( 'NONE',  #1548 ) ;
#228 = ORIENTED_EDGE ( 'NONE', *, *, #2584, .F. ) ;
#229 = ORIENTED_EDGE ( 'NONE', *, *, #2172, .T. ) ;
#230 = ORIENTED_EDGE ( 'NONE', *, *, #2393, .T. ) ;
#231 = CARTESIAN_POINT ( 'NONE',  ( 1371.287572882331006, 1254.977517713075258, 225.0000000000003695 ) ) ;
#232 = ORIENTED_EDGE ( 'NONE', *, *, #2264, .F. ) ;
#233 = DIRECTION ( 'NONE',  ( -0.000000000000000000, 1.000000000000000000, -0.000000000000000000 ) ) ;
#234 = CARTESIAN_POINT ( 'NONE',  ( -80.00000000000007105, 1670.000000000000000, 125.0000000000002274 ) ) ;
#235 = LINE ( 'NONE', #536, #500 ) ;
#236 = DIRECTION ( 'NONE',  ( -0.000000000000000000, -0.000000000000000000, 1.000000000000000000 ) ) ;
#237 = ADVANCED_FACE ( 'NONE', ( #3304 ), #3971, .F. ) ;
#238 = VECTOR ( 'NONE', #2787, 1000.000000000000000 ) ;
#239 = EDGE_LOOP ( 'NONE', ( #1703, #1329, #2924, #2982 ) ) ;
#240 = CARTESIAN_POINT ( 'NONE',  ( -620.0000000000004547, 770.0000000000000000, 125.0000000000002274 ) ) ;
#241 = CIRCLE ( 'NONE', #1641, 30.00000000000002842 ) ;
#242 = DIRECTION ( 'NONE',  ( 0.000000000000000000, 0.000000000000000000, -1.000000000000000000 ) ) ;
#243 = CIRCLE ( 'NONE', #2181, 99.99999999999997158 ) ;
#244 = FACE_OUTER_BOUND ( 'NONE', #1759, .T. ) ;
#245 = DIRECTION ( 'NONE',  ( 0.000000000000000000, 0.000000000000000000, 1.000000000000000000 ) ) ;
#246 = ORIENTED_EDGE ( 'NONE', *, *, #976, .T. ) ;
#247 = ORIENTED_EDGE ( 'NONE', *, *, #284, .F. ) ;
#248 = DIRECTION ( 'NONE',  ( 1.000000000000000000, 0.000000000000000000, 0.000000000000000000 ) ) ;
#249 = EDGE_CURVE ( 'NONE', #2306, #3531, #690, .T. ) ;
#250 = CIRCLE ( 'NONE', #1473, 70.00000000000005684 ) ;
#251 = EDGE_CURVE ( 'NONE', #1563, #3848, #3955, .T. ) ;
#252 = VECTOR ( 'NONE', #3403, 1000.000000000000000 ) ;
#253 = VECTOR ( 'NONE', #2993, 1000.000000000000000 ) ;
#254 = EDGE_LOOP ( 'NONE', ( #591, #1038, #32, #9 ) ) ;
#255 = ORIENTED_EDGE ( 'NONE', *, *, #887, .T. ) ;
#256 = ORIENTED_EDGE ( 'NONE', *, *, #667, .T. ) ;
#257 = DIRECTION ( 'NONE',  ( 3.345970175229888843E-16, 2.185572743024032936E-16, 1.000000000000000000 ) ) ;
#258 = EDGE_CURVE ( 'NONE', #683, #3506, #349, .T. ) ;
#259 = CYLINDRICAL_SURFACE ( 'NONE', #2543, 70.00000000000005684 ) ;
#260 = PLANE ( 'NONE',  #54 ) ;
#261 = AXIS2_PLACEMENT_3D ( 'NONE', #2028, #2415, #3638 ) ;
#262 = DIRECTION ( 'NONE',  ( -1.000000000000000000, 2.955594639892673831E-32, 1.586032892321652236E-16 ) ) ;
#263 = DIRECTION ( 'NONE',  ( 1.000000000000000000, 0.000000000000000000, 0.000000000000000000 ) ) ;
#264 = ORIENTED_EDGE ( 'NONE', *, *, #2412, .F. ) ;
#265 = CIRCLE ( 'NONE', #2779, 99.99999999999997158 ) ;
#266 = CARTESIAN_POINT ( 'NONE',  ( 1049.999999999999545, 970.0000000000001137, -1125.000000000000000 ) ) ;
#267 = AXIS2_PLACEMENT_3D ( 'NONE', #1986, #455, #685 ) ;
#268 = VECTOR ( 'NONE', #1022, 1000.000000000000000 ) ;
#269 = PLANE ( 'NONE',  #2566 ) ;
#270 = CARTESIAN_POINT ( 'NONE',  ( -80.00000000000007105, 1670.000000000000000, 1095.000000000000000 ) ) ;
#271 = VECTOR ( 'NONE', #3700, 1000.000000000000000 ) ;
#272 = DIRECTION ( 'NONE',  ( -2.960594732333750610E-16, 0.000000000000000000, -1.000000000000000000 ) ) ;
#273 = ORIENTED_EDGE ( 'NONE', *, *, #2470, .F. ) ;
#274 = CARTESIAN_POINT ( 'NONE',  ( -1049.999999999999318, 170.0000000000000000, 1095.000000000000227 ) ) ;
#275 = EDGE_CURVE ( 'NONE', #3938, #2545, #2565, .T. ) ;
#276 = ORIENTED_EDGE ( 'NONE', *, *, #923, .F. ) ;
#277 = ORIENTED_EDGE ( 'NONE', *, *, #2732, .F. ) ;
#278 = VERTEX_POINT ( 'NONE', #3756 ) ;
#279 = VECTOR ( 'NONE', #1493, 1000.000000000000000 ) ;
#280 = ADVANCED_FACE ( 'NONE', ( #641 ), #3380, .F. ) ;
#281 = DIRECTION ( 'NONE',  ( 0.000000000000000000, 1.000000000000000000, 0.000000000000000000 ) ) ;
#282 = EDGE_CURVE ( 'NONE', #2988, #2049, #1255, .T. ) ;
#283 = CARTESIAN_POINT ( 'NONE',  ( 1229.690227707249278, 451.9390683154974795, 1025.000000000000909 ) ) ;
#284 = EDGE_CURVE ( 'NONE', #1367, #1877, #2791, .T. ) ;
#285 = DIRECTION ( 'NONE',  ( -1.000000000000000000, 0.000000000000000000, 0.000000000000000000 ) ) ;
#286 = CARTESIAN_POINT ( 'NONE',  ( 1049.999999999999545, 100.0000000000000000, -1025.000000000000000 ) ) ;
#287 = VERTEX_POINT ( 'NONE', #14 ) ;
#288 = CARTESIAN_POINT ( 'NONE',  ( 919.9999999999994316, 30.00000000000000000, -1025.000000000000000 ) ) ;
#289 = DIRECTION ( 'NONE',  ( 0.000000000000000000, 0.000000000000000000, 1.000000000000000000 ) ) ;
#290 = DIRECTION ( 'NONE',  ( 0.000000000000000000, 1.000000000000000000, 0.000000000000000000 ) ) ;
#291 = VERTEX_POINT ( 'NONE', #46 ) ;
#292 = LINE ( 'NONE', #819, #1732 ) ;
#293 = PERSON ( '未', '未', '未', ('未'), ('未'), ('未') ) ;
#294 = LINE ( 'NONE', #588, #1273 ) ;
#295 = ADVANCED_FACE ( 'NONE', ( #3717 ), #2185, .T. ) ;
#296 = VERTEX_POINT ( 'NONE', #338 ) ;
#297 = ORIENTED_EDGE ( 'NONE', *, *, #1655, .F. ) ;
#298 = DIRECTION ( 'NONE',  ( 0.000000000000000000, 0.000000000000000000, -1.000000000000000000 ) ) ;
#299 = DIRECTION ( 'NONE',  ( 1.000000000000000000, -0.000000000000000000, -9.654113257610057838E-17 ) ) ;
#300 = PLANE ( 'NONE',  #2809 ) ;
#301 = EDGE_CURVE ( 'NONE', #2837, #2627, #309, .T. ) ;
#302 = LINE ( 'NONE', #2764, #696 ) ;
#303 = ADVANCED_FACE ( 'NONE', ( #3065 ), #1901, .F. ) ;
#304 = LINE ( 'NONE', #1232, #621 ) ;
#305 = LINE ( 'NONE', #1290, #953 ) ;
#306 = FACE_OUTER_BOUND ( 'NONE', #1336, .T. ) ;
#307 = VECTOR ( 'NONE', #573, 1000.000000000000000 ) ;
#308 = EDGE_LOOP ( 'NONE', ( #3159, #166 ) ) ;
#309 = LINE ( 'NONE', #2773, #828 ) ;
#310 = LINE ( 'NONE', #1534, #3201 ) ;
#311 = FACE_OUTER_BOUND ( 'NONE', #531, .T. ) ;
#312 = AXIS2_PLACEMENT_3D ( 'NONE', #986, #1675, #3487 ) ;
#313 = ORIENTED_EDGE ( 'NONE', *, *, #2371, .T. ) ;
#314 = CIRCLE ( 'NONE', #3598, 100.0000000000000853 ) ;
#315 = DIRECTION ( 'NONE',  ( 1.000000000000000000, 0.000000000000000000, 0.000000000000000000 ) ) ;
#316 = FACE_OUTER_BOUND ( 'NONE', #1818, .T. ) ;
#317 = EDGE_CURVE ( 'NONE', #3367, #1710, #3363, .T. ) ;
#318 = CARTESIAN_POINT ( 'NONE',  ( 519.9999999999995453, 130.0000000000000000, 105.0000000000002558 ) ) ;
#319 = CARTESIAN_POINT ( 'NONE',  ( -1119.999999999999773, 767.3753400942019880, 155.0000000000003411 ) ) ;
#320 = ORIENTED_EDGE ( 'NONE', *, *, #1553, .F. ) ;
#321 = EDGE_CURVE ( 'NONE', #2621, #486, #3278, .T. ) ;
#322 = DIRECTION ( 'NONE',  ( -1.000000000000000000, 0.000000000000000000, -0.000000000000000000 ) ) ;
#323 = EDGE_CURVE ( 'NONE', #1244, #2302, #605, .T. ) ;
#324 = AXIS2_PLACEMENT_3D ( 'NONE', #543, #290, #1193 ) ;
#325 = CARTESIAN_POINT ( 'NONE',  ( -1120.000000000000000, 170.0000000000000000, -945.0000000000000000 ) ) ;
#326 = EDGE_CURVE ( 'NONE', #511, #1943, #2512, .T. ) ;
#327 = ORIENTED_EDGE ( 'NONE', *, *, #1617, .F. ) ;
#328 = ORIENTED_EDGE ( 'NONE', *, *, #3550, .T. ) ;
#329 = AXIS2_PLACEMENT_3D ( 'NONE', #336, #1885, #1565 ) ;
#330 = CARTESIAN_POINT ( 'NONE',  ( -944.1287867011683375, 1764.790554669992162, 155.0000000000003411 ) ) ;
#331 = DIRECTION ( 'NONE',  ( -3.108646026476297434E-16, -8.396406128415151032E-17, -1.000000000000000000 ) ) ;
#332 = CARTESIAN_POINT ( 'NONE',  ( -550.0000000000003411, 170.0000000000000000, -345.0000000000000000 ) ) ;
#333 = CARTESIAN_POINT ( 'NONE',  ( 0.000000000000000000, 170.0000000000000000, 50.00000000000015632 ) ) ;
#334 = ORIENTED_EDGE ( 'NONE', *, *, #1034, .F. ) ;
#335 = DIRECTION ( 'NONE',  ( 1.000000000000000000, 0.000000000000000000, 0.000000000000000000 ) ) ;
#336 = CARTESIAN_POINT ( 'NONE',  ( -1.232595164407830946E-29, 0.000000000000000000, 1.216404916948625809E-45 ) ) ;
#337 = LINE ( 'NONE', #1321, #2314 ) ;
#338 = CARTESIAN_POINT ( 'NONE',  ( -1149.999999999999773, 170.0000000000000000, 80.00000000000029843 ) ) ;
#339 = LINE ( 'NONE', #2462, #252 ) ;
#340 = DIRECTION ( 'NONE',  ( 1.000000000000000000, 0.000000000000000000, 0.000000000000000000 ) ) ;
#341 = VERTEX_POINT ( 'NONE', #3735 ) ;
#342 = LINE ( 'NONE', #3977, #2353 ) ;
#343 = CARTESIAN_POINT ( 'NONE',  ( -50.00000000000001421, 140.0000000000000000, 155.0000000000002558 ) ) ;
#344 = DIRECTION ( 'NONE',  ( -0.1736481776669297206, -0.9848077530122081313, 1.361524149987749608E-16 ) ) ;
#345 = DIRECTION ( 'NONE',  ( 1.000000000000000000, -0.000000000000000000, -1.110223024625157033E-16 ) ) ;
#346 = ORIENTED_EDGE ( 'NONE', *, *, #2470, .T. ) ;
#347 = DIRECTION ( 'NONE',  ( 0.000000000000000000, 0.000000000000000000, 1.000000000000000000 ) ) ;
#348 = DIRECTION ( 'NONE',  ( -0.000000000000000000, 1.000000000000000000, -0.000000000000000000 ) ) ;
#349 = LINE ( 'NONE', #653, #3614 ) ;
#350 = DIRECTION ( 'NONE',  ( -0.000000000000000000, -0.000000000000000000, 1.000000000000000000 ) ) ;
#351 = FACE_BOUND ( 'NONE', #3919, .T. ) ;
#352 = VECTOR ( 'NONE', #3607, 1000.000000000000000 ) ;
#353 = ORIENTED_EDGE ( 'NONE', *, *, #2288, .T. ) ;
#354 = VECTOR ( 'NONE', #2520, 1000.000000000000000 ) ;
#355 = DIRECTION ( 'NONE',  ( 1.000000000000000000, 0.000000000000000000, 0.000000000000000000 ) ) ;
#356 = VECTOR ( 'NONE', #163, 1000.000000000000000 ) ;
#357 = EDGE_CURVE ( 'NONE', #3794, #532, #980, .T. ) ;
#358 = LINE ( 'NONE', #1594, #2691 ) ;
#359 = AXIS2_PLACEMENT_3D ( 'NONE', #1664, #3578, #1393 ) ;
#360 = FACE_OUTER_BOUND ( 'NONE', #3263, .T. ) ;
#361 = EDGE_LOOP ( 'NONE', ( #1065, #203, #3128, #1423 ) ) ;
#362 = VERTEX_POINT ( 'NONE', #624 ) ;
#363 = AXIS2_PLACEMENT_3D ( 'NONE', #1543, #23, #3672 ) ;
#364 = AXIS2_PLACEMENT_3D ( 'NONE', #3828, #680, #3491 ) ;
#365 = CARTESIAN_POINT ( 'NONE',  ( 99.99999999999987210, 870.0000000000001137, -1125.000000000000000 ) ) ;
#366 = VECTOR ( 'NONE', #3321, 1000.000000000000000 ) ;
#367 = CARTESIAN_POINT ( 'NONE',  ( 1119.999999999999773, 329.9999999999999432, 1025.000000000000455 ) ) ;
#368 = PERSON_AND_ORGANIZATION_ROLE ( 'classification_officer' ) ;
#369 = CARTESIAN_POINT ( 'NONE',  ( 1119.999999999999773, 870.0000000000001137, 1025.000000000000455 ) ) ;
#370 = AXIS2_PLACEMENT_3D ( 'NONE', #3434, #2201, #1886 ) ;
#371 = VERTEX_POINT ( 'NONE', #4016 ) ;
#372 = ORIENTED_EDGE ( 'NONE', *, *, #2949, .T. ) ;
#373 = ORIENTED_EDGE ( 'NONE', *, *, #3771, .F. ) ;
#374 = VECTOR ( 'NONE', #3629, 1000.000000000000000 ) ;
#375 = DIRECTION ( 'NONE',  ( 0.000000000000000000, 0.000000000000000000, 1.000000000000000000 ) ) ;
#376 = DIRECTION ( 'NONE',  ( -0.000000000000000000, -0.000000000000000000, 1.000000000000000000 ) ) ;
#377 = VECTOR ( 'NONE', #562, 1000.000000000000000 ) ;
#378 = ADVANCED_FACE ( 'NONE', ( #1873 ), #3703, .F. ) ;
#379 = DIRECTION ( 'NONE',  ( 0.5547001962252291474, 0.8320502943378437211, 0.000000000000000000 ) ) ;
#380 = CC_DESIGN_DATE_AND_TIME_ASSIGNMENT ( #3135, #643, ( #39 ) ) ;
#381 = DIRECTION ( 'NONE',  ( -1.041121822320096708E-16, 1.000000000000000000, 0.000000000000000000 ) ) ;
#382 = DIRECTION ( 'NONE',  ( -0.000000000000000000, -0.000000000000000000, -1.000000000000000000 ) ) ;
#383 = EDGE_CURVE ( 'NONE', #1380, #2744, #3083, .T. ) ;
#384 = DIRECTION ( 'NONE',  ( 0.000000000000000000, 0.000000000000000000, -1.000000000000000000 ) ) ;
#385 = VERTEX_POINT ( 'NONE', #1555 ) ;
#386 = ORIENTED_EDGE ( 'NONE', *, *, #514, .T. ) ;
#387 = VECTOR ( 'NONE', #2745, 1000.000000000000000 ) ;
#388 = DIRECTION ( 'NONE',  ( 1.000000000000000000, 1.486905836551548832E-16, 0.000000000000000000 ) ) ;
#389 = VERTEX_POINT ( 'NONE', #1638 ) ;
#390 = CARTESIAN_POINT ( 'NONE',  ( 99.99999999999987210, 940.0000000000001137, -375.0000000000000000 ) ) ;
#391 = CARTESIAN_POINT ( 'NONE',  ( -1149.999999999999545, 0.000000000000000000, 1125.000000000000227 ) ) ;
#392 = DIRECTION ( 'NONE',  ( 1.000000000000000000, 0.000000000000000000, 0.000000000000000000 ) ) ;
#393 = LINE ( 'NONE', #3484, #1673 ) ;
#394 = ORIENTED_EDGE ( 'NONE', *, *, #2073, .T. ) ;
#395 = ORIENTED_EDGE ( 'NONE', *, *, #2947, .F. ) ;
#396 = ORIENTED_EDGE ( 'NONE', *, *, #3120, .F. ) ;
#397 = VERTEX_POINT ( 'NONE', #1945 ) ;
#398 = EDGE_CURVE ( 'NONE', #3982, #693, #1764, .T. ) ;
#399 = DIRECTION ( 'NONE',  ( -0.000000000000000000, -0.000000000000000000, 1.000000000000000000 ) ) ;
#400 = LINE ( 'NONE', #1629, #174 ) ;
#401 = DIRECTION ( 'NONE',  ( 0.000000000000000000, 0.000000000000000000, -1.000000000000000000 ) ) ;
#402 = VERTEX_POINT ( 'NONE', #107 ) ;
#403 = VERTEX_POINT ( 'NONE', #732 ) ;
#404 = EDGE_CURVE ( 'NONE', #3022, #2508, #994, .T. ) ;
#405 = ADVANCED_FACE ( 'NONE', ( #1346 ), #3836, .T. ) ;
#406 = CARTESIAN_POINT ( 'NONE',  ( -80.00000000000001421, 1136.814064971248627, 1125.000000000000227 ) ) ;
#407 = ORIENTED_EDGE ( 'NONE', *, *, #2427, .F. ) ;
#408 = CARTESIAN_POINT ( 'NONE',  ( -550.0000000000003411, 170.0000000000000000, -300.0000000000000000 ) ) ;
#409 = DIRECTION ( 'NONE',  ( 1.000000000000000000, 0.000000000000000000, -0.000000000000000000 ) ) ;
#410 = CARTESIAN_POINT ( 'NONE',  ( -550.0000000000003411, -0.000000000000000000, -345.0000000000000000 ) ) ;
#411 = SECURITY_CLASSIFICATION_LEVEL ( 'unclassified' ) ;
#412 = CARTESIAN_POINT ( 'NONE',  ( -1080.000000000000000, 380.0000000000000000, -226.9999999999999147 ) ) ;
#413 = CARTESIAN_POINT ( 'NONE',  ( -50.00000000000001421, 1770.000000000000000, 1095.000000000000227 ) ) ;
#414 = DIRECTION ( 'NONE',  ( 9.868649107779168700E-17, -0.000000000000000000, 1.000000000000000000 ) ) ;
#415 = ORIENTED_EDGE ( 'NONE', *, *, #2264, .T. ) ;
#416 = EDGE_LOOP ( 'NONE', ( #1105, #968, #25, #2707 ) ) ;
#417 = VERTEX_POINT ( 'NONE', #2290 ) ;
#418 = FACE_OUTER_BOUND ( 'NONE', #1450, .T. ) ;
#419 = ORIENTED_EDGE ( 'NONE', *, *, #1461, .F. ) ;
#420 = ORIENTED_EDGE ( 'NONE', *, *, #2311, .F. ) ;
#421 = VECTOR ( 'NONE', #2363, 1000.000000000000000 ) ;
#422 = CARTESIAN_POINT ( 'NONE',  ( -961.4936044678606777, 1666.309779368771387, 1025.000000000000682 ) ) ;
#423 = VECTOR ( 'NONE', #613, 1000.000000000000000 ) ;
#424 = DIRECTION ( 'NONE',  ( -0.000000000000000000, 1.000000000000000000, 0.000000000000000000 ) ) ;
#425 = ORIENTED_EDGE ( 'NONE', *, *, #3292, .F. ) ;
#426 = EDGE_LOOP ( 'NONE', ( #2860, #3198, #1651, #714 ) ) ;
#427 = AXIS2_PLACEMENT_3D ( 'NONE', #3930, #2060, #3626 ) ;
#428 = EDGE_CURVE ( 'NONE', #3320, #1156, #447, .T. ) ;
#429 = DIRECTION ( 'NONE',  ( 1.000000000000000000, 0.000000000000000000, 0.000000000000000000 ) ) ;
#430 = ORIENTED_EDGE ( 'NONE', *, *, #1566, .F. ) ;
#431 = APPROVAL_PERSON_ORGANIZATION ( #2835, #3685, #1308 ) ;
#432 = CARTESIAN_POINT ( 'NONE',  ( 1149.999999999999773, 170.0000000000000000, -1125.000000000000000 ) ) ;
#433 = CARTESIAN_POINT ( 'NONE',  ( 0.000000000000000000, 0.000000000000000000, 125.0000000000002274 ) ) ;
#434 = DIRECTION ( 'NONE',  ( 0.000000000000000000, -2.775557561562890365E-16, -1.000000000000000000 ) ) ;
#435 = ADVANCED_FACE ( 'NONE', ( #3788 ), #214, .F. ) ;
#436 = EDGE_CURVE ( 'NONE', #3238, #1156, #1448, .T. ) ;
#437 = EDGE_CURVE ( 'NONE', #2401, #1445, #1057, .T. ) ;
#438 = DIRECTION ( 'NONE',  ( 0.000000000000000000, -0.000000000000000000, -1.000000000000000000 ) ) ;
#439 = EDGE_CURVE ( 'NONE', #565, #210, #3683, .T. ) ;
#440 = CARTESIAN_POINT ( 'NONE',  ( -680.0000000000004547, 770.0000000000000000, -345.0000000000000000 ) ) ;
#441 = DIRECTION ( 'NONE',  ( 0.000000000000000000, 0.000000000000000000, -1.000000000000000000 ) ) ;
#442 = ORIENTED_EDGE ( 'NONE', *, *, #3551, .F. ) ;
#443 = ORIENTED_EDGE ( 'NONE', *, *, #3165, .T. ) ;
#444 = ORIENTED_EDGE ( 'NONE', *, *, #3580, .F. ) ;
#445 = EDGE_CURVE ( 'NONE', #2129, #570, #131, .T. ) ;
#446 = ORIENTED_EDGE ( 'NONE', *, *, #1868, .F. ) ;
#447 = CIRCLE ( 'NONE', #1920, 70.00000000000005684 ) ;
#448 = CARTESIAN_POINT ( 'NONE',  ( -970.0000000000001137, 330.0000000000000000, -1095.000000000000000 ) ) ;
#449 = ORIENTED_EDGE ( 'NONE', *, *, #3418, .T. ) ;
#450 = VECTOR ( 'NONE', #3621, 1000.000000000000000 ) ;
#451 = DIRECTION ( 'NONE',  ( 1.000000000000000000, -0.000000000000000000, -9.868649107779171166E-17 ) ) ;
#452 = VECTOR ( 'NONE', #1683, 1000.000000000000000 ) ;
#453 = PLANE ( 'NONE',  #1582 ) ;
#454 = EDGE_LOOP ( 'NONE', ( #1677, #1973, #2599, #1069 ) ) ;
#455 = DIRECTION ( 'NONE',  ( 0.000000000000000000, 0.000000000000000000, -1.000000000000000000 ) ) ;
#456 = ORIENTED_EDGE ( 'NONE', *, *, #784, .F. ) ;
#457 = CARTESIAN_POINT ( 'NONE',  ( -1050.000000000000000, 870.0000000000001137, -1094.999999999999773 ) ) ;
#458 = CARTESIAN_POINT ( 'NONE',  ( -1150.000000000000227, 100.0000000000000000, -1024.999999999999773 ) ) ;
#459 = DIRECTION ( 'NONE',  ( 2.960594732333750610E-16, 0.000000000000000000, 1.000000000000000000 ) ) ;
#460 = DIRECTION ( 'NONE',  ( 0.9848077530122081313, -0.1736481776669295818, 0.000000000000000000 ) ) ;
#461 = DIRECTION ( 'NONE',  ( -0.000000000000000000, -0.000000000000000000, 1.000000000000000000 ) ) ;
#462 = DIRECTION ( 'NONE',  ( -0.000000000000000000, 0.000000000000000000, 1.000000000000000000 ) ) ;
#463 = ORIENTED_EDGE ( 'NONE', *, *, #18, .T. ) ;
#464 = VERTEX_POINT ( 'NONE', #67 ) ;
#465 = LINE ( 'NONE', #2617, #1918 ) ;
#466 = EDGE_CURVE ( 'NONE', #2609, #1284, #1042, .T. ) ;
#467 = LINE ( 'NONE', #3460, #123 ) ;
#468 = ORIENTED_EDGE ( 'NONE', *, *, #1702, .T. ) ;
#469 = VERTEX_POINT ( 'NONE', #710 ) ;
#470 = CARTESIAN_POINT ( 'NONE',  ( -1049.999999999999318, 170.0000000000000000, 1025.000000000000227 ) ) ;
#471 = CARTESIAN_POINT ( 'NONE',  ( -1120.000000000000000, 470.0000000000000000, -945.0000000000000000 ) ) ;
#472 = EDGE_LOOP ( 'NONE', ( #2819, #2333, #1129, #2725 ) ) ;
#473 = ORIENTED_EDGE ( 'NONE', *, *, #1238, .T. ) ;
#474 = PLANE ( 'NONE',  #2495 ) ;
#475 = ORIENTED_EDGE ( 'NONE', *, *, #3075, .F. ) ;
#476 = DIRECTION ( 'NONE',  ( -1.000000000000000000, -2.467162276944792422E-16, 0.000000000000000000 ) ) ;
#477 = LINE ( 'NONE', #1640, #2777 ) ;
#478 = CARTESIAN_POINT ( 'NONE',  ( 1150.000000000000000, 870.0000000000001137, 1025.000000000000455 ) ) ;
#479 = EDGE_LOOP ( 'NONE', ( #1, #3646, #334, #2525 ) ) ;
#480 = EDGE_CURVE ( 'NONE', #1121, #2440, #3917, .T. ) ;
#481 = ORIENTED_EDGE ( 'NONE', *, *, #2775, .F. ) ;
#482 = ORIENTED_EDGE ( 'NONE', *, *, #3371, .T. ) ;
#483 = ORIENTED_EDGE ( 'NONE', *, *, #20, .T. ) ;
#484 = APPROVAL_ROLE ( '' ) ;
#485 = LINE ( 'NONE', #3891, #2783 ) ;
#486 = VERTEX_POINT ( 'NONE', #390 ) ;
#487 = EDGE_LOOP ( 'NONE', ( #888, #1987, #396, #586, #951, #276, #3782, #510 ) ) ;
#488 = LINE ( 'NONE', #2671, #738 ) ;
#489 = VERTEX_POINT ( 'NONE', #2269 ) ;
#490 = EDGE_CURVE ( 'NONE', #1747, #1780, #3769, .T. ) ;
#491 = AXIS2_PLACEMENT_3D ( 'NONE', #942, #2178, #3394 ) ;
#492 = EDGE_CURVE ( 'NONE', #2098, #3200, #2192, .T. ) ;
#493 = AXIS2_PLACEMENT_3D ( 'NONE', #1957, #659, #2842 ) ;
#494 = CARTESIAN_POINT ( 'NONE',  ( -1120.000000000000000, 470.0000000000000000, -1124.999999999999773 ) ) ;
#495 = EDGE_LOOP ( 'NONE', ( #3582, #779, #3185, #71 ) ) ;
#496 = CARTESIAN_POINT ( 'NONE',  ( -1047.500000000000000, 380.0000000000000000, 7.000000000000162537 ) ) ;
#497 = VECTOR ( 'NONE', #146, 1000.000000000000000 ) ;
#498 = CARTESIAN_POINT ( 'NONE',  ( -1049.999999999999318, 300.0000000000000568, 125.0000000000002984 ) ) ;
#499 = DIRECTION ( 'NONE',  ( 1.000000000000000000, 0.000000000000000000, 0.000000000000000000 ) ) ;
#500 = VECTOR ( 'NONE', #2365, 1000.000000000000000 ) ;
#501 = DIRECTION ( 'NONE',  ( -1.000000000000000000, 0.000000000000000000, 0.000000000000000000 ) ) ;
#502 = DIRECTION ( 'NONE',  ( 1.000000000000000000, 0.000000000000000000, 0.000000000000000000 ) ) ;
#503 = VERTEX_POINT ( 'NONE', #1990 ) ;
#504 = ORIENTED_EDGE ( 'NONE', *, *, #3904, .F. ) ;
#505 = CARTESIAN_POINT ( 'NONE',  ( -1050.000000000000000, 100.0000000000000000, -1124.999999999999773 ) ) ;
#506 = CARTESIAN_POINT ( 'NONE',  ( -50.00000000000001421, 1770.000000000000000, 1125.000000000000227 ) ) ;
#507 = AXIS2_PLACEMENT_3D ( 'NONE', #3114, #2516, #3738 ) ;
#508 = ORIENTED_EDGE ( 'NONE', *, *, #3142, .F. ) ;
#509 = ORIENTED_EDGE ( 'NONE', *, *, #727, .F. ) ;
#510 = ORIENTED_EDGE ( 'NONE', *, *, #141, .F. ) ;
#511 = VERTEX_POINT ( 'NONE', #1369 ) ;
#512 = AXIS2_PLACEMENT_3D ( 'NONE', #1790, #3279, #242 ) ;
#513 = LINE ( 'NONE', #1112, #2106 ) ;
#514 = EDGE_CURVE ( 'NONE', #985, #2266, #1966, .T. ) ;
#515 = VECTOR ( 'NONE', #2211, 1000.000000000000000 ) ;
#516 = EDGE_CURVE ( 'NONE', #1153, #2963, #2596, .T. ) ;
#517 = VECTOR ( 'NONE', #2097, 1000.000000000000000 ) ;
#518 = LINE ( 'NONE', #1745, #892 ) ;
#519 = VECTOR ( 'NONE', #1108, 1000.000000000000000 ) ;
#520 = ORIENTED_EDGE ( 'NONE', *, *, #2969, .F. ) ;
#521 = DIRECTION ( 'NONE',  ( 0.000000000000000000, 0.000000000000000000, 1.000000000000000000 ) ) ;
#522 = CIRCLE ( 'NONE', #2785, 99.99999999999997158 ) ;
#523 = FACE_OUTER_BOUND ( 'NONE', #2419, .T. ) ;
#524 = DIRECTION ( 'NONE',  ( 0.000000000000000000, -1.000000000000000000, 0.000000000000000000 ) ) ;
#525 = LINE ( 'NONE', #3256, #57 ) ;
#526 = ORIENTED_EDGE ( 'NONE', *, *, #514, .F. ) ;
#527 = ORIENTED_EDGE ( 'NONE', *, *, #3116, .T. ) ;
#528 = CARTESIAN_POINT ( 'NONE',  ( -1080.000000000000000, 380.0000000000000000, -246.9999999999999147 ) ) ;
#529 = DIRECTION ( 'NONE',  ( -1.000000000000000000, 0.000000000000000000, 0.000000000000000000 ) ) ;
#530 = ORIENTED_EDGE ( 'NONE', *, *, #3298, .F. ) ;
#531 = EDGE_LOOP ( 'NONE', ( #2793, #795, #635, #2644 ) ) ;
#532 = VERTEX_POINT ( 'NONE', #833 ) ;
#533 = EDGE_CURVE ( 'NONE', #3237, #3775, #2447, .T. ) ;
#534 = CARTESIAN_POINT ( 'NONE',  ( 1149.999999999999773, 870.0000000000001137, -1025.000000000000000 ) ) ;
#535 = DIRECTION ( 'NONE',  ( 0.000000000000000000, 0.000000000000000000, -1.000000000000000000 ) ) ;
#536 = CARTESIAN_POINT ( 'NONE',  ( 919.9999999999998863, 100.0000000000000142, 1095.000000000000227 ) ) ;
#537 = FACE_OUTER_BOUND ( 'NONE', #1696, .T. ) ;
#538 = ORIENTED_EDGE ( 'NONE', *, *, #978, .T. ) ;
#539 = LINE ( 'NONE', #266, #1510 ) ;
#540 = ADVANCED_FACE ( 'NONE', ( #3372 ), #2760, .F. ) ;
#541 = EDGE_CURVE ( 'NONE', #90, #3138, #3041, .T. ) ;
#542 = CARTESIAN_POINT ( 'NONE',  ( 29.99999999999977618, 870.0000000000001137, -1125.000000000000000 ) ) ;
#543 = CARTESIAN_POINT ( 'NONE',  ( 99.99999999999998579, 870.0000000000001137, 1025.000000000000000 ) ) ;
#544 = ORIENTED_EDGE ( 'NONE', *, *, #3244, .F. ) ;
#545 = ORIENTED_EDGE ( 'NONE', *, *, #145, .F. ) ;
#546 = DIRECTION ( 'NONE',  ( -0.000000000000000000, 0.000000000000000000, 1.000000000000000000 ) ) ;
#547 = ORIENTED_EDGE ( 'NONE', *, *, #3492, .T. ) ;
#548 = EDGE_CURVE ( 'NONE', #105, #1877, #265, .T. ) ;
#549 = ORIENTED_EDGE ( 'NONE', *, *, #955, .T. ) ;
#550 = VERTEX_POINT ( 'NONE', #4 ) ;
#551 = DIRECTION ( 'NONE',  ( -0.000000000000000000, 1.000000000000000000, -1.863514088643043464E-16 ) ) ;
#552 = EDGE_LOOP ( 'NONE', ( #2343, #223, #151, #475 ) ) ;
#553 = DIRECTION ( 'NONE',  ( 0.000000000000000000, -1.000000000000000000, 0.000000000000000000 ) ) ;
#554 = CARTESIAN_POINT ( 'NONE',  ( 100.0000000000000853, 170.0000000000000000, 1125.000000000000000 ) ) ;
#555 = AXIS2_PLACEMENT_3D ( 'NONE', #3375, #1848, #8 ) ;
#556 = ORIENTED_EDGE ( 'NONE', *, *, #2285, .T. ) ;
#557 = CARTESIAN_POINT ( 'NONE',  ( -1150.000000000000455, 170.0000000000000000, 80.00000000000022737 ) ) ;
#558 = AXIS2_PLACEMENT_3D ( 'NONE', #3671, #3331, #285 ) ;
#559 = EDGE_CURVE ( 'NONE', #2325, #2266, #3941, .T. ) ;
#560 = FACE_BOUND ( 'NONE', #2716, .T. ) ;
#561 = VECTOR ( 'NONE', #1262, 1000.000000000000000 ) ;
#562 = DIRECTION ( 'NONE',  ( -0.000000000000000000, -0.000000000000000000, 1.000000000000000000 ) ) ;
#563 = DIRECTION ( 'NONE',  ( 0.000000000000000000, 1.000000000000000000, 0.000000000000000000 ) ) ;
#564 = EDGE_CURVE ( 'NONE', #3138, #2968, #3709, .T. ) ;
#565 = VERTEX_POINT ( 'NONE', #3388 ) ;
#566 = DIRECTION ( 'NONE',  ( -1.000000000000000000, 0.000000000000000000, 0.000000000000000000 ) ) ;
#567 = EDGE_CURVE ( 'NONE', #2321, #3237, #3978, .T. ) ;
#568 = ADVANCED_FACE ( 'NONE', ( #925 ), #2991, .T. ) ;
#569 = VECTOR ( 'NONE', #3546, 1000.000000000000000 ) ;
#570 = VERTEX_POINT ( 'NONE', #1202 ) ;
#571 = ORIENTED_EDGE ( 'NONE', *, *, #78, .F. ) ;
#572 = VERTEX_POINT ( 'NONE', #234 ) ;
#573 = DIRECTION ( 'NONE',  ( 0.000000000000000000, 1.000000000000000000, 0.000000000000000000 ) ) ;
#574 = DIRECTION ( 'NONE',  ( -0.000000000000000000, -0.000000000000000000, 1.000000000000000000 ) ) ;
#575 = LINE ( 'NONE', #1167, #2931 ) ;
#576 = CARTESIAN_POINT ( 'NONE',  ( -1150.000000000000455, 870.0000000000001137, -914.9999999999998863 ) ) ;
#577 = ORIENTED_EDGE ( 'NONE', *, *, #63, .T. ) ;
#578 = VECTOR ( 'NONE', #3480, 1000.000000000000000 ) ;
#579 = DIRECTION ( 'NONE',  ( 1.000000000000000000, 0.000000000000000000, 0.000000000000000000 ) ) ;
#580 = AXIS2_PLACEMENT_3D ( 'NONE', #1386, #1012, #2608 ) ;
#581 = VECTOR ( 'NONE', #289, 1000.000000000000000 ) ;
#582 = ADVANCED_FACE ( 'NONE', ( #2090 ), #1165, .T. ) ;
#583 = CARTESIAN_POINT ( 'NONE',  ( -1150.000000000000227, 470.0000000000000000, -375.0000000000000000 ) ) ;
#584 = VECTOR ( 'NONE', #2610, 1000.000000000000000 ) ;
#585 = DIRECTION ( 'NONE',  ( -0.08715574274766213492, -0.9961946980917452121, 6.422277366820457827E-18 ) ) ;
#586 = ORIENTED_EDGE ( 'NONE', *, *, #2338, .F. ) ;
#587 = LINE ( 'NONE', #3283, #761 ) ;
#588 = CARTESIAN_POINT ( 'NONE',  ( -1119.999999999999545, 170.0000000000000000, 1025.000000000000227 ) ) ;
#589 = ORIENTED_EDGE ( 'NONE', *, *, #2925, .F. ) ;
#590 = ORIENTED_EDGE ( 'NONE', *, *, #1505, .T. ) ;
#591 = ORIENTED_EDGE ( 'NONE', *, *, #20, .F. ) ;
#592 = EDGE_CURVE ( 'NONE', #1774, #1284, #1892, .T. ) ;
#593 = ADVANCED_FACE ( 'NONE', ( #316 ), #260, .F. ) ;
#594 = CARTESIAN_POINT ( 'NONE',  ( 1119.999999999999773, 870.0000000000001137, -1125.000000000000000 ) ) ;
#595 = DIRECTION ( 'NONE',  ( -0.000000000000000000, -0.000000000000000000, 1.000000000000000000 ) ) ;
#596 = EDGE_CURVE ( 'NONE', #3030, #765, #2406, .T. ) ;
#597 = CARTESIAN_POINT ( 'NONE',  ( -1112.500000000000000, 380.0000000000000000, -226.9999999999999147 ) ) ;
#598 = DIRECTION ( 'NONE',  ( 9.868649107779168700E-17, 0.000000000000000000, 1.000000000000000000 ) ) ;
#599 = CARTESIAN_POINT ( 'NONE',  ( -1050.000000000000000, 970.0000000000001137, -945.0000000000000000 ) ) ;
#600 = CARTESIAN_POINT ( 'NONE',  ( 0.000000000000000000, 170.0000000000000000, -345.0000000000000000 ) ) ;
#601 = PLANE ( 'NONE',  #1799 ) ;
#602 = LINE ( 'NONE', #583, #2 ) ;
#603 = CARTESIAN_POINT ( 'NONE',  ( 1119.999999999999773, 170.0000000000000000, -1125.000000000000000 ) ) ;
#604 = ORIENTED_EDGE ( 'NONE', *, *, #2721, .T. ) ;
#605 = LINE ( 'NONE', #28, #515 ) ;
#606 = CARTESIAN_POINT ( 'NONE',  ( -80.00000000000007105, 1670.000000000000000, -1553.630394101094680 ) ) ;
#607 = EDGE_CURVE ( 'NONE', #3820, #2340, #2567, .T. ) ;
#608 = VERTEX_POINT ( 'NONE', #1807 ) ;
#609 = DIRECTION ( 'NONE',  ( 9.868649107779168700E-17, 0.000000000000000000, 1.000000000000000000 ) ) ;
#610 = CARTESIAN_POINT ( 'NONE',  ( -1080.000000000000000, 380.0000000000000000, 7.000000000000162537 ) ) ;
#611 = ADVANCED_FACE ( 'NONE', ( #898 ), #2135, .T. ) ;
#612 = DIRECTION ( 'NONE',  ( 0.000000000000000000, 0.000000000000000000, -1.000000000000000000 ) ) ;
#613 = DIRECTION ( 'NONE',  ( 1.000000000000000000, 0.000000000000000000, 0.000000000000000000 ) ) ;
#614 = DIRECTION ( 'NONE',  ( 1.000000000000000000, 0.000000000000000000, 0.000000000000000000 ) ) ;
#615 = EDGE_CURVE ( 'NONE', #469, #1146, #702, .T. ) ;
#616 = DIRECTION ( 'NONE',  ( -2.960594732333750610E-16, 0.000000000000000000, -1.000000000000000000 ) ) ;
#617 = ORIENTED_EDGE ( 'NONE', *, *, #1403, .T. ) ;
#618 = DIRECTION ( 'NONE',  ( 0.000000000000000000, 1.000000000000000000, -0.000000000000000000 ) ) ;
#619 = EDGE_CURVE ( 'NONE', #3168, #2378, #2260, .T. ) ;
#620 = CARTESIAN_POINT ( 'NONE',  ( 99.99999999999998579, 870.0000000000001137, 1025.000000000000227 ) ) ;
#621 = VECTOR ( 'NONE', #1523, 1000.000000000000000 ) ;
#622 = VERTEX_POINT ( 'NONE', #1612 ) ;
#623 = LINE ( 'NONE', #3936, #2638 ) ;
#624 = CARTESIAN_POINT ( 'NONE',  ( -1132.635182233306296, 868.4807753012006515, 1025.000000000000909 ) ) ;
#625 = AXIS2_PLACEMENT_3D ( 'NONE', #3650, #3979, #1204 ) ;
#626 = CARTESIAN_POINT ( 'NONE',  ( 0.000000000000000000, -70.00000000000000000, 0.000000000000000000 ) ) ;
#627 = ORIENTED_EDGE ( 'NONE', *, *, #2588, .F. ) ;
#628 = CIRCLE ( 'NONE', #2299, 30.00000000000002842 ) ;
#629 = LINE ( 'NONE', #1840, #3592 ) ;
#630 = DIRECTION ( 'NONE',  ( -0.000000000000000000, -0.000000000000000000, -1.000000000000000000 ) ) ;
#631 = CARTESIAN_POINT ( 'NONE',  ( -1120.000000000000000, 170.0000000000000000, -1024.999999999999773 ) ) ;
#632 = LINE ( 'NONE', #3980, #2450 ) ;
#633 = LINE ( 'NONE', #959, #807 ) ;
#634 = APPROVAL ( #3625, '未' ) ;
#635 = ORIENTED_EDGE ( 'NONE', *, *, #466, .T. ) ;
#636 = EDGE_CURVE ( 'NONE', #362, #985, #886, .T. ) ;
#637 = AXIS2_PLACEMENT_3D ( 'NONE', #2364, #2870, #1305 ) ;
#638 = VECTOR ( 'NONE', #3591, 1000.000000000000000 ) ;
#639 = DIRECTION ( 'NONE',  ( -0.000000000000000000, 0.000000000000000000, 1.000000000000000000 ) ) ;
#640 = VECTOR ( 'NONE', #501, 1000.000000000000000 ) ;
#641 = FACE_OUTER_BOUND ( 'NONE', #818, .T. ) ;
#642 = DIRECTION ( 'NONE',  ( 2.960594732333751103E-16, -0.000000000000000000, 1.000000000000000000 ) ) ;
#643 = DATE_TIME_ROLE ( 'classification_date' ) ;
#644 = VECTOR ( 'NONE', #3574, 1000.000000000000114 ) ;
#645 = VECTOR ( 'NONE', #2400, 1000.000000000000000 ) ;
#646 = ORIENTED_EDGE ( 'NONE', *, *, #3116, .F. ) ;
#647 = LINE ( 'NONE', #283, #742 ) ;
#648 = LINE ( 'NONE', #3104, #561 ) ;
#649 = DIRECTION ( 'NONE',  ( 0.000000000000000000, 1.000000000000000000, 0.000000000000000000 ) ) ;
#650 = CARTESIAN_POINT ( 'NONE',  ( -20.00000000000001421, 1740.000000000000000, 155.0000000000002558 ) ) ;
#651 = ORIENTED_EDGE ( 'NONE', *, *, #164, .F. ) ;
#652 = CARTESIAN_POINT ( 'NONE',  ( 1049.999999999999773, 170.0000000000000000, 1095.000000000000000 ) ) ;
#653 = CARTESIAN_POINT ( 'NONE',  ( -1150.000000000000227, 970.0000000000001137, -1024.999999999999773 ) ) ;
#654 = CARTESIAN_POINT ( 'NONE',  ( -80.00000000000001421, 300.0000000000000568, 1095.000000000000000 ) ) ;
#655 = ADVANCED_FACE ( 'NONE', ( #306 ), #2118, .F. ) ;
#656 = ORIENTED_EDGE ( 'NONE', *, *, #2437, .F. ) ;
#657 = ORIENTED_EDGE ( 'NONE', *, *, #839, .T. ) ;
#658 = DIRECTION ( 'NONE',  ( -1.000000000000000000, -1.448116988641509292E-16, 0.000000000000000000 ) ) ;
#659 = DIRECTION ( 'NONE',  ( -0.000000000000000000, -0.000000000000000000, 1.000000000000000000 ) ) ;
#660 = CYLINDRICAL_SURFACE ( 'NONE', #1707, 70.00000000000005684 ) ;
#661 = ORIENTED_EDGE ( 'NONE', *, *, #3832, .T. ) ;
#662 = DIRECTION ( 'NONE',  ( 0.000000000000000000, 0.000000000000000000, 1.000000000000000000 ) ) ;
#663 = ADVANCED_FACE ( 'NONE', ( #1511 ), #3301, .T. ) ;
#664 = DIRECTION ( 'NONE',  ( -0.000000000000000000, 1.000000000000000000, -0.000000000000000000 ) ) ;
#666 = EDGE_CURVE ( 'NONE', #2410, #1365, #3340, .T. ) ;
#665 = CIRCLE ( 'NONE', #2929, 70.00000000000005684 ) ;
#667 = EDGE_CURVE ( 'NONE', #3630, #3559, #3062, .T. ) ;
#668 = DIRECTION ( 'NONE',  ( 0.000000000000000000, -1.000000000000000000, 0.000000000000000000 ) ) ;
#669 = ORIENTED_EDGE ( 'NONE', *, *, #3606, .T. ) ;
#670 = ORIENTED_EDGE ( 'NONE', *, *, #856, .F. ) ;
#671 = EDGE_CURVE ( 'NONE', #371, #2423, #3378, .T. ) ;
#672 = VECTOR ( 'NONE', #2154, 1000.000000000000000 ) ;
#673 = DIRECTION ( 'NONE',  ( -0.000000000000000000, 1.000000000000000000, -0.000000000000000000 ) ) ;
#674 = FACE_OUTER_BOUND ( 'NONE', #3974, .T. ) ;
#675 = AXIS2_PLACEMENT_3D ( 'NONE', #3227, #1713, #1741 ) ;
#676 = EDGE_CURVE ( 'NONE', #1747, #2064, #2890, .T. ) ;
#677 = EDGE_LOOP ( 'NONE', ( #1625, #682, #1464 ) ) ;
#678 = DIRECTION ( 'NONE',  ( -0.000000000000000000, -0.000000000000000000, 1.000000000000000000 ) ) ;
#679 = AXIS2_PLACEMENT_3D ( 'NONE', #711, #995, #2613 ) ;
#680 = DIRECTION ( 'NONE',  ( 0.000000000000000000, -1.000000000000000000, 0.000000000000000000 ) ) ;
#681 = PLANE ( 'NONE',  #2035 ) ;
#682 = ORIENTED_EDGE ( 'NONE', *, *, #428, .T. ) ;
#683 = VERTEX_POINT ( 'NONE', #2728 ) ;
#684 = VECTOR ( 'NONE', #1097, 1000.000000000000000 ) ;
#685 = DIRECTION ( 'NONE',  ( -1.000000000000000000, 0.000000000000000000, 0.000000000000000000 ) ) ;
#686 = CARTESIAN_POINT ( 'NONE',  ( -1050.000000000000000, 170.0000000000000000, -1094.999999999999773 ) ) ;
#687 = ADVANCED_FACE ( 'NONE', ( #1814 ), #1832, .T. ) ;
#688 = APPROVAL_DATE_TIME ( #86, #3685 ) ;
#689 = CYLINDRICAL_SURFACE ( 'NONE', #3736, 30.00000000000002842 ) ;
#690 = CIRCLE ( 'NONE', #3799, 99.99999999999997158 ) ;
#691 = VERTEX_POINT ( 'NONE', #2079 ) ;
#692 = CARTESIAN_POINT ( 'NONE',  ( -1080.000000000000000, 380.0000000000000000, -226.9999999999999147 ) ) ;
#693 = VERTEX_POINT ( 'NONE', #2750 ) ;
#694 = VECTOR ( 'NONE', #3521, 1000.000000000000000 ) ;
#695 = DIRECTION ( 'NONE',  ( -0.000000000000000000, -1.000000000000000000, -0.000000000000000000 ) ) ;
#696 = VECTOR ( 'NONE', #4004, 1000.000000000000000 ) ;
#697 = DIRECTION ( 'NONE',  ( -9.868649107779169933E-17, 0.000000000000000000, -1.000000000000000000 ) ) ;
#698 = AXIS2_PLACEMENT_3D ( 'NONE', #4011, #2161, #3080 ) ;
#699 = ADVANCED_FACE ( 'NONE', ( #2438, #3988 ), #3680, .T. ) ;
#700 = ORIENTED_EDGE ( 'NONE', *, *, #2213, .F. ) ;
#701 = ADVANCED_FACE ( 'NONE', ( #1144 ), #3361, .T. ) ;
#702 = LINE ( 'NONE', #1935, #2061 ) ;
#703 = DIRECTION ( 'NONE',  ( 0.000000000000000000, 1.000000000000000000, 0.000000000000000000 ) ) ;
#704 = DIRECTION ( 'NONE',  ( 1.000000000000000000, 0.000000000000000000, -7.368736889105026576E-17 ) ) ;
#705 = ORIENTED_EDGE ( 'NONE', *, *, #2840, .T. ) ;
#706 = ORIENTED_EDGE ( 'NONE', *, *, #3000, .T. ) ;
#707 = CARTESIAN_POINT ( 'NONE',  ( 100.0000000000000853, 170.0000000000000000, 1025.000000000000000 ) ) ;
#708 = VERTEX_POINT ( 'NONE', #4013 ) ;
#709 = CARTESIAN_POINT ( 'NONE',  ( 919.9999999999998863, 329.9999999999999432, 1095.000000000000227 ) ) ;
#710 = CARTESIAN_POINT ( 'NONE',  ( 919.9999999999994316, 329.9999999999999432, -1094.999999999999773 ) ) ;
#711 = CARTESIAN_POINT ( 'NONE',  ( -7.422892528384733838E-14, 500.0000000000001137, 0.000000000000000000 ) ) ;
#712 = CARTESIAN_POINT ( 'NONE',  ( -370.0000000000001705, 470.0000000000000568, -595.0000000000000000 ) ) ;
#713 = CARTESIAN_POINT ( 'NONE',  ( 1149.999999999999773, 100.0000000000000000, -1125.000000000000000 ) ) ;
#714 = ORIENTED_EDGE ( 'NONE', *, *, #3723, .T. ) ;
#715 = ORIENTED_EDGE ( 'NONE', *, *, #3544, .F. ) ;
#716 = ORIENTED_EDGE ( 'NONE', *, *, #2257, .T. ) ;
#717 = ORIENTED_EDGE ( 'NONE', *, *, #3823, .T. ) ;
#718 = CARTESIAN_POINT ( 'NONE',  ( 70.00000000000000000, 870.0000000000001137, -6.908054375445418386E-15 ) ) ;
#719 = ORIENTED_EDGE ( 'NONE', *, *, #2770, .F. ) ;
#720 = VERTEX_POINT ( 'NONE', #1237 ) ;
#721 = EDGE_CURVE ( 'NONE', #2298, #3531, #2418, .T. ) ;
#722 = PLANE ( 'NONE',  #3780 ) ;
#723 = DIRECTION ( 'NONE',  ( 0.000000000000000000, -0.000000000000000000, 1.000000000000000000 ) ) ;
#724 = ORIENTED_EDGE ( 'NONE', *, *, #949, .F. ) ;
#725 = EDGE_CURVE ( 'NONE', #1635, #2049, #3948, .T. ) ;
#726 = ORIENTED_EDGE ( 'NONE', *, *, #2119, .T. ) ;
#727 = EDGE_CURVE ( 'NONE', #2306, #1000, #1454, .T. ) ;
#728 = CARTESIAN_POINT ( 'NONE',  ( -1150.000000000000227, 500.0000000000000000, -345.0000000000000000 ) ) ;
#729 = ORIENTED_EDGE ( 'NONE', *, *, #1326, .T. ) ;
#730 = EDGE_CURVE ( 'NONE', #2627, #1680, #3640, .T. ) ;
#731 = DIRECTION ( 'NONE',  ( 2.467162276944792422E-16, -1.000000000000000000, 0.000000000000000000 ) ) ;
#732 = CARTESIAN_POINT ( 'NONE',  ( -550.0000000000003411, 500.0000000000001137, -345.0000000000000000 ) ) ;
#733 = CARTESIAN_POINT ( 'NONE',  ( -650.0000000000004547, 770.0000000000000000, -345.0000000000000000 ) ) ;
#734 = DIRECTION ( 'NONE',  ( 9.868649107779171166E-17, 0.000000000000000000, 1.000000000000000000 ) ) ;
#735 = ORIENTED_EDGE ( 'NONE', *, *, #797, .T. ) ;
#736 = CARTESIAN_POINT ( 'NONE',  ( -1050.000000000000000, 870.0000000000001137, -945.0000000000000000 ) ) ;
#737 = VERTEX_POINT ( 'NONE', #842 ) ;
#738 = VECTOR ( 'NONE', #1162, 1000.000000000000000 ) ;
#739 = PLANE ( 'NONE',  #3854 ) ;
#740 = ORIENTED_EDGE ( 'NONE', *, *, #2311, .T. ) ;
#741 = FACE_OUTER_BOUND ( 'NONE', #1026, .T. ) ;
#742 = VECTOR ( 'NONE', #1977, 1000.000000000000227 ) ;
#743 = FACE_BOUND ( 'NONE', #3762, .T. ) ;
#744 = ORIENTED_EDGE ( 'NONE', *, *, #2623, .F. ) ;
#745 = ORIENTED_EDGE ( 'NONE', *, *, #2412, .T. ) ;
#746 = VECTOR ( 'NONE', #916, 1000.000000000000000 ) ;
#747 = CARTESIAN_POINT ( 'NONE',  ( -1080.000000000000000, 380.0000000000000000, -246.9999999999999147 ) ) ;
#748 = ORIENTED_EDGE ( 'NONE', *, *, #2847, .F. ) ;
#749 = VECTOR ( 'NONE', #3134, 1000.000000000000000 ) ;
#750 = LINE ( 'NONE', #3254, #640 ) ;
#751 = CARTESIAN_POINT ( 'NONE',  ( -620.0000000000004547, 770.0000000000000000, 1125.001000000000431 ) ) ;
#752 = PLANE ( 'NONE',  #3397 ) ;
#753 = CIRCLE ( 'NONE', #507, 70.00000000000005684 ) ;
#754 = DIRECTION ( 'NONE',  ( 0.000000000000000000, 0.000000000000000000, 1.000000000000000000 ) ) ;
#755 = CARTESIAN_POINT ( 'NONE',  ( 1149.999999999999773, 940.0000000000001137, -1025.000000000000000 ) ) ;
#756 = DIRECTION ( 'NONE',  ( 0.000000000000000000, -1.000000000000000000, 0.000000000000000000 ) ) ;
#757 = VERTEX_POINT ( 'NONE', #864 ) ;
#758 = CIRCLE ( 'NONE', #3025, 50.00000000000004263 ) ;
#759 = VERTEX_POINT ( 'NONE', #1478 ) ;
#760 = VECTOR ( 'NONE', #2574, 1000.000000000000000 ) ;
#761 = VECTOR ( 'NONE', #796, 1000.000000000000000 ) ;
#762 = AXIS2_PLACEMENT_3D ( 'NONE', #620, #662, #2434 ) ;
#763 = CARTESIAN_POINT ( 'NONE',  ( -20.00000000000001776, 1770.000000000000000, 125.0000000000002558 ) ) ;
#764 = DIRECTION ( 'NONE',  ( -1.000000000000000000, 0.000000000000000000, 0.000000000000000000 ) ) ;
#765 = VERTEX_POINT ( 'NONE', #3952 ) ;
#766 = VECTOR ( 'NONE', #2914, 1000.000000000000000 ) ;
#767 = CYLINDRICAL_SURFACE ( 'NONE', #3784, 70.00000000000005684 ) ;
#768 = AXIS2_PLACEMENT_3D ( 'NONE', #2853, #88, #3793 ) ;
#769 = DIRECTION ( 'NONE',  ( 2.960594732333750610E-16, 0.000000000000000000, 1.000000000000000000 ) ) ;
#770 = VERTEX_POINT ( 'NONE', #2396 ) ;
#771 = APPLICATION_CONTEXT ( 'configuration controlled 3d designs of mechanical parts and assemblies' ) ;
#772 = DIRECTION ( 'NONE',  ( 0.000000000000000000, -1.000000000000000000, 2.683140874209081835E-16 ) ) ;
#773 = ORIENTED_EDGE ( 'NONE', *, *, #1575, .F. ) ;
#774 = CARTESIAN_POINT ( 'NONE',  ( -1050.000000000000000, 870.0000000000001137, -1024.999999999999773 ) ) ;
#775 = CARTESIAN_POINT ( 'NONE',  ( -550.0000000000004547, 770.0000000000000000, 125.0000000000002274 ) ) ;
#776 = DIRECTION ( 'NONE',  ( -0.000000000000000000, -1.000000000000000000, -0.000000000000000000 ) ) ;
#777 = CARTESIAN_POINT ( 'NONE',  ( -970.0000000000002274, 780.0000000000000000, -595.0000000000000000 ) ) ;
#778 = CARTESIAN_POINT ( 'NONE',  ( 0.000000000000000000, 0.000000000000000000, 80.00000000000022737 ) ) ;
#779 = ORIENTED_EDGE ( 'NONE', *, *, #1655, .T. ) ;
#780 = ORIENTED_EDGE ( 'NONE', *, *, #2975, .T. ) ;
#781 = LINE ( 'NONE', #1974, #1150 ) ;
#782 = ADVANCED_FACE ( 'NONE', ( #1622 ), #45, .F. ) ;
#783 = LINE ( 'NONE', #1180, #645 ) ;
#784 = EDGE_CURVE ( 'NONE', #3742, #794, #337, .T. ) ;
#785 = DIRECTION ( 'NONE',  ( 1.000000000000000000, 0.000000000000000000, 0.000000000000000000 ) ) ;
#786 = DIRECTION ( 'NONE',  ( -0.000000000000000000, -0.000000000000000000, 1.000000000000000000 ) ) ;
#787 = ORIENTED_EDGE ( 'NONE', *, *, #3296, .T. ) ;
#788 = DIRECTION ( 'NONE',  ( 0.000000000000000000, -0.000000000000000000, -1.000000000000000000 ) ) ;
#789 = ORIENTED_EDGE ( 'NONE', *, *, #1317, .T. ) ;
#790 = CARTESIAN_POINT ( 'NONE',  ( -30.00000000000003197, 870.0000000000001137, -345.0000000000000568 ) ) ;
#791 = PLANE ( 'NONE',  #3743 ) ;
#792 = CARTESIAN_POINT ( 'NONE',  ( -370.0000000000001137, 330.0000000000000000, -595.0000000000000000 ) ) ;
#793 = DIRECTION ( 'NONE',  ( -0.000000000000000000, -1.000000000000000000, -0.000000000000000000 ) ) ;
#794 = VERTEX_POINT ( 'NONE', #3288 ) ;
#795 = ORIENTED_EDGE ( 'NONE', *, *, #3984, .F. ) ;
#796 = DIRECTION ( 'NONE',  ( -2.068916247924872612E-32, 1.000000000000000000, -1.863514088643043710E-16 ) ) ;
#797 = EDGE_CURVE ( 'NONE', #3258, #3307, #2772, .T. ) ;
#798 = FACE_OUTER_BOUND ( 'NONE', #3576, .T. ) ;
#799 = APPROVAL ( #2013, '未' ) ;
#800 = ORIENTED_EDGE ( 'NONE', *, *, #3300, .F. ) ;
#801 = ORIENTED_EDGE ( 'NONE', *, *, #3393, .T. ) ;
#802 = DIRECTION ( 'NONE',  ( -1.000000000000000000, 0.000000000000000000, 1.110223024625156787E-16 ) ) ;
#803 = EDGE_CURVE ( 'NONE', #3559, #3982, #3280, .T. ) ;
#804 = ORIENTED_EDGE ( 'NONE', *, *, #3270, .T. ) ;
#805 = DIRECTION ( 'NONE',  ( 0.000000000000000000, 0.000000000000000000, 1.000000000000000000 ) ) ;
#806 = CARTESIAN_POINT ( 'NONE',  ( -80.00000000000001421, 300.0000000000000568, -1553.630394101094680 ) ) ;
#807 = VECTOR ( 'NONE', #1052, 1000.000000000000000 ) ;
#808 = VECTOR ( 'NONE', #2695, 1000.000000000000000 ) ;
#809 = DIRECTION ( 'NONE',  ( -1.000000000000000000, 0.000000000000000000, 0.000000000000000000 ) ) ;
#810 = ORIENTED_EDGE ( 'NONE', *, *, #3050, .F. ) ;
#811 = DIRECTION ( 'NONE',  ( -1.586032892321652236E-16, -0.000000000000000000, -1.000000000000000000 ) ) ;
#812 = AXIS2_PLACEMENT_3D ( 'NONE', #2858, #2188, #3798 ) ;
#813 = DIRECTION ( 'NONE',  ( 0.000000000000000000, 0.000000000000000000, -1.000000000000000000 ) ) ;
#814 = DIRECTION ( 'NONE',  ( 0.08715574274766213492, 0.9961946980917452121, -6.422277366820458598E-18 ) ) ;
#815 = EDGE_CURVE ( 'NONE', #3641, #3347, #2941, .T. ) ;
#816 = DIRECTION ( 'NONE',  ( 0.000000000000000000, 0.000000000000000000, -1.000000000000000000 ) ) ;
#817 = ORIENTED_EDGE ( 'NONE', *, *, #2100, .F. ) ;
#818 = EDGE_LOOP ( 'NONE', ( #3912, #1546, #1272, #3758 ) ) ;
#819 = CARTESIAN_POINT ( 'NONE',  ( -930.1405309694780499, 1670.000000000000000, 1125.000000000000227 ) ) ;
#820 = DIRECTION ( 'NONE',  ( -1.000000000000000000, 0.000000000000000000, 0.000000000000000000 ) ) ;
#821 = MANIFOLD_SOLID_BREP ( 'Mirror3', #2052 ) ;
#822 = CIRCLE ( 'NONE', #2631, 100.0000000000000000 ) ;
#823 = CARTESIAN_POINT ( 'NONE',  ( -1030.000000000000000, 380.0000000000000000, 7.000000000000162537 ) ) ;
#824 = DIRECTION ( 'NONE',  ( 0.000000000000000000, 0.000000000000000000, 1.000000000000000000 ) ) ;
#825 = EDGE_LOOP ( 'NONE', ( #1355, #2591, #2755, #415 ) ) ;
#826 = ORIENTED_EDGE ( 'NONE', *, *, #65, .T. ) ;
#827 = EDGE_LOOP ( 'NONE', ( #115, #70, #2886, #1866 ) ) ;
#828 = VECTOR ( 'NONE', #913, 1000.000000000000000 ) ;
#829 = CARTESIAN_POINT ( 'NONE',  ( -1150.000000000000227, -0.000000000000000000, -269.9999999999998863 ) ) ;
#830 = ADVANCED_FACE ( 'NONE', ( #1554, #934 ), #186, .T. ) ;
#831 = LINE ( 'NONE', #2692, #352 ) ;
#832 = ADVANCED_FACE ( 'NONE', ( #2164 ), #2065, .F. ) ;
#833 = CARTESIAN_POINT ( 'NONE',  ( -1150.000000000000227, 380.0000000000000000, -269.9999999999998863 ) ) ;
#834 = CARTESIAN_POINT ( 'NONE',  ( 1049.999999999999545, 870.0000000000001137, -1025.000000000000000 ) ) ;
#835 = AXIS2_PLACEMENT_3D ( 'NONE', #1621, #2850, #2289 ) ;
#836 = DIRECTION ( 'NONE',  ( 0.000000000000000000, 1.000000000000000000, 0.000000000000000000 ) ) ;
#837 = EDGE_LOOP ( 'NONE', ( #1607, #3802, #2882, #669, #2687, #810, #3469, #1462 ) ) ;
#838 = LINE ( 'NONE', #1507, #2708 ) ;
#839 = EDGE_CURVE ( 'NONE', #969, #149, #623, .T. ) ;
#840 = CARTESIAN_POINT ( 'NONE',  ( 1049.999999999999773, 940.0000000000001137, 1025.000000000000455 ) ) ;
#841 = LINE ( 'NONE', #2078, #2068 ) ;
#842 = CARTESIAN_POINT ( 'NONE',  ( -1047.985911917659678, 323.0211321235110518, 125.0000000000002274 ) ) ;
#843 = ORIENTED_EDGE ( 'NONE', *, *, #2551, .T. ) ;
#844 = ORIENTED_EDGE ( 'NONE', *, *, #2417, .F. ) ;
#845 = CARTESIAN_POINT ( 'NONE',  ( -874.6153846153849827, 583.0769230769233218, 80.00000000000022737 ) ) ;
#846 = LINE ( 'NONE', #3005, #952 ) ;
#847 = CYLINDRICAL_SURFACE ( 'NONE', #126, 99.99999999999997158 ) ;
#848 = ORIENTED_EDGE ( 'NONE', *, *, #249, .F. ) ;
#849 = ORIENTED_EDGE ( 'NONE', *, *, #2255, .T. ) ;
#850 = ORIENTED_EDGE ( 'NONE', *, *, #3568, .T. ) ;
#851 = CARTESIAN_POINT ( 'NONE',  ( -1010.000000000000000, 170.0000000000000000, 50.00000000000004263 ) ) ;
#852 = CARTESIAN_POINT ( 'NONE',  ( 29.99999999999980460, 2359.568278279264632, -375.0000000000000000 ) ) ;
#853 = DIRECTION ( 'NONE',  ( -0.000000000000000000, -0.000000000000000000, -1.000000000000000000 ) ) ;
#854 = LINE ( 'NONE', #2452, #2426 ) ;
#855 = FACE_OUTER_BOUND ( 'NONE', #894, .T. ) ;
#856 = EDGE_CURVE ( 'NONE', #2375, #919, #2380, .T. ) ;
#857 = VERTEX_POINT ( 'NONE', #3082 ) ;
#858 = DIRECTION ( 'NONE',  ( -2.960594732333750610E-16, -0.000000000000000000, -1.000000000000000000 ) ) ;
#859 = EDGE_CURVE ( 'NONE', #794, #1356, #3266, .T. ) ;
#860 = ADVANCED_FACE ( 'NONE', ( #1240 ), #27, .F. ) ;
#861 = LINE ( 'NONE', #2095, #1598 ) ;
#862 = ADVANCED_FACE ( 'NONE', ( #523 ), #791, .F. ) ;
#863 = LINE ( 'NONE', #221, #581 ) ;
#864 = CARTESIAN_POINT ( 'NONE',  ( -620.0000000000004547, 770.0000000000000000, -300.0000000000000000 ) ) ;
#865 = VERTEX_POINT ( 'NONE', #775 ) ;
#866 = VERTEX_POINT ( 'NONE', #498 ) ;
#867 = DIRECTION ( 'NONE',  ( 1.000000000000000000, 0.000000000000000000, -9.654113257610057838E-17 ) ) ;
#868 = CARTESIAN_POINT ( 'NONE',  ( 1149.999999999999773, 940.0000000000001137, -1125.000000000000000 ) ) ;
#869 = ORIENTED_EDGE ( 'NONE', *, *, #3753, .T. ) ;
#870 = ORIENTED_EDGE ( 'NONE', *, *, #1100, .T. ) ;
#871 = ORIENTED_EDGE ( 'NONE', *, *, #439, .T. ) ;
#872 = LINE ( 'NONE', #1537, #3666 ) ;
#873 = DIRECTION ( 'NONE',  ( 0.000000000000000000, 0.000000000000000000, -1.000000000000000000 ) ) ;
#874 = EDGE_CURVE ( 'NONE', #1154, #1130, #1724, .T. ) ;
#875 = DIRECTION ( 'NONE',  ( -0.000000000000000000, 1.000000000000000000, 0.000000000000000000 ) ) ;
#876 = CARTESIAN_POINT ( 'NONE',  ( -1120.000000000000000, 870.0000000000001137, -1024.999999999999773 ) ) ;
#877 = CARTESIAN_POINT ( 'NONE',  ( 4.898587196589412868E-14, 0.000000000000000000, -400.0000000000000000 ) ) ;
#878 = AXIS2_PLACEMENT_3D ( 'NONE', #2022, #2045, #1131 ) ;
#879 = ORIENTED_EDGE ( 'NONE', *, *, #3465, .F. ) ;
#880 = UNCERTAINTY_MEASURE_WITH_UNIT (LENGTH_MEASURE( 1.000000000000000082E-05 ), #3859, 'distance_accuracy_value', 'NONE');
#881 = CYLINDRICAL_SURFACE ( 'NONE', #2515, 99.99999999999997158 ) ;
#882 = AXIS2_PLACEMENT_3D ( 'NONE', #2156, #1542, #3942 ) ;
#883 = LINE ( 'NONE', #3885, #638 ) ;
#884 = VECTOR ( 'NONE', #451, 1000.000000000000000 ) ;
#885 = ADVANCED_FACE ( 'NONE', ( #3900, #2268 ), #2348, .F. ) ;
#886 = LINE ( 'NONE', #3969, #905 ) ;
#887 = EDGE_CURVE ( 'NONE', #1328, #291, #750, .T. ) ;
#888 = ORIENTED_EDGE ( 'NONE', *, *, #2846, .F. ) ;
#889 = DIRECTION ( 'NONE',  ( -0.9961946980917452121, 0.08715574274766212104, 0.000000000000000000 ) ) ;
#890 = CC_DESIGN_SECURITY_CLASSIFICATION ( #39, ( #1981 ) ) ;
#891 = LINE ( 'NONE', #3957, #2491 ) ;
#892 = VECTOR ( 'NONE', #344, 1000.000000000000114 ) ;
#893 = ORIENTED_EDGE ( 'NONE', *, *, #2761, .F. ) ;
#894 = EDGE_LOOP ( 'NONE', ( #2431, #590, #2647, #277 ) ) ;
#895 = EDGE_LOOP ( 'NONE', ( #617, #2275, #3529, #773 ) ) ;
#896 = FACE_OUTER_BOUND ( 'NONE', #185, .T. ) ;
#897 = VECTOR ( 'NONE', #1195, 1000.000000000000000 ) ;
#898 = FACE_OUTER_BOUND ( 'NONE', #3207, .T. ) ;
#899 = AXIS2_PLACEMENT_3D ( 'NONE', #1509, #3716, #3061 ) ;
#900 = PLANE ( 'NONE',  #882 ) ;
#901 = DIRECTION ( 'NONE',  ( 0.000000000000000000, -1.000000000000000000, 0.000000000000000000 ) ) ;
#902 = ORIENTED_EDGE ( 'NONE', *, *, #1592, .F. ) ;
#903 = VECTOR ( 'NONE', #664, 1000.000000000000000 ) ;
#904 = CYLINDRICAL_SURFACE ( 'NONE', #3719, 70.00000000000005684 ) ;
#905 = VECTOR ( 'NONE', #911, 1000.000000000000114 ) ;
#906 = AXIS2_PLACEMENT_3D ( 'NONE', #3412, #649, #3726 ) ;
#907 = EDGE_CURVE ( 'NONE', #737, #3831, #1372, .T. ) ;
#908 = DIRECTION ( 'NONE',  ( -9.654113257610057838E-17, 0.000000000000000000, -1.000000000000000000 ) ) ;
#909 = CARTESIAN_POINT ( 'NONE',  ( -80.00000000000001421, 1136.814064971248627, 125.0000000000002274 ) ) ;
#910 = CIRCLE ( 'NONE', #698, 100.0000000000000853 ) ;
#911 = DIRECTION ( 'NONE',  ( 0.1736481776669296651, 0.9848077530122081313, -2.723048299975498723E-16 ) ) ;
#912 = ORIENTED_EDGE ( 'NONE', *, *, #326, .F. ) ;
#913 = DIRECTION ( 'NONE',  ( 9.868649107779169933E-17, 0.000000000000000000, 1.000000000000000000 ) ) ;
#914 = LINE ( 'NONE', #68, #2557 ) ;
#915 = APPROVAL_ROLE ( '' ) ;
#916 = DIRECTION ( 'NONE',  ( 0.000000000000000000, -1.000000000000000000, 0.000000000000000000 ) ) ;
#917 = CARTESIAN_POINT ( 'NONE',  ( 519.9999999999995453, 725.7685167991344315, 105.0000000000001421 ) ) ;
#918 = VERTEX_POINT ( 'NONE', #2932 ) ;
#919 = VERTEX_POINT ( 'NONE', #1060 ) ;
#920 = AXIS2_PLACEMENT_3D ( 'NONE', #3316, #2655, #579 ) ;
#921 = EDGE_CURVE ( 'NONE', #1517, #3559, #2637, .T. ) ;
#922 = FACE_OUTER_BOUND ( 'NONE', #1440, .T. ) ;
#923 = EDGE_CURVE ( 'NONE', #1780, #2803, #2331, .T. ) ;
#924 = CARTESIAN_POINT ( 'NONE',  ( -1150.000000000000227, 170.0000000000000000, -1124.999999999999773 ) ) ;
#925 = FACE_OUTER_BOUND ( 'NONE', #2919, .T. ) ;
#926 = LINE ( 'NONE', #3056, #2292 ) ;
#927 = CARTESIAN_POINT ( 'NONE',  ( -1149.999999999999545, 1740.000000000000000, 1095.000000000000227 ) ) ;
#928 = CARTESIAN_POINT ( 'NONE',  ( -20.00000000000001776, 1770.000000000000000, 1125.000000000000227 ) ) ;
#929 = ORIENTED_EDGE ( 'NONE', *, *, #78, .T. ) ;
#930 = CYLINDRICAL_SURFACE ( 'NONE', #3140, 100.0000000000000853 ) ;
#931 = CARTESIAN_POINT ( 'NONE',  ( -1049.999999999999318, 1164.365067467449762, 1095.000000000000227 ) ) ;
#932 = DIRECTION ( 'NONE',  ( 0.000000000000000000, -1.000000000000000000, -0.000000000000000000 ) ) ;
#933 = EDGE_LOOP ( 'NONE', ( #1256, #2334, #3588, #3444 ) ) ;
#934 = FACE_BOUND ( 'NONE', #1896, .T. ) ;
#935 = CARTESIAN_POINT ( 'NONE',  ( -874.6153846153849827, 583.0769230769233218, 80.00000000000022737 ) ) ;
#936 = DIRECTION ( 'NONE',  ( 1.000000000000000000, 0.000000000000000000, 0.000000000000000000 ) ) ;
#937 = ORIENTED_EDGE ( 'NONE', *, *, #564, .T. ) ;
#938 = CARTESIAN_POINT ( 'NONE',  ( -1149.999999999999773, 170.0000000000000000, 125.0000000000002274 ) ) ;
#939 = ADVANCED_FACE ( 'NONE', ( #2271 ), #1435, .F. ) ;
#940 = DIRECTION ( 'NONE',  ( -0.000000000000000000, -0.000000000000000000, -1.000000000000000000 ) ) ;
#941 = DIRECTION ( 'NONE',  ( -1.000000000000000000, 0.000000000000000000, 0.000000000000000000 ) ) ;
#942 = CARTESIAN_POINT ( 'NONE',  ( -2.220446049250313081E-13, 970.0000000000001137, -1125.000000000000000 ) ) ;
#943 = ORIENTED_EDGE ( 'NONE', *, *, #1398, .F. ) ;
#944 = LINE ( 'NONE', #2490, #3677 ) ;
#945 = VECTOR ( 'NONE', #786, 1000.000000000000000 ) ;
#946 = CARTESIAN_POINT ( 'NONE',  ( -874.6153846153849827, 583.0769230769233218, -300.0000000000000000 ) ) ;
#947 = APPROVAL_DATE_TIME ( #1020, #634 ) ;
#948 = CIRCLE ( 'NONE', #1783, 30.00000000000002842 ) ;
#949 = EDGE_CURVE ( 'NONE', #765, #2025, #3196, .T. ) ;
#950 = DIRECTION ( 'NONE',  ( 1.000000000000000000, 0.000000000000000000, -7.368736889105026576E-17 ) ) ;
#951 = ORIENTED_EDGE ( 'NONE', *, *, #976, .F. ) ;
#952 = VECTOR ( 'NONE', #3662, 1000.000000000000000 ) ;
#953 = VECTOR ( 'NONE', #2747, 1000.000000000000000 ) ;
#954 = CARTESIAN_POINT ( 'NONE',  ( -970.0000000000001137, 330.0000000000000000, -595.0000000000000000 ) ) ;
#955 = EDGE_CURVE ( 'NONE', #2410, #3641, #2250, .T. ) ;
#956 = LINE ( 'NONE', #3162, #2429 ) ;
#957 = CARTESIAN_POINT ( 'NONE',  ( -970.0000000000002274, 780.0000000000000000, -1095.000000000000000 ) ) ;
#958 = ADVANCED_FACE ( 'NONE', ( #2875 ), #2615, .F. ) ;
#959 = CARTESIAN_POINT ( 'NONE',  ( -1150.000000000000227, 0.000000000000000000, -246.9999999999999147 ) ) ;
#960 = AXIS2_PLACEMENT_3D ( 'NONE', #3132, #3684, #2833 ) ;
#961 = CIRCLE ( 'NONE', #762, 69.99999999999998579 ) ;
#962 = CARTESIAN_POINT ( 'NONE',  ( -550.0000000000002274, 300.0000000000000568, 125.0000000000001990 ) ) ;
#963 = ADVANCED_FACE ( 'NONE', ( #2293 ), #135, .F. ) ;
#964 = AXIS2_PLACEMENT_3D ( 'NONE', #1794, #2162, #3656 ) ;
#965 = CARTESIAN_POINT ( 'NONE',  ( 1119.999999999999773, 170.0000000000000000, 1025.000000000000455 ) ) ;
#966 = COORDINATED_UNIVERSAL_TIME_OFFSET ( 8, 0, .AHEAD. ) ;
#967 = VECTOR ( 'NONE', #793, 1000.000000000000000 ) ;
#968 = ORIENTED_EDGE ( 'NONE', *, *, #2152, .F. ) ;
#969 = VERTEX_POINT ( 'NONE', #440 ) ;
#970 = CARTESIAN_POINT ( 'NONE',  ( -1080.000000000000000, 380.0000000000000000, 27.00000000000015632 ) ) ;
#971 = CARTESIAN_POINT ( 'NONE',  ( -1080.000000000000000, 380.0000000000000000, 7.000000000000162537 ) ) ;
#972 = EDGE_CURVE ( 'NONE', #708, #3137, #3527, .T. ) ;
#973 = DIRECTION ( 'NONE',  ( -1.000000000000000000, 0.000000000000000000, 7.368736889105026576E-17 ) ) ;
#974 = ORIENTED_EDGE ( 'NONE', *, *, #907, .F. ) ;
#975 = CARTESIAN_POINT ( 'NONE',  ( -650.0000000000004547, 770.0000000000000000, -300.0000000000000000 ) ) ;
#976 = EDGE_CURVE ( 'NONE', #2803, #2665, #111, .T. ) ;
#977 = CYLINDRICAL_SURFACE ( 'NONE', #3731, 70.00000000000005684 ) ;
#978 = EDGE_CURVE ( 'NONE', #1328, #918, #1350, .T. ) ;
#979 = EDGE_CURVE ( 'NONE', #565, #2803, #3545, .T. ) ;
#980 = LINE ( 'NONE', #1834, #1662 ) ;
#981 = LINE ( 'NONE', #3381, #2880 ) ;
#982 = ADVANCED_FACE ( 'NONE', ( #3553 ), #3818, .F. ) ;
#983 = CARTESIAN_POINT ( 'NONE',  ( 919.9999999999995453, 330.0000000000000568, 105.0000000000001705 ) ) ;
#984 = ORIENTED_EDGE ( 'NONE', *, *, #2824, .T. ) ;
#985 = VERTEX_POINT ( 'NONE', #1793 ) ;
#986 = CARTESIAN_POINT ( 'NONE',  ( -30.00000000000000000, 0.000000000000000000, 2.960594732333750906E-15 ) ) ;
#987 = FACE_OUTER_BOUND ( 'NONE', #2467, .T. ) ;
#988 = EDGE_CURVE ( 'NONE', #1330, #2877, #863, .T. ) ;
#989 = EDGE_LOOP ( 'NONE', ( #1927, #1951, #2254, #353, #3384 ) ) ;
#990 = ORIENTED_EDGE ( 'NONE', *, *, #1575, .T. ) ;
#991 = VECTOR ( 'NONE', #2050, 1000.000000000000000 ) ;
#992 = DIRECTION ( 'NONE',  ( 0.000000000000000000, 0.000000000000000000, -1.000000000000000000 ) ) ;
#993 = CARTESIAN_POINT ( 'NONE',  ( 70.00000000000005684, 970.0000000000001137, -1125.000000000000000 ) ) ;
#994 = LINE ( 'NONE', #2672, #578 ) ;
#995 = DIRECTION ( 'NONE',  ( -1.486905836551548832E-16, 1.000000000000000000, 0.000000000000000000 ) ) ;
#996 = DIRECTION ( 'NONE',  ( -0.1736481776669271393, -0.9848077530122086864, 0.000000000000000000 ) ) ;
#997 = EDGE_CURVE ( 'NONE', #572, #1819, #1771, .T. ) ;
#998 = VECTOR ( 'NONE', #2796, 1000.000000000000000 ) ;
#999 = ADVANCED_FACE ( 'NONE', ( #2998 ), #1453, .F. ) ;
#1000 = VERTEX_POINT ( 'NONE', #3028 ) ;
#1001 = ORIENTED_EDGE ( 'NONE', *, *, #2172, .F. ) ;
#1002 = ORIENTED_EDGE ( 'NONE', *, *, #1238, .F. ) ;
#1003 = LINE ( 'NONE', #3464, #1852 ) ;
#1004 = EDGE_CURVE ( 'NONE', #1181, #397, #602, .T. ) ;
#1005 = CARTESIAN_POINT ( 'NONE',  ( 0.000000000000000000, 870.0000000000001137, -345.0000000000000000 ) ) ;
#1006 = VECTOR ( 'NONE', #55, 1000.000000000000000 ) ;
#1007 = ORIENTED_EDGE ( 'NONE', *, *, #3727, .T. ) ;
#1008 = FACE_OUTER_BOUND ( 'NONE', #3150, .T. ) ;
#1009 = CARTESIAN_POINT ( 'NONE',  ( -1108.578643762690490, 41.42135623730951011, -1124.999999999999545 ) ) ;
#1010 = FACE_OUTER_BOUND ( 'NONE', #1182, .T. ) ;
#1011 = ORIENTED_EDGE ( 'NONE', *, *, #548, .T. ) ;
#1012 = DIRECTION ( 'NONE',  ( 1.000000000000000000, 1.041121822320096708E-16, 0.000000000000000000 ) ) ;
#1013 = ORIENTED_EDGE ( 'NONE', *, *, #3845, .F. ) ;
#1014 = FACE_OUTER_BOUND ( 'NONE', #1092, .T. ) ;
#1015 = DIRECTION ( 'NONE',  ( 0.000000000000000000, -1.000000000000000000, 0.000000000000000000 ) ) ;
#1016 = CARTESIAN_POINT ( 'NONE',  ( 1049.999999999999773, 870.0000000000001137, 1025.000000000000455 ) ) ;
#1017 = EDGE_CURVE ( 'NONE', #1800, #2375, #841, .T. ) ;
#1018 = AXIS2_PLACEMENT_3D ( 'NONE', #1172, #524, #2394 ) ;
#1019 = DIRECTION ( 'NONE',  ( -1.000000000000000000, 0.000000000000000000, 0.000000000000000000 ) ) ;
#1020 = DATE_AND_TIME ( #1888, #3998 ) ;
#1021 = DIRECTION ( 'NONE',  ( 1.000000000000000000, 0.000000000000000000, 0.000000000000000000 ) ) ;
#1022 = DIRECTION ( 'NONE',  ( 0.000000000000000000, 1.000000000000000000, 0.000000000000000000 ) ) ;
#1023 = VECTOR ( 'NONE', #3032, 1000.000000000000000 ) ;
#1024 = ORIENTED_EDGE ( 'NONE', *, *, #2285, .F. ) ;
#1025 = ORIENTED_EDGE ( 'NONE', *, *, #142, .T. ) ;
#1026 = EDGE_LOOP ( 'NONE', ( #3767, #2876, #3232, #1497, #1721, #984, #211 ) ) ;
#1027 = VECTOR ( 'NONE', #3862, 1000.000000000000000 ) ;
#1028 = EDGE_CURVE ( 'NONE', #1563, #1357, #1926, .T. ) ;
#1029 = CARTESIAN_POINT ( 'NONE',  ( -80.00000000000001421, 300.0000000000000568, 155.0000000000002558 ) ) ;
#1030 = VECTOR ( 'NONE', #2488, 1000.000000000000000 ) ;
#1031 = ORIENTED_EDGE ( 'NONE', *, *, #1665, .F. ) ;
#1032 = ADVANCED_FACE ( 'NONE', ( #244 ), #1477, .F. ) ;
#1033 = DIRECTION ( 'NONE',  ( 1.000000000000000000, 1.041121822320096708E-16, 0.000000000000000000 ) ) ;
#1034 = EDGE_CURVE ( 'NONE', #3623, #683, #3692, .T. ) ;
#1035 = CYLINDRICAL_SURFACE ( 'NONE', #364, 99.99999999999997158 ) ;
#1036 = LINE ( 'NONE', #3493, #2177 ) ;
#1037 = ORIENTED_EDGE ( 'NONE', *, *, #1868, .T. ) ;
#1038 = ORIENTED_EDGE ( 'NONE', *, *, #2409, .T. ) ;
#1039 = CARTESIAN_POINT ( 'NONE',  ( -20.00000000000001421, 300.0000000000000568, 155.0000000000002558 ) ) ;
#1040 = ORIENTED_EDGE ( 'NONE', *, *, #1665, .T. ) ;
#1041 = DIRECTION ( 'NONE',  ( -9.654113257610057838E-17, 0.000000000000000000, -1.000000000000000000 ) ) ;
#1042 = LINE ( 'NONE', #3153, #192 ) ;
#1043 =( NAMED_UNIT ( * ) PLANE_ANGLE_UNIT ( ) SI_UNIT ( $, .RADIAN. ) );
#1044 = CARTESIAN_POINT ( 'NONE',  ( 1049.999999999999545, 870.0000000000001137, -1025.000000000000000 ) ) ;
#1045 = ORIENTED_EDGE ( 'NONE', *, *, #1404, .T. ) ;
#1046 = DIRECTION ( 'NONE',  ( -0.000000000000000000, 0.000000000000000000, 1.000000000000000000 ) ) ;
#1047 = ORIENTED_EDGE ( 'NONE', *, *, #3823, .F. ) ;
#1048 = CYLINDRICAL_SURFACE ( 'NONE', #1976, 100.0000000000000000 ) ;
#1049 = ORIENTED_EDGE ( 'NONE', *, *, #1410, .T. ) ;
#1050 = ORIENTED_EDGE ( 'NONE', *, *, #3441, .F. ) ;
#1051 = DIRECTION ( 'NONE',  ( 0.000000000000000000, 0.000000000000000000, -1.000000000000000000 ) ) ;
#1052 = DIRECTION ( 'NONE',  ( 0.000000000000000000, -1.000000000000000000, 0.000000000000000000 ) ) ;
#1053 = ORIENTED_EDGE ( 'NONE', *, *, #147, .T. ) ;
#1054 = LINE ( 'NONE', #728, #3740 ) ;
#1055 = VERTEX_POINT ( 'NONE', #3679 ) ;
#1056 = LINE ( 'NONE', #2413, #3549 ) ;
#1057 = LINE ( 'NONE', #751, #3542 ) ;
#1058 = DIRECTION ( 'NONE',  ( 0.000000000000000000, -1.000000000000000000, 0.000000000000000000 ) ) ;
#1059 = CARTESIAN_POINT ( 'NONE',  ( -1049.999999999999318, 170.0000000000000000, 1125.000000000000227 ) ) ;
#1060 = CARTESIAN_POINT ( 'NONE',  ( 919.9999999999998863, 100.0000000000000142, 1095.000000000000227 ) ) ;
#1061 = FACE_OUTER_BOUND ( 'NONE', #3809, .T. ) ;
#1062 = ORIENTED_EDGE ( 'NONE', *, *, #815, .T. ) ;
#1063 = ORIENTED_EDGE ( 'NONE', *, *, #1746, .F. ) ;
#1064 = DIRECTION ( 'NONE',  ( -1.000000000000000000, 0.000000000000000000, 0.000000000000000000 ) ) ;
#1065 = ORIENTED_EDGE ( 'NONE', *, *, #972, .T. ) ;
#1066 = CIRCLE ( 'NONE', #3319, 32.49999999999997158 ) ;
#1067 = CARTESIAN_POINT ( 'NONE',  ( -9.325873406851314940E-14, 470.0000000000000568, -945.0000000000000000 ) ) ;
#1068 = FACE_OUTER_BOUND ( 'NONE', #3511, .T. ) ;
#1069 = ORIENTED_EDGE ( 'NONE', *, *, #3413, .F. ) ;
#1070 = ORIENTED_EDGE ( 'NONE', *, *, #1874, .F. ) ;
#1071 = CIRCLE ( 'NONE', #3253, 70.00000000000005684 ) ;
#1072 = CARTESIAN_POINT ( 'NONE',  ( -550.0000000000003411, -0.000000000000000000, -345.0000000000000000 ) ) ;
#1073 = AXIS2_PLACEMENT_3D ( 'NONE', #971, #1894, #3125 ) ;
#1074 = CARTESIAN_POINT ( 'NONE',  ( -1050.000000000000000, 870.0000000000001137, -1024.999999999999773 ) ) ;
#1075 = AXIS2_PLACEMENT_3D ( 'NONE', #3594, #756, #816 ) ;
#1076 = ORIENTED_EDGE ( 'NONE', *, *, #3904, .T. ) ;
#1077 = VECTOR ( 'NONE', #3219, 1000.000000000000000 ) ;
#1078 = DIRECTION ( 'NONE',  ( -0.000000000000000000, -1.000000000000000000, -0.000000000000000000 ) ) ;
#1079 = ORIENTED_EDGE ( 'NONE', *, *, #3887, .T. ) ;
#1080 = AXIS2_PLACEMENT_3D ( 'NONE', #26, #3833, #3187 ) ;
#1081 = EDGE_CURVE ( 'NONE', #3834, #2476, #1143, .T. ) ;
#1082 = AXIS2_PLACEMENT_3D ( 'NONE', #1570, #2463, #1270 ) ;
#1083 = LINE ( 'NONE', #712, #760 ) ;
#1084 = DIRECTION ( 'NONE',  ( 0.000000000000000000, 1.000000000000000000, 0.000000000000000000 ) ) ;
#1085 = LINE ( 'NONE', #2220, #2948 ) ;
#1086 = VERTEX_POINT ( 'NONE', #270 ) ;
#1087 = ORIENTED_EDGE ( 'NONE', *, *, #2031, .T. ) ;
#1088 = CARTESIAN_POINT ( 'NONE',  ( 919.9999999999994316, 100.0000000000000000, -1024.999999999999773 ) ) ;
#1089 = VECTOR ( 'NONE', #2227, 1000.000000000000000 ) ;
#1090 = AXIS2_PLACEMENT_3D ( 'NONE', #747, #1921, #429 ) ;
#1091 = ORIENTED_EDGE ( 'NONE', *, *, #480, .F. ) ;
#1092 = EDGE_LOOP ( 'NONE', ( #2459, #2942, #1734, #419, #1960, #1760, #1096, #3975, #179, #912, #3906, #446, #2479, #3927 ) ) ;
#1093 = ORIENTED_EDGE ( 'NONE', *, *, #1306, .T. ) ;
#1094 = CIRCLE ( 'NONE', #3350, 70.00000000000005684 ) ;
#1095 = DIRECTION ( 'NONE',  ( 9.868649107779169933E-17, 0.000000000000000000, 1.000000000000000000 ) ) ;
#1096 = ORIENTED_EDGE ( 'NONE', *, *, #1863, .T. ) ;
#1097 = DIRECTION ( 'NONE',  ( -2.960594732333750610E-16, 0.000000000000000000, -1.000000000000000000 ) ) ;
#1098 = EDGE_LOOP ( 'NONE', ( #3438, #1952, #420, #2223 ) ) ;
#1099 = FACE_OUTER_BOUND ( 'NONE', #159, .T. ) ;
#1100 = EDGE_CURVE ( 'NONE', #3242, #3341, #2416, .T. ) ;
#1101 = ADVANCED_FACE ( 'NONE', ( #1813 ), #3046, .T. ) ;
#1102 = DIRECTION ( 'NONE',  ( -0.000000000000000000, -0.000000000000000000, -1.000000000000000000 ) ) ;
#1103 = EDGE_CURVE ( 'NONE', #278, #2754, #2210, .T. ) ;
#1104 = DIRECTION ( 'NONE',  ( -1.000000000000000000, -0.000000000000000000, -0.000000000000000000 ) ) ;
#1105 = ORIENTED_EDGE ( 'NONE', *, *, #2014, .T. ) ;
#1106 = ORIENTED_EDGE ( 'NONE', *, *, #404, .F. ) ;
#1107 = DIRECTION ( 'NONE',  ( 0.000000000000000000, -0.000000000000000000, -1.000000000000000000 ) ) ;
#1108 = DIRECTION ( 'NONE',  ( -0.000000000000000000, -0.000000000000000000, 1.000000000000000000 ) ) ;
#1109 = ORIENTED_EDGE ( 'NONE', *, *, #3234, .F. ) ;
#1110 = EDGE_LOOP ( 'NONE', ( #2606, #1773, #430, #3555 ) ) ;
#1111 = ORIENTED_EDGE ( 'NONE', *, *, #1158, .F. ) ;
#1112 = CARTESIAN_POINT ( 'NONE',  ( -1010.000000000000000, 170.0000000000000000, -246.9999999999999147 ) ) ;
#1113 = CARTESIAN_POINT ( 'NONE',  ( -1080.000000000000000, 380.0000000000000000, -226.9999999999999147 ) ) ;
#1114 = EDGE_CURVE ( 'NONE', #770, #708, #3755, .T. ) ;
#1115 = ORIENTED_EDGE ( 'NONE', *, *, #1847, .F. ) ;
#1116 = LINE ( 'NONE', #1208, #2748 ) ;
#1117 = CARTESIAN_POINT ( 'NONE',  ( -1010.000000000000000, 0.000000000000000000, -246.9999999999999147 ) ) ;
#1118 = CARTESIAN_POINT ( 'NONE',  ( -930.1405309694780499, 1670.000000000000000, 125.0000000000002274 ) ) ;
#1119 = CARTESIAN_POINT ( 'NONE',  ( -1050.000000000000000, 870.0000000000001137, -1024.999999999999773 ) ) ;
#1120 = ORIENTED_EDGE ( 'NONE', *, *, #439, .F. ) ;
#1121 = VERTEX_POINT ( 'NONE', #931 ) ;
#1122 = DIRECTION ( 'NONE',  ( -0.08715574274766212104, -0.9961946980917452121, 0.000000000000000000 ) ) ;
#1123 = EDGE_CURVE ( 'NONE', #3347, #1265, #3734, .T. ) ;
#1124 = FACE_OUTER_BOUND ( 'NONE', #487, .T. ) ;
#1125 = EDGE_CURVE ( 'NONE', #1943, #3970, #910, .T. ) ;
#1126 = CARTESIAN_POINT ( 'NONE',  ( -1112.500000000000000, 380.0000000000000000, -226.9999999999999147 ) ) ;
#1127 = CARTESIAN_POINT ( 'NONE',  ( -1149.999999999999545, 140.0000000000000000, 1125.000000000000227 ) ) ;
#1128 = EDGE_LOOP ( 'NONE', ( #1011, #247, #313, #3803 ) ) ;
#1129 = ORIENTED_EDGE ( 'NONE', *, *, #3413, .T. ) ;
#1130 = VERTEX_POINT ( 'NONE', #2199 ) ;
#1131 = DIRECTION ( 'NONE',  ( 0.000000000000000000, 0.000000000000000000, -1.000000000000000000 ) ) ;
#1132 = VECTOR ( 'NONE', #3807, 1000.000000000000000 ) ;
#1133 = DIRECTION ( 'NONE',  ( 1.000000000000000000, 0.000000000000000000, 0.000000000000000000 ) ) ;
#1134 = CARTESIAN_POINT ( 'NONE',  ( -550.0000000000001137, 170.0000000000000000, 125.0000000000002842 ) ) ;
#1135 = CIRCLE ( 'NONE', #3387, 100.0000000000000000 ) ;
#1136 = CARTESIAN_POINT ( 'NONE',  ( -1049.999999999999318, 300.0000000000000568, -1553.630394101094680 ) ) ;
#1137 = VECTOR ( 'NONE', #1436, 1000.000000000000000 ) ;
#1138 = VERTEX_POINT ( 'NONE', #1254 ) ;
#1139 = CARTESIAN_POINT ( 'NONE',  ( -1049.999999999999318, 300.0000000000001137, 1095.000000000000227 ) ) ;
#1140 = VECTOR ( 'NONE', #2604, 1000.000000000000000 ) ;
#1141 = FACE_OUTER_BOUND ( 'NONE', #3852, .T. ) ;
#1142 = LOCAL_TIME ( 14, 14, 1.000000000000000000, #1706 ) ;
#1143 = LINE ( 'NONE', #2395, #377 ) ;
#1144 = FACE_OUTER_BOUND ( 'NONE', #1626, .T. ) ;
#1145 = ORIENTED_EDGE ( 'NONE', *, *, #258, .T. ) ;
#1146 = VERTEX_POINT ( 'NONE', #2184 ) ;
#1147 = DIRECTION ( 'NONE',  ( 0.000000000000000000, 0.000000000000000000, -1.000000000000000000 ) ) ;
#1148 = DIRECTION ( 'NONE',  ( 1.000000000000000000, 0.000000000000000000, 0.000000000000000000 ) ) ;
#1149 = ADVANCED_FACE ( 'NONE', ( #3419 ), #3401, .F. ) ;
#1150 = VECTOR ( 'NONE', #3199, 1000.000000000000000 ) ;
#1151 = FACE_OUTER_BOUND ( 'NONE', #2867, .T. ) ;
#1152 = ORIENTED_EDGE ( 'NONE', *, *, #2119, .F. ) ;
#1153 = VERTEX_POINT ( 'NONE', #3109 ) ;
#1154 = VERTEX_POINT ( 'NONE', #2632 ) ;
#1155 = DIRECTION ( 'NONE',  ( -0.000000000000000000, 1.000000000000000000, -1.863514088643043464E-16 ) ) ;
#1156 = VERTEX_POINT ( 'NONE', #457 ) ;
#1157 = EDGE_CURVE ( 'NONE', #1890, #866, #1700, .T. ) ;
#1158 = EDGE_CURVE ( 'NONE', #765, #1330, #1660, .T. ) ;
#1159 = AXIS2_PLACEMENT_3D ( 'NONE', #1439, #889, #1122 ) ;
#1160 = CARTESIAN_POINT ( 'NONE',  ( -20.00000000000001776, 170.0000000000000000, 125.0000000000002558 ) ) ;
#1161 = ADVANCED_FACE ( 'NONE', ( #1014 ), #3787, .F. ) ;
#1162 = DIRECTION ( 'NONE',  ( 2.960594732333750610E-16, 0.000000000000000000, 1.000000000000000000 ) ) ;
#1163 = EDGE_CURVE ( 'NONE', #3566, #3914, #2912, .T. ) ;
#1164 = VECTOR ( 'NONE', #1726, 1000.000000000000000 ) ;
#1165 = CYLINDRICAL_SURFACE ( 'NONE', #3878, 99.99999999999997158 ) ;
#1166 = ADVANCED_FACE ( 'NONE', ( #2243 ), #3479, .F. ) ;
#1167 = CARTESIAN_POINT ( 'NONE',  ( -2.220446049250313081E-13, 170.0000000000000000, -1125.000000000000000 ) ) ;
#1168 = DIRECTION ( 'NONE',  ( 0.000000000000000000, -1.000000000000000000, 0.000000000000000000 ) ) ;
#1169 = ORIENTED_EDGE ( 'NONE', *, *, #2046, .F. ) ;
#1170 = FACE_OUTER_BOUND ( 'NONE', #3783, .T. ) ;
#1171 = ADVANCED_FACE ( 'NONE', ( #2008 ), #2267, .F. ) ;
#1172 = CARTESIAN_POINT ( 'NONE',  ( -970.0000000000002274, 780.0000000000000000, -595.0000000000000000 ) ) ;
#1173 = CARTESIAN_POINT ( 'NONE',  ( -50.00000000000001421, 1740.000000000000000, 1125.000000000000227 ) ) ;
#1174 = ORIENTED_EDGE ( 'NONE', *, *, #3142, .T. ) ;
#1175 = ORIENTED_EDGE ( 'NONE', *, *, #1720, .T. ) ;
#1176 = DIRECTION ( 'NONE',  ( 0.000000000000000000, 0.000000000000000000, 1.000000000000000000 ) ) ;
#1177 = EDGE_LOOP ( 'NONE', ( #2373, #2222, #3443 ) ) ;
#1178 = DATE_AND_TIME ( #2442, #3730 ) ;
#1179 = DIRECTION ( 'NONE',  ( 1.000000000000000000, -0.000000000000000000, -1.110223024625157033E-16 ) ) ;
#1180 = CARTESIAN_POINT ( 'NONE',  ( -1149.999999999999545, 300.0000000000000568, 1095.000000000000227 ) ) ;
#1181 = VERTEX_POINT ( 'NONE', #2868 ) ;
#1182 = EDGE_LOOP ( 'NONE', ( #2381, #140, #627, #3812, #3536, #2163, #2646, #58, #3081, #3995, #530, #2965, #2367, #3627, #1362, #1007, #3880, #2030, #1619 ) ) ;
#1183 = ORIENTED_EDGE ( 'NONE', *, *, #2414, .F. ) ;
#1184 = DIRECTION ( 'NONE',  ( 0.000000000000000000, -1.000000000000000000, 0.000000000000000000 ) ) ;
#1185 = CARTESIAN_POINT ( 'NONE',  ( -1150.000000000000455, 2359.568278279264632, -345.0000000000000000 ) ) ;
#1186 = DIRECTION ( 'NONE',  ( 1.000000000000000000, 0.000000000000000000, 0.000000000000000000 ) ) ;
#1187 = DIRECTION ( 'NONE',  ( -2.960594732333750610E-16, 0.000000000000000000, -1.000000000000000000 ) ) ;
#1188 = ADVANCED_FACE ( 'NONE', ( #173 ), #2893, .F. ) ;
#1189 = EDGE_LOOP ( 'NONE', ( #456, #1854, #3532, #2002, #929, #2909, #3287, #1580, #1049, #2918 ) ) ;
#1190 = LINE ( 'NONE', #3653, #2946 ) ;
#1191 = CARTESIAN_POINT ( 'NONE',  ( 100.0000000000000853, 940.0000000000001137, 1025.000000000000455 ) ) ;
#1192 = CARTESIAN_POINT ( 'NONE',  ( 1049.999999999999773, 870.0000000000001137, 1025.000000000000455 ) ) ;
#1193 = DIRECTION ( 'NONE',  ( 1.000000000000000000, 0.000000000000000000, 0.000000000000000000 ) ) ;
#1194 = ORIENTED_EDGE ( 'NONE', *, *, #1667, .F. ) ;
#1195 = DIRECTION ( 'NONE',  ( 0.000000000000000000, -0.000000000000000000, 1.000000000000000000 ) ) ;
#1196 = DIRECTION ( 'NONE',  ( 0.000000000000000000, 0.000000000000000000, -1.000000000000000000 ) ) ;
#1197 = FACE_OUTER_BOUND ( 'NONE', #2622, .T. ) ;
#1198 = ORIENTED_EDGE ( 'NONE', *, *, #730, .F. ) ;
#1199 = EDGE_LOOP ( 'NONE', ( #2554, #2939 ) ) ;
#1200 = ORIENTED_EDGE ( 'NONE', *, *, #4014, .T. ) ;
#1201 = LINE ( 'NONE', #330, #3921 ) ;
#1202 = CARTESIAN_POINT ( 'NONE',  ( -1132.635182233306296, 868.4807753012005378, 225.0000000000004832 ) ) ;
#1203 = ADVANCED_FACE ( 'NONE', ( #1099 ), #130, .T. ) ;
#1204 = DIRECTION ( 'NONE',  ( -1.000000000000000000, 0.000000000000000000, 0.000000000000000000 ) ) ;
#1205 = FACE_OUTER_BOUND ( 'NONE', #1456, .T. ) ;
#1206 = VECTOR ( 'NONE', #1502, 1000.000000000000000 ) ;
#1207 = ORIENTED_EDGE ( 'NONE', *, *, #3792, .F. ) ;
#1208 = CARTESIAN_POINT ( 'NONE',  ( 519.9999999999994316, 725.7685167991344315, -594.9999999999998863 ) ) ;
#1209 = VECTOR ( 'NONE', #3145, 1000.000000000000000 ) ;
#1210 = DIRECTION ( 'NONE',  ( 0.000000000000000000, -1.000000000000000000, 0.000000000000000000 ) ) ;
#1211 = VECTOR ( 'NONE', #2469, 1000.000000000000000 ) ;
#1212 = DIRECTION ( 'NONE',  ( 1.000000000000000000, 0.000000000000000000, -9.654113257610057838E-17 ) ) ;
#1213 = ADVANCED_FACE ( 'NONE', ( #1345 ), #1636, .T. ) ;
#1214 = VERTEX_POINT ( 'NONE', #790 ) ;
#1215 = CARTESIAN_POINT ( 'NONE',  ( 99.99999999999998579, 870.0000000000001137, 1025.000000000000000 ) ) ;
#1216 = EDGE_CURVE ( 'NONE', #2607, #1635, #1320, .T. ) ;
#1217 = DATE_TIME_ROLE ( 'creation_date' ) ;
#1218 = VECTOR ( 'NONE', #2834, 1000.000000000000000 ) ;
#1219 = CARTESIAN_POINT ( 'NONE',  ( 0.000000000000000000, 170.0000000000000000, -269.9999999999998863 ) ) ;
#1220 = CARTESIAN_POINT ( 'NONE',  ( 0.000000000000000000, 170.0000000000000000, -300.0000000000000000 ) ) ;
#1221 = VECTOR ( 'NONE', #7, 1000.000000000000000 ) ;
#1222 = ORIENTED_EDGE ( 'NONE', *, *, #275, .F. ) ;
#1223 = ORIENTED_EDGE ( 'NONE', *, *, #3720, .F. ) ;
#1224 = SPHERICAL_SURFACE ( 'NONE', #1979, 100.0000000000000000 ) ;
#1225 = AXIS2_PLACEMENT_3D ( 'NONE', #626, #2230, #1243 ) ;
#1226 = LINE ( 'NONE', #2804, #1648 ) ;
#1227 = AXIS2_PLACEMENT_3D ( 'NONE', #3821, #1046, #1705 ) ;
#1228 = DIRECTION ( 'NONE',  ( 0.000000000000000000, -0.000000000000000000, 1.000000000000000000 ) ) ;
#1229 = CARTESIAN_POINT ( 'NONE',  ( -1150.000000000000455, 170.0000000000000000, -345.0000000000000000 ) ) ;
#1230 = CARTESIAN_POINT ( 'NONE',  ( -1120.000000000000000, 30.00000000000000711, -1024.999999999999773 ) ) ;
#1231 = VECTOR ( 'NONE', #1247, 1000.000000000000000 ) ;
#1232 = CARTESIAN_POINT ( 'NONE',  ( -930.1405309694779362, 1670.000000000000000, 125.0000000000002274 ) ) ;
#1233 = ORIENTED_EDGE ( 'NONE', *, *, #156, .F. ) ;
#1234 = VECTOR ( 'NONE', #1998, 1000.000000000000000 ) ;
#1235 = DIRECTION ( 'NONE',  ( -1.000000000000000000, 0.000000000000000000, 0.000000000000000000 ) ) ;
#1236 = AXIS2_PLACEMENT_3D ( 'NONE', #2339, #2017, #3561 ) ;
#1237 = CARTESIAN_POINT ( 'NONE',  ( 519.9999999999994316, 725.7685167991344315, -594.9999999999998863 ) ) ;
#1238 = EDGE_CURVE ( 'NONE', #3970, #3808, #2928, .T. ) ;
#1239 = ORIENTED_EDGE ( 'NONE', *, *, #1432, .T. ) ;
#1240 = FACE_OUTER_BOUND ( 'NONE', #3282, .T. ) ;
#1241 = DIRECTION ( 'NONE',  ( -0.1736481776669271393, -0.9848077530122086864, 1.676419174174107729E-17 ) ) ;
#1242 = ADVANCED_FACE ( 'NONE', ( #3170 ), #2309, .T. ) ;
#1243 = DIRECTION ( 'NONE',  ( 0.000000000000000000, -0.000000000000000000, -1.000000000000000000 ) ) ;
#1244 = VERTEX_POINT ( 'NONE', #408 ) ;
#1245 = DIRECTION ( 'NONE',  ( 1.000000000000000000, 0.000000000000000000, 0.000000000000000000 ) ) ;
#1246 = DIRECTION ( 'NONE',  ( -0.000000000000000000, -0.000000000000000000, 1.000000000000000000 ) ) ;
#1247 = DIRECTION ( 'NONE',  ( 2.467162276944792422E-16, -1.000000000000000000, 0.000000000000000000 ) ) ;
#1248 = DIRECTION ( 'NONE',  ( -0.000000000000000000, -0.000000000000000000, 1.000000000000000000 ) ) ;
#1249 = CARTESIAN_POINT ( 'NONE',  ( -1091.005050633883229, 58.99494936611666418, -1094.999999999999545 ) ) ;
#1250 = CARTESIAN_POINT ( 'NONE',  ( -1120.000000000000000, 30.00000000000000711, -1024.999999999999773 ) ) ;
#1251 = EDGE_LOOP ( 'NONE', ( #1076, #2497, #879, #943 ) ) ;
#1252 = EDGE_CURVE ( 'NONE', #489, #1121, #2733, .T. ) ;
#1253 = FACE_BOUND ( 'NONE', #3796, .T. ) ;
#1254 = CARTESIAN_POINT ( 'NONE',  ( 1049.999999999999545, 0.000000000000000000, -1025.000000000000000 ) ) ;
#1255 = LINE ( 'NONE', #1567, #903 ) ;
#1256 = ORIENTED_EDGE ( 'NONE', *, *, #3101, .T. ) ;
#1257 = EDGE_CURVE ( 'NONE', #3866, #210, #1056, .T. ) ;
#1258 = LINE ( 'NONE', #2480, #1006 ) ;
#1259 = FACE_OUTER_BOUND ( 'NONE', #3897, .T. ) ;
#1260 = AXIS2_PLACEMENT_3D ( 'NONE', #3615, #1767, #3023 ) ;
#1261 = EDGE_CURVE ( 'NONE', #287, #195, #2797, .T. ) ;
#1262 = DIRECTION ( 'NONE',  ( 1.000000000000000000, 0.000000000000000000, 0.000000000000000000 ) ) ;
#1263 = LINE ( 'NONE', #957, #2625 ) ;
#1264 = DIRECTION ( 'NONE',  ( 2.467162276944792422E-16, -1.000000000000000000, 0.000000000000000000 ) ) ;
#1265 = VERTEX_POINT ( 'NONE', #1955 ) ;
#1266 = AXIS2_PLACEMENT_3D ( 'NONE', #1074, #2004, #3228 ) ;
#1267 = DIRECTION ( 'NONE',  ( 0.000000000000000000, 1.000000000000000000, 0.000000000000000000 ) ) ;
#1268 = DIRECTION ( 'NONE',  ( 1.000000000000000000, 0.000000000000000000, -9.654113257610059070E-17 ) ) ;
#1269 = CIRCLE ( 'NONE', #3858, 100.0000000000000853 ) ;
#1270 = DIRECTION ( 'NONE',  ( 1.000000000000000000, 0.000000000000000000, 0.000000000000000000 ) ) ;
#1271 = ORIENTED_EDGE ( 'NONE', *, *, #1279, .F. ) ;
#1272 = ORIENTED_EDGE ( 'NONE', *, *, #1871, .T. ) ;
#1273 = VECTOR ( 'NONE', #1817, 1000.000000000000000 ) ;
#1274 = EDGE_CURVE ( 'NONE', #291, #90, #3095, .T. ) ;
#1275 = VECTOR ( 'NONE', #3079, 1000.000000000000000 ) ;
#1276 = FACE_OUTER_BOUND ( 'NONE', #3714, .T. ) ;
#1277 = EDGE_CURVE ( 'NONE', #149, #757, #2962, .T. ) ;
#1278 = CARTESIAN_POINT ( 'NONE',  ( -874.6153846153849827, 583.0769230769233218, -345.0000000000000000 ) ) ;
#1279 = EDGE_CURVE ( 'NONE', #1689, #3238, #2812, .T. ) ;
#1280 = CARTESIAN_POINT ( 'NONE',  ( -1049.999999999999318, 1337.128181961762039, 1125.000000000000227 ) ) ;
#1281 = CARTESIAN_POINT ( 'NONE',  ( -20.00000000000001776, 170.0000000000000000, 1125.000000000000227 ) ) ;
#1282 = ADVANCED_FACE ( 'NONE', ( #3601 ), #2937, .F. ) ;
#1283 = DIRECTION ( 'NONE',  ( 1.000000000000000000, 0.000000000000000000, -2.960594732333750610E-16 ) ) ;
#1284 = VERTEX_POINT ( 'NONE', #183 ) ;
#1285 = CARTESIAN_POINT ( 'NONE',  ( -1150.000000000000227, 100.0000000000000000, -1094.999999999999773 ) ) ;
#1286 = AXIS2_PLACEMENT_3D ( 'NONE', #736, #1107, #1376 ) ;
#1287 = AXIS2_PLACEMENT_3D ( 'NONE', #2913, #2313, #2852 ) ;
#1288 = VECTOR ( 'NONE', #3499, 1000.000000000000227 ) ;
#1289 = VECTOR ( 'NONE', #236, 1000.000000000000000 ) ;
#1290 = CARTESIAN_POINT ( 'NONE',  ( -20.00000000000001776, 1770.000000000000000, 1125.000000000000227 ) ) ;
#1291 = AXIS2_PLACEMENT_3D ( 'NONE', #3318, #1212, #1530 ) ;
#1292 = DIRECTION ( 'NONE',  ( 0.000000000000000000, 1.000000000000000000, 0.000000000000000000 ) ) ;
#1293 = AXIS2_PLACEMENT_3D ( 'NONE', #3881, #476, #731 ) ;
#1294 = ORIENTED_EDGE ( 'NONE', *, *, #3771, .T. ) ;
#1295 = EDGE_LOOP ( 'NONE', ( #3034, #3157 ) ) ;
#1296 = EDGE_CURVE ( 'NONE', #3623, #1736, #522, .T. ) ;
#1297 = CARTESIAN_POINT ( 'NONE',  ( -1149.999999999999545, 1670.000000000000000, 1095.000000000000227 ) ) ;
#1298 = LINE ( 'NONE', #3763, #1714 ) ;
#1299 = DIRECTION ( 'NONE',  ( -0.000000000000000000, -0.000000000000000000, -1.000000000000000000 ) ) ;
#1300 = ORIENTED_EDGE ( 'NONE', *, *, #2741, .F. ) ;
#1301 = ORIENTED_EDGE ( 'NONE', *, *, #1585, .F. ) ;
#1302 = ADVANCED_FACE ( 'NONE', ( #3933 ), #2964, .T. ) ;
#1303 = EDGE_CURVE ( 'NONE', #469, #1689, #2038, .T. ) ;
#1304 = CYLINDRICAL_SURFACE ( 'NONE', #3457, 99.99999999999997158 ) ;
#1305 = DIRECTION ( 'NONE',  ( -0.9848077530122081313, 0.1736481776669295818, 0.000000000000000000 ) ) ;
#1306 = EDGE_CURVE ( 'NONE', #1536, #3741, #2277, .T. ) ;
#1307 = DIRECTION ( 'NONE',  ( -2.027804611187500911E-16, -0.000000000000000000, -1.000000000000000000 ) ) ;
#1308 = APPROVAL_ROLE ( '' ) ;
#1309 = DIRECTION ( 'NONE',  ( 7.368736889105026576E-17, -0.000000000000000000, 1.000000000000000000 ) ) ;
#1310 = ORIENTED_EDGE ( 'NONE', *, *, #2259, .F. ) ;
#1311 = ORIENTED_EDGE ( 'NONE', *, *, #1863, .F. ) ;
#1312 = DIRECTION ( 'NONE',  ( 0.000000000000000000, 1.000000000000000000, -0.000000000000000000 ) ) ;
#1313 = DIRECTION ( 'NONE',  ( 0.000000000000000000, -1.000000000000000000, 0.000000000000000000 ) ) ;
#1314 = DIRECTION ( 'NONE',  ( -0.000000000000000000, -0.000000000000000000, 1.000000000000000000 ) ) ;
#1315 = CARTESIAN_POINT ( 'NONE',  ( -1150.000000000000227, 170.0000000000000000, -1124.999999999999773 ) ) ;
#1316 = ORIENTED_EDGE ( 'NONE', *, *, #2767, .T. ) ;
#1317 = EDGE_CURVE ( 'NONE', #1181, #2018, #1733, .T. ) ;
#1318 = PLANE ( 'NONE',  #580 ) ;
#1319 = ORIENTED_EDGE ( 'NONE', *, *, #2456, .F. ) ;
#1320 = LINE ( 'NONE', #2027, #197 ) ;
#1321 = CARTESIAN_POINT ( 'NONE',  ( 919.9999999999994316, 130.0000000000000000, -594.9999999999997726 ) ) ;
#1322 = DIRECTION ( 'NONE',  ( 1.000000000000000000, 0.000000000000000000, 0.000000000000000000 ) ) ;
#1323 = ADVANCED_FACE ( 'NONE', ( #1068 ), #1442, .F. ) ;
#1324 = DIRECTION ( 'NONE',  ( -0.000000000000000000, 1.000000000000000000, 0.000000000000000000 ) ) ;
#1325 = PLANE ( 'NONE',  #1287 ) ;
#1326 = EDGE_CURVE ( 'NONE', #2968, #918, #467, .T. ) ;
#1327 = CIRCLE ( 'NONE', #1846, 30.00000000000002842 ) ;
#1328 = VERTEX_POINT ( 'NONE', #2801 ) ;
#1329 = ORIENTED_EDGE ( 'NONE', *, *, #3300, .T. ) ;
#1330 = VERTEX_POINT ( 'NONE', #3156 ) ;
#1331 = ADVANCED_FACE ( 'NONE', ( #2496, #51 ), #3423, .T. ) ;
#1332 = ORIENTED_EDGE ( 'NONE', *, *, #1261, .T. ) ;
#1333 = AXIS2_PLACEMENT_3D ( 'NONE', #924, #2781, #1518 ) ;
#1334 = CARTESIAN_POINT ( 'NONE',  ( -370.0000000000002274, 780.0000000000000000, -595.0000000000000000 ) ) ;
#1335 = AXIS2_PLACEMENT_3D ( 'NONE', #2204, #3426, #1891 ) ;
#1336 = EDGE_LOOP ( 'NONE', ( #3432, #3888, #706, #646 ) ) ;
#1337 = VERTEX_POINT ( 'NONE', #1876 ) ;
#1338 = DIRECTION ( 'NONE',  ( -0.000000000000000000, 1.000000000000000000, -1.863514088643043464E-16 ) ) ;
#1339 = LOCAL_TIME ( 14, 14, 1.000000000000000000, #1903 ) ;
#1340 = CARTESIAN_POINT ( 'NONE',  ( -970.0000000000001137, 330.0000000000000000, -595.0000000000000000 ) ) ;
#1341 = ORIENTED_EDGE ( 'NONE', *, *, #2798, .F. ) ;
#1342 = CARTESIAN_POINT ( 'NONE',  ( -80.00000000000008527, 1770.000000000000000, 155.0000000000002558 ) ) ;
#1343 = ORIENTED_EDGE ( 'NONE', *, *, #1277, .F. ) ;
#1344 = AXIS2_PLACEMENT_3D ( 'NONE', #1614, #3806, #3448 ) ;
#1345 = FACE_OUTER_BOUND ( 'NONE', #933, .T. ) ;
#1346 = FACE_OUTER_BOUND ( 'NONE', #3010, .T. ) ;
#1347 = VECTOR ( 'NONE', #1268, 1000.000000000000000 ) ;
#1348 = DIRECTION ( 'NONE',  ( 1.000000000000000000, 1.486905836551548832E-16, 0.000000000000000000 ) ) ;
#1349 = LINE ( 'NONE', #1059, #3800 ) ;
#1350 = LINE ( 'NONE', #155, #1234 ) ;
#1351 = AXIS2_PLACEMENT_3D ( 'NONE', #2200, #1015, #2790 ) ;
#1352 = CC_DESIGN_PERSON_AND_ORGANIZATION_ASSIGNMENT ( #1797, #1514, ( #1524 ) ) ;
#1353 = CARTESIAN_POINT ( 'NONE',  ( 519.9999999999994316, 725.7685167991344315, -594.9999999999998863 ) ) ;
#1354 = ORIENTED_EDGE ( 'NONE', *, *, #404, .T. ) ;
#1355 = ORIENTED_EDGE ( 'NONE', *, *, #1572, .T. ) ;
#1356 = VERTEX_POINT ( 'NONE', #983 ) ;
#1357 = VERTEX_POINT ( 'NONE', #2251 ) ;
#1358 = EDGE_CURVE ( 'NONE', #3623, #287, #393, .T. ) ;
#1359 = VECTOR ( 'NONE', #12, 1000.000000000000000 ) ;
#1360 = LINE ( 'NONE', #1297, #354 ) ;
#1361 = EDGE_LOOP ( 'NONE', ( #3158, #780, #2351, #661, #1402 ) ) ;
#1362 = ORIENTED_EDGE ( 'NONE', *, *, #3420, .T. ) ;
#1363 = CARTESIAN_POINT ( 'NONE',  ( -1149.999999999999545, 170.0000000000000000, 1125.000000000000227 ) ) ;
#1364 = ORIENTED_EDGE ( 'NONE', *, *, #3006, .T. ) ;
#1365 = VERTEX_POINT ( 'NONE', #1905 ) ;
#1366 = PLANE ( 'NONE',  #2817 ) ;
#1367 = VERTEX_POINT ( 'NONE', #2186 ) ;
#1368 = DIRECTION ( 'NONE',  ( -0.9961946980917452121, 0.08715574274766212104, 0.000000000000000000 ) ) ;
#1369 = CARTESIAN_POINT ( 'NONE',  ( -20.00000000000001776, 170.0000000000000000, 1125.000000000000227 ) ) ;
#1370 = PLANE ( 'NONE',  #3018 ) ;
#1371 = LINE ( 'NONE', #1925, #2628 ) ;
#1372 = LINE ( 'NONE', #3502, #1164 ) ;
#1373 = DIRECTION ( 'NONE',  ( 1.000000000000000000, 0.000000000000000000, 0.000000000000000000 ) ) ;
#1374 = ORIENTED_EDGE ( 'NONE', *, *, #3038, .T. ) ;
#1375 = ORIENTED_EDGE ( 'NONE', *, *, #3722, .T. ) ;
#1376 = DIRECTION ( 'NONE',  ( 1.000000000000000000, 0.000000000000000000, 0.000000000000000000 ) ) ;
#1377 = EDGE_LOOP ( 'NONE', ( #264, #3315, #2499, #1414 ) ) ;
#1378 = DIRECTION ( 'NONE',  ( -1.000000000000000000, 0.000000000000000000, 0.000000000000000000 ) ) ;
#1379 = DIRECTION ( 'NONE',  ( 0.000000000000000000, -1.000000000000000000, 0.000000000000000000 ) ) ;
#1380 = VERTEX_POINT ( 'NONE', #2532 ) ;
#1381 = LINE ( 'NONE', #1072, #1140 ) ;
#1382 = LINE ( 'NONE', #2539, #3849 ) ;
#1383 = EDGE_LOOP ( 'NONE', ( #3842, #3206, #2959, #726 ) ) ;
#1384 = ORIENTED_EDGE ( 'NONE', *, *, #188, .T. ) ;
#1385 = EDGE_CURVE ( 'NONE', #2049, #1635, #2509, .T. ) ;
#1386 = CARTESIAN_POINT ( 'NONE',  ( -80.00000000000001421, 1136.814064971248627, -1553.630394101094680 ) ) ;
#1387 = ORIENTED_EDGE ( 'NONE', *, *, #2996, .T. ) ;
#1388 = CARTESIAN_POINT ( 'NONE',  ( -9.868649107779183097E-15, 170.0000000000000000, 1025.000000000000000 ) ) ;
#1389 = CARTESIAN_POINT ( 'NONE',  ( -20.00000000000001776, 1770.000000000000000, 1125.000000000000227 ) ) ;
#1390 = CARTESIAN_POINT ( 'NONE',  ( -1010.000000000000000, 380.0000000000000000, 27.00000000000015632 ) ) ;
#1391 = ORIENTED_EDGE ( 'NONE', *, *, #2767, .F. ) ;
#1392 = ORIENTED_EDGE ( 'NONE', *, *, #3753, .F. ) ;
#1393 = DIRECTION ( 'NONE',  ( 1.000000000000000000, 0.000000000000000000, 0.000000000000000000 ) ) ;
#1394 = VECTOR ( 'NONE', #769, 1000.000000000000000 ) ;
#1395 = ORIENTED_EDGE ( 'NONE', *, *, #2878, .F. ) ;
#1396 = ORIENTED_EDGE ( 'NONE', *, *, #2414, .T. ) ;
#1397 = VECTOR ( 'NONE', #1187, 1000.000000000000000 ) ;
#1398 = EDGE_CURVE ( 'NONE', #1736, #770, #1643, .T. ) ;
#1399 = CARTESIAN_POINT ( 'NONE',  ( 1049.999999999999773, 870.0000000000001137, 1025.000000000000000 ) ) ;
#1400 = CIRCLE ( 'NONE', #2813, 99.99999999999997158 ) ;
#1401 = CARTESIAN_POINT ( 'NONE',  ( -961.4936044678623830, 1666.309779368765021, 225.0000000000003695 ) ) ;
#1402 = ORIENTED_EDGE ( 'NONE', *, *, #1252, .F. ) ;
#1403 = EDGE_CURVE ( 'NONE', #2440, #1154, #2054, .T. ) ;
#1404 = EDGE_CURVE ( 'NONE', #2298, #1330, #2332, .T. ) ;
#1405 = VECTOR ( 'NONE', #3066, 1000.000000000000000 ) ;
#1406 = EDGE_CURVE ( 'NONE', #2665, #1156, #3037, .T. ) ;
#1407 = DIRECTION ( 'NONE',  ( -0.000000000000000000, -0.000000000000000000, 1.000000000000000000 ) ) ;
#1408 = ORIENTED_EDGE ( 'NONE', *, *, #1620, .F. ) ;
#1409 = DIRECTION ( 'NONE',  ( 0.000000000000000000, 1.000000000000000000, 0.000000000000000000 ) ) ;
#1410 = EDGE_CURVE ( 'NONE', #3566, #1356, #525, .T. ) ;
#1411 = CARTESIAN_POINT ( 'NONE',  ( 919.9999999999994316, 100.0000000000000142, -1094.999999999999773 ) ) ;
#1412 = DIRECTION ( 'NONE',  ( -0.000000000000000000, 1.000000000000000000, 0.000000000000000000 ) ) ;
#1413 = CARTESIAN_POINT ( 'NONE',  ( -1049.999999999999318, 300.0000000000000568, 1125.000000000000227 ) ) ;
#1414 = ORIENTED_EDGE ( 'NONE', *, *, #201, .T. ) ;
#1415 = ORIENTED_EDGE ( 'NONE', *, *, #3090, .F. ) ;
#1416 = AXIS2_PLACEMENT_3D ( 'NONE', #3922, #219, #3045 ) ;
#1417 = FACE_OUTER_BOUND ( 'NONE', #1779, .T. ) ;
#1418 = CALENDAR_DATE ( 2026, 17, 8 ) ;
#1419 = VECTOR ( 'NONE', #3610, 1000.000000000000000 ) ;
#1420 = DIRECTION ( 'NONE',  ( 2.960594732333750610E-16, 0.000000000000000000, 1.000000000000000000 ) ) ;
#1421 = DIRECTION ( 'NONE',  ( 0.000000000000000000, -1.000000000000000000, -0.000000000000000000 ) ) ;
#1422 = ORIENTED_EDGE ( 'NONE', *, *, #874, .F. ) ;
#1423 = ORIENTED_EDGE ( 'NONE', *, *, #1114, .T. ) ;
#1424 = ORIENTED_EDGE ( 'NONE', *, *, #3422, .F. ) ;
#1425 = AXIS2_PLACEMENT_3D ( 'NONE', #603, #2980, #2458 ) ;
#1426 = EDGE_CURVE ( 'NONE', #2754, #216, #178, .T. ) ;
#1427 = CARTESIAN_POINT ( 'NONE',  ( -1010.000000000000000, 380.0000000000000000, 50.00000000000015632 ) ) ;
#1428 = VECTOR ( 'NONE', #3396, 1000.000000000000000 ) ;
#1429 = FACE_OUTER_BOUND ( 'NONE', #2560, .T. ) ;
#1430 = DIRECTION ( 'NONE',  ( -0.000000000000000000, -0.000000000000000000, 1.000000000000000000 ) ) ;
#1431 = EDGE_LOOP ( 'NONE', ( #2917, #1332, #394, #1802 ) ) ;
#1432 = EDGE_CURVE ( 'NONE', #2901, #3794, #1094, .T. ) ;
#1433 = EDGE_CURVE ( 'NONE', #341, #708, #1603, .T. ) ;
#1434 = DIRECTION ( 'NONE',  ( -4.440892098500622217E-15, 0.000000000000000000, 1.000000000000000000 ) ) ;
#1435 = PLANE ( 'NONE',  #1738 ) ;
#1436 = DIRECTION ( 'NONE',  ( 1.000000000000000000, 0.000000000000000000, 0.000000000000000000 ) ) ;
#1437 = ORIENTED_EDGE ( 'NONE', *, *, #1692, .F. ) ;
#1438 = VERTEX_POINT ( 'NONE', #3236 ) ;
#1439 = CARTESIAN_POINT ( 'NONE',  ( -930.1405309694780499, 1670.000000000000000, -1553.630394101094680 ) ) ;
#1440 = EDGE_LOOP ( 'NONE', ( #1644, #3053, #504 ) ) ;
#1441 = APPROVAL_DATE_TIME ( #206, #799 ) ;
#1442 = PLANE ( 'NONE',  #1551 ) ;
#1443 = PRODUCT_DEFINITION_SHAPE ( 'NONE', 'NONE',  #1524 ) ;
#1444 = EDGE_LOOP ( 'NONE', ( #715, #1387, #255, #95, #2487, #3461, #483, #2282, #2296 ) ) ;
#1445 = VERTEX_POINT ( 'NONE', #1686 ) ;
#1446 = EDGE_LOOP ( 'NONE', ( #2855, #2534, #2630, #228, #974, #2984, #395, #3825, #3585, #449, #2236 ) ) ;
#1447 = CARTESIAN_POINT ( 'NONE',  ( -1010.000000000000000, 380.0000000000000000, -246.9999999999999147 ) ) ;
#1448 = LINE ( 'NONE', #686, #1419 ) ;
#1449 = DIRECTION ( 'NONE',  ( 0.000000000000000000, 0.000000000000000000, -1.000000000000000000 ) ) ;
#1450 = EDGE_LOOP ( 'NONE', ( #2295, #2075, #3063, #2150 ) ) ;
#1451 = ADVANCED_FACE ( 'NONE', ( #2000 ), #1727, .F. ) ;
#1452 = LINE ( 'NONE', #1751, #3277 ) ;
#1453 = PLANE ( 'NONE',  #2137 ) ;
#1454 = LINE ( 'NONE', #2679, #3087 ) ;
#1455 = ADVANCED_FACE ( 'NONE', ( #1061 ), #3528, .T. ) ;
#1456 = EDGE_LOOP ( 'NONE', ( #3486, #848, #2084, #3297 ) ) ;
#1457 = EDGE_LOOP ( 'NONE', ( #102, #787 ) ) ;
#1458 = DIRECTION ( 'NONE',  ( 1.000000000000000000, -0.000000000000000000, -1.110223024625157033E-16 ) ) ;
#1459 = DIRECTION ( 'NONE',  ( -0.000000000000000000, 1.000000000000000000, 0.000000000000000000 ) ) ;
#1460 = ADVANCED_FACE ( 'NONE', ( #2958 ), #2661, .F. ) ;
#1461 = EDGE_CURVE ( 'NONE', #2911, #2476, #2578, .T. ) ;
#1462 = ORIENTED_EDGE ( 'NONE', *, *, #3544, .T. ) ;
#1463 = ORIENTED_EDGE ( 'NONE', *, *, #1385, .T. ) ;
#1464 = ORIENTED_EDGE ( 'NONE', *, *, #1406, .F. ) ;
#1465 = DIRECTION ( 'NONE',  ( 1.000000000000000000, 0.000000000000000000, 0.000000000000000000 ) ) ;
#1466 = VECTOR ( 'NONE', #299, 1000.000000000000000 ) ;
#1467 = DIRECTION ( 'NONE',  ( 1.000000000000000000, 0.000000000000000000, 0.000000000000000000 ) ) ;
#1468 = CARTESIAN_POINT ( 'NONE',  ( -1149.999999999999545, 0.000000000000000000, 1025.000000000000227 ) ) ;
#1469 = VECTOR ( 'NONE', #3534, 1000.000000000000000 ) ;
#1470 = CARTESIAN_POINT ( 'NONE',  ( -1050.000000000000000, 870.0000000000001137, -1124.999999999999318 ) ) ;
#1471 = ORIENTED_EDGE ( 'NONE', *, *, #1617, .T. ) ;
#1472 = PLANE ( 'NONE',  #2167 ) ;
#1473 = AXIS2_PLACEMENT_3D ( 'NONE', #2650, #3827, #3268 ) ;
#1474 = PLANE ( 'NONE',  #47 ) ;
#1475 = VECTOR ( 'NONE', #1348, 1000.000000000000000 ) ;
#1476 = CIRCLE ( 'NONE', #267, 50.00000000000004263 ) ;
#1477 = PLANE ( 'NONE',  #3882 ) ;
#1478 = CARTESIAN_POINT ( 'NONE',  ( -9.325873406851314940E-14, 470.0000000000000568, -945.0000000000000000 ) ) ;
#1479 = ORIENTED_EDGE ( 'NONE', *, *, #323, .T. ) ;
#1480 = ORIENTED_EDGE ( 'NONE', *, *, #3143, .T. ) ;
#1481 = CARTESIAN_POINT ( 'NONE',  ( 1149.999999999999773, 170.0000000000000000, -1025.000000000000000 ) ) ;
#1482 = CARTESIAN_POINT ( 'NONE',  ( -961.4936044678611324, 1666.309779368771160, 225.0000000000003695 ) ) ;
#1483 = AXIS2_PLACEMENT_3D ( 'NONE', #175, #3770, #996 ) ;
#1484 = ORIENTED_EDGE ( 'NONE', *, *, #3166, .T. ) ;
#1485 = ORIENTED_EDGE ( 'NONE', *, *, #2746, .T. ) ;
#1486 = ORIENTED_EDGE ( 'NONE', *, *, #4012, .F. ) ;
#1487 = VECTOR ( 'NONE', #3152, 1000.000000000000000 ) ;
#1488 = DIRECTION ( 'NONE',  ( 0.000000000000000000, 0.000000000000000000, -1.000000000000000000 ) ) ;
#1489 = AXIS2_PLACEMENT_3D ( 'NONE', #3029, #2769, #2144 ) ;
#1490 = DIRECTION ( 'NONE',  ( -2.027804611187500911E-16, -0.000000000000000000, -1.000000000000000000 ) ) ;
#1491 = CYLINDRICAL_SURFACE ( 'NONE', #2117, 50.00000000000004263 ) ;
#1492 = ORIENTED_EDGE ( 'NONE', *, *, #2947, .T. ) ;
#1493 = DIRECTION ( 'NONE',  ( -2.960594732333750610E-16, 0.000000000000000000, -1.000000000000000000 ) ) ;
#1494 = FACE_OUTER_BOUND ( 'NONE', #2218, .T. ) ;
#1495 = DIRECTION ( 'NONE',  ( 0.000000000000000000, 0.000000000000000000, -1.000000000000000000 ) ) ;
#1496 = CARTESIAN_POINT ( 'NONE',  ( 1150.000000000000000, 870.0000000000001137, 1025.000000000000455 ) ) ;
#1497 = ORIENTED_EDGE ( 'NONE', *, *, #2846, .T. ) ;
#1498 = CARTESIAN_POINT ( 'NONE',  ( 99.99999999999994316, 970.0000000000001137, -345.0000000000000000 ) ) ;
#1499 = CARTESIAN_POINT ( 'NONE',  ( 919.9999999999994316, 130.0000000000000000, -594.9999999999997726 ) ) ;
#1500 = ORIENTED_EDGE ( 'NONE', *, *, #3984, .T. ) ;
#1501 = ORIENTED_EDGE ( 'NONE', *, *, #887, .F. ) ;
#1502 = DIRECTION ( 'NONE',  ( 0.5547001962252291474, 0.8320502943378437211, 0.000000000000000000 ) ) ;
#1503 = FACE_OUTER_BOUND ( 'NONE', #129, .T. ) ;
#1504 = FACE_OUTER_BOUND ( 'NONE', #3494, .T. ) ;
#1505 = EDGE_CURVE ( 'NONE', #2545, #2788, #136, .T. ) ;
#1506 = ORIENTED_EDGE ( 'NONE', *, *, #2328, .F. ) ;
#1507 = CARTESIAN_POINT ( 'NONE',  ( -1150.000000000000227, 0.000000000000000000, -1124.999999999999773 ) ) ;
#1508 = ADVANCED_FACE ( 'NONE', ( #3819, #2315 ), #3197, .T. ) ;
#1509 = CARTESIAN_POINT ( 'NONE',  ( 0.000000000000000000, -70.00000000000000000, 0.000000000000000000 ) ) ;
#1510 = VECTOR ( 'NONE', #3967, 1000.000000000000000 ) ;
#1511 = FACE_OUTER_BOUND ( 'NONE', #3012, .T. ) ;
#1512 = ORIENTED_EDGE ( 'NONE', *, *, #1522, .T. ) ;
#1513 = LINE ( 'NONE', #2059, #1023 ) ;
#1514 = PERSON_AND_ORGANIZATION_ROLE ( 'creator' ) ;
#1515 = CARTESIAN_POINT ( 'NONE',  ( 1150.000000000000000, 970.0000000000001137, 1025.000000000000455 ) ) ;
#1516 = ORIENTED_EDGE ( 'NONE', *, *, #3611, .F. ) ;
#1517 = VERTEX_POINT ( 'NONE', #3863 ) ;
#1518 = DIRECTION ( 'NONE',  ( -2.960594732333750610E-16, 0.000000000000000000, -1.000000000000000000 ) ) ;
#1519 = DIRECTION ( 'NONE',  ( 1.586032892321652236E-16, 0.000000000000000000, 1.000000000000000000 ) ) ;
#1520 = CARTESIAN_POINT ( 'NONE',  ( -948.5000303562158024, 1740.000000000000000, 1095.000000000000227 ) ) ;
#1522 = EDGE_CURVE ( 'NONE', #1735, #2968, #1085, .T. ) ;
#1521 = CIRCLE ( 'NONE', #1266, 100.0000000000000853 ) ;
#1523 = DIRECTION ( 'NONE',  ( 1.000000000000000000, 0.000000000000000000, -7.368736889105026576E-17 ) ) ;
#1524 = PRODUCT_DEFINITION ( '�', '', #1981, #3334 ) ;
#1525 = EDGE_CURVE ( 'NONE', #3603, #2963, #3273, .T. ) ;
#1526 = VECTOR ( 'NONE', #331, 1000.000000000000000 ) ;
#1527 = DIRECTION ( 'NONE',  ( -0.000000000000000000, -0.000000000000000000, -1.000000000000000000 ) ) ;
#1528 = VECTOR ( 'NONE', #2839, 1000.000000000000000 ) ;
#1529 = DIRECTION ( 'NONE',  ( 0.000000000000000000, 0.000000000000000000, -1.000000000000000000 ) ) ;
#1530 = DIRECTION ( 'NONE',  ( 0.000000000000000000, 0.000000000000000000, 1.000000000000000000 ) ) ;
#1531 = ORIENTED_EDGE ( 'NONE', *, *, #1592, .T. ) ;
#1532 = CARTESIAN_POINT ( 'NONE',  ( -1080.000000000000000, 380.0000000000000000, -226.9999999999999147 ) ) ;
#1533 = DIRECTION ( 'NONE',  ( -0.000000000000000000, -0.000000000000000000, -1.000000000000000000 ) ) ;
#1534 = CARTESIAN_POINT ( 'NONE',  ( -80.00000000000007105, 170.0000000000001137, 1095.000000000000227 ) ) ;
#1535 = LINE ( 'NONE', #3908, #1218 ) ;
#1536 = VERTEX_POINT ( 'NONE', #3429 ) ;
#1537 = CARTESIAN_POINT ( 'NONE',  ( 519.9999999999994316, 725.7685167991344315, -594.9999999999998863 ) ) ;
#1538 = CARTESIAN_POINT ( 'NONE',  ( -1149.999999999999545, 0.000000000000000000, 1025.000000000000227 ) ) ;
#1539 = ADVANCED_FACE ( 'NONE', ( #1958 ), #1035, .T. ) ;
#1540 = AXIS2_PLACEMENT_3D ( 'NONE', #2983, #225, #3597 ) ;
#1541 = CIRCLE ( 'NONE', #261, 99.99999999999997158 ) ;
#1542 = DIRECTION ( 'NONE',  ( -1.000000000000000000, 0.000000000000000000, 1.110223024625156787E-16 ) ) ;
#1543 = CARTESIAN_POINT ( 'NONE',  ( 0.000000000000000000, -70.00000000000000000, 0.000000000000000000 ) ) ;
#1544 = VECTOR ( 'NONE', #1241, 1000.000000000000000 ) ;
#1545 = DIRECTION ( 'NONE',  ( 0.000000000000000000, -1.000000000000000000, 0.000000000000000000 ) ) ;
#1546 = ORIENTED_EDGE ( 'NONE', *, *, #141, .T. ) ;
#1547 = AXIS2_PLACEMENT_3D ( 'NONE', #1496, #2999, #245 ) ;
#1548 = AXIS2_PLACEMENT_3D ( 'NONE', #763, #3932, #2936 ) ;
#1549 = CARTESIAN_POINT ( 'NONE',  ( -1150.000000000000227, 500.0000000000000000, -345.0000000000000000 ) ) ;
#1550 = ADVANCED_FACE ( 'NONE', ( #798 ), #1915, .T. ) ;
#1551 = AXIS2_PLACEMENT_3D ( 'NONE', #1127, #3535, #3225 ) ;
#1552 = EDGE_CURVE ( 'NONE', #2187, #195, #1769, .T. ) ;
#1553 = EDGE_CURVE ( 'NONE', #3341, #2446, #3183, .T. ) ;
#1554 = FACE_OUTER_BOUND ( 'NONE', #308, .T. ) ;
#1555 = CARTESIAN_POINT ( 'NONE',  ( 1049.999999999999773, 100.0000000000000000, 1125.000000000000000 ) ) ;
#1556 = DIRECTION ( 'NONE',  ( 0.000000000000000000, -1.000000000000000000, 0.000000000000000000 ) ) ;
#1557 = ADVANCED_FACE ( 'NONE', ( #3405 ), #3459, .T. ) ;
#1558 = ORIENTED_EDGE ( 'NONE', *, *, #1274, .T. ) ;
#1559 = LINE ( 'NONE', #2794, #3516 ) ;
#1560 = DIRECTION ( 'NONE',  ( -1.000000000000000000, 0.000000000000000000, 0.000000000000000000 ) ) ;
#1561 = DIRECTION ( 'NONE',  ( -2.960594732333750610E-16, 0.000000000000000000, -1.000000000000000000 ) ) ;
#1562 = CARTESIAN_POINT ( 'NONE',  ( -1030.000000000000000, 380.0000000000000000, -226.9999999999999147 ) ) ;
#1563 = VERTEX_POINT ( 'NONE', #369 ) ;
#1564 = FACE_OUTER_BOUND ( 'NONE', #837, .T. ) ;
#1565 = DIRECTION ( 'NONE',  ( 9.868649107779168700E-17, 0.000000000000000000, 1.000000000000000000 ) ) ;
#1566 = EDGE_CURVE ( 'NONE', #1438, #1445, #3733, .T. ) ;
#1567 = CARTESIAN_POINT ( 'NONE',  ( 4.898587196589412868E-14, -70.00000000000000000, -400.0000000000000000 ) ) ;
#1568 = LINE ( 'NONE', #1887, #3861 ) ;
#1569 = PERSON_AND_ORGANIZATION ( #293, #1589 ) ;
#1570 = CARTESIAN_POINT ( 'NONE',  ( -1080.000000000000000, 380.0000000000000000, -246.9999999999999147 ) ) ;
#1571 = EDGE_CURVE ( 'NONE', #1055, #2788, #2498, .T. ) ;
#1572 = EDGE_CURVE ( 'NONE', #184, #2627, #753, .T. ) ;
#1573 = ORIENTED_EDGE ( 'NONE', *, *, #3465, .T. ) ;
#1574 = ADVANCED_FACE ( 'NONE', ( #351, #3757 ), #2836, .T. ) ;
#1575 = EDGE_CURVE ( 'NONE', #2440, #2911, #1371, .T. ) ;
#1576 = CARTESIAN_POINT ( 'NONE',  ( -1112.500000000000000, 380.0000000000000000, 27.00000000000016342 ) ) ;
#1577 = CARTESIAN_POINT ( 'NONE',  ( -1108.578643762689580, 1004.912184572546607, 1125.000000000000000 ) ) ;
#1578 = FACE_OUTER_BOUND ( 'NONE', #1177, .T. ) ;
#1579 = FACE_OUTER_BOUND ( 'NONE', #239, .T. ) ;
#1580 = ORIENTED_EDGE ( 'NONE', *, *, #3985, .T. ) ;
#1581 = DIRECTION ( 'NONE',  ( 1.000000000000000000, 0.000000000000000000, 0.000000000000000000 ) ) ;
#1582 = AXIS2_PLACEMENT_3D ( 'NONE', #3450, #2863, #704 ) ;
#1583 = CYLINDRICAL_SURFACE ( 'NONE', #2435, 30.00000000000002842 ) ;
#1584 = AXIS2_PLACEMENT_3D ( 'NONE', #1353, #202, #2915 ) ;
#1585 = EDGE_CURVE ( 'NONE', #3211, #2580, #1083, .T. ) ;
#1586 = PERSON_AND_ORGANIZATION_ROLE ( 'creator' ) ;
#1587 = AXIS2_PLACEMENT_3D ( 'NONE', #3447, #678, #1913 ) ;
#1588 = ORIENTED_EDGE ( 'NONE', *, *, #2006, .F. ) ;
#1589 = ORGANIZATION ( '未', '未', '' ) ;
#1590 = AXIS2_PLACEMENT_3D ( 'NONE', #3651, #3248, #2092 ) ;
#1591 = LINE ( 'NONE', #1954, #1900 ) ;
#1592 = EDGE_CURVE ( 'NONE', #2901, #3926, #2228, .T. ) ;
#1593 = EDGE_CURVE ( 'NONE', #565, #1146, #477, .T. ) ;
#1594 = CARTESIAN_POINT ( 'NONE',  ( -1149.999999999999545, 870.0000000000001137, 1095.000000000000227 ) ) ;
#1595 = CARTESIAN_POINT ( 'NONE',  ( -80.00000000000001421, 300.0000000000000568, 1125.000000000000227 ) ) ;
#1596 = ORIENTED_EDGE ( 'NONE', *, *, #201, .F. ) ;
#1597 = AXIS2_PLACEMENT_3D ( 'NONE', #2012, #3795, #2600 ) ;
#1598 = VECTOR ( 'NONE', #1102, 1000.000000000000000 ) ;
#1599 = VERTEX_POINT ( 'NONE', #1389 ) ;
#1600 = AXIS2_PLACEMENT_3D ( 'NONE', #528, #3660, #3343 ) ;
#1601 = FACE_OUTER_BOUND ( 'NONE', #2086, .T. ) ;
#1602 = DIRECTION ( 'NONE',  ( -0.000000000000000000, -1.000000000000000000, 0.000000000000000000 ) ) ;
#1603 = CIRCLE ( 'NONE', #2320, 100.0000000000000853 ) ;
#1604 = AXIS2_PLACEMENT_3D ( 'NONE', #2742, #2138, #3357 ) ;
#1605 = ORIENTED_EDGE ( 'NONE', *, *, #2822, .T. ) ;
#1606 = EDGE_LOOP ( 'NONE', ( #1573, #2601, #2668 ) ) ;
#1607 = ORIENTED_EDGE ( 'NONE', *, *, #3090, .T. ) ;
#1608 = CARTESIAN_POINT ( 'NONE',  ( -9.325873406851314940E-14, 970.0000000000002274, -945.0000000000000000 ) ) ;
#1609 = ADVANCED_FACE ( 'NONE', ( #154 ), #3482, .T. ) ;
#1610 = LINE ( 'NONE', #2841, #33 ) ;
#1611 = EDGE_LOOP ( 'NONE', ( #871, #3189, #2618 ) ) ;
#1612 = CARTESIAN_POINT ( 'NONE',  ( -1010.000000000000000, 170.0000000000000000, 27.00000000000013500 ) ) ;
#1613 = DIRECTION ( 'NONE',  ( -1.000000000000000000, 0.000000000000000000, 0.000000000000000000 ) ) ;
#1614 = CARTESIAN_POINT ( 'NONE',  ( -1080.000000000000000, 380.0000000000000000, 27.00000000000016342 ) ) ;
#1615 = LINE ( 'NONE', #3847, #2756 ) ;
#1616 = ORIENTED_EDGE ( 'NONE', *, *, #3611, .T. ) ;
#1617 = EDGE_CURVE ( 'NONE', #278, #1000, #3838, .T. ) ;
#1618 = CARTESIAN_POINT ( 'NONE',  ( 100.0000000000000995, 170.0000000000000000, 1125.000000000000000 ) ) ;
#1619 = ORIENTED_EDGE ( 'NONE', *, *, #1746, .T. ) ;
#1620 = EDGE_CURVE ( 'NONE', #3605, #3086, #109, .T. ) ;
#1621 = CARTESIAN_POINT ( 'NONE',  ( -970.0000000000001137, 330.0000000000000000, -595.0000000000000000 ) ) ;
#1622 = FACE_OUTER_BOUND ( 'NONE', #2729, .T. ) ;
#1623 = CARTESIAN_POINT ( 'NONE',  ( -1150.000000000000227, -0.000000000000000000, 50.00000000000015632 ) ) ;
#1624 = CARTESIAN_POINT ( 'NONE',  ( 0.000000000000000000, 0.000000000000000000, 400.0000000000000000 ) ) ;
#1625 = ORIENTED_EDGE ( 'NONE', *, *, #3468, .F. ) ;
#1626 = EDGE_LOOP ( 'NONE', ( #2616, #1050, #3179, #444 ) ) ;
#1627 = DIRECTION ( 'NONE',  ( -0.000000000000000000, -0.000000000000000000, -1.000000000000000000 ) ) ;
#1628 = ORIENTED_EDGE ( 'NONE', *, *, #3871, .F. ) ;
#1629 = CARTESIAN_POINT ( 'NONE',  ( -1150.000000000000227, 170.0000000000000000, -1124.999999999999773 ) ) ;
#1630 = CARTESIAN_POINT ( 'NONE',  ( 70.00000000000005684, 970.0000000000002274, -345.0000000000000000 ) ) ;
#1631 = ORIENTED_EDGE ( 'NONE', *, *, #3580, .T. ) ;
#1632 = ORIENTED_EDGE ( 'NONE', *, *, #1871, .F. ) ;
#1633 = EDGE_CURVE ( 'NONE', #210, #2803, #2190, .T. ) ;
#1634 = DIRECTION ( 'NONE',  ( -0.5547001962252290364, -0.8320502943378437211, 0.000000000000000000 ) ) ;
#1635 = VERTEX_POINT ( 'NONE', #1624 ) ;
#1636 = PLANE ( 'NONE',  #835 ) ;
#1637 = EDGE_CURVE ( 'NONE', #2911, #3245, #1349, .T. ) ;
#1638 = CARTESIAN_POINT ( 'NONE',  ( -1103.090949642940586, 863.2713299711928130, 1025.000000000000909 ) ) ;
#1639 = CARTESIAN_POINT ( 'NONE',  ( -1150.000000000000227, 500.0000000000000000, -345.0000000000000000 ) ) ;
#1640 = CARTESIAN_POINT ( 'NONE',  ( 1049.999999999999545, 170.0000000000000000, -1095.000000000000000 ) ) ;
#1641 = AXIS2_PLACEMENT_3D ( 'NONE', #2475, #1895, #3713 ) ;
#1642 = CARTESIAN_POINT ( 'NONE',  ( -30.00000000000009237, 970.0000000000002274, -945.0000000000000000 ) ) ;
#1643 = LINE ( 'NONE', #3176, #2385 ) ;
#1644 = ORIENTED_EDGE ( 'NONE', *, *, #1296, .F. ) ;
#1645 = ORIENTED_EDGE ( 'NONE', *, *, #725, .T. ) ;
#1646 = ORIENTED_EDGE ( 'NONE', *, *, #3661, .F. ) ;
#1647 = ORIENTED_EDGE ( 'NONE', *, *, #3550, .F. ) ;
#1648 = VECTOR ( 'NONE', #2758, 1000.000000000000000 ) ;
#1649 = CYLINDRICAL_SURFACE ( 'NONE', #1850, 99.99999999999997158 ) ;
#1650 = AXIS2_PLACEMENT_3D ( 'NONE', #3972, #1196, #820 ) ;
#1651 = ORIENTED_EDGE ( 'NONE', *, *, #2551, .F. ) ;
#1652 = LINE ( 'NONE', #2670, #497 ) ;
#1653 =( GEOMETRIC_REPRESENTATION_CONTEXT ( 3 ) GLOBAL_UNCERTAINTY_ASSIGNED_CONTEXT ( ( #880 ) ) GLOBAL_UNIT_ASSIGNED_CONTEXT ( ( #3859, #1043, #2992 ) ) REPRESENTATION_CONTEXT ( 'NONE', 'WORKASPACE' ) );
#1654 = CARTESIAN_POINT ( 'NONE',  ( 100.0000000000000853, 170.0000000000000000, 1025.000000000000000 ) ) ;
#1655 = EDGE_CURVE ( 'NONE', #402, #2321, #1730, .T. ) ;
#1656 = EDGE_LOOP ( 'NONE', ( #3958, #2994, #804, #2287, #869, #1838, #801, #748 ) ) ;
#1657 = ORIENTED_EDGE ( 'NONE', *, *, #2122, .T. ) ;
#1658 = CARTESIAN_POINT ( 'NONE',  ( -1119.999999999999773, 140.0000000000000000, -375.0000000000000000 ) ) ;
#1659 = ORIENTED_EDGE ( 'NONE', *, *, #541, .F. ) ;
#1660 = LINE ( 'NONE', #1989, #584 ) ;
#1661 = CARTESIAN_POINT ( 'NONE',  ( -1050.000000000000000, 870.0000000000001137, -1024.999999999999773 ) ) ;
#1662 = VECTOR ( 'NONE', #1533, 1000.000000000000000 ) ;
#1663 = AXIS2_PLACEMENT_3D ( 'NONE', #3612, #3231, #1449 ) ;
#1664 = CARTESIAN_POINT ( 'NONE',  ( 0.000000000000000000, 0.000000000000000000, 0.000000000000000000 ) ) ;
#1665 = EDGE_CURVE ( 'NONE', #3831, #371, #3817, .T. ) ;
#1666 = DIRECTION ( 'NONE',  ( 1.000000000000000000, 0.000000000000000000, 0.000000000000000000 ) ) ;
#1667 = EDGE_CURVE ( 'NONE', #969, #857, #3209, .T. ) ;
#1668 = CARTESIAN_POINT ( 'NONE',  ( -1080.000000000000000, 380.0000000000000000, -246.9999999999999147 ) ) ;
#1669 = VERTEX_POINT ( 'NONE', #3220 ) ;
#1670 = ORIENTED_EDGE ( 'NONE', *, *, #2636, .T. ) ;
#1671 = DIRECTION ( 'NONE',  ( 0.000000000000000000, 0.000000000000000000, 1.000000000000000000 ) ) ;
#1672 = ORIENTED_EDGE ( 'NONE', *, *, #249, .T. ) ;
#1673 = VECTOR ( 'NONE', #668, 1000.000000000000000 ) ;
#1674 = ADVANCED_FACE ( 'NONE', ( #1685 ), #1325, .F. ) ;
#1675 = DIRECTION ( 'NONE',  ( -1.000000000000000000, 0.000000000000000000, 9.868649107779168700E-17 ) ) ;
#1676 = APPLICATION_CONTEXT ( 'configuration controlled 3d designs of mechanical parts and assemblies' ) ;
#1677 = ORIENTED_EDGE ( 'NONE', *, *, #3296, .F. ) ;
#1678 = CARTESIAN_POINT ( 'NONE',  ( -1050.000000000000000, 870.0000000000001137, -1024.999999999999773 ) ) ;
#1679 = FACE_OUTER_BOUND ( 'NONE', #127, .T. ) ;
#1680 = VERTEX_POINT ( 'NONE', #2009 ) ;
#1681 = FACE_OUTER_BOUND ( 'NONE', #1606, .T. ) ;
#1682 = ORIENTED_EDGE ( 'NONE', *, *, #2969, .T. ) ;
#1683 = DIRECTION ( 'NONE',  ( -1.000000000000000000, 0.000000000000000000, 7.368736889105026576E-17 ) ) ;
#1684 = LINE ( 'NONE', #1639, #1475 ) ;
#1685 = FACE_OUTER_BOUND ( 'NONE', #3869, .T. ) ;
#1686 = CARTESIAN_POINT ( 'NONE',  ( -620.0000000000004547, 770.0000000000000000, 80.00000000000024158 ) ) ;
#1687 = ORIENTED_EDGE ( 'NONE', *, *, #3123, .F. ) ;
#1688 = CARTESIAN_POINT ( 'NONE',  ( -550.0000000000004547, 770.0000000000000000, -300.0000000000000000 ) ) ;
#1689 = VERTEX_POINT ( 'NONE', #1411 ) ;
#1690 = ADVANCED_FACE ( 'NONE', ( #3233, #1701 ), #2930, .F. ) ;
#1691 = ADVANCED_FACE ( 'NONE', ( #3458 ), #689, .F. ) ;
#1692 = EDGE_CURVE ( 'NONE', #3820, #2319, #883, .T. ) ;
#1693 = DIRECTION ( 'NONE',  ( 0.000000000000000000, -1.000000000000000000, 0.000000000000000000 ) ) ;
#1694 = ADVANCED_FACE ( 'NONE', ( #3252, #2349 ), #1474, .T. ) ;
#1695 = CARTESIAN_POINT ( 'NONE',  ( 519.9999999999994316, 725.7685167991344315, -594.9999999999998863 ) ) ;
#1696 = EDGE_LOOP ( 'NONE', ( #3751, #990, #3067, #3844 ) ) ;
#1697 = ORIENTED_EDGE ( 'NONE', *, *, #907, .T. ) ;
#1698 = CARTESIAN_POINT ( 'NONE',  ( -1119.999999999999773, 767.3753400942018743, 125.0000000000005826 ) ) ;
#1699 = EDGE_LOOP ( 'NONE', ( #3953, #577, #1647 ) ) ;
#1700 = LINE ( 'NONE', #3251, #452 ) ;
#1701 = FACE_OUTER_BOUND ( 'NONE', #1361, .T. ) ;
#1702 = EDGE_CURVE ( 'NONE', #3866, #1146, #2888, .T. ) ;
#1703 = ORIENTED_EDGE ( 'NONE', *, *, #428, .F. ) ;
#1704 = ORIENTED_EDGE ( 'NONE', *, *, #3832, .F. ) ;
#1705 = DIRECTION ( 'NONE',  ( 1.000000000000000000, 0.000000000000000000, 0.000000000000000000 ) ) ;
#1706 = COORDINATED_UNIVERSAL_TIME_OFFSET ( 8, 0, .AHEAD. ) ;
#1707 = AXIS2_PLACEMENT_3D ( 'NONE', #2507, #1545, #3750 ) ;
#1708 = CARTESIAN_POINT ( 'NONE',  ( -1150.000000000000455, 170.0000000000000000, -345.0000000000000000 ) ) ;
#1709 = ORIENTED_EDGE ( 'NONE', *, *, #1525, .F. ) ;
#1710 = VERTEX_POINT ( 'NONE', #3949 ) ;
#1711 = ORIENTED_EDGE ( 'NONE', *, *, #3416, .T. ) ;
#1712 = AXIS2_PLACEMENT_3D ( 'NONE', #2407, #3694, #3634 ) ;
#1713 = DIRECTION ( 'NONE',  ( 0.000000000000000000, 0.000000000000000000, 1.000000000000000000 ) ) ;
#1714 = VECTOR ( 'NONE', #2219, 1000.000000000000000 ) ;
#1715 = EDGE_CURVE ( 'NONE', #1130, #2911, #2053, .T. ) ;
#1716 = FACE_OUTER_BOUND ( 'NONE', #3485, .T. ) ;
#1717 = ADVANCED_FACE ( 'NONE', ( #1494 ), #2727, .F. ) ;
#1718 = LOCAL_TIME ( 14, 14, 1.000000000000000000, #2531 ) ;
#1719 = CYLINDRICAL_SURFACE ( 'NONE', #2694, 70.00000000000005684 ) ;
#1720 = EDGE_CURVE ( 'NONE', #402, #3775, #861, .T. ) ;
#1721 = ORIENTED_EDGE ( 'NONE', *, *, #321, .F. ) ;
#1722 = CARTESIAN_POINT ( 'NONE',  ( -50.00000000000001421, 1740.000000000000000, 1095.000000000000227 ) ) ;
#1723 = VECTOR ( 'NONE', #3986, 1000.000000000000000 ) ;
#1724 = LINE ( 'NONE', #198, #694 ) ;
#1725 = DIRECTION ( 'NONE',  ( 1.000000000000000000, 0.000000000000000000, 0.000000000000000000 ) ) ;
#1726 = DIRECTION ( 'NONE',  ( 0.08715574274766213492, 0.9961946980917452121, -6.422277366820458598E-18 ) ) ;
#1727 = CYLINDRICAL_SURFACE ( 'NONE', #34, 70.00000000000005684 ) ;
#1728 = EDGE_LOOP ( 'NONE', ( #1301, #3302, #1512, #729, #3395, #3478 ) ) ;
#1729 = ORIENTED_EDGE ( 'NONE', *, *, #2588, .T. ) ;
#1730 = CIRCLE ( 'NONE', #2701, 32.49999999999997158 ) ;
#1731 = DIRECTION ( 'NONE',  ( -9.868649107779168700E-17, 0.000000000000000000, -1.000000000000000000 ) ) ;
#1732 = VECTOR ( 'NONE', #2033, 1000.000000000000000 ) ;
#1733 = LINE ( 'NONE', #3911, #2003 ) ;
#1734 = ORIENTED_EDGE ( 'NONE', *, *, #2031, .F. ) ;
#1735 = VERTEX_POINT ( 'NONE', #792 ) ;
#1736 = VERTEX_POINT ( 'NONE', #2116 ) ;
#1737 = ORIENTED_EDGE ( 'NONE', *, *, #3255, .T. ) ;
#1738 = AXIS2_PLACEMENT_3D ( 'NONE', #1948, #1412, #2660 ) ;
#1739 = VECTOR ( 'NONE', #3306, 1000.000000000000000 ) ;
#1740 = ADVANCED_FACE ( 'NONE', ( #3968 ), #3317, .F. ) ;
#1741 = DIRECTION ( 'NONE',  ( 1.000000000000000000, 0.000000000000000000, 0.000000000000000000 ) ) ;
#1742 = VECTOR ( 'NONE', #160, 1000.000000000000000 ) ;
#1743 = LINE ( 'NONE', #3311, #2865 ) ;
#1744 = CARTESIAN_POINT ( 'NONE',  ( -1080.000000000000000, 380.0000000000000000, -246.9999999999999147 ) ) ;
#1745 = CARTESIAN_POINT ( 'NONE',  ( -991.0378370582244543, 1671.519224698778544, 225.0000000000003695 ) ) ;
#1746 = EDGE_CURVE ( 'NONE', #2464, #2397, #1452, .T. ) ;
#1747 = VERTEX_POINT ( 'NONE', #1191 ) ;
#1748 = FACE_OUTER_BOUND ( 'NONE', #1251, .T. ) ;
#1749 = DIRECTION ( 'NONE',  ( 0.000000000000000000, 0.000000000000000000, 1.000000000000000000 ) ) ;
#1750 = EDGE_CURVE ( 'NONE', #1754, #2080, #1541, .T. ) ;
#1751 = CARTESIAN_POINT ( 'NONE',  ( -1150.000000000000227, 170.0000000000000000, -1124.999999999999773 ) ) ;
#1752 = ADVANCED_FACE ( 'NONE', ( #560, #1141 ), #269, .T. ) ;
#1753 = CARTESIAN_POINT ( 'NONE',  ( -914.5445822160862690, 1848.262509962444938, 155.0000000000003126 ) ) ;
#1754 = VERTEX_POINT ( 'NONE', #1770 ) ;
#1755 = ORIENTED_EDGE ( 'NONE', *, *, #1358, .F. ) ;
#1756 = DIRECTION ( 'NONE',  ( 0.000000000000000000, 0.000000000000000000, -1.000000000000000000 ) ) ;
#1757 = ORIENTED_EDGE ( 'NONE', *, *, #3727, .F. ) ;
#1758 = FACE_OUTER_BOUND ( 'NONE', #2967, .T. ) ;
#1759 = EDGE_LOOP ( 'NONE', ( #1045, #1111, #2642, #1778, #1471, #482 ) ) ;
#1760 = ORIENTED_EDGE ( 'NONE', *, *, #1912, .T. ) ;
#1761 = ORIENTED_EDGE ( 'NONE', *, *, #1750, .F. ) ;
#1762 = CARTESIAN_POINT ( 'NONE',  ( 1049.999999999999545, 870.0000000000001137, -1125.000000000000000 ) ) ;
#1763 = LINE ( 'NONE', #3632, #307 ) ;
#1764 = LINE ( 'NONE', #1623, #1089 ) ;
#1765 = CARTESIAN_POINT ( 'NONE',  ( -80.00000000000007105, 1670.000000000000000, -1553.630394101094680 ) ) ;
#1766 = ORIENTED_EDGE ( 'NONE', *, *, #859, .T. ) ;
#1767 = DIRECTION ( 'NONE',  ( 9.868649107779168700E-17, 0.000000000000000000, 1.000000000000000000 ) ) ;
#1768 = PRODUCT_RELATED_PRODUCT_CATEGORY ( 'detail', '', ( #2978 ) ) ;
#1769 =( BOUNDED_CURVE ( )  B_SPLINE_CURVE ( 3, ( #2036, #3261, #1009, #1937 ),
 .UNSPECIFIED., .F., .T. ) 
 B_SPLINE_CURVE_WITH_KNOTS ( ( 4, 4 ),
 ( 9.654113257610061536E-17, 1.570796326794896558 ),
 .UNSPECIFIED. ) 
 CURVE ( )  GEOMETRIC_REPRESENTATION_ITEM ( )  RATIONAL_B_SPLINE_CURVE ( ( 1.000000000000000000, 0.8047378541243649375, 0.8047378541243649375, 1.000000000000000000 ) ) 
 REPRESENTATION_ITEM ( '' )  );
#1770 = CARTESIAN_POINT ( 'NONE',  ( 100.0000000000000711, 970.0000000000001137, 1025.000000000000455 ) ) ;
#1771 = LINE ( 'NONE', #909, #3620 ) ;
#1772 = CARTESIAN_POINT ( 'NONE',  ( 0.000000000000000000, 0.000000000000000000, 0.000000000000000000 ) ) ;
#1773 = ORIENTED_EDGE ( 'NONE', *, *, #437, .T. ) ;
#1774 = VERTEX_POINT ( 'NONE', #3338 ) ;
#1775 = CARTESIAN_POINT ( 'NONE',  ( -80.00000000000007105, 1670.000000000000000, 155.0000000000002558 ) ) ;
#1776 = CARTESIAN_POINT ( 'NONE',  ( 1049.999999999999773, 170.0000000000000000, 1025.000000000000455 ) ) ;
#1777 = ORIENTED_EDGE ( 'NONE', *, *, #3985, .F. ) ;
#1778 = ORIENTED_EDGE ( 'NONE', *, *, #134, .T. ) ;
#1779 = EDGE_LOOP ( 'NONE', ( #2057, #53 ) ) ;
#1780 = VERTEX_POINT ( 'NONE', #840 ) ;
#1781 = VECTOR ( 'NONE', #3940, 1000.000000000000000 ) ;
#1782 = DIRECTION ( 'NONE',  ( 1.000000000000000000, -6.123233995736766036E-17, 0.000000000000000000 ) ) ;
#1783 = AXIS2_PLACEMENT_3D ( 'NONE', #2217, #376, #2881 ) ;
#1784 = CARTESIAN_POINT ( 'NONE',  ( -1119.999999999999773, 29.99999999999989342, 1066.005050633883457 ) ) ;
#1785 = CARTESIAN_POINT ( 'NONE',  ( -370.0000000000001137, 470.0000000000000568, -595.0000000000000000 ) ) ;
#1786 = CIRCLE ( 'NONE', #812, 32.49999999999997158 ) ;
#1787 = CARTESIAN_POINT ( 'NONE',  ( 519.9999999999994316, 130.0000000000000000, -594.9999999999997726 ) ) ;
#1788 = ORIENTED_EDGE ( 'NONE', *, *, #3883, .F. ) ;
#1789 = APPROVAL_PERSON_ORGANIZATION ( #3686, #634, #915 ) ;
#1790 = CARTESIAN_POINT ( 'NONE',  ( 1049.999999999999545, 329.9999999999999432, -1025.000000000000000 ) ) ;
#1791 = AXIS2_PLACEMENT_3D ( 'NONE', #2443, #2148, #529 ) ;
#1792 = CIRCLE ( 'NONE', #1090, 50.00000000000004263 ) ;
#1793 = CARTESIAN_POINT ( 'NONE',  ( -991.0378370582244543, 1671.519224698778771, 1025.000000000000682 ) ) ;
#1794 = CARTESIAN_POINT ( 'NONE',  ( -650.0000000000004547, 770.0000000000000000, 1125.001000000000431 ) ) ;
#1795 = ORIENTED_EDGE ( 'NONE', *, *, #559, .T. ) ;
#1796 = LINE ( 'NONE', #2664, #897 ) ;
#1797 = PERSON_AND_ORGANIZATION ( #293, #1589 ) ;
#1798 = AXIS2_PLACEMENT_3D ( 'NONE', #1088, #2856, #1671 ) ;
#1799 = AXIS2_PLACEMENT_3D ( 'NONE', #1898, #908, #43 ) ;
#1800 = VERTEX_POINT ( 'NONE', #288 ) ;
#1801 = ORIENTED_EDGE ( 'NONE', *, *, #1637, .F. ) ;
#1802 = ORIENTED_EDGE ( 'NONE', *, *, #2976, .T. ) ;
#1803 = AXIS2_PLACEMENT_3D ( 'NONE', #3171, #1923, #2547 ) ;
#1804 = CARTESIAN_POINT ( 'NONE',  ( 919.9999999999998863, 329.9999999999999432, 1095.000000000000227 ) ) ;
#1805 = AXIS2_PLACEMENT_3D ( 'NONE', #3477, #2568, #2866 ) ;
#1806 = LINE ( 'NONE', #1401, #2612 ) ;
#1807 = CARTESIAN_POINT ( 'NONE',  ( -1150.000000000000227, 870.0000000000001137, -1024.999999999999773 ) ) ;
#1808 = DIRECTION ( 'NONE',  ( -1.000000000000000000, 0.000000000000000000, 7.368736889105025344E-17 ) ) ;
#1809 = AXIS2_PLACEMENT_3D ( 'NONE', #1119, #3503, #2029 ) ;
#1810 = DIRECTION ( 'NONE',  ( 0.000000000000000000, 1.000000000000000000, 0.000000000000000000 ) ) ;
#1811 = ORIENTED_EDGE ( 'NONE', *, *, #383, .T. ) ;
#1812 = LINE ( 'NONE', #2698, #2583 ) ;
#1813 = FACE_OUTER_BOUND ( 'NONE', #2582, .T. ) ;
#1814 = FACE_OUTER_BOUND ( 'NONE', #1950, .T. ) ;
#1815 = VERTEX_POINT ( 'NONE', #3619 ) ;
#1816 = CYLINDRICAL_SURFACE ( 'NONE', #1540, 70.00000000000005684 ) ;
#1817 = DIRECTION ( 'NONE',  ( 0.000000000000000000, 1.000000000000000000, 0.000000000000000000 ) ) ;
#1818 = EDGE_LOOP ( 'NONE', ( #1310, #1300, #1757, #138 ) ) ;
#1819 = VERTEX_POINT ( 'NONE', #2077 ) ;
#1820 = ORIENTED_EDGE ( 'NONE', *, *, #988, .F. ) ;
#1821 = ORIENTED_EDGE ( 'NONE', *, *, #2437, .T. ) ;
#1822 = EDGE_CURVE ( 'NONE', #1680, #2621, #3299, .T. ) ;
#1823 = EDGE_CURVE ( 'NONE', #1754, #3808, #2127, .T. ) ;
#1824 = CARTESIAN_POINT ( 'NONE',  ( -930.1405309694780499, 1670.000000000000000, -1553.630394101094680 ) ) ;
#1825 = EDGE_CURVE ( 'NONE', #866, #737, #3901, .T. ) ;
#1826 = CARTESIAN_POINT ( 'NONE',  ( 1371.287572882331006, 1254.977517713075258, 225.0000000000003695 ) ) ;
#1827 = LINE ( 'NONE', #3356, #2108 ) ;
#1828 = CARTESIAN_POINT ( 'NONE',  ( -550.0000000000002274, 1770.000000000000000, 125.0000000000002842 ) ) ;
#1829 = DIRECTION ( 'NONE',  ( 0.000000000000000000, -0.000000000000000000, -1.000000000000000000 ) ) ;
#1830 = FACE_OUTER_BOUND ( 'NONE', #180, .T. ) ;
#1831 = CARTESIAN_POINT ( 'NONE',  ( -1010.000000000000000, 0.000000000000000000, 27.00000000000015632 ) ) ;
#1832 = SPHERICAL_SURFACE ( 'NONE', #324, 100.0000000000000000 ) ;
#1833 = ORIENTED_EDGE ( 'NONE', *, *, #3898, .F. ) ;
#1834 = CARTESIAN_POINT ( 'NONE',  ( -1150.000000000000227, 380.0000000000000000, -246.9999999999999147 ) ) ;
#1835 = LINE ( 'NONE', #3737, #749 ) ;
#1836 = DIRECTION ( 'NONE',  ( 1.000000000000000000, 0.000000000000000000, -9.654113257610057838E-17 ) ) ;
#1837 = ADVANCED_FACE ( 'NONE', ( #2997 ), #3359, .F. ) ;
#1838 = ORIENTED_EDGE ( 'NONE', *, *, #1426, .F. ) ;
#1839 = CARTESIAN_POINT ( 'NONE',  ( 0.000000000000000000, 170.0000000000000000, 80.00000000000022737 ) ) ;
#1840 = CARTESIAN_POINT ( 'NONE',  ( -970.0000000000001137, 470.0000000000000000, -595.0000000000000000 ) ) ;
#1841 = CARTESIAN_POINT ( 'NONE',  ( 0.000000000000000000, 0.000000000000000000, 50.00000000000015632 ) ) ;
#1842 = ADVANCED_FACE ( 'NONE', ( #1830 ), #601, .T. ) ;
#1843 = DIRECTION ( 'NONE',  ( 1.000000000000000000, 0.000000000000000000, 0.000000000000000000 ) ) ;
#1844 = ADVANCED_FACE ( 'NONE', ( #2198 ), #930, .T. ) ;
#1845 = LINE ( 'NONE', #1828, #3136 ) ;
#1846 = AXIS2_PLACEMENT_3D ( 'NONE', #2810, #1829, #3127 ) ;
#1847 = EDGE_CURVE ( 'NONE', #2988, #2607, #190, .T. ) ;
#1848 = DIRECTION ( 'NONE',  ( -1.000000000000000000, 0.000000000000000000, -0.000000000000000000 ) ) ;
#1849 = EDGE_LOOP ( 'NONE', ( #3664, #1485, #101, #2579 ) ) ;
#1850 = AXIS2_PLACEMENT_3D ( 'NONE', #2586, #1933, #3467 ) ;
#1851 = CARTESIAN_POINT ( 'NONE',  ( -650.0000000000004547, 770.0000000000000000, 1125.001000000000431 ) ) ;
#1852 = VECTOR ( 'NONE', #695, 1000.000000000000000 ) ;
#1853 = CARTESIAN_POINT ( 'NONE',  ( 1150.000000000000000, 170.0000000000000000, 1025.000000000000455 ) ) ;
#1854 = ORIENTED_EDGE ( 'NONE', *, *, #164, .T. ) ;
#1855 = DIRECTION ( 'NONE',  ( -0.000000000000000000, -0.000000000000000000, 1.000000000000000000 ) ) ;
#1856 = DIRECTION ( 'NONE',  ( 0.5547001962252290364, 0.8320502943378437211, 0.000000000000000000 ) ) ;
#1857 = DIRECTION ( 'NONE',  ( 9.868649107779168700E-17, -0.000000000000000000, 1.000000000000000000 ) ) ;
#1858 = DIRECTION ( 'NONE',  ( -0.000000000000000000, 1.000000000000000000, 0.000000000000000000 ) ) ;
#1859 = VECTOR ( 'NONE', #1731, 1000.000000000000000 ) ;
#1860 = VECTOR ( 'NONE', #3194, 1000.000000000000000 ) ;
#1861 = CYLINDRICAL_SURFACE ( 'NONE', #625, 32.49999999999997158 ) ;
#1862 = DIRECTION ( 'NONE',  ( -1.000000000000000000, -0.000000000000000000, -0.000000000000000000 ) ) ;
#1863 = EDGE_CURVE ( 'NONE', #385, #3200, #944, .T. ) ;
#1864 = AXIS2_PLACEMENT_3D ( 'NONE', #231, #3243, #2342 ) ;
#1865 = LINE ( 'NONE', #650, #3590 ) ;
#1866 = ORIENTED_EDGE ( 'NONE', *, *, #3688, .F. ) ;
#1867 = AXIS2_PLACEMENT_3D ( 'NONE', #1192, #2436, #1529 ) ;
#1868 = EDGE_CURVE ( 'NONE', #3367, #1599, #305, .T. ) ;
#1869 = ADVANCED_FACE ( 'NONE', ( #3417 ), #1583, .F. ) ;
#1870 = FACE_OUTER_BOUND ( 'NONE', #2714, .T. ) ;
#1871 = EDGE_CURVE ( 'NONE', #1747, #1680, #961, .T. ) ;
#1872 = EDGE_CURVE ( 'NONE', #3168, #403, #2160, .T. ) ;
#1873 = FACE_OUTER_BOUND ( 'NONE', #2297, .T. ) ;
#1874 = EDGE_CURVE ( 'NONE', #3914, #1357, #2141, .T. ) ;
#1875 = CARTESIAN_POINT ( 'NONE',  ( -650.0000000000004547, 770.0000000000000000, 80.00000000000024158 ) ) ;
#1876 = CARTESIAN_POINT ( 'NONE',  ( -970.0000000000001137, 470.0000000000000568, -595.0000000000000000 ) ) ;
#1877 = VERTEX_POINT ( 'NONE', #1884 ) ;
#1878 = PLANE ( 'NONE',  #3191 ) ;
#1879 = CARTESIAN_POINT ( 'NONE',  ( -1080.000000000000000, 380.0000000000000000, -246.9999999999999147 ) ) ;
#1880 = CARTESIAN_POINT ( 'NONE',  ( -1149.999999999999545, 769.9999999999801048, 1083.578643762690717 ) ) ;
#1881 = PLANE ( 'NONE',  #1604 ) ;
#1882 = FACE_OUTER_BOUND ( 'NONE', #3489, .T. ) ;
#1883 = ORIENTED_EDGE ( 'NONE', *, *, #2288, .F. ) ;
#1884 = CARTESIAN_POINT ( 'NONE',  ( -750.0000000000004547, 770.0000000000000000, -300.0000000000000000 ) ) ;
#1885 = DIRECTION ( 'NONE',  ( -1.000000000000000000, 0.000000000000000000, 9.868649107779168700E-17 ) ) ;
#1886 = DIRECTION ( 'NONE',  ( 1.000000000000000000, 0.000000000000000000, 0.000000000000000000 ) ) ;
#1887 = CARTESIAN_POINT ( 'NONE',  ( -948.5000303562161434, 1740.000000000000000, 125.0000000000005258 ) ) ;
#1888 = CALENDAR_DATE ( 2026, 17, 8 ) ;
#1889 = ORIENTED_EDGE ( 'NONE', *, *, #2014, .F. ) ;
#1890 = VERTEX_POINT ( 'NONE', #962 ) ;
#1891 = DIRECTION ( 'NONE',  ( -9.868649107779169933E-17, 0.000000000000000000, -1.000000000000000000 ) ) ;
#1892 =( BOUNDED_CURVE ( )  B_SPLINE_CURVE ( 3, ( #2155, #3071, #1784, #3017 ),
 .UNSPECIFIED., .F., .F. ) 
 B_SPLINE_CURVE_WITH_KNOTS ( ( 4, 4 ),
 ( 1.570796326794896558, 3.141592653589796225 ),
 .UNSPECIFIED. ) 
 CURVE ( )  GEOMETRIC_REPRESENTATION_ITEM ( )  RATIONAL_B_SPLINE_CURVE ( ( 1.000000000000000000, 0.8047378541243643824, 0.8047378541243643824, 1.000000000000000000 ) ) 
 REPRESENTATION_ITEM ( '' )  );
#1893 = CARTESIAN_POINT ( 'NONE',  ( 99.99999999999987210, 870.0000000000001137, -1125.000000000000000 ) ) ;
#1894 = DIRECTION ( 'NONE',  ( -0.000000000000000000, -0.000000000000000000, 1.000000000000000000 ) ) ;
#1895 = DIRECTION ( 'NONE',  ( 0.000000000000000000, 0.000000000000000000, 1.000000000000000000 ) ) ;
#1896 = EDGE_LOOP ( 'NONE', ( #3281, #297 ) ) ;
#1897 = AXIS2_PLACEMENT_3D ( 'NONE', #1363, #424, #723 ) ;
#1898 = CARTESIAN_POINT ( 'NONE',  ( -1149.999999999999545, 170.0000000000000000, 1095.000000000000227 ) ) ;
#1899 = CARTESIAN_POINT ( 'NONE',  ( -20.00000000000001421, 140.0000000000001137, 155.0000000000002558 ) ) ;
#1900 = VECTOR ( 'NONE', #56, 1000.000000000000000 ) ;
#1901 = SPHERICAL_SURFACE ( 'NONE', #3144, 70.00000000000000000 ) ;
#1902 = ADVANCED_FACE ( 'NONE', ( #3108 ), #977, .T. ) ;
#1903 = COORDINATED_UNIVERSAL_TIME_OFFSET ( 8, 0, .AHEAD. ) ;
#1904 = CIRCLE ( 'NONE', #675, 100.0000000000000853 ) ;
#1905 = CARTESIAN_POINT ( 'NONE',  ( -50.00000000000001421, 1740.000000000000000, 155.0000000000002558 ) ) ;
#1906 = ORIENTED_EDGE ( 'NONE', *, *, #1823, .F. ) ;
#1907 = ORIENTED_EDGE ( 'NONE', *, *, #2246, .T. ) ;
#1908 = LINE ( 'NONE', #1608, #1528 ) ;
#1909 = CIRCLE ( 'NONE', #181, 70.00000000000005684 ) ;
#1910 = CARTESIAN_POINT ( 'NONE',  ( -1080.000000000000000, 380.0000000000000000, -226.9999999999999147 ) ) ;
#1911 = VERTEX_POINT ( 'NONE', #2511 ) ;
#1912 = EDGE_CURVE ( 'NONE', #3245, #385, #11, .T. ) ;
#1913 = DIRECTION ( 'NONE',  ( -1.000000000000000000, 0.000000000000000000, 0.000000000000000000 ) ) ;
#1914 = ADVANCED_FACE ( 'NONE', ( #3433 ), #3699, .F. ) ;
#1915 = PLANE ( 'NONE',  #2774 ) ;
#1916 = CARTESIAN_POINT ( 'NONE',  ( 0.000000000000000000, 0.000000000000000000, -345.0000000000000000 ) ) ;
#1917 = ORIENTED_EDGE ( 'NONE', *, *, #3133, .F. ) ;
#1918 = VECTOR ( 'NONE', #2555, 1000.000000000000000 ) ;
#1919 = VERTEX_POINT ( 'NONE', #2789 ) ;
#1920 = AXIS2_PLACEMENT_3D ( 'NONE', #1661, #3454, #535 ) ;
#1921 = DIRECTION ( 'NONE',  ( 0.000000000000000000, 0.000000000000000000, 1.000000000000000000 ) ) ;
#1922 = AXIS2_PLACEMENT_3D ( 'NONE', #2085, #802, #2042 ) ;
#1923 = DIRECTION ( 'NONE',  ( 0.000000000000000000, -1.000000000000000000, 0.000000000000000000 ) ) ;
#1924 = SHAPE_DEFINITION_REPRESENTATION ( #1443, #2585 ) ;
#1925 = CARTESIAN_POINT ( 'NONE',  ( -1049.999999999999318, 300.0000000000000568, -1553.630394101094680 ) ) ;
#1926 = CIRCLE ( 'NONE', #1867, 70.00000000000005684 ) ;
#1927 = ORIENTED_EDGE ( 'NONE', *, *, #1962, .F. ) ;
#1928 = VERTEX_POINT ( 'NONE', #2182 ) ;
#1929 = ORIENTED_EDGE ( 'NONE', *, *, #541, .T. ) ;
#1930 = LINE ( 'NONE', #3003, #114 ) ;
#1931 = ORIENTED_EDGE ( 'NONE', *, *, #1158, .T. ) ;
#1932 = FACE_OUTER_BOUND ( 'NONE', #3868, .T. ) ;
#1933 = DIRECTION ( 'NONE',  ( -9.868649107779168700E-17, 0.000000000000000000, -1.000000000000000000 ) ) ;
#1934 = ADVANCED_FACE ( 'NONE', ( #1253, #1870 ), #2477, .T. ) ;
#1935 = CARTESIAN_POINT ( 'NONE',  ( 919.9999999999994316, 329.9999999999999432, -1094.999999999999773 ) ) ;
#1936 = CARTESIAN_POINT ( 'NONE',  ( 0.000000000000000000, 170.0000000000000000, 27.00000000000015632 ) ) ;
#1937 = CARTESIAN_POINT ( 'NONE',  ( -1050.000000000000000, 100.0000000000000000, -1124.999999999999773 ) ) ;
#1938 = ADVANCED_FACE ( 'NONE', ( #1564 ), #2799, .F. ) ;
#1939 = CARTESIAN_POINT ( 'NONE',  ( -1150.000000000000227, 870.0000000000001137, -1094.999999999999773 ) ) ;
#1940 = EDGE_LOOP ( 'NONE', ( #1437, #3562, #229, #2688 ) ) ;
#1941 = VERTEX_POINT ( 'NONE', #2544 ) ;
#1942 = FACE_OUTER_BOUND ( 'NONE', #81, .T. ) ;
#1943 = VERTEX_POINT ( 'NONE', #1618 ) ;
#1944 = DIRECTION ( 'NONE',  ( -0.000000000000000000, 1.000000000000000000, -0.000000000000000000 ) ) ;
#1945 = CARTESIAN_POINT ( 'NONE',  ( 0.000000000000000000, 470.0000000000001137, -375.0000000000000000 ) ) ;
#1946 = LINE ( 'NONE', #410, #3327 ) ;
#1947 = DIRECTION ( 'NONE',  ( 1.000000000000000000, 0.000000000000000000, 0.000000000000000000 ) ) ;
#1948 = CARTESIAN_POINT ( 'NONE',  ( -930.1405309694780499, 1670.000000000000000, -1553.630394101094680 ) ) ;
#1949 = ORIENTED_EDGE ( 'NONE', *, *, #1123, .F. ) ;
#1950 = EDGE_LOOP ( 'NONE', ( #3547, #1375, #1761 ) ) ;
#1951 = ORIENTED_EDGE ( 'NONE', *, *, #2685, .T. ) ;
#1952 = ORIENTED_EDGE ( 'NONE', *, *, #666, .F. ) ;
#1953 = ADVANCED_FACE ( 'NONE', ( #1601 ), #1304, .T. ) ;
#1954 = CARTESIAN_POINT ( 'NONE',  ( -550.0000000000003411, 170.0000000000000000, 80.00000000000022737 ) ) ;
#1955 = CARTESIAN_POINT ( 'NONE',  ( -1119.999999999999773, 140.0000000000000000, 155.0000000000003411 ) ) ;
#1956 = ORIENTED_EDGE ( 'NONE', *, *, #1997, .T. ) ;
#1957 = CARTESIAN_POINT ( 'NONE',  ( -1050.000000000000000, 870.0000000000001137, -914.9999999999998863 ) ) ;
#1958 = FACE_OUTER_BOUND ( 'NONE', #3840, .T. ) ;
#1959 = FACE_BOUND ( 'NONE', #52, .T. ) ;
#1960 = ORIENTED_EDGE ( 'NONE', *, *, #1637, .T. ) ;
#1961 = ADVANCED_FACE ( 'NONE', ( #79 ), #1318, .F. ) ;
#1962 = EDGE_CURVE ( 'NONE', #2346, #3168, #2593, .T. ) ;
#1963 = LINE ( 'NONE', #1039, #3533 ) ;
#1964 = ORIENTED_EDGE ( 'NONE', *, *, #1326, .F. ) ;
#1965 = DIRECTION ( 'NONE',  ( -0.000000000000000000, -0.000000000000000000, 1.000000000000000000 ) ) ;
#1966 = LINE ( 'NONE', #3192, #3739 ) ;
#1967 = VECTOR ( 'NONE', #2523, 1000.000000000000000 ) ;
#1968 = ADVANCED_FACE ( 'NONE', ( #64 ), #3214, .T. ) ;
#1969 = CARTESIAN_POINT ( 'NONE',  ( 1049.999999999999773, 100.0000000000000000, 1025.000000000000000 ) ) ;
#1970 = AXIS2_PLACEMENT_3D ( 'NONE', #3674, #1283, #616 ) ;
#1971 = CARTESIAN_POINT ( 'NONE',  ( -1149.999999999999545, 100.0000000000000000, 1025.000000000000227 ) ) ;
#1972 = CARTESIAN_POINT ( 'NONE',  ( -1150.000000000000455, 970.0000000000002274, -345.0000000000000000 ) ) ;
#1973 = ORIENTED_EDGE ( 'NONE', *, *, #516, .T. ) ;
#1974 = CARTESIAN_POINT ( 'NONE',  ( -1.450691418843537964E-13, 870.0000000000001137, -345.0000000000000568 ) ) ;
#1975 = ORIENTED_EDGE ( 'NONE', *, *, #436, .F. ) ;
#1976 = AXIS2_PLACEMENT_3D ( 'NONE', #1893, #697, #1378 ) ;
#1977 = DIRECTION ( 'NONE',  ( -0.9848077530122081313, 0.1736481776669295818, -8.418150919503156479E-19 ) ) ;
#1978 = CARTESIAN_POINT ( 'NONE',  ( 1049.999999999999545, 870.0000000000001137, -1025.000000000000000 ) ) ;
#1979 = AXIS2_PLACEMENT_3D ( 'NONE', #3290, #281, #1245 ) ;
#1980 = EDGE_LOOP ( 'NONE', ( #3325, #1984, #3596, #2737 ) ) ;
#1981 = PRODUCT_DEFINITION_FORMATION_WITH_SPECIFIED_SOURCE ( '�', '', #2978, .NOT_KNOWN. ) ;
#1982 = VECTOR ( 'NONE', #2265, 1000.000000000000000 ) ;
#1983 = CARTESIAN_POINT ( 'NONE',  ( -1050.000000000000000, 940.0000000000001137, -1024.999999999999773 ) ) ;
#1984 = ORIENTED_EDGE ( 'NONE', *, *, #1874, .T. ) ;
#1985 = ORIENTED_EDGE ( 'NONE', *, *, #492, .F. ) ;
#1986 = CARTESIAN_POINT ( 'NONE',  ( -1080.000000000000000, 380.0000000000000000, 27.00000000000015632 ) ) ;
#1987 = ORIENTED_EDGE ( 'NONE', *, *, #3008, .T. ) ;
#1988 = VECTOR ( 'NONE', #2635, 1000.000000000000114 ) ;
#1989 = CARTESIAN_POINT ( 'NONE',  ( -1150.000000000000227, 500.0000000000000000, -914.9999999999998863 ) ) ;
#1990 = CARTESIAN_POINT ( 'NONE',  ( -948.5000303562161434, 1740.000000000000000, 155.0000000000003126 ) ) ;
#1991 = EDGE_CURVE ( 'NONE', #3164, #2559, #2527, .T. ) ;
#1992 = AXIS2_PLACEMENT_3D ( 'NONE', #1744, #2972, #2071 ) ;
#1993 = AXIS2_PLACEMENT_3D ( 'NONE', #2848, #3855, #1634 ) ;
#1994 = CARTESIAN_POINT ( 'NONE',  ( -970.0000000000002274, 780.0000000000000000, -595.0000000000000000 ) ) ;
#1995 = ADVANCED_FACE ( 'NONE', ( #104 ), #2241, .F. ) ;
#1996 = DIRECTION ( 'NONE',  ( 0.000000000000000000, -1.000000000000000000, 0.000000000000000000 ) ) ;
#1997 = EDGE_CURVE ( 'NONE', #403, #3030, #1054, .T. ) ;
#1998 = DIRECTION ( 'NONE',  ( -0.000000000000000000, -0.000000000000000000, -1.000000000000000000 ) ) ;
#1999 = VECTOR ( 'NONE', #3175, 1000.000000000000000 ) ;
#2000 = FACE_OUTER_BOUND ( 'NONE', #3286, .T. ) ;
#2001 = ORIENTED_EDGE ( 'NONE', *, *, #2528, .F. ) ;
#2002 = ORIENTED_EDGE ( 'NONE', *, *, #1303, .T. ) ;
#2003 = VECTOR ( 'NONE', #207, 1000.000000000000000 ) ;
#2004 = DIRECTION ( 'NONE',  ( 0.000000000000000000, 0.000000000000000000, -1.000000000000000000 ) ) ;
#2005 = DIRECTION ( 'NONE',  ( 1.000000000000000000, 0.000000000000000000, -9.654113257610057838E-17 ) ) ;
#2006 = EDGE_CURVE ( 'NONE', #2423, #3118, #1963, .T. ) ;
#2007 = ORIENTED_EDGE ( 'NONE', *, *, #721, .F. ) ;
#2008 = FACE_OUTER_BOUND ( 'NONE', #1728, .T. ) ;
#2009 = CARTESIAN_POINT ( 'NONE',  ( 29.99999999999998934, 870.0000000000001137, 1025.000000000000000 ) ) ;
#2010 = EDGE_LOOP ( 'NONE', ( #3385, #224, #717, #1001 ) ) ;
#2011 = ORIENTED_EDGE ( 'NONE', *, *, #3722, .F. ) ;
#2012 = CARTESIAN_POINT ( 'NONE',  ( -1080.000000000000000, 380.0000000000000000, 7.000000000000162537 ) ) ;
#2013 = APPROVAL_STATUS ( 'not_yet_approved' ) ;
#2014 = EDGE_CURVE ( 'NONE', #3118, #208, #2910, .T. ) ;
#2015 = EDGE_CURVE ( 'NONE', #2788, #1055, #1792, .T. ) ;
#2016 = CARTESIAN_POINT ( 'NONE',  ( -620.0000000000004547, 770.0000000000000000, -1125.000999999999976 ) ) ;
#2017 = DIRECTION ( 'NONE',  ( -0.000000000000000000, -0.000000000000000000, 1.000000000000000000 ) ) ;
#2018 = VERTEX_POINT ( 'NONE', #1658 ) ;
#2019 = DIRECTION ( 'NONE',  ( 0.000000000000000000, 0.000000000000000000, 1.000000000000000000 ) ) ;
#2020 = ORIENTED_EDGE ( 'NONE', *, *, #921, .F. ) ;
#2021 = ADVANCED_FACE ( 'NONE', ( #3811 ), #2832, .F. ) ;
#2022 = CARTESIAN_POINT ( 'NONE',  ( 1049.999999999999545, 100.0000000000000000, -1025.000000000000000 ) ) ;
#2023 = ORIENTED_EDGE ( 'NONE', *, *, #156, .T. ) ;
#2024 = DIRECTION ( 'NONE',  ( -1.000000000000000000, 0.000000000000000000, 0.000000000000000000 ) ) ;
#2025 = VERTEX_POINT ( 'NONE', #128 ) ;
#2026 = CARTESIAN_POINT ( 'NONE',  ( -1150.000000000000227, 100.0000000000000000, -1024.999999999999773 ) ) ;
#2027 = CARTESIAN_POINT ( 'NONE',  ( 0.000000000000000000, -70.00000000000000000, 400.0000000000000000 ) ) ;
#2028 = CARTESIAN_POINT ( 'NONE',  ( 100.0000000000000853, 870.0000000000001137, 1025.000000000000000 ) ) ;
#2029 = DIRECTION ( 'NONE',  ( 0.000000000000000000, 1.000000000000000000, 0.000000000000000000 ) ) ;
#2030 = ORIENTED_EDGE ( 'NONE', *, *, #3508, .F. ) ;
#2031 = EDGE_CURVE ( 'NONE', #2476, #2169, #2891, .T. ) ;
#2032 = EDGE_LOOP ( 'NONE', ( #2927, #1200, #2239, #1956, #62, #1931 ) ) ;
#2033 = DIRECTION ( 'NONE',  ( -1.000000000000000000, -0.000000000000000000, -0.000000000000000000 ) ) ;
#2034 = MECHANICAL_CONTEXT ( 'NONE', #771, 'mechanical' ) ;
#2035 = AXIS2_PLACEMENT_3D ( 'NONE', #1695, #3148, #148 ) ;
#2036 = CARTESIAN_POINT ( 'NONE',  ( -1150.000000000000227, 0.000000000000000000, -1024.999999999999773 ) ) ;
#2037 = DIRECTION ( 'NONE',  ( 1.000000000000000000, 0.000000000000000000, 0.000000000000000000 ) ) ;
#2038 = LINE ( 'NONE', #2666, #3410 ) ;
#2039 = ORIENTED_EDGE ( 'NONE', *, *, #2761, .T. ) ;
#2040 = ORIENTED_EDGE ( 'NONE', *, *, #3853, .F. ) ;
#2041 = ORIENTED_EDGE ( 'NONE', *, *, #2170, .F. ) ;
#2042 = DIRECTION ( 'NONE',  ( 0.000000000000000000, 0.000000000000000000, 1.000000000000000000 ) ) ;
#2043 = ORIENTED_EDGE ( 'NONE', *, *, #4014, .F. ) ;
#2044 = ADVANCED_FACE ( 'NONE', ( #1942 ), #1366, .F. ) ;
#2045 = DIRECTION ( 'NONE',  ( 1.000000000000000000, 0.000000000000000000, 0.000000000000000000 ) ) ;
#2046 = EDGE_CURVE ( 'NONE', #417, #2319, #1476, .T. ) ;
#2047 = ADVANCED_FACE ( 'NONE', ( #1681 ), #170, .T. ) ;
#2048 = CARTESIAN_POINT ( 'NONE',  ( -1150.000000000000227, 0.000000000000000000, -1024.999999999999773 ) ) ;
#2049 = VERTEX_POINT ( 'NONE', #877 ) ;
#2050 = DIRECTION ( 'NONE',  ( -0.000000000000000000, -0.000000000000000000, 1.000000000000000000 ) ) ;
#2051 = DIRECTION ( 'NONE',  ( 1.000000000000000000, 0.000000000000000000, 0.000000000000000000 ) ) ;
#2052 = CLOSED_SHELL ( 'NONE', ( #83, #3039, #3336, #2180, #1869, #1282, #3710, #2659, #2712, #1914, #3097, #2633, #2522, #3517, #2125, #2985, #2283, #958, #1171, #1717, #1213, #3910, #699, #3269, #1842, #701, #2526, #3752, #1323, #3707, #3766, #3729, #1550, #1331, #2284, #1690, #2021, #280, #2874, #1995, #303, #2176, #2540, #1451, #168, #860, #3368, #3552, #982, #1166, #3160, #3353, #3004, #939, #1961, #2151, #237, #1161, #1188, #999, #568, #2923, #1837, #2354, #2674, #2690, #3115, #220, #1242, #687, #3579, #1844, #663, #2439, #1455, #2405, #2047, #2215, #3657, #3110, #1539, #1609, #1953, #435, #2044, #4000, #832, #782, #1674, #2718, #2444, #2388, #1460, #3241, #3060, #2792, #1557, #963, #1938, #1149, #1032, #3149, #2359, #3981, #582, #1968, #405, #1574, #2657, #885, #1203, #2589, #378, #1508, #1691, #655, #611, #862, #1934, #593, #830, #1302, #3098, #16, #1902, #1101, #1752, #540, #295, #1694, #1740, #2303 ) ) ;
#2053 = LINE ( 'NONE', #2677, #1988 ) ;
#2054 = LINE ( 'NONE', #2598, #644 ) ;
#2055 = ORIENTED_EDGE ( 'NONE', *, *, #1279, .T. ) ;
#2056 = VECTOR ( 'NONE', #1602, 1000.000000000000000 ) ;
#2057 = ORIENTED_EDGE ( 'NONE', *, *, #533, .F. ) ;
#2058 = AXIS2_PLACEMENT_3D ( 'NONE', #3572, #1434, #2658 ) ;
#2059 = CARTESIAN_POINT ( 'NONE',  ( -1119.999999999999773, 170.0000000000000000, 155.0000000000002558 ) ) ;
#2060 = DIRECTION ( 'NONE',  ( -0.000000000000000000, 1.000000000000000000, 0.000000000000000000 ) ) ;
#2061 = VECTOR ( 'NONE', #3446, 1000.000000000000000 ) ;
#2062 = CARTESIAN_POINT ( 'NONE',  ( -970.0000000000002274, 470.0000000000000568, -945.0000000000000000 ) ) ;
#2063 = ORIENTED_EDGE ( 'NONE', *, *, #357, .T. ) ;
#2064 = VERTEX_POINT ( 'NONE', #2653 ) ;
#2065 = PLANE ( 'NONE',  #1864 ) ;
#2066 = ORIENTED_EDGE ( 'NONE', *, *, #3826, .T. ) ;
#2067 = CARTESIAN_POINT ( 'NONE',  ( -1150.000000000000455, 2359.568278279264632, -375.0000000000000000 ) ) ;
#2068 = VECTOR ( 'NONE', #3639, 1000.000000000000000 ) ;
#2069 = CARTESIAN_POINT ( 'NONE',  ( -1080.000000000000000, 380.0000000000000000, 27.00000000000016342 ) ) ;
#2070 = CC_DESIGN_PERSON_AND_ORGANIZATION_ASSIGNMENT ( #2683, #3507, ( #2978 ) ) ;
#2071 = DIRECTION ( 'NONE',  ( 1.000000000000000000, 0.000000000000000000, 0.000000000000000000 ) ) ;
#2072 = CARTESIAN_POINT ( 'NONE',  ( -1010.000000000000000, 380.0000000000000000, -269.9999999999998863 ) ) ;
#2073 = EDGE_CURVE ( 'NONE', #195, #2675, #3295, .T. ) ;
#2074 = CARTESIAN_POINT ( 'NONE',  ( -1103.090949642940814, 863.2713299711925856, 225.0000000000004832 ) ) ;
#2075 = ORIENTED_EDGE ( 'NONE', *, *, #1103, .F. ) ;
#2076 = DIRECTION ( 'NONE',  ( 2.960594732333750610E-16, 0.000000000000000000, 1.000000000000000000 ) ) ;
#2077 = CARTESIAN_POINT ( 'NONE',  ( -80.00000000000007105, 300.0000000000000568, 125.0000000000001421 ) ) ;
#2078 = CARTESIAN_POINT ( 'NONE',  ( 919.9999999999994316, 30.00000000000000000, -1025.000000000000000 ) ) ;
#2079 = CARTESIAN_POINT ( 'NONE',  ( -1150.000000000000000, 170.0000000000000000, -269.9999999999998863 ) ) ;
#2080 = VERTEX_POINT ( 'NONE', #215 ) ;
#2081 = ORIENTED_EDGE ( 'NONE', *, *, #1432, .F. ) ;
#2082 = LINE ( 'NONE', #3577, #3139 ) ;
#2083 = ORIENTED_EDGE ( 'NONE', *, *, #301, .F. ) ;
#2084 = ORIENTED_EDGE ( 'NONE', *, *, #3524, .F. ) ;
#2085 = CARTESIAN_POINT ( 'NONE',  ( 919.9999999999998863, 100.0000000000000000, 1025.000000000000227 ) ) ;
#2086 = EDGE_LOOP ( 'NONE', ( #2336, #2845, #2715, #3613 ) ) ;
#2087 = EDGE_CURVE ( 'NONE', #121, #3982, #2345, .T. ) ;
#2088 = CYLINDRICAL_SURFACE ( 'NONE', #3073, 99.99999999999997158 ) ;
#2089 = CARTESIAN_POINT ( 'NONE',  ( 29.99999999999985079, 140.0000000000000000, -375.0000000000000000 ) ) ;
#2090 = FACE_OUTER_BOUND ( 'NONE', #3002, .T. ) ;
#2091 = CARTESIAN_POINT ( 'NONE',  ( -1049.999999999999318, 100.0000000000000000, 1125.000000000000227 ) ) ;
#2092 = DIRECTION ( 'NONE',  ( 1.000000000000000000, 0.000000000000000000, 0.000000000000000000 ) ) ;
#2093 = VERTEX_POINT ( 'NONE', #3274 ) ;
#2094 = CARTESIAN_POINT ( 'NONE',  ( -650.0000000000004547, 770.0000000000000000, 80.00000000000022737 ) ) ;
#2095 = CARTESIAN_POINT ( 'NONE',  ( -1047.500000000000000, 380.0000000000000000, -226.9999999999999147 ) ) ;
#2096 = DIRECTION ( 'NONE',  ( -1.000000000000000000, 0.000000000000000000, -0.000000000000000000 ) ) ;
#2097 = DIRECTION ( 'NONE',  ( 0.000000000000000000, 0.000000000000000000, -1.000000000000000000 ) ) ;
#2098 = VERTEX_POINT ( 'NONE', #2366 ) ;
#2099 = DIRECTION ( 'NONE',  ( 0.5547001962252291474, 0.8320502943378437211, 0.000000000000000000 ) ) ;
#2100 = EDGE_CURVE ( 'NONE', #341, #385, #3330, .T. ) ;
#2101 = CYLINDRICAL_SURFACE ( 'NONE', #3929, 70.00000000000005684 ) ;
#2102 = ORIENTED_EDGE ( 'NONE', *, *, #3431, .F. ) ;
#2103 = EDGE_LOOP ( 'NONE', ( #3602, #1395, #2392, #3514, #3563 ) ) ;
#2104 = ORIENTED_EDGE ( 'NONE', *, *, #676, .T. ) ;
#2105 = ORIENTED_EDGE ( 'NONE', *, *, #1552, .T. ) ;
#2106 = VECTOR ( 'NONE', #3962, 1000.000000000000000 ) ;
#2107 = DIRECTION ( 'NONE',  ( -1.000000000000000000, 0.000000000000000000, -0.000000000000000000 ) ) ;
#2108 = VECTOR ( 'NONE', #1808, 1000.000000000000000 ) ;
#2109 = DIRECTION ( 'NONE',  ( -0.000000000000000000, -0.000000000000000000, -1.000000000000000000 ) ) ;
#2110 = LINE ( 'NONE', #554, #169 ) ;
#2111 = VECTOR ( 'NONE', #3538, 1000.000000000000000 ) ;
#2112 = CYLINDRICAL_SURFACE ( 'NONE', #3218, 100.0000000000000853 ) ;
#2113 = ORIENTED_EDGE ( 'NONE', *, *, #3797, .T. ) ;
#2114 = CARTESIAN_POINT ( 'NONE',  ( -1120.000000000000000, 870.0000000000001137, -1124.999999999999773 ) ) ;
#2115 = VECTOR ( 'NONE', #132, 1000.000000000000000 ) ;
#2116 = CARTESIAN_POINT ( 'NONE',  ( 1149.999999999999773, 870.0000000000001137, -1025.000000000000000 ) ) ;
#2117 = AXIS2_PLACEMENT_3D ( 'NONE', #1113, #3587, #809 ) ;
#2118 = CYLINDRICAL_SURFACE ( 'NONE', #964, 30.00000000000002842 ) ;
#2119 = EDGE_CURVE ( 'NONE', #1911, #3742, #2629, .T. ) ;
#2120 = ORIENTED_EDGE ( 'NONE', *, *, #317, .F. ) ;
#2121 = LINE ( 'NONE', #845, #3406 ) ;
#2122 = EDGE_CURVE ( 'NONE', #2744, #1181, #3879, .T. ) ;
#2123 = AXIS2_PLACEMENT_3D ( 'NONE', #778, #441, #1373 ) ;
#2124 = CARTESIAN_POINT ( 'NONE',  ( -1047.500000000000000, 380.0000000000000000, -246.9999999999999147 ) ) ;
#2125 = ADVANCED_FACE ( 'NONE', ( #2673 ), #1719, .F. ) ;
#2126 = CIRCLE ( 'NONE', #3676, 99.99999999999997158 ) ;
#2127 = CIRCLE ( 'NONE', #2058, 99.99999999999998579 ) ;
#2128 = ORIENTED_EDGE ( 'NONE', *, *, #1410, .F. ) ;
#2129 = VERTEX_POINT ( 'NONE', #2074 ) ;
#2130 = ORIENTED_EDGE ( 'NONE', *, *, #3884, .F. ) ;
#2131 = VECTOR ( 'NONE', #3217, 1000.000000000000000 ) ;
#2132 = DIRECTION ( 'NONE',  ( 0.000000000000000000, 0.000000000000000000, -1.000000000000000000 ) ) ;
#2133 = PLANE ( 'NONE',  #1333 ) ;
#2134 = AXIS2_PLACEMENT_3D ( 'NONE', #2358, #3584, #785 ) ;
#2135 = CYLINDRICAL_SURFACE ( 'NONE', #3345, 70.00000000000005684 ) ;
#2136 = DIRECTION ( 'NONE',  ( 0.000000000000000000, 1.000000000000000000, -0.000000000000000000 ) ) ;
#2137 = AXIS2_PLACEMENT_3D ( 'NONE', #2370, #3360, #2678 ) ;
#2138 = DIRECTION ( 'NONE',  ( 0.000000000000000000, 0.000000000000000000, -1.000000000000000000 ) ) ;
#2139 = CARTESIAN_POINT ( 'NONE',  ( -20.00000000000001776, 170.0000000000000000, 125.0000000000002558 ) ) ;
#2140 = EDGE_CURVE ( 'NONE', #489, #2517, #2950, .T. ) ;
#2141 = LINE ( 'NONE', #652, #3398 ) ;
#2142 = DIRECTION ( 'NONE',  ( 1.041121822320096831E-16, -1.000000000000000000, -7.671752778182347406E-33 ) ) ;
#2143 = AXIS2_PLACEMENT_3D ( 'NONE', #2094, #2995, #2411 ) ;
#2144 = DIRECTION ( 'NONE',  ( 1.000000000000000000, 0.000000000000000000, -9.654113257610057838E-17 ) ) ;
#2145 = ORIENTED_EDGE ( 'NONE', *, *, #815, .F. ) ;
#2146 = DIRECTION ( 'NONE',  ( -1.000000000000000000, 0.000000000000000000, 0.000000000000000000 ) ) ;
#2147 = CARTESIAN_POINT ( 'NONE',  ( 1049.999999999999773, 100.0000000000000000, 1025.000000000000455 ) ) ;
#2148 = DIRECTION ( 'NONE',  ( 0.000000000000000000, 0.000000000000000000, -1.000000000000000000 ) ) ;
#2149 = ORIENTED_EDGE ( 'NONE', *, *, #445, .F. ) ;
#2150 = ORIENTED_EDGE ( 'NONE', *, *, #188, .F. ) ;
#2151 = ADVANCED_FACE ( 'NONE', ( #537 ), #474, .F. ) ;
#2152 = EDGE_CURVE ( 'NONE', #572, #208, #194, .T. ) ;
#2153 = LINE ( 'NONE', #594, #3195 ) ;
#2154 = DIRECTION ( 'NONE',  ( -0.000000000000000000, -0.000000000000000000, -1.000000000000000000 ) ) ;
#2155 = CARTESIAN_POINT ( 'NONE',  ( -1049.999999999999318, 100.0000000000000000, 1095.000000000000227 ) ) ;
#2156 = CARTESIAN_POINT ( 'NONE',  ( 919.9999999999994316, 100.0000000000000000, -1024.999999999999773 ) ) ;
#2157 = LINE ( 'NONE', #1281, #1221 ) ;
#2158 = CARTESIAN_POINT ( 'NONE',  ( 1049.999999999999545, 170.0000000000000000, -1025.000000000000000 ) ) ;
#2159 = ORIENTED_EDGE ( 'NONE', *, *, #596, .F. ) ;
#2160 = LINE ( 'NONE', #1549, #1723 ) ;
#2161 = DIRECTION ( 'NONE',  ( 0.000000000000000000, -1.000000000000000000, -0.000000000000000000 ) ) ;
#2162 = DIRECTION ( 'NONE',  ( -0.000000000000000000, -0.000000000000000000, -1.000000000000000000 ) ) ;
#2163 = ORIENTED_EDGE ( 'NONE', *, *, #3123, .T. ) ;
#2164 = FACE_OUTER_BOUND ( 'NONE', #3954, .T. ) ;
#2165 = DIRECTION ( 'NONE',  ( 0.8320502943378437211, -0.5547001962252290364, 0.000000000000000000 ) ) ;
#2166 = LINE ( 'NONE', #3100, #2433 ) ;
#2167 = AXIS2_PLACEMENT_3D ( 'NONE', #2974, #3250, #2726 ) ;
#2168 = CARTESIAN_POINT ( 'NONE',  ( 919.9999999999998863, 30.00000000000000000, 1025.000000000000000 ) ) ;
#2169 = VERTEX_POINT ( 'NONE', #2926 ) ;
#2170 = EDGE_CURVE ( 'NONE', #2340, #3820, #50, .T. ) ;
#2171 = CARTESIAN_POINT ( 'NONE',  ( -30.00000000000006395, 500.0000000000001137, -345.0000000000000000 ) ) ;
#2172 = EDGE_CURVE ( 'NONE', #2340, #417, #3943, .T. ) ;
#2173 = CARTESIAN_POINT ( 'NONE',  ( -970.0000000000001137, 330.0000000000000000, -1095.000000000000000 ) ) ;
#2174 = LINE ( 'NONE', #631, #808 ) ;
#2175 = CARTESIAN_POINT ( 'NONE',  ( -1120.000000000000000, 30.00000000000001776, -1066.005050633883002 ) ) ;
#2176 = ADVANCED_FACE ( 'NONE', ( #2408 ), #3567, .F. ) ;
#2177 = VECTOR ( 'NONE', #2990, 1000.000000000000000 ) ;
#2178 = DIRECTION ( 'NONE',  ( 1.000000000000000000, 0.000000000000000000, -9.868649107779169933E-17 ) ) ;
#2179 = ORIENTED_EDGE ( 'NONE', *, *, #3706, .T. ) ;
#2180 = ADVANCED_FACE ( 'NONE', ( #855 ), #1491, .T. ) ;
#2181 = AXIS2_PLACEMENT_3D ( 'NONE', #3204, #3761, #2859 ) ;
#2182 = CARTESIAN_POINT ( 'NONE',  ( -550.0000000000004547, 770.0000000000000000, 80.00000000000022737 ) ) ;
#2183 = VECTOR ( 'NONE', #1148, 1000.000000000000000 ) ;
#2184 = CARTESIAN_POINT ( 'NONE',  ( 1049.999999999999545, 329.9999999999999432, -1094.999999999999773 ) ) ;
#2185 = CYLINDRICAL_SURFACE ( 'NONE', #960, 50.00000000000004263 ) ;
#2186 = CARTESIAN_POINT ( 'NONE',  ( -1150.000000000000455, 170.0000000000000000, -300.0000000000000000 ) ) ;
#2187 = VERTEX_POINT ( 'NONE', #2048 ) ;
#2188 = DIRECTION ( 'NONE',  ( 0.000000000000000000, 0.000000000000000000, 1.000000000000000000 ) ) ;
#2189 =( BOUNDED_CURVE ( )  B_SPLINE_CURVE ( 3, ( #2548, #153, #2897, #1468 ),
 .UNSPECIFIED., .F., .F. ) 
 B_SPLINE_CURVE_WITH_KNOTS ( ( 4, 4 ),
 ( 4.712388980384689674, 6.283185307179586232 ),
 .UNSPECIFIED. ) 
 CURVE ( )  GEOMETRIC_REPRESENTATION_ITEM ( )  RATIONAL_B_SPLINE_CURVE ( ( 1.000000000000000000, 0.8047378541243649375, 0.8047378541243649375, 1.000000000000000000 ) ) 
 REPRESENTATION_ITEM ( '' )  );
#2190 = CIRCLE ( 'NONE', #3616, 70.00000000000005684 ) ;
#2191 = DIRECTION ( 'NONE',  ( 0.000000000000000000, 1.000000000000000000, 0.000000000000000000 ) ) ;
#2192 = CIRCLE ( 'NONE', #2240, 99.99999999999997158 ) ;
#2193 = VECTOR ( 'NONE', #2696, 1000.000000000000000 ) ;
#2194 = DIRECTION ( 'NONE',  ( -0.000000000000000000, -1.000000000000000000, -0.000000000000000000 ) ) ;
#2195 = DIRECTION ( 'NONE',  ( 1.000000000000000000, 0.000000000000000000, 0.000000000000000000 ) ) ;
#2196 = CARTESIAN_POINT ( 'NONE',  ( 29.99999999999998934, 140.0000000000000000, 1025.000000000000000 ) ) ;
#2197 = ORIENTED_EDGE ( 'NONE', *, *, #2465, .T. ) ;
#2198 = FACE_OUTER_BOUND ( 'NONE', #3047, .T. ) ;
#2199 = CARTESIAN_POINT ( 'NONE',  ( -930.1405309694781636, 1670.000000000000000, 1125.000000000000227 ) ) ;
#2200 = CARTESIAN_POINT ( 'NONE',  ( 919.9999999999994316, 329.9999999999999432, -1094.999999999999773 ) ) ;
#2201 = DIRECTION ( 'NONE',  ( 0.000000000000000000, 0.000000000000000000, 1.000000000000000000 ) ) ;
#2202 = ORIENTED_EDGE ( 'NONE', *, *, #666, .T. ) ;
#2203 = EDGE_LOOP ( 'NONE', ( #2023, #1949, #520, #3718, #2854 ) ) ;
#2204 = CARTESIAN_POINT ( 'NONE',  ( 29.99999999999977618, 970.0000000000001137, -1125.000000000000000 ) ) ;
#2205 = CARTESIAN_POINT ( 'NONE',  ( -370.0000000000001137, 330.0000000000000000, -1095.000000000000000 ) ) ;
#2206 = DIRECTION ( 'NONE',  ( 1.000000000000000000, 0.000000000000000000, 0.000000000000000000 ) ) ;
#2207 = CARTESIAN_POINT ( 'NONE',  ( -370.0000000000002274, 470.0000000000000568, -945.0000000000000000 ) ) ;
#2208 = ORIENTED_EDGE ( 'NONE', *, *, #1081, .T. ) ;
#2209 = DIRECTION ( 'NONE',  ( 0.000000000000000000, 0.000000000000000000, -1.000000000000000000 ) ) ;
#2210 = LINE ( 'NONE', #993, #2571 ) ;
#2211 = DIRECTION ( 'NONE',  ( -0.000000000000000000, -0.000000000000000000, -1.000000000000000000 ) ) ;
#2212 = PERSON_AND_ORGANIZATION ( #293, #1589 ) ;
#2213 = EDGE_CURVE ( 'NONE', #2266, #570, #518, .T. ) ;
#2214 = ORIENTED_EDGE ( 'NONE', *, *, #1433, .T. ) ;
#2215 = ADVANCED_FACE ( 'NONE', ( #1578 ), #3105, .T. ) ;
#2216 = ORIENTED_EDGE ( 'NONE', *, *, #2798, .T. ) ;
#2217 = CARTESIAN_POINT ( 'NONE',  ( -650.0000000000004547, 770.0000000000000000, 80.00000000000024158 ) ) ;
#2218 = EDGE_LOOP ( 'NONE', ( #1501, #538, #1907, #2587 ) ) ;
#2219 = DIRECTION ( 'NONE',  ( -2.027804611187500911E-16, -0.000000000000000000, -1.000000000000000000 ) ) ;
#2220 = CARTESIAN_POINT ( 'NONE',  ( -370.0000000000001137, 330.0000000000000000, -595.0000000000000000 ) ) ;
#2221 = FACE_OUTER_BOUND ( 'NONE', #3772, .T. ) ;
#2222 = ORIENTED_EDGE ( 'NONE', *, *, #3661, .T. ) ;
#2223 = ORIENTED_EDGE ( 'NONE', *, *, #3851, .F. ) ;
#2224 = CIRCLE ( 'NONE', #3124, 70.00000000000005684 ) ;
#2225 = CARTESIAN_POINT ( 'NONE',  ( 1229.690227707249278, 451.9390683154974795, 1025.000000000000909 ) ) ;
#2226 = CIRCLE ( 'NONE', #493, 100.0000000000000853 ) ;
#2227 = DIRECTION ( 'NONE',  ( 0.000000000000000000, -1.000000000000000000, 0.000000000000000000 ) ) ;
#2228 = LINE ( 'NONE', #2898, #3466 ) ;
#2229 = AXIS2_PLACEMENT_3D ( 'NONE', #3352, #3054, #298 ) ;
#2230 = DIRECTION ( 'NONE',  ( 0.000000000000000000, -1.000000000000000000, 0.000000000000000000 ) ) ;
#2231 = EDGE_CURVE ( 'NONE', #2609, #3238, #4006, .T. ) ;
#2232 = ORIENTED_EDGE ( 'NONE', *, *, #921, .T. ) ;
#2233 = ORIENTED_EDGE ( 'NONE', *, *, #1404, .F. ) ;
#2234 = EDGE_CURVE ( 'NONE', #2607, #2988, #3947, .T. ) ;
#2235 = LINE ( 'NONE', #3020, #3007 ) ;
#2236 = ORIENTED_EDGE ( 'NONE', *, *, #3608, .T. ) ;
#2237 = DIRECTION ( 'NONE',  ( 2.960594732333750610E-16, 0.000000000000000000, 1.000000000000000000 ) ) ;
#2238 = DIRECTION ( 'NONE',  ( -1.000000000000000000, -0.000000000000000000, 9.654113257610057838E-17 ) ) ;
#2239 = ORIENTED_EDGE ( 'NONE', *, *, #1872, .T. ) ;
#2240 = AXIS2_PLACEMENT_3D ( 'NONE', #1016, #1133, #2245 ) ;
#2241 = SPHERICAL_SURFACE ( 'NONE', #1805, 70.00000000000000000 ) ;
#2242 = ORIENTED_EDGE ( 'NONE', *, *, #2871, .T. ) ;
#2243 = FACE_OUTER_BOUND ( 'NONE', #2838, .T. ) ;
#2244 = AXIS2_PLACEMENT_3D ( 'NONE', #1971, #3235, #2979 ) ;
#2245 = DIRECTION ( 'NONE',  ( 0.000000000000000000, 0.000000000000000000, -1.000000000000000000 ) ) ;
#2246 = EDGE_CURVE ( 'NONE', #918, #90, #1263, .T. ) ;
#2247 = CARTESIAN_POINT ( 'NONE',  ( -1130.000000000000227, 380.0000000000000000, -226.9999999999999147 ) ) ;
#2248 = DIRECTION ( 'NONE',  ( -0.000000000000000000, 0.000000000000000000, 1.000000000000000000 ) ) ;
#2249 = VECTOR ( 'NONE', #3548, 1000.000000000000000 ) ;
#2250 = LINE ( 'NONE', #413, #766 ) ;
#2251 = CARTESIAN_POINT ( 'NONE',  ( 1049.999999999999773, 870.0000000000001137, 1095.000000000000000 ) ) ;
#2252 = ORIENTED_EDGE ( 'NONE', *, *, #3058, .F. ) ;
#2253 = VERTEX_POINT ( 'NONE', #1520 ) ;
#2254 = ORIENTED_EDGE ( 'NONE', *, *, #284, .T. ) ;
#2255 = EDGE_CURVE ( 'NONE', #1890, #3973, #1845, .T. ) ;
#2256 = CYLINDRICAL_SURFACE ( 'NONE', #2489, 100.0000000000000000 ) ;
#2257 = EDGE_CURVE ( 'NONE', #3641, #184, #3043, .T. ) ;
#2258 = ORIENTED_EDGE ( 'NONE', *, *, #803, .T. ) ;
#2259 = EDGE_CURVE ( 'NONE', #3926, #532, #1909, .T. ) ;
#2260 = LINE ( 'NONE', #1278, #3147 ) ;
#2261 = CARTESIAN_POINT ( 'NONE',  ( 919.9999999999995453, 725.7685167991344315, 105.0000000000001137 ) ) ;
#2262 = DIRECTION ( 'NONE',  ( -0.000000000000000000, 1.000000000000000000, -0.000000000000000000 ) ) ;
#2263 = ORIENTED_EDGE ( 'NONE', *, *, #3422, .T. ) ;
#2264 = EDGE_CURVE ( 'NONE', #2064, #184, #3074, .T. ) ;
#2265 = DIRECTION ( 'NONE',  ( -1.041121822320096708E-16, 1.000000000000000000, 0.000000000000000000 ) ) ;
#2266 = VERTEX_POINT ( 'NONE', #2505 ) ;
#2267 = PLANE ( 'NONE',  #1293 ) ;
#2268 = FACE_OUTER_BOUND ( 'NONE', #3247, .T. ) ;
#2269 = CARTESIAN_POINT ( 'NONE',  ( -1119.999999999999545, 767.3753400942023291, 1025.000000000000227 ) ) ;
#2270 = CARTESIAN_POINT ( 'NONE',  ( -930.1405309694780499, 1670.000000000000000, -1553.630394101094680 ) ) ;
#2271 = FACE_OUTER_BOUND ( 'NONE', #3665, .T. ) ;
#2272 = DIRECTION ( 'NONE',  ( 1.000000000000000000, 0.000000000000000000, 4.440892098500622217E-15 ) ) ;
#2273 = ORIENTED_EDGE ( 'NONE', *, *, #3169, .F. ) ;
#2274 = CARTESIAN_POINT ( 'NONE',  ( -1050.000000000000000, 870.0000000000001137, -1024.999999999999773 ) ) ;
#2275 = ORIENTED_EDGE ( 'NONE', *, *, #874, .T. ) ;
#2276 = LINE ( 'NONE', #3801, #2485 ) ;
#2277 = LINE ( 'NONE', #3510, #3284 ) ;
#2278 = ORIENTED_EDGE ( 'NONE', *, *, #3883, .T. ) ;
#2279 = EDGE_CURVE ( 'NONE', #511, #2541, #2157, .T. ) ;
#2280 = LINE ( 'NONE', #189, #356 ) ;
#2281 = DIRECTION ( 'NONE',  ( -0.9848077530122086864, 0.1736481776669271393, 2.915616645929382026E-16 ) ) ;
#2282 = ORIENTED_EDGE ( 'NONE', *, *, #3120, .T. ) ;
#2283 = ADVANCED_FACE ( 'NONE', ( #1205 ), #2112, .T. ) ;
#2284 = ADVANCED_FACE ( 'NONE', ( #3332 ), #3392, .F. ) ;
#2285 = EDGE_CURVE ( 'NONE', #865, #1890, #632, .T. ) ;
#2286 = CARTESIAN_POINT ( 'NONE',  ( -1149.999999999999545, 100.0000000000000000, 1025.000000000000227 ) ) ;
#2287 = ORIENTED_EDGE ( 'NONE', *, *, #1991, .F. ) ;
#2288 = EDGE_CURVE ( 'NONE', #1877, #2378, #2453, .T. ) ;
#2289 = DIRECTION ( 'NONE',  ( 1.000000000000000000, 0.000000000000000000, 0.000000000000000000 ) ) ;
#2290 = CARTESIAN_POINT ( 'NONE',  ( -1030.000000000000000, 380.0000000000000000, 27.00000000000015632 ) ) ;
#2291 = DIRECTION ( 'NONE',  ( 1.041121822320096708E-16, -1.000000000000000000, -1.005110798764758895E-32 ) ) ;
#2292 = VECTOR ( 'NONE', #1490, 1000.000000000000000 ) ;
#2293 = FACE_OUTER_BOUND ( 'NONE', #1444, .T. ) ;
#2294 = DIRECTION ( 'NONE',  ( -1.000000000000000000, -0.000000000000000000, 9.654113257610057838E-17 ) ) ;
#2295 = ORIENTED_EDGE ( 'NONE', *, *, #3393, .F. ) ;
#2296 = ORIENTED_EDGE ( 'NONE', *, *, #3720, .T. ) ;
#2297 = EDGE_LOOP ( 'NONE', ( #372, #1294, #3893, #1596, #1821 ) ) ;
#2298 = VERTEX_POINT ( 'NONE', #576 ) ;
#2299 = AXIS2_PLACEMENT_3D ( 'NONE', #75, #2562, #1560 ) ;
#2300 = CARTESIAN_POINT ( 'NONE',  ( 1149.999999999999773, 100.0000000000000000, -1025.000000000000000 ) ) ;
#2301 = CC_DESIGN_APPROVAL ( #3685, ( #39 ) ) ;
#2302 = VERTEX_POINT ( 'NONE', #332 ) ;
#2303 = ADVANCED_FACE ( 'NONE', ( #1504 ), #1881, .T. ) ;
#2304 = VECTOR ( 'NONE', #3896, 1000.000000000000000 ) ;
#2305 = FACE_OUTER_BOUND ( 'NONE', #2569, .T. ) ;
#2306 = VERTEX_POINT ( 'NONE', #599 ) ;
#2307 = ORIENTED_EDGE ( 'NONE', *, *, #3884, .T. ) ;
#2308 = CIRCLE ( 'NONE', #1286, 70.00000000000005684 ) ;
#2309 = SPHERICAL_SURFACE ( 'NONE', #3089, 100.0000000000000000 ) ;
#2310 = EDGE_CURVE ( 'NONE', #1911, #3258, #302, .T. ) ;
#2311 = EDGE_CURVE ( 'NONE', #2253, #2410, #3695, .T. ) ;
#2312 = VECTOR ( 'NONE', #2478, 1000.000000000000000 ) ;
#2313 = DIRECTION ( 'NONE',  ( -1.000000000000000000, 2.955594639892673831E-32, 1.586032892321652236E-16 ) ) ;
#2314 = VECTOR ( 'NONE', #66, 1000.000000000000000 ) ;
#2315 = FACE_OUTER_BOUND ( 'NONE', #1377, .T. ) ;
#2316 = ORIENTED_EDGE ( 'NONE', *, *, #3272, .F. ) ;
#2317 = LINE ( 'NONE', #3556, #3084 ) ;
#2318 = VECTOR ( 'NONE', #3222, 1000.000000000000000 ) ;
#2319 = VERTEX_POINT ( 'NONE', #3560 ) ;
#2320 = AXIS2_PLACEMENT_3D ( 'NONE', #112, #3839, #2272 ) ;
#2321 = VERTEX_POINT ( 'NONE', #1126 ) ;
#2322 = ORIENTED_EDGE ( 'NONE', *, *, #282, .T. ) ;
#2323 = CARTESIAN_POINT ( 'NONE',  ( 0.000000000000000000, 170.0000000000000000, -246.9999999999999147 ) ) ;
#2324 = CARTESIAN_POINT ( 'NONE',  ( 1049.999999999999545, 940.0000000000001137, -1025.000000000000000 ) ) ;
#2325 = VERTEX_POINT ( 'NONE', #1482 ) ;
#2326 = DIRECTION ( 'NONE',  ( -0.000000000000000000, -0.000000000000000000, 1.000000000000000000 ) ) ;
#2327 = ORIENTED_EDGE ( 'NONE', *, *, #2719, .T. ) ;
#2328 = EDGE_CURVE ( 'NONE', #3834, #2440, #783, .T. ) ;
#2329 = CARTESIAN_POINT ( 'NONE',  ( -650.0000000000004547, 770.0000000000000000, 80.00000000000022737 ) ) ;
#2330 = DIRECTION ( 'NONE',  ( 2.960594732333750610E-16, 0.000000000000000000, 1.000000000000000000 ) ) ;
#2331 = LINE ( 'NONE', #2899, #1999 ) ;
#2332 = LINE ( 'NONE', #3903, #967 ) ;
#2333 = ORIENTED_EDGE ( 'NONE', *, *, #3436, .F. ) ;
#2334 = ORIENTED_EDGE ( 'NONE', *, *, #3050, .T. ) ;
#2335 = CARTESIAN_POINT ( 'NONE',  ( 100.0000000000000853, 140.0000000000000000, 1095.000000000000000 ) ) ;
#2336 = ORIENTED_EDGE ( 'NONE', *, *, #3909, .T. ) ;
#2337 = EDGE_CURVE ( 'NONE', #857, #757, #2355, .T. ) ;
#2338 = EDGE_CURVE ( 'NONE', #2665, #2681, #485, .T. ) ;
#2339 = CARTESIAN_POINT ( 'NONE',  ( -650.0000000000004547, 770.0000000000000000, -1125.000999999999976 ) ) ;
#2340 = VERTEX_POINT ( 'NONE', #823 ) ;
#2341 = EDGE_LOOP ( 'NONE', ( #2735, #2883 ) ) ;
#2342 = DIRECTION ( 'NONE',  ( 0.000000000000000000, 1.000000000000000000, -1.342301335387789571E-16 ) ) ;
#2343 = ORIENTED_EDGE ( 'NONE', *, *, #3244, .T. ) ;
#2344 = LINE ( 'NONE', #3586, #421 ) ;
#2345 = LINE ( 'NONE', #3635, #42 ) ;
#2346 = VERTEX_POINT ( 'NONE', #1708 ) ;
#2347 = CARTESIAN_POINT ( 'NONE',  ( -1150.000000000000227, 170.0000000000000000, -1024.999999999999773 ) ) ;
#2348 = PLANE ( 'NONE',  #2782 ) ;
#2349 = FACE_OUTER_BOUND ( 'NONE', #3673, .T. ) ;
#2350 = VERTEX_POINT ( 'NONE', #2062 ) ;
#2351 = ORIENTED_EDGE ( 'NONE', *, *, #3851, .T. ) ;
#2352 = CARTESIAN_POINT ( 'NONE',  ( -1049.999999999999773, 870.0000000000001137, -945.0000000000000000 ) ) ;
#2354 = ADVANCED_FACE ( 'NONE', ( #1758 ), #227, .T. ) ;
#2353 = VECTOR ( 'NONE', #2501, 1000.000000000000000 ) ;
#2355 = LINE ( 'NONE', #2016, #519 ) ;
#2356 = ORIENTED_EDGE ( 'NONE', *, *, #1261, .F. ) ;
#2357 = ORIENTED_EDGE ( 'NONE', *, *, #1962, .T. ) ;
#2358 = CARTESIAN_POINT ( 'NONE',  ( -1080.000000000000000, 380.0000000000000000, 50.00000000000015632 ) ) ;
#2359 = ADVANCED_FACE ( 'NONE', ( #1151 ), #847, .T. ) ;
#2360 = ORIENTED_EDGE ( 'NONE', *, *, #3508, .T. ) ;
#2361 = VECTOR ( 'NONE', #3708, 1000.000000000000000 ) ;
#2362 = CIRCLE ( 'NONE', #1587, 99.99999999999997158 ) ;
#2363 = DIRECTION ( 'NONE',  ( 1.000000000000000000, 0.000000000000000000, 0.000000000000000000 ) ) ;
#2364 = CARTESIAN_POINT ( 'NONE',  ( 1371.287572882331006, 1254.977517713075486, 1025.000000000000682 ) ) ;
#2365 = DIRECTION ( 'NONE',  ( 0.000000000000000000, 1.000000000000000000, 0.000000000000000000 ) ) ;
#2366 = CARTESIAN_POINT ( 'NONE',  ( 1049.999999999999773, 970.0000000000001137, 1025.000000000000455 ) ) ;
#2367 = ORIENTED_EDGE ( 'NONE', *, *, #323, .F. ) ;
#2368 = CARTESIAN_POINT ( 'NONE',  ( -1150.000000000000227, 170.0000000000000000, -246.9999999999999147 ) ) ;
#2369 = CARTESIAN_POINT ( 'NONE',  ( 0.000000000000000000, 0.000000000000000000, 27.00000000000015632 ) ) ;
#2370 = CARTESIAN_POINT ( 'NONE',  ( -1150.000000000000227, 170.0000000000000000, -1124.999999999999773 ) ) ;
#2371 = EDGE_CURVE ( 'NONE', #1367, #1244, #2645, .T. ) ;
#2372 = CARTESIAN_POINT ( 'NONE',  ( 29.99999999999998934, 970.0000000000001137, 1025.000000000000000 ) ) ;
#2373 = ORIENTED_EDGE ( 'NONE', *, *, #2820, .T. ) ;
#2374 = AXIS2_PLACEMENT_3D ( 'NONE', #935, #2165, #1856 ) ;
#2375 = VERTEX_POINT ( 'NONE', #2168 ) ;
#2376 = AXIS2_PLACEMENT_3D ( 'NONE', #733, #438, #1666 ) ;
#2377 = LINE ( 'NONE', #1481, #366 ) ;
#2378 = VERTEX_POINT ( 'NONE', #2734 ) ;
#2379 = FACE_OUTER_BOUND ( 'NONE', #1980, .T. ) ;
#2380 = CIRCLE ( 'NONE', #1922, 70.00000000000005684 ) ;
#2381 = ORIENTED_EDGE ( 'NONE', *, *, #3351, .T. ) ;
#2382 = ORIENTED_EDGE ( 'NONE', *, *, #3165, .F. ) ;
#2383 = ORIENTED_EDGE ( 'NONE', *, *, #636, .F. ) ;
#2384 = ORIENTED_EDGE ( 'NONE', *, *, #282, .F. ) ;
#2385 = VECTOR ( 'NONE', #414, 1000.000000000000000 ) ;
#2386 = CARTESIAN_POINT ( 'NONE',  ( -1047.500000000000000, 380.0000000000000000, 27.00000000000016342 ) ) ;
#2387 = CARTESIAN_POINT ( 'NONE',  ( 0.000000000000000000, 2359.568278279264632, -375.0000000000000000 ) ) ;
#2388 = ADVANCED_FACE ( 'NONE', ( #1197 ), #3346, .F. ) ;
#2389 = DIRECTION ( 'NONE',  ( 1.000000000000000000, 0.000000000000000000, 0.000000000000000000 ) ) ;
#2390 = CARTESIAN_POINT ( 'NONE',  ( -930.0000000000005684, 500.0000000000000000, -345.0000000000000000 ) ) ;
#2391 = CARTESIAN_POINT ( 'NONE',  ( -1030.000000000000000, 380.0000000000000000, 7.000000000000162537 ) ) ;
#2392 = ORIENTED_EDGE ( 'NONE', *, *, #3078, .T. ) ;
#2393 = EDGE_CURVE ( 'NONE', #3531, #608, #3335, .T. ) ;
#2394 = DIRECTION ( 'NONE',  ( 0.000000000000000000, -0.000000000000000000, -1.000000000000000000 ) ) ;
#2395 = CARTESIAN_POINT ( 'NONE',  ( -80.00000000000001421, 300.0000000000000568, -1553.630394101094680 ) ) ;
#2396 = CARTESIAN_POINT ( 'NONE',  ( 1150.000000000000000, 870.0000000000001137, 1025.000000000000455 ) ) ;
#2397 = VERTEX_POINT ( 'NONE', #2952 ) ;
#2398 = FACE_OUTER_BOUND ( 'NONE', #3495, .T. ) ;
#2399 = CARTESIAN_POINT ( 'NONE',  ( -1150.000000000000227, 380.0000000000000000, -246.9999999999999147 ) ) ;
#2400 = DIRECTION ( 'NONE',  ( -1.000000000000000000, 0.000000000000000000, 9.654113257610057838E-17 ) ) ;
#2401 = VERTEX_POINT ( 'NONE', #240 ) ;
#2402 = ORIENTED_EDGE ( 'NONE', *, *, #3850, .F. ) ;
#2403 = ORIENTED_EDGE ( 'NONE', *, *, #2140, .F. ) ;
#2404 = CARTESIAN_POINT ( 'NONE',  ( 1049.999999999999773, 870.0000000000001137, 1025.000000000000000 ) ) ;
#2405 = ADVANCED_FACE ( 'NONE', ( #1170 ), #881, .T. ) ;
#2406 = LINE ( 'NONE', #3649, #2827 ) ;
#2407 = CARTESIAN_POINT ( 'NONE',  ( 1049.999999999999773, 870.0000000000001137, 1025.000000000000227 ) ) ;
#2408 = FACE_OUTER_BOUND ( 'NONE', #1611, .T. ) ;
#2409 = EDGE_CURVE ( 'NONE', #1380, #3320, #3983, .T. ) ;
#2410 = VERTEX_POINT ( 'NONE', #1722 ) ;
#2411 = DIRECTION ( 'NONE',  ( 1.000000000000000000, 0.000000000000000000, 0.000000000000000000 ) ) ;
#2412 = EDGE_CURVE ( 'NONE', #1928, #1536, #6, .T. ) ;
#2413 = CARTESIAN_POINT ( 'NONE',  ( 1119.999999999999773, 170.0000000000000000, -1025.000000000000000 ) ) ;
#2414 = EDGE_CURVE ( 'NONE', #608, #2187, #196, .T. ) ;
#2415 = DIRECTION ( 'NONE',  ( 1.000000000000000000, 1.387778780781452085E-16, -1.387778780781444443E-16 ) ) ;
#2416 = LINE ( 'NONE', #3655, #2643 ) ;
#2417 = EDGE_CURVE ( 'NONE', #865, #3741, #2651, .T. ) ;
#2418 = LINE ( 'NONE', #3701, #122 ) ;
#2419 = EDGE_LOOP ( 'NONE', ( #3759, #902, #2382, #705 ) ) ;
#2420 = LINE ( 'NONE', #3991, #4008 ) ;
#2421 = ORIENTED_EDGE ( 'NONE', *, *, #615, .T. ) ;
#2422 = VERTEX_POINT ( 'NONE', #496 ) ;
#2423 = VERTEX_POINT ( 'NONE', #3899 ) ;
#2424 = AXIS2_PLACEMENT_3D ( 'NONE', #2432, #3414, #3059 ) ;
#2425 = DIRECTION ( 'NONE',  ( 0.1736481776669271393, 0.9848077530122086864, -1.279567732500149556E-17 ) ) ;
#2426 = VECTOR ( 'NONE', #940, 1000.000000000000000 ) ;
#2427 = EDGE_CURVE ( 'NONE', #3307, #720, #1116, .T. ) ;
#2428 = CARTESIAN_POINT ( 'NONE',  ( 919.9999999999994316, 725.7685167991344315, -594.9999999999998863 ) ) ;
#2429 = VECTOR ( 'NONE', #2194, 1000.000000000000000 ) ;
#2430 = CARTESIAN_POINT ( 'NONE',  ( -1050.000000000000000, 870.0000000000001137, -1124.999999999999318 ) ) ;
#2431 = ORIENTED_EDGE ( 'NONE', *, *, #13, .F. ) ;
#2432 = CARTESIAN_POINT ( 'NONE',  ( 99.99999999999998579, 870.0000000000001137, 1025.000000000000000 ) ) ;
#2433 = VECTOR ( 'NONE', #2513, 1000.000000000000000 ) ;
#2434 = DIRECTION ( 'NONE',  ( 1.000000000000000000, 0.000000000000000000, 0.000000000000000000 ) ) ;
#2435 = AXIS2_PLACEMENT_3D ( 'NONE', #1851, #1527, #2457 ) ;
#2436 = DIRECTION ( 'NONE',  ( 0.000000000000000000, -1.000000000000000000, 0.000000000000000000 ) ) ;
#2437 = EDGE_CURVE ( 'NONE', #296, #3011, #3589, .T. ) ;
#2438 = FACE_OUTER_BOUND ( 'NONE', #2680, .T. ) ;
#2439 = ADVANCED_FACE ( 'NONE', ( #1748 ), #2676, .T. ) ;
#2440 = VERTEX_POINT ( 'NONE', #1139 ) ;
#2441 = DIRECTION ( 'NONE',  ( 1.000000000000000000, 0.000000000000000000, 0.000000000000000000 ) ) ;
#2442 = CALENDAR_DATE ( 2026, 17, 8 ) ;
#2443 = CARTESIAN_POINT ( 'NONE',  ( -1080.000000000000000, 380.0000000000000000, 27.00000000000015632 ) ) ;
#2444 = ADVANCED_FACE ( 'NONE', ( #3570 ), #1472, .F. ) ;
#2445 = ORIENTED_EDGE ( 'NONE', *, *, #671, .T. ) ;
#2446 = VERTEX_POINT ( 'NONE', #217 ) ;
#2447 = CIRCLE ( 'NONE', #1992, 32.49999999999997158 ) ;
#2448 = DIRECTION ( 'NONE',  ( 0.000000000000000000, 0.000000000000000000, -1.000000000000000000 ) ) ;
#2449 = VECTOR ( 'NONE', #1155, 1000.000000000000000 ) ;
#2450 = VECTOR ( 'NONE', #901, 1000.000000000000000 ) ;
#2451 = DIRECTION ( 'NONE',  ( 1.000000000000000000, 0.000000000000000000, 0.000000000000000000 ) ) ;
#2452 = CARTESIAN_POINT ( 'NONE',  ( -550.0000000000004547, 770.0000000000000000, -300.0000000000000000 ) ) ;
#2453 = LINE ( 'NONE', #3092, #2510 ) ;
#2454 = FACE_OUTER_BOUND ( 'NONE', #3682, .T. ) ;
#2455 = EDGE_LOOP ( 'NONE', ( #3107, #657, #3636, #3094 ) ) ;
#2456 = EDGE_CURVE ( 'NONE', #1928, #1815, #1812, .T. ) ;
#2457 = DIRECTION ( 'NONE',  ( -1.000000000000000000, 0.000000000000000000, 0.000000000000000000 ) ) ;
#2458 = DIRECTION ( 'NONE',  ( 9.868649107779168700E-17, 0.000000000000000000, 1.000000000000000000 ) ) ;
#2459 = ORIENTED_EDGE ( 'NONE', *, *, #1715, .F. ) ;
#2460 = CARTESIAN_POINT ( 'NONE',  ( 519.9999999999995453, 725.7685167991344315, 105.0000000000001421 ) ) ;
#2461 = DIRECTION ( 'NONE',  ( -1.000000000000000000, -0.000000000000000000, 9.654113257610057838E-17 ) ) ;
#2462 = CARTESIAN_POINT ( 'NONE',  ( -20.00000000000001421, 1670.000000000000000, 155.0000000000002558 ) ) ;
#2463 = DIRECTION ( 'NONE',  ( 0.000000000000000000, 0.000000000000000000, 1.000000000000000000 ) ) ;
#2464 = VERTEX_POINT ( 'NONE', #2368 ) ;
#2465 = EDGE_CURVE ( 'NONE', #2187, #3022, #838, .T. ) ;
#2466 = DIRECTION ( 'NONE',  ( 1.000000000000000000, 0.000000000000000000, 0.000000000000000000 ) ) ;
#2467 = EDGE_LOOP ( 'NONE', ( #2594, #2263, #2120, #481, #1408 ) ) ;
#2468 = EDGE_CURVE ( 'NONE', #2098, #683, #539, .T. ) ;
#2469 = DIRECTION ( 'NONE',  ( 1.000000000000000000, 0.000000000000000000, 0.000000000000000000 ) ) ;
#2470 = EDGE_CURVE ( 'NONE', #3307, #3242, #1190, .T. ) ;
#2471 = LINE ( 'NONE', #3069, #672 ) ;
#2472 = DIRECTION ( 'NONE',  ( -0.9848077530122081313, 0.1736481776669295818, -8.418150919503156479E-19 ) ) ;
#2473 = CARTESIAN_POINT ( 'NONE',  ( 1049.999999999999773, 870.0000000000001137, 1125.000000000000000 ) ) ;
#2474 = CARTESIAN_POINT ( 'NONE',  ( -1050.000000000000000, 100.0000000000000142, -1094.999999999999773 ) ) ;
#2475 = CARTESIAN_POINT ( 'NONE',  ( -650.0000000000004547, 770.0000000000000000, -300.0000000000000000 ) ) ;
#2476 = VERTEX_POINT ( 'NONE', #1595 ) ;
#2477 = PLANE ( 'NONE',  #3019 ) ;
#2478 = DIRECTION ( 'NONE',  ( 0.5547001962252291474, 0.8320502943378437211, 0.000000000000000000 ) ) ;
#2479 = ORIENTED_EDGE ( 'NONE', *, *, #317, .T. ) ;
#2480 = CARTESIAN_POINT ( 'NONE',  ( 9.654113257610044526E-15, 870.0000000000001137, 1125.000000000000227 ) ) ;
#2481 = DIRECTION ( 'NONE',  ( 0.000000000000000000, -1.000000000000000000, 0.000000000000000000 ) ) ;
#2482 = AXIS2_PLACEMENT_3D ( 'NONE', #1654, #3829, #384 ) ;
#2483 = CARTESIAN_POINT ( 'NONE',  ( -80.00000000000001421, 1136.814064971248627, -1553.630394101094680 ) ) ;
#2484 = DIRECTION ( 'NONE',  ( -0.000000000000000000, 0.000000000000000000, 1.000000000000000000 ) ) ;
#2485 = VECTOR ( 'NONE', #399, 1000.000000000000000 ) ;
#2486 = PLANE ( 'NONE',  #491 ) ;
#2487 = ORIENTED_EDGE ( 'NONE', *, *, #3606, .F. ) ;
#2488 = DIRECTION ( 'NONE',  ( -1.000000000000000000, 0.000000000000000000, 9.654113257610057838E-17 ) ) ;
#2489 = AXIS2_PLACEMENT_3D ( 'NONE', #718, #93, #73 ) ;
#2490 = CARTESIAN_POINT ( 'NONE',  ( 1049.999999999999773, 170.0000000000000000, 1125.000000000000000 ) ) ;
#2491 = VECTOR ( 'NONE', #1179, 1000.000000000000000 ) ;
#2492 = DIRECTION ( 'NONE',  ( -1.000000000000000000, 0.000000000000000000, 0.000000000000000000 ) ) ;
#2493 = LINE ( 'NONE', #3704, #3526 ) ;
#2494 = CIRCLE ( 'NONE', #1791, 50.00000000000004263 ) ;
#2495 = AXIS2_PLACEMENT_3D ( 'NONE', #1136, #1168, #788 ) ;
#2496 = FACE_BOUND ( 'NONE', #3702, .T. ) ;
#2497 = ORIENTED_EDGE ( 'NONE', *, *, #2468, .F. ) ;
#2498 = CIRCLE ( 'NONE', #1082, 50.00000000000004263 ) ;
#2499 = ORIENTED_EDGE ( 'NONE', *, *, #3681, .F. ) ;
#2500 = VECTOR ( 'NONE', #2955, 1000.000000000000000 ) ;
#2501 = DIRECTION ( 'NONE',  ( -0.000000000000000000, -1.000000000000000000, -0.000000000000000000 ) ) ;
#2502 = VECTOR ( 'NONE', #2472, 1000.000000000000227 ) ;
#2503 = AXIS2_PLACEMENT_3D ( 'NONE', #4010, #3377, #322 ) ;
#2504 = CARTESIAN_POINT ( 'NONE',  ( -1132.635182233306296, 868.4807753012005378, 225.0000000000004832 ) ) ;
#2505 = CARTESIAN_POINT ( 'NONE',  ( -991.0378370582274101, 1671.519224698778544, 225.0000000000003695 ) ) ;
#2506 = AXIS2_PLACEMENT_3D ( 'NONE', #777, #3886, #3573 ) ;
#2507 = CARTESIAN_POINT ( 'NONE',  ( -1050.000000000000000, 170.0000000000000000, -1024.999999999999773 ) ) ;
#2508 = VERTEX_POINT ( 'NONE', #41 ) ;
#2509 = CIRCLE ( 'NONE', #768, 400.0000000000000000 ) ;
#2510 = VECTOR ( 'NONE', #3374, 1000.000000000000000 ) ;
#2511 = CARTESIAN_POINT ( 'NONE',  ( 519.9999999999994316, 130.0000000000000000, -594.9999999999997726 ) ) ;
#2512 = LINE ( 'NONE', #3421, #1347 ) ;
#2513 = DIRECTION ( 'NONE',  ( -0.000000000000000000, -0.000000000000000000, 1.000000000000000000 ) ) ;
#2514 = PERSON_AND_ORGANIZATION_ROLE ( 'design_supplier' ) ;
#2515 = AXIS2_PLACEMENT_3D ( 'NONE', #2026, #3276, #521 ) ;
#2516 = DIRECTION ( 'NONE',  ( 0.000000000000000000, -1.000000000000000000, -0.000000000000000000 ) ) ;
#2517 = VERTEX_POINT ( 'NONE', #319 ) ;
#2518 = ORIENTED_EDGE ( 'NONE', *, *, #1252, .T. ) ;
#2519 = PLANE ( 'NONE',  #1335 ) ;
#2520 = DIRECTION ( 'NONE',  ( 1.000000000000000000, 0.000000000000000000, -9.654113257610057838E-17 ) ) ;
#2521 = ORIENTED_EDGE ( 'NONE', *, *, #3898, .T. ) ;
#2522 = ADVANCED_FACE ( 'NONE', ( #1882 ), #2828, .T. ) ;
#2523 = DIRECTION ( 'NONE',  ( 1.000000000000000000, 0.000000000000000000, -9.654113257610057838E-17 ) ) ;
#2524 = ORIENTED_EDGE ( 'NONE', *, *, #1552, .F. ) ;
#2525 = ORIENTED_EDGE ( 'NONE', *, *, #2976, .F. ) ;
#2526 = ADVANCED_FACE ( 'NONE', ( #360 ), #904, .F. ) ;
#2527 = LINE ( 'NONE', #3785, #3543 ) ;
#2528 = EDGE_CURVE ( 'NONE', #291, #2350, #3696, .T. ) ;
#2529 = EDGE_CURVE ( 'NONE', #1680, #2064, #3658, .T. ) ;
#2530 = CARTESIAN_POINT ( 'NONE',  ( -1049.999999999999318, 170.0000000000000000, 1095.000000000000227 ) ) ;
#2531 = COORDINATED_UNIVERSAL_TIME_OFFSET ( 8, 0, .AHEAD. ) ;
#2532 = CARTESIAN_POINT ( 'NONE',  ( -1120.000000000000000, 870.0000000000001137, -945.0000000000000000 ) ) ;
#2533 = ORIENTED_EDGE ( 'NONE', *, *, #2259, .T. ) ;
#2534 = ORIENTED_EDGE ( 'NONE', *, *, #3078, .F. ) ;
#2535 = DIRECTION ( 'NONE',  ( 0.000000000000000000, 0.000000000000000000, 1.000000000000000000 ) ) ;
#2536 = CARTESIAN_POINT ( 'NONE',  ( -973.6730192915343878, 1770.000000000000000, 125.0000000000003268 ) ) ;
#2537 = ORIENTED_EDGE ( 'NONE', *, *, #2427, .T. ) ;
#2538 = CARTESIAN_POINT ( 'NONE',  ( -1047.500000000000000, 380.0000000000000000, 7.000000000000162537 ) ) ;
#2539 = CARTESIAN_POINT ( 'NONE',  ( -1130.000000000000227, 380.0000000000000000, -226.9999999999999147 ) ) ;
#2540 = ADVANCED_FACE ( 'NONE', ( #1579 ), #660, .F. ) ;
#2541 = VERTEX_POINT ( 'NONE', #2139 ) ;
#2542 = ORIENTED_EDGE ( 'NONE', *, *, #490, .T. ) ;
#2543 = AXIS2_PLACEMENT_3D ( 'NONE', #534, #191, #1488 ) ;
#2544 = CARTESIAN_POINT ( 'NONE',  ( 0.000000000000000000, 940.0000000000001137, -375.0000000000000000 ) ) ;
#2545 = VERTEX_POINT ( 'NONE', #1562 ) ;
#2546 = VECTOR ( 'NONE', #2602, 1000.000000000000000 ) ;
#2547 = DIRECTION ( 'NONE',  ( 0.000000000000000000, 0.000000000000000000, -1.000000000000000000 ) ) ;
#2548 = CARTESIAN_POINT ( 'NONE',  ( -1049.999999999999318, 100.0000000000000000, 1125.000000000000227 ) ) ;
#2549 = DIRECTION ( 'NONE',  ( 1.000000000000000000, 0.000000000000000000, 0.000000000000000000 ) ) ;
#2550 = CIRCLE ( 'NONE', #1073, 32.49999999999997158 ) ;
#2551 = EDGE_CURVE ( 'NONE', #1599, #1669, #3076, .T. ) ;
#2552 = EDGE_CURVE ( 'NONE', #1365, #503, #1865, .T. ) ;
#2553 = DIRECTION ( 'NONE',  ( -2.467162276944792422E-16, 1.000000000000000000, -0.000000000000000000 ) ) ;
#2554 = ORIENTED_EDGE ( 'NONE', *, *, #2234, .T. ) ;
#2555 = DIRECTION ( 'NONE',  ( -0.000000000000000000, -1.000000000000000000, -0.000000000000000000 ) ) ;
#2556 = VERTEX_POINT ( 'NONE', #3106 ) ;
#2557 = VECTOR ( 'NONE', #1307, 1000.000000000000000 ) ;
#2558 = FACE_OUTER_BOUND ( 'NONE', #3990, .T. ) ;
#2559 = VERTEX_POINT ( 'NONE', #600 ) ;
#2560 = EDGE_LOOP ( 'NONE', ( #2384, #226, #3966, #1645 ) ) ;
#2561 = CIRCLE ( 'NONE', #1798, 70.00000000000005684 ) ;
#2562 = DIRECTION ( 'NONE',  ( 0.000000000000000000, 0.000000000000000000, -1.000000000000000000 ) ) ;
#2563 = CARTESIAN_POINT ( 'NONE',  ( 1049.999999999999773, 329.9999999999999432, 1025.000000000000455 ) ) ;
#2564 = ORIENTED_EDGE ( 'NONE', *, *, #592, .F. ) ;
#2565 = CIRCLE ( 'NONE', #370, 50.00000000000004263 ) ;
#2566 = AXIS2_PLACEMENT_3D ( 'NONE', #2369, #3654, #499 ) ;
#2567 = CIRCLE ( 'NONE', #2713, 50.00000000000004263 ) ;
#2568 = DIRECTION ( 'NONE',  ( 0.000000000000000000, 1.000000000000000000, 0.000000000000000000 ) ) ;
#2569 = EDGE_LOOP ( 'NONE', ( #3537, #3265, #3257, #2662 ) ) ;
#2570 = DIRECTION ( 'NONE',  ( 1.000000000000000000, 0.000000000000000000, 0.000000000000000000 ) ) ;
#2571 = VECTOR ( 'NONE', #44, 1000.000000000000000 ) ;
#2572 = DIRECTION ( 'NONE',  ( -0.000000000000000000, -0.000000000000000000, -1.000000000000000000 ) ) ;
#2573 = VECTOR ( 'NONE', #2466, 1000.000000000000000 ) ;
#2574 = DIRECTION ( 'NONE',  ( 0.000000000000000000, 0.000000000000000000, -1.000000000000000000 ) ) ;
#2575 = AXIS2_PLACEMENT_3D ( 'NONE', #432, #3571, #82 ) ;
#2576 = EDGE_CURVE ( 'NONE', #857, #969, #1327, .T. ) ;
#2577 = DIRECTION ( 'NONE',  ( 1.000000000000000000, -6.123233995736766036E-17, 0.000000000000000000 ) ) ;
#2578 = LINE ( 'NONE', #1413, #1137 ) ;
#2579 = ORIENTED_EDGE ( 'NONE', *, *, #3058, .T. ) ;
#2580 = VERTEX_POINT ( 'NONE', #2207 ) ;
#2581 = ORIENTED_EDGE ( 'NONE', *, *, #727, .T. ) ;
#2582 = EDGE_LOOP ( 'NONE', ( #3009, #1628, #2830, #2232 ) ) ;
#2583 = VECTOR ( 'NONE', #3946, 1000.000000000000000 ) ;
#2584 = EDGE_CURVE ( 'NONE', #3831, #572, #304, .T. ) ;
#2585 = ADVANCED_BREP_SHAPE_REPRESENTATION ( 'torretta_XCGM_Default_sldprt', ( #821, #359 ), #1653 ) ;
#2586 = CARTESIAN_POINT ( 'NONE',  ( 1049.999999999999545, 100.0000000000000000, -1125.000000000000000 ) ) ;
#2587 = ORIENTED_EDGE ( 'NONE', *, *, #1274, .F. ) ;
#2588 = EDGE_CURVE ( 'NONE', #693, #3630, #2765, .T. ) ;
#2589 = ADVANCED_FACE ( 'NONE', ( #2454 ), #4005, .F. ) ;
#2590 = CARTESIAN_POINT ( 'NONE',  ( -973.6730192915346151, 1770.000000000000000, 125.0000000000005258 ) ) ;
#2591 = ORIENTED_EDGE ( 'NONE', *, *, #730, .T. ) ;
#2592 = ORIENTED_EDGE ( 'NONE', *, *, #1593, .F. ) ;
#2593 = LINE ( 'NONE', #3496, #1487 ) ;
#2594 = ORIENTED_EDGE ( 'NONE', *, *, #3255, .F. ) ;
#2595 = DIRECTION ( 'NONE',  ( 1.000000000000000000, 0.000000000000000000, 0.000000000000000000 ) ) ;
#2596 = LINE ( 'NONE', #3293, #2131 ) ;
#2597 = CARTESIAN_POINT ( 'NONE',  ( 1229.690227707249278, 451.9390683154973658, 225.0000000000004832 ) ) ;
#2598 = CARTESIAN_POINT ( 'NONE',  ( -1062.046743897740043, 162.3050871708596787, 1095.000000000000227 ) ) ;
#2599 = ORIENTED_EDGE ( 'NONE', *, *, #2826, .T. ) ;
#2600 = DIRECTION ( 'NONE',  ( 1.000000000000000000, 0.000000000000000000, 0.000000000000000000 ) ) ;
#2601 = ORIENTED_EDGE ( 'NONE', *, *, #492, .T. ) ;
#2602 = DIRECTION ( 'NONE',  ( -1.000000000000000000, 0.000000000000000000, 7.368736889105026576E-17 ) ) ;
#2603 = ORIENTED_EDGE ( 'NONE', *, *, #1163, .T. ) ;
#2604 = DIRECTION ( 'NONE',  ( 0.000000000000000000, -1.000000000000000000, 0.000000000000000000 ) ) ;
#2605 = DIRECTION ( 'NONE',  ( 0.000000000000000000, 1.000000000000000000, -0.000000000000000000 ) ) ;
#2606 = ORIENTED_EDGE ( 'NONE', *, *, #3400, .F. ) ;
#2607 = VERTEX_POINT ( 'NONE', #3430 ) ;
#2608 = DIRECTION ( 'NONE',  ( -1.041121822320096708E-16, 1.000000000000000000, 0.000000000000000000 ) ) ;
#2609 = VERTEX_POINT ( 'NONE', #1250 ) ;
#2610 = DIRECTION ( 'NONE',  ( -1.000000000000000000, -1.486905836551548832E-16, -0.000000000000000000 ) ) ;
#2611 = DIRECTION ( 'NONE',  ( -1.000000000000000000, 0.000000000000000000, 0.000000000000000000 ) ) ;
#2612 = VECTOR ( 'NONE', #3874, 1000.000000000000000 ) ;
#2613 = DIRECTION ( 'NONE',  ( -1.000000000000000000, -1.486905836551548832E-16, 0.000000000000000000 ) ) ;
#2614 = AXIS2_PLACEMENT_3D ( 'NONE', #610, #1246, #315 ) ;
#2615 = PLANE ( 'NONE',  #2506 ) ;
#2616 = ORIENTED_EDGE ( 'NONE', *, *, #1257, .F. ) ;
#2617 = CARTESIAN_POINT ( 'NONE',  ( -1150.000000000000455, 2359.568278279264632, -345.0000000000000000 ) ) ;
#2618 = ORIENTED_EDGE ( 'NONE', *, *, #979, .F. ) ;
#2619 = AXIS2_PLACEMENT_3D ( 'NONE', #2067, #1051, #3915 ) ;
#2620 = AXIS2_PLACEMENT_3D ( 'NONE', #2147, #1556, #15 ) ;
#2621 = VERTEX_POINT ( 'NONE', #24 ) ;
#2622 = EDGE_LOOP ( 'NONE', ( #1766, #92, #273, #3644, #2849 ) ) ;
#2623 = EDGE_CURVE ( 'NONE', #757, #149, #241, .T. ) ;
#2624 = DIRECTION ( 'NONE',  ( -0.000000000000000000, -1.000000000000000000, -0.000000000000000000 ) ) ;
#2625 = VECTOR ( 'NONE', #1862, 1000.000000000000000 ) ;
#2626 = LINE ( 'NONE', #2387, #1781 ) ;
#2627 = VERTEX_POINT ( 'NONE', #2196 ) ;
#2628 = VECTOR ( 'NONE', #461, 1000.000000000000000 ) ;
#2629 = LINE ( 'NONE', #1787, #253 ) ;
#2630 = ORIENTED_EDGE ( 'NONE', *, *, #997, .F. ) ;
#2631 = AXIS2_PLACEMENT_3D ( 'NONE', #3928, #1756, #566 ) ;
#2632 = CARTESIAN_POINT ( 'NONE',  ( -930.1405309694780499, 1670.000000000000000, 1095.000000000000000 ) ) ;
#2633 = ADVANCED_FACE ( 'NONE', ( #3728 ), #2486, .F. ) ;
#2634 = AXIS2_PLACEMENT_3D ( 'NONE', #3907, #867, #1147 ) ;
#2635 = DIRECTION ( 'NONE',  ( -0.08715574274766212104, -0.9961946980917452121, 0.000000000000000000 ) ) ;
#2636 = EDGE_CURVE ( 'NONE', #3794, #2464, #633, .T. ) ;
#2637 = LINE ( 'NONE', #1390, #3472 ) ;
#2638 = VECTOR ( 'NONE', #1855, 1000.000000000000000 ) ;
#2639 = DIRECTION ( 'NONE',  ( 0.000000000000000000, 0.000000000000000000, 1.000000000000000000 ) ) ;
#2640 = ORIENTED_EDGE ( 'NONE', *, *, #636, .T. ) ;
#2641 = ORIENTED_EDGE ( 'NONE', *, *, #671, .F. ) ;
#2642 = ORIENTED_EDGE ( 'NONE', *, *, #949, .T. ) ;
#2643 = VECTOR ( 'NONE', #3339, 1000.000000000000000 ) ;
#2644 = ORIENTED_EDGE ( 'NONE', *, *, #142, .F. ) ;
#2645 = LINE ( 'NONE', #1220, #2573 ) ;
#2646 = ORIENTED_EDGE ( 'NONE', *, *, #3608, .F. ) ;
#2647 = ORIENTED_EDGE ( 'NONE', *, *, #2015, .T. ) ;
#2648 = EDGE_LOOP ( 'NONE', ( #1632, #2104, #2973 ) ) ;
#2649 = EDGE_LOOP ( 'NONE', ( #3308, #527 ) ) ;
#2650 = CARTESIAN_POINT ( 'NONE',  ( -1050.000000000000000, 870.0000000000001137, -1024.999999999999773 ) ) ;
#2651 = CIRCLE ( 'NONE', #920, 99.99999999999997158 ) ;
#2652 = CYLINDRICAL_SURFACE ( 'NONE', #96, 400.0000000000000000 ) ;
#2653 = CARTESIAN_POINT ( 'NONE',  ( 100.0000000000000853, 870.0000000000001137, 1095.000000000000000 ) ) ;
#2654 = ORIENTED_EDGE ( 'NONE', *, *, #3441, .T. ) ;
#2655 = DIRECTION ( 'NONE',  ( -0.000000000000000000, -0.000000000000000000, 1.000000000000000000 ) ) ;
#2656 = CARTESIAN_POINT ( 'NONE',  ( -1049.999999999999318, 1164.365067467449762, 1095.000000000000227 ) ) ;
#2657 = ADVANCED_FACE ( 'NONE', ( #1959, #2305 ), #3540, .F. ) ;
#2658 = DIRECTION ( 'NONE',  ( 1.000000000000000000, 0.000000000000000000, 4.440892098500626951E-15 ) ) ;
#2659 = ADVANCED_FACE ( 'NONE', ( #1010 ), #2885, .T. ) ;
#2660 = DIRECTION ( 'NONE',  ( 0.000000000000000000, -0.000000000000000000, 1.000000000000000000 ) ) ;
#2661 = PLANE ( 'NONE',  #1584 ) ;
#2662 = ORIENTED_EDGE ( 'NONE', *, *, #3551, .T. ) ;
#2663 = EDGE_LOOP ( 'NONE', ( #1316, #670, #1025, #2564 ) ) ;
#2664 = CARTESIAN_POINT ( 'NONE',  ( 99.99999999999987210, 940.0000000000001137, -1125.000000000000000 ) ) ;
#2665 = VERTEX_POINT ( 'NONE', #1983 ) ;
#2666 = CARTESIAN_POINT ( 'NONE',  ( 919.9999999999994316, 329.9999999999999432, -1094.999999999999773 ) ) ;
#2667 = ORIENTED_EDGE ( 'NONE', *, *, #3292, .T. ) ;
#2668 = ORIENTED_EDGE ( 'NONE', *, *, #3558, .F. ) ;
#2669 = ORIENTED_EDGE ( 'NONE', *, *, #2246, .F. ) ;
#2670 = CARTESIAN_POINT ( 'NONE',  ( -1150.000000000000227, 0.000000000000000000, 27.00000000000015632 ) ) ;
#2671 = CARTESIAN_POINT ( 'NONE',  ( -973.6730192915342741, 1770.000000000000000, 1125.000000000000227 ) ) ;
#2672 = CARTESIAN_POINT ( 'NONE',  ( -1149.999999999999545, 170.0000000000000000, 1025.000000000000227 ) ) ;
#2673 = FACE_OUTER_BOUND ( 'NONE', #254, .T. ) ;
#2674 = ADVANCED_FACE ( 'NONE', ( #743, #987 ), #124, .T. ) ;
#2675 = VERTEX_POINT ( 'NONE', #3473 ) ;
#2676 = CYLINDRICAL_SURFACE ( 'NONE', #1260, 100.0000000000000853 ) ;
#2677 = CARTESIAN_POINT ( 'NONE',  ( -930.1405309694780499, 1670.000000000000000, 1125.000000000000227 ) ) ;
#2678 = DIRECTION ( 'NONE',  ( 1.000000000000000000, 0.000000000000000000, -9.654113257610057838E-17 ) ) ;
#2679 = CARTESIAN_POINT ( 'NONE',  ( -1050.000000000000000, 970.0000000000001137, -914.9999999999998863 ) ) ;
#2680 = EDGE_LOOP ( 'NONE', ( #161, #2421, #2592, #3935, #1975, #1271 ) ) ;
#2681 = VERTEX_POINT ( 'NONE', #2908 ) ;
#2682 = LINE ( 'NONE', #274, #3212 ) ;
#2683 = PERSON_AND_ORGANIZATION ( #293, #1589 ) ;
#2684 = PLANE ( 'NONE',  #427 ) ;
#2685 = EDGE_CURVE ( 'NONE', #2346, #1367, #2921, .T. ) ;
#2686 = ORIENTED_EDGE ( 'NONE', *, *, #2623, .T. ) ;
#2687 = ORIENTED_EDGE ( 'NONE', *, *, #145, .T. ) ;
#2688 = ORIENTED_EDGE ( 'NONE', *, *, #2046, .T. ) ;
#2689 = VECTOR ( 'NONE', #2237, 1000.000000000000000 ) ;
#2690 = ADVANCED_FACE ( 'NONE', ( #2221 ), #3184, .T. ) ;
#2691 = VECTOR ( 'NONE', #59, 1000.000000000000000 ) ;
#2692 = CARTESIAN_POINT ( 'NONE',  ( -30.00000000000003197, 970.0000000000002274, -345.0000000000000568 ) ) ;
#2693 = CARTESIAN_POINT ( 'NONE',  ( -650.0000000000004547, 770.0000000000000000, -300.0000000000000000 ) ) ;
#2694 = AXIS2_PLACEMENT_3D ( 'NONE', #1470, #3918, #2024 ) ;
#2695 = DIRECTION ( 'NONE',  ( -0.000000000000000000, -1.000000000000000000, -0.000000000000000000 ) ) ;
#2696 = DIRECTION ( 'NONE',  ( -0.000000000000000000, 1.000000000000000000, -0.000000000000000000 ) ) ;
#2697 = ORIENTED_EDGE ( 'NONE', *, *, #1216, .F. ) ;
#2698 = CARTESIAN_POINT ( 'NONE',  ( -550.0000000000003411, 0.000000000000000000, 80.00000000000022737 ) ) ;
#2699 = CARTESIAN_POINT ( 'NONE',  ( -1119.999999999999318, 767.3753400942025564, 1066.005050633883457 ) ) ;
#2700 = VECTOR ( 'NONE', #29, 1000.000000000000000 ) ;
#2701 = AXIS2_PLACEMENT_3D ( 'NONE', #412, #754, #1021 ) ;
#2702 = DIRECTION ( 'NONE',  ( 1.000000000000000000, 0.000000000000000000, 0.000000000000000000 ) ) ;
#2703 = CARTESIAN_POINT ( 'NONE',  ( 0.000000000000000000, 0.000000000000000000, -914.9999999999998863 ) ) ;
#2704 = CARTESIAN_POINT ( 'NONE',  ( -1010.000000000000000, -0.000000000000000000, 50.00000000000015632 ) ) ;
#2705 = ORIENTED_EDGE ( 'NONE', *, *, #1825, .F. ) ;
#2706 = AXIS2_PLACEMENT_3D ( 'NONE', #2851, #409, #3522 ) ;
#2707 = ORIENTED_EDGE ( 'NONE', *, *, #2878, .T. ) ;
#2708 = VECTOR ( 'NONE', #2076, 1000.000000000000000 ) ;
#2709 = DIRECTION ( 'NONE',  ( -1.000000000000000000, -0.000000000000000000, -0.000000000000000000 ) ) ;
#2710 = ORIENTED_EDGE ( 'NONE', *, *, #3351, .F. ) ;
#2711 = DIRECTION ( 'NONE',  ( 0.000000000000000000, -1.000000000000000000, 0.000000000000000000 ) ) ;
#2712 = ADVANCED_FACE ( 'NONE', ( #2844 ), #453, .F. ) ;
#2713 = AXIS2_PLACEMENT_3D ( 'NONE', #3329, #574, #3669 ) ;
#2714 = EDGE_LOOP ( 'NONE', ( #1239, #1670, #2360, #443 ) ) ;
#2715 = ORIENTED_EDGE ( 'NONE', *, *, #2100, .T. ) ;
#2716 = EDGE_LOOP ( 'NONE', ( #1169, #1047 ) ) ;
#2717 = VECTOR ( 'NONE', #3813, 1000.000000000000000 ) ;
#2718 = ADVANCED_FACE ( 'NONE', ( #1679 ), #681, .F. ) ;
#2719 = EDGE_CURVE ( 'NONE', #1156, #565, #76, .T. ) ;
#2720 = FACE_OUTER_BOUND ( 'NONE', #1656, .T. ) ;
#2721 = EDGE_CURVE ( 'NONE', #3914, #3848, #2224, .T. ) ;
#2722 = CARTESIAN_POINT ( 'NONE',  ( 0.000000000000000000, 0.000000000000000000, -269.9999999999998863 ) ) ;
#2723 = DIRECTION ( 'NONE',  ( 0.000000000000000000, -1.000000000000000000, 0.000000000000000000 ) ) ;
#2724 = CARTESIAN_POINT ( 'NONE',  ( 1049.999999999999773, 870.0000000000001137, 1025.000000000000000 ) ) ;
#2725 = ORIENTED_EDGE ( 'NONE', *, *, #1525, .T. ) ;
#2726 = DIRECTION ( 'NONE',  ( 0.000000000000000000, 0.000000000000000000, 1.000000000000000000 ) ) ;
#2727 = PLANE ( 'NONE',  #1018 ) ;
#2728 = CARTESIAN_POINT ( 'NONE',  ( 1049.999999999999545, 970.0000000000001137, -1025.000000000000000 ) ) ;
#2729 = EDGE_LOOP ( 'NONE', ( #2654, #468, #117, #2273, #1788, #2128, #2603, #604 ) ) ;
#2730 = CYLINDRICAL_SURFACE ( 'NONE', #2634, 100.0000000000000853 ) ;
#2731 = DIRECTION ( 'NONE',  ( 0.000000000000000000, 0.000000000000000000, -1.000000000000000000 ) ) ;
#2732 = EDGE_CURVE ( 'NONE', #3938, #1055, #1382, .T. ) ;
#2733 =( BOUNDED_CURVE ( )  B_SPLINE_CURVE ( 3, ( #3520, #2699, #3617, #2656 ),
 .UNSPECIFIED., .F., .F. ) 
 B_SPLINE_CURVE_WITH_KNOTS ( ( 4, 4 ),
 ( 0.000000000000000000, 1.570796326794896114 ),
 .UNSPECIFIED. ) 
 CURVE ( )  GEOMETRIC_REPRESENTATION_ITEM ( )  RATIONAL_B_SPLINE_CURVE ( ( 1.000000000000000000, 0.8047378541243650485, 0.8047378541243650485, 1.000000000000000000 ) ) 
 REPRESENTATION_ITEM ( '' )  );
#2734 = CARTESIAN_POINT ( 'NONE',  ( -750.0000000000004547, 770.0000000000000000, -345.0000000000000000 ) ) ;
#2735 = ORIENTED_EDGE ( 'NONE', *, *, #725, .F. ) ;
#2736 = ORIENTED_EDGE ( 'NONE', *, *, #3774, .F. ) ;
#2737 = ORIENTED_EDGE ( 'NONE', *, *, #251, .T. ) ;
#2738 = LINE ( 'NONE', #3354, #1206 ) ;
#2739 = DIRECTION ( 'NONE',  ( -0.000000000000000000, 0.000000000000000000, 1.000000000000000000 ) ) ;
#2740 = FACE_OUTER_BOUND ( 'NONE', #3765, .T. ) ;
#2741 = EDGE_CURVE ( 'NONE', #550, #3926, #1615, .T. ) ;
#2742 = CARTESIAN_POINT ( 'NONE',  ( 0.000000000000000000, 0.000000000000000000, 27.00000000000015632 ) ) ;
#2743 = EDGE_CURVE ( 'NONE', #608, #3506, #1521, .T. ) ;
#2744 = VERTEX_POINT ( 'NONE', #471 ) ;
#2745 = DIRECTION ( 'NONE',  ( 0.000000000000000000, -1.000000000000000000, 0.000000000000000000 ) ) ;
#2746 = EDGE_CURVE ( 'NONE', #341, #3022, #3764, .T. ) ;
#2747 = DIRECTION ( 'NONE',  ( 1.000000000000000000, -0.000000000000000000, -0.000000000000000000 ) ) ;
#2748 = VECTOR ( 'NONE', #811, 1000.000000000000000 ) ;
#2749 = DIRECTION ( 'NONE',  ( 1.000000000000000000, -0.000000000000000000, 0.000000000000000000 ) ) ;
#2750 = CARTESIAN_POINT ( 'NONE',  ( -1150.000000000000227, 170.0000000000000000, 50.00000000000015632 ) ) ;
#2751 = ORIENTED_EDGE ( 'NONE', *, *, #65, .F. ) ;
#2752 = LINE ( 'NONE', #3259, #1859 ) ;
#2753 = CARTESIAN_POINT ( 'NONE',  ( -1130.000000000000227, 380.0000000000000000, 7.000000000000162537 ) ) ;
#2754 = VERTEX_POINT ( 'NONE', #1630 ) ;
#2755 = ORIENTED_EDGE ( 'NONE', *, *, #2529, .T. ) ;
#2756 = VECTOR ( 'NONE', #2605, 1000.000000000000000 ) ;
#2757 = LINE ( 'NONE', #1839, #2763 ) ;
#2758 = DIRECTION ( 'NONE',  ( -2.467162276944792422E-16, 1.000000000000000000, -0.000000000000000000 ) ) ;
#2759 = AXIS2_PLACEMENT_3D ( 'NONE', #3373, #1248, #1843 ) ;
#2760 = PLANE ( 'NONE',  #2954 ) ;
#2761 = EDGE_CURVE ( 'NONE', #2093, #3138, #99, .T. ) ;
#2762 = LINE ( 'NONE', #4003, #1397 ) ;
#2763 = VECTOR ( 'NONE', #3776, 1000.000000000000000 ) ;
#2764 = CARTESIAN_POINT ( 'NONE',  ( 519.9999999999994316, 130.0000000000000000, -594.9999999999997726 ) ) ;
#2765 = LINE ( 'NONE', #333, #998 ) ;
#2766 = CC_DESIGN_APPROVAL ( #799, ( #1524 ) ) ;
#2767 = EDGE_CURVE ( 'NONE', #1774, #919, #1036, .T. ) ;
#2768 = DIRECTION ( 'NONE',  ( 1.000000000000000000, 0.000000000000000000, 0.000000000000000000 ) ) ;
#2769 = DIRECTION ( 'NONE',  ( 9.654113257610057838E-17, -0.000000000000000000, 1.000000000000000000 ) ) ;
#2770 = EDGE_CURVE ( 'NONE', #622, #1517, #1763, .T. ) ;
#2771 = ORIENTED_EDGE ( 'NONE', *, *, #1163, .F. ) ;
#2772 = LINE ( 'NONE', #2460, #2449 ) ;
#2773 = CARTESIAN_POINT ( 'NONE',  ( 29.99999999999977618, 140.0000000000000000, -1125.000000000000000 ) ) ;
#2774 = AXIS2_PLACEMENT_3D ( 'NONE', #506, #3146, #2843 ) ;
#2775 = EDGE_CURVE ( 'NONE', #3086, #3367, #488, .T. ) ;
#2776 = CARTESIAN_POINT ( 'NONE',  ( 919.9999999999994316, 725.7685167991344315, -594.9999999999998863 ) ) ;
#2777 = VECTOR ( 'NONE', #776, 1000.000000000000000 ) ;
#2778 = ORIENTED_EDGE ( 'NONE', *, *, #3774, .T. ) ;
#2779 = AXIS2_PLACEMENT_3D ( 'NONE', #2693, #2739, #1467 ) ;
#2780 = DIRECTION ( 'NONE',  ( 0.000000000000000000, -1.000000000000000000, 1.863514088643043464E-16 ) ) ;
#2781 = DIRECTION ( 'NONE',  ( 1.000000000000000000, 0.000000000000000000, -2.960594732333750610E-16 ) ) ;
#2782 = AXIS2_PLACEMENT_3D ( 'NONE', #433, #813, #2051 ) ;
#2783 = VECTOR ( 'NONE', #3600, 1000.000000000000000 ) ;
#2784 = CARTESIAN_POINT ( 'NONE',  ( 519.9999999999994316, 130.0000000000000000, -594.9999999999997726 ) ) ;
#2785 = AXIS2_PLACEMENT_3D ( 'NONE', #1978, #1421, #824 ) ;
#2786 = CARTESIAN_POINT ( 'NONE',  ( -1080.000000000000000, 380.0000000000000000, -269.9999999999998863 ) ) ;
#2787 = DIRECTION ( 'NONE',  ( 0.000000000000000000, 0.000000000000000000, -1.000000000000000000 ) ) ;
#2788 = VERTEX_POINT ( 'NONE', #3016 ) ;
#2789 = CARTESIAN_POINT ( 'NONE',  ( -550.0000000000004547, 770.0000000000000000, -345.0000000000000000 ) ) ;
#2790 = DIRECTION ( 'NONE',  ( 0.000000000000000000, -0.000000000000000000, -1.000000000000000000 ) ) ;
#2791 = LINE ( 'NONE', #946, #2312 ) ;
#2792 = ADVANCED_FACE ( 'NONE', ( #1429 ), #2652, .T. ) ;
#2793 = ORIENTED_EDGE ( 'NONE', *, *, #1017, .F. ) ;
#2794 = CARTESIAN_POINT ( 'NONE',  ( -1149.999999999999773, 0.000000000000000000, -1025.000000000000227 ) ) ;
#2795 = LINE ( 'NONE', #2504, #3129 ) ;
#2796 = DIRECTION ( 'NONE',  ( 1.000000000000000000, 0.000000000000000000, 0.000000000000000000 ) ) ;
#2797 = LINE ( 'NONE', #10, #1030 ) ;
#2798 = EDGE_CURVE ( 'NONE', #216, #1754, #3895, .T. ) ;
#2799 = PLANE ( 'NONE',  #1080 ) ;
#2800 = DIRECTION ( 'NONE',  ( 0.000000000000000000, 0.000000000000000000, -1.000000000000000000 ) ) ;
#2801 = CARTESIAN_POINT ( 'NONE',  ( -370.0000000000002274, 780.0000000000000000, -945.0000000000000000 ) ) ;
#2802 = EDGE_LOOP ( 'NONE', ( #2521, #2208, #1087, #3348 ) ) ;
#2803 = VERTEX_POINT ( 'NONE', #2324 ) ;
#2804 = CARTESIAN_POINT ( 'NONE',  ( -370.0000000000002274, 780.0000000000000000, -945.0000000000000000 ) ) ;
#2805 = VECTOR ( 'NONE', #1095, 1000.000000000000000 ) ;
#2806 = EDGE_CURVE ( 'NONE', #1941, #397, #2626, .T. ) ;
#2807 = CARTESIAN_POINT ( 'NONE',  ( 69.99999999999998579, 870.0000000000001137, -345.0000000000000000 ) ) ;
#2808 = DIRECTION ( 'NONE',  ( 0.000000000000000000, -1.000000000000000000, 0.000000000000000000 ) ) ;
#2809 = AXIS2_PLACEMENT_3D ( 'NONE', #2784, #262, #1519 ) ;
#2810 = CARTESIAN_POINT ( 'NONE',  ( -650.0000000000004547, 770.0000000000000000, -345.0000000000000000 ) ) ;
#2811 = ORIENTED_EDGE ( 'NONE', *, *, #3006, .F. ) ;
#2812 = LINE ( 'NONE', #1285, #1742 ) ;
#2813 = AXIS2_PLACEMENT_3D ( 'NONE', #1678, #2943, #805 ) ;
#2814 = DIRECTION ( 'NONE',  ( -0.000000000000000000, -0.000000000000000000, 1.000000000000000000 ) ) ;
#2815 = AXIS2_PLACEMENT_3D ( 'NONE', #834, #85, #1019 ) ;
#2816 = CARTESIAN_POINT ( 'NONE',  ( -973.6730192915342741, 1770.000000000000000, 1125.000000000000227 ) ) ;
#2817 = AXIS2_PLACEMENT_3D ( 'NONE', #2225, #3518, #772 ) ;
#2818 = ORIENTED_EDGE ( 'NONE', *, *, #1667, .T. ) ;
#2819 = ORIENTED_EDGE ( 'NONE', *, *, #516, .F. ) ;
#2820 = EDGE_CURVE ( 'NONE', #1138, #287, #30, .T. ) ;
#2821 = LINE ( 'NONE', #1067, #1469 ) ;
#2822 = EDGE_CURVE ( 'NONE', #1780, #1357, #665, .T. ) ;
#2823 = VECTOR ( 'NONE', #630, 1000.000000000000000 ) ;
#2824 = EDGE_CURVE ( 'NONE', #2621, #2837, #2971, .T. ) ;
#2825 = FACE_OUTER_BOUND ( 'NONE', #416, .T. ) ;
#2826 = EDGE_CURVE ( 'NONE', #2963, #3603, #1066, .T. ) ;
#2827 = VECTOR ( 'NONE', #2109, 1000.000000000000000 ) ;
#2828 = PLANE ( 'NONE',  #1970 ) ;
#2829 = ORIENTED_EDGE ( 'NONE', *, *, #2231, .F. ) ;
#2830 = ORIENTED_EDGE ( 'NONE', *, *, #2770, .T. ) ;
#2831 = AXIS2_PLACEMENT_3D ( 'NONE', #3581, #3205, #764 ) ;
#2832 = CYLINDRICAL_SURFACE ( 'NONE', #3031, 70.00000000000005684 ) ;
#2833 = DIRECTION ( 'NONE',  ( 1.000000000000000000, 0.000000000000000000, 0.000000000000000000 ) ) ;
#2834 = DIRECTION ( 'NONE',  ( -0.1736481776669271393, -0.9848077530122086864, 2.723048299975499216E-16 ) ) ;
#2835 = PERSON_AND_ORGANIZATION ( #293, #1589 ) ;
#2836 = PLANE ( 'NONE',  #3024 ) ;
#2837 = VERTEX_POINT ( 'NONE', #2089 ) ;
#2838 = EDGE_LOOP ( 'NONE', ( #2445, #1917, #162, #1697, #1040 ) ) ;
#2839 = DIRECTION ( 'NONE',  ( 0.000000000000000000, -1.000000000000000000, 0.000000000000000000 ) ) ;
#2840 = EDGE_CURVE ( 'NONE', #464, #550, #513, .T. ) ;
#2841 = CARTESIAN_POINT ( 'NONE',  ( 1149.999999999999773, 940.0000000000001137, -945.0000000000000000 ) ) ;
#2842 = DIRECTION ( 'NONE',  ( -1.000000000000000000, 0.000000000000000000, 0.000000000000000000 ) ) ;
#2843 = DIRECTION ( 'NONE',  ( 0.000000000000000000, 0.000000000000000000, 1.000000000000000000 ) ) ;
#2844 = FACE_OUTER_BOUND ( 'NONE', #1446, .T. ) ;
#2845 = ORIENTED_EDGE ( 'NONE', *, *, #2746, .F. ) ;
#2846 = EDGE_CURVE ( 'NONE', #1941, #486, #2344, .T. ) ;
#2847 = EDGE_CURVE ( 'NONE', #3030, #1214, #831, .T. ) ;
#2848 = CARTESIAN_POINT ( 'NONE',  ( -874.6153846153849827, 583.0769230769233218, -300.0000000000000000 ) ) ;
#2849 = ORIENTED_EDGE ( 'NONE', *, *, #110, .T. ) ;
#2850 = DIRECTION ( 'NONE',  ( -0.000000000000000000, 0.000000000000000000, 1.000000000000000000 ) ) ;
#2851 = CARTESIAN_POINT ( 'NONE',  ( -550.0000000000003411, 0.000000000000000000, -300.0000000000000000 ) ) ;
#2852 = DIRECTION ( 'NONE',  ( 1.586032892321652236E-16, 0.000000000000000000, 1.000000000000000000 ) ) ;
#2853 = CARTESIAN_POINT ( 'NONE',  ( 0.000000000000000000, 0.000000000000000000, 0.000000000000000000 ) ) ;
#2854 = ORIENTED_EDGE ( 'NONE', *, *, #2975, .F. ) ;
#2855 = ORIENTED_EDGE ( 'NONE', *, *, #2255, .F. ) ;
#2856 = DIRECTION ( 'NONE',  ( -1.000000000000000000, 0.000000000000000000, 1.110223024625156787E-16 ) ) ;
#2857 = EDGE_LOOP ( 'NONE', ( #3583, #1659, #2669, #1964 ) ) ;
#2858 = CARTESIAN_POINT ( 'NONE',  ( -1080.000000000000000, 380.0000000000000000, -226.9999999999999147 ) ) ;
#2859 = DIRECTION ( 'NONE',  ( 1.000000000000000000, 0.000000000000000000, 0.000000000000000000 ) ) ;
#2860 = ORIENTED_EDGE ( 'NONE', *, *, #2279, .T. ) ;
#2861 = ORIENTED_EDGE ( 'NONE', *, *, #1100, .F. ) ;
#2862 = SPHERICAL_SURFACE ( 'NONE', #2869, 70.00000000000000000 ) ;
#2863 = DIRECTION ( 'NONE',  ( 7.368736889105026576E-17, -0.000000000000000000, 1.000000000000000000 ) ) ;
#2864 = ORIENTED_EDGE ( 'NONE', *, *, #357, .F. ) ;
#2865 = VECTOR ( 'NONE', #553, 1000.000000000000000 ) ;
#2866 = DIRECTION ( 'NONE',  ( 1.000000000000000000, 0.000000000000000000, 0.000000000000000000 ) ) ;
#2867 = EDGE_LOOP ( 'NONE', ( #2933, #509, #1672, #2007 ) ) ;
#2868 = CARTESIAN_POINT ( 'NONE',  ( -1119.999999999999773, 470.0000000000000000, -375.0000000000000000 ) ) ;
#2869 = AXIS2_PLACEMENT_3D ( 'NONE', #97, #703, #2206 ) ;
#2870 = DIRECTION ( 'NONE',  ( 0.1736481776669296095, 0.9848077530122082424, -2.733390605558794571E-16 ) ) ;
#2871 = EDGE_CURVE ( 'NONE', #105, #1244, #1743, .T. ) ;
#2872 = FACE_OUTER_BOUND ( 'NONE', #1849, .T. ) ;
#2873 = CARTESIAN_POINT ( 'NONE',  ( -1150.000000000000455, 970.0000000000002274, -914.9999999999998863 ) ) ;
#2874 = ADVANCED_FACE ( 'NONE', ( #1716 ), #259, .F. ) ;
#2875 = FACE_OUTER_BOUND ( 'NONE', #3226, .T. ) ;
#2876 = ORIENTED_EDGE ( 'NONE', *, *, #1004, .T. ) ;
#2877 = VERTEX_POINT ( 'NONE', #213 ) ;
#2878 = EDGE_CURVE ( 'NONE', #1819, #3118, #3246, .T. ) ;
#2879 = ORIENTED_EDGE ( 'NONE', *, *, #3038, .F. ) ;
#2880 = VECTOR ( 'NONE', #350, 1000.000000000000000 ) ;
#2881 = DIRECTION ( 'NONE',  ( 1.000000000000000000, 0.000000000000000000, 0.000000000000000000 ) ) ;
#2882 = ORIENTED_EDGE ( 'NONE', *, *, #2122, .F. ) ;
#2883 = ORIENTED_EDGE ( 'NONE', *, *, #1385, .F. ) ;
#2884 = CARTESIAN_POINT ( 'NONE',  ( -1150.000000000000455, 870.0000000000001137, -945.0000000000000000 ) ) ;
#2885 = PLANE ( 'NONE',  #1897 ) ;
#2886 = ORIENTED_EDGE ( 'NONE', *, *, #1433, .F. ) ;
#2887 = VECTOR ( 'NONE', #3402, 1000.000000000000000 ) ;
#2888 = CIRCLE ( 'NONE', #512, 70.00000000000005684 ) ;
#2889 = ORIENTED_EDGE ( 'NONE', *, *, #3558, .T. ) ;
#2890 = CIRCLE ( 'NONE', #1291, 70.00000000000005684 ) ;
#2891 = LINE ( 'NONE', #406, #1982 ) ;
#2892 = ORIENTED_EDGE ( 'NONE', *, *, #301, .T. ) ;
#2893 = PLANE ( 'NONE',  #2575 ) ;
#2894 = AXIS2_PLACEMENT_3D ( 'NONE', #3924, #2749, #1495 ) ;
#2895 = DIRECTION ( 'NONE',  ( -0.000000000000000000, -1.000000000000000000, -0.000000000000000000 ) ) ;
#2896 = AXIS2_PLACEMENT_3D ( 'NONE', #917, #3051, #3637 ) ;
#2897 = CARTESIAN_POINT ( 'NONE',  ( -1149.999999999999545, 1.387778780781445676E-14, 1083.578643762690717 ) ) ;
#2898 = CARTESIAN_POINT ( 'NONE',  ( -1010.000000000000000, 380.0000000000000000, -246.9999999999999147 ) ) ;
#2899 = CARTESIAN_POINT ( 'NONE',  ( 1049.999999999999773, 940.0000000000001137, -1125.000000000000000 ) ) ;
#2900 = DIRECTION ( 'NONE',  ( -2.027804611187500911E-16, -0.000000000000000000, -1.000000000000000000 ) ) ;
#2901 = VERTEX_POINT ( 'NONE', #1447 ) ;
#2902 = FACE_OUTER_BOUND ( 'NONE', #454, .T. ) ;
#2903 = ORIENTED_EDGE ( 'NONE', *, *, #3937, .F. ) ;
#2904 = APPLICATION_PROTOCOL_DEFINITION ( 'international standard', 'config_control_design', 1994, #771 ) ;
#2905 = CARTESIAN_POINT ( 'NONE',  ( -1049.999999999999318, 300.0000000000000568, -1553.630394101094680 ) ) ;
#2906 = ORIENTED_EDGE ( 'NONE', *, *, #2847, .T. ) ;
#2907 = LINE ( 'NONE', #829, #2935 ) ;
#2908 = CARTESIAN_POINT ( 'NONE',  ( -1050.000000000000000, 940.0000000000001137, -945.0000000000000000 ) ) ;
#2909 = ORIENTED_EDGE ( 'NONE', *, *, #1017, .T. ) ;
#2910 = LINE ( 'NONE', #1342, #569 ) ;
#2911 = VERTEX_POINT ( 'NONE', #3648 ) ;
#2912 = LINE ( 'NONE', #709, #2717 ) ;
#2913 = CARTESIAN_POINT ( 'NONE',  ( 919.9999999999994316, 130.0000000000000000, -594.9999999999997726 ) ) ;
#2914 = DIRECTION ( 'NONE',  ( 0.000000000000000000, -1.000000000000000000, 0.000000000000000000 ) ) ;
#2915 = DIRECTION ( 'NONE',  ( 0.000000000000000000, -0.000000000000000000, -1.000000000000000000 ) ) ;
#2916 = ORIENTED_EDGE ( 'NONE', *, *, #2152, .T. ) ;
#2917 = ORIENTED_EDGE ( 'NONE', *, *, #1358, .T. ) ;
#2918 = ORIENTED_EDGE ( 'NONE', *, *, #859, .F. ) ;
#2919 = EDGE_LOOP ( 'NONE', ( #327, #3275, #3913, #2216, #3659, #2940, #1145, #3569, #2581 ) ) ;
#2920 = DIRECTION ( 'NONE',  ( 0.000000000000000000, 0.000000000000000000, -1.000000000000000000 ) ) ;
#2921 = LINE ( 'NONE', #1315, #1394 ) ;
#2922 = ORIENTED_EDGE ( 'NONE', *, *, #1505, .F. ) ;
#2923 = ADVANCED_FACE ( 'NONE', ( #2720 ), #3328, .F. ) ;
#2924 = ORIENTED_EDGE ( 'NONE', *, *, #2231, .T. ) ;
#2925 = EDGE_CURVE ( 'NONE', #2129, #2325, #1806, .T. ) ;
#2926 = CARTESIAN_POINT ( 'NONE',  ( -80.00000000000007105, 1670.000000000000000, 1125.000000000000227 ) ) ;
#2927 = ORIENTED_EDGE ( 'NONE', *, *, #988, .T. ) ;
#2928 = LINE ( 'NONE', #152, #2249 ) ;
#2929 = AXIS2_PLACEMENT_3D ( 'NONE', #2404, #1782, #3271 ) ;
#2930 = PLANE ( 'NONE',  #1483 ) ;
#2931 = VECTOR ( 'NONE', #598, 1000.000000000000000 ) ;
#2932 = CARTESIAN_POINT ( 'NONE',  ( -370.0000000000002274, 780.0000000000000000, -1094.999999999999773 ) ) ;
#2933 = ORIENTED_EDGE ( 'NONE', *, *, #3371, .F. ) ;
#2934 = ORIENTED_EDGE ( 'NONE', *, *, #2732, .T. ) ;
#2935 = VECTOR ( 'NONE', #2970, 1000.000000000000000 ) ;
#2936 = DIRECTION ( 'NONE',  ( 0.000000000000000000, -0.000000000000000000, 1.000000000000000000 ) ) ;
#2937 = CYLINDRICAL_SURFACE ( 'NONE', #1236, 30.00000000000002842 ) ;
#2938 = CIRCLE ( 'NONE', #2620, 99.99999999999997158 ) ;
#2939 = ORIENTED_EDGE ( 'NONE', *, *, #1847, .T. ) ;
#2940 = ORIENTED_EDGE ( 'NONE', *, *, #2468, .T. ) ;
#2941 = LINE ( 'NONE', #3064, #374 ) ;
#2942 = ORIENTED_EDGE ( 'NONE', *, *, #171, .F. ) ;
#2943 = DIRECTION ( 'NONE',  ( -0.000000000000000000, -1.000000000000000000, -0.000000000000000000 ) ) ;
#2944 = VECTOR ( 'NONE', #40, 1000.000000000000000 ) ;
#2945 = CARTESIAN_POINT ( 'NONE',  ( 0.000000000000000000, -70.00000000000000000, 0.000000000000000000 ) ) ;
#2946 = VECTOR ( 'NONE', #345, 1000.000000000000000 ) ;
#2947 = EDGE_CURVE ( 'NONE', #3605, #3011, #342, .T. ) ;
#2948 = VECTOR ( 'NONE', #382, 1000.000000000000000 ) ;
#2949 = EDGE_CURVE ( 'NONE', #3011, #737, #2738, .T. ) ;
#2950 = LINE ( 'NONE', #1698, #684 ) ;
#2951 = ORIENTED_EDGE ( 'NONE', *, *, #1522, .F. ) ;
#2952 = CARTESIAN_POINT ( 'NONE',  ( -1149.999999999999773, 170.0000000000000000, 27.00000000000013500 ) ) ;
#2953 = DIRECTION ( 'NONE',  ( -1.000000000000000000, 0.000000000000000000, 9.654113257610057838E-17 ) ) ;
#2954 = AXIS2_PLACEMENT_3D ( 'NONE', #1841, #612, #2451 ) ;
#2955 = DIRECTION ( 'NONE',  ( -9.868649107779169933E-17, 0.000000000000000000, -1.000000000000000000 ) ) ;
#2956 = CARTESIAN_POINT ( 'NONE',  ( -30.00000000000009237, 470.0000000000000568, -914.9999999999998863 ) ) ;
#2957 = AXIS2_PLACEMENT_3D ( 'NONE', #1642, #734, #3483 ) ;
#2958 = FACE_OUTER_BOUND ( 'NONE', #3215, .T. ) ;
#2959 = ORIENTED_EDGE ( 'NONE', *, *, #2310, .F. ) ;
#2960 = ORIENTED_EDGE ( 'NONE', *, *, #2417, .T. ) ;
#2961 = CARTESIAN_POINT ( 'NONE',  ( 1119.999999999999773, 870.0000000000001137, -1025.000000000000000 ) ) ;
#2962 = CIRCLE ( 'NONE', #3216, 30.00000000000002842 ) ;
#2963 = VERTEX_POINT ( 'NONE', #1576 ) ;
#2964 = CYLINDRICAL_SURFACE ( 'NONE', #2831, 50.00000000000004263 ) ;
#2965 = ORIENTED_EDGE ( 'NONE', *, *, #3270, .F. ) ;
#2966 = ORIENTED_EDGE ( 'NONE', *, *, #2409, .F. ) ;
#2967 = EDGE_LOOP ( 'NONE', ( #1484, #3267, #1037, #843 ) ) ;
#2968 = VERTEX_POINT ( 'NONE', #2205 ) ;
#2969 = EDGE_CURVE ( 'NONE', #1365, #3347, #3088, .T. ) ;
#2970 = DIRECTION ( 'NONE',  ( 0.000000000000000000, -1.000000000000000000, 0.000000000000000000 ) ) ;
#2971 = LINE ( 'NONE', #852, #3778 ) ;
#2972 = DIRECTION ( 'NONE',  ( 0.000000000000000000, -0.000000000000000000, -1.000000000000000000 ) ) ;
#2973 = ORIENTED_EDGE ( 'NONE', *, *, #2529, .F. ) ;
#2974 = CARTESIAN_POINT ( 'NONE',  ( 519.9999999999994316, 130.0000000000000000, -594.9999999999997726 ) ) ;
#2975 = EDGE_CURVE ( 'NONE', #2517, #503, #1201, .T. ) ;
#2976 = EDGE_CURVE ( 'NONE', #2675, #3623, #35, .T. ) ;
#2977 = DIRECTION ( 'NONE',  ( -0.000000000000000000, -0.000000000000000000, 1.000000000000000000 ) ) ;
#2978 = PRODUCT ( 'torretta_XCGM_Default_sldprt', 'torretta_XCGM_Default_sldprt', '', ( #2034 ) ) ;
#2979 = DIRECTION ( 'NONE',  ( 0.000000000000000000, 0.000000000000000000, -1.000000000000000000 ) ) ;
#2980 = DIRECTION ( 'NONE',  ( -1.000000000000000000, 0.000000000000000000, 9.868649107779168700E-17 ) ) ;
#2981 = ORIENTED_EDGE ( 'NONE', *, *, #721, .T. ) ;
#2982 = ORIENTED_EDGE ( 'NONE', *, *, #436, .T. ) ;
#2983 = CARTESIAN_POINT ( 'NONE',  ( 1049.999999999999545, 870.0000000000001137, -1125.000000000000000 ) ) ;
#2984 = ORIENTED_EDGE ( 'NONE', *, *, #2949, .F. ) ;
#2985 = ADVANCED_FACE ( 'NONE', ( #896 ), #2133, .F. ) ;
#2986 = ORIENTED_EDGE ( 'NONE', *, *, #979, .T. ) ;
#2987 = ORIENTED_EDGE ( 'NONE', *, *, #839, .F. ) ;
#2988 = VERTEX_POINT ( 'NONE', #3 ) ;
#2989 = FACE_OUTER_BOUND ( 'NONE', #113, .T. ) ;
#2990 = DIRECTION ( 'NONE',  ( 1.000000000000000000, -0.000000000000000000, -9.654113257610057838E-17 ) ) ;
#2991 = PLANE ( 'NONE',  #3876 ) ;
#2992 =( NAMED_UNIT ( * ) SI_UNIT ( $, .STERADIAN. ) SOLID_ANGLE_UNIT ( ) );
#2993 = DIRECTION ( 'NONE',  ( 1.000000000000000000, -0.000000000000000000, -1.110223024625157033E-16 ) ) ;
#2994 = ORIENTED_EDGE ( 'NONE', *, *, #4012, .T. ) ;
#2995 = DIRECTION ( 'NONE',  ( -0.000000000000000000, -0.000000000000000000, 1.000000000000000000 ) ) ;
#2996 = EDGE_CURVE ( 'NONE', #2580, #1328, #1226, .T. ) ;
#2997 = FACE_OUTER_BOUND ( 'NONE', #426, .T. ) ;
#2998 = FACE_OUTER_BOUND ( 'NONE', #1431, .T. ) ;
#2999 = DIRECTION ( 'NONE',  ( -1.000000000000000000, -0.000000000000000000, 9.654113257610057838E-17 ) ) ;
#3000 = EDGE_CURVE ( 'NONE', #3362, #1438, #2471, .T. ) ;
#3001 = ORIENTED_EDGE ( 'NONE', *, *, #2925, .T. ) ;
#3002 = EDGE_LOOP ( 'NONE', ( #1480, #1883, #3366, #2667 ) ) ;
#3003 = CARTESIAN_POINT ( 'NONE',  ( 519.9999999999995453, 130.0000000000000000, 105.0000000000002558 ) ) ;
#3004 = ADVANCED_FACE ( 'NONE', ( #1276 ), #3999, .F. ) ;
#3005 = CARTESIAN_POINT ( 'NONE',  ( -874.6153846153849827, 583.0769230769233218, 125.0000000000002274 ) ) ;
#3006 = EDGE_CURVE ( 'NONE', #1517, #121, #1071, .T. ) ;
#3007 = VECTOR ( 'NONE', #2136, 1000.000000000000000 ) ;
#3008 = EDGE_CURVE ( 'NONE', #1941, #2556, #3055, .T. ) ;
#3009 = ORIENTED_EDGE ( 'NONE', *, *, #667, .F. ) ;
#3010 = EDGE_LOOP ( 'NONE', ( #442, #425, #2242, #1479, #1486 ) ) ;
#3011 = VERTEX_POINT ( 'NONE', #938 ) ;
#3012 = EDGE_LOOP ( 'NONE', ( #3264, #4015, #1985, #137 ) ) ;
#3013 = VECTOR ( 'NONE', #1836, 1000.000000000000000 ) ;
#3014 = CARTESIAN_POINT ( 'NONE',  ( -1150.000000000000455, 470.0000000000000568, -945.0000000000000000 ) ) ;
#3015 = AXIS2_PLACEMENT_3D ( 'NONE', #3760, #673, #375 ) ;
#3016 = CARTESIAN_POINT ( 'NONE',  ( -1030.000000000000000, 380.0000000000000000, -246.9999999999999147 ) ) ;
#3017 = CARTESIAN_POINT ( 'NONE',  ( -1119.999999999999545, 30.00000000000000711, 1025.000000000000000 ) ) ;
#3018 = AXIS2_PLACEMENT_3D ( 'NONE', #2597, #3523, #460 ) ;
#3019 = AXIS2_PLACEMENT_3D ( 'NONE', #3399, #639, #335 ) ;
#3020 = CARTESIAN_POINT ( 'NONE',  ( -1010.000000000000000, 0.000000000000000000, -246.9999999999999147 ) ) ;
#3021 = CARTESIAN_POINT ( 'NONE',  ( -1080.000000000000000, 380.0000000000000000, 7.000000000000162537 ) ) ;
#3022 = VERTEX_POINT ( 'NONE', #1538 ) ;
#3023 = DIRECTION ( 'NONE',  ( 1.000000000000000000, 0.000000000000000000, 0.000000000000000000 ) ) ;
#3024 = AXIS2_PLACEMENT_3D ( 'NONE', #3501, #2248, #2549 ) ;
#3025 = AXIS2_PLACEMENT_3D ( 'NONE', #692, #3505, #116 ) ;
#3026 = VECTOR ( 'NONE', #814, 1000.000000000000000 ) ;
#3027 = CARTESIAN_POINT ( 'NONE',  ( -1080.000000000000000, 380.0000000000000000, 7.000000000000162537 ) ) ;
#3028 = CARTESIAN_POINT ( 'NONE',  ( -1050.000000000000000, 970.0000000000002274, -914.9999999999998863 ) ) ;
#3029 = CARTESIAN_POINT ( 'NONE',  ( -1150.000000000000227, 170.0000000000000000, -1094.999999999999773 ) ) ;
#3030 = VERTEX_POINT ( 'NONE', #2171 ) ;
#3031 = AXIS2_PLACEMENT_3D ( 'NONE', #707, #3768, #992 ) ;
#3032 = DIRECTION ( 'NONE',  ( 0.000000000000000000, -1.000000000000000000, 0.000000000000000000 ) ) ;
#3033 = VECTOR ( 'NONE', #1104, 1000.000000000000000 ) ;
#3034 = ORIENTED_EDGE ( 'NONE', *, *, #3240, .T. ) ;
#3035 = EDGE_LOOP ( 'NONE', ( #1616, #3249, #386, #3323 ) ) ;
#3036 = ORIENTED_EDGE ( 'NONE', *, *, #2820, .F. ) ;
#3037 = CIRCLE ( 'NONE', #1809, 70.00000000000005684 ) ;
#3038 = EDGE_CURVE ( 'NONE', #2018, #1265, #3693, .T. ) ;
#3039 = ADVANCED_FACE ( 'NONE', ( #3386 ), #3370, .T. ) ;
#3040 = DIRECTION ( 'NONE',  ( 0.000000000000000000, -0.000000000000000000, 1.000000000000000000 ) ) ;
#3041 = LINE ( 'NONE', #3355, #1231 ) ;
#3042 = CARTESIAN_POINT ( 'NONE',  ( 519.9999999999995453, 725.7685167991344315, 105.0000000000001421 ) ) ;
#3043 = LINE ( 'NONE', #3749, #3670 ) ;
#3044 = ORIENTED_EDGE ( 'NONE', *, *, #3437, .T. ) ;
#3045 = DIRECTION ( 'NONE',  ( 1.000000000000000000, 0.000000000000000000, 0.000000000000000000 ) ) ;
#3046 = PLANE ( 'NONE',  #3476 ) ;
#3047 = EDGE_LOOP ( 'NONE', ( #328, #3324, #2524, #1183 ) ) ;
#3048 = CARTESIAN_POINT ( 'NONE',  ( -1150.000000000000227, 380.0000000000000000, 27.00000000000015632 ) ) ;
#3049 = LINE ( 'NONE', #1515, #3013 ) ;
#3050 = EDGE_CURVE ( 'NONE', #3211, #1337, #629, .T. ) ;
#3051 = DIRECTION ( 'NONE',  ( -1.110223024625157033E-16, -1.863514088643043710E-16, -1.000000000000000000 ) ) ;
#3052 = ORIENTED_EDGE ( 'NONE', *, *, #676, .F. ) ;
#3053 = ORIENTED_EDGE ( 'NONE', *, *, #1034, .T. ) ;
#3054 = DIRECTION ( 'NONE',  ( 0.000000000000000000, -1.000000000000000000, 0.000000000000000000 ) ) ;
#3055 = LINE ( 'NONE', #3103, #3322 ) ;
#3056 = CARTESIAN_POINT ( 'NONE',  ( 919.9999999999994316, 329.9999999999999432, -1094.999999999999773 ) ) ;
#3057 = CARTESIAN_POINT ( 'NONE',  ( 100.0000000000000853, 170.0000000000000000, 1095.000000000000000 ) ) ;
#3058 = EDGE_CURVE ( 'NONE', #2187, #1138, #1559, .T. ) ;
#3059 = DIRECTION ( 'NONE',  ( -1.000000000000000000, 0.000000000000000000, 0.000000000000000000 ) ) ;
#3060 = ADVANCED_FACE ( 'NONE', ( #1259 ), #1878, .F. ) ;
#3061 = DIRECTION ( 'NONE',  ( 0.000000000000000000, 0.000000000000000000, -1.000000000000000000 ) ) ;
#3062 = LINE ( 'NONE', #2704, #3408 ) ;
#3063 = ORIENTED_EDGE ( 'NONE', *, *, #134, .F. ) ;
#3064 = CARTESIAN_POINT ( 'NONE',  ( -50.00000000000001421, 140.0000000000001137, 1125.000000000000227 ) ) ;
#3065 = FACE_OUTER_BOUND ( 'NONE', #2648, .T. ) ;
#3066 = DIRECTION ( 'NONE',  ( -0.000000000000000000, -0.000000000000000000, 1.000000000000000000 ) ) ;
#3067 = ORIENTED_EDGE ( 'NONE', *, *, #1461, .T. ) ;
#3068 = AXIS2_PLACEMENT_3D ( 'NONE', #1185, #873, #2107 ) ;
#3069 = CARTESIAN_POINT ( 'NONE',  ( -680.0000000000004547, 770.0000000000000000, 1125.001000000000431 ) ) ;
#3070 = VECTOR ( 'NONE', #1338, 1000.000000000000000 ) ;
#3071 = CARTESIAN_POINT ( 'NONE',  ( -1091.005050633882774, 58.99494936611655049, 1095.000000000000227 ) ) ;
#3072 = CARTESIAN_POINT ( 'NONE',  ( -1050.000000000000000, 100.0000000000000142, -1094.999999999999773 ) ) ;
#3073 = AXIS2_PLACEMENT_3D ( 'NONE', #3961, #1184, #2132 ) ;
#3074 = LINE ( 'NONE', #3057, #2944 ) ;
#3075 = EDGE_CURVE ( 'NONE', #389, #362, #647, .T. ) ;
#3076 = LINE ( 'NONE', #928, #238 ) ;
#3077 = ORIENTED_EDGE ( 'NONE', *, *, #1403, .F. ) ;
#3078 = EDGE_CURVE ( 'NONE', #1819, #1890, #120, .T. ) ;
#3079 = DIRECTION ( 'NONE',  ( 1.000000000000000000, 0.000000000000000000, -9.654113257610057838E-17 ) ) ;
#3080 = DIRECTION ( 'NONE',  ( 0.000000000000000000, 0.000000000000000000, 1.000000000000000000 ) ) ;
#3081 = ORIENTED_EDGE ( 'NONE', *, *, #326, .T. ) ;
#3082 = CARTESIAN_POINT ( 'NONE',  ( -620.0000000000004547, 770.0000000000000000, -345.0000000000000000 ) ) ;
#3083 = LINE ( 'NONE', #325, #2887 ) ;
#3084 = VECTOR ( 'NONE', #3841, 1000.000000000000227 ) ;
#3085 = AXIS2_PLACEMENT_3D ( 'NONE', #3099, #2800, #2492 ) ;
#3086 = VERTEX_POINT ( 'NONE', #2536 ) ;
#3087 = VECTOR ( 'NONE', #3925, 1000.000000000000000 ) ;
#3088 = LINE ( 'NONE', #3745, #3445 ) ;
#3089 = AXIS2_PLACEMENT_3D ( 'NONE', #774, #1409, #2595 ) ;
#3090 = EDGE_CURVE ( 'NONE', #759, #397, #2821, .T. ) ;
#3091 = CARTESIAN_POINT ( 'NONE',  ( -1103.090949642941041, 863.2713299711926993, 225.0000000000011653 ) ) ;
#3092 = CARTESIAN_POINT ( 'NONE',  ( -750.0000000000004547, 770.0000000000000000, -300.0000000000000000 ) ) ;
#3093 = DIRECTION ( 'NONE',  ( 0.000000000000000000, 0.000000000000000000, -1.000000000000000000 ) ) ;
#3094 = ORIENTED_EDGE ( 'NONE', *, *, #2337, .F. ) ;
#3095 = LINE ( 'NONE', #3715, #1428 ) ;
#3096 = CARTESIAN_POINT ( 'NONE',  ( -1080.000000000000000, 380.0000000000000000, 27.00000000000015632 ) ) ;
#3097 = ADVANCED_FACE ( 'NONE', ( #674 ), #3180, .T. ) ;
#3098 = ADVANCED_FACE ( 'NONE', ( #3161 ), #3824, .F. ) ;
#3099 = CARTESIAN_POINT ( 'NONE',  ( 99.99999999999994316, 870.0000000000001137, -375.0000000000000000 ) ) ;
#3100 = CARTESIAN_POINT ( 'NONE',  ( -550.0000000000004547, 770.0000000000000000, 80.00000000000022737 ) ) ;
#3101 = EDGE_CURVE ( 'NONE', #1735, #3211, #3843, .T. ) ;
#3102 = ORIENTED_EDGE ( 'NONE', *, *, #1157, .F. ) ;
#3103 = CARTESIAN_POINT ( 'NONE',  ( 0.000000000000000000, 940.0000000000001137, -1125.000000000000000 ) ) ;
#3104 = CARTESIAN_POINT ( 'NONE',  ( -1150.000000000000455, 140.0000000000001137, -375.0000000000000000 ) ) ;
#3105 = SPHERICAL_SURFACE ( 'NONE', #3934, 100.0000000000000000 ) ;
#3106 = CARTESIAN_POINT ( 'NONE',  ( 0.000000000000000000, 940.0000000000001137, -945.0000000000000000 ) ) ;
#3107 = ORIENTED_EDGE ( 'NONE', *, *, #2576, .T. ) ;
#3108 = FACE_OUTER_BOUND ( 'NONE', #3773, .T. ) ;
#3109 = CARTESIAN_POINT ( 'NONE',  ( -1112.500000000000000, 380.0000000000000000, 7.000000000000162537 ) ) ;
#3110 = ADVANCED_FACE ( 'NONE', ( #3122 ), #1649, .T. ) ;
#3111 = DIRECTION ( 'NONE',  ( -9.868649107779169933E-17, 0.000000000000000000, -1.000000000000000000 ) ) ;
#3112 = CARTESIAN_POINT ( 'NONE',  ( 1119.999999999999545, 329.9999999999999432, -1025.000000000000000 ) ) ;
#3113 = PERSON_AND_ORGANIZATION ( #293, #1589 ) ;
#3114 = CARTESIAN_POINT ( 'NONE',  ( 100.0000000000000853, 140.0000000000000000, 1025.000000000000000 ) ) ;
#3115 = ADVANCED_FACE ( 'NONE', ( #2558 ), #1048, .T. ) ;
#3116 = EDGE_CURVE ( 'NONE', #1445, #1438, #948, .T. ) ;
#3117 = CARTESIAN_POINT ( 'NONE',  ( -20.00000000000001421, 1770.000000000000000, 155.0000000000002558 ) ) ;
#3118 = VERTEX_POINT ( 'NONE', #1029 ) ;
#3119 = ORIENTED_EDGE ( 'NONE', *, *, #2685, .F. ) ;
#3120 = EDGE_CURVE ( 'NONE', #2681, #2556, #1610, .T. ) ;
#3121 = CYLINDRICAL_SURFACE ( 'NONE', #3015, 400.0000000000000000 ) ;
#3122 = FACE_OUTER_BOUND ( 'NONE', #827, .T. ) ;
#3123 = EDGE_CURVE ( 'NONE', #1815, #3973, #1591, .T. ) ;
#3124 = AXIS2_PLACEMENT_3D ( 'NONE', #2563, #2262, #401 ) ;
#3125 = DIRECTION ( 'NONE',  ( 1.000000000000000000, 0.000000000000000000, 0.000000000000000000 ) ) ;
#3126 = AXIS2_PLACEMENT_3D ( 'NONE', #1910, #1627, #3141 ) ;
#3127 = DIRECTION ( 'NONE',  ( 1.000000000000000000, 0.000000000000000000, 0.000000000000000000 ) ) ;
#3128 = ORIENTED_EDGE ( 'NONE', *, *, #1398, .T. ) ;
#3129 = VECTOR ( 'NONE', #3748, 1000.000000000000000 ) ;
#3130 = CARTESIAN_POINT ( 'NONE',  ( -20.00000000000001776, 1770.000000000000000, 1125.000000000000227 ) ) ;
#3131 = CIRCLE ( 'NONE', #2815, 99.99999999999997158 ) ;
#3132 = CARTESIAN_POINT ( 'NONE',  ( -1080.000000000000000, 380.0000000000000000, 7.000000000000162537 ) ) ;
#3133 = EDGE_CURVE ( 'NONE', #866, #2423, #2276, .T. ) ;
#3134 = DIRECTION ( 'NONE',  ( -0.1736481776669271393, -0.9848077530122086864, 1.676419174174107729E-17 ) ) ;
#3135 = DATE_AND_TIME ( #3404, #1339 ) ;
#3136 = VECTOR ( 'NONE', #2808, 1000.000000000000000 ) ;
#3137 = VERTEX_POINT ( 'NONE', #2300 ) ;
#3138 = VERTEX_POINT ( 'NONE', #448 ) ;
#3139 = VECTOR ( 'NONE', #2709, 1000.000000000000000 ) ;
#3140 = AXIS2_PLACEMENT_3D ( 'NONE', #3732, #1210, #2209 ) ;
#3141 = DIRECTION ( 'NONE',  ( -1.000000000000000000, 0.000000000000000000, 0.000000000000000000 ) ) ;
#3142 = EDGE_CURVE ( 'NONE', #1154, #1086, #1360, .T. ) ;
#3143 = EDGE_CURVE ( 'NONE', #1919, #2378, #243, .T. ) ;
#3144 = AXIS2_PLACEMENT_3D ( 'NONE', #1215, #1292, #2441 ) ;
#3145 = DIRECTION ( 'NONE',  ( 1.000000000000000000, 0.000000000000000000, 0.000000000000000000 ) ) ;
#3146 = DIRECTION ( 'NONE',  ( -1.000000000000000000, 0.000000000000000000, 0.000000000000000000 ) ) ;
#3147 = VECTOR ( 'NONE', #379, 1000.000000000000000 ) ;
#3148 = DIRECTION ( 'NONE',  ( 1.110223024625157033E-16, 1.863514088643043710E-16, 1.000000000000000000 ) ) ;
#3149 = ADVANCED_FACE ( 'NONE', ( #418 ), #2256, .T. ) ;
#3150 = EDGE_LOOP ( 'NONE', ( #2316, #3870, #3475 ) ) ;
#3151 = AXIS2_PLACEMENT_3D ( 'NONE', #3498, #1368, #106 ) ;
#3152 = DIRECTION ( 'NONE',  ( 0.5547001962252291474, 0.8320502943378437211, 0.000000000000000000 ) ) ;
#3153 = CARTESIAN_POINT ( 'NONE',  ( -1120.000000000000000, 30.00000000000000000, -1124.999999999999773 ) ) ;
#3154 = DIRECTION ( 'NONE',  ( 0.000000000000000000, -0.000000000000000000, 1.000000000000000000 ) ) ;
#3155 = DIRECTION ( 'NONE',  ( 0.1736481776669271393, 0.9848077530122086864, -1.279567732500149556E-17 ) ) ;
#3156 = CARTESIAN_POINT ( 'NONE',  ( -1150.000000000000227, 500.0000000000000000, -914.9999999999998863 ) ) ;
#3157 = ORIENTED_EDGE ( 'NONE', *, *, #3400, .T. ) ;
#3158 = ORIENTED_EDGE ( 'NONE', *, *, #2140, .T. ) ;
#3159 = ORIENTED_EDGE ( 'NONE', *, *, #275, .T. ) ;
#3160 = ADVANCED_FACE ( 'NONE', ( #3509 ), #739, .F. ) ;
#3161 = FACE_OUTER_BOUND ( 'NONE', #495, .T. ) ;
#3162 = CARTESIAN_POINT ( 'NONE',  ( -20.00000000000001776, 1770.000000000000000, 125.0000000000002558 ) ) ;
#3163 = DIRECTION ( 'NONE',  ( 1.000000000000000000, 0.000000000000000000, 0.000000000000000000 ) ) ;
#3164 = VERTEX_POINT ( 'NONE', #1005 ) ;
#3165 = EDGE_CURVE ( 'NONE', #464, #2901, #2235, .T. ) ;
#3166 = EDGE_CURVE ( 'NONE', #1669, #3086, #1827, .T. ) ;
#3167 = DIRECTION ( 'NONE',  ( 0.000000000000000000, 0.000000000000000000, -1.000000000000000000 ) ) ;
#3168 = VERTEX_POINT ( 'NONE', #2390 ) ;
#3169 = EDGE_CURVE ( 'NONE', #2446, #469, #926, .T. ) ;
#3170 = FACE_OUTER_BOUND ( 'NONE', #1699, .T. ) ;
#3171 = CARTESIAN_POINT ( 'NONE',  ( 1049.999999999999545, 870.0000000000001137, -1025.000000000000000 ) ) ;
#3172 = FACE_BOUND ( 'NONE', #2341, .T. ) ;
#3173 = APPROVAL_STATUS ( 'not_yet_approved' ) ;
#3174 = DIRECTION ( 'NONE',  ( -0.000000000000000000, -0.000000000000000000, -1.000000000000000000 ) ) ;
#3175 = DIRECTION ( 'NONE',  ( -0.000000000000000000, 0.000000000000000000, -1.000000000000000000 ) ) ;
#3176 = CARTESIAN_POINT ( 'NONE',  ( 1150.000000000000000, 870.0000000000001137, 1125.000000000000000 ) ) ;
#3177 = ORIENTED_EDGE ( 'NONE', *, *, #100, .F. ) ;
#3178 = ORIENTED_EDGE ( 'NONE', *, *, #803, .F. ) ;
#3179 = ORIENTED_EDGE ( 'NONE', *, *, #251, .F. ) ;
#3180 = PLANE ( 'NONE',  #312 ) ;
#3181 = EDGE_LOOP ( 'NONE', ( #2214, #2307, #817 ) ) ;
#3182 = LINE ( 'NONE', #2261, #3070 ) ;
#3183 = LINE ( 'NONE', #2776, #2700 ) ;
#3184 = CYLINDRICAL_SURFACE ( 'NONE', #2482, 99.99999999999997158 ) ;
#3185 = ORIENTED_EDGE ( 'NONE', *, *, #567, .T. ) ;
#3186 = AXIS2_PLACEMENT_3D ( 'NONE', #2590, #2281, #3210 ) ;
#3187 = DIRECTION ( 'NONE',  ( 0.000000000000000000, 0.000000000000000000, 1.000000000000000000 ) ) ;
#3188 = CC_DESIGN_PERSON_AND_ORGANIZATION_ASSIGNMENT ( #1569, #2514, ( #1981 ) ) ;
#3189 = ORIENTED_EDGE ( 'NONE', *, *, #1633, .T. ) ;
#3190 = CARTESIAN_POINT ( 'NONE',  ( -1149.999999999999545, 170.0000000000000000, 1125.000000000000227 ) ) ;
#3191 = AXIS2_PLACEMENT_3D ( 'NONE', #954, #2191, #3409 ) ;
#3192 = CARTESIAN_POINT ( 'NONE',  ( -991.0378370582244543, 1671.519224698778771, 1025.000000000000682 ) ) ;
#3193 = CARTESIAN_POINT ( 'NONE',  ( -1150.000000000000227, 380.0000000000000000, 50.00000000000015632 ) ) ;
#3194 = DIRECTION ( 'NONE',  ( -0.000000000000000000, -0.000000000000000000, 1.000000000000000000 ) ) ;
#3195 = VECTOR ( 'NONE', #609, 1000.000000000000000 ) ;
#3196 = LINE ( 'NONE', #2956, #268 ) ;
#3197 = PLANE ( 'NONE',  #2123 ) ;
#3198 = ORIENTED_EDGE ( 'NONE', *, *, #3418, .F. ) ;
#3199 = DIRECTION ( 'NONE',  ( -9.868649107779169933E-17, -0.000000000000000000, -1.000000000000000000 ) ) ;
#3200 = VERTEX_POINT ( 'NONE', #2473 ) ;
#3201 = VECTOR ( 'NONE', #2291, 1000.000000000000000 ) ;
#3202 = AXIS2_PLACEMENT_3D ( 'NONE', #3021, #2326, #263 ) ;
#3203 = APPLICATION_PROTOCOL_DEFINITION ( 'international standard', 'config_control_design', 1994, #1676 ) ;
#3204 = CARTESIAN_POINT ( 'NONE',  ( -650.0000000000004547, 770.0000000000000000, -345.0000000000000000 ) ) ;
#3205 = DIRECTION ( 'NONE',  ( -0.000000000000000000, -0.000000000000000000, -1.000000000000000000 ) ) ;
#3206 = ORIENTED_EDGE ( 'NONE', *, *, #110, .F. ) ;
#3207 = EDGE_LOOP ( 'NONE', ( #2533, #2864, #2081, #1531 ) ) ;
#3208 = CARTESIAN_POINT ( 'NONE',  ( -30.00000000000009237, 470.0000000000000568, -945.0000000000000000 ) ) ;
#3209 = CIRCLE ( 'NONE', #2376, 30.00000000000002842 ) ;
#3210 = DIRECTION ( 'NONE',  ( -0.1736481776669271393, -0.9848077530122086864, 0.000000000000000000 ) ) ;
#3211 = VERTEX_POINT ( 'NONE', #1785 ) ;
#3212 = VECTOR ( 'NONE', #3643, 1000.000000000000000 ) ;
#3213 = AXIS2_PLACEMENT_3D ( 'NONE', #458, #2953, #1749 ) ;
#3214 = PLANE ( 'NONE',  #1993 ) ;
#3215 = EDGE_LOOP ( 'NONE', ( #870, #2736, #407, #346 ) ) ;
#3216 = AXIS2_PLACEMENT_3D ( 'NONE', #975, #347, #1581 ) ;
#3217 = DIRECTION ( 'NONE',  ( -0.000000000000000000, -0.000000000000000000, 1.000000000000000000 ) ) ;
#3218 = AXIS2_PLACEMENT_3D ( 'NONE', #2430, #1561, #941 ) ;
#3219 = DIRECTION ( 'NONE',  ( 2.467162276944792422E-16, -1.000000000000000000, 0.000000000000000000 ) ) ;
#3220 = CARTESIAN_POINT ( 'NONE',  ( -20.00000000000001776, 1770.000000000000000, 125.0000000000002558 ) ) ;
#3221 = CARTESIAN_POINT ( 'NONE',  ( 1049.999999999999545, 870.0000000000001137, -1025.000000000000000 ) ) ;
#3222 = DIRECTION ( 'NONE',  ( 1.000000000000000000, 0.000000000000000000, 0.000000000000000000 ) ) ;
#3223 = ORIENTED_EDGE ( 'NONE', *, *, #1822, .F. ) ;
#3224 = DIRECTION ( 'NONE',  ( 0.000000000000000000, 0.000000000000000000, 1.000000000000000000 ) ) ;
#3225 = DIRECTION ( 'NONE',  ( 0.000000000000000000, -0.000000000000000000, 1.000000000000000000 ) ) ;
#3226 = EDGE_LOOP ( 'NONE', ( #545, #2001, #1558, #1929, #893, #2903 ) ) ;
#3227 = CARTESIAN_POINT ( 'NONE',  ( 1049.999999999999773, 870.0000000000001137, 1025.000000000000455 ) ) ;
#3228 = DIRECTION ( 'NONE',  ( -1.000000000000000000, 0.000000000000000000, 0.000000000000000000 ) ) ;
#3229 = ORIENTED_EDGE ( 'NONE', *, *, #2636, .F. ) ;
#3230 = ORIENTED_EDGE ( 'NONE', *, *, #3471, .T. ) ;
#3231 = DIRECTION ( 'NONE',  ( -1.000000000000000000, -0.000000000000000000, 0.000000000000000000 ) ) ;
#3232 = ORIENTED_EDGE ( 'NONE', *, *, #2806, .F. ) ;
#3233 = FACE_BOUND ( 'NONE', #125, .T. ) ;
#3234 = EDGE_CURVE ( 'NONE', #2080, #1943, #2110, .T. ) ;
#3235 = DIRECTION ( 'NONE',  ( 1.000000000000000000, 0.000000000000000000, -9.654113257610057838E-17 ) ) ;
#3236 = CARTESIAN_POINT ( 'NONE',  ( -680.0000000000004547, 770.0000000000000000, 80.00000000000024158 ) ) ;
#3237 = VERTEX_POINT ( 'NONE', #3313 ) ;
#3238 = VERTEX_POINT ( 'NONE', #3072 ) ;
#3239 = PLANE ( 'NONE',  #1227 ) ;
#3240 = EDGE_CURVE ( 'NONE', #3362, #2401, #3449, .T. ) ;
#3241 = ADVANCED_FACE ( 'NONE', ( #1503 ), #300, .T. ) ;
#3242 = VERTEX_POINT ( 'NONE', #3711 ) ;
#3243 = DIRECTION ( 'NONE',  ( -2.281359272033345292E-17, -1.342301335387789571E-16, -1.000000000000000000 ) ) ;
#3244 = EDGE_CURVE ( 'NONE', #389, #2129, #3964, .T. ) ;
#3245 = VERTEX_POINT ( 'NONE', #2091 ) ;
#3246 = LINE ( 'NONE', #806, #945 ) ;
#3247 = EDGE_LOOP ( 'NONE', ( #373, #2705, #3102, #1024, #2960 ) ) ;
#3248 = DIRECTION ( 'NONE',  ( 0.000000000000000000, 1.000000000000000000, 0.000000000000000000 ) ) ;
#3249 = ORIENTED_EDGE ( 'NONE', *, *, #100, .T. ) ;
#3250 = DIRECTION ( 'NONE',  ( 0.000000000000000000, 1.000000000000000000, -0.000000000000000000 ) ) ;
#3251 = CARTESIAN_POINT ( 'NONE',  ( -1049.999999999999091, 300.0000000000000568, 125.0000000000002274 ) ) ;
#3252 = FACE_BOUND ( 'NONE', #1457, .T. ) ;
#3253 = AXIS2_PLACEMENT_3D ( 'NONE', #970, #595, #3427 ) ;
#3254 = CARTESIAN_POINT ( 'NONE',  ( -970.0000000000002274, 780.0000000000000000, -945.0000000000000000 ) ) ;
#3255 = EDGE_CURVE ( 'NONE', #2508, #3605, #2762, .T. ) ;
#3256 = CARTESIAN_POINT ( 'NONE',  ( 919.9999999999994316, 329.9999999999999432, -1094.999999999999773 ) ) ;
#3257 = ORIENTED_EDGE ( 'NONE', *, *, #3143, .F. ) ;
#3258 = VERTEX_POINT ( 'NONE', #318 ) ;
#3259 = CARTESIAN_POINT ( 'NONE',  ( -30.00000000000000000, 870.0000000000001137, 2.960594732333750906E-15 ) ) ;
#3260 = PERSON_AND_ORGANIZATION ( #293, #1589 ) ;
#3261 = CARTESIAN_POINT ( 'NONE',  ( -1150.000000000000227, 1.953303642143652422E-14, -1083.578643762690263 ) ) ;
#3262 = DIRECTION ( 'NONE',  ( -0.000000000000000000, -0.000000000000000000, 1.000000000000000000 ) ) ;
#3263 = EDGE_LOOP ( 'NONE', ( #3994, #3463, #1120, #3944 ) ) ;
#3264 = ORIENTED_EDGE ( 'NONE', *, *, #1750, .T. ) ;
#3265 = ORIENTED_EDGE ( 'NONE', *, *, #619, .T. ) ;
#3266 = LINE ( 'NONE', #3309, #193 ) ;
#3267 = ORIENTED_EDGE ( 'NONE', *, *, #2775, .T. ) ;
#3268 = DIRECTION ( 'NONE',  ( 1.000000000000000000, 0.000000000000000000, 0.000000000000000000 ) ) ;
#3269 = ADVANCED_FACE ( 'NONE', ( #3390 ), #900, .T. ) ;
#3270 = EDGE_CURVE ( 'NONE', #2302, #2559, #5, .T. ) ;
#3271 = DIRECTION ( 'NONE',  ( 0.000000000000000000, 1.000000000000000000, 0.000000000000000000 ) ) ;
#3272 = EDGE_CURVE ( 'NONE', #1563, #1780, #3663, .T. ) ;
#3273 = CIRCLE ( 'NONE', #1344, 32.49999999999997158 ) ;
#3274 = CARTESIAN_POINT ( 'NONE',  ( -970.0000000000001137, 330.0000000000000000, -595.0000000000000000 ) ) ;
#3275 = ORIENTED_EDGE ( 'NONE', *, *, #1103, .T. ) ;
#3276 = DIRECTION ( 'NONE',  ( -1.000000000000000000, 0.000000000000000000, 9.654113257610057838E-17 ) ) ;
#3277 = VECTOR ( 'NONE', #2330, 1000.000000000000000 ) ;
#3278 = CIRCLE ( 'NONE', #3085, 70.00000000000000000 ) ;
#3279 = DIRECTION ( 'NONE',  ( -0.000000000000000000, 1.000000000000000000, -0.000000000000000000 ) ) ;
#3280 = CIRCLE ( 'NONE', #2134, 70.00000000000005684 ) ;
#3281 = ORIENTED_EDGE ( 'NONE', *, *, #3706, .F. ) ;
#3282 = EDGE_LOOP ( 'NONE', ( #1500, #571, #2055, #2829 ) ) ;
#3283 = CARTESIAN_POINT ( 'NONE',  ( 919.9999999999994316, 100.0000000000000853, -594.9999999999997726 ) ) ;
#3284 = VECTOR ( 'NONE', #3262, 1000.000000000000000 ) ;
#3285 = CARTESIAN_POINT ( 'NONE',  ( -9.868649107779161009E-15, 870.0000000000001137, 1025.000000000000000 ) ) ;
#3286 = EDGE_LOOP ( 'NONE', ( #3052, #2542, #1605, #3044 ) ) ;
#3287 = ORIENTED_EDGE ( 'NONE', *, *, #856, .T. ) ;
#3288 = CARTESIAN_POINT ( 'NONE',  ( 919.9999999999995453, 130.0000000000000000, 105.0000000000001990 ) ) ;
#3289 = ORIENTED_EDGE ( 'NONE', *, *, #3272, .T. ) ;
#3290 = CARTESIAN_POINT ( 'NONE',  ( 1049.999999999999545, 870.0000000000001137, -1025.000000000000000 ) ) ;
#3291 = DIRECTION ( 'NONE',  ( -0.000000000000000000, -0.000000000000000000, 1.000000000000000000 ) ) ;
#3292 = EDGE_CURVE ( 'NONE', #105, #1919, #854, .T. ) ;
#3293 = CARTESIAN_POINT ( 'NONE',  ( -1112.500000000000000, 380.0000000000000000, 7.000000000000162537 ) ) ;
#3294 = LINE ( 'NONE', #1994, #1077 ) ;
#3295 = LINE ( 'NONE', #3965, #2193 ) ;
#3296 = EDGE_CURVE ( 'NONE', #1153, #2422, #3993, .T. ) ;
#3297 = ORIENTED_EDGE ( 'NONE', *, *, #2743, .F. ) ;
#3298 = EDGE_CURVE ( 'NONE', #2559, #3970, #575, .T. ) ;
#3299 = LINE ( 'NONE', #542, #2500 ) ;
#3300 = EDGE_CURVE ( 'NONE', #3320, #2609, #2174, .T. ) ;
#3301 = CYLINDRICAL_SURFACE ( 'NONE', #1547, 100.0000000000000853 ) ;
#3302 = ORIENTED_EDGE ( 'NONE', *, *, #3101, .F. ) ;
#3303 = ORIENTED_EDGE ( 'NONE', *, *, #3389, .F. ) ;
#3304 = FACE_OUTER_BOUND ( 'NONE', #895, .T. ) ;
#3305 = LINE ( 'NONE', #1219, #2183 ) ;
#3306 = DIRECTION ( 'NONE',  ( 1.000000000000000000, 0.000000000000000000, -9.654113257610057838E-17 ) ) ;
#3307 = VERTEX_POINT ( 'NONE', #3042 ) ;
#3308 = ORIENTED_EDGE ( 'NONE', *, *, #1566, .T. ) ;
#3309 = CARTESIAN_POINT ( 'NONE',  ( 919.9999999999995453, 725.7685167991344315, 105.0000000000001137 ) ) ;
#3310 = ORIENTED_EDGE ( 'NONE', *, *, #199, .F. ) ;
#3311 = CARTESIAN_POINT ( 'NONE',  ( -550.0000000000003411, 0.000000000000000000, -300.0000000000000000 ) ) ;
#3312 = DIRECTION ( 'NONE',  ( -1.000000000000000000, 0.000000000000000000, 0.000000000000000000 ) ) ;
#3313 = CARTESIAN_POINT ( 'NONE',  ( -1112.500000000000000, 380.0000000000000000, -246.9999999999999147 ) ) ;
#3314 = DIRECTION ( 'NONE',  ( 1.000000000000000000, 0.000000000000000000, 0.000000000000000000 ) ) ;
#3315 = ORIENTED_EDGE ( 'NONE', *, *, #2456, .T. ) ;
#3316 = CARTESIAN_POINT ( 'NONE',  ( -650.0000000000004547, 770.0000000000000000, 125.0000000000002274 ) ) ;
#3317 = CYLINDRICAL_SURFACE ( 'NONE', #1416, 32.49999999999997158 ) ;
#3318 = CARTESIAN_POINT ( 'NONE',  ( 100.0000000000000853, 870.0000000000001137, 1025.000000000000455 ) ) ;
#3319 = AXIS2_PLACEMENT_3D ( 'NONE', #2069, #3291, #1465 ) ;
#3320 = VERTEX_POINT ( 'NONE', #876 ) ;
#3321 = DIRECTION ( 'NONE',  ( -0.000000000000000000, 1.000000000000000000, -0.000000000000000000 ) ) ;
#3322 = VECTOR ( 'NONE', #2448, 1000.000000000000000 ) ;
#3323 = ORIENTED_EDGE ( 'NONE', *, *, #559, .F. ) ;
#3324 = ORIENTED_EDGE ( 'NONE', *, *, #2073, .F. ) ;
#3325 = ORIENTED_EDGE ( 'NONE', *, *, #2721, .F. ) ;
#3326 = VECTOR ( 'NONE', #1857, 1000.000000000000000 ) ;
#3327 = VECTOR ( 'NONE', #1058, 1000.000000000000000 ) ;
#3328 = PLANE ( 'NONE',  #3068 ) ;
#3329 = CARTESIAN_POINT ( 'NONE',  ( -1080.000000000000000, 380.0000000000000000, 7.000000000000162537 ) ) ;
#3330 = CIRCLE ( 'NONE', #1663, 99.99999999999997158 ) ;
#3331 = DIRECTION ( 'NONE',  ( 0.000000000000000000, 0.000000000000000000, -1.000000000000000000 ) ) ;
#3332 = FACE_OUTER_BOUND ( 'NONE', #1098, .T. ) ;
#3333 = EDGE_LOOP ( 'NONE', ( #2518, #204, #3407, #3865, #2113 ) ) ;
#3334 = DESIGN_CONTEXT ( 'detailed design', #1676, 'design' ) ;
#3335 = LINE ( 'NONE', #3920, #3890 ) ;
#3336 = ADVANCED_FACE ( 'NONE', ( #2740 ), #1861, .F. ) ;
#3337 = VECTOR ( 'NONE', #3155, 999.9999999999998863 ) ;
#3338 = CARTESIAN_POINT ( 'NONE',  ( -1049.999999999999318, 100.0000000000000000, 1095.000000000000227 ) ) ;
#3339 = DIRECTION ( 'NONE',  ( -1.586032892321652236E-16, -0.000000000000000000, -1.000000000000000000 ) ) ;
#3340 = LINE ( 'NONE', #1173, #517 ) ;
#3341 = VERTEX_POINT ( 'NONE', #2428 ) ;
#3342 = VECTOR ( 'NONE', #1322, 1000.000000000000000 ) ;
#3343 = DIRECTION ( 'NONE',  ( 1.000000000000000000, 0.000000000000000000, 0.000000000000000000 ) ) ;
#3344 = CARTESIAN_POINT ( 'NONE',  ( -750.0000000000004547, 770.0000000000000000, 125.0000000000002274 ) ) ;
#3345 = AXIS2_PLACEMENT_3D ( 'NONE', #1879, #37, #3747 ) ;
#3346 = PLANE ( 'NONE',  #2896 ) ;
#3347 = VERTEX_POINT ( 'NONE', #343 ) ;
#3348 = ORIENTED_EDGE ( 'NONE', *, *, #3887, .F. ) ;
#3349 = ORIENTED_EDGE ( 'NONE', *, *, #3471, .F. ) ;
#3350 = AXIS2_PLACEMENT_3D ( 'NONE', #1668, #462, #502 ) ;
#3351 = EDGE_CURVE ( 'NONE', #2397, #622, #3779, .T. ) ;
#3352 = CARTESIAN_POINT ( 'NONE',  ( 1049.999999999999545, 100.0000000000000000, -1025.000000000000000 ) ) ;
#3353 = ADVANCED_FACE ( 'NONE', ( #2825 ), #722, .F. ) ;
#3354 = CARTESIAN_POINT ( 'NONE',  ( -874.6153846153849827, 583.0769230769233218, 125.0000000000002274 ) ) ;
#3355 = CARTESIAN_POINT ( 'NONE',  ( -970.0000000000002274, 780.0000000000000000, -1095.000000000000000 ) ) ;
#3356 = CARTESIAN_POINT ( 'NONE',  ( -20.00000000000001776, 1770.000000000000000, 125.0000000000002558 ) ) ;
#3357 = DIRECTION ( 'NONE',  ( 1.000000000000000000, 0.000000000000000000, 0.000000000000000000 ) ) ;
#3358 = CARTESIAN_POINT ( 'NONE',  ( -970.0000000000002274, 780.0000000000000000, -945.0000000000000000 ) ) ;
#3359 = PLANE ( 'NONE',  #3539 ) ;
#3360 = DIRECTION ( 'NONE',  ( 9.654113257610057838E-17, -0.000000000000000000, 1.000000000000000000 ) ) ;
#3361 = PLANE ( 'NONE',  #1425 ) ;
#3362 = VERTEX_POINT ( 'NONE', #3470 ) ;
#3363 = LINE ( 'NONE', #2816, #1544 ) ;
#3364 = LINE ( 'NONE', #606, #1405 ) ;
#3365 = LINE ( 'NONE', #3992, #746 ) ;
#3366 = ORIENTED_EDGE ( 'NONE', *, *, #548, .F. ) ;
#3367 = VERTEX_POINT ( 'NONE', #3428 ) ;
#3368 = ADVANCED_FACE ( 'NONE', ( #1008 ), #2862, .F. ) ;
#3369 = CARTESIAN_POINT ( 'NONE',  ( -961.4936044678610187, 1666.309779368771387, 1025.000000000001137 ) ) ;
#3370 = CYLINDRICAL_SURFACE ( 'NONE', #2614, 50.00000000000004263 ) ;
#3371 = EDGE_CURVE ( 'NONE', #1000, #2298, #2226, .T. ) ;
#3372 = FACE_OUTER_BOUND ( 'NONE', #3877, .T. ) ;
#3373 = CARTESIAN_POINT ( 'NONE',  ( -1080.000000000000000, 380.0000000000000000, 7.000000000000162537 ) ) ;
#3374 = DIRECTION ( 'NONE',  ( -0.000000000000000000, -0.000000000000000000, -1.000000000000000000 ) ) ;
#3375 = CARTESIAN_POINT ( 'NONE',  ( -550.0000000000003411, 0.000000000000000000, 80.00000000000022737 ) ) ;
#3376 = EDGE_LOOP ( 'NONE', ( #2083, #3875, #3223, #1198 ) ) ;
#3377 = DIRECTION ( 'NONE',  ( 0.000000000000000000, 0.000000000000000000, -1.000000000000000000 ) ) ;
#3378 = LINE ( 'NONE', #1753, #3804 ) ;
#3379 = ORIENTED_EDGE ( 'NONE', *, *, #2310, .T. ) ;
#3380 = CYLINDRICAL_SURFACE ( 'NONE', #118, 70.00000000000000000 ) ;
#3381 = CARTESIAN_POINT ( 'NONE',  ( -1010.000000000000000, 170.0000000000000000, 27.00000000000015632 ) ) ;
#3382 = COORDINATED_UNIVERSAL_TIME_OFFSET ( 8, 0, .AHEAD. ) ;
#3383 = EDGE_CURVE ( 'NONE', #693, #296, #3805, .T. ) ;
#3384 = ORIENTED_EDGE ( 'NONE', *, *, #619, .F. ) ;
#3385 = ORIENTED_EDGE ( 'NONE', *, *, #2170, .T. ) ;
#3386 = FACE_OUTER_BOUND ( 'NONE', #2010, .T. ) ;
#3387 = AXIS2_PLACEMENT_3D ( 'NONE', #2807, #38, #1613 ) ;
#3388 = CARTESIAN_POINT ( 'NONE',  ( 1049.999999999999545, 870.0000000000001137, -1095.000000000000000 ) ) ;
#3389 = EDGE_CURVE ( 'NONE', #1356, #3242, #3182, .T. ) ;
#3390 = FACE_OUTER_BOUND ( 'NONE', #1189, .T. ) ;
#3391 = CIRCLE ( 'NONE', #1650, 100.0000000000000000 ) ;
#3392 = PLANE ( 'NONE',  #906 ) ;
#3393 = EDGE_CURVE ( 'NONE', #2754, #1214, #1135, .T. ) ;
#3394 = DIRECTION ( 'NONE',  ( -9.868649107779169933E-17, 0.000000000000000000, -1.000000000000000000 ) ) ;
#3395 = ORIENTED_EDGE ( 'NONE', *, *, #978, .F. ) ;
#3396 = DIRECTION ( 'NONE',  ( -0.000000000000000000, -0.000000000000000000, -1.000000000000000000 ) ) ;
#3397 = AXIS2_PLACEMENT_3D ( 'NONE', #391, #1324, #3154 ) ;
#3398 = VECTOR ( 'NONE', #1267, 1000.000000000000000 ) ;
#3399 = CARTESIAN_POINT ( 'NONE',  ( 0.000000000000000000, 0.000000000000000000, -246.9999999999999147 ) ) ;
#3400 = EDGE_CURVE ( 'NONE', #2401, #3362, #628, .T. ) ;
#3401 = PLANE ( 'NONE',  #329 ) ;
#3402 = DIRECTION ( 'NONE',  ( 0.000000000000000000, -1.000000000000000000, 0.000000000000000000 ) ) ;
#3403 = DIRECTION ( 'NONE',  ( -1.000000000000000000, 0.000000000000000000, 7.368736889105026576E-17 ) ) ;
#3404 = CALENDAR_DATE ( 2026, 17, 8 ) ;
#3405 = FACE_OUTER_BOUND ( 'NONE', #1199, .T. ) ;
#3406 = VECTOR ( 'NONE', #2099, 1000.000000000000000 ) ;
#3407 = ORIENTED_EDGE ( 'NONE', *, *, #199, .T. ) ;
#3408 = VECTOR ( 'NONE', #563, 1000.000000000000000 ) ;
#3409 = DIRECTION ( 'NONE',  ( 0.000000000000000000, -0.000000000000000000, 1.000000000000000000 ) ) ;
#3410 = VECTOR ( 'NONE', #1379, 1000.000000000000000 ) ;
#3411 = CARTESIAN_POINT ( 'NONE',  ( -1149.999999999999545, 769.9999999999797637, 1025.000000000000227 ) ) ;
#3412 = CARTESIAN_POINT ( 'NONE',  ( -20.00000000000001776, 1740.000000000000000, 125.0000000000002558 ) ) ;
#3413 = EDGE_CURVE ( 'NONE', #2422, #3603, #22, .T. ) ;
#3414 = DIRECTION ( 'NONE',  ( 1.224646799147353207E-16, 1.000000000000000000, -0.000000000000000000 ) ) ;
#3415 = ORIENTED_EDGE ( 'NONE', *, *, #3568, .F. ) ;
#3416 = EDGE_CURVE ( 'NONE', #2018, #2837, #648, .T. ) ;
#3417 = FACE_OUTER_BOUND ( 'NONE', #1110, .T. ) ;
#3418 = EDGE_CURVE ( 'NONE', #1669, #2541, #956, .T. ) ;
#3419 = FACE_OUTER_BOUND ( 'NONE', #3786, .T. ) ;
#3420 = EDGE_CURVE ( 'NONE', #1367, #691, #400, .T. ) ;
#3421 = CARTESIAN_POINT ( 'NONE',  ( -1149.999999999999545, 170.0000000000000000, 1125.000000000000227 ) ) ;
#3422 = EDGE_CURVE ( 'NONE', #2508, #1710, #3816, .T. ) ;
#3423 = PLANE ( 'NONE',  #3810 ) ;
#3424 = EDGE_LOOP ( 'NONE', ( #2922, #1222, #2934, #61 ) ) ;
#3425 = ORIENTED_EDGE ( 'NONE', *, *, #3437, .F. ) ;
#3426 = DIRECTION ( 'NONE',  ( 1.000000000000000000, 0.000000000000000000, -9.868649107779169933E-17 ) ) ;
#3427 = DIRECTION ( 'NONE',  ( 1.000000000000000000, 0.000000000000000000, 0.000000000000000000 ) ) ;
#3428 = CARTESIAN_POINT ( 'NONE',  ( -973.6730192915340467, 1770.000000000000000, 1125.000000000000227 ) ) ;
#3429 = CARTESIAN_POINT ( 'NONE',  ( -750.0000000000004547, 770.0000000000000000, 80.00000000000022737 ) ) ;
#3430 = CARTESIAN_POINT ( 'NONE',  ( 0.000000000000000000, -70.00000000000000000, 400.0000000000000000 ) ) ;
#3431 = EDGE_CURVE ( 'NONE', #570, #362, #2795, .T. ) ;
#3432 = ORIENTED_EDGE ( 'NONE', *, *, #437, .F. ) ;
#3433 = FACE_OUTER_BOUND ( 'NONE', #158, .T. ) ;
#3434 = CARTESIAN_POINT ( 'NONE',  ( -1080.000000000000000, 380.0000000000000000, -226.9999999999999147 ) ) ;
#3435 = CARTESIAN_POINT ( 'NONE',  ( -930.1405309694780499, 1670.000000000000000, 125.0000000000002274 ) ) ;
#3436 = EDGE_CURVE ( 'NONE', #2422, #1153, #2550, .T. ) ;
#3437 = EDGE_CURVE ( 'NONE', #1357, #2064, #358, .T. ) ;
#3438 = ORIENTED_EDGE ( 'NONE', *, *, #2552, .F. ) ;
#3439 = ORIENTED_EDGE ( 'NONE', *, *, #119, .F. ) ;
#3440 = LINE ( 'NONE', #19, #3326 ) ;
#3441 = EDGE_CURVE ( 'NONE', #3848, #3866, #1298, .T. ) ;
#3442 = CARTESIAN_POINT ( 'NONE',  ( -1049.999999999999091, 300.0000000000000568, 125.0000000000002274 ) ) ;
#3443 = ORIENTED_EDGE ( 'NONE', *, *, #3455, .F. ) ;
#3444 = ORIENTED_EDGE ( 'NONE', *, *, #3850, .T. ) ;
#3445 = VECTOR ( 'NONE', #2481, 1000.000000000000000 ) ;
#3446 = DIRECTION ( 'NONE',  ( 1.000000000000000000, -0.000000000000000000, -1.110223024625157033E-16 ) ) ;
#3447 = CARTESIAN_POINT ( 'NONE',  ( 1049.999999999999545, 100.0000000000000000, -1025.000000000000000 ) ) ;
#3448 = DIRECTION ( 'NONE',  ( 1.000000000000000000, 0.000000000000000000, 0.000000000000000000 ) ) ;
#3449 = CIRCLE ( 'NONE', #558, 30.00000000000002842 ) ;
#3450 = CARTESIAN_POINT ( 'NONE',  ( -20.00000000000001776, 1770.000000000000000, 125.0000000000002558 ) ) ;
#3451 = VECTOR ( 'NONE', #257, 1000.000000000000000 ) ;
#3452 = DIRECTION ( 'NONE',  ( 1.000000000000000000, 0.000000000000000000, -7.368736889105026576E-17 ) ) ;
#3453 = APPROVAL_PERSON_ORGANIZATION ( #3260, #799, #484 ) ;
#3454 = DIRECTION ( 'NONE',  ( 0.000000000000000000, -1.000000000000000000, 0.000000000000000000 ) ) ;
#3455 = EDGE_CURVE ( 'NONE', #1138, #3137, #2362, .T. ) ;
#3456 = FACE_OUTER_BOUND ( 'NONE', #552, .T. ) ;
#3457 = AXIS2_PLACEMENT_3D ( 'NONE', #2286, #2005, #3167 ) ;
#3458 = FACE_OUTER_BOUND ( 'NONE', #69, .T. ) ;
#3459 = PLANE ( 'NONE',  #1225 ) ;
#3460 = CARTESIAN_POINT ( 'NONE',  ( -370.0000000000002274, 780.0000000000000000, -1095.000000000000000 ) ) ;
#3461 = ORIENTED_EDGE ( 'NONE', *, *, #383, .F. ) ;
#3462 = CARTESIAN_POINT ( 'NONE',  ( -970.0000000000002274, 780.0000000000000000, -1095.000000000000000 ) ) ;
#3463 = ORIENTED_EDGE ( 'NONE', *, *, #1257, .T. ) ;
#3464 = CARTESIAN_POINT ( 'NONE',  ( -20.00000000000001776, 1770.000000000000000, 1125.000000000000227 ) ) ;
#3465 = EDGE_CURVE ( 'NONE', #770, #2098, #1904, .T. ) ;
#3466 = VECTOR ( 'NONE', #3174, 1000.000000000000000 ) ;
#3467 = DIRECTION ( 'NONE',  ( -1.000000000000000000, 0.000000000000000000, 0.000000000000000000 ) ) ;
#3468 = EDGE_CURVE ( 'NONE', #3320, #2665, #250, .T. ) ;
#3469 = ORIENTED_EDGE ( 'NONE', *, *, #1585, .T. ) ;
#3470 = CARTESIAN_POINT ( 'NONE',  ( -680.0000000000004547, 770.0000000000000000, 125.0000000000002274 ) ) ;
#3471 = EDGE_CURVE ( 'NONE', #121, #2397, #1652, .T. ) ;
#3472 = VECTOR ( 'NONE', #177, 1000.000000000000000 ) ;
#3473 = CARTESIAN_POINT ( 'NONE',  ( -1050.000000000000000, 870.0000000000001137, -1124.999999999999773 ) ) ;
#3474 = ORIENTED_EDGE ( 'NONE', *, *, #1123, .T. ) ;
#3475 = ORIENTED_EDGE ( 'NONE', *, *, #2822, .F. ) ;
#3476 = AXIS2_PLACEMENT_3D ( 'NONE', #1831, #3593, #3902 ) ;
#3477 = CARTESIAN_POINT ( 'NONE',  ( -1050.000000000000000, 870.0000000000001137, -1024.999999999999773 ) ) ;
#3478 = ORIENTED_EDGE ( 'NONE', *, *, #2996, .F. ) ;
#3479 = PLANE ( 'NONE',  #3151 ) ;
#3480 = DIRECTION ( 'NONE',  ( -0.000000000000000000, 1.000000000000000000, -0.000000000000000000 ) ) ;
#3481 = PLANE ( 'NONE',  #679 ) ;
#3482 = SPHERICAL_SURFACE ( 'NONE', #4009, 100.0000000000000000 ) ;
#3483 = DIRECTION ( 'NONE',  ( 1.000000000000000000, 0.000000000000000000, -9.868649107779171166E-17 ) ) ;
#3484 = CARTESIAN_POINT ( 'NONE',  ( 1049.999999999999545, 170.0000000000000000, -1125.000000000000000 ) ) ;
#3485 = EDGE_LOOP ( 'NONE', ( #3705, #2327, #2986, #246 ) ) ;
#3486 = ORIENTED_EDGE ( 'NONE', *, *, #2393, .F. ) ;
#3487 = DIRECTION ( 'NONE',  ( 9.868649107779168700E-17, 0.000000000000000000, 1.000000000000000000 ) ) ;
#3488 = ORIENTED_EDGE ( 'NONE', *, *, #18, .F. ) ;
#3489 = EDGE_LOOP ( 'NONE', ( #1811, #1657, #789, #1374, #1233, #2403, #3864, #3652, #800, #2966 ) ) ;
#3490 = DIRECTION ( 'NONE',  ( 2.960594732333750610E-16, 0.000000000000000000, 1.000000000000000000 ) ) ;
#3491 = DIRECTION ( 'NONE',  ( 0.000000000000000000, 0.000000000000000000, -1.000000000000000000 ) ) ;
#3492 = EDGE_CURVE ( 'NONE', #532, #691, #2907, .T. ) ;
#3493 = CARTESIAN_POINT ( 'NONE',  ( -1149.999999999999545, 100.0000000000000000, 1095.000000000000227 ) ) ;
#3494 = EDGE_LOOP ( 'NONE', ( #1709, #3856 ) ) ;
#3495 = EDGE_LOOP ( 'NONE', ( #3956, #1631, #3289, #3622 ) ) ;
#3496 = CARTESIAN_POINT ( 'NONE',  ( -874.6153846153849827, 583.0769230769233218, -345.0000000000000000 ) ) ;
#3497 = ORIENTED_EDGE ( 'NONE', *, *, #3008, .F. ) ;
#3498 = CARTESIAN_POINT ( 'NONE',  ( -930.1405309694780499, 1670.000000000000000, -1553.630394101094680 ) ) ;
#3499 = DIRECTION ( 'NONE',  ( -0.9848077530122081313, 0.1736481776669295818, -8.418150919503156479E-19 ) ) ;
#3500 = CARTESIAN_POINT ( 'NONE',  ( -1149.999999999999545, 30.00000000000000000, -1024.999999999999773 ) ) ;
#3501 = CARTESIAN_POINT ( 'NONE',  ( 0.000000000000000000, 0.000000000000000000, -300.0000000000000000 ) ) ;
#3502 = CARTESIAN_POINT ( 'NONE',  ( -930.1405309694780499, 1670.000000000000000, 125.0000000000002274 ) ) ;
#3503 = DIRECTION ( 'NONE',  ( -1.000000000000000000, 6.123233995736766036E-17, -0.000000000000000000 ) ) ;
#3504 = ORIENTED_EDGE ( 'NONE', *, *, #398, .T. ) ;
#3505 = DIRECTION ( 'NONE',  ( 0.000000000000000000, 0.000000000000000000, 1.000000000000000000 ) ) ;
#3506 = VERTEX_POINT ( 'NONE', #212 ) ;
#3507 = PERSON_AND_ORGANIZATION_ROLE ( 'design_owner' ) ;
#3508 = EDGE_CURVE ( 'NONE', #2464, #464, #3564, .T. ) ;
#3509 = FACE_OUTER_BOUND ( 'NONE', #2103, .T. ) ;
#3510 = CARTESIAN_POINT ( 'NONE',  ( -750.0000000000004547, 770.0000000000000000, 80.00000000000022737 ) ) ;
#3511 = EDGE_LOOP ( 'NONE', ( #3474, #2879, #1711, #2892, #91, #3519, #1062 ) ) ;
#3512 = PLANE ( 'NONE',  #2619 ) ;
#3513 = DIRECTION ( 'NONE',  ( -0.000000000000000000, 0.000000000000000000, 1.000000000000000000 ) ) ;
#3514 = ORIENTED_EDGE ( 'NONE', *, *, #1157, .T. ) ;
#3515 = VECTOR ( 'NONE', #2238, 1000.000000000000000 ) ;
#3516 = VECTOR ( 'NONE', #21, 1000.000000000000000 ) ;
#3517 = ADVANCED_FACE ( 'NONE', ( #741 ), #3512, .T. ) ;
#3518 = DIRECTION ( 'NONE',  ( 4.645621146982225310E-17, 2.683140874209081835E-16, 1.000000000000000000 ) ) ;
#3519 = ORIENTED_EDGE ( 'NONE', *, *, #2257, .F. ) ;
#3520 = CARTESIAN_POINT ( 'NONE',  ( -1119.999999999999545, 767.3753400942023291, 1025.000000000000227 ) ) ;
#3521 = DIRECTION ( 'NONE',  ( -0.000000000000000000, -0.000000000000000000, 1.000000000000000000 ) ) ;
#3522 = DIRECTION ( 'NONE',  ( -0.000000000000000000, 0.000000000000000000, -1.000000000000000000 ) ) ;
#3523 = DIRECTION ( 'NONE',  ( -0.1736481776669296095, -0.9848077530122082424, 1.366695302779397285E-16 ) ) ;
#3524 = EDGE_CURVE ( 'NONE', #3506, #2306, #2280, .T. ) ;
#3525 = DIRECTION ( 'NONE',  ( 9.868649107779168700E-17, 0.000000000000000000, 1.000000000000000000 ) ) ;
#3526 = VECTOR ( 'NONE', #936, 1000.000000000000000 ) ;
#3527 = LINE ( 'NONE', #713, #1027 ) ;
#3528 = CYLINDRICAL_SURFACE ( 'NONE', #1075, 100.0000000000000853 ) ;
#3529 = ORIENTED_EDGE ( 'NONE', *, *, #1715, .T. ) ;
#3530 = VERTEX_POINT ( 'NONE', #422 ) ;
#3531 = VERTEX_POINT ( 'NONE', #2884 ) ;
#3532 = ORIENTED_EDGE ( 'NONE', *, *, #3169, .T. ) ;
#3533 = VECTOR ( 'NONE', #3452, 1000.000000000000000 ) ;
#3534 = DIRECTION ( 'NONE',  ( 9.868649107779168700E-17, 0.000000000000000000, 1.000000000000000000 ) ) ;
#3535 = DIRECTION ( 'NONE',  ( -0.000000000000000000, 1.000000000000000000, 0.000000000000000000 ) ) ;
#3536 = ORIENTED_EDGE ( 'NONE', *, *, #3681, .T. ) ;
#3537 = ORIENTED_EDGE ( 'NONE', *, *, #1872, .F. ) ;
#3538 = DIRECTION ( 'NONE',  ( 1.000000000000000000, 0.000000000000000000, 0.000000000000000000 ) ) ;
#3539 = AXIS2_PLACEMENT_3D ( 'NONE', #3130, #1235, #3678 ) ;
#3540 = PLANE ( 'NONE',  #3989 ) ;
#3541 = ORIENTED_EDGE ( 'NONE', *, *, #1114, .F. ) ;
#3542 = VECTOR ( 'NONE', #2572, 1000.000000000000000 ) ;
#3543 = VECTOR ( 'NONE', #1078, 1000.000000000000000 ) ;
#3544 = EDGE_CURVE ( 'NONE', #2580, #759, #3894, .T. ) ;
#3545 = CIRCLE ( 'NONE', #4017, 70.00000000000005684 ) ;
#3546 = DIRECTION ( 'NONE',  ( -1.041121822320096831E-16, 1.000000000000000000, 7.671752778182347406E-33 ) ) ;
#3547 = ORIENTED_EDGE ( 'NONE', *, *, #1823, .T. ) ;
#3548 = DIRECTION ( 'NONE',  ( -0.000000000000000000, 1.000000000000000000, -0.000000000000000000 ) ) ;
#3549 = VECTOR ( 'NONE', #618, 1000.000000000000000 ) ;
#3550 = EDGE_CURVE ( 'NONE', #608, #2675, #1400, .T. ) ;
#3551 = EDGE_CURVE ( 'NONE', #1919, #403, #1381, .T. ) ;
#3552 = ADVANCED_FACE ( 'NONE', ( #3846 ), #767, .F. ) ;
#3553 = FACE_OUTER_BOUND ( 'NONE', #2663, .T. ) ;
#3554 = DIRECTION ( 'NONE',  ( -0.000000000000000000, -0.000000000000000000, -1.000000000000000000 ) ) ;
#3555 = ORIENTED_EDGE ( 'NONE', *, *, #3000, .F. ) ;
#3556 = CARTESIAN_POINT ( 'NONE',  ( 1371.287572882331006, 1254.977517713075486, 1025.000000000000682 ) ) ;
#3557 = ORIENTED_EDGE ( 'NONE', *, *, #3383, .F. ) ;
#3558 = EDGE_CURVE ( 'NONE', #770, #3200, #1269, .T. ) ;
#3559 = VERTEX_POINT ( 'NONE', #1427 ) ;
#3560 = CARTESIAN_POINT ( 'NONE',  ( -1130.000000000000227, 380.0000000000000000, 27.00000000000015632 ) ) ;
#3561 = DIRECTION ( 'NONE',  ( 1.000000000000000000, 0.000000000000000000, 0.000000000000000000 ) ) ;
#3562 = ORIENTED_EDGE ( 'NONE', *, *, #607, .T. ) ;
#3563 = ORIENTED_EDGE ( 'NONE', *, *, #3133, .T. ) ;
#3564 = LINE ( 'NONE', #2323, #2111 ) ;
#3565 = DIRECTION ( 'NONE',  ( 0.000000000000000000, -1.000000000000000000, 0.000000000000000000 ) ) ;
#3566 = VERTEX_POINT ( 'NONE', #1804 ) ;
#3567 = SPHERICAL_SURFACE ( 'NONE', #1590, 70.00000000000000000 ) ;
#3568 = EDGE_CURVE ( 'NONE', #720, #1911, #872, .T. ) ;
#3569 = ORIENTED_EDGE ( 'NONE', *, *, #3524, .T. ) ;
#3570 = FACE_OUTER_BOUND ( 'NONE', #1383, .T. ) ;
#3571 = DIRECTION ( 'NONE',  ( -1.000000000000000000, 0.000000000000000000, 9.868649107779168700E-17 ) ) ;
#3572 = CARTESIAN_POINT ( 'NONE',  ( 100.0000000000000711, 870.0000000000001137, 1025.000000000000455 ) ) ;
#3573 = DIRECTION ( 'NONE',  ( -2.467162276944792422E-16, 1.000000000000000000, 0.000000000000000000 ) ) ;
#3574 = DIRECTION ( 'NONE',  ( 0.08715574274766212104, 0.9961946980917452121, -8.414114115370565221E-18 ) ) ;
#3575 = ORIENTED_EDGE ( 'NONE', *, *, #2806, .T. ) ;
#3576 = EDGE_LOOP ( 'NONE', ( #2145, #3595, #2202, #1682 ) ) ;
#3577 = CARTESIAN_POINT ( 'NONE',  ( -1149.999999999999545, 30.00000000000000000, 1025.000000000000000 ) ) ;
#3578 = DIRECTION ( 'NONE',  ( 0.000000000000000000, 0.000000000000000000, 1.000000000000000000 ) ) ;
#3579 = ADVANCED_FACE ( 'NONE', ( #922 ), #1224, .T. ) ;
#3580 = EDGE_CURVE ( 'NONE', #210, #1563, #2153, .T. ) ;
#3581 = CARTESIAN_POINT ( 'NONE',  ( -1080.000000000000000, 380.0000000000000000, -226.9999999999999147 ) ) ;
#3582 = ORIENTED_EDGE ( 'NONE', *, *, #1720, .F. ) ;
#3583 = ORIENTED_EDGE ( 'NONE', *, *, #564, .F. ) ;
#3584 = DIRECTION ( 'NONE',  ( -0.000000000000000000, -0.000000000000000000, 1.000000000000000000 ) ) ;
#3585 = ORIENTED_EDGE ( 'NONE', *, *, #3166, .F. ) ;
#3586 = CARTESIAN_POINT ( 'NONE',  ( -1150.000000000000455, 940.0000000000000000, -375.0000000000000000 ) ) ;
#3587 = DIRECTION ( 'NONE',  ( -0.000000000000000000, -0.000000000000000000, -1.000000000000000000 ) ) ;
#3588 = ORIENTED_EDGE ( 'NONE', *, *, #3937, .T. ) ;
#3589 = LINE ( 'NONE', #557, #991 ) ;
#3590 = VECTOR ( 'NONE', #973, 1000.000000000000000 ) ;
#3591 = DIRECTION ( 'NONE',  ( -0.000000000000000000, -0.000000000000000000, 1.000000000000000000 ) ) ;
#3592 = VECTOR ( 'NONE', #658, 1000.000000000000000 ) ;
#3593 = DIRECTION ( 'NONE',  ( 1.000000000000000000, -0.000000000000000000, 0.000000000000000000 ) ) ;
#3594 = CARTESIAN_POINT ( 'NONE',  ( 1049.999999999999545, 170.0000000000000000, -1025.000000000000000 ) ) ;
#3595 = ORIENTED_EDGE ( 'NONE', *, *, #955, .F. ) ;
#3596 = ORIENTED_EDGE ( 'NONE', *, *, #1028, .F. ) ;
#3597 = DIRECTION ( 'NONE',  ( 1.000000000000000000, 0.000000000000000000, 0.000000000000000000 ) ) ;
#3598 = AXIS2_PLACEMENT_3D ( 'NONE', #72, #1312, #2535 ) ;
#3599 = DIRECTION ( 'NONE',  ( 0.000000000000000000, -0.000000000000000000, 1.000000000000000000 ) ) ;
#3600 = DIRECTION ( 'NONE',  ( 0.000000000000000000, -0.000000000000000000, 1.000000000000000000 ) ) ;
#3601 = FACE_OUTER_BOUND ( 'NONE', #2455, .T. ) ;
#3602 = ORIENTED_EDGE ( 'NONE', *, *, #2006, .T. ) ;
#3603 = VERTEX_POINT ( 'NONE', #2386 ) ;
#3604 = DIRECTION ( 'NONE',  ( 1.000000000000000000, 0.000000000000000000, -0.000000000000000000 ) ) ;
#3605 = VERTEX_POINT ( 'NONE', #3997 ) ;
#3606 = EDGE_CURVE ( 'NONE', #2744, #2350, #3647, .T. ) ;
#3607 = DIRECTION ( 'NONE',  ( -0.000000000000000000, 1.000000000000000000, -0.000000000000000000 ) ) ;
#3608 = EDGE_CURVE ( 'NONE', #2541, #3973, #3976, .T. ) ;
#3609 = CIRCLE ( 'NONE', #1600, 32.49999999999997158 ) ;
#3610 = DIRECTION ( 'NONE',  ( 0.000000000000000000, 1.000000000000000000, 0.000000000000000000 ) ) ;
#3611 = EDGE_CURVE ( 'NONE', #2325, #3530, #3631, .T. ) ;
#3612 = CARTESIAN_POINT ( 'NONE',  ( 1049.999999999999773, 100.0000000000000000, 1025.000000000000000 ) ) ;
#3613 = ORIENTED_EDGE ( 'NONE', *, *, #1912, .F. ) ;
#3614 = VECTOR ( 'NONE', #2461, 1000.000000000000000 ) ;
#3615 = CARTESIAN_POINT ( 'NONE',  ( 1049.999999999999545, 870.0000000000001137, -1125.000000000000000 ) ) ;
#3616 = AXIS2_PLACEMENT_3D ( 'NONE', #1044, #3525, #392 ) ;
#3617 = CARTESIAN_POINT ( 'NONE',  ( -1091.005050633882320, 931.8138692949988808, 1095.000000000000227 ) ) ;
#3618 = AXIS2_PLACEMENT_3D ( 'NONE', #1532, #2019, #3604 ) ;
#3619 = CARTESIAN_POINT ( 'NONE',  ( -550.0000000000003411, 170.0000000000000000, 80.00000000000029843 ) ) ;
#3620 = VECTOR ( 'NONE', #2142, 1000.000000000000000 ) ;
#3621 = DIRECTION ( 'NONE',  ( 0.000000000000000000, 1.000000000000000000, 0.000000000000000000 ) ) ;
#3622 = ORIENTED_EDGE ( 'NONE', *, *, #923, .T. ) ;
#3623 = VERTEX_POINT ( 'NONE', #1762 ) ;
#3624 = CARTESIAN_POINT ( 'NONE',  ( -680.0000000000004547, 770.0000000000000000, -300.0000000000000000 ) ) ;
#3625 = APPROVAL_STATUS ( 'not_yet_approved' ) ;
#3626 = DIRECTION ( 'NONE',  ( 0.000000000000000000, -0.000000000000000000, 1.000000000000000000 ) ) ;
#3627 = ORIENTED_EDGE ( 'NONE', *, *, #2371, .F. ) ;
#3628 = ORIENTED_EDGE ( 'NONE', *, *, #2576, .F. ) ;
#3629 = DIRECTION ( 'NONE',  ( 0.000000000000000000, 0.000000000000000000, -1.000000000000000000 ) ) ;
#3630 = VERTEX_POINT ( 'NONE', #851 ) ;
#3631 = LINE ( 'NONE', #3369, #3451 ) ;
#3632 = CARTESIAN_POINT ( 'NONE',  ( -1010.000000000000000, 0.000000000000000000, 27.00000000000015632 ) ) ;
#3633 = CARTESIAN_POINT ( 'NONE',  ( -650.0000000000004547, 770.0000000000000000, -300.0000000000000000 ) ) ;
#3634 = DIRECTION ( 'NONE',  ( 1.000000000000000000, 0.000000000000000000, 0.000000000000000000 ) ) ;
#3635 = CARTESIAN_POINT ( 'NONE',  ( -1150.000000000000227, 380.0000000000000000, 27.00000000000015632 ) ) ;
#3636 = ORIENTED_EDGE ( 'NONE', *, *, #1277, .T. ) ;
#3637 = DIRECTION ( 'NONE',  ( 0.000000000000000000, 1.000000000000000000, -1.863514088643043710E-16 ) ) ;
#3638 = DIRECTION ( 'NONE',  ( 1.387778780781446169E-16, -1.000000000000000000, 0.000000000000000000 ) ) ;
#3639 = DIRECTION ( 'NONE',  ( 2.166288828536891009E-16, 0.000000000000000000, 1.000000000000000000 ) ) ;
#3640 = LINE ( 'NONE', #2372, #450 ) ;
#3641 = VERTEX_POINT ( 'NONE', #3939 ) ;
#3642 = ORIENTED_EDGE ( 'NONE', *, *, #171, .T. ) ;
#3643 = DIRECTION ( 'NONE',  ( -0.000000000000000000, -1.000000000000000000, -0.000000000000000000 ) ) ;
#3644 = ORIENTED_EDGE ( 'NONE', *, *, #797, .F. ) ;
#3645 = ORIENTED_EDGE ( 'NONE', *, *, #567, .F. ) ;
#3646 = ORIENTED_EDGE ( 'NONE', *, *, #258, .F. ) ;
#3647 = LINE ( 'NONE', #3014, #1211 ) ;
#3648 = CARTESIAN_POINT ( 'NONE',  ( -1049.999999999999318, 300.0000000000000568, 1125.000000000000227 ) ) ;
#3649 = CARTESIAN_POINT ( 'NONE',  ( -30.00000000000006395, 500.0000000000001137, -914.9999999999998863 ) ) ;
#3650 = CARTESIAN_POINT ( 'NONE',  ( -1080.000000000000000, 380.0000000000000000, -226.9999999999999147 ) ) ;
#3651 = CARTESIAN_POINT ( 'NONE',  ( 1049.999999999999545, 870.0000000000001137, -1025.000000000000000 ) ) ;
#3652 = ORIENTED_EDGE ( 'NONE', *, *, #466, .F. ) ;
#3653 = CARTESIAN_POINT ( 'NONE',  ( 519.9999999999995453, 725.7685167991344315, 105.0000000000001421 ) ) ;
#3654 = DIRECTION ( 'NONE',  ( 0.000000000000000000, 0.000000000000000000, -1.000000000000000000 ) ) ;
#3655 = CARTESIAN_POINT ( 'NONE',  ( 919.9999999999994316, 725.7685167991344315, -594.9999999999998863 ) ) ;
#3656 = DIRECTION ( 'NONE',  ( -1.000000000000000000, 0.000000000000000000, 0.000000000000000000 ) ) ;
#3657 = ADVANCED_FACE ( 'NONE', ( #2989 ), #2088, .T. ) ;
#3658 = CIRCLE ( 'NONE', #2424, 70.00000000000000000 ) ;
#3659 = ORIENTED_EDGE ( 'NONE', *, *, #3815, .T. ) ;
#3660 = DIRECTION ( 'NONE',  ( 0.000000000000000000, -0.000000000000000000, -1.000000000000000000 ) ) ;
#3661 = EDGE_CURVE ( 'NONE', #287, #3137, #3996, .T. ) ;
#3662 = DIRECTION ( 'NONE',  ( 0.5547001962252291474, 0.8320502943378437211, 0.000000000000000000 ) ) ;
#3663 = CIRCLE ( 'NONE', #1712, 70.00000000000005684 ) ;
#3664 = ORIENTED_EDGE ( 'NONE', *, *, #3688, .T. ) ;
#3665 = EDGE_LOOP ( 'NONE', ( #1174, #1079, #3642, #1422 ) ) ;
#3666 = VECTOR ( 'NONE', #2780, 1000.000000000000000 ) ;
#3667 = DIRECTION ( 'NONE',  ( -1.000000000000000000, 0.000000000000000000, 7.368736889105025344E-17 ) ) ;
#3668 = CARTESIAN_POINT ( 'NONE',  ( 1149.999999999999773, 870.0000000000001137, -1125.000000000000000 ) ) ;
#3669 = DIRECTION ( 'NONE',  ( 1.000000000000000000, 0.000000000000000000, 0.000000000000000000 ) ) ;
#3670 = VECTOR ( 'NONE', #3712, 1000.000000000000000 ) ;
#3671 = CARTESIAN_POINT ( 'NONE',  ( -650.0000000000004547, 770.0000000000000000, 125.0000000000002274 ) ) ;
#3672 = DIRECTION ( 'NONE',  ( 0.000000000000000000, 0.000000000000000000, -1.000000000000000000 ) ) ;
#3673 = EDGE_LOOP ( 'NONE', ( #2041, #3691 ) ) ;
#3674 = CARTESIAN_POINT ( 'NONE',  ( -1120.000000000000000, 170.0000000000000000, -1124.999999999999773 ) ) ;
#3675 = VECTOR ( 'NONE', #3554, 1000.000000000000000 ) ;
#3676 = AXIS2_PLACEMENT_3D ( 'NONE', #2274, #1064, #3224 ) ;
#3677 = VECTOR ( 'NONE', #348, 1000.000000000000000 ) ;
#3678 = DIRECTION ( 'NONE',  ( 0.000000000000000000, 0.000000000000000000, 1.000000000000000000 ) ) ;
#3679 = CARTESIAN_POINT ( 'NONE',  ( -1130.000000000000227, 380.0000000000000000, -246.9999999999999147 ) ) ;
#3680 = PLANE ( 'NONE',  #1489 ) ;
#3681 = EDGE_CURVE ( 'NONE', #296, #1815, #2757, .T. ) ;
#3682 = EDGE_LOOP ( 'NONE', ( #556, #849, #1687, #1319, #3959 ) ) ;
#3683 = CIRCLE ( 'NONE', #1803, 70.00000000000005684 ) ;
#3684 = DIRECTION ( 'NONE',  ( -0.000000000000000000, -0.000000000000000000, 1.000000000000000000 ) ) ;
#3685 = APPROVAL ( #3173, '未' ) ;
#3686 = PERSON_AND_ORGANIZATION ( #293, #1589 ) ;
#3687 = PLANE ( 'NONE',  #103 ) ;
#3688 = EDGE_CURVE ( 'NONE', #1138, #341, #3440, .T. ) ;
#3689 = AXIS2_PLACEMENT_3D ( 'NONE', #1772, #932, #222 ) ;
#3690 = ORIENTED_EDGE ( 'NONE', *, *, #3909, .F. ) ;
#3691 = ORIENTED_EDGE ( 'NONE', *, *, #607, .F. ) ;
#3692 = CIRCLE ( 'NONE', #2894, 100.0000000000000853 ) ;
#3693 = LINE ( 'NONE', #3721, #2361 ) ;
#3694 = DIRECTION ( 'NONE',  ( 0.000000000000000000, 0.000000000000000000, 1.000000000000000000 ) ) ;
#3695 = LINE ( 'NONE', #927, #1739 ) ;
#3696 = LINE ( 'NONE', #3358, #167 ) ;
#3697 = ORIENTED_EDGE ( 'NONE', *, *, #2015, .F. ) ;
#3698 = EDGE_CURVE ( 'NONE', #3200, #2080, #1258, .T. ) ;
#3699 = PLANE ( 'NONE',  #2503 ) ;
#3700 = DIRECTION ( 'NONE',  ( 0.000000000000000000, -1.000000000000000000, 0.000000000000000000 ) ) ;
#3701 = CARTESIAN_POINT ( 'NONE',  ( -1150.000000000000227, 870.0000000000001137, -945.0000000000000000 ) ) ;
#3702 = EDGE_LOOP ( 'NONE', ( #1013, #1889, #1588, #2641 ) ) ;
#3703 = PLANE ( 'NONE',  #2374 ) ;
#3704 = CARTESIAN_POINT ( 'NONE',  ( -970.0000000000001137, 330.0000000000000000, -595.0000000000000000 ) ) ;
#3705 = ORIENTED_EDGE ( 'NONE', *, *, #1406, .T. ) ;
#3706 = EDGE_CURVE ( 'NONE', #2321, #402, #1786, .T. ) ;
#3707 = ADVANCED_FACE ( 'NONE', ( #3744 ), #2519, .T. ) ;
#3708 = DIRECTION ( 'NONE',  ( 2.960594732333750610E-16, 0.000000000000000000, 1.000000000000000000 ) ) ;
#3709 = LINE ( 'NONE', #2173, #49 ) ;
#3710 = ADVANCED_FACE ( 'NONE', ( #1932 ), #3121, .T. ) ;
#3711 = CARTESIAN_POINT ( 'NONE',  ( 919.9999999999995453, 725.7685167991344315, 105.0000000000001137 ) ) ;
#3712 = DIRECTION ( 'NONE',  ( 1.000000000000000000, 0.000000000000000000, -9.654113257610057838E-17 ) ) ;
#3713 = DIRECTION ( 'NONE',  ( 1.000000000000000000, 0.000000000000000000, 0.000000000000000000 ) ) ;
#3714 = EDGE_LOOP ( 'NONE', ( #3892, #1031, #74, #2916 ) ) ;
#3715 = CARTESIAN_POINT ( 'NONE',  ( -970.0000000000002274, 780.0000000000000000, -595.0000000000000000 ) ) ;
#3716 = DIRECTION ( 'NONE',  ( 0.000000000000000000, -1.000000000000000000, 0.000000000000000000 ) ) ;
#3717 = FACE_OUTER_BOUND ( 'NONE', #1940, .T. ) ;
#3718 = ORIENTED_EDGE ( 'NONE', *, *, #2552, .T. ) ;
#3719 = AXIS2_PLACEMENT_3D ( 'NONE', #2158, #60, #3093 ) ;
#3720 = EDGE_CURVE ( 'NONE', #2556, #759, #1908, .T. ) ;
#3721 = CARTESIAN_POINT ( 'NONE',  ( -1120.000000000000000, 140.0000000000000000, -1124.999999999999773 ) ) ;
#3722 = EDGE_CURVE ( 'NONE', #3808, #2080, #314, .T. ) ;
#3723 = EDGE_CURVE ( 'NONE', #1599, #511, #1003, .T. ) ;
#3724 = CARTESIAN_POINT ( 'NONE',  ( -1150.000000000000227, 170.0000000000000000, -1124.999999999999773 ) ) ;
#3725 = VECTOR ( 'NONE', #3667, 1000.000000000000000 ) ;
#3726 = DIRECTION ( 'NONE',  ( 0.000000000000000000, -0.000000000000000000, 1.000000000000000000 ) ) ;
#3727 = EDGE_CURVE ( 'NONE', #691, #550, #3305, .T. ) ;
#3728 = FACE_OUTER_BOUND ( 'NONE', #3822, .T. ) ;
#3729 = ADVANCED_FACE ( 'NONE', ( #1124 ), #3687, .F. ) ;
#3730 = LOCAL_TIME ( 14, 14, 1.000000000000000000, #3382 ) ;
#3731 = AXIS2_PLACEMENT_3D ( 'NONE', #3096, #2814, #2768 ) ;
#3732 = CARTESIAN_POINT ( 'NONE',  ( -1050.000000000000000, 170.0000000000000000, -1024.999999999999773 ) ) ;
#3733 = CIRCLE ( 'NONE', #4007, 30.00000000000002842 ) ;
#3734 = LINE ( 'NONE', #1899, #1359 ) ;
#3735 = CARTESIAN_POINT ( 'NONE',  ( 1049.999999999999773, 0.000000000000000000, 1025.000000000000000 ) ) ;
#3736 = AXIS2_PLACEMENT_3D ( 'NONE', #87, #2977, #1725 ) ;
#3737 = CARTESIAN_POINT ( 'NONE',  ( -944.1287867011679964, 1764.790554669992162, 1095.000000000000227 ) ) ;
#3738 = DIRECTION ( 'NONE',  ( 0.000000000000000000, 0.000000000000000000, 1.000000000000000000 ) ) ;
#3739 = VECTOR ( 'NONE', #434, 1000.000000000000000 ) ;
#3740 = VECTOR ( 'NONE', #388, 1000.000000000000000 ) ;
#3741 = VERTEX_POINT ( 'NONE', #3344 ) ;
#3742 = VERTEX_POINT ( 'NONE', #1499 ) ;
#3743 = AXIS2_PLACEMENT_3D ( 'NONE', #1117, #2611, #3835 ) ;
#3744 = FACE_OUTER_BOUND ( 'NONE', #3376, .T. ) ;
#3745 = CARTESIAN_POINT ( 'NONE',  ( -50.00000000000001421, 1770.000000000000000, 155.0000000000002558 ) ) ;
#3746 = AXIS2_PLACEMENT_3D ( 'NONE', #2329, #1965, #2570 ) ;
#3747 = DIRECTION ( 'NONE',  ( -1.000000000000000000, 0.000000000000000000, 0.000000000000000000 ) ) ;
#3748 = DIRECTION ( 'NONE',  ( 0.000000000000000000, 1.387778780781445182E-16, 1.000000000000000000 ) ) ;
#3749 = CARTESIAN_POINT ( 'NONE',  ( -1149.999999999999545, 140.0000000000000000, 1095.000000000000227 ) ) ;
#3750 = DIRECTION ( 'NONE',  ( 0.000000000000000000, 0.000000000000000000, -1.000000000000000000 ) ) ;
#3751 = ORIENTED_EDGE ( 'NONE', *, *, #2328, .T. ) ;
#3752 = ADVANCED_FACE ( 'NONE', ( #2379 ), #2101, .F. ) ;
#3753 = EDGE_CURVE ( 'NONE', #3164, #216, #3391, .T. ) ;
#3754 = CARTESIAN_POINT ( 'NONE',  ( -1149.999999999999545, 100.0000000000000000, 1125.000000000000227 ) ) ;
#3755 = LINE ( 'NONE', #1853, #271 ) ;
#3756 = CARTESIAN_POINT ( 'NONE',  ( 69.99999999999992895, 970.0000000000001137, -914.9999999999998863 ) ) ;
#3757 = FACE_OUTER_BOUND ( 'NONE', #1128, .T. ) ;
#3758 = ORIENTED_EDGE ( 'NONE', *, *, #1822, .T. ) ;
#3759 = ORIENTED_EDGE ( 'NONE', *, *, #2741, .T. ) ;
#3760 = CARTESIAN_POINT ( 'NONE',  ( 0.000000000000000000, -70.00000000000000000, 0.000000000000000000 ) ) ;
#3761 = DIRECTION ( 'NONE',  ( -0.000000000000000000, 0.000000000000000000, 1.000000000000000000 ) ) ;
#3762 = EDGE_LOOP ( 'NONE', ( #526, #2383, #2102, #700 ) ) ;
#3763 = CARTESIAN_POINT ( 'NONE',  ( 1119.999999999999545, 329.9999999999999432, -1094.999999999999773 ) ) ;
#3764 = LINE ( 'NONE', #3781, #3515 ) ;
#3765 = EDGE_LOOP ( 'NONE', ( #2179, #1175, #1053, #3645 ) ) ;
#3766 = ADVANCED_FACE ( 'NONE', ( #311 ), #2684, .T. ) ;
#3767 = ORIENTED_EDGE ( 'NONE', *, *, #1317, .F. ) ;
#3768 = DIRECTION ( 'NONE',  ( 0.000000000000000000, -1.000000000000000000, 0.000000000000000000 ) ) ;
#3769 = LINE ( 'NONE', #84, #3342 ) ;
#3770 = DIRECTION ( 'NONE',  ( -0.9848077530122086864, 0.1736481776669271393, 2.915616645929382026E-16 ) ) ;
#3771 = EDGE_CURVE ( 'NONE', #737, #3741, #846, .T. ) ;
#3772 = EDGE_LOOP ( 'NONE', ( #89, #1109, #2011, #1002 ) ) ;
#3773 = EDGE_LOOP ( 'NONE', ( #3178, #2020, #1364, #3960 ) ) ;
#3774 = EDGE_CURVE ( 'NONE', #720, #3341, #891, .T. ) ;
#3775 = VERTEX_POINT ( 'NONE', #2124 ) ;
#3776 = DIRECTION ( 'NONE',  ( 1.000000000000000000, 0.000000000000000000, 0.000000000000000000 ) ) ;
#3777 = DIRECTION ( 'NONE',  ( 0.000000000000000000, -0.000000000000000000, -1.000000000000000000 ) ) ;
#3778 = VECTOR ( 'NONE', #3565, 1000.000000000000000 ) ;
#3779 = LINE ( 'NONE', #1936, #1209 ) ;
#3780 = AXIS2_PLACEMENT_3D ( 'NONE', #2483, #1033, #381 ) ;
#3781 = CARTESIAN_POINT ( 'NONE',  ( -1149.999999999999545, 0.000000000000000000, 1025.000000000000227 ) ) ;
#3782 = ORIENTED_EDGE ( 'NONE', *, *, #490, .F. ) ;
#3783 = EDGE_LOOP ( 'NONE', ( #2105, #2356, #3036, #2252 ) ) ;
#3784 = AXIS2_PLACEMENT_3D ( 'NONE', #470, #1693, #2920 ) ;
#3785 = CARTESIAN_POINT ( 'NONE',  ( 0.000000000000000000, 2359.568278279264632, -345.0000000000000000 ) ) ;
#3786 = EDGE_LOOP ( 'NONE', ( #3575, #1415, #1223, #3497 ) ) ;
#3787 = PLANE ( 'NONE',  #3951 ) ;
#3788 = FACE_OUTER_BOUND ( 'NONE', #3035, .T. ) ;
#3789 = CARTESIAN_POINT ( 'NONE',  ( 1049.999999999999773, 329.9999999999999432, 1095.000000000000227 ) ) ;
#3790 = CALENDAR_DATE ( 2026, 17, 8 ) ;
#3791 = CARTESIAN_POINT ( 'NONE',  ( -973.6730192915346151, 1770.000000000000000, 125.0000000000003268 ) ) ;
#3792 = EDGE_CURVE ( 'NONE', #1710, #2911, #3365, .T. ) ;
#3793 = DIRECTION ( 'NONE',  ( 0.000000000000000000, 0.000000000000000000, 1.000000000000000000 ) ) ;
#3794 = VERTEX_POINT ( 'NONE', #2399 ) ;
#3795 = DIRECTION ( 'NONE',  ( -0.000000000000000000, -0.000000000000000000, 1.000000000000000000 ) ) ;
#3796 = EDGE_LOOP ( 'NONE', ( #31, #3697 ) ) ;
#3797 = EDGE_CURVE ( 'NONE', #1284, #489, #294, .T. ) ;
#3798 = DIRECTION ( 'NONE',  ( 1.000000000000000000, 0.000000000000000000, 0.000000000000000000 ) ) ;
#3799 = AXIS2_PLACEMENT_3D ( 'NONE', #2352, #546, #248 ) ;
#3800 = VECTOR ( 'NONE', #1996, 1000.000000000000000 ) ;
#3801 = CARTESIAN_POINT ( 'NONE',  ( -1049.999999999999318, 300.0000000000000568, -1553.630394101094680 ) ) ;
#3802 = ORIENTED_EDGE ( 'NONE', *, *, #1004, .F. ) ;
#3803 = ORIENTED_EDGE ( 'NONE', *, *, #2871, .F. ) ;
#3804 = VECTOR ( 'NONE', #585, 1000.000000000000000 ) ;
#3805 = LINE ( 'NONE', #3724, #2689 ) ;
#3806 = DIRECTION ( 'NONE',  ( -0.000000000000000000, -0.000000000000000000, 1.000000000000000000 ) ) ;
#3807 = DIRECTION ( 'NONE',  ( -0.000000000000000000, -0.000000000000000000, -1.000000000000000000 ) ) ;
#3808 = VERTEX_POINT ( 'NONE', #3285 ) ;
#3809 = EDGE_LOOP ( 'NONE', ( #77, #3439, #1646, #1755 ) ) ;
#3810 = AXIS2_PLACEMENT_3D ( 'NONE', #3117, #1309, #950 ) ;
#3811 = FACE_OUTER_BOUND ( 'NONE', #825, .T. ) ;
#3812 = ORIENTED_EDGE ( 'NONE', *, *, #3383, .T. ) ;
#3813 = DIRECTION ( 'NONE',  ( 1.000000000000000000, -0.000000000000000000, -1.110223024625157033E-16 ) ) ;
#3814 = CARTESIAN_POINT ( 'NONE',  ( 1229.690227707249278, 451.9390683154973658, 225.0000000000004832 ) ) ;
#3815 = EDGE_CURVE ( 'NONE', #1754, #2098, #3049, .T. ) ;
#3816 =( BOUNDED_CURVE ( )  B_SPLINE_CURVE ( 3, ( #3411, #1880, #1577, #1280 ),
 .UNSPECIFIED., .F., .F. ) 
 B_SPLINE_CURVE_WITH_KNOTS ( ( 4, 4 ),
 ( 0.000000000000000000, 1.570796326794896336 ),
 .UNSPECIFIED. ) 
 CURVE ( )  GEOMETRIC_REPRESENTATION_ITEM ( )  RATIONAL_B_SPLINE_CURVE ( ( 1.000000000000000000, 0.8047378541243650485, 0.8047378541243650485, 1.000000000000000000 ) ) 
 REPRESENTATION_ITEM ( '' )  );
#3817 = LINE ( 'NONE', #2270, #1860 ) ;
#3818 = CYLINDRICAL_SURFACE ( 'NONE', #2244, 70.00000000000005684 ) ;
#3819 = FACE_BOUND ( 'NONE', #2649, .T. ) ;
#3820 = VERTEX_POINT ( 'NONE', #2753 ) ;
#3821 = CARTESIAN_POINT ( 'NONE',  ( 0.000000000000000000, 0.000000000000000000, -246.9999999999999147 ) ) ;
#3822 = EDGE_LOOP ( 'NONE', ( #826, #3889, #187, #473 ) ) ;
#3823 = EDGE_CURVE ( 'NONE', #2319, #417, #2494, .T. ) ;
#3824 = CYLINDRICAL_SURFACE ( 'NONE', #3126, 32.49999999999997158 ) ;
#3825 = ORIENTED_EDGE ( 'NONE', *, *, #1620, .T. ) ;
#3826 = EDGE_CURVE ( 'NONE', #3530, #389, #1535, .T. ) ;
#3827 = DIRECTION ( 'NONE',  ( -0.000000000000000000, -0.000000000000000000, -1.000000000000000000 ) ) ;
#3828 = CARTESIAN_POINT ( 'NONE',  ( -1049.999999999999318, 170.0000000000000000, 1025.000000000000227 ) ) ;
#3829 = DIRECTION ( 'NONE',  ( 0.000000000000000000, -1.000000000000000000, 0.000000000000000000 ) ) ;
#3830 = ORIENTED_EDGE ( 'NONE', *, *, #1553, .T. ) ;
#3831 = VERTEX_POINT ( 'NONE', #3435 ) ;
#3832 = EDGE_CURVE ( 'NONE', #2253, #1121, #1835, .T. ) ;
#3833 = DIRECTION ( 'NONE',  ( 0.000000000000000000, 1.000000000000000000, -0.000000000000000000 ) ) ;
#3834 = VERTEX_POINT ( 'NONE', #654 ) ;
#3835 = DIRECTION ( 'NONE',  ( 0.000000000000000000, 0.000000000000000000, 1.000000000000000000 ) ) ;
#3836 = PLANE ( 'NONE',  #2706 ) ;
#3837 = FACE_OUTER_BOUND ( 'NONE', #2032, .T. ) ;
#3838 = LINE ( 'NONE', #2873, #3873 ) ;
#3839 = DIRECTION ( 'NONE',  ( -4.440892098500623006E-15, 0.000000000000000000, 1.000000000000000000 ) ) ;
#3840 = EDGE_LOOP ( 'NONE', ( #1424, #1106, #3690, #1801, #1207 ) ) ;
#3841 = DIRECTION ( 'NONE',  ( -0.9848077530122081313, 0.1736481776669295818, -8.418150919503156479E-19 ) ) ;
#3842 = ORIENTED_EDGE ( 'NONE', *, *, #784, .T. ) ;
#3843 = LINE ( 'NONE', #1334, #3923 ) ;
#3844 = ORIENTED_EDGE ( 'NONE', *, *, #1081, .F. ) ;
#3845 = EDGE_CURVE ( 'NONE', #208, #371, #339, .T. ) ;
#3846 = FACE_OUTER_BOUND ( 'NONE', #3333, .T. ) ;
#3847 = CARTESIAN_POINT ( 'NONE',  ( -1010.000000000000000, -0.000000000000000000, -269.9999999999998863 ) ) ;
#3848 = VERTEX_POINT ( 'NONE', #367 ) ;
#3850 = EDGE_CURVE ( 'NONE', #2093, #1735, #2493, .T. ) ;
#3849 = VECTOR ( 'NONE', #1299, 1000.000000000000000 ) ;
#3851 = EDGE_CURVE ( 'NONE', #503, #2253, #1568, .T. ) ;
#3852 = EDGE_LOOP ( 'NONE', ( #2811, #719, #2710, #3349 ) ) ;
#3853 = EDGE_CURVE ( 'NONE', #1928, #865, #2166, .T. ) ;
#3854 = AXIS2_PLACEMENT_3D ( 'NONE', #2905, #1313, #3777 ) ;
#3855 = DIRECTION ( 'NONE',  ( -0.8320502943378437211, 0.5547001962252290364, 0.000000000000000000 ) ) ;
#3856 = ORIENTED_EDGE ( 'NONE', *, *, #2826, .F. ) ;
#3857 = DIRECTION ( 'NONE',  ( -1.000000000000000000, 0.000000000000000000, 9.654113257610057838E-17 ) ) ;
#3858 = AXIS2_PLACEMENT_3D ( 'NONE', #1399, #2624, #3872 ) ;
#3859 =( LENGTH_UNIT ( ) NAMED_UNIT ( * ) SI_UNIT ( .MILLI., .METRE. ) );
#3860 = DIRECTION ( 'NONE',  ( 0.000000000000000000, 1.000000000000000000, 0.000000000000000000 ) ) ;
#3861 = VECTOR ( 'NONE', #642, 1000.000000000000000 ) ;
#3862 = DIRECTION ( 'NONE',  ( -9.868649107779168700E-17, 0.000000000000000000, -1.000000000000000000 ) ) ;
#3863 = CARTESIAN_POINT ( 'NONE',  ( -1010.000000000000000, 380.0000000000000000, 27.00000000000015632 ) ) ;
#3864 = ORIENTED_EDGE ( 'NONE', *, *, #3797, .F. ) ;
#3865 = ORIENTED_EDGE ( 'NONE', *, *, #592, .T. ) ;
#3866 = VERTEX_POINT ( 'NONE', #3112 ) ;
#3867 = VECTOR ( 'NONE', #1430, 1000.000000000000000 ) ;
#3868 = EDGE_LOOP ( 'NONE', ( #1115, #2322, #1463, #2697 ) ) ;
#3869 = EDGE_LOOP ( 'NONE', ( #3303, #2278, #320, #2861 ) ) ;
#3870 = ORIENTED_EDGE ( 'NONE', *, *, #1028, .T. ) ;
#3871 = EDGE_CURVE ( 'NONE', #622, #3630, #981, .T. ) ;
#3872 = DIRECTION ( 'NONE',  ( 0.000000000000000000, 0.000000000000000000, 1.000000000000000000 ) ) ;
#3873 = VECTOR ( 'NONE', #133, 1000.000000000000000 ) ;
#3874 = DIRECTION ( 'NONE',  ( 0.1736481776669271393, 0.9848077530122086864, -1.361524149987750101E-16 ) ) ;
#3875 = ORIENTED_EDGE ( 'NONE', *, *, #2824, .F. ) ;
#3876 = AXIS2_PLACEMENT_3D ( 'NONE', #4001, #875, #1228 ) ;
#3877 = EDGE_LOOP ( 'NONE', ( #2258, #3504, #1729, #256 ) ) ;
#3878 = AXIS2_PLACEMENT_3D ( 'NONE', #3633, #853, #3312 ) ;
#3879 = LINE ( 'NONE', #494, #2304 ) ;
#3880 = ORIENTED_EDGE ( 'NONE', *, *, #2840, .F. ) ;
#3881 = CARTESIAN_POINT ( 'NONE',  ( -370.0000000000002274, 780.0000000000000000, -595.0000000000000000 ) ) ;
#3882 = AXIS2_PLACEMENT_3D ( 'NONE', #2703, #3950, #2096 ) ;
#3883 = EDGE_CURVE ( 'NONE', #1356, #2446, #914, .T. ) ;
#3884 = EDGE_CURVE ( 'NONE', #708, #385, #2938, .T. ) ;
#3885 = CARTESIAN_POINT ( 'NONE',  ( -1130.000000000000227, 380.0000000000000000, 7.000000000000162537 ) ) ;
#3886 = DIRECTION ( 'NONE',  ( 1.000000000000000000, 2.467162276944792422E-16, -0.000000000000000000 ) ) ;
#3887 = EDGE_CURVE ( 'NONE', #1086, #2169, #3364, .T. ) ;
#3888 = ORIENTED_EDGE ( 'NONE', *, *, #3240, .F. ) ;
#3889 = ORIENTED_EDGE ( 'NONE', *, *, #1991, .T. ) ;
#3890 = VECTOR ( 'NONE', #858, 1000.000000000000000 ) ;
#3891 = CARTESIAN_POINT ( 'NONE',  ( -1050.000000000000000, 940.0000000000001137, -1125.000000000000000 ) ) ;
#3892 = ORIENTED_EDGE ( 'NONE', *, *, #3845, .T. ) ;
#3893 = ORIENTED_EDGE ( 'NONE', *, *, #1306, .F. ) ;
#3894 = LINE ( 'NONE', #3208, #884 ) ;
#3895 = LINE ( 'NONE', #3916, #2805 ) ;
#3896 = DIRECTION ( 'NONE',  ( 2.960594732333750610E-16, 4.287287528375066230E-32, 1.000000000000000000 ) ) ;
#3897 = EDGE_LOOP ( 'NONE', ( #937, #2951, #2402, #2039 ) ) ;
#3898 = EDGE_CURVE ( 'NONE', #1086, #3834, #310, .T. ) ;
#3899 = CARTESIAN_POINT ( 'NONE',  ( -1049.999999999999318, 300.0000000000000568, 155.0000000000002558 ) ) ;
#3900 = FACE_BOUND ( 'NONE', #1295, .T. ) ;
#3901 = LINE ( 'NONE', #1118, #3026 ) ;
#3902 = DIRECTION ( 'NONE',  ( 0.000000000000000000, 0.000000000000000000, -1.000000000000000000 ) ) ;
#3903 = CARTESIAN_POINT ( 'NONE',  ( -1150.000000000000455, 470.0000000000000568, -914.9999999999998863 ) ) ;
#3904 = EDGE_CURVE ( 'NONE', #1736, #683, #3131, .T. ) ;
#3905 = ORIENTED_EDGE ( 'NONE', *, *, #3420, .F. ) ;
#3906 = ORIENTED_EDGE ( 'NONE', *, *, #3723, .F. ) ;
#3907 = CARTESIAN_POINT ( 'NONE',  ( 1149.999999999999773, 870.0000000000001137, -1025.000000000000000 ) ) ;
#3908 = CARTESIAN_POINT ( 'NONE',  ( -1103.090949642941496, 863.2713299711867876, 1025.000000000000909 ) ) ;
#3909 = EDGE_CURVE ( 'NONE', #3245, #3022, #2189, .T. ) ;
#3910 = ADVANCED_FACE ( 'NONE', ( #2872, #3172 ), #752, .F. ) ;
#3911 = CARTESIAN_POINT ( 'NONE',  ( -1119.999999999999773, 2359.568278279264632, -375.0000000000000000 ) ) ;
#3912 = ORIENTED_EDGE ( 'NONE', *, *, #321, .T. ) ;
#3913 = ORIENTED_EDGE ( 'NONE', *, *, #1426, .T. ) ;
#3914 = VERTEX_POINT ( 'NONE', #3789 ) ;
#3915 = DIRECTION ( 'NONE',  ( -1.000000000000000000, 0.000000000000000000, -0.000000000000000000 ) ) ;
#3916 = CARTESIAN_POINT ( 'NONE',  ( 100.0000000000000853, 970.0000000000001137, 1125.000000000000000 ) ) ;
#3917 = LINE ( 'NONE', #2530, #3945 ) ;
#3918 = DIRECTION ( 'NONE',  ( -2.960594732333750610E-16, 0.000000000000000000, -1.000000000000000000 ) ) ;
#3919 = EDGE_LOOP ( 'NONE', ( #744, #1343 ) ) ;
#3920 = CARTESIAN_POINT ( 'NONE',  ( -1150.000000000000227, 870.0000000000001137, -1124.999999999999773 ) ) ;
#3921 = VECTOR ( 'NONE', #2425, 999.9999999999998863 ) ;
#3922 = CARTESIAN_POINT ( 'NONE',  ( -1080.000000000000000, 380.0000000000000000, 7.000000000000162537 ) ) ;
#3923 = VECTOR ( 'NONE', #143, 1000.000000000000000 ) ;
#3924 = CARTESIAN_POINT ( 'NONE',  ( 1049.999999999999545, 870.0000000000001137, -1025.000000000000000 ) ) ;
#3925 = DIRECTION ( 'NONE',  ( 2.960594732333750610E-16, -0.000000000000000000, 1.000000000000000000 ) ) ;
#3926 = VERTEX_POINT ( 'NONE', #2072 ) ;
#3927 = ORIENTED_EDGE ( 'NONE', *, *, #3792, .T. ) ;
#3928 = CARTESIAN_POINT ( 'NONE',  ( 69.99999999999991473, 870.0000000000001137, -914.9999999999998863 ) ) ;
#3929 = AXIS2_PLACEMENT_3D ( 'NONE', #1776, #2711, #2731 ) ;
#3930 = CARTESIAN_POINT ( 'NONE',  ( -1149.999999999999545, 30.00000000000000000, 1125.000000000000227 ) ) ;
#3931 = CC_DESIGN_PERSON_AND_ORGANIZATION_ASSIGNMENT ( #3113, #1586, ( #1981 ) ) ;
#3932 = DIRECTION ( 'NONE',  ( 0.000000000000000000, 1.000000000000000000, 0.000000000000000000 ) ) ;
#3933 = FACE_OUTER_BOUND ( 'NONE', #3424, .T. ) ;
#3934 = AXIS2_PLACEMENT_3D ( 'NONE', #286, #1810, #614 ) ;
#3935 = ORIENTED_EDGE ( 'NONE', *, *, #2719, .F. ) ;
#3936 = CARTESIAN_POINT ( 'NONE',  ( -680.0000000000004547, 770.0000000000000000, -1125.000999999999976 ) ) ;
#3937 = EDGE_CURVE ( 'NONE', #1337, #2093, #3294, .T. ) ;
#3938 = VERTEX_POINT ( 'NONE', #2247 ) ;
#3939 = CARTESIAN_POINT ( 'NONE',  ( -50.00000000000001421, 140.0000000000000000, 1095.000000000000227 ) ) ;
#3940 = DIRECTION ( 'NONE',  ( 0.000000000000000000, -1.000000000000000000, 0.000000000000000000 ) ) ;
#3941 = LINE ( 'NONE', #1826, #2502 ) ;
#3942 = DIRECTION ( 'NONE',  ( 1.110223024625156787E-16, 0.000000000000000000, 1.000000000000000000 ) ) ;
#3943 = LINE ( 'NONE', #2391, #3867 ) ;
#3944 = ORIENTED_EDGE ( 'NONE', *, *, #1593, .T. ) ;
#3945 = VECTOR ( 'NONE', #2895, 1000.000000000000000 ) ;
#3946 = DIRECTION ( 'NONE',  ( 0.000000000000000000, -1.000000000000000000, 0.000000000000000000 ) ) ;
#3947 = CIRCLE ( 'NONE', #363, 400.0000000000000000 ) ;
#3948 = CIRCLE ( 'NONE', #3689, 400.0000000000000000 ) ;
#3949 = CARTESIAN_POINT ( 'NONE',  ( -1049.999999999999318, 1337.128181961762039, 1125.000000000000227 ) ) ;
#3950 = DIRECTION ( 'NONE',  ( 0.000000000000000000, 0.000000000000000000, -1.000000000000000000 ) ) ;
#3951 = AXIS2_PLACEMENT_3D ( 'NONE', #3190, #1041, #3857 ) ;
#3952 = CARTESIAN_POINT ( 'NONE',  ( -30.00000000000009237, 500.0000000000000000, -914.9999999999998863 ) ) ;
#3953 = ORIENTED_EDGE ( 'NONE', *, *, #2743, .T. ) ;
#3954 = EDGE_LOOP ( 'NONE', ( #3001, #1795, #209, #2149 ) ) ;
#3955 = LINE ( 'NONE', #965, #2056 ) ;
#3956 = ORIENTED_EDGE ( 'NONE', *, *, #1633, .F. ) ;
#3957 = CARTESIAN_POINT ( 'NONE',  ( 519.9999999999994316, 725.7685167991344315, -594.9999999999998863 ) ) ;
#3958 = ORIENTED_EDGE ( 'NONE', *, *, #1997, .F. ) ;
#3959 = ORIENTED_EDGE ( 'NONE', *, *, #3853, .T. ) ;
#3960 = ORIENTED_EDGE ( 'NONE', *, *, #2087, .T. ) ;
#3961 = CARTESIAN_POINT ( 'NONE',  ( 1049.999999999999773, 170.0000000000000000, 1025.000000000000455 ) ) ;
#3962 = DIRECTION ( 'NONE',  ( -0.000000000000000000, -0.000000000000000000, -1.000000000000000000 ) ) ;
#3963 = DIRECTION ( 'NONE',  ( -0.000000000000000000, 0.000000000000000000, 1.000000000000000000 ) ) ;
#3964 = LINE ( 'NONE', #3091, #1526 ) ;
#3965 = CARTESIAN_POINT ( 'NONE',  ( -1050.000000000000000, 170.0000000000000000, -1124.999999999999773 ) ) ;
#3966 = ORIENTED_EDGE ( 'NONE', *, *, #1216, .T. ) ;
#3967 = DIRECTION ( 'NONE',  ( -9.868649107779168700E-17, 0.000000000000000000, -1.000000000000000000 ) ) ;
#3968 = FACE_OUTER_BOUND ( 'NONE', #472, .T. ) ;
#3969 = CARTESIAN_POINT ( 'NONE',  ( -1132.635182233306296, 868.4807753012006515, 1025.000000000000909 ) ) ;
#3970 = VERTEX_POINT ( 'NONE', #1388 ) ;
#3971 = PLANE ( 'NONE',  #1159 ) ;
#3972 = CARTESIAN_POINT ( 'NONE',  ( 99.99999999999994316, 870.0000000000001137, -345.0000000000000000 ) ) ;
#3973 = VERTEX_POINT ( 'NONE', #1134 ) ;
#3974 = EDGE_LOOP ( 'NONE', ( #2159, #2906, #1384, #724 ) ) ;
#3975 = ORIENTED_EDGE ( 'NONE', *, *, #3698, .T. ) ;
#3976 = LINE ( 'NONE', #1160, #3725 ) ;
#3977 = CARTESIAN_POINT ( 'NONE',  ( -1149.999999999999545, 1770.000000000000000, 125.0000000000003268 ) ) ;
#3978 = LINE ( 'NONE', #597, #2823 ) ;
#3979 = DIRECTION ( 'NONE',  ( -0.000000000000000000, -0.000000000000000000, -1.000000000000000000 ) ) ;
#3980 = CARTESIAN_POINT ( 'NONE',  ( -550.0000000000003411, -0.000000000000000000, 125.0000000000002274 ) ) ;
#3981 = ADVANCED_FACE ( 'NONE', ( #3837 ), #3481, .T. ) ;
#3982 = VERTEX_POINT ( 'NONE', #3193 ) ;
#3983 = LINE ( 'NONE', #2114, #279 ) ;
#3984 = EDGE_CURVE ( 'NONE', #2609, #1800, #108, .T. ) ;
#3985 = EDGE_CURVE ( 'NONE', #919, #3566, #235, .T. ) ;
#3986 = DIRECTION ( 'NONE',  ( 1.000000000000000000, 1.486905836551548832E-16, 0.000000000000000000 ) ) ;
#3987 = DIRECTION ( 'NONE',  ( 1.000000000000000000, 1.448116988641509292E-16, 0.000000000000000000 ) ) ;
#3988 = FACE_BOUND ( 'NONE', #2857, .T. ) ;
#3989 = AXIS2_PLACEMENT_3D ( 'NONE', #1916, #3513, #3163 ) ;
#3990 = EDGE_LOOP ( 'NONE', ( #1392, #2751, #1906, #1341 ) ) ;
#3991 = CARTESIAN_POINT ( 'NONE',  ( -970.0000000000001137, 470.0000000000000000, -595.0000000000000000 ) ) ;
#3992 = CARTESIAN_POINT ( 'NONE',  ( -1049.999999999999318, 170.0000000000000000, 1125.000000000000227 ) ) ;
#3993 = CIRCLE ( 'NONE', #2759, 32.49999999999997158 ) ;
#3994 = ORIENTED_EDGE ( 'NONE', *, *, #1702, .F. ) ;
#3995 = ORIENTED_EDGE ( 'NONE', *, *, #1125, .T. ) ;
#3996 = CIRCLE ( 'NONE', #2229, 100.0000000000000853 ) ;
#3997 = CARTESIAN_POINT ( 'NONE',  ( -1149.999999999999545, 769.9999999999797637, 125.0000000000003268 ) ) ;
#3998 = LOCAL_TIME ( 14, 14, 1.000000000000000000, #966 ) ;
#3999 = PLANE ( 'NONE',  #98 ) ;
#4000 = ADVANCED_FACE ( 'NONE', ( #3456 ), #1370, .F. ) ;
#4001 = CARTESIAN_POINT ( 'NONE',  ( 1149.999999999999773, 970.0000000000001137, -1125.000000000000000 ) ) ;
#4002 = AXIS2_PLACEMENT_3D ( 'NONE', #2724, #836, #3314 ) ;
#4003 = CARTESIAN_POINT ( 'NONE',  ( -1149.999999999999773, 769.9999999999797637, 125.0000000000003268 ) ) ;
#4004 = DIRECTION ( 'NONE',  ( 1.586032892321652236E-16, 0.000000000000000000, 1.000000000000000000 ) ) ;
#4005 = PLANE ( 'NONE',  #555 ) ;
#4006 =( BOUNDED_CURVE ( )  B_SPLINE_CURVE ( 3, ( #1230, #2175, #1249, #2474 ),
 .UNSPECIFIED., .F., .F. ) 
 B_SPLINE_CURVE_WITH_KNOTS ( ( 4, 4 ),
 ( 9.654113257610055373E-17, 1.570796326794896780 ),
 .UNSPECIFIED. ) 
 CURVE ( )  GEOMETRIC_REPRESENTATION_ITEM ( )  RATIONAL_B_SPLINE_CURVE ( ( 1.000000000000000000, 0.8047378541243649375, 0.8047378541243649375, 1.000000000000000000 ) ) 
 REPRESENTATION_ITEM ( '' )  );
#4007 = AXIS2_PLACEMENT_3D ( 'NONE', #1875, #48, #340 ) ;
#4008 = VECTOR ( 'NONE', #1176, 1000.000000000000000 ) ;
#4009 = AXIS2_PLACEMENT_3D ( 'NONE', #1969, #3860, #1947 ) ;
#4010 = CARTESIAN_POINT ( 'NONE',  ( -1150.000000000000455, 2359.568278279264632, -345.0000000000000000 ) ) ;
#4011 = CARTESIAN_POINT ( 'NONE',  ( 100.0000000000000853, 170.0000000000000000, 1025.000000000000000 ) ) ;
#4012 = EDGE_CURVE ( 'NONE', #403, #2302, #1946, .T. ) ;
#4013 = CARTESIAN_POINT ( 'NONE',  ( 1150.000000000000000, 100.0000000000000000, 1025.000000000000455 ) ) ;
#4014 = EDGE_CURVE ( 'NONE', #2877, #3168, #1684, .T. ) ;
#4015 = ORIENTED_EDGE ( 'NONE', *, *, #3698, .F. ) ;
#4016 = CARTESIAN_POINT ( 'NONE',  ( -930.1405309694780499, 1670.000000000000000, 155.0000000000003126 ) ) ;
#4017 = AXIS2_PLACEMENT_3D ( 'NONE', #3221, #2577, #1084 ) ;
ENDSEC;
END-ISO-10303-21;
